<?xml version="1.0" encoding="UTF-8"?>
<kml xmlns="http://www.opengis.net/kml/2.2" xmlns:gx="http://www.google.com/kml/ext/2.2" xmlns:kml="http://www.opengis.net/kml/2.2" xmlns:atom="http://www.w3.org/2005/Atom">
<Document id="root_doc">
	<name>CREVOUX_personne_morale</name>
	<visibility>0</visibility>
	<atom:link rel="app" href="https://www.google.com/earth/about/versions/#earth-pro" title="Google Earth Pro 7.3.6.10201"></atom:link>
	<Document id="parcelles-des-personnes-morales_05_groupe_personne_0">
		<name>CREVOUX_personne_morale</name>
		<visibility>0</visibility>
		<Schema name="CREVOUX_personne_morale" id="CREVOUX_personne_morale.schema">
			<SimpleField type="string" name="Numero de Parcelle"></SimpleField>
			<SimpleField type="string" name="Departement"></SimpleField>
			<SimpleField type="string" name="Commune"></SimpleField>
			<SimpleField type="string" name="Adresse"></SimpleField>
			<SimpleField type="string" name="Groupe de personne"></SimpleField>
			<SimpleField type="string" name="Forme Juridique Abregee"></SimpleField>
			<SimpleField type="string" name="Denomination"></SimpleField>
		</Schema>
		<Style id="personne_morale">
			<LineStyle>
				<color>BF0000ff</color>
				<width>1.5</width>
			</LineStyle>
			<PolyStyle>
				<color>4C0000ff</color>
				<fill>1</fill>
				<outline>1</outline>
			</PolyStyle>
		</Style>
		<Placemark id="parcelles-des-personnes-morales_05_groupe_personne_0.51">
		<styleUrl>#personne_morale</styleUrl>			<visibility>0</visibility>
			<ExtendedData>
				<SchemaData schemaUrl="#parcelles-des-personnes-morales_05_groupe_personne_0.schema">
					<SimpleData name="Numero de Parcelle">050440000E1026</SimpleData>
					<SimpleData name="Departement">05</SimpleData>
					<SimpleData name="Commune">CREVOUX</SimpleData>
					<SimpleData name="Adresse">LE VILLAGE</SimpleData>
					<SimpleData name="Groupe de personne">Personnes morales non remarquables</SimpleData>
					<SimpleData name="Forme Juridique Abregee">AUPM</SimpleData>
					<SimpleData name="Denomination">JEUNESSE ET AVENIR POUR LACTION EDUCATIVE ET SOCIALE DES JE</SimpleData>
				</SchemaData>
			</ExtendedData>
	<Region>
		<LatLonAltBox>
			<north> 44.5479494669516 </north>
			<south> 44.5477817787735 </south>
			<east> 6.60725697413024 </east>
			<west> 6.606959889036241 </west>
		</LatLonAltBox>
		<Lod>
			<minLodPixels>100</minLodPixels>
			<maxLodPixels>-1</maxLodPixels>
		</Lod>
	</Region>
			<Polygon><altitudeMode>relativeToGround</altitudeMode>
				<outerBoundaryIs>
					<LinearRing>
						<coordinates>							6.60725697413024,44.5478899870811,0 6.60716936450208,44.5478225595235,0 6.6071602366923,44.5478256515521,0 6.60708812120432,44.5477817787735,0 6.60704413281723,44.5477934901043,0 6.606959889036241,44.5478496835303,0 6.60705243970612,44.5478918970963,0 6.607174200698539,44.5479494669516,0 6.60721492451574,44.5479201992822,0 6.60725697413024,44.5478899870811,0 
						</coordinates>
					</LinearRing>
				</outerBoundaryIs>
			</Polygon>
		</Placemark>
		<Placemark id="parcelles-des-personnes-morales_05_groupe_personne_0.566">
		<styleUrl>#personne_morale</styleUrl>			<visibility>0</visibility>
			<ExtendedData>
				<SchemaData schemaUrl="#parcelles-des-personnes-morales_05_groupe_personne_0.schema">
					<SimpleData name="Numero de Parcelle">050440000C0161</SimpleData>
					<SimpleData name="Departement">05</SimpleData>
					<SimpleData name="Commune">CREVOUX</SimpleData>
					<SimpleData name="Adresse">JAFFEUIL</SimpleData>
					<SimpleData name="Groupe de personne">Personnes morales non remarquables</SimpleData>
					<SimpleData name="Forme Juridique Abregee">SC</SimpleData>
					<SimpleData name="Denomination">SOCIETE CIVILE COLBER</SimpleData>
				</SchemaData>
			</ExtendedData>
	<Region>
		<LatLonAltBox>
			<north> 44.5128317850033 </north>
			<south> 44.5117627997853 </south>
			<east> 6.65364451086212 </east>
			<west> 6.65241510907472 </west>
		</LatLonAltBox>
		<Lod>
			<minLodPixels>100</minLodPixels>
			<maxLodPixels>-1</maxLodPixels>
		</Lod>
	</Region>
			<Polygon><altitudeMode>relativeToGround</altitudeMode>
				<outerBoundaryIs>
					<LinearRing>
						<coordinates>							6.65250411042415,44.5117627997853,0 6.65241510907472,44.5119756334595,0 6.65266734580549,44.5128317850033,0 6.65280023986003,44.5128301767261,0 6.65293250205472,44.512820748912,0 6.65306327587787,44.5128038904088,0 6.653215765889181,44.5127742364555,0 6.6533113432011,44.5127233974304,0 6.653400126848901,44.5126668355708,0 6.65348150008748,44.5126047515635,0 6.65355473796197,44.5125376200366,0 6.65361951001022,44.5124661729038,0 6.65364451086212,44.5124340734533,0 6.65250411042415,44.5117627997853,0 
						</coordinates>
					</LinearRing>
				</outerBoundaryIs>
			</Polygon>
		</Placemark>
		<Placemark id="parcelles-des-personnes-morales_05_groupe_personne_0.1078">
		<styleUrl>#personne_morale</styleUrl>			<visibility>0</visibility>
			<ExtendedData>
				<SchemaData schemaUrl="#parcelles-des-personnes-morales_05_groupe_personne_0.schema">
					<SimpleData name="Numero de Parcelle">050440000B0274</SimpleData>
					<SimpleData name="Departement">05</SimpleData>
					<SimpleData name="Commune">CREVOUX</SimpleData>
					<SimpleData name="Adresse">LA CHALP</SimpleData>
					<SimpleData name="Groupe de personne">Personnes morales non remarquables</SimpleData>
					<SimpleData name="Forme Juridique Abregee">SCI</SimpleData>
					<SimpleData name="Denomination">LA MAISON DU PAPI ET DE LA MAMIE</SimpleData>
				</SchemaData>
			</ExtendedData>
	<Region>
		<LatLonAltBox>
			<north> 44.5478387192297 </north>
			<south> 44.5477905158134 </south>
			<east> 6.621283319695469 </east>
			<west> 6.62116748588411 </west>
		</LatLonAltBox>
		<Lod>
			<minLodPixels>100</minLodPixels>
			<maxLodPixels>-1</maxLodPixels>
		</Lod>
	</Region>
			<Polygon><altitudeMode>relativeToGround</altitudeMode>
				<outerBoundaryIs>
					<LinearRing>
						<coordinates>							6.62127428261707,44.5477905158134,0 6.6211723051245,44.5478018829996,0 6.62116748588411,44.5478387192297,0 6.62120955525016,44.5478344548415,0 6.621283319695469,44.5478272577827,0 6.62127718228135,44.5478023162443,0 6.62127428261707,44.5477905158134,0 
						</coordinates>
					</LinearRing>
				</outerBoundaryIs>
			</Polygon>
		</Placemark>
		<Placemark id="parcelles-des-personnes-morales_05_groupe_personne_0.1126">
		<styleUrl>#personne_morale</styleUrl>			<visibility>0</visibility>
			<ExtendedData>
				<SchemaData schemaUrl="#parcelles-des-personnes-morales_05_groupe_personne_0.schema">
					<SimpleData name="Numero de Parcelle">050440000B0287</SimpleData>
					<SimpleData name="Departement">05</SimpleData>
					<SimpleData name="Commune">CREVOUX</SimpleData>
					<SimpleData name="Adresse">LA CHALP</SimpleData>
					<SimpleData name="Groupe de personne">Personnes morales non remarquables</SimpleData>
					<SimpleData name="Forme Juridique Abregee">SC</SimpleData>
					<SimpleData name="Denomination">SOCIETE CIVILE COLBER</SimpleData>
				</SchemaData>
			</ExtendedData>
	<Region>
		<LatLonAltBox>
			<north> 44.5482522970413 </north>
			<south> 44.5480181660778 </south>
			<east> 6.62099049689467 </east>
			<west> 6.62051340106216 </west>
		</LatLonAltBox>
		<Lod>
			<minLodPixels>100</minLodPixels>
			<maxLodPixels>-1</maxLodPixels>
		</Lod>
	</Region>
			<Polygon><altitudeMode>relativeToGround</altitudeMode>
				<outerBoundaryIs>
					<LinearRing>
						<coordinates>							6.62051340106216,44.5480345610472,0 6.62058498931023,44.5480582562596,0 6.62056446992567,44.5481764435408,0 6.62062137604501,44.5482050362674,0 6.62068290280318,44.5482270789658,0 6.62078815604106,44.5482431809132,0 6.620905815291611,44.5482522970413,0 6.62099049689467,44.5482423988817,0 6.62098739191172,44.5481841943444,0 6.62092920532719,44.5480237108922,0 6.620908686102669,44.5480181660778,0 6.62051340106216,44.5480345610472,0 
						</coordinates>
					</LinearRing>
				</outerBoundaryIs>
			</Polygon>
		</Placemark>
		<Placemark id="parcelles-des-personnes-morales_05_groupe_personne_0.1882">
		<styleUrl>#personne_morale</styleUrl>			<visibility>0</visibility>
			<ExtendedData>
				<SchemaData schemaUrl="#parcelles-des-personnes-morales_05_groupe_personne_0.schema">
					<SimpleData name="Numero de Parcelle">050440000B0576</SimpleData>
					<SimpleData name="Departement">05</SimpleData>
					<SimpleData name="Commune">CREVOUX</SimpleData>
					<SimpleData name="Adresse">LES ROUBOUX</SimpleData>
					<SimpleData name="Groupe de personne">Personnes morales non remarquables</SimpleData>
					<SimpleData name="Forme Juridique Abregee">SC</SimpleData>
					<SimpleData name="Denomination">SOCIETE CIVILE COLBER</SimpleData>
				</SchemaData>
			</ExtendedData>
	<Region>
		<LatLonAltBox>
			<north> 44.5466119576746 </north>
			<south> 44.546440912726 </south>
			<east> 6.63381262335244 </east>
			<west> 6.63354131293962 </west>
		</LatLonAltBox>
		<Lod>
			<minLodPixels>100</minLodPixels>
			<maxLodPixels>-1</maxLodPixels>
		</Lod>
	</Region>
			<Polygon><altitudeMode>relativeToGround</altitudeMode>
				<outerBoundaryIs>
					<LinearRing>
						<coordinates>							6.63381262335244,44.5465162388501,0 6.63366171682652,44.546440912726,0 6.63354131293962,44.546518324489,0 6.63371645989169,44.5466119576746,0 6.63381262335244,44.5465162388501,0 
						</coordinates>
					</LinearRing>
				</outerBoundaryIs>
			</Polygon>
		</Placemark>
		<Placemark id="parcelles-des-personnes-morales_05_groupe_personne_0.2282">
		<styleUrl>#personne_morale</styleUrl>			<visibility>0</visibility>
			<ExtendedData>
				<SchemaData schemaUrl="#parcelles-des-personnes-morales_05_groupe_personne_0.schema">
					<SimpleData name="Numero de Parcelle">050440000C0082</SimpleData>
					<SimpleData name="Departement">05</SimpleData>
					<SimpleData name="Commune">CREVOUX</SimpleData>
					<SimpleData name="Adresse">JAFFEUIL</SimpleData>
					<SimpleData name="Groupe de personne">Personnes morales non remarquables</SimpleData>
					<SimpleData name="Forme Juridique Abregee">GAEC</SimpleData>
					<SimpleData name="Denomination">PASCAL</SimpleData>
				</SchemaData>
			</ExtendedData>
	<Region>
		<LatLonAltBox>
			<north> 44.5154348901727 </north>
			<south> 44.5143515064348 </south>
			<east> 6.650927892216041 </east>
			<west> 6.649457118540201 </west>
		</LatLonAltBox>
		<Lod>
			<minLodPixels>100</minLodPixels>
			<maxLodPixels>-1</maxLodPixels>
		</Lod>
	</Region>
			<Polygon><altitudeMode>relativeToGround</altitudeMode>
				<outerBoundaryIs>
					<LinearRing>
						<coordinates>							6.650927892216041,44.5145882094704,0 6.650570132000719,44.5143515064348,0 6.65045947820256,44.5145081904324,0 6.65001716663798,44.5147637174616,0 6.649457118540201,44.5150918091047,0 6.64985739960508,44.5154348901727,0 6.650098438350859,44.5152571293482,0 6.650927892216041,44.5145882094704,0 
						</coordinates>
					</LinearRing>
				</outerBoundaryIs>
			</Polygon>
		</Placemark>
		<Placemark id="parcelles-des-personnes-morales_05_groupe_personne_0.2475">
		<styleUrl>#personne_morale</styleUrl>			<visibility>0</visibility>
			<ExtendedData>
				<SchemaData schemaUrl="#parcelles-des-personnes-morales_05_groupe_personne_0.schema">
					<SimpleData name="Numero de Parcelle">050440000C0098</SimpleData>
					<SimpleData name="Departement">05</SimpleData>
					<SimpleData name="Commune">CREVOUX</SimpleData>
					<SimpleData name="Adresse">JAFFEUIL</SimpleData>
					<SimpleData name="Groupe de personne">Personnes morales non remarquables</SimpleData>
					<SimpleData name="Forme Juridique Abregee">SC</SimpleData>
					<SimpleData name="Denomination">SOCIETE CIVILE COLBER</SimpleData>
				</SchemaData>
			</ExtendedData>
	<Region>
		<LatLonAltBox>
			<north> 44.5158442359215 </north>
			<south> 44.5150547448901 </south>
			<east> 6.655350935271489 </east>
			<west> 6.654117226612981 </west>
		</LatLonAltBox>
		<Lod>
			<minLodPixels>100</minLodPixels>
			<maxLodPixels>-1</maxLodPixels>
		</Lod>
	</Region>
			<Polygon><altitudeMode>relativeToGround</altitudeMode>
				<outerBoundaryIs>
					<LinearRing>
						<coordinates>							6.654946703519231,44.5158182228407,0 6.655350935271489,44.515379374566,0 6.654998972191901,44.5151703395463,0 6.65474525597712,44.5150547448901,0 6.65446013391614,44.5153801496584,0 6.654184079879939,44.5157094887315,0 6.654117226612981,44.5157916391552,0 6.65443800672507,44.5157991236126,0 6.654716509844889,44.5158442359215,0 6.65481412775547,44.5158384774942,0 6.65491038267861,44.5158252843001,0 6.654946703519231,44.5158182228407,0 
						</coordinates>
					</LinearRing>
				</outerBoundaryIs>
			</Polygon>
		</Placemark>
		<Placemark id="parcelles-des-personnes-morales_05_groupe_personne_0.2792">
		<styleUrl>#personne_morale</styleUrl>			<visibility>0</visibility>
			<ExtendedData>
				<SchemaData schemaUrl="#parcelles-des-personnes-morales_05_groupe_personne_0.schema">
					<SimpleData name="Numero de Parcelle">050440000A0001</SimpleData>
					<SimpleData name="Departement">05</SimpleData>
					<SimpleData name="Commune">CREVOUX</SimpleData>
					<SimpleData name="Adresse">CHAMP ROND</SimpleData>
					<SimpleData name="Groupe de personne">Personnes morales non remarquables</SimpleData>
					<SimpleData name="Forme Juridique Abregee">SARL</SimpleData>
					<SimpleData name="Denomination">SOCIETE HYDROELECTRIQUE DE CREVOUX</SimpleData>
				</SchemaData>
			</ExtendedData>
	<Region>
		<LatLonAltBox>
			<north> 44.5636744226384 </north>
			<south> 44.5574543326975 </south>
			<east> 6.56117952234516 </east>
			<west> 6.557536210337881 </west>
		</LatLonAltBox>
		<Lod>
			<minLodPixels>100</minLodPixels>
			<maxLodPixels>-1</maxLodPixels>
		</Lod>
	</Region>
			<Polygon><altitudeMode>relativeToGround</altitudeMode>
				<outerBoundaryIs>
					<LinearRing>
						<coordinates>							6.558989202279419,44.5581657687803,0 6.55900465355153,44.5581829331134,0 6.55896036377939,44.558294031625,0 6.55890494652517,44.5583845821937,0 6.55881272997119,44.5585371471619,0 6.55879584137255,44.558559139177,0 6.55874715227352,44.5586164905157,0 6.55869442760276,44.5586718091883,0 6.55863029194348,44.5586101656754,0 6.558593486088611,44.5586620873253,0 6.55854512669,44.5587226720871,0 6.55849223424662,44.5587813303307,0 6.55839437410045,44.5588744205684,0 6.55848736783737,44.5589659532074,0 6.55855175082585,44.5590594896573,0 6.55857720188302,44.5591112963718,0 6.5585721523907,44.5591591301712,0 6.55855588795402,44.559213002835,0 6.558534386841369,44.5592657827259,0 6.55851511706945,44.5593039821066,0 6.55832505796314,44.5595979381156,0 6.55823261998342,44.5596950887929,0 6.558195499429921,44.5597340438419,0 6.5581787096655,44.5597516169184,0 6.55780658915993,44.5601466931323,0 6.55777280292804,44.5601825667399,0 6.55778238829533,44.560210644071,0 6.55778697616868,44.5602394231887,0 6.5577867407503,44.5602636717909,0 6.55775515130208,44.560330384124,0 6.55758667985744,44.5605030686121,0 6.55755639732621,44.5605405414025,0 6.557536210337881,44.5605702092088,0 6.557541036365391,44.5606247536351,0 6.55756547678891,44.5606845233303,0 6.557611162849411,44.5607573958502,0 6.55773624247497,44.5609219698025,0 6.557784757269319,44.5610097102318,0 6.55783512157555,44.5611147832865,0 6.557886571182579,44.5612670417784,0 6.557902419387989,44.5613364604041,0 6.55791299008656,44.56140613927,0 6.55791830027422,44.5614763481751,0 6.55791888609116,44.561493631437,0 6.55791294902492,44.561587362551,0 6.557897084333609,44.5616396001661,0 6.55788643378328,44.5616925708538,0 6.557880897928671,44.5617506934738,0 6.55788190363111,44.5618525815201,0 6.55789210857257,44.5618884789358,0 6.55792964161401,44.5619519718744,0 6.55797185842278,44.5620137818583,0 6.558018896146839,44.5620740846921,0 6.558031953473771,44.5620892537319,0 6.558171911883379,44.5622258625856,0 6.55822958933538,44.5622889763875,0 6.558282863162981,44.5623542146699,0 6.558309724186341,44.5623903861368,0 6.55841216764577,44.5625537068325,0 6.55847805704566,44.5627070316612,0 6.5585047828186,44.5627970063625,0 6.5585263766025,44.5628475858485,0 6.5585529341169,44.562896923914,0 6.55858443268112,44.562944660825,0 6.55859971765663,44.5629651649191,0 6.558672878941181,44.5630539128113,0 6.558783206409631,44.5631543488486,0 6.55891882277386,44.5632580245828,0 6.559050315792159,44.5633642662455,0 6.55912233135082,44.5634248446931,0 6.55921222388739,44.5635150353234,0 6.55933043245123,44.5636744226384,0 6.559344198250191,44.5636568567842,0 6.55935332758164,44.563637728248,0 6.559356985273751,44.5636177848874,0 6.55935546264347,44.5635976481172,0 6.559346965473809,44.5635748525626,0 6.559304138102289,44.5634814321308,0 6.55912436261589,44.5631413660335,0 6.55899203635496,44.5629280040731,0 6.55892648631635,44.5628020636364,0 6.55888413522974,44.5626961918246,0 6.55887244992623,44.5626228541747,0 6.55885538390483,44.5625501405973,0 6.55882951730223,44.5624677980845,0 6.558770042224149,44.562338237344,0 6.55876665782203,44.5623025706456,0 6.5587746928534,44.5622301291239,0 6.558790363793589,44.5621868190224,0 6.55878968049142,44.5621580041217,0 6.5587777054355,44.5621160359909,0 6.55876061829758,44.5620749536121,0 6.5587362078525,44.56203167424,0 6.55872003112448,44.5619650598448,0 6.55873687946799,44.5618764738604,0 6.55875858441483,44.5618408993689,0 6.5588528606154,44.5617548632886,0 6.558877926991661,44.5617086368836,0 6.55888055433288,44.5616563753499,0 6.55884675937549,44.5615242744834,0 6.558853574816151,44.56146647099,0 6.55890098407148,44.5613308506071,0 6.55893073790461,44.5612630255827,0 6.55896511089348,44.5611964934502,0 6.55901072841153,44.5611223894875,0 6.55903521244015,44.5610269788232,0 6.55907484318996,44.5609299082278,0 6.55911970493139,44.5608338404345,0 6.559169912082049,44.5607385915155,0 6.5591701348616,44.5606921749106,0 6.55916506315076,44.5606457488096,0 6.55915316673709,44.5605950370194,0 6.55918777387491,44.5605042562279,0 6.55921167013034,44.5604874450895,0 6.55924067771122,44.5604357746955,0 6.559256398976049,44.560381288603,0 6.55925517448289,44.5602539950733,0 6.559247247518281,44.5602002716009,0 6.559233934379979,44.5601470822863,0 6.55922245870733,44.5601130282888,0 6.5592148118626,44.5600477610197,0 6.55921912031146,44.5599122688157,0 6.55924433681291,44.5597785354791,0 6.5592893788029,44.559697330843,0 6.55932386936283,44.5596566579105,0 6.55936278414547,44.5596181852852,0 6.55940587724685,44.5595820110082,0 6.55945291411299,44.5595484129847,0 6.55950365451835,44.559517579188,0 6.55954036442094,44.5594981018295,0 6.55970584093521,44.5594359020528,0 6.559967981374191,44.5593515697826,0 6.560179968185239,44.5592414596294,0 6.560240930528851,44.559198851089,0 6.560297960299781,44.5591538461411,0 6.56035092036375,44.5591062689851,0 6.56036444833443,44.5590929460854,0 6.5604220104748,44.5590583772795,0 6.56048304161166,44.5590268505695,0 6.560546804064159,44.5589986600942,0 6.560570038297101,44.5589893495733,0 6.5606906671362,44.5589714900037,0 6.560884070822379,44.5589584014366,0 6.56117952234516,44.5589505807992,0 6.56064055788932,44.5581835156918,0 6.56063967903157,44.558229502881,0 6.560634936311211,44.5584339474299,0 6.560610252589519,44.5584502436167,0 6.56069973750676,44.5585320650945,0 6.56052284350725,44.5586389715601,0 6.56040138007452,44.5587314734145,0 6.560073076447681,44.5590076338633,0 6.55992613848616,44.559103930683,0 6.55978811383263,44.5590558453561,0 6.559638110440751,44.559021663513,0 6.559497781357639,44.5589869892326,0 6.55961016957795,44.5588664849105,0 6.55969058147294,44.5587545814974,0 6.559878742206239,44.5586324439832,0 6.55987228368275,44.5586279663052,0 6.55994941940575,44.5584421836674,0 6.56004899519754,44.5582564881696,0 6.560223600842731,44.5579815010704,0 6.56023554828411,44.5579730953984,0 6.56028486312985,44.5574543326975,0 6.560244691435431,44.5574588727545,0 6.5600228605696,44.557532713896,0 6.55965910110806,44.5576823234546,0 6.559415691350071,44.557803719271,0 6.559274893404,44.5578814337012,0 6.559216232788591,44.5579185605616,0 6.559152285330721,44.5579637880278,0 6.55909201855346,44.558011419987,0 6.558963985199109,44.5580916961647,0 6.559007289036659,44.5581367992191,0 6.558989202279419,44.5581657687803,0 
						</coordinates>
					</LinearRing>
				</outerBoundaryIs>
			</Polygon>
		</Placemark>
		<Placemark id="parcelles-des-personnes-morales_05_groupe_personne_0.3108">
		<styleUrl>#personne_morale</styleUrl>			<visibility>0</visibility>
			<ExtendedData>
				<SchemaData schemaUrl="#parcelles-des-personnes-morales_05_groupe_personne_0.schema">
					<SimpleData name="Numero de Parcelle">050440000B1003</SimpleData>
					<SimpleData name="Departement">05</SimpleData>
					<SimpleData name="Commune">CREVOUX</SimpleData>
					<SimpleData name="Adresse">LA CHALP</SimpleData>
					<SimpleData name="Groupe de personne">Personnes morales non remarquables</SimpleData>
					<SimpleData name="Forme Juridique Abregee">SCI</SimpleData>
					<SimpleData name="Denomination">TELEMAK</SimpleData>
				</SchemaData>
			</ExtendedData>
	<Region>
		<LatLonAltBox>
			<north> 44.5476293520875 </north>
			<south> 44.5475185299127 </south>
			<east> 6.620226161440111 </east>
			<west> 6.61985801881466 </west>
		</LatLonAltBox>
		<Lod>
			<minLodPixels>100</minLodPixels>
			<maxLodPixels>-1</maxLodPixels>
		</Lod>
	</Region>
			<Polygon><altitudeMode>relativeToGround</altitudeMode>
				<outerBoundaryIs>
					<LinearRing>
						<coordinates>							6.62003839640279,44.5476058634338,0 6.62020164249953,44.5476262814452,0 6.620226161440111,44.5476293520875,0 6.62022363188791,44.5475761753028,0 6.61987110976337,44.5475185299127,0 6.61985801881466,44.5475855566033,0 6.62003839640279,44.5476058634338,0 
						</coordinates>
					</LinearRing>
				</outerBoundaryIs>
			</Polygon>
		</Placemark>
		<Placemark id="parcelles-des-personnes-morales_05_groupe_personne_0.3147">
		<styleUrl>#personne_morale</styleUrl>			<visibility>0</visibility>
			<ExtendedData>
				<SchemaData schemaUrl="#parcelles-des-personnes-morales_05_groupe_personne_0.schema">
					<SimpleData name="Numero de Parcelle">050440000B1005</SimpleData>
					<SimpleData name="Departement">05</SimpleData>
					<SimpleData name="Commune">CREVOUX</SimpleData>
					<SimpleData name="Adresse">LA CHALP</SimpleData>
					<SimpleData name="Groupe de personne">Personnes morales non remarquables</SimpleData>
					<SimpleData name="Forme Juridique Abregee">SCI</SimpleData>
					<SimpleData name="Denomination">TELEMAK</SimpleData>
				</SchemaData>
			</ExtendedData>
	<Region>
		<LatLonAltBox>
			<north> 44.5476812320518 </north>
			<south> 44.5476262814452 </south>
			<east> 6.620228672512181 </east>
			<west> 6.62020164249953 </west>
		</LatLonAltBox>
		<Lod>
			<minLodPixels>100</minLodPixels>
			<maxLodPixels>-1</maxLodPixels>
		</Lod>
	</Region>
			<Polygon><altitudeMode>relativeToGround</altitudeMode>
				<outerBoundaryIs>
					<LinearRing>
						<coordinates>							6.62020164249953,44.5476262814452,0 6.620205041959881,44.5476812320518,0 6.620228672512181,44.5476802765281,0 6.620226161440111,44.5476293520875,0 6.62020164249953,44.5476262814452,0 
						</coordinates>
					</LinearRing>
				</outerBoundaryIs>
			</Polygon>
		</Placemark>
		<Placemark id="parcelles-des-personnes-morales_05_groupe_personne_0.3691">
		<styleUrl>#personne_morale</styleUrl>			<visibility>0</visibility>
			<ExtendedData>
				<SchemaData schemaUrl="#parcelles-des-personnes-morales_05_groupe_personne_0.schema">
					<SimpleData name="Numero de Parcelle">050440000E1022</SimpleData>
					<SimpleData name="Departement">05</SimpleData>
					<SimpleData name="Commune">CREVOUX</SimpleData>
					<SimpleData name="Adresse">LE VILLAGE</SimpleData>
					<SimpleData name="Groupe de personne">Personnes morales non remarquables</SimpleData>
					<SimpleData name="Forme Juridique Abregee">AUPM</SimpleData>
					<SimpleData name="Denomination">JEUNESSE ET AVENIR POUR LACTION EDUCATIVE ET SOCIALE DES JE</SimpleData>
				</SchemaData>
			</ExtendedData>
	<Region>
		<LatLonAltBox>
			<north> 44.5479716243959 </north>
			<south> 44.5476698205717 </south>
			<east> 6.607540933500699 </east>
			<west> 6.60717759478479 </west>
		</LatLonAltBox>
		<Lod>
			<minLodPixels>100</minLodPixels>
			<maxLodPixels>-1</maxLodPixels>
		</Lod>
	</Region>
			<Polygon><altitudeMode>relativeToGround</altitudeMode>
				<outerBoundaryIs>
					<LinearRing>
						<coordinates>							6.60748133949205,44.5477665809126,0 6.60742266613351,44.5477161408991,0 6.60748044512004,44.5476816294411,0 6.60745742799889,44.5476724690259,0 6.60741163960185,44.5476698205717,0 6.60738505391696,44.5476718612469,0 6.60735960148904,44.5476778300325,0 6.607189189578481,44.5477620734885,0 6.60717759478479,44.5477719148524,0 6.60718790972422,44.547795278527,0 6.60732932910945,44.5479001480223,0 6.607318899176219,44.5479065268591,0 6.60738405458149,44.5479716243959,0 6.60744077096187,44.5479224585656,0 6.607455835270961,44.5479274632349,0 6.60750041990384,44.547873827651,0 6.607540933500699,44.547817621622,0 6.60748133949205,44.5477665809126,0 
						</coordinates>
					</LinearRing>
				</outerBoundaryIs>
			</Polygon>
		</Placemark>
		<Placemark id="parcelles-des-personnes-morales_05_groupe_personne_0.3947">
		<styleUrl>#personne_morale</styleUrl>			<visibility>0</visibility>
			<ExtendedData>
				<SchemaData schemaUrl="#parcelles-des-personnes-morales_05_groupe_personne_0.schema">
					<SimpleData name="Numero de Parcelle">050440000B1031</SimpleData>
					<SimpleData name="Departement">05</SimpleData>
					<SimpleData name="Commune">CREVOUX</SimpleData>
					<SimpleData name="Adresse">LES ARNAUDS</SimpleData>
					<SimpleData name="Groupe de personne">Personnes morales non remarquables</SimpleData>
					<SimpleData name="Forme Juridique Abregee">SC</SimpleData>
					<SimpleData name="Denomination">SOCIETE CIVILE COLBER</SimpleData>
				</SchemaData>
			</ExtendedData>
	<Region>
		<LatLonAltBox>
			<north> 44.5472137120685 </north>
			<south> 44.5470130538442 </south>
			<east> 6.624745894578491 </east>
			<west> 6.62448627629361 </west>
		</LatLonAltBox>
		<Lod>
			<minLodPixels>100</minLodPixels>
			<maxLodPixels>-1</maxLodPixels>
		</Lod>
	</Region>
			<Polygon><altitudeMode>relativeToGround</altitudeMode>
				<outerBoundaryIs>
					<LinearRing>
						<coordinates>							6.62448627629361,44.5470661246157,0 6.624511073259041,44.5471088372119,0 6.6245721242381,44.5472137120685,0 6.624648236818351,44.5471724609982,0 6.62468774102027,44.5471459301907,0 6.624745894578491,44.5471154523597,0 6.62453264505988,44.5470130538442,0 6.62448627629361,44.5470661246157,0 
						</coordinates>
					</LinearRing>
				</outerBoundaryIs>
			</Polygon>
		</Placemark>
		<Placemark id="parcelles-des-personnes-morales_05_groupe_personne_0.4043">
		<styleUrl>#personne_morale</styleUrl>			<visibility>0</visibility>
			<ExtendedData>
				<SchemaData schemaUrl="#parcelles-des-personnes-morales_05_groupe_personne_0.schema">
					<SimpleData name="Numero de Parcelle">050440000E1035</SimpleData>
					<SimpleData name="Departement">05</SimpleData>
					<SimpleData name="Commune">CREVOUX</SimpleData>
					<SimpleData name="Adresse">LE VILLAGE</SimpleData>
					<SimpleData name="Groupe de personne">Personnes morales non remarquables</SimpleData>
					<SimpleData name="Forme Juridique Abregee">AUPM</SimpleData>
					<SimpleData name="Denomination">JEUNESSE ET AVENIR POUR LACTION EDUCATIVE ET SOCIALE DES JE</SimpleData>
				</SchemaData>
			</ExtendedData>
	<Region>
		<LatLonAltBox>
			<north> 44.5481560620531 </north>
			<south> 44.5480280536841 </south>
			<east> 6.60624457273797 </east>
			<west> 6.606088467235061 </west>
		</LatLonAltBox>
		<Lod>
			<minLodPixels>100</minLodPixels>
			<maxLodPixels>-1</maxLodPixels>
		</Lod>
	</Region>
			<Polygon><altitudeMode>relativeToGround</altitudeMode>
				<outerBoundaryIs>
					<LinearRing>
						<coordinates>							6.606088467235061,44.5480489377228,0 6.606177478660101,44.5481560620531,0 6.60624457273797,44.5481272847106,0 6.60616891287114,44.548031889933,0 6.606162396464309,44.548032463365,0 6.60615669577702,44.5480280536841,0 6.606088467235061,44.5480489377228,0 
						</coordinates>
					</LinearRing>
				</outerBoundaryIs>
			</Polygon>
		</Placemark>
		<Placemark id="parcelles-des-personnes-morales_05_groupe_personne_0.4337">
		<styleUrl>#personne_morale</styleUrl>			<visibility>0</visibility>
			<ExtendedData>
				<SchemaData schemaUrl="#parcelles-des-personnes-morales_05_groupe_personne_0.schema">
					<SimpleData name="Numero de Parcelle">050440000E1045</SimpleData>
					<SimpleData name="Departement">05</SimpleData>
					<SimpleData name="Commune">CREVOUX</SimpleData>
					<SimpleData name="Adresse">LE VILLAGE</SimpleData>
					<SimpleData name="Groupe de personne">Personnes morales non remarquables</SimpleData>
					<SimpleData name="Forme Juridique Abregee">SCI</SimpleData>
					<SimpleData name="Denomination">ARNAUD</SimpleData>
				</SchemaData>
			</ExtendedData>
	<Region>
		<LatLonAltBox>
			<north> 44.5468426199383 </north>
			<south> 44.5465737001254 </south>
			<east> 6.606120386340649 </east>
			<west> 6.605899410840219 </west>
		</LatLonAltBox>
		<Lod>
			<minLodPixels>100</minLodPixels>
			<maxLodPixels>-1</maxLodPixels>
		</Lod>
	</Region>
			<Polygon><altitudeMode>relativeToGround</altitudeMode>
				<outerBoundaryIs>
					<LinearRing>
						<coordinates>							6.605899410840219,44.546817985541,0 6.60607766171883,44.5468426199383,0 6.606120386340649,44.5467145187333,0 6.605978691258569,44.5465737001254,0 6.605899410840219,44.546817985541,0 
						</coordinates>
					</LinearRing>
				</outerBoundaryIs>
			</Polygon>
		</Placemark>
		<Placemark id="parcelles-des-personnes-morales_05_groupe_personne_0.4359">
		<styleUrl>#personne_morale</styleUrl>			<visibility>0</visibility>
			<ExtendedData>
				<SchemaData schemaUrl="#parcelles-des-personnes-morales_05_groupe_personne_0.schema">
					<SimpleData name="Numero de Parcelle">050440000E1046</SimpleData>
					<SimpleData name="Departement">05</SimpleData>
					<SimpleData name="Commune">CREVOUX</SimpleData>
					<SimpleData name="Adresse">LE VILLAGE</SimpleData>
					<SimpleData name="Groupe de personne">Personnes morales non remarquables</SimpleData>
					<SimpleData name="Forme Juridique Abregee">SCI</SimpleData>
					<SimpleData name="Denomination">ARNAUD</SimpleData>
				</SchemaData>
			</ExtendedData>
	<Region>
		<LatLonAltBox>
			<north> 44.5470931685172 </north>
			<south> 44.5467145187333 </south>
			<east> 6.60652641971497 </east>
			<west> 6.60599831948786 </west>
		</LatLonAltBox>
		<Lod>
			<minLodPixels>100</minLodPixels>
			<maxLodPixels>-1</maxLodPixels>
		</Lod>
	</Region>
			<Polygon><altitudeMode>relativeToGround</altitudeMode>
				<outerBoundaryIs>
					<LinearRing>
						<coordinates>							6.60652641971497,44.5470931685172,0 6.60650228149172,44.5470644891008,0 6.606457123725739,44.547016490643,0 6.60640755954677,44.5469705286521,0 6.606353749200071,44.5469271385889,0 6.60630953861302,44.5468900133188,0 6.60620503139138,44.546796733004,0 6.606120386340649,44.5467145187333,0 6.60607766171883,44.5468426199383,0 6.60599831948786,44.5470898813448,0 6.60652641971497,44.5470931685172,0 
						</coordinates>
					</LinearRing>
				</outerBoundaryIs>
			</Polygon>
		</Placemark>
		<Placemark id="parcelles-des-personnes-morales_05_groupe_personne_0.4542">
		<styleUrl>#personne_morale</styleUrl>			<visibility>0</visibility>
			<ExtendedData>
				<SchemaData schemaUrl="#parcelles-des-personnes-morales_05_groupe_personne_0.schema">
					<SimpleData name="Numero de Parcelle">050440000D1051</SimpleData>
					<SimpleData name="Departement">05</SimpleData>
					<SimpleData name="Commune">CREVOUX</SimpleData>
					<SimpleData name="Adresse">CLOT JAME</SimpleData>
					<SimpleData name="Groupe de personne">Personnes morales non remarquables</SimpleData>
					<SimpleData name="Forme Juridique Abregee">SAFR</SimpleData>
					<SimpleData name="Denomination">SOCIETE AMENAGEMENT FONCIER ET ETABLISSEMENT RURAL PROVENCE</SimpleData>
				</SchemaData>
			</ExtendedData>
	<Region>
		<LatLonAltBox>
			<north> 44.5449923526386 </north>
			<south> 44.5447025287267 </south>
			<east> 6.63077774538796 </east>
			<west> 6.630336296927769 </west>
		</LatLonAltBox>
		<Lod>
			<minLodPixels>100</minLodPixels>
			<maxLodPixels>-1</maxLodPixels>
		</Lod>
	</Region>
			<Polygon><altitudeMode>relativeToGround</altitudeMode>
				<outerBoundaryIs>
					<LinearRing>
						<coordinates>							6.6307323398392,44.5447025287267,0 6.63068185301069,44.5447130216392,0 6.63051020249809,44.5447284025243,0 6.630336296927769,44.5447400723595,0 6.63036611839178,44.5447785630624,0 6.63043362575817,44.5448543845016,0 6.63043048094538,44.5449269432487,0 6.63043054739391,44.544990654843,0 6.63054054193474,44.5449923526386,0 6.63057416131071,44.5449821444548,0 6.63060925494739,44.5449713470394,0 6.63077774538796,44.5449048826892,0 6.630771416599301,44.5448594008569,0 6.630744174127761,44.544749361408,0 6.6307323398392,44.5447025287267,0 
						</coordinates>
					</LinearRing>
				</outerBoundaryIs>
			</Polygon>
		</Placemark>
		<Placemark id="parcelles-des-personnes-morales_05_groupe_personne_0.4556">
		<styleUrl>#personne_morale</styleUrl>			<visibility>0</visibility>
			<ExtendedData>
				<SchemaData schemaUrl="#parcelles-des-personnes-morales_05_groupe_personne_0.schema">
					<SimpleData name="Numero de Parcelle">050440000B1052</SimpleData>
					<SimpleData name="Departement">05</SimpleData>
					<SimpleData name="Commune">CREVOUX</SimpleData>
					<SimpleData name="Adresse">CHAMP DU ROI</SimpleData>
					<SimpleData name="Groupe de personne">Personnes morales non remarquables</SimpleData>
					<SimpleData name="Forme Juridique Abregee">SC</SimpleData>
					<SimpleData name="Denomination">SOCIETE CIVILE COLBER</SimpleData>
				</SchemaData>
			</ExtendedData>
	<Region>
		<LatLonAltBox>
			<north> 44.5485887202837 </north>
			<south> 44.548000505432 </south>
			<east> 6.619381543135021 </east>
			<west> 6.61877116050655 </west>
		</LatLonAltBox>
		<Lod>
			<minLodPixels>100</minLodPixels>
			<maxLodPixels>-1</maxLodPixels>
		</Lod>
	</Region>
			<Polygon><altitudeMode>relativeToGround</altitudeMode>
				<outerBoundaryIs>
					<LinearRing>
						<coordinates>							6.61931817320822,44.548000505432,0 6.61895775578446,44.5480241321213,0 6.61893135145427,44.5483237393338,0 6.61877116050655,44.5483509817416,0 6.61877501720443,44.5483678875656,0 6.61879307198927,44.5484529075724,0 6.61882148398266,44.5485363262589,0 6.618845133822121,44.5485887202837,0 6.61900750819914,44.5485699673899,0 6.61903918955395,44.5484921477574,0 6.61907602006661,44.5484022636533,0 6.619192272177359,44.5483599703602,0 6.619381543135021,44.5482654466112,0 6.61931902118317,44.5480039021033,0 6.61931817320822,44.548000505432,0 
						</coordinates>
					</LinearRing>
				</outerBoundaryIs>
			</Polygon>
		</Placemark>
		<Placemark id="parcelles-des-personnes-morales_05_groupe_personne_0.5545">
		<styleUrl>#personne_morale</styleUrl>			<visibility>0</visibility>
			<ExtendedData>
				<SchemaData schemaUrl="#parcelles-des-personnes-morales_05_groupe_personne_0.schema">
					<SimpleData name="Numero de Parcelle">050440000A1092</SimpleData>
					<SimpleData name="Departement">05</SimpleData>
					<SimpleData name="Commune">CREVOUX</SimpleData>
					<SimpleData name="Adresse">SERRE MALIT</SimpleData>
					<SimpleData name="Groupe de personne">Personnes morales non remarquables</SimpleData>
					<SimpleData name="Forme Juridique Abregee">SARL</SimpleData>
					<SimpleData name="Denomination">SOCIETE HYDROELECTRIQUE DE CREVOUX</SimpleData>
				</SchemaData>
			</ExtendedData>
	<Region>
		<LatLonAltBox>
			<north> 44.550134658332 </north>
			<south> 44.5497013677156 </south>
			<east> 6.58309252735853 </east>
			<west> 6.58203194543471 </west>
		</LatLonAltBox>
		<Lod>
			<minLodPixels>100</minLodPixels>
			<maxLodPixels>-1</maxLodPixels>
		</Lod>
	</Region>
			<Polygon><altitudeMode>relativeToGround</altitudeMode>
				<outerBoundaryIs>
					<LinearRing>
						<coordinates>							6.58296775349666,44.5497013677156,0 6.58275644764951,44.5497237284966,0 6.5825585862852,44.5497534023749,0 6.58241022959933,44.5497827303895,0 6.582408965194299,44.5497965592127,0 6.582411822884669,44.549803855966,0 6.582425814900161,44.5498297156465,0 6.58244727174304,44.5498679492482,0 6.58243964298654,44.5499065864066,0 6.58243443514472,44.5499079269874,0 6.582114878856,44.550019681467,0 6.58207602501138,44.5500726693989,0 6.582042139019981,44.5501225222215,0 6.58203194543471,44.550134658332,0 6.58256403099392,44.5499503097085,0 6.58309252735853,44.5497888743671,0 6.583084378412579,44.5497458831869,0 6.58298980744508,44.5497053376749,0 6.58296775349666,44.5497013677156,0 
						</coordinates>
					</LinearRing>
				</outerBoundaryIs>
			</Polygon>
		</Placemark>
		<Placemark id="parcelles-des-personnes-morales_05_groupe_personne_0.6349">
		<styleUrl>#personne_morale</styleUrl>			<visibility>0</visibility>
			<ExtendedData>
				<SchemaData schemaUrl="#parcelles-des-personnes-morales_05_groupe_personne_0.schema">
					<SimpleData name="Numero de Parcelle">050440000D1120</SimpleData>
					<SimpleData name="Departement">05</SimpleData>
					<SimpleData name="Commune">CREVOUX</SimpleData>
					<SimpleData name="Adresse">CLOT JAME</SimpleData>
					<SimpleData name="Groupe de personne">Personnes morales non remarquables</SimpleData>
					<SimpleData name="Forme Juridique Abregee">SAFR</SimpleData>
					<SimpleData name="Denomination">SOCIETE AMENAGEMENT FONCIER ET ETABLISSEMENT RURAL PROVENCE</SimpleData>
				</SchemaData>
			</ExtendedData>
	<Region>
		<LatLonAltBox>
			<north> 44.5432490870171 </north>
			<south> 44.5429166283592 </south>
			<east> 6.6309712750254 </east>
			<west> 6.629986323992481 </west>
		</LatLonAltBox>
		<Lod>
			<minLodPixels>100</minLodPixels>
			<maxLodPixels>-1</maxLodPixels>
		</Lod>
	</Region>
			<Polygon><altitudeMode>relativeToGround</altitudeMode>
				<outerBoundaryIs>
					<LinearRing>
						<coordinates>							6.63092241579071,44.5431423608562,0 6.6309712750254,44.5429166283592,0 6.63043385031126,44.5429951430976,0 6.63044048655375,44.5430101547525,0 6.629986323992481,44.5430980034327,0 6.63001045626175,44.5431577690517,0 6.63002935356409,44.5432184278479,0 6.630036996279201,44.5432490870171,0 6.63017183684803,44.5432394237655,0 6.63030630286104,44.5432258975793,0 6.63036495335548,44.5432189211662,0 6.63052808571347,44.5431926459688,0 6.63092241579071,44.5431423608562,0 
						</coordinates>
					</LinearRing>
				</outerBoundaryIs>
			</Polygon>
		</Placemark>
		<Placemark id="parcelles-des-personnes-morales_05_groupe_personne_0.6394">
		<styleUrl>#personne_morale</styleUrl>			<visibility>0</visibility>
			<ExtendedData>
				<SchemaData schemaUrl="#parcelles-des-personnes-morales_05_groupe_personne_0.schema">
					<SimpleData name="Numero de Parcelle">050440000D1122</SimpleData>
					<SimpleData name="Departement">05</SimpleData>
					<SimpleData name="Commune">CREVOUX</SimpleData>
					<SimpleData name="Adresse">CLOT JAME</SimpleData>
					<SimpleData name="Groupe de personne">Personnes morales non remarquables</SimpleData>
					<SimpleData name="Forme Juridique Abregee">SAFR</SimpleData>
					<SimpleData name="Denomination">SOCIETE AMENAGEMENT FONCIER ET ETABLISSEMENT RURAL PROVENCE</SimpleData>
				</SchemaData>
			</ExtendedData>
	<Region>
		<LatLonAltBox>
			<north> 44.5429510664379 </north>
			<south> 44.5425694055887 </south>
			<east> 6.63034391825336 </east>
			<west> 6.629755135256 </west>
		</LatLonAltBox>
		<Lod>
			<minLodPixels>100</minLodPixels>
			<maxLodPixels>-1</maxLodPixels>
		</Lod>
	</Region>
			<Polygon><altitudeMode>relativeToGround</altitudeMode>
				<outerBoundaryIs>
					<LinearRing>
						<coordinates>							6.630141336559139,44.5425694055887,0 6.62991529607685,44.5426304629061,0 6.62979669924146,44.5426301290648,0 6.62978213843866,44.5427015312593,0 6.629755135256,44.5428341726939,0 6.63003240564902,44.5428603771122,0 6.63006709581897,44.5429510664379,0 6.63034391825336,44.5428625640869,0 6.63018080919736,44.54262082613,0 6.630141336559139,44.5425694055887,0 
						</coordinates>
					</LinearRing>
				</outerBoundaryIs>
			</Polygon>
		</Placemark>
		<Placemark id="parcelles-des-personnes-morales_05_groupe_personne_0.6480">
		<styleUrl>#personne_morale</styleUrl>			<visibility>0</visibility>
			<ExtendedData>
				<SchemaData schemaUrl="#parcelles-des-personnes-morales_05_groupe_personne_0.schema">
					<SimpleData name="Numero de Parcelle">050440000D1126</SimpleData>
					<SimpleData name="Departement">05</SimpleData>
					<SimpleData name="Commune">CREVOUX</SimpleData>
					<SimpleData name="Adresse">CLOT JAME</SimpleData>
					<SimpleData name="Groupe de personne">Personnes morales non remarquables</SimpleData>
					<SimpleData name="Forme Juridique Abregee">SAFR</SimpleData>
					<SimpleData name="Denomination">SOCIETE AMENAGEMENT FONCIER ET ETABLISSEMENT RURAL PROVENCE</SimpleData>
				</SchemaData>
			</ExtendedData>
	<Region>
		<LatLonAltBox>
			<north> 44.5434126430349 </north>
			<south> 44.5431112557463 </south>
			<east> 6.62920809541135 </east>
			<west> 6.62877252564693 </west>
		</LatLonAltBox>
		<Lod>
			<minLodPixels>100</minLodPixels>
			<maxLodPixels>-1</maxLodPixels>
		</Lod>
	</Region>
			<Polygon><altitudeMode>relativeToGround</altitudeMode>
				<outerBoundaryIs>
					<LinearRing>
						<coordinates>							6.62877252564693,44.5433616044012,0 6.62880718455978,44.5434126430349,0 6.62920809541135,44.543170736278,0 6.62918625052893,44.5431112557463,0 6.62877252564693,44.5433616044012,0 
						</coordinates>
					</LinearRing>
				</outerBoundaryIs>
			</Polygon>
		</Placemark>
		<Placemark id="parcelles-des-personnes-morales_05_groupe_personne_0.6496">
		<styleUrl>#personne_morale</styleUrl>			<visibility>0</visibility>
			<ExtendedData>
				<SchemaData schemaUrl="#parcelles-des-personnes-morales_05_groupe_personne_0.schema">
					<SimpleData name="Numero de Parcelle">050440000D1127</SimpleData>
					<SimpleData name="Departement">05</SimpleData>
					<SimpleData name="Commune">CREVOUX</SimpleData>
					<SimpleData name="Adresse">CLOT JAME</SimpleData>
					<SimpleData name="Groupe de personne">Personnes morales non remarquables</SimpleData>
					<SimpleData name="Forme Juridique Abregee">SAFR</SimpleData>
					<SimpleData name="Denomination">SOCIETE AMENAGEMENT FONCIER ET ETABLISSEMENT RURAL PROVENCE</SimpleData>
				</SchemaData>
			</ExtendedData>
	<Region>
		<LatLonAltBox>
			<north> 44.5434554837673 </north>
			<south> 44.543170736278 </south>
			<east> 6.62924367194121 </east>
			<west> 6.62880718455978 </west>
		</LatLonAltBox>
		<Lod>
			<minLodPixels>100</minLodPixels>
			<maxLodPixels>-1</maxLodPixels>
		</Lod>
	</Region>
			<Polygon><altitudeMode>relativeToGround</altitudeMode>
				<outerBoundaryIs>
					<LinearRing>
						<coordinates>							6.62920809541135,44.543170736278,0 6.62880718455978,44.5434126430349,0 6.62883627589382,44.5434554837673,0 6.62900385773117,44.5433925665852,0 6.62921835999751,44.5432833169679,0 6.62924367194121,44.5432634694046,0 6.62920809541135,44.543170736278,0 
						</coordinates>
					</LinearRing>
				</outerBoundaryIs>
			</Polygon>
		</Placemark>
		<Placemark id="parcelles-des-personnes-morales_05_groupe_personne_0.6521">
		<styleUrl>#personne_morale</styleUrl>			<visibility>0</visibility>
			<ExtendedData>
				<SchemaData schemaUrl="#parcelles-des-personnes-morales_05_groupe_personne_0.schema">
					<SimpleData name="Numero de Parcelle">050440000D1128</SimpleData>
					<SimpleData name="Departement">05</SimpleData>
					<SimpleData name="Commune">CREVOUX</SimpleData>
					<SimpleData name="Adresse">CLOT JAME</SimpleData>
					<SimpleData name="Groupe de personne">Personnes morales non remarquables</SimpleData>
					<SimpleData name="Forme Juridique Abregee">SC</SimpleData>
					<SimpleData name="Denomination">SOCIETE CIVILE COLBER</SimpleData>
				</SchemaData>
			</ExtendedData>
	<Region>
		<LatLonAltBox>
			<north> 44.5438807432251 </north>
			<south> 44.5432634694046 </south>
			<east> 6.629320695309911 </east>
			<west> 6.62883627589382 </west>
		</LatLonAltBox>
		<Lod>
			<minLodPixels>100</minLodPixels>
			<maxLodPixels>-1</maxLodPixels>
		</Lod>
	</Region>
			<Polygon><altitudeMode>relativeToGround</altitudeMode>
				<outerBoundaryIs>
					<LinearRing>
						<coordinates>							6.62924367194121,44.5432634694046,0 6.62921835999751,44.5432833169679,0 6.62900385773117,44.5433925665852,0 6.62883627589382,44.5434554837673,0 6.629126989242571,44.5438807432251,0 6.62919569230457,44.5438400028869,0 6.629260706640611,44.543796770403,0 6.629320695309911,44.5437518107041,0 6.62931235237698,44.5437396487936,0 6.62926298736025,44.5435540065523,0 6.62926819232132,44.5433841424256,0 6.629263350730299,44.5433382511887,0 6.629253245192171,44.5432928034561,0 6.62924367194121,44.5432634694046,0 
						</coordinates>
					</LinearRing>
				</outerBoundaryIs>
			</Polygon>
		</Placemark>
		<Placemark id="parcelles-des-personnes-morales_05_groupe_personne_0.6910">
		<styleUrl>#personne_morale</styleUrl>			<visibility>0</visibility>
			<ExtendedData>
				<SchemaData schemaUrl="#parcelles-des-personnes-morales_05_groupe_personne_0.schema">
					<SimpleData name="Numero de Parcelle">050440000C0114</SimpleData>
					<SimpleData name="Departement">05</SimpleData>
					<SimpleData name="Commune">CREVOUX</SimpleData>
					<SimpleData name="Adresse">JAFFEUIL</SimpleData>
					<SimpleData name="Groupe de personne">Personnes morales non remarquables</SimpleData>
					<SimpleData name="Forme Juridique Abregee">SC</SimpleData>
					<SimpleData name="Denomination">SOCIETE CIVILE COLBER</SimpleData>
				</SchemaData>
			</ExtendedData>
	<Region>
		<LatLonAltBox>
			<north> 44.5122752624371 </north>
			<south> 44.5110496192875 </south>
			<east> 6.65606112869834 </east>
			<west> 6.65495689957719 </west>
		</LatLonAltBox>
		<Lod>
			<minLodPixels>100</minLodPixels>
			<maxLodPixels>-1</maxLodPixels>
		</Lod>
	</Region>
			<Polygon><altitudeMode>relativeToGround</altitudeMode>
				<outerBoundaryIs>
					<LinearRing>
						<coordinates>							6.65552979518262,44.5112244742378,0 6.65509556331107,44.5110496192875,0 6.65495689957719,44.5113978373043,0 6.65511544684723,44.5116427512509,0 6.655208133851849,44.5118449690718,0 6.655242061597131,44.5119488325968,0 6.65526902640292,44.5121474613045,0 6.65557855861373,44.5122752624371,0 6.65606112869834,44.5116287944435,0 6.65595765418304,44.5115809475791,0 6.655848692453501,44.5115397710789,0 6.65576949634815,44.5115148203367,0 6.65544654361865,44.5114014331611,0 6.65552979518262,44.5112244742378,0 
						</coordinates>
					</LinearRing>
				</outerBoundaryIs>
			</Polygon>
		</Placemark>
		<Placemark id="parcelles-des-personnes-morales_05_groupe_personne_0.7440">
		<styleUrl>#personne_morale</styleUrl>			<visibility>0</visibility>
			<ExtendedData>
				<SchemaData schemaUrl="#parcelles-des-personnes-morales_05_groupe_personne_0.schema">
					<SimpleData name="Numero de Parcelle">050440000D1161</SimpleData>
					<SimpleData name="Departement">05</SimpleData>
					<SimpleData name="Commune">CREVOUX</SimpleData>
					<SimpleData name="Adresse">LA FEYSSORE</SimpleData>
					<SimpleData name="Groupe de personne">Personnes morales non remarquables</SimpleData>
					<SimpleData name="Forme Juridique Abregee">SC</SimpleData>
					<SimpleData name="Denomination">SOCIETE CIVILE COLBER</SimpleData>
				</SchemaData>
			</ExtendedData>
	<Region>
		<LatLonAltBox>
			<north> 44.5433205258652 </north>
			<south> 44.5427689108723 </south>
			<east> 6.62897660528424 </east>
			<west> 6.62813338207305 </west>
		</LatLonAltBox>
		<Lod>
			<minLodPixels>100</minLodPixels>
			<maxLodPixels>-1</maxLodPixels>
		</Lod>
	</Region>
			<Polygon><altitudeMode>relativeToGround</altitudeMode>
				<outerBoundaryIs>
					<LinearRing>
						<coordinates>							6.62895291479806,44.5427689108723,0 6.6288721470573,44.5428865583583,0 6.628248537873339,44.5431298395521,0 6.62818863093709,44.5430839567006,0 6.62817695437855,44.5431630139569,0 6.62813338207305,44.5433025981379,0 6.628147261851381,44.5433205258652,0 6.62865876218931,44.543052364879,0 6.62874147565517,44.5430061174136,0 6.628820597263489,44.5429569239935,0 6.628896390066251,44.5429049562111,0 6.62897660528424,44.5428433804895,0 6.62895291479806,44.5427689108723,0 
						</coordinates>
					</LinearRing>
				</outerBoundaryIs>
			</Polygon>
		</Placemark>
		<Placemark id="parcelles-des-personnes-morales_05_groupe_personne_0.7463">
		<styleUrl>#personne_morale</styleUrl>			<visibility>0</visibility>
			<ExtendedData>
				<SchemaData schemaUrl="#parcelles-des-personnes-morales_05_groupe_personne_0.schema">
					<SimpleData name="Numero de Parcelle">050440000D1162</SimpleData>
					<SimpleData name="Departement">05</SimpleData>
					<SimpleData name="Commune">CREVOUX</SimpleData>
					<SimpleData name="Adresse">LA FEYSSORE</SimpleData>
					<SimpleData name="Groupe de personne">Personnes morales non remarquables</SimpleData>
					<SimpleData name="Forme Juridique Abregee">SC</SimpleData>
					<SimpleData name="Denomination">SOCIETE CIVILE COLBER</SimpleData>
				</SchemaData>
			</ExtendedData>
	<Region>
		<LatLonAltBox>
			<north> 44.5431298395521 </north>
			<south> 44.5416640217801 </south>
			<east> 6.628971640157749 </east>
			<west> 6.62808877300426 </west>
		</LatLonAltBox>
		<Lod>
			<minLodPixels>100</minLodPixels>
			<maxLodPixels>-1</maxLodPixels>
		</Lod>
	</Region>
			<Polygon><altitudeMode>relativeToGround</altitudeMode>
				<outerBoundaryIs>
					<LinearRing>
						<coordinates>							6.62864446541551,44.5416640217801,0 6.62839775169026,44.5417151219886,0 6.62827879201007,44.5418482636714,0 6.62827127799699,44.5418744648333,0 6.62842155563437,44.542153936148,0 6.628575453131489,44.5423720979594,0 6.628515071969251,44.5423952615342,0 6.62810163073806,44.5425147465892,0 6.62820063941449,44.54263963904,0 6.628281901293751,44.54277268496,0 6.628295043977711,44.5428065878419,0 6.62827436423738,44.5428298875841,0 6.62808877300426,44.5429321467444,0 6.628179104490801,44.5430475016929,0 6.62818863093709,44.5430839567006,0 6.628248537873339,44.5431298395521,0 6.6288721470573,44.5428865583583,0 6.62895291479806,44.5427689108723,0 6.628925242242519,44.5426815050679,0 6.62884854068705,44.5423039086971,0 6.628971640157749,44.5422116340363,0 6.62864446541551,44.5416640217801,0 
						</coordinates>
					</LinearRing>
				</outerBoundaryIs>
			</Polygon>
		</Placemark>
		<Placemark id="parcelles-des-personnes-morales_05_groupe_personne_0.7923">
		<styleUrl>#personne_morale</styleUrl>			<visibility>0</visibility>
			<ExtendedData>
				<SchemaData schemaUrl="#parcelles-des-personnes-morales_05_groupe_personne_0.schema">
					<SimpleData name="Numero de Parcelle">050440000D1180</SimpleData>
					<SimpleData name="Departement">05</SimpleData>
					<SimpleData name="Commune">CREVOUX</SimpleData>
					<SimpleData name="Adresse">CLOT DU ROUX</SimpleData>
					<SimpleData name="Groupe de personne">Personnes morales non remarquables</SimpleData>
					<SimpleData name="Forme Juridique Abregee">SC</SimpleData>
					<SimpleData name="Denomination">SOCIETE CIVILE COLBER</SimpleData>
				</SchemaData>
			</ExtendedData>
	<Region>
		<LatLonAltBox>
			<north> 44.5410327814102 </north>
			<south> 44.5408901805421 </south>
			<east> 6.63337031828443 </east>
			<west> 6.63266625415483 </west>
		</LatLonAltBox>
		<Lod>
			<minLodPixels>100</minLodPixels>
			<maxLodPixels>-1</maxLodPixels>
		</Lod>
	</Region>
			<Polygon><altitudeMode>relativeToGround</altitudeMode>
				<outerBoundaryIs>
					<LinearRing>
						<coordinates>							6.63337031828443,44.5409798583069,0 6.633324096494791,44.5408901805421,0 6.63329183750941,44.5409038594647,0 6.63266625415483,44.5409886232551,0 6.63267336059521,44.5410050611891,0 6.6327911916694,44.5410307403348,0 6.63291531355871,44.5410327814102,0 6.63304181060052,44.5410247409827,0 6.63316767564602,44.5410127560067,0 6.63321433929372,44.5410075245032,0 6.63337031828443,44.5409798583069,0 
						</coordinates>
					</LinearRing>
				</outerBoundaryIs>
			</Polygon>
		</Placemark>
		<Placemark id="parcelles-des-personnes-morales_05_groupe_personne_0.7947">
		<styleUrl>#personne_morale</styleUrl>			<visibility>0</visibility>
			<ExtendedData>
				<SchemaData schemaUrl="#parcelles-des-personnes-morales_05_groupe_personne_0.schema">
					<SimpleData name="Numero de Parcelle">050440000D1181</SimpleData>
					<SimpleData name="Departement">05</SimpleData>
					<SimpleData name="Commune">CREVOUX</SimpleData>
					<SimpleData name="Adresse">CLOT DU ROUX</SimpleData>
					<SimpleData name="Groupe de personne">Personnes morales non remarquables</SimpleData>
					<SimpleData name="Forme Juridique Abregee">SC</SimpleData>
					<SimpleData name="Denomination">SOCIETE CIVILE COLBER</SimpleData>
				</SchemaData>
			</ExtendedData>
	<Region>
		<LatLonAltBox>
			<north> 44.5413836199873 </north>
			<south> 44.5410328543266 </south>
			<east> 6.63345744502668 </east>
			<west> 6.632711489653561 </west>
		</LatLonAltBox>
		<Lod>
			<minLodPixels>100</minLodPixels>
			<maxLodPixels>-1</maxLodPixels>
		</Lod>
	</Region>
			<Polygon><altitudeMode>relativeToGround</altitudeMode>
				<outerBoundaryIs>
					<LinearRing>
						<coordinates>							6.63345744502668,44.5411294695519,0 6.633402963898731,44.5410328543266,0 6.63336716184807,44.5410404317735,0 6.63335343629564,44.5410444885204,0 6.63316068310111,44.5410724644805,0 6.63291475410491,44.541096513602,0 6.632854300385721,44.541096972172,0 6.632793849220561,44.54109355553,0 6.63273428659217,44.5410863246231,0 6.632711489653561,44.54108256931,0 6.6327266570805,44.541122442987,0 6.6328466697544,44.5413836199873,0 6.63345744502668,44.5411294695519,0 
						</coordinates>
					</LinearRing>
				</outerBoundaryIs>
			</Polygon>
		</Placemark>
		<Placemark id="parcelles-des-personnes-morales_05_groupe_personne_0.9212">
		<styleUrl>#personne_morale</styleUrl>			<visibility>0</visibility>
			<ExtendedData>
				<SchemaData schemaUrl="#parcelles-des-personnes-morales_05_groupe_personne_0.schema">
					<SimpleData name="Numero de Parcelle">050440000D1233</SimpleData>
					<SimpleData name="Departement">05</SimpleData>
					<SimpleData name="Commune">CREVOUX</SimpleData>
					<SimpleData name="Adresse">PRE VAYER</SimpleData>
					<SimpleData name="Groupe de personne">Personnes morales non remarquables</SimpleData>
					<SimpleData name="Forme Juridique Abregee">SC</SimpleData>
					<SimpleData name="Denomination">SOCIETE CIVILE COLBER</SimpleData>
				</SchemaData>
			</ExtendedData>
	<Region>
		<LatLonAltBox>
			<north> 44.5431250246987 </north>
			<south> 44.5426193335638 </south>
			<east> 6.634466617249529 </east>
			<west> 6.63384023483168 </west>
		</LatLonAltBox>
		<Lod>
			<minLodPixels>100</minLodPixels>
			<maxLodPixels>-1</maxLodPixels>
		</Lod>
	</Region>
			<Polygon><altitudeMode>relativeToGround</altitudeMode>
				<outerBoundaryIs>
					<LinearRing>
						<coordinates>							6.63384023483168,44.5428120830294,0 6.63410686468546,44.5431250246987,0 6.634466617249529,44.5428529121827,0 6.634430843362689,44.5428002897727,0 6.634307669955369,44.5426193335638,0 6.63400880789778,44.5428292408182,0 6.63393261607128,44.5427810135186,0 6.63384023483168,44.5428120830294,0 
						</coordinates>
					</LinearRing>
				</outerBoundaryIs>
			</Polygon>
		</Placemark>
		<Placemark id="parcelles-des-personnes-morales_05_groupe_personne_0.9785">
		<styleUrl>#personne_morale</styleUrl>			<visibility>0</visibility>
			<ExtendedData>
				<SchemaData schemaUrl="#parcelles-des-personnes-morales_05_groupe_personne_0.schema">
					<SimpleData name="Numero de Parcelle">050440000D0126</SimpleData>
					<SimpleData name="Departement">05</SimpleData>
					<SimpleData name="Commune">CREVOUX</SimpleData>
					<SimpleData name="Adresse">CLOT DU BAYLE</SimpleData>
					<SimpleData name="Groupe de personne">Personnes morales non remarquables</SimpleData>
					<SimpleData name="Forme Juridique Abregee">GAEC</SimpleData>
					<SimpleData name="Denomination">PASCAL</SimpleData>
				</SchemaData>
			</ExtendedData>
	<Region>
		<LatLonAltBox>
			<north> 44.5365425550359 </north>
			<south> 44.5362510711858 </south>
			<east> 6.61810246487075 </east>
			<west> 6.61780684722644 </west>
		</LatLonAltBox>
		<Lod>
			<minLodPixels>100</minLodPixels>
			<maxLodPixels>-1</maxLodPixels>
		</Lod>
	</Region>
			<Polygon><altitudeMode>relativeToGround</altitudeMode>
				<outerBoundaryIs>
					<LinearRing>
						<coordinates>							6.61792279102545,44.5365425550359,0 6.617945143496839,44.5365020801708,0 6.61800482815184,44.5364838115575,0 6.61810246487075,44.5364718681197,0 6.6180093113958,44.5362510711858,0 6.61780684722644,44.5362924962015,0 6.61792279102545,44.5365425550359,0 
						</coordinates>
					</LinearRing>
				</outerBoundaryIs>
			</Polygon>
		</Placemark>
		<Placemark id="parcelles-des-personnes-morales_05_groupe_personne_0.10281">
		<styleUrl>#personne_morale</styleUrl>			<visibility>0</visibility>
			<ExtendedData>
				<SchemaData schemaUrl="#parcelles-des-personnes-morales_05_groupe_personne_0.schema">
					<SimpleData name="Numero de Parcelle">050440000B0128</SimpleData>
					<SimpleData name="Departement">05</SimpleData>
					<SimpleData name="Commune">CREVOUX</SimpleData>
					<SimpleData name="Adresse">LE FIARAN</SimpleData>
					<SimpleData name="Groupe de personne">Personnes morales non remarquables</SimpleData>
					<SimpleData name="Forme Juridique Abregee">SC</SimpleData>
					<SimpleData name="Denomination">SOCIETE CIVILE COLBER</SimpleData>
				</SchemaData>
			</ExtendedData>
	<Region>
		<LatLonAltBox>
			<north> 44.5502592672054 </north>
			<south> 44.5498598980761 </south>
			<east> 6.62632186993891 </east>
			<west> 6.62551527189525 </west>
		</LatLonAltBox>
		<Lod>
			<minLodPixels>100</minLodPixels>
			<maxLodPixels>-1</maxLodPixels>
		</Lod>
	</Region>
			<Polygon><altitudeMode>relativeToGround</altitudeMode>
				<outerBoundaryIs>
					<LinearRing>
						<coordinates>							6.62595531001562,44.5498709186043,0 6.62591297585967,44.5498906938398,0 6.625878882944691,44.5499406582965,0 6.62576911994245,44.5499485906069,0 6.62572631030496,44.5500001932006,0 6.62568244725653,44.5499667585805,0 6.625593300312961,44.5499366141802,0 6.62555242114307,44.5500025722227,0 6.625521799198811,44.5500712572699,0 6.62551527189525,44.5500893151773,0 6.62553000976704,44.5501401984661,0 6.6255723222396,44.5501632303571,0 6.62558853215861,44.5501683752264,0 6.62564844102554,44.55019263131,0 6.625702203314259,44.550223217376,0 6.62574875515686,44.5502592672054,0 6.62594459934932,44.5502278692796,0 6.62597593034723,44.5502094468993,0 6.6260156278775,44.5501957061021,0 6.626058428701819,44.5501890727923,0 6.6260887505381,44.5501745586338,0 6.626208593792561,44.5501116829701,0 6.62632186993891,44.5500427146894,0 6.62629890432723,44.5498598980761,0 6.626076450435111,44.5498654960253,0 6.62595531001562,44.5498709186043,0 
						</coordinates>
					</LinearRing>
				</outerBoundaryIs>
			</Polygon>
		</Placemark>
		<Placemark id="parcelles-des-personnes-morales_05_groupe_personne_0.11420">
		<styleUrl>#personne_morale</styleUrl>			<visibility>0</visibility>
			<ExtendedData>
				<SchemaData schemaUrl="#parcelles-des-personnes-morales_05_groupe_personne_0.schema">
					<SimpleData name="Numero de Parcelle">050440000C0133</SimpleData>
					<SimpleData name="Departement">05</SimpleData>
					<SimpleData name="Commune">CREVOUX</SimpleData>
					<SimpleData name="Adresse">JAFFEUIL</SimpleData>
					<SimpleData name="Groupe de personne">Personnes morales non remarquables</SimpleData>
					<SimpleData name="Forme Juridique Abregee">SC</SimpleData>
					<SimpleData name="Denomination">SOCIETE CIVILE COLBER</SimpleData>
				</SchemaData>
			</ExtendedData>
	<Region>
		<LatLonAltBox>
			<north> 44.5088282330213 </north>
			<south> 44.5066879071806 </south>
			<east> 6.654437689522531 </east>
			<west> 6.65307990496321 </west>
		</LatLonAltBox>
		<Lod>
			<minLodPixels>100</minLodPixels>
			<maxLodPixels>-1</maxLodPixels>
		</Lod>
	</Region>
			<Polygon><altitudeMode>relativeToGround</altitudeMode>
				<outerBoundaryIs>
					<LinearRing>
						<coordinates>							6.65307990496321,44.5066879071806,0 6.65311623305865,44.5067842115602,0 6.65314209288795,44.5068822145331,0 6.65315769499947,44.5069812783014,0 6.653162345819329,44.5070551113123,0 6.65315985492904,44.5072054209955,0 6.65324256366107,44.5072555801844,0 6.65334907670089,44.5073505504777,0 6.65344705545835,44.5074498587765,0 6.65349064024568,44.507498700672,0 6.653545354830669,44.5075833112194,0 6.65359031083959,44.5076708585251,0 6.65363128317932,44.5077805266887,0 6.653654974064439,44.5079656557992,0 6.65367396922472,44.5083915564894,0 6.65369991846049,44.5086310423083,0 6.653745799589871,44.5088282330213,0 6.653961436244391,44.5087042041057,0 6.65393831329761,44.5079362607441,0 6.65395252545819,44.5077394219252,0 6.65397760281623,44.5075431242498,0 6.6540214439444,44.5073079044884,0 6.654085180471081,44.507216665307,0 6.65425945315152,44.5070393046069,0 6.65431614929507,44.5069365832224,0 6.654437689522531,44.5067908891184,0 6.65384850065774,44.5068071705794,0 6.653503154384359,44.506767606943,0 6.65307990496321,44.5066879071806,0 
						</coordinates>
					</LinearRing>
				</outerBoundaryIs>
			</Polygon>
		</Placemark>
		<Placemark id="parcelles-des-personnes-morales_05_groupe_personne_0.11711">
		<styleUrl>#personne_morale</styleUrl>			<visibility>0</visibility>
			<ExtendedData>
				<SchemaData schemaUrl="#parcelles-des-personnes-morales_05_groupe_personne_0.schema">
					<SimpleData name="Numero de Parcelle">050440000D1346</SimpleData>
					<SimpleData name="Departement">05</SimpleData>
					<SimpleData name="Commune">CREVOUX</SimpleData>
					<SimpleData name="Adresse">COMBE DU CROS</SimpleData>
					<SimpleData name="Groupe de personne">Personnes morales non remarquables</SimpleData>
					<SimpleData name="Forme Juridique Abregee">SC</SimpleData>
					<SimpleData name="Denomination">SOCIETE CIVILE COLBER</SimpleData>
				</SchemaData>
			</ExtendedData>
	<Region>
		<LatLonAltBox>
			<north> 44.5389335898304 </north>
			<south> 44.537756906225 </south>
			<east> 6.6295274362412 </east>
			<west> 6.62848148877868 </west>
		</LatLonAltBox>
		<Lod>
			<minLodPixels>100</minLodPixels>
			<maxLodPixels>-1</maxLodPixels>
		</Lod>
	</Region>
			<Polygon><altitudeMode>relativeToGround</altitudeMode>
				<outerBoundaryIs>
					<LinearRing>
						<coordinates>							6.629196061297041,44.5389335898304,0 6.6295274362412,44.5388002180293,0 6.62950551713827,44.5387767874434,0 6.6294470150923,44.5387095913583,0 6.629392929763201,44.5386405377056,0 6.62934855915287,44.5385618822751,0 6.629360574937431,44.5385116516264,0 6.629368825738871,44.5384557772684,0 6.62937176676003,44.5383996269958,0 6.62936469585212,44.538254408836,0 6.62936975978545,44.5381940432933,0 6.629408099114991,44.5380515668238,0 6.62940908272247,44.5380296357454,0 6.62940477973495,44.5380077884653,0 6.62939170560943,44.5379808226427,0 6.62937623718607,44.5379695260315,0 6.62935441439408,44.5379671799229,0 6.62932622436,44.537979462182,0 6.62929751104184,44.5379875260933,0 6.62926754317654,44.5379917561852,0 6.629234554716911,44.5379921204345,0 6.62920408951247,44.5379886167062,0 6.62917514748348,44.5379813680188,0 6.62912483305794,44.5379474264481,0 6.629074718486169,44.5377911879329,0 6.629026524404661,44.537756906225,0 6.629010094158539,44.5377737580717,0 6.62899724373999,44.5377933759421,0 6.62898940099323,44.5378144512158,0 6.62898741299433,44.5378462382011,0 6.62899210354318,44.5378897912189,0 6.62900666736832,44.5380594552544,0 6.62901595044808,44.5382292930075,0 6.629012602350079,44.5382536449289,0 6.62900377117207,44.5382828633551,0 6.628989709704429,44.5383110822877,0 6.628948305137959,44.5383686779691,0 6.62884720574155,44.5384443683022,0 6.6286446385093,44.5385547570221,0 6.628609370809,44.5385725888451,0 6.62854679703057,44.5386007811492,0 6.62848148877868,44.5386256388596,0 6.629196061297041,44.5389335898304,0 
						</coordinates>
					</LinearRing>
				</outerBoundaryIs>
			</Polygon>
		</Placemark>
		<Placemark id="parcelles-des-personnes-morales_05_groupe_personne_0.12071">
		<styleUrl>#personne_morale</styleUrl>			<visibility>0</visibility>
			<ExtendedData>
				<SchemaData schemaUrl="#parcelles-des-personnes-morales_05_groupe_personne_0.schema">
					<SimpleData name="Numero de Parcelle">050440000D1361</SimpleData>
					<SimpleData name="Departement">05</SimpleData>
					<SimpleData name="Commune">CREVOUX</SimpleData>
					<SimpleData name="Adresse">LE GROS PRE</SimpleData>
					<SimpleData name="Groupe de personne">Personnes morales non remarquables</SimpleData>
					<SimpleData name="Forme Juridique Abregee">SC</SimpleData>
					<SimpleData name="Denomination">SOCIETE CIVILE COLBER</SimpleData>
				</SchemaData>
			</ExtendedData>
	<Region>
		<LatLonAltBox>
			<north> 44.5391477006544 </north>
			<south> 44.5383927870718 </south>
			<east> 6.62783683198218 </east>
			<west> 6.62665691004082 </west>
		</LatLonAltBox>
		<Lod>
			<minLodPixels>100</minLodPixels>
			<maxLodPixels>-1</maxLodPixels>
		</Lod>
	</Region>
			<Polygon><altitudeMode>relativeToGround</altitudeMode>
				<outerBoundaryIs>
					<LinearRing>
						<coordinates>							6.627239788024651,44.5391477006544,0 6.62775530773364,44.5387230561117,0 6.62783683198218,44.5386525164318,0 6.62776304440653,44.5385866332238,0 6.62753958400192,44.5384269019256,0 6.62751370313504,44.5383927870718,0 6.62729220784475,44.5384047557982,0 6.62729943854837,44.5385172558021,0 6.62726285876649,44.5386107394036,0 6.62706112610286,44.5386224183569,0 6.626787366960061,44.5388014709223,0 6.62675037988352,44.5389023574031,0 6.62665691004082,44.5389262472715,0 6.62669130336552,44.538947736323,0 6.626721840759801,44.538971965544,0 6.626748361812409,44.5389983995026,0 6.62675476840954,44.5390059390544,0 6.62683203462181,44.5391181193901,0 6.62703268500805,44.5391170203114,0 6.627239788024651,44.5391477006544,0 
						</coordinates>
					</LinearRing>
				</outerBoundaryIs>
			</Polygon>
		</Placemark>
		<Placemark id="parcelles-des-personnes-morales_05_groupe_personne_0.12669">
		<styleUrl>#personne_morale</styleUrl>			<visibility>0</visibility>
			<ExtendedData>
				<SchemaData schemaUrl="#parcelles-des-personnes-morales_05_groupe_personne_0.schema">
					<SimpleData name="Numero de Parcelle">050440000E1398</SimpleData>
					<SimpleData name="Departement">05</SimpleData>
					<SimpleData name="Commune">CREVOUX</SimpleData>
					<SimpleData name="Adresse">RAMIAS</SimpleData>
					<SimpleData name="Groupe de personne">Personnes morales non remarquables</SimpleData>
					<SimpleData name="Forme Juridique Abregee">SARL</SimpleData>
					<SimpleData name="Denomination">MATIMO</SimpleData>
				</SchemaData>
			</ExtendedData>
	<Region>
		<LatLonAltBox>
			<north> 44.5450101646229 </north>
			<south> 44.5447317769848 </south>
			<east> 6.60220735433714 </east>
			<west> 6.60191792487064 </west>
		</LatLonAltBox>
		<Lod>
			<minLodPixels>100</minLodPixels>
			<maxLodPixels>-1</maxLodPixels>
		</Lod>
	</Region>
			<Polygon><altitudeMode>relativeToGround</altitudeMode>
				<outerBoundaryIs>
					<LinearRing>
						<coordinates>							6.60191792487064,44.5447317769848,0 6.60195069358409,44.5448128038601,0 6.60197674456699,44.5448458374298,0 6.60206362690077,44.5449059929358,0 6.60210470658873,44.5449434922956,0 6.60212927004939,44.5449709871421,0 6.602149289812111,44.5450003425424,0 6.602154831310411,44.5450101646229,0 6.60220735433714,44.5449841183314,0 6.60203189019581,44.5447740162828,0 6.60191792487064,44.5447317769848,0 
						</coordinates>
					</LinearRing>
				</outerBoundaryIs>
			</Polygon>
		</Placemark>
		<Placemark id="parcelles-des-personnes-morales_05_groupe_personne_0.12683">
		<styleUrl>#personne_morale</styleUrl>			<visibility>0</visibility>
			<ExtendedData>
				<SchemaData schemaUrl="#parcelles-des-personnes-morales_05_groupe_personne_0.schema">
					<SimpleData name="Numero de Parcelle">050440000E1399</SimpleData>
					<SimpleData name="Departement">05</SimpleData>
					<SimpleData name="Commune">CREVOUX</SimpleData>
					<SimpleData name="Adresse">RAMIAS</SimpleData>
					<SimpleData name="Groupe de personne">Personnes morales non remarquables</SimpleData>
					<SimpleData name="Forme Juridique Abregee">SARL</SimpleData>
					<SimpleData name="Denomination">MATIMO</SimpleData>
				</SchemaData>
			</ExtendedData>
	<Region>
		<LatLonAltBox>
			<north> 44.5452137357652 </north>
			<south> 44.544683843744 </south>
			<east> 6.602154831310411 </east>
			<west> 6.601415618056861 </west>
		</LatLonAltBox>
		<Lod>
			<minLodPixels>100</minLodPixels>
			<maxLodPixels>-1</maxLodPixels>
		</Lod>
	</Region>
			<Polygon><altitudeMode>relativeToGround</altitudeMode>
				<outerBoundaryIs>
					<LinearRing>
						<coordinates>							6.60164760967321,44.5447946710943,0 6.60157482605619,44.5448744573513,0 6.601415618056861,44.5450493442414,0 6.601503609429351,44.5451110860912,0 6.60159558434509,44.5451700844585,0 6.60166906401888,44.5452137357652,0 6.602047755869579,44.5450620530258,0 6.602154831310411,44.5450101646229,0 6.602149289812111,44.5450003425424,0 6.60212927004939,44.5449709871421,0 6.60210470658873,44.5449434922956,0 6.60206362690077,44.5449059929358,0 6.60197674456699,44.5448458374298,0 6.60195069358409,44.5448128038601,0 6.60191792487064,44.5447317769848,0 6.60183413727297,44.5447003577979,0 6.60174096809222,44.544683843744,0 6.601717793028001,44.544717583057,0 6.60164760967321,44.5447946710943,0 
						</coordinates>
					</LinearRing>
				</outerBoundaryIs>
			</Polygon>
		</Placemark>
		<Placemark id="parcelles-des-personnes-morales_05_groupe_personne_0.13868">
		<styleUrl>#personne_morale</styleUrl>			<visibility>0</visibility>
			<ExtendedData>
				<SchemaData schemaUrl="#parcelles-des-personnes-morales_05_groupe_personne_0.schema">
					<SimpleData name="Numero de Parcelle">050440000D1462</SimpleData>
					<SimpleData name="Departement">05</SimpleData>
					<SimpleData name="Commune">CREVOUX</SimpleData>
					<SimpleData name="Adresse">PELAT</SimpleData>
					<SimpleData name="Groupe de personne">Personnes morales non remarquables</SimpleData>
					<SimpleData name="Forme Juridique Abregee">GAEC</SimpleData>
					<SimpleData name="Denomination">PASCAL</SimpleData>
				</SchemaData>
			</ExtendedData>
	<Region>
		<LatLonAltBox>
			<north> 44.5175507542393 </north>
			<south> 44.5170406974777 </south>
			<east> 6.629807113518441 </east>
			<west> 6.62836144965009 </west>
		</LatLonAltBox>
		<Lod>
			<minLodPixels>100</minLodPixels>
			<maxLodPixels>-1</maxLodPixels>
		</Lod>
	</Region>
			<Polygon><altitudeMode>relativeToGround</altitudeMode>
				<outerBoundaryIs>
					<LinearRing>
						<coordinates>							6.62972857515153,44.5175507542393,0 6.629807113518441,44.5173539662733,0 6.62976095795912,44.517288438015,0 6.62974973201648,44.5172215798911,0 6.62974930363295,44.5171541861592,0 6.62975354831386,44.5171163773744,0 6.6284768110778,44.5170406974777,0 6.62836144965009,44.5174583118078,0 6.62972857515153,44.5175507542393,0 
						</coordinates>
					</LinearRing>
				</outerBoundaryIs>
			</Polygon>
		</Placemark>
		<Placemark id="parcelles-des-personnes-morales_05_groupe_personne_0.15083">
		<styleUrl>#personne_morale</styleUrl>			<visibility>0</visibility>
			<ExtendedData>
				<SchemaData schemaUrl="#parcelles-des-personnes-morales_05_groupe_personne_0.schema">
					<SimpleData name="Numero de Parcelle">050440000D1543</SimpleData>
					<SimpleData name="Departement">05</SimpleData>
					<SimpleData name="Commune">CREVOUX</SimpleData>
					<SimpleData name="Adresse">PELAT</SimpleData>
					<SimpleData name="Groupe de personne">Personnes morales non remarquables</SimpleData>
					<SimpleData name="Forme Juridique Abregee">GAEC</SimpleData>
					<SimpleData name="Denomination">PASCAL</SimpleData>
				</SchemaData>
			</ExtendedData>
	<Region>
		<LatLonAltBox>
			<north> 44.5218963133414 </north>
			<south> 44.5207728142805 </south>
			<east> 6.62684792883942 </east>
			<west> 6.626365259525789 </west>
		</LatLonAltBox>
		<Lod>
			<minLodPixels>100</minLodPixels>
			<maxLodPixels>-1</maxLodPixels>
		</Lod>
	</Region>
			<Polygon><altitudeMode>relativeToGround</altitudeMode>
				<outerBoundaryIs>
					<LinearRing>
						<coordinates>							6.62665291698737,44.521884119166,0 6.626711138392501,44.5218747249804,0 6.626766132233519,44.5218582274996,0 6.62682427737839,44.5218300012148,0 6.62675579949685,44.5216209275877,0 6.62674539623351,44.5214452703384,0 6.62675844629102,44.5212680308317,0 6.62684792883942,44.521053132163,0 6.626416515864249,44.5207728142805,0 6.62640923592607,44.5209261630834,0 6.626365259525789,44.5211474954539,0 6.626414832181689,44.5214505524518,0 6.62650700569982,44.5217363480869,0 6.626583538730591,44.5218963133414,0 6.62665291698737,44.521884119166,0 
						</coordinates>
					</LinearRing>
				</outerBoundaryIs>
			</Polygon>
		</Placemark>
		<Placemark id="parcelles-des-personnes-morales_05_groupe_personne_0.15092">
		<styleUrl>#personne_morale</styleUrl>			<visibility>0</visibility>
			<ExtendedData>
				<SchemaData schemaUrl="#parcelles-des-personnes-morales_05_groupe_personne_0.schema">
					<SimpleData name="Numero de Parcelle">050440000D1544</SimpleData>
					<SimpleData name="Departement">05</SimpleData>
					<SimpleData name="Commune">CREVOUX</SimpleData>
					<SimpleData name="Adresse">PELAT</SimpleData>
					<SimpleData name="Groupe de personne">Personnes morales non remarquables</SimpleData>
					<SimpleData name="Forme Juridique Abregee">GAEC</SimpleData>
					<SimpleData name="Denomination">PASCAL</SimpleData>
				</SchemaData>
			</ExtendedData>
	<Region>
		<LatLonAltBox>
			<north> 44.5232727528912 </north>
			<south> 44.5224202251472 </south>
			<east> 6.627245146098139 </east>
			<west> 6.62679359896025 </west>
		</LatLonAltBox>
		<Lod>
			<minLodPixels>100</minLodPixels>
			<maxLodPixels>-1</maxLodPixels>
		</Lod>
	</Region>
			<Polygon><altitudeMode>relativeToGround</altitudeMode>
				<outerBoundaryIs>
					<LinearRing>
						<coordinates>							6.62692435006362,44.5232484037427,0 6.62698411103217,44.5232727528912,0 6.62722181040733,44.523239432874,0 6.627245146098139,44.5231046607029,0 6.62710781084927,44.5230669119754,0 6.626975404836331,44.5224569351876,0 6.62693593724678,44.5224288547511,0 6.6268585443687,44.5224202251472,0 6.6267996634835,44.5224350481285,0 6.62683238464817,44.5226424138711,0 6.62679359896025,44.522834738303,0 6.62697278140272,44.5230493636965,0 6.62696760057882,44.5231157704242,0 6.626951905688689,44.5231812612505,0 6.62692435006362,44.5232484037427,0 
						</coordinates>
					</LinearRing>
				</outerBoundaryIs>
			</Polygon>
		</Placemark>
		<Placemark id="parcelles-des-personnes-morales_05_groupe_personne_0.15238">
		<styleUrl>#personne_morale</styleUrl>			<visibility>0</visibility>
			<ExtendedData>
				<SchemaData schemaUrl="#parcelles-des-personnes-morales_05_groupe_personne_0.schema">
					<SimpleData name="Numero de Parcelle">050440000D1551</SimpleData>
					<SimpleData name="Departement">05</SimpleData>
					<SimpleData name="Commune">CREVOUX</SimpleData>
					<SimpleData name="Adresse">PELAT</SimpleData>
					<SimpleData name="Groupe de personne">Personnes morales non remarquables</SimpleData>
					<SimpleData name="Forme Juridique Abregee">GAEC</SimpleData>
					<SimpleData name="Denomination">PASCAL</SimpleData>
				</SchemaData>
			</ExtendedData>
	<Region>
		<LatLonAltBox>
			<north> 44.5218543259186 </north>
			<south> 44.5215648025194 </south>
			<east> 6.63002924920959 </east>
			<west> 6.62918878889131 </west>
		</LatLonAltBox>
		<Lod>
			<minLodPixels>100</minLodPixels>
			<maxLodPixels>-1</maxLodPixels>
		</Lod>
	</Region>
			<Polygon><altitudeMode>relativeToGround</altitudeMode>
				<outerBoundaryIs>
					<LinearRing>
						<coordinates>							6.62986171260804,44.5215648025194,0 6.62923408409556,44.5216987344376,0 6.62918878889131,44.5218543259186,0 6.62988245755093,44.5217052439356,0 6.63002924920959,44.5216334553683,0 6.62986171260804,44.5215648025194,0 
						</coordinates>
					</LinearRing>
				</outerBoundaryIs>
			</Polygon>
		</Placemark>
		<Placemark id="parcelles-des-personnes-morales_05_groupe_personne_0.15239">
		<styleUrl>#personne_morale</styleUrl>			<visibility>0</visibility>
			<ExtendedData>
				<SchemaData schemaUrl="#parcelles-des-personnes-morales_05_groupe_personne_0.schema">
					<SimpleData name="Numero de Parcelle">050440000E1551</SimpleData>
					<SimpleData name="Departement">05</SimpleData>
					<SimpleData name="Commune">CREVOUX</SimpleData>
					<SimpleData name="Adresse">LE VILLAGE</SimpleData>
					<SimpleData name="Groupe de personne">Personnes morales non remarquables</SimpleData>
					<SimpleData name="Forme Juridique Abregee">AUPM</SimpleData>
					<SimpleData name="Denomination">JEUNESSE ET AVENIR POUR L ACTION EDUCATIVE ET SOCIALE DES JE</SimpleData>
				</SchemaData>
			</ExtendedData>
	<Region>
		<LatLonAltBox>
			<north> 44.547953684885 </north>
			<south> 44.5478899870811 </south>
			<east> 6.60729592156383 </east>
			<west> 6.60721492451574 </west>
		</LatLonAltBox>
		<Lod>
			<minLodPixels>100</minLodPixels>
			<maxLodPixels>-1</maxLodPixels>
		</Lod>
	</Region>
			<Polygon><altitudeMode>relativeToGround</altitudeMode>
				<outerBoundaryIs>
					<LinearRing>
						<coordinates>							6.60726570894004,44.547953684885,0 6.607284572520369,44.5479372976688,0 6.60729592156383,44.5479275544448,0 6.60725697413024,44.5478899870811,0 6.60721492451574,44.5479201992822,0 6.60726570894004,44.547953684885,0 
						</coordinates>
					</LinearRing>
				</outerBoundaryIs>
			</Polygon>
		</Placemark>
		<Placemark id="parcelles-des-personnes-morales_05_groupe_personne_0.15246">
		<styleUrl>#personne_morale</styleUrl>			<visibility>0</visibility>
			<ExtendedData>
				<SchemaData schemaUrl="#parcelles-des-personnes-morales_05_groupe_personne_0.schema">
					<SimpleData name="Numero de Parcelle">050440000D1552</SimpleData>
					<SimpleData name="Departement">05</SimpleData>
					<SimpleData name="Commune">CREVOUX</SimpleData>
					<SimpleData name="Adresse">PELAT</SimpleData>
					<SimpleData name="Groupe de personne">Personnes morales non remarquables</SimpleData>
					<SimpleData name="Forme Juridique Abregee">GAEC</SimpleData>
					<SimpleData name="Denomination">PASCAL</SimpleData>
				</SchemaData>
			</ExtendedData>
	<Region>
		<LatLonAltBox>
			<north> 44.5219651652678 </north>
			<south> 44.5217096791434 </south>
			<east> 6.62919725067184 </east>
			<west> 6.62862583316685 </west>
		</LatLonAltBox>
		<Lod>
			<minLodPixels>100</minLodPixels>
			<maxLodPixels>-1</maxLodPixels>
		</Lod>
	</Region>
			<Polygon><altitudeMode>relativeToGround</altitudeMode>
				<outerBoundaryIs>
					<LinearRing>
						<coordinates>							6.62862583316685,44.5218323856515,0 6.62873702847063,44.5219651652678,0 6.62915729527576,44.521862121023,0 6.62919725067184,44.5217096791434,0 6.62862583316685,44.5218323856515,0 
						</coordinates>
					</LinearRing>
				</outerBoundaryIs>
			</Polygon>
		</Placemark>
		<Placemark id="parcelles-des-personnes-morales_05_groupe_personne_0.15258">
		<styleUrl>#personne_morale</styleUrl>			<visibility>0</visibility>
			<ExtendedData>
				<SchemaData schemaUrl="#parcelles-des-personnes-morales_05_groupe_personne_0.schema">
					<SimpleData name="Numero de Parcelle">050440000D1553</SimpleData>
					<SimpleData name="Departement">05</SimpleData>
					<SimpleData name="Commune">CREVOUX</SimpleData>
					<SimpleData name="Adresse">PELAT</SimpleData>
					<SimpleData name="Groupe de personne">Personnes morales non remarquables</SimpleData>
					<SimpleData name="Forme Juridique Abregee">GAEC</SimpleData>
					<SimpleData name="Denomination">PASCAL</SimpleData>
				</SchemaData>
			</ExtendedData>
	<Region>
		<LatLonAltBox>
			<north> 44.5223528591864 </north>
			<south> 44.5218143137462 </south>
			<east> 6.62870194151459 </east>
			<west> 6.62746337441165 </west>
		</LatLonAltBox>
		<Lod>
			<minLodPixels>100</minLodPixels>
			<maxLodPixels>-1</maxLodPixels>
		</Lod>
	</Region>
			<Polygon><altitudeMode>relativeToGround</altitudeMode>
				<outerBoundaryIs>
					<LinearRing>
						<coordinates>							6.62746337441165,44.52228219062,0 6.627484794681,44.5223528591864,0 6.62870194151459,44.5219738895196,0 6.62856156386497,44.5218143137462,0 6.62746337441165,44.52228219062,0 
						</coordinates>
					</LinearRing>
				</outerBoundaryIs>
			</Polygon>
		</Placemark>
		<Placemark id="parcelles-des-personnes-morales_05_groupe_personne_0.15262">
		<styleUrl>#personne_morale</styleUrl>			<visibility>0</visibility>
			<ExtendedData>
				<SchemaData schemaUrl="#parcelles-des-personnes-morales_05_groupe_personne_0.schema">
					<SimpleData name="Numero de Parcelle">050440000E1554</SimpleData>
					<SimpleData name="Departement">05</SimpleData>
					<SimpleData name="Commune">CREVOUX</SimpleData>
					<SimpleData name="Adresse">LE VILLAGE</SimpleData>
					<SimpleData name="Groupe de personne">Personnes morales non remarquables</SimpleData>
					<SimpleData name="Forme Juridique Abregee">AUPM</SimpleData>
					<SimpleData name="Denomination">JEUNESSE ET AVENIR POUR LACTION EDUCATIVE ET SOCIALE DES JE</SimpleData>
				</SchemaData>
			</ExtendedData>
	<Region>
		<LatLonAltBox>
			<north> 44.5479839325464 </north>
			<south> 44.5479201992822 </south>
			<east> 6.60726570894004 </east>
			<west> 6.607174200698539 </west>
		</LatLonAltBox>
		<Lod>
			<minLodPixels>100</minLodPixels>
			<maxLodPixels>-1</maxLodPixels>
		</Lod>
	</Region>
			<Polygon><altitudeMode>relativeToGround</altitudeMode>
				<outerBoundaryIs>
					<LinearRing>
						<coordinates>							6.60726570894004,44.547953684885,0 6.60721492451574,44.5479201992822,0 6.607174200698539,44.5479494669516,0 6.60723084470306,44.5479839325464,0 6.607248273951729,44.5479687637523,0 6.60726570894004,44.547953684885,0 
						</coordinates>
					</LinearRing>
				</outerBoundaryIs>
			</Polygon>
		</Placemark>
		<Placemark id="parcelles-des-personnes-morales_05_groupe_personne_0.15473">
		<styleUrl>#personne_morale</styleUrl>			<visibility>0</visibility>
			<ExtendedData>
				<SchemaData schemaUrl="#parcelles-des-personnes-morales_05_groupe_personne_0.schema">
					<SimpleData name="Numero de Parcelle">050440000D0157</SimpleData>
					<SimpleData name="Departement">05</SimpleData>
					<SimpleData name="Commune">CREVOUX</SimpleData>
					<SimpleData name="Adresse">LES CIBIERES</SimpleData>
					<SimpleData name="Groupe de personne">Personnes morales non remarquables</SimpleData>
					<SimpleData name="Forme Juridique Abregee">GAEC</SimpleData>
					<SimpleData name="Denomination">PASCAL</SimpleData>
				</SchemaData>
			</ExtendedData>
	<Region>
		<LatLonAltBox>
			<north> 44.5370633968427 </north>
			<south> 44.5365368264931 </south>
			<east> 6.61828944901605 </east>
			<west> 6.6178087943196 </west>
		</LatLonAltBox>
		<Lod>
			<minLodPixels>100</minLodPixels>
			<maxLodPixels>-1</maxLodPixels>
		</Lod>
	</Region>
			<Polygon><altitudeMode>relativeToGround</altitudeMode>
				<outerBoundaryIs>
					<LinearRing>
						<coordinates>							6.61788384598313,44.5367565996969,0 6.6178087943196,44.5368398062058,0 6.618127283088631,44.5370633968427,0 6.61828944901605,44.5369043378,0 6.61813044234819,44.5365368264931,0 6.61810848882252,44.5365442151786,0 6.61808889179435,44.5365549510431,0 6.618073125445829,44.536568445036,0 6.61807900792486,44.5365815895128,0 6.618085056231,44.536605182186,0 6.61808609258336,44.5366292095821,0 6.61808169366066,44.5366529646439,0 6.618072087858771,44.5366760794098,0 6.61805746898414,44.536697646347,0 6.61804625088464,44.5367093690582,0 6.61802478263914,44.5367262942697,0 6.6179998551151,44.5367403590441,0 6.61797183397879,44.5367513711522,0 6.61794036400201,44.5367577201253,0 6.61791196594303,44.5367589217667,0 6.61788384598313,44.5367565996969,0 
						</coordinates>
					</LinearRing>
				</outerBoundaryIs>
			</Polygon>
		</Placemark>
		<Placemark id="parcelles-des-personnes-morales_05_groupe_personne_0.15672">
		<styleUrl>#personne_morale</styleUrl>			<visibility>0</visibility>
			<ExtendedData>
				<SchemaData schemaUrl="#parcelles-des-personnes-morales_05_groupe_personne_0.schema">
					<SimpleData name="Numero de Parcelle">050440000D1582</SimpleData>
					<SimpleData name="Departement">05</SimpleData>
					<SimpleData name="Commune">CREVOUX</SimpleData>
					<SimpleData name="Adresse">PELAT</SimpleData>
					<SimpleData name="Groupe de personne">Personnes morales non remarquables</SimpleData>
					<SimpleData name="Forme Juridique Abregee">SC</SimpleData>
					<SimpleData name="Denomination">SOCIETE CIVILE COLBER</SimpleData>
				</SchemaData>
			</ExtendedData>
	<Region>
		<LatLonAltBox>
			<north> 44.5217962766921 </north>
			<south> 44.5212987840811 </south>
			<east> 6.63116435704644 </east>
			<west> 6.63037833729965 </west>
		</LatLonAltBox>
		<Lod>
			<minLodPixels>100</minLodPixels>
			<maxLodPixels>-1</maxLodPixels>
		</Lod>
	</Region>
			<Polygon><altitudeMode>relativeToGround</altitudeMode>
				<outerBoundaryIs>
					<LinearRing>
						<coordinates>							6.63116435704644,44.521698914453,0 6.63050213147122,44.5212987840811,0 6.63037833729965,44.5214206426697,0 6.63110033200839,44.5217962766921,0 6.63116435704644,44.521698914453,0 
						</coordinates>
					</LinearRing>
				</outerBoundaryIs>
			</Polygon>
		</Placemark>
		<Placemark id="parcelles-des-personnes-morales_05_groupe_personne_0.15681">
		<styleUrl>#personne_morale</styleUrl>			<visibility>0</visibility>
			<ExtendedData>
				<SchemaData schemaUrl="#parcelles-des-personnes-morales_05_groupe_personne_0.schema">
					<SimpleData name="Numero de Parcelle">050440000D1583</SimpleData>
					<SimpleData name="Departement">05</SimpleData>
					<SimpleData name="Commune">CREVOUX</SimpleData>
					<SimpleData name="Adresse">PELAT</SimpleData>
					<SimpleData name="Groupe de personne">Personnes morales non remarquables</SimpleData>
					<SimpleData name="Forme Juridique Abregee">SC</SimpleData>
					<SimpleData name="Denomination">SOCIETE CIVILE COLBER</SimpleData>
				</SchemaData>
			</ExtendedData>
	<Region>
		<LatLonAltBox>
			<north> 44.5214116526233 </north>
			<south> 44.5208198376108 </south>
			<east> 6.630472173014499 </east>
			<west> 6.629587347255641 </west>
		</LatLonAltBox>
		<Lod>
			<minLodPixels>100</minLodPixels>
			<maxLodPixels>-1</maxLodPixels>
		</Lod>
	</Region>
			<Polygon><altitudeMode>relativeToGround</altitudeMode>
				<outerBoundaryIs>
					<LinearRing>
						<coordinates>							6.630350299302701,44.5214116526233,0 6.630472173014499,44.5212814763452,0 6.62969629035289,44.5208198376108,0 6.629587347255641,44.5210198791432,0 6.630350299302701,44.5214116526233,0 
						</coordinates>
					</LinearRing>
				</outerBoundaryIs>
			</Polygon>
		</Placemark>
		<Placemark id="parcelles-des-personnes-morales_05_groupe_personne_0.15881">
		<styleUrl>#personne_morale</styleUrl>			<visibility>0</visibility>
			<ExtendedData>
				<SchemaData schemaUrl="#parcelles-des-personnes-morales_05_groupe_personne_0.schema">
					<SimpleData name="Numero de Parcelle">050440000D1595</SimpleData>
					<SimpleData name="Departement">05</SimpleData>
					<SimpleData name="Commune">CREVOUX</SimpleData>
					<SimpleData name="Adresse">PELAT</SimpleData>
					<SimpleData name="Groupe de personne">Personnes morales non remarquables</SimpleData>
					<SimpleData name="Forme Juridique Abregee">GAEC</SimpleData>
					<SimpleData name="Denomination">PASCAL</SimpleData>
				</SchemaData>
			</ExtendedData>
	<Region>
		<LatLonAltBox>
			<north> 44.5225320347227 </north>
			<south> 44.5222354691711 </south>
			<east> 6.63097566096171 </east>
			<west> 6.62981242723874 </west>
		</LatLonAltBox>
		<Lod>
			<minLodPixels>100</minLodPixels>
			<maxLodPixels>-1</maxLodPixels>
		</Lod>
	</Region>
			<Polygon><altitudeMode>relativeToGround</altitudeMode>
				<outerBoundaryIs>
					<LinearRing>
						<coordinates>							6.63097566096171,44.5222354691711,0 6.62986115037322,44.52239255126,0 6.62981242723874,44.5225320347227,0 6.63095092532161,44.5223875009505,0 6.63097566096171,44.5222354691711,0 
						</coordinates>
					</LinearRing>
				</outerBoundaryIs>
			</Polygon>
		</Placemark>
		<Placemark id="parcelles-des-personnes-morales_05_groupe_personne_0.15890">
		<styleUrl>#personne_morale</styleUrl>			<visibility>0</visibility>
			<ExtendedData>
				<SchemaData schemaUrl="#parcelles-des-personnes-morales_05_groupe_personne_0.schema">
					<SimpleData name="Numero de Parcelle">050440000D1596</SimpleData>
					<SimpleData name="Departement">05</SimpleData>
					<SimpleData name="Commune">CREVOUX</SimpleData>
					<SimpleData name="Adresse">PELAT</SimpleData>
					<SimpleData name="Groupe de personne">Personnes morales non remarquables</SimpleData>
					<SimpleData name="Forme Juridique Abregee">GAEC</SimpleData>
					<SimpleData name="Denomination">PASCAL</SimpleData>
				</SchemaData>
			</ExtendedData>
	<Region>
		<LatLonAltBox>
			<north> 44.5226283750331 </north>
			<south> 44.5224050593087 </south>
			<east> 6.629809679242521 </east>
			<west> 6.62903744758705 </west>
		</LatLonAltBox>
		<Lod>
			<minLodPixels>100</minLodPixels>
			<maxLodPixels>-1</maxLodPixels>
		</Lod>
	</Region>
			<Polygon><altitudeMode>relativeToGround</altitudeMode>
				<outerBoundaryIs>
					<LinearRing>
						<coordinates>							6.6290591771148,44.5226283750331,0 6.62976488858911,44.5225390963885,0 6.629809679242521,44.5224050593087,0 6.62903744758705,44.5225137394891,0 6.6290591771148,44.5226283750331,0 
						</coordinates>
					</LinearRing>
				</outerBoundaryIs>
			</Polygon>
		</Placemark>
		<Placemark id="parcelles-des-personnes-morales_05_groupe_personne_0.15899">
		<styleUrl>#personne_morale</styleUrl>			<visibility>0</visibility>
			<ExtendedData>
				<SchemaData schemaUrl="#parcelles-des-personnes-morales_05_groupe_personne_0.schema">
					<SimpleData name="Numero de Parcelle">050440000D1597</SimpleData>
					<SimpleData name="Departement">05</SimpleData>
					<SimpleData name="Commune">CREVOUX</SimpleData>
					<SimpleData name="Adresse">PELAT</SimpleData>
					<SimpleData name="Groupe de personne">Personnes morales non remarquables</SimpleData>
					<SimpleData name="Forme Juridique Abregee">GAEC</SimpleData>
					<SimpleData name="Denomination">PASCAL</SimpleData>
				</SchemaData>
			</ExtendedData>
	<Region>
		<LatLonAltBox>
			<north> 44.5228219448963 </north>
			<south> 44.5225179291859 </south>
			<east> 6.62902863083433 </east>
			<west> 6.62759501607981 </west>
		</LatLonAltBox>
		<Lod>
			<minLodPixels>100</minLodPixels>
			<maxLodPixels>-1</maxLodPixels>
		</Lod>
	</Region>
			<Polygon><altitudeMode>relativeToGround</altitudeMode>
				<outerBoundaryIs>
					<LinearRing>
						<coordinates>							6.62759501607981,44.522729259598,0 6.62762654313289,44.5228219448963,0 6.62902863083433,44.5226352377423,0 6.629005973740091,44.5225179291859,0 6.62759501607981,44.522729259598,0 
						</coordinates>
					</LinearRing>
				</outerBoundaryIs>
			</Polygon>
		</Placemark>
		<Placemark id="parcelles-des-personnes-morales_05_groupe_personne_0.15933">
		<styleUrl>#personne_morale</styleUrl>			<visibility>0</visibility>
			<ExtendedData>
				<SchemaData schemaUrl="#parcelles-des-personnes-morales_05_groupe_personne_0.schema">
					<SimpleData name="Numero de Parcelle">050440000A0016</SimpleData>
					<SimpleData name="Departement">05</SimpleData>
					<SimpleData name="Commune">CREVOUX</SimpleData>
					<SimpleData name="Adresse">CHAMP ROND</SimpleData>
					<SimpleData name="Groupe de personne">Personnes morales non remarquables</SimpleData>
					<SimpleData name="Forme Juridique Abregee">SCI</SimpleData>
					<SimpleData name="Denomination">CHAMPHAIRION</SimpleData>
				</SchemaData>
			</ExtendedData>
	<Region>
		<LatLonAltBox>
			<north> 44.5590885985522 </north>
			<south> 44.558892864627 </south>
			<east> 6.55779871017871 </east>
			<west> 6.557573278359129 </west>
		</LatLonAltBox>
		<Lod>
			<minLodPixels>100</minLodPixels>
			<maxLodPixels>-1</maxLodPixels>
		</Lod>
	</Region>
			<Polygon><altitudeMode>relativeToGround</altitudeMode>
				<outerBoundaryIs>
					<LinearRing>
						<coordinates>							6.55769915176929,44.5590885985522,0 6.55773441395233,44.5590721422789,0 6.55772332823782,44.5590602439565,0 6.55779871017871,44.5590204161495,0 6.55771456666399,44.5589093130121,0 6.55770205968797,44.558892864627,0 6.557573278359129,44.558941352527,0 6.55758401966457,44.5589557851904,0 6.55760352012468,44.5589811999136,0 6.55761959241051,44.5590022193771,0 6.55763290513997,44.5590194528364,0 6.55765883704918,44.5590129396732,0 6.55769300005797,44.5590769917554,0 6.55769915176929,44.5590885985522,0 
						</coordinates>
					</LinearRing>
				</outerBoundaryIs>
			</Polygon>
		</Placemark>
		<Placemark id="parcelles-des-personnes-morales_05_groupe_personne_0.16295">
		<styleUrl>#personne_morale</styleUrl>			<visibility>0</visibility>
			<ExtendedData>
				<SchemaData schemaUrl="#parcelles-des-personnes-morales_05_groupe_personne_0.schema">
					<SimpleData name="Numero de Parcelle">050440000E1615</SimpleData>
					<SimpleData name="Departement">05</SimpleData>
					<SimpleData name="Commune">CREVOUX</SimpleData>
					<SimpleData name="Adresse">MOURETTE</SimpleData>
					<SimpleData name="Groupe de personne">Personnes morales non remarquables</SimpleData>
					<SimpleData name="Forme Juridique Abregee">SCI</SimpleData>
					<SimpleData name="Denomination">SCI CIMASA</SimpleData>
				</SchemaData>
			</ExtendedData>
	<Region>
		<LatLonAltBox>
			<north> 44.5464409778222 </north>
			<south> 44.5459277295218 </south>
			<east> 6.60426064967169 </east>
			<west> 6.60382673102899 </west>
		</LatLonAltBox>
		<Lod>
			<minLodPixels>100</minLodPixels>
			<maxLodPixels>-1</maxLodPixels>
		</Lod>
	</Region>
			<Polygon><altitudeMode>relativeToGround</altitudeMode>
				<outerBoundaryIs>
					<LinearRing>
						<coordinates>							6.60426064967169,44.5459277295218,0 6.60410306942236,44.5459879383342,0 6.603866118169339,44.5460780447926,0 6.60382673102899,44.5460868109409,0 6.60384135390373,44.546335507284,0 6.603851366268869,44.5464409778222,0 6.60388028038772,44.5464280478747,0 6.603946475768659,44.5464167840037,0 6.60403348894132,44.5462362309047,0 6.60416571824145,44.5462664267452,0 6.60419572697291,44.5461522593686,0 6.604150455927141,44.5461359850174,0 6.6042243584753,44.5460027209239,0 6.60426064967169,44.5459277295218,0 
						</coordinates>
					</LinearRing>
				</outerBoundaryIs>
			</Polygon>
		</Placemark>
		<Placemark id="parcelles-des-personnes-morales_05_groupe_personne_0.16318">
		<styleUrl>#personne_morale</styleUrl>			<visibility>0</visibility>
			<ExtendedData>
				<SchemaData schemaUrl="#parcelles-des-personnes-morales_05_groupe_personne_0.schema">
					<SimpleData name="Numero de Parcelle">050440000E1617</SimpleData>
					<SimpleData name="Departement">05</SimpleData>
					<SimpleData name="Commune">CREVOUX</SimpleData>
					<SimpleData name="Adresse">MOURETTE</SimpleData>
					<SimpleData name="Groupe de personne">Personnes morales non remarquables</SimpleData>
					<SimpleData name="Forme Juridique Abregee">SCI</SimpleData>
					<SimpleData name="Denomination">SCI CIMASA</SimpleData>
				</SchemaData>
			</ExtendedData>
	<Region>
		<LatLonAltBox>
			<north> 44.5461522593686 </north>
			<south> 44.5458370484743 </south>
			<east> 6.604473393658891 </east>
			<west> 6.604150455927141 </west>
		</LatLonAltBox>
		<Lod>
			<minLodPixels>100</minLodPixels>
			<maxLodPixels>-1</maxLodPixels>
		</Lod>
	</Region>
			<Polygon><altitudeMode>relativeToGround</altitudeMode>
				<outerBoundaryIs>
					<LinearRing>
						<coordinates>							6.60426064967169,44.5459277295218,0 6.6042243584753,44.5460027209239,0 6.604150455927141,44.5461359850174,0 6.60419572697291,44.5461522593686,0 6.60421232995452,44.5461261237675,0 6.604230868245919,44.5461105587742,0 6.60426950368836,44.5460742411787,0 6.604303839875399,44.5460357209583,0 6.60433801499779,44.5460124357902,0 6.60437205470815,44.5459949225334,0 6.60441316095109,44.5459637509693,0 6.604428924957631,44.5459422387148,0 6.60445373182732,44.5459024977399,0 6.604473393658891,44.5458611224877,0 6.60440481579425,44.5458370484743,0 6.60429753572192,44.545909402375,0 6.60426064967169,44.5459277295218,0 
						</coordinates>
					</LinearRing>
				</outerBoundaryIs>
			</Polygon>
		</Placemark>
		<Placemark id="parcelles-des-personnes-morales_05_groupe_personne_0.16337">
		<styleUrl>#personne_morale</styleUrl>			<visibility>0</visibility>
			<ExtendedData>
				<SchemaData schemaUrl="#parcelles-des-personnes-morales_05_groupe_personne_0.schema">
					<SimpleData name="Numero de Parcelle">050440000E1619</SimpleData>
					<SimpleData name="Departement">05</SimpleData>
					<SimpleData name="Commune">CREVOUX</SimpleData>
					<SimpleData name="Adresse">MOURETTE</SimpleData>
					<SimpleData name="Groupe de personne">Personnes morales non remarquables</SimpleData>
					<SimpleData name="Forme Juridique Abregee">SCI</SimpleData>
					<SimpleData name="Denomination">SCI CIMASA</SimpleData>
				</SchemaData>
			</ExtendedData>
	<Region>
		<LatLonAltBox>
			<north> 44.5464167840037 </north>
			<south> 44.5462362309047 </south>
			<east> 6.60416571824145 </east>
			<west> 6.603946475768659 </west>
		</LatLonAltBox>
		<Lod>
			<minLodPixels>100</minLodPixels>
			<maxLodPixels>-1</maxLodPixels>
		</Lod>
	</Region>
			<Polygon><altitudeMode>relativeToGround</altitudeMode>
				<outerBoundaryIs>
					<LinearRing>
						<coordinates>							6.60416571824145,44.5462664267452,0 6.60403348894132,44.5462362309047,0 6.603946475768659,44.5464167840037,0 6.6039659900353,44.5464145245228,0 6.604018252357791,44.5463942533844,0 6.604068780370091,44.5463665591423,0 6.604083736313229,44.5463560676305,0 6.60411617866318,44.546329324565,0 6.60414444177279,44.5463002848346,0 6.60416571824145,44.5462664267452,0 
						</coordinates>
					</LinearRing>
				</outerBoundaryIs>
			</Polygon>
		</Placemark>
		<Placemark id="parcelles-des-personnes-morales_05_groupe_personne_0.16417">
		<styleUrl>#personne_morale</styleUrl>			<visibility>0</visibility>
			<ExtendedData>
				<SchemaData schemaUrl="#parcelles-des-personnes-morales_05_groupe_personne_0.schema">
					<SimpleData name="Numero de Parcelle">050440000E1620</SimpleData>
					<SimpleData name="Departement">05</SimpleData>
					<SimpleData name="Commune">CREVOUX</SimpleData>
					<SimpleData name="Adresse">MOURETTE</SimpleData>
					<SimpleData name="Groupe de personne">Personnes morales non remarquables</SimpleData>
					<SimpleData name="Forme Juridique Abregee">SCI</SimpleData>
					<SimpleData name="Denomination">SCI CIMASA</SimpleData>
				</SchemaData>
			</ExtendedData>
	<Region>
		<LatLonAltBox>
			<north> 44.546335507284 </north>
			<south> 44.5459662153912 </south>
			<east> 6.60384135390373 </east>
			<west> 6.60328052853798 </west>
		</LatLonAltBox>
		<Lod>
			<minLodPixels>100</minLodPixels>
			<maxLodPixels>-1</maxLodPixels>
		</Lod>
	</Region>
			<Polygon><altitudeMode>relativeToGround</altitudeMode>
				<outerBoundaryIs>
					<LinearRing>
						<coordinates>							6.60328052853798,44.5462873164392,0 6.60384135390373,44.546335507284,0 6.60382673102899,44.5460868109409,0 6.60381902922176,44.5459662153912,0 6.60340270155432,44.5460613682179,0 6.60333989208873,44.5460782886955,0 6.60329032406524,44.5461052303112,0 6.60328052853798,44.5462873164392,0 
						</coordinates>
					</LinearRing>
				</outerBoundaryIs>
			</Polygon>
		</Placemark>
		<Placemark id="parcelles-des-personnes-morales_05_groupe_personne_0.17137">
		<styleUrl>#personne_morale</styleUrl>			<visibility>0</visibility>
			<ExtendedData>
				<SchemaData schemaUrl="#parcelles-des-personnes-morales_05_groupe_personne_0.schema">
					<SimpleData name="Numero de Parcelle">050440000E1661</SimpleData>
					<SimpleData name="Departement">05</SimpleData>
					<SimpleData name="Commune">CREVOUX</SimpleData>
					<SimpleData name="Adresse">PRA VESQUA</SimpleData>
					<SimpleData name="Groupe de personne">Personnes morales non remarquables</SimpleData>
					<SimpleData name="Forme Juridique Abregee">SCI</SimpleData>
					<SimpleData name="Denomination">BOYER ET BAYARD</SimpleData>
				</SchemaData>
			</ExtendedData>
	<Region>
		<LatLonAltBox>
			<north> 44.5463215583266 </north>
			<south> 44.5459561008126 </south>
			<east> 6.606155401662111 </east>
			<west> 6.60578080240114 </west>
		</LatLonAltBox>
		<Lod>
			<minLodPixels>100</minLodPixels>
			<maxLodPixels>-1</maxLodPixels>
		</Lod>
	</Region>
			<Polygon><altitudeMode>relativeToGround</altitudeMode>
				<outerBoundaryIs>
					<LinearRing>
						<coordinates>							6.60578080240114,44.5462496168446,0 6.606149460939639,44.5463215583266,0 6.606155401662111,44.5462764857669,0 6.60615162895562,44.546243085438,0 6.60614772972541,44.5461741830376,0 6.606149123638369,44.5461052878839,0 6.60609278318739,44.5459651043689,0 6.606059443751491,44.5459561008126,0 6.606080573444301,44.546048140934,0 6.605899653395659,44.5460842427742,0 6.60581248277225,44.5461695487364,0 6.60578080240114,44.5462496168446,0 
						</coordinates>
					</LinearRing>
				</outerBoundaryIs>
			</Polygon>
		</Placemark>
		<Placemark id="parcelles-des-personnes-morales_05_groupe_personne_0.17154">
		<styleUrl>#personne_morale</styleUrl>			<visibility>0</visibility>
			<ExtendedData>
				<SchemaData schemaUrl="#parcelles-des-personnes-morales_05_groupe_personne_0.schema">
					<SimpleData name="Numero de Parcelle">050440000D1663</SimpleData>
					<SimpleData name="Departement">05</SimpleData>
					<SimpleData name="Commune">CREVOUX</SimpleData>
					<SimpleData name="Adresse">LA CROIX</SimpleData>
					<SimpleData name="Groupe de personne">Personnes morales non remarquables</SimpleData>
					<SimpleData name="Forme Juridique Abregee">GAEC</SimpleData>
					<SimpleData name="Denomination">PASCAL</SimpleData>
				</SchemaData>
			</ExtendedData>
	<Region>
		<LatLonAltBox>
			<north> 44.5187351703746 </north>
			<south> 44.5180441936087 </south>
			<east> 6.65109615576141 </east>
			<west> 6.64988880447015 </west>
		</LatLonAltBox>
		<Lod>
			<minLodPixels>100</minLodPixels>
			<maxLodPixels>-1</maxLodPixels>
		</Lod>
	</Region>
			<Polygon><altitudeMode>relativeToGround</altitudeMode>
				<outerBoundaryIs>
					<LinearRing>
						<coordinates>							6.650944916594071,44.5187351703746,0 6.65109615576141,44.5183548196744,0 6.65014562513705,44.5180441936087,0 6.65008578841475,44.5181142135113,0 6.649971076631129,44.5182160589841,0 6.64992528500317,44.5182675902557,0 6.64988880447015,44.5183228686921,0 6.650944916594071,44.5187351703746,0 
						</coordinates>
					</LinearRing>
				</outerBoundaryIs>
			</Polygon>
		</Placemark>
		<Placemark id="parcelles-des-personnes-morales_05_groupe_personne_0.17167">
		<styleUrl>#personne_morale</styleUrl>			<visibility>0</visibility>
			<ExtendedData>
				<SchemaData schemaUrl="#parcelles-des-personnes-morales_05_groupe_personne_0.schema">
					<SimpleData name="Numero de Parcelle">050440000D1664</SimpleData>
					<SimpleData name="Departement">05</SimpleData>
					<SimpleData name="Commune">CREVOUX</SimpleData>
					<SimpleData name="Adresse">LA CROIX</SimpleData>
					<SimpleData name="Groupe de personne">Personnes morales non remarquables</SimpleData>
					<SimpleData name="Forme Juridique Abregee">GAEC</SimpleData>
					<SimpleData name="Denomination">PASCAL</SimpleData>
				</SchemaData>
			</ExtendedData>
	<Region>
		<LatLonAltBox>
			<north> 44.518297039502 </north>
			<south> 44.5176156828822 </south>
			<east> 6.65009006863024 </east>
			<west> 6.64878750898629 </west>
		</LatLonAltBox>
		<Lod>
			<minLodPixels>100</minLodPixels>
			<maxLodPixels>-1</maxLodPixels>
		</Lod>
	</Region>
			<Polygon><altitudeMode>relativeToGround</altitudeMode>
				<outerBoundaryIs>
					<LinearRing>
						<coordinates>							6.64880294330156,44.5176156828822,0 6.64881821381618,44.5177603584646,0 6.64878750898629,44.5178835749559,0 6.64984418319277,44.518297039502,0 6.64987436578863,44.51825539717,0 6.64992141738888,44.5182116645334,0 6.65009006863024,44.5180284592509,0 6.64880294330156,44.5176156828822,0 
						</coordinates>
					</LinearRing>
				</outerBoundaryIs>
			</Polygon>
		</Placemark>
		<Placemark id="parcelles-des-personnes-morales_05_groupe_personne_0.17618">
		<styleUrl>#personne_morale</styleUrl>			<visibility>0</visibility>
			<ExtendedData>
				<SchemaData schemaUrl="#parcelles-des-personnes-morales_05_groupe_personne_0.schema">
					<SimpleData name="Numero de Parcelle">050440000E1695</SimpleData>
					<SimpleData name="Departement">05</SimpleData>
					<SimpleData name="Commune">CREVOUX</SimpleData>
					<SimpleData name="Adresse">CHAMP LA FONT</SimpleData>
					<SimpleData name="Groupe de personne">Personnes morales non remarquables</SimpleData>
					<SimpleData name="Forme Juridique Abregee">SYCO</SimpleData>
					<SimpleData name="Denomination">SYNDICAT DES COPROPRIETAIRES DE L IMMEUBLE E1069</SimpleData>
				</SchemaData>
			</ExtendedData>
	<Region>
		<LatLonAltBox>
			<north> 44.5473040084455 </north>
			<south> 44.5471177857805 </south>
			<east> 6.60821152049258 </east>
			<west> 6.60799522427575 </west>
		</LatLonAltBox>
		<Lod>
			<minLodPixels>100</minLodPixels>
			<maxLodPixels>-1</maxLodPixels>
		</Lod>
	</Region>
			<Polygon><altitudeMode>relativeToGround</altitudeMode>
				<outerBoundaryIs>
					<LinearRing>
						<coordinates>							6.60820069625142,44.5473040084455,0 6.60821152049258,44.5472978869785,0 6.60799522427575,44.5471177857805,0 6.60799610268756,44.5471886794589,0 6.60820069625142,44.5473040084455,0 
						</coordinates>
					</LinearRing>
				</outerBoundaryIs>
			</Polygon>
		</Placemark>
		<Placemark id="parcelles-des-personnes-morales_05_groupe_personne_0.17980">
		<styleUrl>#personne_morale</styleUrl>			<visibility>0</visibility>
			<ExtendedData>
				<SchemaData schemaUrl="#parcelles-des-personnes-morales_05_groupe_personne_0.schema">
					<SimpleData name="Numero de Parcelle">050440000D1711</SimpleData>
					<SimpleData name="Departement">05</SimpleData>
					<SimpleData name="Commune">CREVOUX</SimpleData>
					<SimpleData name="Adresse">FONT LES FILLES</SimpleData>
					<SimpleData name="Groupe de personne">Personnes morales non remarquables</SimpleData>
					<SimpleData name="Forme Juridique Abregee">SC</SimpleData>
					<SimpleData name="Denomination">SOCIETE CIVILE COLBER</SimpleData>
				</SchemaData>
			</ExtendedData>
	<Region>
		<LatLonAltBox>
			<north> 44.5150609577308 </north>
			<south> 44.5139513389621 </south>
			<east> 6.64649459477878 </east>
			<west> 6.64615057991539 </west>
		</LatLonAltBox>
		<Lod>
			<minLodPixels>100</minLodPixels>
			<maxLodPixels>-1</maxLodPixels>
		</Lod>
	</Region>
			<Polygon><altitudeMode>relativeToGround</altitudeMode>
				<outerBoundaryIs>
					<LinearRing>
						<coordinates>							6.646433839808979,44.5139513389621,0 6.64615057991539,44.5150609577308,0 6.646213153410829,44.5150547434271,0 6.6463000948887,44.515039702865,0 6.64638404644651,44.5150173714008,0 6.6464635173061,44.5149880686884,0 6.64649459477878,44.513971589218,0 6.646433839808979,44.5139513389621,0 
						</coordinates>
					</LinearRing>
				</outerBoundaryIs>
			</Polygon>
		</Placemark>
		<Placemark id="parcelles-des-personnes-morales_05_groupe_personne_0.17985">
		<styleUrl>#personne_morale</styleUrl>			<visibility>0</visibility>
			<ExtendedData>
				<SchemaData schemaUrl="#parcelles-des-personnes-morales_05_groupe_personne_0.schema">
					<SimpleData name="Numero de Parcelle">050440000D1712</SimpleData>
					<SimpleData name="Departement">05</SimpleData>
					<SimpleData name="Commune">CREVOUX</SimpleData>
					<SimpleData name="Adresse">FONT LES FILLES</SimpleData>
					<SimpleData name="Groupe de personne">Personnes morales non remarquables</SimpleData>
					<SimpleData name="Forme Juridique Abregee">SC</SimpleData>
					<SimpleData name="Denomination">SOCIETE CIVILE COLBER</SimpleData>
				</SchemaData>
			</ExtendedData>
	<Region>
		<LatLonAltBox>
			<north> 44.5157587933696 </north>
			<south> 44.5150402612985 </south>
			<east> 6.646462921441309 </east>
			<west> 6.64599859470173 </west>
		</LatLonAltBox>
		<Lod>
			<minLodPixels>100</minLodPixels>
			<maxLodPixels>-1</maxLodPixels>
		</Lod>
	</Region>
			<Polygon><altitudeMode>relativeToGround</altitudeMode>
				<outerBoundaryIs>
					<LinearRing>
						<coordinates>							6.64599859470173,44.5156466142718,0 6.646195395737551,44.5157587933696,0 6.646462921441309,44.5152674548806,0 6.64644673632271,44.5150402612985,0 6.646336891160121,44.5150711991359,0 6.646223947761681,44.51509511996,0 6.64613550172448,44.5151083177212,0 6.64599859470173,44.5156466142718,0 
						</coordinates>
					</LinearRing>
				</outerBoundaryIs>
			</Polygon>
		</Placemark>
		<Placemark id="parcelles-des-personnes-morales_05_groupe_personne_0.18594">
		<styleUrl>#personne_morale</styleUrl>			<visibility>0</visibility>
			<ExtendedData>
				<SchemaData schemaUrl="#parcelles-des-personnes-morales_05_groupe_personne_0.schema">
					<SimpleData name="Numero de Parcelle">050440000D1760</SimpleData>
					<SimpleData name="Departement">05</SimpleData>
					<SimpleData name="Commune">CREVOUX</SimpleData>
					<SimpleData name="Adresse">LES ECUELLES</SimpleData>
					<SimpleData name="Groupe de personne">Personnes morales non remarquables</SimpleData>
					<SimpleData name="Forme Juridique Abregee">GAEC</SimpleData>
					<SimpleData name="Denomination">PASCAL</SimpleData>
				</SchemaData>
			</ExtendedData>
	<Region>
		<LatLonAltBox>
			<north> 44.5096440283137 </north>
			<south> 44.5094121929545 </south>
			<east> 6.641031654625949 </east>
			<west> 6.64036690041671 </west>
		</LatLonAltBox>
		<Lod>
			<minLodPixels>100</minLodPixels>
			<maxLodPixels>-1</maxLodPixels>
		</Lod>
	</Region>
			<Polygon><altitudeMode>relativeToGround</altitudeMode>
				<outerBoundaryIs>
					<LinearRing>
						<coordinates>							6.64066786335291,44.5094121929545,0 6.64036690041671,44.5096001116056,0 6.64081366038814,44.5096440283137,0 6.641031654625949,44.5095033661619,0 6.64096524876572,44.5095223207179,0 6.64089489711501,44.5095250040911,0 6.64082480080198,44.5095199288653,0 6.64075648528276,44.5095073150294,0 6.640729315731101,44.5095000113686,0 6.640697929991809,44.5094683348893,0 6.64067586321571,44.5094327460184,0 6.64066786335291,44.5094121929545,0 
						</coordinates>
					</LinearRing>
				</outerBoundaryIs>
			</Polygon>
		</Placemark>
		<Placemark id="parcelles-des-personnes-morales_05_groupe_personne_0.18606">
		<styleUrl>#personne_morale</styleUrl>			<visibility>0</visibility>
			<ExtendedData>
				<SchemaData schemaUrl="#parcelles-des-personnes-morales_05_groupe_personne_0.schema">
					<SimpleData name="Numero de Parcelle">050440000D1761</SimpleData>
					<SimpleData name="Departement">05</SimpleData>
					<SimpleData name="Commune">CREVOUX</SimpleData>
					<SimpleData name="Adresse">LES ECUELLES</SimpleData>
					<SimpleData name="Groupe de personne">Personnes morales non remarquables</SimpleData>
					<SimpleData name="Forme Juridique Abregee">GAEC</SimpleData>
					<SimpleData name="Denomination">PASCAL</SimpleData>
				</SchemaData>
			</ExtendedData>
	<Region>
		<LatLonAltBox>
			<north> 44.5109172555245 </north>
			<south> 44.5096284404121 </south>
			<east> 6.64077633227113 </east>
			<west> 6.638585592166211 </west>
		</LatLonAltBox>
		<Lod>
			<minLodPixels>100</minLodPixels>
			<maxLodPixels>-1</maxLodPixels>
		</Lod>
	</Region>
			<Polygon><altitudeMode>relativeToGround</altitudeMode>
				<outerBoundaryIs>
					<LinearRing>
						<coordinates>							6.63880289052915,44.5109172555245,0 6.64077633227113,44.5096647262081,0 6.6405665514903,44.5096437158456,0 6.64031407014119,44.5096284404121,0 6.638585592166211,44.5107014747447,0 6.63880289052915,44.5109172555245,0 
						</coordinates>
					</LinearRing>
				</outerBoundaryIs>
			</Polygon>
		</Placemark>
		<Placemark id="parcelles-des-personnes-morales_05_groupe_personne_0.21953">
		<styleUrl>#personne_morale</styleUrl>			<visibility>0</visibility>
			<ExtendedData>
				<SchemaData schemaUrl="#parcelles-des-personnes-morales_05_groupe_personne_0.schema">
					<SimpleData name="Numero de Parcelle">050440000D0201</SimpleData>
					<SimpleData name="Departement">05</SimpleData>
					<SimpleData name="Commune">CREVOUX</SimpleData>
					<SimpleData name="Adresse">COMBE MATTE</SimpleData>
					<SimpleData name="Groupe de personne">Personnes morales non remarquables</SimpleData>
					<SimpleData name="Forme Juridique Abregee">GAEC</SimpleData>
					<SimpleData name="Denomination">PASCAL</SimpleData>
				</SchemaData>
			</ExtendedData>
	<Region>
		<LatLonAltBox>
			<north> 44.5395710020593 </north>
			<south> 44.5386446606618 </south>
			<east> 6.617455721297181 </east>
			<west> 6.616344879892901 </west>
		</LatLonAltBox>
		<Lod>
			<minLodPixels>100</minLodPixels>
			<maxLodPixels>-1</maxLodPixels>
		</Lod>
	</Region>
			<Polygon><altitudeMode>relativeToGround</altitudeMode>
				<outerBoundaryIs>
					<LinearRing>
						<coordinates>							6.616365633782789,44.5395710020593,0 6.61710528954723,44.5393806681498,0 6.61715858182517,44.5395319406268,0 6.617288198117821,44.5393543948498,0 6.61735301787092,44.5391979882579,0 6.61740692191899,44.5390541054078,0 6.617455721297181,44.5389092183773,0 6.61744729197785,44.5388583079691,0 6.61741804378978,44.5388010510076,0 6.61738384691511,44.5387452179457,0 6.61734483863014,44.5386909845134,0 6.61730646339241,44.5386446606618,0 6.617062095403501,44.5387480169687,0 6.61711062175174,44.5389763159515,0 6.617112704607939,44.5390127452844,0 6.6171217512187,44.5391067116797,0 6.617136318766391,44.5392003168369,0 6.61696475747443,44.5391657489927,0 6.61657261325765,44.5393540632474,0 6.61639968581005,44.5393846942958,0 6.616344879892901,44.5393946013318,0 6.616365633782789,44.5395710020593,0 
						</coordinates>
					</LinearRing>
				</outerBoundaryIs>
			</Polygon>
		</Placemark>
		<Placemark id="parcelles-des-personnes-morales_05_groupe_personne_0.23275">
		<styleUrl>#personne_morale</styleUrl>			<visibility>0</visibility>
			<ExtendedData>
				<SchemaData schemaUrl="#parcelles-des-personnes-morales_05_groupe_personne_0.schema">
					<SimpleData name="Numero de Parcelle">050440000D0212</SimpleData>
					<SimpleData name="Departement">05</SimpleData>
					<SimpleData name="Commune">CREVOUX</SimpleData>
					<SimpleData name="Adresse">COMBE MATTE</SimpleData>
					<SimpleData name="Groupe de personne">Personnes morales non remarquables</SimpleData>
					<SimpleData name="Forme Juridique Abregee">GAEC</SimpleData>
					<SimpleData name="Denomination">PASCAL</SimpleData>
				</SchemaData>
			</ExtendedData>
	<Region>
		<LatLonAltBox>
			<north> 44.5406314785769 </north>
			<south> 44.53982886208 </south>
			<east> 6.61525977203842 </east>
			<west> 6.61423309773193 </west>
		</LatLonAltBox>
		<Lod>
			<minLodPixels>100</minLodPixels>
			<maxLodPixels>-1</maxLodPixels>
		</Lod>
	</Region>
			<Polygon><altitudeMode>relativeToGround</altitudeMode>
				<outerBoundaryIs>
					<LinearRing>
						<coordinates>							6.614731144852711,44.53982886208,0 6.6146809677895,44.5399543274653,0 6.61461179886529,44.5400586967274,0 6.61454229854541,44.5401637977392,0 6.61423309773193,44.540628299522,0 6.61425434405549,44.5406314785769,0 6.61427596566932,44.540630680164,0 6.61429672820142,44.5406263051896,0 6.61431305428706,44.5406195522556,0 6.614387510721649,44.540583949864,0 6.61450606611832,44.540508963238,0 6.61455216846495,44.5404870863169,0 6.61460098717634,44.5404682744952,0 6.61465217383742,44.5404529897718,0 6.61470509399533,44.5404411628125,0 6.61473377804925,44.5404365282217,0 6.61478892767947,44.5404831144435,0 6.614840066219199,44.5405319948814,0 6.6148554777947,44.5405483419126,0 6.61491815576742,44.5405963936527,0 6.61497472502178,44.540623828365,0 6.61525977203842,44.5399338306777,0 6.614990739617961,44.539880464951,0 6.614731144852711,44.53982886208,0 
						</coordinates>
					</LinearRing>
				</outerBoundaryIs>
			</Polygon>
		</Placemark>
		<Placemark id="parcelles-des-personnes-morales_05_groupe_personne_0.23410">
		<styleUrl>#personne_morale</styleUrl>			<visibility>0</visibility>
			<ExtendedData>
				<SchemaData schemaUrl="#parcelles-des-personnes-morales_05_groupe_personne_0.schema">
					<SimpleData name="Numero de Parcelle">050440000B0213</SimpleData>
					<SimpleData name="Departement">05</SimpleData>
					<SimpleData name="Commune">CREVOUX</SimpleData>
					<SimpleData name="Adresse">LES ARNAUDS</SimpleData>
					<SimpleData name="Groupe de personne">Personnes morales non remarquables</SimpleData>
					<SimpleData name="Forme Juridique Abregee">SC</SimpleData>
					<SimpleData name="Denomination">SOCIETE CIVILE COLBER</SimpleData>
				</SchemaData>
			</ExtendedData>
	<Region>
		<LatLonAltBox>
			<north> 44.5466261756585 </north>
			<south> 44.5463984619053 </south>
			<east> 6.62592864345846 </east>
			<west> 6.62549709651467 </west>
		</LatLonAltBox>
		<Lod>
			<minLodPixels>100</minLodPixels>
			<maxLodPixels>-1</maxLodPixels>
		</Lod>
	</Region>
			<Polygon><altitudeMode>relativeToGround</altitudeMode>
				<outerBoundaryIs>
					<LinearRing>
						<coordinates>							6.62550814443781,44.5465695258709,0 6.62553386131291,44.5466108562466,0 6.62556130949167,44.5466261756585,0 6.625603727994531,44.5466077495112,0 6.6256517984059,44.5465458808438,0 6.62592864345846,44.5464710874795,0 6.62588995184391,44.5463984619053,0 6.62558769589655,44.5464857153988,0 6.62549709651467,44.5465466383538,0 6.62550814443781,44.5465695258709,0 
						</coordinates>
					</LinearRing>
				</outerBoundaryIs>
			</Polygon>
		</Placemark>
		<Placemark id="parcelles-des-personnes-morales_05_groupe_personne_0.23524">
		<styleUrl>#personne_morale</styleUrl>			<visibility>0</visibility>
			<ExtendedData>
				<SchemaData schemaUrl="#parcelles-des-personnes-morales_05_groupe_personne_0.schema">
					<SimpleData name="Numero de Parcelle">050440000B0214</SimpleData>
					<SimpleData name="Departement">05</SimpleData>
					<SimpleData name="Commune">CREVOUX</SimpleData>
					<SimpleData name="Adresse">LES ARNAUDS</SimpleData>
					<SimpleData name="Groupe de personne">Personnes morales non remarquables</SimpleData>
					<SimpleData name="Forme Juridique Abregee">SC</SimpleData>
					<SimpleData name="Denomination">SOCIETE CIVILE COLBER</SimpleData>
				</SchemaData>
			</ExtendedData>
	<Region>
		<LatLonAltBox>
			<north> 44.5466435006492 </north>
			<south> 44.5463830869322 </south>
			<east> 6.62550814443781 </east>
			<west> 6.62524863309998 </west>
		</LatLonAltBox>
		<Lod>
			<minLodPixels>100</minLodPixels>
			<maxLodPixels>-1</maxLodPixels>
		</Lod>
	</Region>
			<Polygon><altitudeMode>relativeToGround</altitudeMode>
				<outerBoundaryIs>
					<LinearRing>
						<coordinates>							6.625417152450279,44.5463830869322,0 6.625362501686779,44.5464268776813,0 6.62531608525175,44.546475264245,0 6.62527900026553,44.5465276698783,0 6.62524863309998,44.5465904887426,0 6.62527812472969,44.5466435006492,0 6.62550814443781,44.5465695258709,0 6.62549709651467,44.5465466383538,0 6.625417152450279,44.5463830869322,0 
						</coordinates>
					</LinearRing>
				</outerBoundaryIs>
			</Polygon>
		</Placemark>
		<Placemark id="parcelles-des-personnes-morales_05_groupe_personne_0.23616">
		<styleUrl>#personne_morale</styleUrl>			<visibility>0</visibility>
			<ExtendedData>
				<SchemaData schemaUrl="#parcelles-des-personnes-morales_05_groupe_personne_0.schema">
					<SimpleData name="Numero de Parcelle">050440000B0215</SimpleData>
					<SimpleData name="Departement">05</SimpleData>
					<SimpleData name="Commune">CREVOUX</SimpleData>
					<SimpleData name="Adresse">LES ARNAUDS</SimpleData>
					<SimpleData name="Groupe de personne">Personnes morales non remarquables</SimpleData>
					<SimpleData name="Forme Juridique Abregee">SC</SimpleData>
					<SimpleData name="Denomination">SOCIETE CIVILE COLBER</SimpleData>
				</SchemaData>
			</ExtendedData>
	<Region>
		<LatLonAltBox>
			<north> 44.5472212421291 </north>
			<south> 44.5461593746704 </south>
			<east> 6.62588551621941 </east>
			<west> 6.62433076950315 </west>
		</LatLonAltBox>
		<Lod>
			<minLodPixels>100</minLodPixels>
			<maxLodPixels>-1</maxLodPixels>
		</Lod>
	</Region>
			<Polygon><altitudeMode>relativeToGround</altitudeMode>
				<outerBoundaryIs>
					<LinearRing>
						<coordinates>							6.62463575269282,44.5466190943239,0 6.62471232792034,44.5467655443407,0 6.62477925336233,44.5468932062526,0 6.62478807789374,44.5468912942325,0 6.62481778972941,44.5469830498869,0 6.62496389790983,44.5469603164729,0 6.62497303713442,44.547161430615,0 6.62512747322227,44.5472212421291,0 6.62508099192077,44.5471332817183,0 6.625762094431311,44.5470209651482,0 6.62570498056845,44.5469087520566,0 6.62556130949167,44.5466261756585,0 6.62553386131291,44.5466108562466,0 6.62550814443781,44.5465695258709,0 6.62527812472969,44.5466435006492,0 6.62524863309998,44.5465904887426,0 6.62527900026553,44.5465276698783,0 6.62531608525175,44.546475264245,0 6.625362501686779,44.5464268776813,0 6.625417152450279,44.5463830869322,0 6.6254892956336,44.5463408842408,0 6.62588551621941,44.5462254903836,0 6.62584069021365,44.5461593746704,0 6.6256315333989,44.5461873351703,0 6.62542449070859,44.546222705622,0 6.625241925935821,44.5462605157137,0 6.624831186919721,44.546277434314,0 6.62462451267321,44.5463008955272,0 6.62455025606975,44.5463121663808,0 6.62447874818676,44.5463309168253,0 6.6244115891248,44.5463565535967,0 6.62435026479252,44.5463886674221,0 6.62433076950315,44.5464010231516,0 6.624331326642111,44.5464136214043,0 6.62448442530798,44.546434997149,0 6.62448260215799,44.5465380621918,0 6.62459489953435,44.5465343733838,0 6.62463575269282,44.5466190943239,0 
						</coordinates>
					</LinearRing>
				</outerBoundaryIs>
			</Polygon>
		</Placemark>
		<Placemark id="parcelles-des-personnes-morales_05_groupe_personne_0.23665">
		<styleUrl>#personne_morale</styleUrl>			<visibility>0</visibility>
			<ExtendedData>
				<SchemaData schemaUrl="#parcelles-des-personnes-morales_05_groupe_personne_0.schema">
					<SimpleData name="Numero de Parcelle">050440000D0216</SimpleData>
					<SimpleData name="Departement">05</SimpleData>
					<SimpleData name="Commune">CREVOUX</SimpleData>
					<SimpleData name="Adresse">COMBE MATTE</SimpleData>
					<SimpleData name="Groupe de personne">Personnes morales non remarquables</SimpleData>
					<SimpleData name="Forme Juridique Abregee">GAEC</SimpleData>
					<SimpleData name="Denomination">PASCAL</SimpleData>
				</SchemaData>
			</ExtendedData>
	<Region>
		<LatLonAltBox>
			<north> 44.5399543274653 </north>
			<south> 44.5387339872253 </south>
			<east> 6.615378277907809 </east>
			<west> 6.6134467349098 </west>
		</LatLonAltBox>
		<Lod>
			<minLodPixels>100</minLodPixels>
			<maxLodPixels>-1</maxLodPixels>
		</Lod>
	</Region>
			<Polygon><altitudeMode>relativeToGround</altitudeMode>
				<outerBoundaryIs>
					<LinearRing>
						<coordinates>							6.61378874617341,44.5394585313797,0 6.61347960710168,44.5396721419173,0 6.6134467349098,44.5399085151265,0 6.61378187683211,44.539793993226,0 6.614014154614871,44.5397712450458,0 6.61433141334511,44.5397670702859,0 6.6146809677895,44.5399543274653,0 6.614731144852711,44.53982886208,0 6.61479179518552,44.539306266267,0 6.615141326577571,44.5393594278338,0 6.61531708173597,44.539347360438,0 6.615378277907809,44.5388196096293,0 6.615111846404201,44.5387339872253,0 6.61466661031229,44.5391104872498,0 6.614542815951431,44.539241338334,0 6.61448663771009,44.5393085139845,0 6.61442352997868,44.539476037114,0 6.61423680902219,44.5394585433055,0 6.61384195651259,44.5394217327824,0 6.61378874617341,44.5394585313797,0 
						</coordinates>
					</LinearRing>
				</outerBoundaryIs>
			</Polygon>
		</Placemark>
		<Placemark id="parcelles-des-personnes-morales_05_groupe_personne_0.23695">
		<styleUrl>#personne_morale</styleUrl>			<visibility>0</visibility>
			<ExtendedData>
				<SchemaData schemaUrl="#parcelles-des-personnes-morales_05_groupe_personne_0.schema">
					<SimpleData name="Numero de Parcelle">050440000B0216</SimpleData>
					<SimpleData name="Departement">05</SimpleData>
					<SimpleData name="Commune">CREVOUX</SimpleData>
					<SimpleData name="Adresse">LES ARNAUDS</SimpleData>
					<SimpleData name="Groupe de personne">Personnes morales non remarquables</SimpleData>
					<SimpleData name="Forme Juridique Abregee">SC</SimpleData>
					<SimpleData name="Denomination">SOCIETE CIVILE COLBER</SimpleData>
				</SchemaData>
			</ExtendedData>
	<Region>
		<LatLonAltBox>
			<north> 44.5467592856547 </north>
			<south> 44.546434997149 </south>
			<east> 6.62463575269282 </east>
			<west> 6.62401159438727 </west>
		</LatLonAltBox>
		<Lod>
			<minLodPixels>100</minLodPixels>
			<maxLodPixels>-1</maxLodPixels>
		</Lod>
	</Region>
			<Polygon><altitudeMode>relativeToGround</altitudeMode>
				<outerBoundaryIs>
					<LinearRing>
						<coordinates>							6.62463575269282,44.5466190943239,0 6.62459489953435,44.5465343733838,0 6.62448260215799,44.5465380621918,0 6.62448442530798,44.546434997149,0 6.62423991607866,44.5464599707762,0 6.62401159438727,44.5466055310888,0 6.62412644270845,44.5467592856547,0 6.62463575269282,44.5466190943239,0 
						</coordinates>
					</LinearRing>
				</outerBoundaryIs>
			</Polygon>
		</Placemark>
		<Placemark id="parcelles-des-personnes-morales_05_groupe_personne_0.26179">
		<styleUrl>#personne_morale</styleUrl>			<visibility>0</visibility>
			<ExtendedData>
				<SchemaData schemaUrl="#parcelles-des-personnes-morales_05_groupe_personne_0.schema">
					<SimpleData name="Numero de Parcelle">050440000D0242</SimpleData>
					<SimpleData name="Departement">05</SimpleData>
					<SimpleData name="Commune">CREVOUX</SimpleData>
					<SimpleData name="Adresse">COMBE MATTE</SimpleData>
					<SimpleData name="Groupe de personne">Personnes morales non remarquables</SimpleData>
					<SimpleData name="Forme Juridique Abregee">GAEC</SimpleData>
					<SimpleData name="Denomination">PASCAL</SimpleData>
				</SchemaData>
			</ExtendedData>
	<Region>
		<LatLonAltBox>
			<north> 44.5393678850439 </north>
			<south> 44.5383178512349 </south>
			<east> 6.612940837402799 </east>
			<west> 6.61227470024045 </west>
		</LatLonAltBox>
		<Lod>
			<minLodPixels>100</minLodPixels>
			<maxLodPixels>-1</maxLodPixels>
		</Lod>
	</Region>
			<Polygon><altitudeMode>relativeToGround</altitudeMode>
				<outerBoundaryIs>
					<LinearRing>
						<coordinates>							6.612940837402799,44.5393259825584,0 6.612844169055261,44.5383178512349,0 6.612786210582989,44.5383690433705,0 6.612698373578,44.538435722761,0 6.612606825793491,44.5384995497137,0 6.61251157874354,44.538560704077,0 6.61243693924986,44.538605232831,0 6.61227470024045,44.5387004820209,0 6.61252809329935,44.5393678850439,0 6.612940837402799,44.5393259825584,0 
						</coordinates>
					</LinearRing>
				</outerBoundaryIs>
			</Polygon>
		</Placemark>
		<Placemark id="parcelles-des-personnes-morales_05_groupe_personne_0.26352">
		<styleUrl>#personne_morale</styleUrl>			<visibility>0</visibility>
			<ExtendedData>
				<SchemaData schemaUrl="#parcelles-des-personnes-morales_05_groupe_personne_0.schema">
					<SimpleData name="Numero de Parcelle">050440000B0244</SimpleData>
					<SimpleData name="Departement">05</SimpleData>
					<SimpleData name="Commune">CREVOUX</SimpleData>
					<SimpleData name="Adresse">LE SERRE</SimpleData>
					<SimpleData name="Groupe de personne">Personnes morales non remarquables</SimpleData>
					<SimpleData name="Forme Juridique Abregee">SC</SimpleData>
					<SimpleData name="Denomination">SOCIETE CIVILE COLBER</SimpleData>
				</SchemaData>
			</ExtendedData>
	<Region>
		<LatLonAltBox>
			<north> 44.5470352338952 </north>
			<south> 44.5468516094071 </south>
			<east> 6.62413540064831 </east>
			<west> 6.62388123533963 </west>
		</LatLonAltBox>
		<Lod>
			<minLodPixels>100</minLodPixels>
			<maxLodPixels>-1</maxLodPixels>
		</Lod>
	</Region>
			<Polygon><altitudeMode>relativeToGround</altitudeMode>
				<outerBoundaryIs>
					<LinearRing>
						<coordinates>							6.62388123533963,44.5468636755283,0 6.62390674536044,44.5470352338952,0 6.62401487655166,44.5470314121835,0 6.624088425359459,44.5470287262016,0 6.6241296162429,44.5469852880908,0 6.62413540064831,44.5469242682884,0 6.624108680731639,44.5468516094071,0 6.62388123533963,44.5468636755283,0 
						</coordinates>
					</LinearRing>
				</outerBoundaryIs>
			</Polygon>
		</Placemark>
		<Placemark id="parcelles-des-personnes-morales_05_groupe_personne_0.27653">
		<styleUrl>#personne_morale</styleUrl>			<visibility>0</visibility>
			<ExtendedData>
				<SchemaData schemaUrl="#parcelles-des-personnes-morales_05_groupe_personne_0.schema">
					<SimpleData name="Numero de Parcelle">050440000B0026</SimpleData>
					<SimpleData name="Departement">05</SimpleData>
					<SimpleData name="Commune">CREVOUX</SimpleData>
					<SimpleData name="Adresse">CHAMP DU ROI</SimpleData>
					<SimpleData name="Groupe de personne">Personnes morales non remarquables</SimpleData>
					<SimpleData name="Forme Juridique Abregee">SC</SimpleData>
					<SimpleData name="Denomination">SOCIETE CIVILE COLBER</SimpleData>
				</SchemaData>
			</ExtendedData>
	<Region>
		<LatLonAltBox>
			<north> 44.5479666907138 </north>
			<south> 44.5479326571731 </south>
			<east> 6.6191390154593 </east>
			<west> 6.61895516554112 </west>
		</LatLonAltBox>
		<Lod>
			<minLodPixels>100</minLodPixels>
			<maxLodPixels>-1</maxLodPixels>
		</Lod>
	</Region>
			<Polygon><altitudeMode>relativeToGround</altitudeMode>
				<outerBoundaryIs>
					<LinearRing>
						<coordinates>							6.61895886055076,44.5479666907138,0 6.6191390154593,44.5479560057498,0 6.61895516554112,44.5479326571731,0 6.61895886055076,44.5479666907138,0 
						</coordinates>
					</LinearRing>
				</outerBoundaryIs>
			</Polygon>
		</Placemark>
		<Placemark id="parcelles-des-personnes-morales_05_groupe_personne_0.28109">
		<styleUrl>#personne_morale</styleUrl>			<visibility>0</visibility>
			<ExtendedData>
				<SchemaData schemaUrl="#parcelles-des-personnes-morales_05_groupe_personne_0.schema">
					<SimpleData name="Numero de Parcelle">050440000D0265</SimpleData>
					<SimpleData name="Departement">05</SimpleData>
					<SimpleData name="Commune">CREVOUX</SimpleData>
					<SimpleData name="Adresse">LES RAYSSES</SimpleData>
					<SimpleData name="Groupe de personne">Personnes morales non remarquables</SimpleData>
					<SimpleData name="Forme Juridique Abregee">GAEC</SimpleData>
					<SimpleData name="Denomination">PASCAL</SimpleData>
				</SchemaData>
			</ExtendedData>
	<Region>
		<LatLonAltBox>
			<north> 44.5408194074101 </north>
			<south> 44.5404551902995 </south>
			<east> 6.61530459087981 </east>
			<west> 6.61449928305619 </west>
		</LatLonAltBox>
		<Lod>
			<minLodPixels>100</minLodPixels>
			<maxLodPixels>-1</maxLodPixels>
		</Lod>
	</Region>
			<Polygon><altitudeMode>relativeToGround</altitudeMode>
				<outerBoundaryIs>
					<LinearRing>
						<coordinates>							6.61509775944023,44.5408194074101,0 6.61530459087981,44.5407317947059,0 6.615218484590619,44.5406956854276,0 6.615134318360879,44.5406642887468,0 6.61494818244268,44.5406363231938,0 6.614909226567979,44.5406163318348,0 6.61471153665532,44.5404551902995,0 6.614657576984589,44.5404684931985,0 6.614605739548679,44.5404854213597,0 6.61455625854041,44.5405056967611,0 6.61449928305619,44.5405348689452,0 6.61495275349621,44.5407135843827,0 6.61509775944023,44.5408194074101,0 
						</coordinates>
					</LinearRing>
				</outerBoundaryIs>
			</Polygon>
		</Placemark>
		<Placemark id="parcelles-des-personnes-morales_05_groupe_personne_0.28914">
		<styleUrl>#personne_morale</styleUrl>			<visibility>0</visibility>
			<ExtendedData>
				<SchemaData schemaUrl="#parcelles-des-personnes-morales_05_groupe_personne_0.schema">
					<SimpleData name="Numero de Parcelle">050440000B0273</SimpleData>
					<SimpleData name="Departement">05</SimpleData>
					<SimpleData name="Commune">CREVOUX</SimpleData>
					<SimpleData name="Adresse">LA CHALP</SimpleData>
					<SimpleData name="Groupe de personne">Personnes morales non remarquables</SimpleData>
					<SimpleData name="Forme Juridique Abregee">SCI</SimpleData>
					<SimpleData name="Denomination">LA MAISON DU PAPI ET DE LA MAMIE</SimpleData>
				</SchemaData>
			</ExtendedData>
	<Region>
		<LatLonAltBox>
			<north> 44.5479451728752 </north>
			<south> 44.5478183654856 </south>
			<east> 6.621392261181489 </east>
			<west> 6.6211530199372 </west>
		</LatLonAltBox>
		<Lod>
			<minLodPixels>100</minLodPixels>
			<maxLodPixels>-1</maxLodPixels>
		</Lod>
	</Region>
			<Polygon><altitudeMode>relativeToGround</altitudeMode>
				<outerBoundaryIs>
					<LinearRing>
						<coordinates>							6.62116748588411,44.5478387192297,0 6.6211530199372,44.5479451728752,0 6.62120218944924,44.5479415766675,0 6.621386560634879,44.547927865872,0 6.621392261181489,44.5478183654856,0 6.621283319695469,44.5478272577827,0 6.62120955525016,44.5478344548415,0 6.62116748588411,44.5478387192297,0 
						</coordinates>
					</LinearRing>
				</outerBoundaryIs>
			</Polygon>
		</Placemark>
		<Placemark id="parcelles-des-personnes-morales_05_groupe_personne_0.30141">
		<styleUrl>#personne_morale</styleUrl>			<visibility>0</visibility>
			<ExtendedData>
				<SchemaData schemaUrl="#parcelles-des-personnes-morales_05_groupe_personne_0.schema">
					<SimpleData name="Numero de Parcelle">050440000B0286</SimpleData>
					<SimpleData name="Departement">05</SimpleData>
					<SimpleData name="Commune">CREVOUX</SimpleData>
					<SimpleData name="Adresse">LA CHALP</SimpleData>
					<SimpleData name="Groupe de personne">Personnes morales non remarquables</SimpleData>
					<SimpleData name="Forme Juridique Abregee">SC</SimpleData>
					<SimpleData name="Denomination">SOCIETE CIVILE COLBER</SimpleData>
				</SchemaData>
			</ExtendedData>
	<Region>
		<LatLonAltBox>
			<north> 44.5481764435408 </north>
			<south> 44.5480345610472 </south>
			<east> 6.62058498931023 </east>
			<west> 6.62041405185507 </west>
		</LatLonAltBox>
		<Lod>
			<minLodPixels>100</minLodPixels>
			<maxLodPixels>-1</maxLodPixels>
		</Lod>
	</Region>
			<Polygon><altitudeMode>relativeToGround</altitudeMode>
				<outerBoundaryIs>
					<LinearRing>
						<coordinates>							6.62051340106216,44.5480345610472,0 6.62048234052767,44.5480473856461,0 6.620447302962171,44.5480532213952,0 6.62042131054876,44.5480527224468,0 6.62041405185507,44.5480927928035,0 6.62056446992567,44.5481764435408,0 6.62058498931023,44.5480582562596,0 6.62051340106216,44.5480345610472,0 
						</coordinates>
					</LinearRing>
				</outerBoundaryIs>
			</Polygon>
		</Placemark>
		<Placemark id="parcelles-des-personnes-morales_05_groupe_personne_0.32332">
		<styleUrl>#personne_morale</styleUrl>			<visibility>0</visibility>
			<ExtendedData>
				<SchemaData schemaUrl="#parcelles-des-personnes-morales_05_groupe_personne_0.schema">
					<SimpleData name="Numero de Parcelle">050440000B0313</SimpleData>
					<SimpleData name="Departement">05</SimpleData>
					<SimpleData name="Commune">CREVOUX</SimpleData>
					<SimpleData name="Adresse">LA CHALP</SimpleData>
					<SimpleData name="Groupe de personne">Personnes morales non remarquables</SimpleData>
					<SimpleData name="Forme Juridique Abregee">SC</SimpleData>
					<SimpleData name="Denomination">SOCIETE CIVILE COLBER</SimpleData>
				</SchemaData>
			</ExtendedData>
	<Region>
		<LatLonAltBox>
			<north> 44.54856115521 </north>
			<south> 44.5483251180214 </south>
			<east> 6.62106438576118 </east>
			<west> 6.62070884582712 </west>
		</LatLonAltBox>
		<Lod>
			<minLodPixels>100</minLodPixels>
			<maxLodPixels>-1</maxLodPixels>
		</Lod>
	</Region>
			<Polygon><altitudeMode>relativeToGround</altitudeMode>
				<outerBoundaryIs>
					<LinearRing>
						<coordinates>							6.6207276595346,44.5483373568357,0 6.62070884582712,44.5484683750871,0 6.62073377009234,44.5484699003227,0 6.62075675506873,44.5484785184008,0 6.62077306117506,44.5484930330721,0 6.62096250254768,44.5485229540889,0 6.62097123224109,44.5485431244412,0 6.62106438576118,44.54856115521,0 6.62103197346255,44.5483251180214,0 6.6209852357938,44.5483332303656,0 6.620899861789029,44.5483421599385,0 6.62081349422491,44.5483434620064,0 6.6207276595346,44.5483373568357,0 
						</coordinates>
					</LinearRing>
				</outerBoundaryIs>
			</Polygon>
		</Placemark>
		<Placemark id="parcelles-des-personnes-morales_05_groupe_personne_0.32453">
		<styleUrl>#personne_morale</styleUrl>			<visibility>0</visibility>
			<ExtendedData>
				<SchemaData schemaUrl="#parcelles-des-personnes-morales_05_groupe_personne_0.schema">
					<SimpleData name="Numero de Parcelle">050440000B0315</SimpleData>
					<SimpleData name="Departement">05</SimpleData>
					<SimpleData name="Commune">CREVOUX</SimpleData>
					<SimpleData name="Adresse">LA CHALP</SimpleData>
					<SimpleData name="Groupe de personne">Personnes morales non remarquables</SimpleData>
					<SimpleData name="Forme Juridique Abregee">SC</SimpleData>
					<SimpleData name="Denomination">SOCIETE CIVILE COLBER</SimpleData>
				</SchemaData>
			</ExtendedData>
	<Region>
		<LatLonAltBox>
			<north> 44.5483373568357 </north>
			<south> 44.5482510169456 </south>
			<east> 6.6207276595346 </east>
			<west> 6.62054284069962 </west>
		</LatLonAltBox>
		<Lod>
			<minLodPixels>100</minLodPixels>
			<maxLodPixels>-1</maxLodPixels>
		</Lod>
	</Region>
			<Polygon><altitudeMode>relativeToGround</altitudeMode>
				<outerBoundaryIs>
					<LinearRing>
						<coordinates>							6.62054284069962,44.5483028679842,0 6.6207276595346,44.5483373568357,0 6.62054934343302,44.5482510169456,0 6.62054284069962,44.5483028679842,0 
						</coordinates>
					</LinearRing>
				</outerBoundaryIs>
			</Polygon>
		</Placemark>
		<Placemark id="parcelles-des-personnes-morales_05_groupe_personne_0.33282">
		<styleUrl>#personne_morale</styleUrl>			<visibility>0</visibility>
			<ExtendedData>
				<SchemaData schemaUrl="#parcelles-des-personnes-morales_05_groupe_personne_0.schema">
					<SimpleData name="Numero de Parcelle">050440000B0328</SimpleData>
					<SimpleData name="Departement">05</SimpleData>
					<SimpleData name="Commune">CREVOUX</SimpleData>
					<SimpleData name="Adresse">LA CHALP</SimpleData>
					<SimpleData name="Groupe de personne">Personnes morales non remarquables</SimpleData>
					<SimpleData name="Forme Juridique Abregee">SCI</SimpleData>
					<SimpleData name="Denomination">TELEMAK</SimpleData>
				</SchemaData>
			</ExtendedData>
	<Region>
		<LatLonAltBox>
			<north> 44.5479738606002 </north>
			<south> 44.5476058634338 </south>
			<east> 6.620214058783781 </east>
			<west> 6.61990630011824 </west>
		</LatLonAltBox>
		<Lod>
			<minLodPixels>100</minLodPixels>
			<maxLodPixels>-1</maxLodPixels>
		</Lod>
	</Region>
			<Polygon><altitudeMode>relativeToGround</altitudeMode>
				<outerBoundaryIs>
					<LinearRing>
						<coordinates>							6.62003839640279,44.5476058634338,0 6.620024289291029,44.5476845487192,0 6.6199886038243,44.5477352843756,0 6.619968234796621,44.5477320775356,0 6.619960318706,44.5478503017718,0 6.61990630011824,44.5478608153585,0 6.620168871094119,44.5479738606002,0 6.6201669141176,44.5478353232085,0 6.620214058783781,44.5478296310376,0 6.620205041959881,44.5476812320518,0 6.62020164249953,44.5476262814452,0 6.62003839640279,44.5476058634338,0 
						</coordinates>
					</LinearRing>
				</outerBoundaryIs>
			</Polygon>
		</Placemark>
		<Placemark id="parcelles-des-personnes-morales_05_groupe_personne_0.36876">
		<styleUrl>#personne_morale</styleUrl>			<visibility>0</visibility>
			<ExtendedData>
				<SchemaData schemaUrl="#parcelles-des-personnes-morales_05_groupe_personne_0.schema">
					<SimpleData name="Numero de Parcelle">050440000B0384</SimpleData>
					<SimpleData name="Departement">05</SimpleData>
					<SimpleData name="Commune">CREVOUX</SimpleData>
					<SimpleData name="Adresse">LES RIBES</SimpleData>
					<SimpleData name="Groupe de personne">Personnes morales non remarquables</SimpleData>
					<SimpleData name="Forme Juridique Abregee">SC</SimpleData>
					<SimpleData name="Denomination">SOCIETE CIVILE COLBER</SimpleData>
				</SchemaData>
			</ExtendedData>
	<Region>
		<LatLonAltBox>
			<north> 44.5470202950406 </north>
			<south> 44.5466980809808 </south>
			<east> 6.61970421710328 </east>
			<west> 6.61914352388811 </west>
		</LatLonAltBox>
		<Lod>
			<minLodPixels>100</minLodPixels>
			<maxLodPixels>-1</maxLodPixels>
		</Lod>
	</Region>
			<Polygon><altitudeMode>relativeToGround</altitudeMode>
				<outerBoundaryIs>
					<LinearRing>
						<coordinates>							6.6196504972176,44.5470202950406,0 6.61960504103918,44.5469796109438,0 6.61970421710328,44.5468617274616,0 6.61942690795706,44.5467251033067,0 6.61933739158452,44.5468324863402,0 6.619272391961011,44.5468014549674,0 6.61919894994087,44.5467213158172,0 6.61914352388811,44.5466980809808,0 6.61916906874782,44.5467564506298,0 6.61920477551874,44.5468121438983,0 6.61924957474555,44.5468642045577,0 6.619273870524,44.5468873790291,0 6.619539692640929,44.5469883331975,0 6.6196504972176,44.5470202950406,0 
						</coordinates>
					</LinearRing>
				</outerBoundaryIs>
			</Polygon>
		</Placemark>
		<Placemark id="parcelles-des-personnes-morales_05_groupe_personne_0.37732">
		<styleUrl>#personne_morale</styleUrl>			<visibility>0</visibility>
			<ExtendedData>
				<SchemaData schemaUrl="#parcelles-des-personnes-morales_05_groupe_personne_0.schema">
					<SimpleData name="Numero de Parcelle">050440000B0397</SimpleData>
					<SimpleData name="Departement">05</SimpleData>
					<SimpleData name="Commune">CREVOUX</SimpleData>
					<SimpleData name="Adresse">LES RIBES</SimpleData>
					<SimpleData name="Groupe de personne">Personnes morales non remarquables</SimpleData>
					<SimpleData name="Forme Juridique Abregee">SC</SimpleData>
					<SimpleData name="Denomination">SOCIETE CIVILE COLBER</SimpleData>
				</SchemaData>
			</ExtendedData>
	<Region>
		<LatLonAltBox>
			<north> 44.5478820981558 </north>
			<south> 44.5471089738724 </south>
			<east> 6.61916464760925 </east>
			<west> 6.61860333833663 </west>
		</LatLonAltBox>
		<Lod>
			<minLodPixels>100</minLodPixels>
			<maxLodPixels>-1</maxLodPixels>
		</Lod>
	</Region>
			<Polygon><altitudeMode>relativeToGround</altitudeMode>
				<outerBoundaryIs>
					<LinearRing>
						<coordinates>							6.618735489690389,44.5471089738724,0 6.61860333833663,44.5471430467001,0 6.618712658324881,44.5474407259545,0 6.61874205296219,44.5475041061876,0 6.618633350806419,44.547561922089,0 6.61869108243496,44.5475975178815,0 6.61874134600969,44.5476384952896,0 6.61878211100682,44.5476826679663,0 6.61881959208463,44.5477620943489,0 6.6188376189013,44.5478584701085,0 6.618818909779299,44.547879180007,0 6.61894700810597,44.5478820981558,0 6.6189603525179,44.5478465144743,0 6.61916464760925,44.5478369302016,0 6.61910361631363,44.5477400724932,0 6.618973880239849,44.5476114035195,0 6.61885960340041,44.5474860123677,0 6.618735489690389,44.5471089738724,0 
						</coordinates>
					</LinearRing>
				</outerBoundaryIs>
			</Polygon>
		</Placemark>
		<Placemark id="parcelles-des-personnes-morales_05_groupe_personne_0.39046">
		<styleUrl>#personne_morale</styleUrl>			<visibility>0</visibility>
			<ExtendedData>
				<SchemaData schemaUrl="#parcelles-des-personnes-morales_05_groupe_personne_0.schema">
					<SimpleData name="Numero de Parcelle">050440000A0042</SimpleData>
					<SimpleData name="Departement">05</SimpleData>
					<SimpleData name="Commune">CREVOUX</SimpleData>
					<SimpleData name="Adresse">CHAMP ROND</SimpleData>
					<SimpleData name="Groupe de personne">Personnes morales non remarquables</SimpleData>
					<SimpleData name="Forme Juridique Abregee">AUPM</SimpleData>
					<SimpleData name="Denomination">ELECTRICITE DE FRANCE   CENTRE DE DISTRIBUTION MIXTE DE GAP</SimpleData>
				</SchemaData>
			</ExtendedData>
	<Region>
		<LatLonAltBox>
			<north> 44.5601825667399 </north>
			<south> 44.5575674516372 </south>
			<east> 6.55981303423572 </east>
			<west> 6.55558359076419 </west>
		</LatLonAltBox>
		<Lod>
			<minLodPixels>100</minLodPixels>
			<maxLodPixels>-1</maxLodPixels>
		</Lod>
	</Region>
			<Polygon><altitudeMode>relativeToGround</altitudeMode>
				<outerBoundaryIs>
					<LinearRing>
						<coordinates>							6.55780658915993,44.5601466931323,0 6.55765535512913,44.5600230637248,0 6.557639535699121,44.5600100563568,0 6.55752508973019,44.5599401211661,0 6.557346658938271,44.5598489083526,0 6.55713642835524,44.559735109976,0 6.55707982282597,44.5596849378393,0 6.55704064091882,44.5596412331265,0 6.5569360154827,44.5595131269076,0 6.55687804266235,44.5594652516302,0 6.556835704430481,44.5594334536713,0 6.55678963128782,44.5594043894027,0 6.55674009748512,44.5593784104421,0 6.55668773762071,44.5593555864497,0 6.556632808931491,44.5593359992469,0 6.55657558566106,44.5593200004529,0 6.55651669106274,44.5593074798648,0 6.55645664527964,44.5592986910642,0 6.5564406601443,44.559297043397,0 6.55636233782206,44.5592842476032,0 6.55628529254333,44.5592677158839,0 6.556210170259799,44.5592476977741,0 6.556130900310101,44.5592218656548,0 6.5561058707251,44.5592087042712,0 6.55608430755271,44.5591925475085,0 6.55606701085844,44.5591740905117,0 6.55605425488655,44.5591536849074,0 6.5560465937943,44.5591321238786,0 6.55604406158763,44.5591099470215,0 6.55604512076742,44.5590967560814,0 6.556081043870559,44.5590327883674,0 6.556163813581981,44.5588561992094,0 6.55619461413631,44.5586749764644,0 6.55627660430224,44.5585640161675,0 6.55631806017228,44.5585338435042,0 6.55636321370411,44.5585063452437,0 6.55641146432168,44.5584819913099,0 6.5564628063599,44.5584606917662,0 6.55650698680336,44.5584457508077,0 6.55675215327916,44.5583600807693,0 6.55689497687541,44.5583204231264,0 6.55703939935702,44.5582841381386,0 6.55718022287636,44.5582527450586,0 6.55740379911111,44.558210483992,0 6.55752002847482,44.5581968248613,0 6.55763725633757,44.558187008374,0 6.55770658120962,44.5581830614812,0 6.557954899311951,44.5581673967351,0 6.5580444722846,44.5581687444773,0 6.55813380704648,44.558166314987,0 6.55819142830728,44.55816265499,0 6.55841171474966,44.5581341954287,0 6.55852115536479,44.5581128239724,0 6.558643257604919,44.5580843756142,0 6.55886500343402,44.5580171185116,0 6.55891664171099,44.5580764614004,0 6.55901826126242,44.5580190251895,0 6.559184091132741,44.5579045478546,0 6.559340544127721,44.5578132619462,0 6.559638912614851,44.5576599952038,0 6.55981303423572,44.5575850803903,0 6.55980360340428,44.5575674516372,0 6.5596197503532,44.5576079859206,0 6.5594065951566,44.5576855110375,0 6.55922128370177,44.5577608761687,0 6.558980447003341,44.5578791240897,0 6.55873039921121,44.5579732472356,0 6.55866616050994,44.5579938823335,0 6.558599933895099,44.5580109768805,0 6.55853209672731,44.5580245187059,0 6.55846301502364,44.5580343157754,0 6.55839306614729,44.55804035592,0 6.55832275324541,44.5580426229165,0 6.558252448010231,44.5580410146657,0 6.558182293255129,44.5580357969097,0 6.55794525536886,44.5580304621532,0 6.557809197449039,44.5580354790843,0 6.557708281058661,44.558046121683,0 6.55738277103315,44.5581108635727,0 6.55712792908957,44.5581709838543,0 6.5566565241107,44.5582966575593,0 6.55643871638937,44.5583484636378,0 6.55641278004035,44.5583529040127,0 6.556359364972199,44.5583593112197,0 6.55630533444567,44.5583619533962,0 6.55625119727721,44.5583609042614,0 6.55619743960817,44.5583558778058,0 6.556144587261189,44.5583472175483,0 6.55610573744043,44.5583267515853,0 6.55606977456626,44.5583700842199,0 6.556030899188799,44.5584491962765,0 6.55602579849007,44.5585242463002,0 6.55602576317968,44.5585996738093,0 6.556027034272959,44.5586278388937,0 6.55601664193203,44.5586769260269,0 6.555977089299909,44.5587392984698,0 6.55592486385915,44.55879658218,0 6.55570890219699,44.5589697123555,0 6.55558359076419,44.5590572861697,0 6.555643182256199,44.5590908717301,0 6.55579658034175,44.5591549579035,0 6.55586921655667,44.5591935299886,0 6.55599100855054,44.5592900843936,0 6.55608353661564,44.5593382885749,0 6.556223758772641,44.5593992842367,0 6.55633709837061,44.5594377160073,0 6.55644800069456,44.5594794703515,0 6.5565308116151,44.5595134787561,0 6.55671340339223,44.5596027564034,0 6.55684670377078,44.5596838898473,0 6.55701333072093,44.5597998149523,0 6.55716818127943,44.5599028724423,0 6.557223122535631,44.5599326420255,0 6.55731601411317,44.5599565925345,0 6.557378689899561,44.5599670984331,0 6.55744021454947,44.5599813361264,0 6.557499570430001,44.5599991581872,0 6.55755674053724,44.5600202948217,0 6.55761135318629,44.5600448481295,0 6.55766288821829,44.5600725645359,0 6.55767886385616,44.5600820523705,0 6.55770786429161,44.5601022045355,0 6.5577328555258,44.5601247388114,0 6.557753706097599,44.5601495693232,0 6.55777280292804,44.5601825667399,0 6.55780658915993,44.5601466931323,0 
						</coordinates>
					</LinearRing>
				</outerBoundaryIs>
			</Polygon>
		</Placemark>
		<Placemark id="parcelles-des-personnes-morales_05_groupe_personne_0.39526">
		<styleUrl>#personne_morale</styleUrl>			<visibility>0</visibility>
			<ExtendedData>
				<SchemaData schemaUrl="#parcelles-des-personnes-morales_05_groupe_personne_0.schema">
					<SimpleData name="Numero de Parcelle">050440000A0043</SimpleData>
					<SimpleData name="Departement">05</SimpleData>
					<SimpleData name="Commune">CREVOUX</SimpleData>
					<SimpleData name="Adresse">CHAMP ROND</SimpleData>
					<SimpleData name="Groupe de personne">Personnes morales non remarquables</SimpleData>
					<SimpleData name="Forme Juridique Abregee">AUPM</SimpleData>
					<SimpleData name="Denomination">ELECTRICITE DE FRANCE   CENTRE DE DISTRIBUTION MIXTE DE GAP</SimpleData>
				</SchemaData>
			</ExtendedData>
	<Region>
		<LatLonAltBox>
			<north> 44.5583027049238 </north>
			<south> 44.5572929130362 </south>
			<east> 6.560296025003149 </east>
			<west> 6.55612488731864 </west>
		</LatLonAltBox>
		<Lod>
			<minLodPixels>100</minLodPixels>
			<maxLodPixels>-1</maxLodPixels>
		</Lod>
	</Region>
			<Polygon><altitudeMode>relativeToGround</altitudeMode>
				<outerBoundaryIs>
					<LinearRing>
						<coordinates>							6.560296025003149,44.5573895401707,0 6.560292474633801,44.5573772187902,0 6.56029396058453,44.5572929130362,0 6.56026193467065,44.557312690157,0 6.56022682848011,44.557329592829,0 6.56018911109236,44.5573430652258,0 6.56014929131413,44.5573531810469,0 6.560108101142329,44.5573595562162,0 6.560097580876329,44.5573606164988,0 6.55982028697974,44.5573624419068,0 6.5595160152641,44.5573601803814,0 6.559443176194959,44.5573743346948,0 6.559300505258301,44.5574143512904,0 6.55899589038262,44.557516542967,0 6.55871401114954,44.5575975445034,0 6.55854992406012,44.5576337448981,0 6.55838472372491,44.5576662862118,0 6.55830071768884,44.5576812503723,0 6.55814567078311,44.5577029204803,0 6.55798910706081,44.5577165288978,0 6.55787911730114,44.5577171910478,0 6.557792667357869,44.557703396737,0 6.557745393582881,44.5576872580944,0 6.55758588181578,44.5576081423308,0 6.557494059007781,44.5575810938259,0 6.55743344992831,44.5575813352917,0 6.55734187516994,44.5575941996893,0 6.55729665636534,44.5576066512491,0 6.557216576640739,44.5576459092347,0 6.55715558637933,44.5576860838494,0 6.55709553159572,44.5577410972796,0 6.557031412994889,44.5577936283104,0 6.557013733711991,44.5578070845741,0 6.55697003121909,44.557827597488,0 6.55686807203887,44.5578536826247,0 6.556688124060899,44.5578882285966,0 6.556552645374389,44.5579224226262,0 6.55646458010084,44.5579569810435,0 6.55637490535852,44.5580179949854,0 6.55626569662873,44.558117036067,0 6.55612488731864,44.5582906291933,0 6.556200389939799,44.5583027049238,0 6.55630472731308,44.5583003342005,0 6.556428474065379,44.5582679603957,0 6.55644385231476,44.5582599852898,0 6.55650885214181,44.5582294143246,0 6.55657669178504,44.5582019058356,0 6.55664689646326,44.558177925694,0 6.55674221603504,44.5581564703967,0 6.556887364358519,44.5581416997332,0 6.55709608807624,44.5581077579732,0 6.55723031574958,44.5580717111811,0 6.557405311511251,44.5580285827822,0 6.55758190611562,44.5579888269379,0 6.557682006366451,44.5579752369592,0 6.55788371368814,44.5579639585422,0 6.55790999103954,44.5579629311982,0 6.557988009654469,44.5579629392697,0 6.55806562621965,44.5579665648566,0 6.55814285776527,44.557974077757,0 6.558196468777551,44.5579747824559,0 6.55827524310761,44.5579727834256,0 6.55835376785894,44.5579668273153,0 6.55843131100502,44.5579572981881,0 6.558502866869621,44.5579387702984,0 6.55865013965702,44.5579037429716,0 6.55879890267662,44.5578723621151,0 6.55892711009738,44.5578328126122,0 6.55904770148231,44.5577824243793,0 6.55920786433422,44.5577039956231,0 6.55936270032111,44.5576330377564,0 6.55952025582472,44.5575652361016,0 6.55965274243895,44.557517617563,0 6.55987025935229,44.5574752764513,0 6.56006335722871,44.5574334522518,0 6.560254844215921,44.5573880750595,0 6.560296025003149,44.5573895401707,0 
						</coordinates>
					</LinearRing>
				</outerBoundaryIs>
			</Polygon>
		</Placemark>
		<Placemark id="parcelles-des-personnes-morales_05_groupe_personne_0.45754">
		<styleUrl>#personne_morale</styleUrl>			<visibility>0</visibility>
			<ExtendedData>
				<SchemaData schemaUrl="#parcelles-des-personnes-morales_05_groupe_personne_0.schema">
					<SimpleData name="Numero de Parcelle">050440000B0552</SimpleData>
					<SimpleData name="Departement">05</SimpleData>
					<SimpleData name="Commune">CREVOUX</SimpleData>
					<SimpleData name="Adresse">LES ROUBOUX</SimpleData>
					<SimpleData name="Groupe de personne">Personnes morales non remarquables</SimpleData>
					<SimpleData name="Forme Juridique Abregee">SC</SimpleData>
					<SimpleData name="Denomination">SOCIETE CIVILE COLBER</SimpleData>
				</SchemaData>
			</ExtendedData>
	<Region>
		<LatLonAltBox>
			<north> 44.5472709929879 </north>
			<south> 44.5468469600723 </south>
			<east> 6.63445044066877 </east>
			<west> 6.633645286576429 </west>
		</LatLonAltBox>
		<Lod>
			<minLodPixels>100</minLodPixels>
			<maxLodPixels>-1</maxLodPixels>
		</Lod>
	</Region>
			<Polygon><altitudeMode>relativeToGround</altitudeMode>
				<outerBoundaryIs>
					<LinearRing>
						<coordinates>							6.63437374254849,44.5469264532313,0 6.634354525135251,44.5468863525165,0 6.63433036451274,44.5468477663974,0 6.63431380400076,44.5468469600723,0 6.633645286576429,44.5470233504779,0 6.63369587662434,44.5470320481448,0 6.63378639085535,44.5470775512387,0 6.6338101226557,44.5471094828054,0 6.6338287970359,44.5471431129411,0 6.63383664339117,44.5471612387679,0 6.63385092386674,44.547210784388,0 6.63385064256341,44.5472709929879,0 6.63445044066877,44.5471135368854,0 6.63444222342205,44.54708965571,0 6.634410463248291,44.5470074320657,0 6.63437374254849,44.5469264532313,0 
						</coordinates>
					</LinearRing>
				</outerBoundaryIs>
			</Polygon>
		</Placemark>
		<Placemark id="parcelles-des-personnes-morales_05_groupe_personne_0.46182">
		<styleUrl>#personne_morale</styleUrl>			<visibility>0</visibility>
			<ExtendedData>
				<SchemaData schemaUrl="#parcelles-des-personnes-morales_05_groupe_personne_0.schema">
					<SimpleData name="Numero de Parcelle">050440000B0560</SimpleData>
					<SimpleData name="Departement">05</SimpleData>
					<SimpleData name="Commune">CREVOUX</SimpleData>
					<SimpleData name="Adresse">LES ROUBOUX</SimpleData>
					<SimpleData name="Groupe de personne">Personnes morales non remarquables</SimpleData>
					<SimpleData name="Forme Juridique Abregee">SC</SimpleData>
					<SimpleData name="Denomination">SOCIETE CIVILE COLBER</SimpleData>
				</SchemaData>
			</ExtendedData>
	<Region>
		<LatLonAltBox>
			<north> 44.5480904677448 </north>
			<south> 44.5477579723743 </south>
			<east> 6.63478957338912 </east>
			<west> 6.634209786276259 </west>
		</LatLonAltBox>
		<Lod>
			<minLodPixels>100</minLodPixels>
			<maxLodPixels>-1</maxLodPixels>
		</Lod>
	</Region>
			<Polygon><altitudeMode>relativeToGround</altitudeMode>
				<outerBoundaryIs>
					<LinearRing>
						<coordinates>							6.63468629186609,44.5477660686953,0 6.63458356166173,44.5477696328139,0 6.6345354083411,44.547777256888,0 6.634209786276259,44.5477579723743,0 6.63421439154923,44.5478099093661,0 6.634213715112909,44.5478620203157,0 6.6342104390641,44.547895291936,0 6.634254743694381,44.5478787828873,0 6.63430095249886,44.5480327159037,0 6.634411231746931,44.5480191705858,0 6.6344953785009,44.5480694789758,0 6.63449017724814,44.5480904677448,0 6.634534120545009,44.5480859562915,0 6.63457843866895,44.5480853075841,0 6.63462249705815,44.5480884524055,0 6.63463570887674,44.5480900899513,0 6.63478957338912,44.5479334417556,0 6.63476083144819,44.5479196090448,0 6.63470500937482,44.5479236106926,0 6.634649069758849,44.5479238311926,0 6.634617462951131,44.5479222588555,0 6.63464286271191,44.5478979011882,0 6.634680925203399,44.54784122434,0 6.63468629186609,44.5477660686953,0 
						</coordinates>
					</LinearRing>
				</outerBoundaryIs>
			</Polygon>
		</Placemark>
		<Placemark id="parcelles-des-personnes-morales_05_groupe_personne_0.46629">
		<styleUrl>#personne_morale</styleUrl>			<visibility>0</visibility>
			<ExtendedData>
				<SchemaData schemaUrl="#parcelles-des-personnes-morales_05_groupe_personne_0.schema">
					<SimpleData name="Numero de Parcelle">050440000C0057</SimpleData>
					<SimpleData name="Departement">05</SimpleData>
					<SimpleData name="Commune">CREVOUX</SimpleData>
					<SimpleData name="Adresse">JAFFEUIL</SimpleData>
					<SimpleData name="Groupe de personne">Personnes morales non remarquables</SimpleData>
					<SimpleData name="Forme Juridique Abregee">SAFR</SimpleData>
					<SimpleData name="Denomination">SOCIETE AMENAGEMENT FONCIER ET ETABLISSEMENT RURAL PROVENCE</SimpleData>
				</SchemaData>
			</ExtendedData>
	<Region>
		<LatLonAltBox>
			<north> 44.5130084623708 </north>
			<south> 44.5123915250364 </south>
			<east> 6.647574910375 </east>
			<west> 6.646740744033291 </west>
		</LatLonAltBox>
		<Lod>
			<minLodPixels>100</minLodPixels>
			<maxLodPixels>-1</maxLodPixels>
		</Lod>
	</Region>
			<Polygon><altitudeMode>relativeToGround</altitudeMode>
				<outerBoundaryIs>
					<LinearRing>
						<coordinates>							6.64734002210172,44.5123915250364,0 6.646740744033291,44.5125878859673,0 6.64699977386886,44.5130084623708,0 6.647166247223921,44.5129632145916,0 6.647328736635009,44.5129108888661,0 6.64748650542279,44.5128517799319,0 6.647574910375,44.5128146108927,0 6.64734002210172,44.5123915250364,0 
						</coordinates>
					</LinearRing>
				</outerBoundaryIs>
			</Polygon>
		</Placemark>
		<Placemark id="parcelles-des-personnes-morales_05_groupe_personne_0.47067">
		<styleUrl>#personne_morale</styleUrl>			<visibility>0</visibility>
			<ExtendedData>
				<SchemaData schemaUrl="#parcelles-des-personnes-morales_05_groupe_personne_0.schema">
					<SimpleData name="Numero de Parcelle">050440000C0058</SimpleData>
					<SimpleData name="Departement">05</SimpleData>
					<SimpleData name="Commune">CREVOUX</SimpleData>
					<SimpleData name="Adresse">JAFFEUIL</SimpleData>
					<SimpleData name="Groupe de personne">Personnes morales non remarquables</SimpleData>
					<SimpleData name="Forme Juridique Abregee">SAFR</SimpleData>
					<SimpleData name="Denomination">SOCIETE AMENAGEMENT FONCIER ET ETABLISSEMENT RURAL PROVENCE</SimpleData>
				</SchemaData>
			</ExtendedData>
	<Region>
		<LatLonAltBox>
			<north> 44.5133319434042 </north>
			<south> 44.5128328696078 </south>
			<east> 6.647732294247341 </east>
			<west> 6.64697086666783 </west>
		</LatLonAltBox>
		<Lod>
			<minLodPixels>100</minLodPixels>
			<maxLodPixels>-1</maxLodPixels>
		</Lod>
	</Region>
			<Polygon><altitudeMode>relativeToGround</altitudeMode>
				<outerBoundaryIs>
					<LinearRing>
						<coordinates>							6.647732294247341,44.5130926465308,0 6.64758415043054,44.5128328696078,0 6.64734174635016,44.512923165238,0 6.647063519949821,44.5130165375224,0 6.64697086666783,44.5130347415792,0 6.64707192893271,44.5133319434042,0 6.64740167133488,44.5132405620986,0 6.64766974080193,44.5131205795933,0 6.647732294247341,44.5130926465308,0 
						</coordinates>
					</LinearRing>
				</outerBoundaryIs>
			</Polygon>
		</Placemark>
		<Placemark id="parcelles-des-personnes-morales_05_groupe_personne_0.47482">
		<styleUrl>#personne_morale</styleUrl>			<visibility>0</visibility>
			<ExtendedData>
				<SchemaData schemaUrl="#parcelles-des-personnes-morales_05_groupe_personne_0.schema">
					<SimpleData name="Numero de Parcelle">050440000C0059</SimpleData>
					<SimpleData name="Departement">05</SimpleData>
					<SimpleData name="Commune">CREVOUX</SimpleData>
					<SimpleData name="Adresse">JAFFEUIL</SimpleData>
					<SimpleData name="Groupe de personne">Personnes morales non remarquables</SimpleData>
					<SimpleData name="Forme Juridique Abregee">SC</SimpleData>
					<SimpleData name="Denomination">SOCIETE CIVILE COLBER</SimpleData>
				</SchemaData>
			</ExtendedData>
	<Region>
		<LatLonAltBox>
			<north> 44.5133980738849 </north>
			<south> 44.5130347415792 </south>
			<east> 6.64707192893271 </east>
			<west> 6.64586356229368 </west>
		</LatLonAltBox>
		<Lod>
			<minLodPixels>100</minLodPixels>
			<maxLodPixels>-1</maxLodPixels>
		</Lod>
	</Region>
			<Polygon><altitudeMode>relativeToGround</altitudeMode>
				<outerBoundaryIs>
					<LinearRing>
						<coordinates>							6.646832621101691,44.5133980738849,0 6.64707192893271,44.5133319434042,0 6.64697086666783,44.5130347415792,0 6.64680234623615,44.5130678006791,0 6.64639478877809,44.5130931733419,0 6.645986491804059,44.5131109990156,0 6.64586356229368,44.513114792927,0 6.64595162469194,44.5133980064876,0 6.64610982779371,44.5133689847003,0 6.64616785805579,44.5133685079037,0 6.64630683834696,44.5133675173227,0 6.6468205222811,44.5133882005183,0 6.646832621101691,44.5133980738849,0 
						</coordinates>
					</LinearRing>
				</outerBoundaryIs>
			</Polygon>
		</Placemark>
		<Placemark id="parcelles-des-personnes-morales_05_groupe_personne_0.47600">
		<styleUrl>#personne_morale</styleUrl>			<visibility>0</visibility>
			<ExtendedData>
				<SchemaData schemaUrl="#parcelles-des-personnes-morales_05_groupe_personne_0.schema">
					<SimpleData name="Numero de Parcelle">050440000B0593</SimpleData>
					<SimpleData name="Departement">05</SimpleData>
					<SimpleData name="Commune">CREVOUX</SimpleData>
					<SimpleData name="Adresse">LES ROUBOUX</SimpleData>
					<SimpleData name="Groupe de personne">Personnes morales non remarquables</SimpleData>
					<SimpleData name="Forme Juridique Abregee">SC</SimpleData>
					<SimpleData name="Denomination">SOCIETE CIVILE COLBER</SimpleData>
				</SchemaData>
			</ExtendedData>
	<Region>
		<LatLonAltBox>
			<north> 44.5465766657104 </north>
			<south> 44.5462370720162 </south>
			<east> 6.63520722331868 </east>
			<west> 6.63476949666451 </west>
		</LatLonAltBox>
		<Lod>
			<minLodPixels>100</minLodPixels>
			<maxLodPixels>-1</maxLodPixels>
		</Lod>
	</Region>
			<Polygon><altitudeMode>relativeToGround</altitudeMode>
				<outerBoundaryIs>
					<LinearRing>
						<coordinates>							6.63510503286327,44.5465645084181,0 6.63516277075976,44.5464298612564,0 6.63520722331868,44.5463276439313,0 6.635122176705929,44.546312241805,0 6.63493508345972,44.5462542408084,0 6.634832532710169,44.5462370720162,0 6.634801532518111,44.546389673016,0 6.63476949666451,44.5465614133106,0 6.63488918915296,44.5465766657104,0 6.63491516261363,44.5465220992744,0 6.63507486291813,44.5465578422476,0 6.63510503286327,44.5465645084181,0 
						</coordinates>
					</LinearRing>
				</outerBoundaryIs>
			</Polygon>
		</Placemark>
		<Placemark id="parcelles-des-personnes-morales_05_groupe_personne_0.47630">
		<styleUrl>#personne_morale</styleUrl>			<visibility>0</visibility>
			<ExtendedData>
				<SchemaData schemaUrl="#parcelles-des-personnes-morales_05_groupe_personne_0.schema">
					<SimpleData name="Numero de Parcelle">050440000B0594</SimpleData>
					<SimpleData name="Departement">05</SimpleData>
					<SimpleData name="Commune">CREVOUX</SimpleData>
					<SimpleData name="Adresse">LES ROUBOUX</SimpleData>
					<SimpleData name="Groupe de personne">Personnes morales non remarquables</SimpleData>
					<SimpleData name="Forme Juridique Abregee">SC</SimpleData>
					<SimpleData name="Denomination">SOCIETE CIVILE COLBER</SimpleData>
				</SchemaData>
			</ExtendedData>
	<Region>
		<LatLonAltBox>
			<north> 44.5464655227284 </north>
			<south> 44.5461906317801 </south>
			<east> 6.63533872208138 </east>
			<west> 6.634832532710169 </west>
		</LatLonAltBox>
		<Lod>
			<minLodPixels>100</minLodPixels>
			<maxLodPixels>-1</maxLodPixels>
		</Lod>
	</Region>
			<Polygon><altitudeMode>relativeToGround</altitudeMode>
				<outerBoundaryIs>
					<LinearRing>
						<coordinates>							6.63516277075976,44.5464298612564,0 6.63528390394697,44.5464655227284,0 6.635329741609251,44.5463456865441,0 6.63533872208138,44.5463129478958,0 6.63532097642144,44.5462898313088,0 6.63527910761056,44.5462854431307,0 6.63521471257839,44.5462756690006,0 6.635151703229109,44.5462619740741,0 6.635127513977,44.5462503345934,0 6.635075781465991,44.546221939223,0 6.63502764196493,44.5461906317801,0 6.63483444747485,44.5462100634245,0 6.634832532710169,44.5462370720162,0 6.63493508345972,44.5462542408084,0 6.635122176705929,44.546312241805,0 6.63520722331868,44.5463276439313,0 6.63516277075976,44.5464298612564,0 
						</coordinates>
					</LinearRing>
				</outerBoundaryIs>
			</Polygon>
		</Placemark>
		<Placemark id="parcelles-des-personnes-morales_05_groupe_personne_0.51167">
		<styleUrl>#personne_morale</styleUrl>			<visibility>0</visibility>
			<ExtendedData>
				<SchemaData schemaUrl="#parcelles-des-personnes-morales_05_groupe_personne_0.schema">
					<SimpleData name="Numero de Parcelle">050440000B0674</SimpleData>
					<SimpleData name="Departement">05</SimpleData>
					<SimpleData name="Commune">CREVOUX</SimpleData>
					<SimpleData name="Adresse">LES CASSES</SimpleData>
					<SimpleData name="Groupe de personne">Personnes morales non remarquables</SimpleData>
					<SimpleData name="Forme Juridique Abregee">SAFR</SimpleData>
					<SimpleData name="Denomination">SOCIETE AMENAGEMENT FONCIER ET ETABLISSEMENT RURAL PROVENCE</SimpleData>
				</SchemaData>
			</ExtendedData>
	<Region>
		<LatLonAltBox>
			<north> 44.5421778082395 </north>
			<south> 44.5417909335091 </south>
			<east> 6.644077837038549 </east>
			<west> 6.64367144256474 </west>
		</LatLonAltBox>
		<Lod>
			<minLodPixels>100</minLodPixels>
			<maxLodPixels>-1</maxLodPixels>
		</Lod>
	</Region>
			<Polygon><altitudeMode>relativeToGround</altitudeMode>
				<outerBoundaryIs>
					<LinearRing>
						<coordinates>							6.64383031511293,44.5417961676356,0 6.643889293677299,44.5419074994734,0 6.643889548869411,44.5419563355957,0 6.64386323936459,44.5419957754849,0 6.64386019295697,44.5420071409844,0 6.64386288420199,44.5420175960365,0 6.64387040387881,44.5420267200737,0 6.64388204779445,44.5420333648041,0 6.64389611743514,44.5420365950126,0 6.64395097268324,44.5420099104321,0 6.64398074235088,44.5420572310558,0 6.64367144256474,44.5421654054958,0 6.643923507249849,44.5421778082395,0 6.644077837038549,44.5421265700966,0 6.643983935039451,44.5419251912408,0 6.64395125396329,44.5418757138016,0 6.6438496345655,44.5417909335091,0 6.64383031511293,44.5417961676356,0 
						</coordinates>
					</LinearRing>
				</outerBoundaryIs>
			</Polygon>
		</Placemark>
		<Placemark id="parcelles-des-personnes-morales_05_groupe_personne_0.51194">
		<styleUrl>#personne_morale</styleUrl>			<visibility>0</visibility>
			<ExtendedData>
				<SchemaData schemaUrl="#parcelles-des-personnes-morales_05_groupe_personne_0.schema">
					<SimpleData name="Numero de Parcelle">050440000B0675</SimpleData>
					<SimpleData name="Departement">05</SimpleData>
					<SimpleData name="Commune">CREVOUX</SimpleData>
					<SimpleData name="Adresse">LES CASSES</SimpleData>
					<SimpleData name="Groupe de personne">Personnes morales non remarquables</SimpleData>
					<SimpleData name="Forme Juridique Abregee">SAFR</SimpleData>
					<SimpleData name="Denomination">SOCIETE AMENAGEMENT FONCIER ET ETABLISSEMENT RURAL PROVENCE</SimpleData>
				</SchemaData>
			</ExtendedData>
	<Region>
		<LatLonAltBox>
			<north> 44.5421337317692 </north>
			<south> 44.5419015484805 </south>
			<east> 6.643798767291771 </east>
			<west> 6.64321261734134 </west>
		</LatLonAltBox>
		<Lod>
			<minLodPixels>100</minLodPixels>
			<maxLodPixels>-1</maxLodPixels>
		</Lod>
	</Region>
			<Polygon><altitudeMode>relativeToGround</altitudeMode>
				<outerBoundaryIs>
					<LinearRing>
						<coordinates>							6.64321261734134,44.5419015484805,0 6.643245966901661,44.5420199451287,0 6.643257754490559,44.5420502864929,0 6.64327487350805,44.5420792802589,0 6.64328438571219,44.5420919433007,0 6.643293384097511,44.5421337317692,0 6.64332265855014,44.542126546869,0 6.64338505865739,44.542099613437,0 6.64344813237171,44.5420889692771,0 6.64351245004668,44.5420819788831,0 6.64355689290837,44.5420794297947,0 6.64360782950892,44.542066212424,0 6.64364148979465,44.5420723103424,0 6.64366623661389,44.5420984386968,0 6.643689196231571,44.5421320158344,0 6.643798767291771,44.5420647731248,0 6.64378083549509,44.5420349050831,0 6.643743170316509,44.5420136192251,0 6.643654540754619,44.5420402475401,0 6.6435135529451,44.5420248970831,0 6.6434297930112,44.5420059443878,0 6.64337766008581,44.5419889211733,0 6.64332771307446,44.5419686715855,0 6.64328083217277,44.5419451665622,0 6.643237023190681,44.5419184960349,0 6.64321261734134,44.5419015484805,0 
						</coordinates>
					</LinearRing>
				</outerBoundaryIs>
			</Polygon>
		</Placemark>
		<Placemark id="parcelles-des-personnes-morales_05_groupe_personne_0.51221">
		<styleUrl>#personne_morale</styleUrl>			<visibility>0</visibility>
			<ExtendedData>
				<SchemaData schemaUrl="#parcelles-des-personnes-morales_05_groupe_personne_0.schema">
					<SimpleData name="Numero de Parcelle">050440000B0676</SimpleData>
					<SimpleData name="Departement">05</SimpleData>
					<SimpleData name="Commune">CREVOUX</SimpleData>
					<SimpleData name="Adresse">LES CASSES</SimpleData>
					<SimpleData name="Groupe de personne">Personnes morales non remarquables</SimpleData>
					<SimpleData name="Forme Juridique Abregee">SAFR</SimpleData>
					<SimpleData name="Denomination">SOCIETE AMENAGEMENT FONCIER ET ETABLISSEMENT RURAL PROVENCE</SimpleData>
				</SchemaData>
			</ExtendedData>
	<Region>
		<LatLonAltBox>
			<north> 44.5421957611019 </north>
			<south> 44.5417961676356 </south>
			<east> 6.64398074235088 </east>
			<west> 6.64321261734134 </west>
		</LatLonAltBox>
		<Lod>
			<minLodPixels>100</minLodPixels>
			<maxLodPixels>-1</maxLodPixels>
		</Lod>
	</Region>
			<Polygon><altitudeMode>relativeToGround</altitudeMode>
				<outerBoundaryIs>
					<LinearRing>
						<coordinates>							6.64321261734134,44.5419015484805,0 6.643237023190681,44.5419184960349,0 6.64328083217277,44.5419451665622,0 6.64332771307446,44.5419686715855,0 6.64337766008581,44.5419889211733,0 6.6434297930112,44.5420059443878,0 6.6435135529451,44.5420248970831,0 6.643654540754619,44.5420402475401,0 6.643743170316509,44.5420136192251,0 6.64378083549509,44.5420349050831,0 6.643798767291771,44.5420647731248,0 6.643689196231571,44.5421320158344,0 6.64366623661389,44.5420984386968,0 6.64364148979465,44.5420723103424,0 6.64360782950892,44.542066212424,0 6.64355689290837,44.5420794297947,0 6.64351245004668,44.5420819788831,0 6.64344813237171,44.5420889692771,0 6.64338505865739,44.542099613437,0 6.64332265855014,44.542126546869,0 6.643293384097511,44.5421337317692,0 6.64328163752462,44.5421957611019,0 6.64349472522029,44.5421782706807,0 6.64358540232422,44.5421696888212,0 6.64367144256474,44.5421654054958,0 6.64398074235088,44.5420572310558,0 6.64395097268324,44.5420099104321,0 6.64389611743514,44.5420365950126,0 6.64388204779445,44.5420333648041,0 6.64387040387881,44.5420267200737,0 6.64386288420199,44.5420175960365,0 6.64386019295697,44.5420071409844,0 6.64386323936459,44.5419957754849,0 6.643889548869411,44.5419563355957,0 6.643889293677299,44.5419074994734,0 6.64383031511293,44.5417961676356,0 6.64374749505039,44.5418190895244,0 6.64354347951727,44.5418990037589,0 6.64348455185145,44.541917261305,0 6.64341968312184,44.5419274240531,0 6.643333172797199,44.5419185653324,0 6.64327059199535,44.5419075645796,0 6.64321261734134,44.5419015484805,0 
						</coordinates>
					</LinearRing>
				</outerBoundaryIs>
			</Polygon>
		</Placemark>
		<Placemark id="parcelles-des-personnes-morales_05_groupe_personne_0.52238">
		<styleUrl>#personne_morale</styleUrl>			<visibility>0</visibility>
			<ExtendedData>
				<SchemaData schemaUrl="#parcelles-des-personnes-morales_05_groupe_personne_0.schema">
					<SimpleData name="Numero de Parcelle">050440000E0702</SimpleData>
					<SimpleData name="Departement">05</SimpleData>
					<SimpleData name="Commune">CREVOUX</SimpleData>
					<SimpleData name="Adresse">LA FONT DU PREYRE</SimpleData>
					<SimpleData name="Groupe de personne">Personnes morales non remarquables</SimpleData>
					<SimpleData name="Forme Juridique Abregee">AUPM</SimpleData>
					<SimpleData name="Denomination">PROPRIETAIRES DU BND 044 E0702</SimpleData>
				</SchemaData>
			</ExtendedData>
	<Region>
		<LatLonAltBox>
			<north> 44.5408091572516 </north>
			<south> 44.5395382569243 </south>
			<east> 6.58267134670065 </east>
			<west> 6.58016652158476 </west>
		</LatLonAltBox>
		<Lod>
			<minLodPixels>100</minLodPixels>
			<maxLodPixels>-1</maxLodPixels>
		</Lod>
	</Region>
			<Polygon><altitudeMode>relativeToGround</altitudeMode>
				<outerBoundaryIs>
					<LinearRing>
						<coordinates>							6.581486524659389,44.5407931876735,0 6.581275830911911,44.5406757571562,0 6.58132846775031,44.5405342790201,0 6.58150142674991,44.5405296559452,0 6.5816135238835,44.540616313086,0 6.582036732405679,44.5404192783764,0 6.58267134670065,44.5404223734452,0 6.58193014525615,44.5401256270298,0 6.58145316948337,44.5400491931609,0 6.581330981871699,44.539944479847,0 6.581321143025269,44.5398509887195,0 6.58098226780007,44.5396633730562,0 6.58040859129259,44.5395382569243,0 6.58036573099033,44.5395895719104,0 6.58016652158476,44.5398576422248,0 6.58035067521245,44.5402579079629,0 6.58055175218426,44.5405296599911,0 6.580959270224881,44.5407108138518,0 6.58146095163405,44.5408091572516,0 6.581486524659389,44.5407931876735,0 
						</coordinates>
					</LinearRing>
				</outerBoundaryIs>
			</Polygon>
		</Placemark>
		<Placemark id="parcelles-des-personnes-morales_05_groupe_personne_0.52525">
		<styleUrl>#personne_morale</styleUrl>			<visibility>0</visibility>
			<ExtendedData>
				<SchemaData schemaUrl="#parcelles-des-personnes-morales_05_groupe_personne_0.schema">
					<SimpleData name="Numero de Parcelle">050440000C0071</SimpleData>
					<SimpleData name="Departement">05</SimpleData>
					<SimpleData name="Commune">CREVOUX</SimpleData>
					<SimpleData name="Adresse">JAFFEUIL</SimpleData>
					<SimpleData name="Groupe de personne">Personnes morales non remarquables</SimpleData>
					<SimpleData name="Forme Juridique Abregee">SAFR</SimpleData>
					<SimpleData name="Denomination">SOCIETE AMENAGEMENT FONCIER ET ETABLISSEMENT RURAL PROVENCE</SimpleData>
				</SchemaData>
			</ExtendedData>
	<Region>
		<LatLonAltBox>
			<north> 44.5135304610768 </north>
			<south> 44.5130425307663 </south>
			<east> 6.64833917814541 </east>
			<west> 6.64766974080193 </west>
		</LatLonAltBox>
		<Lod>
			<minLodPixels>100</minLodPixels>
			<maxLodPixels>-1</maxLodPixels>
		</Lod>
	</Region>
			<Polygon><altitudeMode>relativeToGround</altitudeMode>
				<outerBoundaryIs>
					<LinearRing>
						<coordinates>							6.64833917814541,44.5135304610768,0 6.64784429634118,44.5130425307663,0 6.647732294247341,44.5130926465308,0 6.64766974080193,44.5131205795933,0 6.647785196778639,44.5133695421346,0 6.64785065486149,44.5133807143576,0 6.64833917814541,44.5135304610768,0 
						</coordinates>
					</LinearRing>
				</outerBoundaryIs>
			</Polygon>
		</Placemark>
		<Placemark id="parcelles-des-personnes-morales_05_groupe_personne_0.54003">
		<styleUrl>#personne_morale</styleUrl>			<visibility>0</visibility>
			<ExtendedData>
				<SchemaData schemaUrl="#parcelles-des-personnes-morales_05_groupe_personne_0.schema">
					<SimpleData name="Numero de Parcelle">050440000C0075</SimpleData>
					<SimpleData name="Departement">05</SimpleData>
					<SimpleData name="Commune">CREVOUX</SimpleData>
					<SimpleData name="Adresse">JAFFEUIL</SimpleData>
					<SimpleData name="Groupe de personne">Personnes morales non remarquables</SimpleData>
					<SimpleData name="Forme Juridique Abregee">SC</SimpleData>
					<SimpleData name="Denomination">SOCIETE CIVILE COLBER</SimpleData>
				</SchemaData>
			</ExtendedData>
	<Region>
		<LatLonAltBox>
			<north> 44.5139913448738 </north>
			<south> 44.5129733485616 </south>
			<east> 6.65024995993087 </east>
			<west> 6.64904253050845 </west>
		</LatLonAltBox>
		<Lod>
			<minLodPixels>100</minLodPixels>
			<maxLodPixels>-1</maxLodPixels>
		</Lod>
	</Region>
			<Polygon><altitudeMode>relativeToGround</altitudeMode>
				<outerBoundaryIs>
					<LinearRing>
						<coordinates>							6.65024995993087,44.5135253555663,0 6.65019268966569,44.5134752529506,0 6.65010509565263,44.5133281953716,0 6.65004028703486,44.5131984973597,0 6.649985781975261,44.5130664756899,0 6.649902431176161,44.5129733485616,0 6.64904253050845,44.5136445297965,0 6.64944165465696,44.5139913448738,0 6.64962145185085,44.5139105964381,0 6.65024995993087,44.5135253555663,0 
						</coordinates>
					</LinearRing>
				</outerBoundaryIs>
			</Polygon>
		</Placemark>
		<Placemark id="parcelles-des-personnes-morales_05_groupe_personne_0.54750">
		<styleUrl>#personne_morale</styleUrl>			<visibility>0</visibility>
			<ExtendedData>
				<SchemaData schemaUrl="#parcelles-des-personnes-morales_05_groupe_personne_0.schema">
					<SimpleData name="Numero de Parcelle">050440000B0771</SimpleData>
					<SimpleData name="Departement">05</SimpleData>
					<SimpleData name="Commune">CREVOUX</SimpleData>
					<SimpleData name="Adresse">LES ANTOINES</SimpleData>
					<SimpleData name="Groupe de personne">Personnes morales non remarquables</SimpleData>
					<SimpleData name="Forme Juridique Abregee">SC</SimpleData>
					<SimpleData name="Denomination">SOCIETE CIVILE COLBER</SimpleData>
				</SchemaData>
			</ExtendedData>
	<Region>
		<LatLonAltBox>
			<north> 44.5439257016063 </north>
			<south> 44.543634322009 </south>
			<east> 6.63921648710795 </east>
			<west> 6.63879864216966 </west>
		</LatLonAltBox>
		<Lod>
			<minLodPixels>100</minLodPixels>
			<maxLodPixels>-1</maxLodPixels>
		</Lod>
	</Region>
			<Polygon><altitudeMode>relativeToGround</altitudeMode>
				<outerBoundaryIs>
					<LinearRing>
						<coordinates>							6.63921648710795,44.5438281484964,0 6.63912092080067,44.5436593536626,0 6.63906562506469,44.543634322009,0 6.63879864216966,44.5438264291659,0 6.639037538484621,44.5439257016063,0 6.63921648710795,44.5438281484964,0 
						</coordinates>
					</LinearRing>
				</outerBoundaryIs>
			</Polygon>
		</Placemark>
		<Placemark id="parcelles-des-personnes-morales_05_groupe_personne_0.55906">
		<styleUrl>#personne_morale</styleUrl>			<visibility>0</visibility>
			<ExtendedData>
				<SchemaData schemaUrl="#parcelles-des-personnes-morales_05_groupe_personne_0.schema">
					<SimpleData name="Numero de Parcelle">050440000B0080</SimpleData>
					<SimpleData name="Departement">05</SimpleData>
					<SimpleData name="Commune">CREVOUX</SimpleData>
					<SimpleData name="Adresse">CHAMP DU FOUR</SimpleData>
					<SimpleData name="Groupe de personne">Personnes morales non remarquables</SimpleData>
					<SimpleData name="Forme Juridique Abregee">SC</SimpleData>
					<SimpleData name="Denomination">SOCIETE CIVILE COLBER</SimpleData>
				</SchemaData>
			</ExtendedData>
	<Region>
		<LatLonAltBox>
			<north> 44.5483462648631 </north>
			<south> 44.5479589287956 </south>
			<east> 6.62283155431205 </east>
			<west> 6.62241342527968 </west>
		</LatLonAltBox>
		<Lod>
			<minLodPixels>100</minLodPixels>
			<maxLodPixels>-1</maxLodPixels>
		</Lod>
	</Region>
			<Polygon><altitudeMode>relativeToGround</altitudeMode>
				<outerBoundaryIs>
					<LinearRing>
						<coordinates>							6.62241342527968,44.5480698907103,0 6.62244223054738,44.548071017794,0 6.62248137722093,44.5481723772863,0 6.62254849437884,44.5483462648631,0 6.62283155431205,44.5482620835424,0 6.622815614879179,44.5482316963152,0 6.622807406338799,44.5481960987647,0 6.62280999556231,44.5481598763486,0 6.622830931022651,44.5481365693209,0 6.622765588622629,44.5479589287956,0 6.62241342527968,44.5480698907103,0 
						</coordinates>
					</LinearRing>
				</outerBoundaryIs>
			</Polygon>
		</Placemark>
		<Placemark id="parcelles-des-personnes-morales_05_groupe_personne_0.56071">
		<styleUrl>#personne_morale</styleUrl>			<visibility>0</visibility>
			<ExtendedData>
				<SchemaData schemaUrl="#parcelles-des-personnes-morales_05_groupe_personne_0.schema">
					<SimpleData name="Numero de Parcelle">050440000D0805</SimpleData>
					<SimpleData name="Departement">05</SimpleData>
					<SimpleData name="Commune">CREVOUX</SimpleData>
					<SimpleData name="Adresse">LA VALEYTTE</SimpleData>
					<SimpleData name="Groupe de personne">Personnes morales non remarquables</SimpleData>
					<SimpleData name="Forme Juridique Abregee">SC</SimpleData>
					<SimpleData name="Denomination">SOCIETE CIVILE COLBER</SimpleData>
				</SchemaData>
			</ExtendedData>
	<Region>
		<LatLonAltBox>
			<north> 44.5453779291542 </north>
			<south> 44.5449825674735 </south>
			<east> 6.62793656534566 </east>
			<west> 6.627104959352039 </west>
		</LatLonAltBox>
		<Lod>
			<minLodPixels>100</minLodPixels>
			<maxLodPixels>-1</maxLodPixels>
		</Lod>
	</Region>
			<Polygon><altitudeMode>relativeToGround</altitudeMode>
				<outerBoundaryIs>
					<LinearRing>
						<coordinates>							6.627104959352039,44.5453094611173,0 6.62715722428718,44.5453697444436,0 6.62718786818128,44.5453779291542,0 6.62729628668613,44.5453570623065,0 6.62764804903221,44.5452735833575,0 6.62769941435487,44.5452434171771,0 6.62773764812993,44.5452265696428,0 6.62775666959602,44.5452245023529,0 6.62776967825257,44.5451994723314,0 6.62793656534566,44.5449825674735,0 6.6276911402836,44.5450186636561,0 6.627301199898351,44.5450590596525,0 6.62718018806914,44.5452055148783,0 6.627104959352039,44.5453094611173,0 
						</coordinates>
					</LinearRing>
				</outerBoundaryIs>
			</Polygon>
		</Placemark>
		<Placemark id="parcelles-des-personnes-morales_05_groupe_personne_0.56104">
		<styleUrl>#personne_morale</styleUrl>			<visibility>0</visibility>
			<ExtendedData>
				<SchemaData schemaUrl="#parcelles-des-personnes-morales_05_groupe_personne_0.schema">
					<SimpleData name="Numero de Parcelle">050440000D0806</SimpleData>
					<SimpleData name="Departement">05</SimpleData>
					<SimpleData name="Commune">CREVOUX</SimpleData>
					<SimpleData name="Adresse">LA VALEYTTE</SimpleData>
					<SimpleData name="Groupe de personne">Personnes morales non remarquables</SimpleData>
					<SimpleData name="Forme Juridique Abregee">SC</SimpleData>
					<SimpleData name="Denomination">SOCIETE CIVILE COLBER</SimpleData>
				</SchemaData>
			</ExtendedData>
	<Region>
		<LatLonAltBox>
			<north> 44.54542106958 </north>
			<south> 44.5452245023529 </south>
			<east> 6.62775666959602 </east>
			<west> 6.62704132427687 </west>
		</LatLonAltBox>
		<Lod>
			<minLodPixels>100</minLodPixels>
			<maxLodPixels>-1</maxLodPixels>
		</Lod>
	</Region>
			<Polygon><altitudeMode>relativeToGround</altitudeMode>
				<outerBoundaryIs>
					<LinearRing>
						<coordinates>							6.62704132427687,44.5453918483859,0 6.627136580338641,44.54542106958,0 6.627249507007179,44.5454134822195,0 6.62745790422369,44.5453835609115,0 6.62770996119362,44.5453153453512,0 6.62775666959602,44.5452245023529,0 6.62773764812993,44.5452265696428,0 6.62769941435487,44.5452434171771,0 6.62764804903221,44.5452735833575,0 6.62729628668613,44.5453570623065,0 6.62718786818128,44.5453779291542,0 6.62715722428718,44.5453697444436,0 6.627104959352039,44.5453094611173,0 6.62704132427687,44.5453918483859,0 
						</coordinates>
					</LinearRing>
				</outerBoundaryIs>
			</Polygon>
		</Placemark>
		<Placemark id="parcelles-des-personnes-morales_05_groupe_personne_0.56218">
		<styleUrl>#personne_morale</styleUrl>			<visibility>0</visibility>
			<ExtendedData>
				<SchemaData schemaUrl="#parcelles-des-personnes-morales_05_groupe_personne_0.schema">
					<SimpleData name="Numero de Parcelle">050440000B0809</SimpleData>
					<SimpleData name="Departement">05</SimpleData>
					<SimpleData name="Commune">CREVOUX</SimpleData>
					<SimpleData name="Adresse">PRA FOURAN</SimpleData>
					<SimpleData name="Groupe de personne">Personnes morales non remarquables</SimpleData>
					<SimpleData name="Forme Juridique Abregee">SC</SimpleData>
					<SimpleData name="Denomination">SOCIETE CIVILE COLBER</SimpleData>
				</SchemaData>
			</ExtendedData>
	<Region>
		<LatLonAltBox>
			<north> 44.5447529015837 </north>
			<south> 44.5443027210671 </south>
			<east> 6.63870531834901 </east>
			<west> 6.63743900068243 </west>
		</LatLonAltBox>
		<Lod>
			<minLodPixels>100</minLodPixels>
			<maxLodPixels>-1</maxLodPixels>
		</Lod>
	</Region>
			<Polygon><altitudeMode>relativeToGround</altitudeMode>
				<outerBoundaryIs>
					<LinearRing>
						<coordinates>							6.63870531834901,44.5447203323387,0 6.63837887603012,44.5445864564778,0 6.638281223843761,44.5445357854414,0 6.638217290578411,44.5444979709155,0 6.63819931563008,44.5444810805525,0 6.638119862228571,44.5444605398437,0 6.63799476239009,44.5443027210671,0 6.637754636395129,44.544411120764,0 6.63770365043571,44.5444431718023,0 6.63769108243005,44.5444573743454,0 6.63759660030937,44.5445301511766,0 6.637572038079911,44.5445420455668,0 6.63743900068243,44.5445758102086,0 6.63748879672015,44.5445995821013,0 6.63753610058867,44.5445788272975,0 6.63757933059096,44.544604347638,0 6.637660202762561,44.544562840181,0 6.63769271692395,44.5445394187447,0 6.637729057447529,44.5445186648302,0 6.637745060794309,44.5445108375794,0 6.63800198288847,44.544719643302,0 6.63831538906521,44.5446181089605,0 6.63838199838257,44.544650518179,0 6.63847002947177,44.5446809592919,0 6.63855576604228,44.5447149005231,0 6.63858038875219,44.5447254435258,0 6.63866595944674,44.5447529015837,0 6.63870531834901,44.5447203323387,0 
						</coordinates>
					</LinearRing>
				</outerBoundaryIs>
			</Polygon>
		</Placemark>
		<Placemark id="parcelles-des-personnes-morales_05_groupe_personne_0.56322">
		<styleUrl>#personne_morale</styleUrl>			<visibility>0</visibility>
			<ExtendedData>
				<SchemaData schemaUrl="#parcelles-des-personnes-morales_05_groupe_personne_0.schema">
					<SimpleData name="Numero de Parcelle">050440000B0810</SimpleData>
					<SimpleData name="Departement">05</SimpleData>
					<SimpleData name="Commune">CREVOUX</SimpleData>
					<SimpleData name="Adresse">PRA FOURAN</SimpleData>
					<SimpleData name="Groupe de personne">Personnes morales non remarquables</SimpleData>
					<SimpleData name="Forme Juridique Abregee">SC</SimpleData>
					<SimpleData name="Denomination">SOCIETE CIVILE COLBER</SimpleData>
				</SchemaData>
			</ExtendedData>
	<Region>
		<LatLonAltBox>
			<north> 44.5450300872016 </north>
			<south> 44.5445108375794 </south>
			<east> 6.63866595944674 </east>
			<west> 6.63738520136567 </west>
		</LatLonAltBox>
		<Lod>
			<minLodPixels>100</minLodPixels>
			<maxLodPixels>-1</maxLodPixels>
		</Lod>
	</Region>
			<Polygon><altitudeMode>relativeToGround</altitudeMode>
				<outerBoundaryIs>
					<LinearRing>
						<coordinates>							6.63861954667949,44.5447913809241,0 6.63866595944674,44.5447529015837,0 6.63858038875219,44.5447254435258,0 6.63855576604228,44.5447149005231,0 6.63847002947177,44.5446809592919,0 6.63838199838257,44.544650518179,0 6.63831538906521,44.5446181089605,0 6.63800198288847,44.544719643302,0 6.637745060794309,44.5445108375794,0 6.637729057447529,44.5445186648302,0 6.63769271692395,44.5445394187447,0 6.637660202762561,44.544562840181,0 6.63757933059096,44.544604347638,0 6.63753610058867,44.5445788272975,0 6.63748879672015,44.5445995821013,0 6.63743900068243,44.5445758102086,0 6.63742682812876,44.5445785545879,0 6.637409515072089,44.5445856138975,0 6.6373952912936,44.5445956354032,0 6.63738520136567,44.5446834734393,0 6.63749563070937,44.5447114646676,0 6.63760670497695,44.5447572780637,0 6.63772009148546,44.5447998609615,0 6.637797018242299,44.5448261627647,0 6.63797005407504,44.5448967883631,0 6.638082105700819,44.5449479762186,0 6.63809436230135,44.544962171351,0 6.638101687531939,44.5449780611038,0 6.63810373351992,44.5449902498135,0 6.638212911380209,44.5450300872016,0 6.638242413041801,44.5450127127814,0 6.63861954667949,44.5447913809241,0 
						</coordinates>
					</LinearRing>
				</outerBoundaryIs>
			</Polygon>
		</Placemark>
		<Placemark id="parcelles-des-personnes-morales_05_groupe_personne_0.56355">
		<styleUrl>#personne_morale</styleUrl>			<visibility>0</visibility>
			<ExtendedData>
				<SchemaData schemaUrl="#parcelles-des-personnes-morales_05_groupe_personne_0.schema">
					<SimpleData name="Numero de Parcelle">050440000B0811</SimpleData>
					<SimpleData name="Departement">05</SimpleData>
					<SimpleData name="Commune">CREVOUX</SimpleData>
					<SimpleData name="Adresse">PRA FOURAN</SimpleData>
					<SimpleData name="Groupe de personne">Personnes morales non remarquables</SimpleData>
					<SimpleData name="Forme Juridique Abregee">SC</SimpleData>
					<SimpleData name="Denomination">SOCIETE CIVILE COLBER</SimpleData>
				</SchemaData>
			</ExtendedData>
	<Region>
		<LatLonAltBox>
			<north> 44.5449902498135 </north>
			<south> 44.5446834734393 </south>
			<east> 6.63810373351992 </east>
			<west> 6.63738183810947 </west>
		</LatLonAltBox>
		<Lod>
			<minLodPixels>100</minLodPixels>
			<maxLodPixels>-1</maxLodPixels>
		</Lod>
	</Region>
			<Polygon><altitudeMode>relativeToGround</altitudeMode>
				<outerBoundaryIs>
					<LinearRing>
						<coordinates>							6.63810373351992,44.5449902498135,0 6.638101687531939,44.5449780611038,0 6.63809436230135,44.544962171351,0 6.638082105700819,44.5449479762186,0 6.63797005407504,44.5448967883631,0 6.637797018242299,44.5448261627647,0 6.63772009148546,44.5447998609615,0 6.63760670497695,44.5447572780637,0 6.63749563070937,44.5447114646676,0 6.63738520136567,44.5446834734393,0 6.63738183810947,44.5447446848987,0 6.63777256396639,44.5448690545348,0 6.63810373351992,44.5449902498135,0 
						</coordinates>
					</LinearRing>
				</outerBoundaryIs>
			</Polygon>
		</Placemark>
		<Placemark id="parcelles-des-personnes-morales_05_groupe_personne_0.56713">
		<styleUrl>#personne_morale</styleUrl>			<visibility>0</visibility>
			<ExtendedData>
				<SchemaData schemaUrl="#parcelles-des-personnes-morales_05_groupe_personne_0.schema">
					<SimpleData name="Numero de Parcelle">050440000B0823</SimpleData>
					<SimpleData name="Departement">05</SimpleData>
					<SimpleData name="Commune">CREVOUX</SimpleData>
					<SimpleData name="Adresse">PRA FOURAN</SimpleData>
					<SimpleData name="Groupe de personne">Personnes morales non remarquables</SimpleData>
					<SimpleData name="Forme Juridique Abregee">SC</SimpleData>
					<SimpleData name="Denomination">SOCIETE CIVILE COLBER</SimpleData>
				</SchemaData>
			</ExtendedData>
	<Region>
		<LatLonAltBox>
			<north> 44.5445407414944 </north>
			<south> 44.5442238785003 </south>
			<east> 6.63677618389853 </east>
			<west> 6.63572318425774 </west>
		</LatLonAltBox>
		<Lod>
			<minLodPixels>100</minLodPixels>
			<maxLodPixels>-1</maxLodPixels>
		</Lod>
	</Region>
			<Polygon><altitudeMode>relativeToGround</altitudeMode>
				<outerBoundaryIs>
					<LinearRing>
						<coordinates>							6.63656927877195,44.5443201538529,0 6.636346902088781,44.5442640393178,0 6.63619826392963,44.5442238785003,0 6.63615527353539,44.5442294407343,0 6.6361528623101,44.5442370000553,0 6.63600473297165,44.5442360238799,0 6.63585686906558,44.5442313438901,0 6.635768605177731,44.544226592285,0 6.63572318425774,44.5443098266867,0 6.63589409904487,44.544384760859,0 6.63601135331563,44.5444209096697,0 6.63613065678981,44.5444536564351,0 6.63620644945433,44.5444721563422,0 6.636531702333219,44.5445407414944,0 6.636750121897071,44.544406384837,0 6.63677618389853,44.5443903858537,0 6.63656927877195,44.5443201538529,0 
						</coordinates>
					</LinearRing>
				</outerBoundaryIs>
			</Polygon>
		</Placemark>
		<Placemark id="parcelles-des-personnes-morales_05_groupe_personne_0.58287">
		<styleUrl>#personne_morale</styleUrl>			<visibility>0</visibility>
			<ExtendedData>
				<SchemaData schemaUrl="#parcelles-des-personnes-morales_05_groupe_personne_0.schema">
					<SimpleData name="Numero de Parcelle">050440000D0872</SimpleData>
					<SimpleData name="Departement">05</SimpleData>
					<SimpleData name="Commune">CREVOUX</SimpleData>
					<SimpleData name="Adresse">PRE DU BOIS</SimpleData>
					<SimpleData name="Groupe de personne">Personnes morales non remarquables</SimpleData>
					<SimpleData name="Forme Juridique Abregee">SC</SimpleData>
					<SimpleData name="Denomination">SOCIETE CIVILE COLBER</SimpleData>
				</SchemaData>
			</ExtendedData>
	<Region>
		<LatLonAltBox>
			<north> 44.5442629145334 </north>
			<south> 44.5440662242054 </south>
			<east> 6.622035608896 </east>
			<west> 6.62061858171434 </west>
		</LatLonAltBox>
		<Lod>
			<minLodPixels>100</minLodPixels>
			<maxLodPixels>-1</maxLodPixels>
		</Lod>
	</Region>
			<Polygon><altitudeMode>relativeToGround</altitudeMode>
				<outerBoundaryIs>
					<LinearRing>
						<coordinates>							6.62061858171434,44.5442629145334,0 6.62072771261118,44.5442570804783,0 6.62091891421312,44.5442439570131,0 6.621109370365489,44.5442270727231,0 6.62139305576299,44.544186310974,0 6.6213933385131,44.5441534086244,0 6.62192560473663,44.5441335945589,0 6.622035608896,44.5441354806835,0 6.62202876937446,44.5440662242054,0 6.62137410937096,44.5440776196896,0 6.621027741981369,44.544115572155,0 6.62062313570795,44.5441649871112,0 6.62064516018788,44.5442332947469,0 6.62061858171434,44.5442629145334,0 
						</coordinates>
					</LinearRing>
				</outerBoundaryIs>
			</Polygon>
		</Placemark>
		<Placemark id="parcelles-des-personnes-morales_05_groupe_personne_0.58388">
		<styleUrl>#personne_morale</styleUrl>			<visibility>0</visibility>
			<ExtendedData>
				<SchemaData schemaUrl="#parcelles-des-personnes-morales_05_groupe_personne_0.schema">
					<SimpleData name="Numero de Parcelle">050440000B0876</SimpleData>
					<SimpleData name="Departement">05</SimpleData>
					<SimpleData name="Commune">CREVOUX</SimpleData>
					<SimpleData name="Adresse">LE PLAN</SimpleData>
					<SimpleData name="Groupe de personne">Personnes morales non remarquables</SimpleData>
					<SimpleData name="Forme Juridique Abregee">SAFR</SimpleData>
					<SimpleData name="Denomination">SOCIETE AMENAGEMENT FONCIER ET ETABLISSEMENT RURAL PROVENCE</SimpleData>
				</SchemaData>
			</ExtendedData>
	<Region>
		<LatLonAltBox>
			<north> 44.5465980270761 </north>
			<south> 44.5458400054088 </south>
			<east> 6.633210197590541 </east>
			<west> 6.632453821874329 </west>
		</LatLonAltBox>
		<Lod>
			<minLodPixels>100</minLodPixels>
			<maxLodPixels>-1</maxLodPixels>
		</Lod>
	</Region>
			<Polygon><altitudeMode>relativeToGround</altitudeMode>
				<outerBoundaryIs>
					<LinearRing>
						<coordinates>							6.63246681037425,44.5461296946151,0 6.632453821874329,44.5461843736343,0 6.63267839253007,44.546143366142,0 6.63295995254271,44.5465980270761,0 6.633210197590541,44.5465036339996,0 6.63317854978781,44.5464720531008,0 6.63268998946335,44.5458400054088,0 6.632528773040841,44.5460801622092,0 6.63246681037425,44.5461296946151,0 
						</coordinates>
					</LinearRing>
				</outerBoundaryIs>
			</Polygon>
		</Placemark>
		<Placemark id="parcelles-des-personnes-morales_05_groupe_personne_0.58839">
		<styleUrl>#personne_morale</styleUrl>			<visibility>0</visibility>
			<ExtendedData>
				<SchemaData schemaUrl="#parcelles-des-personnes-morales_05_groupe_personne_0.schema">
					<SimpleData name="Numero de Parcelle">050440000A0890</SimpleData>
					<SimpleData name="Departement">05</SimpleData>
					<SimpleData name="Commune">CREVOUX</SimpleData>
					<SimpleData name="Adresse">LES ISSEMPONS</SimpleData>
					<SimpleData name="Groupe de personne">Personnes morales non remarquables</SimpleData>
					<SimpleData name="Forme Juridique Abregee">SC</SimpleData>
					<SimpleData name="Denomination">SOCIETE CIVILE COLBER</SimpleData>
				</SchemaData>
			</ExtendedData>
	<Region>
		<LatLonAltBox>
			<north> 44.5491138438984 </north>
			<south> 44.5487404334441 </south>
			<east> 6.61501199835244 </east>
			<west> 6.61475274939095 </west>
		</LatLonAltBox>
		<Lod>
			<minLodPixels>100</minLodPixels>
			<maxLodPixels>-1</maxLodPixels>
		</Lod>
	</Region>
			<Polygon><altitudeMode>relativeToGround</altitudeMode>
				<outerBoundaryIs>
					<LinearRing>
						<coordinates>							6.61476754909698,44.5491138438984,0 6.61483055080335,44.5490468050827,0 6.61487595613583,44.5490119740383,0 6.61498186385276,44.548965518296,0 6.61500113638481,44.5489476744096,0 6.61501199835244,44.5489264112248,0 6.61495345511393,44.5487404334441,0 6.61489961910246,44.5487538223162,0 6.614922153995561,44.5488242771615,0 6.61494979320746,44.5488937537271,0 6.614966182751341,44.5489292639364,0 6.614891572634439,44.5489646011736,0 6.61485244378401,44.5489990463769,0 6.61480950655687,44.549031093024,0 6.614755554313519,44.549064311548,0 6.61475274939095,44.5490795432286,0 6.61476754909698,44.5491138438984,0 
						</coordinates>
					</LinearRing>
				</outerBoundaryIs>
			</Polygon>
		</Placemark>
		<Placemark id="parcelles-des-personnes-morales_05_groupe_personne_0.58868">
		<styleUrl>#personne_morale</styleUrl>			<visibility>0</visibility>
			<ExtendedData>
				<SchemaData schemaUrl="#parcelles-des-personnes-morales_05_groupe_personne_0.schema">
					<SimpleData name="Numero de Parcelle">050440000A0891</SimpleData>
					<SimpleData name="Departement">05</SimpleData>
					<SimpleData name="Commune">CREVOUX</SimpleData>
					<SimpleData name="Adresse">LES ISSEMPONS</SimpleData>
					<SimpleData name="Groupe de personne">Personnes morales non remarquables</SimpleData>
					<SimpleData name="Forme Juridique Abregee">SC</SimpleData>
					<SimpleData name="Denomination">SOCIETE CIVILE COLBER</SimpleData>
				</SchemaData>
			</ExtendedData>
	<Region>
		<LatLonAltBox>
			<north> 44.549064311548 </north>
			<south> 44.5487538223162 </south>
			<east> 6.614966182751341 </east>
			<west> 6.614538387242751 </west>
		</LatLonAltBox>
		<Lod>
			<minLodPixels>100</minLodPixels>
			<maxLodPixels>-1</maxLodPixels>
		</Lod>
	</Region>
			<Polygon><altitudeMode>relativeToGround</altitudeMode>
				<outerBoundaryIs>
					<LinearRing>
						<coordinates>							6.614755554313519,44.549064311548,0 6.61480950655687,44.549031093024,0 6.61485244378401,44.5489990463769,0 6.614891572634439,44.5489646011736,0 6.614966182751341,44.5489292639364,0 6.61494979320746,44.5488937537271,0 6.614922153995561,44.5488242771615,0 6.61489961910246,44.5487538223162,0 6.61471948331152,44.5487982938138,0 6.61462890329,44.5488833583446,0 6.614538387242751,44.5489595891534,0 6.614644233581571,44.5489967650923,0 6.61476338269352,44.5489543817022,0 6.61476816590854,44.5489975716876,0 6.614755554313519,44.549064311548,0 
						</coordinates>
					</LinearRing>
				</outerBoundaryIs>
			</Polygon>
		</Placemark>
		<Placemark id="parcelles-des-personnes-morales_05_groupe_personne_0.60272">
		<styleUrl>#personne_morale</styleUrl>			<visibility>0</visibility>
			<ExtendedData>
				<SchemaData schemaUrl="#parcelles-des-personnes-morales_05_groupe_personne_0.schema">
					<SimpleData name="Numero de Parcelle">050440000D0930</SimpleData>
					<SimpleData name="Departement">05</SimpleData>
					<SimpleData name="Commune">CREVOUX</SimpleData>
					<SimpleData name="Adresse">PRE BOUSSAN</SimpleData>
					<SimpleData name="Groupe de personne">Personnes morales non remarquables</SimpleData>
					<SimpleData name="Forme Juridique Abregee">SAFR</SimpleData>
					<SimpleData name="Denomination">SOCIETE AMENAGEMENT FONCIER ET ETABLISSEMENT RURAL PROVENCE</SimpleData>
				</SchemaData>
			</ExtendedData>
	<Region>
		<LatLonAltBox>
			<north> 44.5405723215153 </north>
			<south> 44.539532501876 </south>
			<east> 6.62561955402631 </east>
			<west> 6.625188648927801 </west>
		</LatLonAltBox>
		<Lod>
			<minLodPixels>100</minLodPixels>
			<maxLodPixels>-1</maxLodPixels>
		</Lod>
	</Region>
			<Polygon><altitudeMode>relativeToGround</altitudeMode>
				<outerBoundaryIs>
					<LinearRing>
						<coordinates>							6.62561955402631,44.539532501876,0 6.625517140335731,44.539534876085,0 6.62550308770212,44.5395789550057,0 6.62538401970876,44.5399497382203,0 6.62527490539787,44.5402852284405,0 6.625188648927801,44.5405489544664,0 6.625371597207709,44.5405723215153,0 6.625559413839321,44.5400614885842,0 6.62561955402631,44.539532501876,0 
						</coordinates>
					</LinearRing>
				</outerBoundaryIs>
			</Polygon>
		</Placemark>
		<Placemark id="parcelles-des-personnes-morales_05_groupe_personne_0.60418">
		<styleUrl>#personne_morale</styleUrl>			<visibility>0</visibility>
			<ExtendedData>
				<SchemaData schemaUrl="#parcelles-des-personnes-morales_05_groupe_personne_0.schema">
					<SimpleData name="Numero de Parcelle">050440000B0936</SimpleData>
					<SimpleData name="Departement">05</SimpleData>
					<SimpleData name="Commune">CREVOUX</SimpleData>
					<SimpleData name="Adresse">PRA DU SERRE</SimpleData>
					<SimpleData name="Groupe de personne">Personnes morales non remarquables</SimpleData>
					<SimpleData name="Forme Juridique Abregee">SC</SimpleData>
					<SimpleData name="Denomination">SOCIETE CIVILE COLBER</SimpleData>
				</SchemaData>
			</ExtendedData>
	<Region>
		<LatLonAltBox>
			<north> 44.547029015288 </north>
			<south> 44.5465538164255 </south>
			<east> 6.62885487151093 </east>
			<west> 6.6278709146585 </west>
		</LatLonAltBox>
		<Lod>
			<minLodPixels>100</minLodPixels>
			<maxLodPixels>-1</maxLodPixels>
		</Lod>
	</Region>
			<Polygon><altitudeMode>relativeToGround</altitudeMode>
				<outerBoundaryIs>
					<LinearRing>
						<coordinates>							6.627990329176221,44.5465538164255,0 6.6278709146585,44.5465722517627,0 6.627966057904289,44.5469603276727,0 6.62808881514507,44.5469625095892,0 6.62831800206649,44.546987326089,0 6.62859313721563,44.547029015288,0 6.62870640777026,44.5470032112886,0 6.62881957386867,44.5469601078548,0 6.62885487151093,44.5468681976882,0 6.628458914322131,44.5468583289458,0 6.62847670335994,44.5465725190304,0 6.62847815741765,44.5465676949364,0 6.62832674382453,44.5465627609329,0 6.627990329176221,44.5465538164255,0 
						</coordinates>
					</LinearRing>
				</outerBoundaryIs>
			</Polygon>
		</Placemark>
		<Placemark id="parcelles-des-personnes-morales_05_groupe_personne_0.60682">
		<styleUrl>#personne_morale</styleUrl>			<visibility>0</visibility>
			<ExtendedData>
				<SchemaData schemaUrl="#parcelles-des-personnes-morales_05_groupe_personne_0.schema">
					<SimpleData name="Numero de Parcelle">050440000D0944</SimpleData>
					<SimpleData name="Departement">05</SimpleData>
					<SimpleData name="Commune">CREVOUX</SimpleData>
					<SimpleData name="Adresse">PRE BOUSSAN</SimpleData>
					<SimpleData name="Groupe de personne">Personnes morales non remarquables</SimpleData>
					<SimpleData name="Forme Juridique Abregee">SAFR</SimpleData>
					<SimpleData name="Denomination">SOCIETE AMENAGEMENT FONCIER ET ETABLISSEMENT RURAL PROVENCE</SimpleData>
				</SchemaData>
			</ExtendedData>
	<Region>
		<LatLonAltBox>
			<north> 44.5403867257564 </north>
			<south> 44.5393367064874 </south>
			<east> 6.62482530000762 </east>
			<west> 6.62423987664432 </west>
		</LatLonAltBox>
		<Lod>
			<minLodPixels>100</minLodPixels>
			<maxLodPixels>-1</maxLodPixels>
		</Lod>
	</Region>
			<Polygon><altitudeMode>relativeToGround</altitudeMode>
				<outerBoundaryIs>
					<LinearRing>
						<coordinates>							6.62482530000762,44.5402790035132,0 6.624812184007159,44.5402552828025,0 6.6247726987809,44.5401839449369,0 6.624751929082861,44.5400234061665,0 6.62471597715651,44.5397324247368,0 6.624674887705779,44.5394418824842,0 6.62465868236027,44.5393367064874,0 6.624643541443479,44.5393952399073,0 6.62462316441058,44.5394526836977,0 6.62460537097743,44.5394934608944,0 6.62454983181453,44.5395586384653,0 6.62449067595993,44.5396087048813,0 6.62423987664432,44.5397824906014,0 6.62453358832428,44.5403867257564,0 6.62482530000762,44.5402790035132,0 
						</coordinates>
					</LinearRing>
				</outerBoundaryIs>
			</Polygon>
		</Placemark>
		<Placemark id="parcelles-des-personnes-morales_05_groupe_personne_0.60931">
		<styleUrl>#personne_morale</styleUrl>			<visibility>0</visibility>
			<ExtendedData>
				<SchemaData schemaUrl="#parcelles-des-personnes-morales_05_groupe_personne_0.schema">
					<SimpleData name="Numero de Parcelle">050440000A0951</SimpleData>
					<SimpleData name="Departement">05</SimpleData>
					<SimpleData name="Commune">CREVOUX</SimpleData>
					<SimpleData name="Adresse">LE PIS</SimpleData>
					<SimpleData name="Groupe de personne">Personnes morales non remarquables</SimpleData>
					<SimpleData name="Forme Juridique Abregee">AUPM</SimpleData>
					<SimpleData name="Denomination">ELECTRICITE DE FRANCE   CENTRE DE DISTRIBUTION MIXTE DE GAP</SimpleData>
				</SchemaData>
			</ExtendedData>
	<Region>
		<LatLonAltBox>
			<north> 44.5494637964875 </north>
			<south> 44.5494185821115 </south>
			<east> 6.610770191421611 </east>
			<west> 6.61073397862208 </west>
		</LatLonAltBox>
		<Lod>
			<minLodPixels>100</minLodPixels>
			<maxLodPixels>-1</maxLodPixels>
		</Lod>
	</Region>
			<Polygon><altitudeMode>relativeToGround</altitudeMode>
				<outerBoundaryIs>
					<LinearRing>
						<coordinates>							6.610770191421611,44.549418645434,0 6.61074183203717,44.5494185821115,0 6.61073397862208,44.5494612844954,0 6.61076186460342,44.5494637964875,0 6.610770191421611,44.549418645434,0 
						</coordinates>
					</LinearRing>
				</outerBoundaryIs>
			</Polygon>
		</Placemark>
		<Placemark id="parcelles-des-personnes-morales_05_groupe_personne_0.61553">
		<styleUrl>#personne_morale</styleUrl>			<visibility>0</visibility>
			<ExtendedData>
				<SchemaData schemaUrl="#parcelles-des-personnes-morales_05_groupe_personne_0.schema">
					<SimpleData name="Numero de Parcelle">050440000E0973</SimpleData>
					<SimpleData name="Departement">05</SimpleData>
					<SimpleData name="Commune">CREVOUX</SimpleData>
					<SimpleData name="Adresse">LE VILLAGE</SimpleData>
					<SimpleData name="Groupe de personne">Personnes morales non remarquables</SimpleData>
					<SimpleData name="Forme Juridique Abregee">SARL</SimpleData>
					<SimpleData name="Denomination">HOTEL DU PARPAILLON RESTAURANT</SimpleData>
				</SchemaData>
			</ExtendedData>
	<Region>
		<LatLonAltBox>
			<north> 44.5483180041537 </north>
			<south> 44.5480477776547 </south>
			<east> 6.60932450891607 </east>
			<west> 6.60885849525264 </west>
		</LatLonAltBox>
		<Lod>
			<minLodPixels>100</minLodPixels>
			<maxLodPixels>-1</maxLodPixels>
		</Lod>
	</Region>
			<Polygon><altitudeMode>relativeToGround</altitudeMode>
				<outerBoundaryIs>
					<LinearRing>
						<coordinates>							6.60923310650544,44.5480477776547,0 6.609112934700581,44.5480682898854,0 6.60901756423648,44.54808447623,0 6.60885849525264,44.5481115773068,0 6.608860595950969,44.5482646182225,0 6.60888152727297,44.5483180041537,0 6.60932450891607,44.5482296189759,0 6.60928735921496,44.5481886591217,0 6.60923310650544,44.5480477776547,0 
						</coordinates>
					</LinearRing>
				</outerBoundaryIs>
			</Polygon>
		</Placemark>
		<Placemark id="parcelles-des-personnes-morales_05_groupe_personne_0.61576">
		<styleUrl>#personne_morale</styleUrl>			<visibility>0</visibility>
			<ExtendedData>
				<SchemaData schemaUrl="#parcelles-des-personnes-morales_05_groupe_personne_0.schema">
					<SimpleData name="Numero de Parcelle">050440000E0974</SimpleData>
					<SimpleData name="Departement">05</SimpleData>
					<SimpleData name="Commune">CREVOUX</SimpleData>
					<SimpleData name="Adresse">LE VILLAGE</SimpleData>
					<SimpleData name="Groupe de personne">Personnes morales non remarquables</SimpleData>
					<SimpleData name="Forme Juridique Abregee">SARL</SimpleData>
					<SimpleData name="Denomination">HOTEL DU PARPAILLON RESTAURANT</SimpleData>
				</SchemaData>
			</ExtendedData>
	<Region>
		<LatLonAltBox>
			<north> 44.5481115773068 </north>
			<south> 44.5479078765895 </south>
			<east> 6.60923310650544 </east>
			<west> 6.60883752805452 </west>
		</LatLonAltBox>
		<Lod>
			<minLodPixels>100</minLodPixels>
			<maxLodPixels>-1</maxLodPixels>
		</Lod>
	</Region>
			<Polygon><altitudeMode>relativeToGround</altitudeMode>
				<outerBoundaryIs>
					<LinearRing>
						<coordinates>							6.60923310650544,44.5480477776547,0 6.60920474162842,44.5479747189615,0 6.60900672573227,44.5479386601479,0 6.60883752805452,44.5479078765895,0 6.60885849525264,44.5481115773068,0 6.60901756423648,44.54808447623,0 6.609112934700581,44.5480682898854,0 6.60923310650544,44.5480477776547,0 
						</coordinates>
					</LinearRing>
				</outerBoundaryIs>
			</Polygon>
		</Placemark>
		<Placemark id="parcelles-des-personnes-morales_05_groupe_personne_0.62192">
		<styleUrl>#personne_morale</styleUrl>			<visibility>0</visibility>
			<ExtendedData>
				<SchemaData schemaUrl="#parcelles-des-personnes-morales_05_groupe_personne_0.schema">
					<SimpleData name="Numero de Parcelle">050440000D0995</SimpleData>
					<SimpleData name="Departement">05</SimpleData>
					<SimpleData name="Commune">CREVOUX</SimpleData>
					<SimpleData name="Adresse">PRE DE L AZE</SimpleData>
					<SimpleData name="Groupe de personne">Personnes morales non remarquables</SimpleData>
					<SimpleData name="Forme Juridique Abregee">SAFR</SimpleData>
					<SimpleData name="Denomination">SOCIETE AMENAGEMENT FONCIER ET ETABLISSEMENT RURAL PROVENCE</SimpleData>
				</SchemaData>
			</ExtendedData>
	<Region>
		<LatLonAltBox>
			<north> 44.5397614038346 </north>
			<south> 44.5393500530238 </south>
			<east> 6.62462274691362 </east>
			<west> 6.62422041738229 </west>
		</LatLonAltBox>
		<Lod>
			<minLodPixels>100</minLodPixels>
			<maxLodPixels>-1</maxLodPixels>
		</Lod>
	</Region>
			<Polygon><altitudeMode>relativeToGround</altitudeMode>
				<outerBoundaryIs>
					<LinearRing>
						<coordinates>							6.62422041738229,44.5397423965026,0 6.6242343643458,44.5397614038346,0 6.62453345488764,44.5395469204425,0 6.62455899298362,44.5395149006247,0 6.62457988899591,44.5394812309468,0 6.62459641040333,44.5394441903825,0 6.62462274691362,44.5393500530238,0 6.624370456650239,44.5395398389382,0 6.62435494689886,44.5395514329598,0 6.62424948055729,44.5396907053632,0 6.62422041738229,44.5397423965026,0 
						</coordinates>
					</LinearRing>
				</outerBoundaryIs>
			</Polygon>
		</Placemark>
</Document></Document></kml>