<?xml version="1.0" encoding="UTF-8"?>
<kml xmlns="http://www.opengis.net/kml/2.2" xmlns:gx="http://www.google.com/kml/ext/2.2" xmlns:kml="http://www.opengis.net/kml/2.2" xmlns:atom="http://www.w3.org/2005/Atom">
<Document id="root_doc">
	<name>SAINT-FIRMIN_COM</name>
	<visibility>0</visibility>
	<atom:link rel="app" href="https://www.google.com/earth/about/versions/#earth-pro" title="Google Earth Pro 7.3.6.10201"></atom:link>
	<Document id="parcelles-des-personnes-morales_05_groupe_personne_4">
		<name>SAINT-FIRMIN_COM</name>
		<visibility>0</visibility>
		<Schema name="SAINT-FIRMIN_COM" id="SAINT-FIRMIN_COM.schema">
			<SimpleField type="string" name="Numero de Parcelle"></SimpleField>
			<SimpleField type="string" name="Departement"></SimpleField>
			<SimpleField type="string" name="Commune"></SimpleField>
			<SimpleField type="string" name="Adresse"></SimpleField>
			<SimpleField type="string" name="Groupe de personne"></SimpleField>
			<SimpleField type="string" name="Forme Juridique Abregee"></SimpleField>
			<SimpleField type="string" name="Denomination"></SimpleField>
		</Schema>
		<Style id="COM">
			<LineStyle>
				<color>BFe6c645</color>
				<width>1.5</width>
			</LineStyle>
			<PolyStyle>
				<color>4Ce6c645</color>
				<fill>1</fill>
				<outline>1</outline>
			</PolyStyle>
		</Style>
		<Placemark id="parcelles-des-personnes-morales_05_groupe_personne_4.167">
		<styleUrl>#COM</styleUrl>			<visibility>0</visibility>
			<ExtendedData>
				<SchemaData schemaUrl="#parcelles-des-personnes-morales_05_groupe_personne_4.schema">
					<SimpleData name="Numero de Parcelle">051420000D1070</SimpleData>
					<SimpleData name="Departement">05</SimpleData>
					<SimpleData name="Commune">SAINT-FIRMIN</SimpleData>
					<SimpleData name="Adresse">LA BROUE DU RIF</SimpleData>
					<SimpleData name="Groupe de personne">Commune</SimpleData>
					<SimpleData name="Forme Juridique Abregee">COM</SimpleData>
					<SimpleData name="Denomination">COMMUNE DE SAINT FIRMIN</SimpleData>
				</SchemaData>
			</ExtendedData>
	<Region>
		<LatLonAltBox>
			<north> 44.7833666158527 </north>
			<south> 44.7828628826533 </south>
			<east> 6.04488069273969 </east>
			<west> 6.044556872632221 </west>
		</LatLonAltBox>
		<Lod>
			<minLodPixels>100</minLodPixels>
			<maxLodPixels>-1</maxLodPixels>
		</Lod>
	</Region>
			<Polygon><altitudeMode>relativeToGround</altitudeMode>
				<outerBoundaryIs>
					<LinearRing>
						<coordinates>							6.0447237988005,44.7833666158527,0 6.044840599742221,44.7831990672891,0 6.04487486695212,44.7831403727092,0 6.04488069273969,44.7830844417536,0 6.04487110306179,44.7830615499653,0 6.04471371756653,44.7828628826533,0 6.04463296500441,44.7830770126052,0 6.044588105065771,44.7832204202777,0 6.044556872632221,44.7833304775436,0 6.0447237988005,44.7833666158527,0 
						</coordinates>
					</LinearRing>
				</outerBoundaryIs>
			</Polygon>
		</Placemark>
		<Placemark id="parcelles-des-personnes-morales_05_groupe_personne_4.491">
		<styleUrl>#COM</styleUrl>			<visibility>0</visibility>
			<ExtendedData>
				<SchemaData schemaUrl="#parcelles-des-personnes-morales_05_groupe_personne_4.schema">
					<SimpleData name="Numero de Parcelle">05142000AD0131</SimpleData>
					<SimpleData name="Departement">05</SimpleData>
					<SimpleData name="Commune">SAINT-FIRMIN</SimpleData>
					<SimpleData name="Adresse">484, MTE DE LA FOUGEROUSE</SimpleData>
					<SimpleData name="Groupe de personne">Commune</SimpleData>
					<SimpleData name="Forme Juridique Abregee">CCOM</SimpleData>
					<SimpleData name="Denomination">COMMUNAUTE DE COMMUNES DU VALGAUDEMAR</SimpleData>
				</SchemaData>
			</ExtendedData>
	<Region>
		<LatLonAltBox>
			<north> 44.7757380625022 </north>
			<south> 44.7750678276488 </south>
			<east> 6.01924786552576 </east>
			<west> 6.01815019845876 </west>
		</LatLonAltBox>
		<Lod>
			<minLodPixels>100</minLodPixels>
			<maxLodPixels>-1</maxLodPixels>
		</Lod>
	</Region>
			<Polygon><altitudeMode>relativeToGround</altitudeMode>
				<outerBoundaryIs>
					<LinearRing>
						<coordinates>							6.01887250105179,44.7755874262555,0 6.01895535078427,44.7754931799554,0 6.018990850920421,44.7754476147102,0 6.01924786552576,44.7753319547683,0 6.0186930241464,44.7750765108144,0 6.01865413476182,44.7750683804071,0 6.018591745768921,44.7750678276488,0 6.01815019845876,44.7752073429027,0 6.01849202344163,44.7756959073315,0 6.01851918621427,44.775688229905,0 6.01855854436133,44.7757380625022,0 6.01864923108274,44.775690813766,0 6.01887250105179,44.7755874262555,0 
						</coordinates>
					</LinearRing>
				</outerBoundaryIs>
			</Polygon>
		</Placemark>
		<Placemark id="parcelles-des-personnes-morales_05_groupe_personne_4.570">
		<styleUrl>#COM</styleUrl>			<visibility>0</visibility>
			<ExtendedData>
				<SchemaData schemaUrl="#parcelles-des-personnes-morales_05_groupe_personne_4.schema">
					<SimpleData name="Numero de Parcelle">05142000AD0138</SimpleData>
					<SimpleData name="Departement">05</SimpleData>
					<SimpleData name="Commune">SAINT-FIRMIN</SimpleData>
					<SimpleData name="Adresse">SOUS LA ROCHE</SimpleData>
					<SimpleData name="Groupe de personne">Commune</SimpleData>
					<SimpleData name="Forme Juridique Abregee">COM</SimpleData>
					<SimpleData name="Denomination">COMMUNE DE SAINT FIRMIN</SimpleData>
				</SchemaData>
			</ExtendedData>
	<Region>
		<LatLonAltBox>
			<north> 44.7778920547674 </north>
			<south> 44.7771929125586 </south>
			<east> 6.01502559363738 </east>
			<west> 6.01472155420436 </west>
		</LatLonAltBox>
		<Lod>
			<minLodPixels>100</minLodPixels>
			<maxLodPixels>-1</maxLodPixels>
		</Lod>
	</Region>
			<Polygon><altitudeMode>relativeToGround</altitudeMode>
				<outerBoundaryIs>
					<LinearRing>
						<coordinates>							6.014813633259419,44.7771929125586,0 6.01472155420436,44.7772591162487,0 6.0149563733521,44.7778920547674,0 6.01502559363738,44.7778854863222,0 6.01493077042206,44.7775892149933,0 6.014813633259419,44.7771929125586,0 
						</coordinates>
					</LinearRing>
				</outerBoundaryIs>
			</Polygon>
		</Placemark>
		<Placemark id="parcelles-des-personnes-morales_05_groupe_personne_4.634">
		<styleUrl>#COM</styleUrl>			<visibility>0</visibility>
			<ExtendedData>
				<SchemaData schemaUrl="#parcelles-des-personnes-morales_05_groupe_personne_4.schema">
					<SimpleData name="Numero de Parcelle">051420000C0143</SimpleData>
					<SimpleData name="Departement">05</SimpleData>
					<SimpleData name="Commune">SAINT-FIRMIN</SimpleData>
					<SimpleData name="Adresse">LES HERMES</SimpleData>
					<SimpleData name="Groupe de personne">Commune</SimpleData>
					<SimpleData name="Forme Juridique Abregee">COM</SimpleData>
					<SimpleData name="Denomination">COMMUNE DE SAINT FIRMIN</SimpleData>
				</SchemaData>
			</ExtendedData>
	<Region>
		<LatLonAltBox>
			<north> 44.8115792944637 </north>
			<south> 44.8101206326899 </south>
			<east> 6.02702299441613 </east>
			<west> 6.02589700384732 </west>
		</LatLonAltBox>
		<Lod>
			<minLodPixels>100</minLodPixels>
			<maxLodPixels>-1</maxLodPixels>
		</Lod>
	</Region>
			<Polygon><altitudeMode>relativeToGround</altitudeMode>
				<outerBoundaryIs>
					<LinearRing>
						<coordinates>							6.02598973255904,44.8112611490551,0 6.02589700384732,44.8115792944637,0 6.02626982803215,44.8115147896141,0 6.02633638493377,44.8115426153174,0 6.026401948010971,44.8115543404937,0 6.02653913074081,44.8115492444018,0 6.02657695041078,44.8113584647495,0 6.02671562219784,44.8106574076282,0 6.02680808461428,44.8104495491767,0 6.02686919372565,44.8103363390514,0 6.02702299441613,44.8101276166959,0 6.02678378267933,44.8101206326899,0 6.02662804263021,44.8104766284038,0 6.02651525587003,44.8106854919827,0 6.02644331153005,44.8110040616187,0 6.02637762586462,44.8111521743965,0 6.026023895050709,44.8111481342782,0 6.02598973255904,44.8112611490551,0 
						</coordinates>
					</LinearRing>
				</outerBoundaryIs>
			</Polygon>
		</Placemark>
		<Placemark id="parcelles-des-personnes-morales_05_groupe_personne_4.889">
		<styleUrl>#COM</styleUrl>			<visibility>0</visibility>
			<ExtendedData>
				<SchemaData schemaUrl="#parcelles-des-personnes-morales_05_groupe_personne_4.schema">
					<SimpleData name="Numero de Parcelle">051420000C0167</SimpleData>
					<SimpleData name="Departement">05</SimpleData>
					<SimpleData name="Commune">SAINT-FIRMIN</SimpleData>
					<SimpleData name="Adresse">LA GAGONNIERE NALE</SimpleData>
					<SimpleData name="Groupe de personne">Commune</SimpleData>
					<SimpleData name="Forme Juridique Abregee">COM</SimpleData>
					<SimpleData name="Denomination">COMMUNE DE SAINT FIRMIN</SimpleData>
				</SchemaData>
			</ExtendedData>
	<Region>
		<LatLonAltBox>
			<north> 44.809650008675 </north>
			<south> 44.807786620452 </south>
			<east> 6.025517684525211 </east>
			<west> 6.024496896169489 </west>
		</LatLonAltBox>
		<Lod>
			<minLodPixels>100</minLodPixels>
			<maxLodPixels>-1</maxLodPixels>
		</Lod>
	</Region>
			<Polygon><altitudeMode>relativeToGround</altitudeMode>
				<outerBoundaryIs>
					<LinearRing>
						<coordinates>							6.02468137483774,44.807786620452,0 6.024496896169489,44.8078463429007,0 6.02465386576102,44.8080514488704,0 6.02484160815102,44.8082897722188,0 6.024992371359681,44.8085041470631,0 6.02514281643824,44.8087102413884,0 6.02520533103644,44.8088393583058,0 6.02531685858082,44.8090936357817,0 6.0254474082184,44.8094519982524,0 6.025517684525211,44.809650008675,0 6.025451797437679,44.8091268938849,0 6.02500930162664,44.8083202450658,0 6.02468137483774,44.807786620452,0 
						</coordinates>
					</LinearRing>
				</outerBoundaryIs>
			</Polygon>
		</Placemark>
		<Placemark id="parcelles-des-personnes-morales_05_groupe_personne_4.1264">
		<styleUrl>#COM</styleUrl>			<visibility>0</visibility>
			<ExtendedData>
				<SchemaData schemaUrl="#parcelles-des-personnes-morales_05_groupe_personne_4.schema">
					<SimpleData name="Numero de Parcelle">05142000AE0211</SimpleData>
					<SimpleData name="Departement">05</SimpleData>
					<SimpleData name="Commune">SAINT-FIRMIN</SimpleData>
					<SimpleData name="Adresse">LA GRANGEASSE</SimpleData>
					<SimpleData name="Groupe de personne">Commune</SimpleData>
					<SimpleData name="Forme Juridique Abregee">COM</SimpleData>
					<SimpleData name="Denomination">COMMUNE DE SAINT FIRMIN</SimpleData>
				</SchemaData>
			</ExtendedData>
	<Region>
		<LatLonAltBox>
			<north> 44.7823913993857 </north>
			<south> 44.7823593568787 </south>
			<east> 6.03065544600655 </east>
			<west> 6.030588239526771 </west>
		</LatLonAltBox>
		<Lod>
			<minLodPixels>100</minLodPixels>
			<maxLodPixels>-1</maxLodPixels>
		</Lod>
	</Region>
			<Polygon><altitudeMode>relativeToGround</altitudeMode>
				<outerBoundaryIs>
					<LinearRing>
						<coordinates>							6.03064808224249,44.7823593568787,0 6.030588239526771,44.7823709942982,0 6.030596550572449,44.7823913993857,0 6.03065544600655,44.7823786165984,0 6.03064808224249,44.7823593568787,0 
						</coordinates>
					</LinearRing>
				</outerBoundaryIs>
			</Polygon>
		</Placemark>
		<Placemark id="parcelles-des-personnes-morales_05_groupe_personne_4.1523">
		<styleUrl>#COM</styleUrl>			<visibility>0</visibility>
			<ExtendedData>
				<SchemaData schemaUrl="#parcelles-des-personnes-morales_05_groupe_personne_4.schema">
					<SimpleData name="Numero de Parcelle">051420000D0252</SimpleData>
					<SimpleData name="Departement">05</SimpleData>
					<SimpleData name="Commune">SAINT-FIRMIN</SimpleData>
					<SimpleData name="Adresse">LES FOURNETS</SimpleData>
					<SimpleData name="Groupe de personne">Commune</SimpleData>
					<SimpleData name="Forme Juridique Abregee">COM</SimpleData>
					<SimpleData name="Denomination">COMMUNE DE SAINT FIRMIN</SimpleData>
				</SchemaData>
			</ExtendedData>
	<Region>
		<LatLonAltBox>
			<north> 44.7941071765363 </north>
			<south> 44.793899781542 </south>
			<east> 6.03203335654961 </east>
			<west> 6.03181042781982 </west>
		</LatLonAltBox>
		<Lod>
			<minLodPixels>100</minLodPixels>
			<maxLodPixels>-1</maxLodPixels>
		</Lod>
	</Region>
			<Polygon><altitudeMode>relativeToGround</altitudeMode>
				<outerBoundaryIs>
					<LinearRing>
						<coordinates>							6.03203335654961,44.7941071765363,0 6.031940727039101,44.7940015025361,0 6.0318946220952,44.793899781542,0 6.03181042781982,44.7939621800003,0 6.03192435224682,44.7940521351122,0 6.03203335654961,44.7941071765363,0 
						</coordinates>
					</LinearRing>
				</outerBoundaryIs>
			</Polygon>
		</Placemark>
		<Placemark id="parcelles-des-personnes-morales_05_groupe_personne_4.1708">
		<styleUrl>#COM</styleUrl>			<visibility>0</visibility>
			<ExtendedData>
				<SchemaData schemaUrl="#parcelles-des-personnes-morales_05_groupe_personne_4.schema">
					<SimpleData name="Numero de Parcelle">05142000AE0029</SimpleData>
					<SimpleData name="Departement">05</SimpleData>
					<SimpleData name="Commune">SAINT-FIRMIN</SimpleData>
					<SimpleData name="Adresse">LA VILLETTE</SimpleData>
					<SimpleData name="Groupe de personne">Commune</SimpleData>
					<SimpleData name="Forme Juridique Abregee">COM</SimpleData>
					<SimpleData name="Denomination">COMMUNE DE SAINT FIRMIN</SimpleData>
				</SchemaData>
			</ExtendedData>
	<Region>
		<LatLonAltBox>
			<north> 44.7813964910061 </north>
			<south> 44.7812017195524 </south>
			<east> 6.02575222373885 </east>
			<west> 6.025610541828379 </west>
		</LatLonAltBox>
		<Lod>
			<minLodPixels>100</minLodPixels>
			<maxLodPixels>-1</maxLodPixels>
		</Lod>
	</Region>
			<Polygon><altitudeMode>relativeToGround</altitudeMode>
				<outerBoundaryIs>
					<LinearRing>
						<coordinates>							6.025610541828379,44.7813877295945,0 6.02561303749178,44.7813964910061,0 6.025686331756239,44.7813644873607,0 6.02568692345151,44.7813425775218,0 6.02569168044612,44.7813110937207,0 6.02575222373885,44.7812372725672,0 6.02567832934772,44.7812017195524,0 6.025610541828379,44.7813877295945,0 
						</coordinates>
					</LinearRing>
				</outerBoundaryIs>
			</Polygon>
		</Placemark>
		<Placemark id="parcelles-des-personnes-morales_05_groupe_personne_4.2101">
		<styleUrl>#COM</styleUrl>			<visibility>0</visibility>
			<ExtendedData>
				<SchemaData schemaUrl="#parcelles-des-personnes-morales_05_groupe_personne_4.schema">
					<SimpleData name="Numero de Parcelle">051420000D0364</SimpleData>
					<SimpleData name="Departement">05</SimpleData>
					<SimpleData name="Commune">SAINT-FIRMIN</SimpleData>
					<SimpleData name="Adresse">TRALOUSERRE</SimpleData>
					<SimpleData name="Groupe de personne">Commune</SimpleData>
					<SimpleData name="Forme Juridique Abregee">COM</SimpleData>
					<SimpleData name="Denomination">COMMUNE DE SAINT FIRMIN</SimpleData>
				</SchemaData>
			</ExtendedData>
	<Region>
		<LatLonAltBox>
			<north> 44.8028134782327 </north>
			<south> 44.8003515837364 </south>
			<east> 6.031375877226459 </east>
			<west> 6.02809368638113 </west>
		</LatLonAltBox>
		<Lod>
			<minLodPixels>100</minLodPixels>
			<maxLodPixels>-1</maxLodPixels>
		</Lod>
	</Region>
			<Polygon><altitudeMode>relativeToGround</altitudeMode>
				<outerBoundaryIs>
					<LinearRing>
						<coordinates>							6.02819846872549,44.8028087239515,0 6.028697740832061,44.80228792153,0 6.02884418797006,44.8021240860608,0 6.02892008696015,44.8021023708697,0 6.02905266924581,44.8020452298636,0 6.02927122149852,44.8019982631336,0 6.02949101245083,44.8019085555366,0 6.02952822737504,44.8019016821182,0 6.02958617524386,44.8018991073787,0 6.02958697594451,44.8018646679595,0 6.02960913358945,44.8018625307337,0 6.029612893688869,44.8018782852665,0 6.02982238113882,44.801874451937,0 6.029939380670711,44.8020587486339,0 6.02995521017203,44.8021575141877,0 6.0299202781333,44.8022747858517,0 6.030372720174671,44.8023526071339,0 6.030622800103099,44.8020877290385,0 6.03071972070839,44.8019841692111,0 6.03082410051423,44.8018898656784,0 6.03117714749461,44.8016289284058,0 6.03115553124721,44.8016082562691,0 6.03115631138787,44.8015757995409,0 6.031166986699941,44.8015437930292,0 6.031261383427079,44.8013700250156,0 6.031324841056449,44.8011200688983,0 6.031347397050669,44.8009845749166,0 6.031375877226459,44.8009166728613,0 6.03132857838843,44.8007952523852,0 6.03131182712624,44.8007122794264,0 6.03133278585809,44.8006175535726,0 6.03136472441577,44.8005082018324,0 6.03136525204476,44.8004710669048,0 6.03133185789352,44.8004830621877,0 6.031224701208261,44.8004554490919,0 6.031202289304021,44.8004223651774,0 6.03115422114243,44.8003922352686,0 6.03108296555285,44.8003662532024,0 6.03095714569524,44.8003515837364,0 6.03090525005091,44.8003560660171,0 6.030755863175671,44.8004088936054,0 6.030683216583621,44.8004533160637,0 6.03061230634156,44.8005369738457,0 6.03058278934245,44.8005598548881,0 6.03059674060655,44.8005815475503,0 6.03047640943584,44.8006522307246,0 6.030282768807891,44.8007245573902,0 6.03032489007307,44.8006279918935,0 6.030217359362599,44.8006521044505,0 6.03008996735181,44.800657568873,0 6.02992791042042,44.8006937130684,0 6.029816817983991,44.8007081018741,0 6.029750859698791,44.8007803614424,0 6.029371706205459,44.8011016525279,0 6.029136765100951,44.801314037223,0 6.02889424277378,44.8015478016131,0 6.02881706252659,44.8016419907795,0 6.02866532239713,44.8017780403801,0 6.028495646769361,44.8019593585623,0 6.02821883677268,44.8022191954886,0 6.02816590575026,44.8022843408175,0 6.02814228960971,44.8023251697229,0 6.02815133930101,44.8023991634499,0 6.02815996198853,44.8025051537106,0 6.02815288868935,44.8025922917085,0 6.0281031800547,44.8027642054742,0 6.02809368638113,44.8028134782327,0 6.02819846872549,44.8028087239515,0 
						</coordinates>
					</LinearRing>
				</outerBoundaryIs>
			</Polygon>
		</Placemark>
		<Placemark id="parcelles-des-personnes-morales_05_groupe_personne_4.2134">
		<styleUrl>#COM</styleUrl>			<visibility>0</visibility>
			<ExtendedData>
				<SchemaData schemaUrl="#parcelles-des-personnes-morales_05_groupe_personne_4.schema">
					<SimpleData name="Numero de Parcelle">05142000AH0371</SimpleData>
					<SimpleData name="Departement">05</SimpleData>
					<SimpleData name="Commune">SAINT-FIRMIN</SimpleData>
					<SimpleData name="Adresse">181, RUE DE LAPRA</SimpleData>
					<SimpleData name="Groupe de personne">Commune</SimpleData>
					<SimpleData name="Forme Juridique Abregee">COM</SimpleData>
					<SimpleData name="Denomination">COMMUNE DE SAINT FIRMIN</SimpleData>
				</SchemaData>
			</ExtendedData>
	<Region>
		<LatLonAltBox>
			<north> 44.7829915648445 </north>
			<south> 44.7819267478614 </south>
			<east> 6.03548034433601 </east>
			<west> 6.03399354632273 </west>
		</LatLonAltBox>
		<Lod>
			<minLodPixels>100</minLodPixels>
			<maxLodPixels>-1</maxLodPixels>
		</Lod>
	</Region>
			<Polygon><altitudeMode>relativeToGround</altitudeMode>
				<outerBoundaryIs>
					<LinearRing>
						<coordinates>							6.03399354632273,44.7825748673623,0 6.03399378420493,44.7825816181893,0 6.03421583793068,44.7827205059933,0 6.03431818552399,44.78278852058,0 6.03457188952855,44.7829090621093,0 6.03476699164631,44.7829915648445,0 6.03514147194486,44.7829473421128,0 6.03532394993244,44.7824048199411,0 6.03547911028781,44.781956207001,0 6.03548034433601,44.7819462624278,0 6.03539200841961,44.781938591128,0 6.03496066751067,44.781941755854,0 6.03473745679453,44.7819407510459,0 6.03453099800869,44.7819360435407,0 6.03436376142903,44.7819267478614,0 6.034153596301331,44.7822986600851,0 6.03399354632273,44.7825748673623,0 
						</coordinates>
					</LinearRing>
				</outerBoundaryIs>
			</Polygon>
		</Placemark>
		<Placemark id="parcelles-des-personnes-morales_05_groupe_personne_4.2156">
		<styleUrl>#COM</styleUrl>			<visibility>0</visibility>
			<ExtendedData>
				<SchemaData schemaUrl="#parcelles-des-personnes-morales_05_groupe_personne_4.schema">
					<SimpleData name="Numero de Parcelle">05142000AD0380</SimpleData>
					<SimpleData name="Departement">05</SimpleData>
					<SimpleData name="Commune">SAINT-FIRMIN</SimpleData>
					<SimpleData name="Adresse">SOUS LA ROCHE</SimpleData>
					<SimpleData name="Groupe de personne">Commune</SimpleData>
					<SimpleData name="Forme Juridique Abregee">CCOM</SimpleData>
					<SimpleData name="Denomination">COMMUNAUTE DE COMMUNES DU VALGAUDEMAR</SimpleData>
				</SchemaData>
			</ExtendedData>
	<Region>
		<LatLonAltBox>
			<north> 44.7767386144527 </north>
			<south> 44.7764502444193 </south>
			<east> 6.01394591191582 </east>
			<west> 6.013076500858751 </west>
		</LatLonAltBox>
		<Lod>
			<minLodPixels>100</minLodPixels>
			<maxLodPixels>-1</maxLodPixels>
		</Lod>
	</Region>
			<Polygon><altitudeMode>relativeToGround</altitudeMode>
				<outerBoundaryIs>
					<LinearRing>
						<coordinates>							6.01310223282116,44.7767386144527,0 6.013194273182091,44.7767235881671,0 6.01333932252496,44.7766992818424,0 6.01352021629006,44.7766687748857,0 6.01359098170491,44.7766580208287,0 6.01377946272769,44.7766793830407,0 6.01384078722657,44.7766860039938,0 6.01394591191582,44.7764502444193,0 6.013076500858751,44.776688049102,0 6.01310223282116,44.7767386144527,0 
						</coordinates>
					</LinearRing>
				</outerBoundaryIs>
			</Polygon>
		</Placemark>
		<Placemark id="parcelles-des-personnes-morales_05_groupe_personne_4.2181">
		<styleUrl>#COM</styleUrl>			<visibility>0</visibility>
			<ExtendedData>
				<SchemaData schemaUrl="#parcelles-des-personnes-morales_05_groupe_personne_4.schema">
					<SimpleData name="Numero de Parcelle">051420000C0388</SimpleData>
					<SimpleData name="Departement">05</SimpleData>
					<SimpleData name="Commune">SAINT-FIRMIN</SimpleData>
					<SimpleData name="Adresse">COL DES PREAUX</SimpleData>
					<SimpleData name="Groupe de personne">Commune</SimpleData>
					<SimpleData name="Forme Juridique Abregee">COM</SimpleData>
					<SimpleData name="Denomination">COMMUNE DE SAINT FIRMIN</SimpleData>
				</SchemaData>
			</ExtendedData>
	<Region>
		<LatLonAltBox>
			<north> 44.8008504657344 </north>
			<south> 44.8001006913204 </south>
			<east> 6.024879080105051 </east>
			<west> 6.02402703443549 </west>
		</LatLonAltBox>
		<Lod>
			<minLodPixels>100</minLodPixels>
			<maxLodPixels>-1</maxLodPixels>
		</Lod>
	</Region>
			<Polygon><altitudeMode>relativeToGround</altitudeMode>
				<outerBoundaryIs>
					<LinearRing>
						<coordinates>							6.02413061056827,44.8001006913204,0 6.02402703443549,44.8002665041444,0 6.024676267859601,44.8008504657344,0 6.024879080105051,44.8005581497235,0 6.02446617730468,44.8002811024214,0 6.02413061056827,44.8001006913204,0 
						</coordinates>
					</LinearRing>
				</outerBoundaryIs>
			</Polygon>
		</Placemark>
		<Placemark id="parcelles-des-personnes-morales_05_groupe_personne_4.2215">
		<styleUrl>#COM</styleUrl>			<visibility>0</visibility>
			<ExtendedData>
				<SchemaData schemaUrl="#parcelles-des-personnes-morales_05_groupe_personne_4.schema">
					<SimpleData name="Numero de Parcelle">051420000D0395</SimpleData>
					<SimpleData name="Departement">05</SimpleData>
					<SimpleData name="Commune">SAINT-FIRMIN</SimpleData>
					<SimpleData name="Adresse">MALATRAS</SimpleData>
					<SimpleData name="Groupe de personne">Commune</SimpleData>
					<SimpleData name="Forme Juridique Abregee">COM</SimpleData>
					<SimpleData name="Denomination">COMMUNE DE SAINT FIRMIN</SimpleData>
				</SchemaData>
			</ExtendedData>
	<Region>
		<LatLonAltBox>
			<north> 44.8033464881582 </north>
			<south> 44.8029169500833 </south>
			<east> 6.03246801619031 </east>
			<west> 6.032035781596781 </west>
		</LatLonAltBox>
		<Lod>
			<minLodPixels>100</minLodPixels>
			<maxLodPixels>-1</maxLodPixels>
		</Lod>
	</Region>
			<Polygon><altitudeMode>relativeToGround</altitudeMode>
				<outerBoundaryIs>
					<LinearRing>
						<coordinates>							6.03246801619031,44.8033464881582,0 6.03244660120905,44.8032685982205,0 6.03237655216466,44.8032322225205,0 6.03234601990789,44.8031471938929,0 6.032397268450759,44.8031119150409,0 6.03227114865588,44.8030449078987,0 6.03206758003559,44.8029169500833,0 6.032035781596781,44.8031180184605,0 6.032180005887259,44.8031828188045,0 6.03246801619031,44.8033464881582,0 
						</coordinates>
					</LinearRing>
				</outerBoundaryIs>
			</Polygon>
		</Placemark>
		<Placemark id="parcelles-des-personnes-morales_05_groupe_personne_4.2519">
		<styleUrl>#COM</styleUrl>			<visibility>0</visibility>
			<ExtendedData>
				<SchemaData schemaUrl="#parcelles-des-personnes-morales_05_groupe_personne_4.schema">
					<SimpleData name="Numero de Parcelle">05142000AE0474</SimpleData>
					<SimpleData name="Departement">05</SimpleData>
					<SimpleData name="Commune">SAINT-FIRMIN</SimpleData>
					<SimpleData name="Adresse">CHARBERYS</SimpleData>
					<SimpleData name="Groupe de personne">Commune</SimpleData>
					<SimpleData name="Forme Juridique Abregee">COM</SimpleData>
					<SimpleData name="Denomination">COMMUNE DE SAINT FIRMIN</SimpleData>
				</SchemaData>
			</ExtendedData>
	<Region>
		<LatLonAltBox>
			<north> 44.7782697979801 </north>
			<south> 44.7781294532247 </south>
			<east> 6.02495128219496 </east>
			<west> 6.024880987602451 </west>
		</LatLonAltBox>
		<Lod>
			<minLodPixels>100</minLodPixels>
			<maxLodPixels>-1</maxLodPixels>
		</Lod>
	</Region>
			<Polygon><altitudeMode>relativeToGround</altitudeMode>
				<outerBoundaryIs>
					<LinearRing>
						<coordinates>							6.02495128219496,44.7782697979801,0 6.02492180017138,44.7781826678007,0 6.024880987602451,44.7781294532247,0 6.02495128219496,44.7782697979801,0 
						</coordinates>
					</LinearRing>
				</outerBoundaryIs>
			</Polygon>
		</Placemark>
		<Placemark id="parcelles-des-personnes-morales_05_groupe_personne_4.2653">
		<styleUrl>#COM</styleUrl>			<visibility>0</visibility>
			<ExtendedData>
				<SchemaData schemaUrl="#parcelles-des-personnes-morales_05_groupe_personne_4.schema">
					<SimpleData name="Numero de Parcelle">051420000C0510</SimpleData>
					<SimpleData name="Departement">05</SimpleData>
					<SimpleData name="Commune">SAINT-FIRMIN</SimpleData>
					<SimpleData name="Adresse">CLAUZET</SimpleData>
					<SimpleData name="Groupe de personne">Commune</SimpleData>
					<SimpleData name="Forme Juridique Abregee">COM</SimpleData>
					<SimpleData name="Denomination">COMMUNE DE SAINT FIRMIN</SimpleData>
				</SchemaData>
			</ExtendedData>
	<Region>
		<LatLonAltBox>
			<north> 44.7878067340912 </north>
			<south> 44.7875512823537 </south>
			<east> 6.02628225014382 </east>
			<west> 6.02591300033731 </west>
		</LatLonAltBox>
		<Lod>
			<minLodPixels>100</minLodPixels>
			<maxLodPixels>-1</maxLodPixels>
		</Lod>
	</Region>
			<Polygon><altitudeMode>relativeToGround</altitudeMode>
				<outerBoundaryIs>
					<LinearRing>
						<coordinates>							6.02628225014382,44.7877548741175,0 6.0261063083767,44.7875512823537,0 6.025959930904101,44.7875960031945,0 6.02591300033731,44.787671344828,0 6.02622418707711,44.7878067340912,0 6.02628225014382,44.7877548741175,0 
						</coordinates>
					</LinearRing>
				</outerBoundaryIs>
			</Polygon>
		</Placemark>
		<Placemark id="parcelles-des-personnes-morales_05_groupe_personne_4.2794">
		<styleUrl>#COM</styleUrl>			<visibility>0</visibility>
			<ExtendedData>
				<SchemaData schemaUrl="#parcelles-des-personnes-morales_05_groupe_personne_4.schema">
					<SimpleData name="Numero de Parcelle">05142000AC0557</SimpleData>
					<SimpleData name="Departement">05</SimpleData>
					<SimpleData name="Commune">SAINT-FIRMIN</SimpleData>
					<SimpleData name="Adresse">LA BROUE</SimpleData>
					<SimpleData name="Groupe de personne">Commune</SimpleData>
					<SimpleData name="Forme Juridique Abregee">COM</SimpleData>
					<SimpleData name="Denomination">COMMUNE DE SAINT FIRMIN</SimpleData>
				</SchemaData>
			</ExtendedData>
	<Region>
		<LatLonAltBox>
			<north> 44.7813807499527 </north>
			<south> 44.7813404700542 </south>
			<east> 5.99255294195109 </east>
			<west> 5.99247496506473 </west>
		</LatLonAltBox>
		<Lod>
			<minLodPixels>100</minLodPixels>
			<maxLodPixels>-1</maxLodPixels>
		</Lod>
	</Region>
			<Polygon><altitudeMode>relativeToGround</altitudeMode>
				<outerBoundaryIs>
					<LinearRing>
						<coordinates>							5.99254119168416,44.7813440874205,0 5.99247496506473,44.7813404700542,0 5.9925013978268,44.7813807499527,0 5.99255294195109,44.7813723305488,0 5.99254119168416,44.7813440874205,0 
						</coordinates>
					</LinearRing>
				</outerBoundaryIs>
			</Polygon>
		</Placemark>
		<Placemark id="parcelles-des-personnes-morales_05_groupe_personne_4.2999">
		<styleUrl>#COM</styleUrl>			<visibility>0</visibility>
			<ExtendedData>
				<SchemaData schemaUrl="#parcelles-des-personnes-morales_05_groupe_personne_4.schema">
					<SimpleData name="Numero de Parcelle">051420000C0628</SimpleData>
					<SimpleData name="Departement">05</SimpleData>
					<SimpleData name="Commune">SAINT-FIRMIN</SimpleData>
					<SimpleData name="Adresse">LE SERRE</SimpleData>
					<SimpleData name="Groupe de personne">Commune</SimpleData>
					<SimpleData name="Forme Juridique Abregee">COM</SimpleData>
					<SimpleData name="Denomination">COMMUNE DE SAINT FIRMIN</SimpleData>
				</SchemaData>
			</ExtendedData>
	<Region>
		<LatLonAltBox>
			<north> 44.7942928243454 </north>
			<south> 44.7942205314614 </south>
			<east> 6.02628335011156 </east>
			<west> 6.02614679129158 </west>
		</LatLonAltBox>
		<Lod>
			<minLodPixels>100</minLodPixels>
			<maxLodPixels>-1</maxLodPixels>
		</Lod>
	</Region>
			<Polygon><altitudeMode>relativeToGround</altitudeMode>
				<outerBoundaryIs>
					<LinearRing>
						<coordinates>							6.02628335011156,44.7942205314614,0 6.02625618836338,44.7942330758813,0 6.02614679129158,44.7942928243454,0 6.02628329650156,44.7942806282149,0 6.02628335011156,44.7942205314614,0 
						</coordinates>
					</LinearRing>
				</outerBoundaryIs>
			</Polygon>
		</Placemark>
		<Placemark id="parcelles-des-personnes-morales_05_groupe_personne_4.3148">
		<styleUrl>#COM</styleUrl>			<visibility>0</visibility>
			<ExtendedData>
				<SchemaData schemaUrl="#parcelles-des-personnes-morales_05_groupe_personne_4.schema">
					<SimpleData name="Numero de Parcelle">051420000D0685</SimpleData>
					<SimpleData name="Departement">05</SimpleData>
					<SimpleData name="Commune">SAINT-FIRMIN</SimpleData>
					<SimpleData name="Adresse">LES OULES</SimpleData>
					<SimpleData name="Groupe de personne">Commune</SimpleData>
					<SimpleData name="Forme Juridique Abregee">COM</SimpleData>
					<SimpleData name="Denomination">COMMUNE DE SAINT FIRMIN</SimpleData>
				</SchemaData>
			</ExtendedData>
	<Region>
		<LatLonAltBox>
			<north> 44.7914527948282 </north>
			<south> 44.7896511729809 </south>
			<east> 6.03513759990863 </east>
			<west> 6.03462921391397 </west>
		</LatLonAltBox>
		<Lod>
			<minLodPixels>100</minLodPixels>
			<maxLodPixels>-1</maxLodPixels>
		</Lod>
	</Region>
			<Polygon><altitudeMode>relativeToGround</altitudeMode>
				<outerBoundaryIs>
					<LinearRing>
						<coordinates>							6.03506981356561,44.7914299641934,0 6.03513759990863,44.7914527948282,0 6.03509742445873,44.7913437950203,0 6.03509125841946,44.7912999058606,0 6.03510376203798,44.7911917159387,0 6.03510549255268,44.7911066158708,0 6.03507419526031,44.7909886334305,0 6.035012299932509,44.7908476128633,0 6.035000978513199,44.7907926026118,0 6.03501483784728,44.7906907725653,0 6.035010577082059,44.7906095306043,0 6.03497505736257,44.7905211258903,0 6.03494930935518,44.7904496623368,0 6.034955122071901,44.7903347181265,0 6.034958745081669,44.7900409890748,0 6.03498061226282,44.7899257854448,0 6.034974529060271,44.7898834257066,0 6.03493629831475,44.7898104119359,0 6.03486488029087,44.7897132596427,0 6.03480269433728,44.7896511729809,0 6.0347509512071,44.7899066665082,0 6.03469315690373,44.7902352150951,0 6.03470709965278,44.7904418788416,0 6.034692149730339,44.7906547395996,0 6.03465166376548,44.7909219079541,0 6.03462921391397,44.7912489482473,0 6.03488209696119,44.7913441953701,0 6.03506981356561,44.7914299641934,0 
						</coordinates>
					</LinearRing>
				</outerBoundaryIs>
			</Polygon>
		</Placemark>
		<Placemark id="parcelles-des-personnes-morales_05_groupe_personne_4.3222">
		<styleUrl>#COM</styleUrl>			<visibility>0</visibility>
			<ExtendedData>
				<SchemaData schemaUrl="#parcelles-des-personnes-morales_05_groupe_personne_4.schema">
					<SimpleData name="Numero de Parcelle">051420000D0700</SimpleData>
					<SimpleData name="Departement">05</SimpleData>
					<SimpleData name="Commune">SAINT-FIRMIN</SimpleData>
					<SimpleData name="Adresse">LES OULES</SimpleData>
					<SimpleData name="Groupe de personne">Commune</SimpleData>
					<SimpleData name="Forme Juridique Abregee">COM</SimpleData>
					<SimpleData name="Denomination">COMMUNE DE SAINT FIRMIN</SimpleData>
				</SchemaData>
			</ExtendedData>
	<Region>
		<LatLonAltBox>
			<north> 44.790139766281 </north>
			<south> 44.7895487718338 </south>
			<east> 6.03260594655777 </east>
			<west> 6.03238318195612 </west>
		</LatLonAltBox>
		<Lod>
			<minLodPixels>100</minLodPixels>
			<maxLodPixels>-1</maxLodPixels>
		</Lod>
	</Region>
			<Polygon><altitudeMode>relativeToGround</altitudeMode>
				<outerBoundaryIs>
					<LinearRing>
						<coordinates>							6.03252342050342,44.7895487718338,0 6.03252573236714,44.7897510687252,0 6.03250982472363,44.7898220507337,0 6.032415072876,44.7899841167378,0 6.03239600802102,44.7900294170779,0 6.03238318195612,44.7900801327978,0 6.03240006412425,44.790139766281,0 6.03249646509462,44.7900387416302,0 6.03254177095091,44.7899592068098,0 6.03258355041723,44.7898518380706,0 6.03256814578581,44.7896906237186,0 6.03257507856966,44.7896197971755,0 6.03260594655777,44.7895611096286,0 6.03252342050342,44.7895487718338,0 
						</coordinates>
					</LinearRing>
				</outerBoundaryIs>
			</Polygon>
		</Placemark>
		<Placemark id="parcelles-des-personnes-morales_05_groupe_personne_4.3225">
		<styleUrl>#COM</styleUrl>			<visibility>0</visibility>
			<ExtendedData>
				<SchemaData schemaUrl="#parcelles-des-personnes-morales_05_groupe_personne_4.schema">
					<SimpleData name="Numero de Parcelle">051420000D0702</SimpleData>
					<SimpleData name="Departement">05</SimpleData>
					<SimpleData name="Commune">SAINT-FIRMIN</SimpleData>
					<SimpleData name="Adresse">LES OULES</SimpleData>
					<SimpleData name="Groupe de personne">Commune</SimpleData>
					<SimpleData name="Forme Juridique Abregee">COM</SimpleData>
					<SimpleData name="Denomination">COMMUNE DE SAINT FIRMIN</SimpleData>
				</SchemaData>
			</ExtendedData>
	<Region>
		<LatLonAltBox>
			<north> 44.7907663124944 </north>
			<south> 44.7904865288765 </south>
			<east> 6.03262159367432 </east>
			<west> 6.032448959181009 </west>
		</LatLonAltBox>
		<Lod>
			<minLodPixels>100</minLodPixels>
			<maxLodPixels>-1</maxLodPixels>
		</Lod>
	</Region>
			<Polygon><altitudeMode>relativeToGround</altitudeMode>
				<outerBoundaryIs>
					<LinearRing>
						<coordinates>							6.03252365180764,44.7906785948259,0 6.03259301299903,44.7905618219867,0 6.03262159367432,44.7904865288765,0 6.032464141545599,44.7904972339527,0 6.032448959181009,44.7907176687751,0 6.032459175399051,44.7907663124944,0 6.03252365180764,44.7906785948259,0 
						</coordinates>
					</LinearRing>
				</outerBoundaryIs>
			</Polygon>
		</Placemark>
		<Placemark id="parcelles-des-personnes-morales_05_groupe_personne_4.3251">
		<styleUrl>#COM</styleUrl>			<visibility>0</visibility>
			<ExtendedData>
				<SchemaData schemaUrl="#parcelles-des-personnes-morales_05_groupe_personne_4.schema">
					<SimpleData name="Numero de Parcelle">051420000D0717</SimpleData>
					<SimpleData name="Departement">05</SimpleData>
					<SimpleData name="Commune">SAINT-FIRMIN</SimpleData>
					<SimpleData name="Adresse">LES OULES</SimpleData>
					<SimpleData name="Groupe de personne">Commune</SimpleData>
					<SimpleData name="Forme Juridique Abregee">COM</SimpleData>
					<SimpleData name="Denomination">COMMUNE DE SAINT FIRMIN</SimpleData>
				</SchemaData>
			</ExtendedData>
	<Region>
		<LatLonAltBox>
			<north> 44.7921575047888 </north>
			<south> 44.791606682922 </south>
			<east> 6.035410227194981 </east>
			<west> 6.034505673895831 </west>
		</LatLonAltBox>
		<Lod>
			<minLodPixels>100</minLodPixels>
			<maxLodPixels>-1</maxLodPixels>
		</Lod>
	</Region>
			<Polygon><altitudeMode>relativeToGround</altitudeMode>
				<outerBoundaryIs>
					<LinearRing>
						<coordinates>							6.03496978422636,44.791606682922,0 6.034907138386501,44.7916274991384,0 6.03494126889758,44.7917206270694,0 6.034960958210869,44.7917665785905,0 6.03495648754317,44.7917798553449,0 6.03468806547826,44.7918092791698,0 6.034659866820009,44.7918259986279,0 6.03459574747263,44.7918945169401,0 6.03457998271173,44.7919681082876,0 6.03451496062347,44.7919613291893,0 6.034505673895831,44.7919955504584,0 6.03460294702577,44.7920114474547,0 6.034669304475199,44.7920851328932,0 6.03496131876007,44.7921575047888,0 6.034980251904141,44.7920254429781,0 6.03505443432248,44.7919816060725,0 6.03511253704466,44.7919633468397,0 6.03529326386957,44.7919665065197,0 6.035410227194981,44.791901856369,0 6.03533084619499,44.7918049222908,0 6.03514523688565,44.7917160328077,0 6.035085443827181,44.7916795586497,0 6.03496978422636,44.791606682922,0 
						</coordinates>
					</LinearRing>
				</outerBoundaryIs>
			</Polygon>
		</Placemark>
		<Placemark id="parcelles-des-personnes-morales_05_groupe_personne_4.3322">
		<styleUrl>#COM</styleUrl>			<visibility>0</visibility>
			<ExtendedData>
				<SchemaData schemaUrl="#parcelles-des-personnes-morales_05_groupe_personne_4.schema">
					<SimpleData name="Numero de Parcelle">051420000D0743</SimpleData>
					<SimpleData name="Departement">05</SimpleData>
					<SimpleData name="Commune">SAINT-FIRMIN</SimpleData>
					<SimpleData name="Adresse">LOUBESSA</SimpleData>
					<SimpleData name="Groupe de personne">Commune</SimpleData>
					<SimpleData name="Forme Juridique Abregee">COM</SimpleData>
					<SimpleData name="Denomination">COMMUNE DE SAINT FIRMIN</SimpleData>
				</SchemaData>
			</ExtendedData>
	<Region>
		<LatLonAltBox>
			<north> 44.7950407377676 </north>
			<south> 44.7941455867048 </south>
			<east> 6.03894932667765 </east>
			<west> 6.037549165603631 </west>
		</LatLonAltBox>
		<Lod>
			<minLodPixels>100</minLodPixels>
			<maxLodPixels>-1</maxLodPixels>
		</Lod>
	</Region>
			<Polygon><altitudeMode>relativeToGround</altitudeMode>
				<outerBoundaryIs>
					<LinearRing>
						<coordinates>							6.03759689139286,44.7943809207458,0 6.037609348422149,44.7944381522268,0 6.03763670507145,44.7945041654132,0 6.037549165603631,44.7946333328764,0 6.03756660547774,44.7947406126199,0 6.037622243686751,44.794908472846,0 6.0376879790272,44.7950407377676,0 6.037815335826121,44.7949786834201,0 6.03795514295274,44.7949269192929,0 6.03819324790225,44.7948584052933,0 6.03832724759577,44.7948139176413,0 6.03844826682058,44.7947610461048,0 6.03855001288008,44.7947074414026,0 6.038638453214159,44.7946511380261,0 6.03874879876347,44.7945717094243,0 6.03887055693127,44.7944576403036,0 6.038846601339609,44.7943235098164,0 6.038814080759979,44.7943094450724,0 6.03894932667765,44.7941710398865,0 6.03894769719954,44.7941455867048,0 6.03884477011174,44.7941726451415,0 6.03873838752088,44.7941943022108,0 6.038457418906839,44.7942329085378,0 6.03816594434107,44.7942854970736,0 6.03759689139286,44.7943809207458,0 
						</coordinates>
					</LinearRing>
				</outerBoundaryIs>
			</Polygon>
		</Placemark>
		<Placemark id="parcelles-des-personnes-morales_05_groupe_personne_4.3772">
		<styleUrl>#COM</styleUrl>			<visibility>0</visibility>
			<ExtendedData>
				<SchemaData schemaUrl="#parcelles-des-personnes-morales_05_groupe_personne_4.schema">
					<SimpleData name="Numero de Parcelle">051420000D0095</SimpleData>
					<SimpleData name="Departement">05</SimpleData>
					<SimpleData name="Commune">SAINT-FIRMIN</SimpleData>
					<SimpleData name="Adresse">DERRIERE MAISON</SimpleData>
					<SimpleData name="Groupe de personne">Commune</SimpleData>
					<SimpleData name="Forme Juridique Abregee">COM</SimpleData>
					<SimpleData name="Denomination">COMMUNE DE SAINT FIRMIN</SimpleData>
				</SchemaData>
			</ExtendedData>
	<Region>
		<LatLonAltBox>
			<north> 44.800356561614 </north>
			<south> 44.7992313893871 </south>
			<east> 6.037113344869079 </east>
			<west> 6.03607354334435 </west>
		</LatLonAltBox>
		<Lod>
			<minLodPixels>100</minLodPixels>
			<maxLodPixels>-1</maxLodPixels>
		</Lod>
	</Region>
			<Polygon><altitudeMode>relativeToGround</altitudeMode>
				<outerBoundaryIs>
					<LinearRing>
						<coordinates>							6.03607354334435,44.7992313893871,0 6.0361247691984,44.7994440603136,0 6.03615606309919,44.799510326551,0 6.03619999297142,44.7995785892437,0 6.03631472834837,44.7996949171665,0 6.03646132643983,44.7998271305191,0 6.03651809684786,44.7998871127086,0 6.0365970017081,44.8000499216284,0 6.036740559329381,44.800196093133,0 6.0368302280869,44.8002676976401,0 6.03691804583489,44.800356561614,0 6.03695845601333,44.8003222081592,0 6.037027164845021,44.8002448231717,0 6.037113344869079,44.8001558773422,0 6.03688148593704,44.8000383441129,0 6.03680250551864,44.8000076218752,0 6.03672871003611,44.7999417092208,0 6.03662444254079,44.7998692431942,0 6.03655074412364,44.7997746764516,0 6.03645566691337,44.7996755596735,0 6.03619360091733,44.7994766827433,0 6.03612710036624,44.7992951537859,0 6.03607354334435,44.7992313893871,0 
						</coordinates>
					</LinearRing>
				</outerBoundaryIs>
			</Polygon>
		</Placemark>
		<Placemark id="parcelles-des-personnes-morales_05_groupe_personne_4.3871">
		<styleUrl>#COM</styleUrl>			<visibility>0</visibility>
			<ExtendedData>
				<SchemaData schemaUrl="#parcelles-des-personnes-morales_05_groupe_personne_4.schema">
					<SimpleData name="Numero de Parcelle">051420000D1253</SimpleData>
					<SimpleData name="Departement">05</SimpleData>
					<SimpleData name="Commune">SAINT-FIRMIN</SimpleData>
					<SimpleData name="Adresse">LA BROUE DU RIF</SimpleData>
					<SimpleData name="Groupe de personne">Commune</SimpleData>
					<SimpleData name="Forme Juridique Abregee">COM</SimpleData>
					<SimpleData name="Denomination">COMMUNE DE SAINT FIRMIN</SimpleData>
				</SchemaData>
			</ExtendedData>
	<Region>
		<LatLonAltBox>
			<north> 44.7806148958002 </north>
			<south> 44.7805659378433 </south>
			<east> 6.045864382937081 </east>
			<west> 6.04577288611192 </west>
		</LatLonAltBox>
		<Lod>
			<minLodPixels>100</minLodPixels>
			<maxLodPixels>-1</maxLodPixels>
		</Lod>
	</Region>
			<Polygon><altitudeMode>relativeToGround</altitudeMode>
				<outerBoundaryIs>
					<LinearRing>
						<coordinates>							6.045864382937081,44.7805692527386,0 6.04582764379791,44.7805659378433,0 6.04577288611192,44.780594292208,0 6.0458296641111,44.7806148958002,0 6.045864382937081,44.7805692527386,0 
						</coordinates>
					</LinearRing>
				</outerBoundaryIs>
			</Polygon>
		</Placemark>
		<Placemark id="parcelles-des-personnes-morales_05_groupe_personne_4.4245">
		<styleUrl>#COM</styleUrl>			<visibility>0</visibility>
			<ExtendedData>
				<SchemaData schemaUrl="#parcelles-des-personnes-morales_05_groupe_personne_4.schema">
					<SimpleData name="Numero de Parcelle">051420000C0247</SimpleData>
					<SimpleData name="Departement">05</SimpleData>
					<SimpleData name="Commune">SAINT-FIRMIN</SimpleData>
					<SimpleData name="Adresse">LA COSTE</SimpleData>
					<SimpleData name="Groupe de personne">Commune</SimpleData>
					<SimpleData name="Forme Juridique Abregee">COM</SimpleData>
					<SimpleData name="Denomination">COMMUNE DE SAINT FIRMIN</SimpleData>
				</SchemaData>
			</ExtendedData>
	<Region>
		<LatLonAltBox>
			<north> 44.7956355540127 </north>
			<south> 44.7932820048103 </south>
			<east> 6.00854467205619 </east>
			<west> 6.00680116228533 </west>
		</LatLonAltBox>
		<Lod>
			<minLodPixels>100</minLodPixels>
			<maxLodPixels>-1</maxLodPixels>
		</Lod>
	</Region>
			<Polygon><altitudeMode>relativeToGround</altitudeMode>
				<outerBoundaryIs>
					<LinearRing>
						<coordinates>							6.00786155745442,44.7956355540127,0 6.008023947334209,44.7954047331851,0 6.00811275990842,44.7952578972907,0 6.00813444941048,44.7951855913568,0 6.00820401399273,44.7948659308934,0 6.00825713617775,44.7946102351125,0 6.00831930256651,44.7944525897919,0 6.00838486615585,44.7943135023315,0 6.00845224594006,44.7941965294229,0 6.00854467205619,44.7940676145024,0 6.00851761147396,44.793982846853,0 6.0085191803474,44.7939034287232,0 6.00850883577936,44.7938401910491,0 6.00839932171033,44.7936617079717,0 6.00826327893411,44.7934769172556,0 6.0082549593644,44.7934373201474,0 6.00822898346361,44.7934720818418,0 6.008151507984209,44.7935753635448,0 6.00790764603068,44.7935675660812,0 6.00763766832058,44.7933956892365,0 6.00746102206107,44.7932820048103,0 6.00727599627373,44.7934444245787,0 6.007232290463341,44.793608956309,0 6.00722744123235,44.7936176470935,0 6.00702071964581,44.7936678535571,0 6.00697824642679,44.7936520675821,0 6.00680116228533,44.7938163432904,0 6.00687710587284,44.793883027146,0 6.00693184593329,44.7939246986206,0 6.00697737938635,44.7939432847044,0 6.00747034078957,44.7941228980022,0 6.00745660845156,44.794199672913,0 6.00683318756939,44.7942801049138,0 6.00700136870953,44.794330141272,0 6.00731327304644,44.7944224077144,0 6.00754355528372,44.7944908499987,0 6.00750022850075,44.7945773475387,0 6.007544637487721,44.7945914590696,0 6.007647814616521,44.7948761592487,0 6.007791976353141,44.7948792749695,0 6.0078694933173,44.795240082604,0 6.00788381302594,44.7952924909274,0 6.00786758641553,44.7953132031096,0 6.0078404213867,44.7953328606584,0 6.00777511241789,44.7953349031572,0 6.0076863282172,44.7953144276553,0 6.00765804195273,44.7954195276402,0 6.007589051989591,44.7955726726616,0 6.00786155745442,44.7956355540127,0 
						</coordinates>
					</LinearRing>
				</outerBoundaryIs>
			</Polygon>
		</Placemark>
		<Placemark id="parcelles-des-personnes-morales_05_groupe_personne_4.4247">
		<styleUrl>#COM</styleUrl>			<visibility>0</visibility>
			<ExtendedData>
				<SchemaData schemaUrl="#parcelles-des-personnes-morales_05_groupe_personne_4.schema">
					<SimpleData name="Numero de Parcelle">051420000A0260</SimpleData>
					<SimpleData name="Departement">05</SimpleData>
					<SimpleData name="Commune">SAINT-FIRMIN</SimpleData>
					<SimpleData name="Adresse">ROUSSETTE</SimpleData>
					<SimpleData name="Groupe de personne">Commune</SimpleData>
					<SimpleData name="Forme Juridique Abregee">COM</SimpleData>
					<SimpleData name="Denomination">COMMUNE DE SAINT FIRMIN</SimpleData>
				</SchemaData>
			</ExtendedData>
	<Region>
		<LatLonAltBox>
			<north> 44.7887919720347 </north>
			<south> 44.7873305606815 </south>
			<east> 5.99888393459091 </east>
			<west> 5.995539557098991 </west>
		</LatLonAltBox>
		<Lod>
			<minLodPixels>100</minLodPixels>
			<maxLodPixels>-1</maxLodPixels>
		</Lod>
	</Region>
			<Polygon><altitudeMode>relativeToGround</altitudeMode>
				<outerBoundaryIs>
					<LinearRing>
						<coordinates>							5.995602245767681,44.7885238624099,0 5.99556197838374,44.7886276606454,0 5.995539557098991,44.788760077652,0 5.99555608971397,44.7887569279149,0 5.9955828817373,44.7887919720347,0 5.99608186023088,44.7885828850186,0 5.996089876845439,44.788590867077,0 5.99664288832382,44.7883749109684,0 5.9966751837417,44.7883992647503,0 5.99671817155708,44.7883987330916,0 5.99681597165285,44.7883868988091,0 5.99692645812214,44.7883614772161,0 5.997035210987639,44.78832727294,0 5.99718219543285,44.7882484279854,0 5.99725025848874,44.7883147903299,0 5.99739075312634,44.7882399947457,0 5.9975418292452,44.7881738323329,0 5.99773814098333,44.7881018512533,0 5.997771550913239,44.7880877934866,0 5.9977772723265,44.7880479962907,0 5.997781667917871,44.7879999460828,0 5.99779761441949,44.7879573496104,0 5.997818347484501,44.7879357062334,0 5.99795901735031,44.7878215330021,0 5.998098936949871,44.78781900939,0 5.9981623903831,44.7878108059086,0 5.99819890094179,44.7878027005913,0 5.998237397554831,44.7877891357452,0 5.99837216751523,44.787704312828,0 5.998390262439191,44.787718599105,0 5.998739318826999,44.7875762627678,0 5.99888393459091,44.7875242382067,0 5.99884422627676,44.7874368379147,0 5.99874427568884,44.7873893586479,0 5.99862860576937,44.7873507736775,0 5.99854984664905,44.7873305606815,0 5.99823103324743,44.7873994605376,0 5.99765135459655,44.7875326268132,0 5.99761606787481,44.787585026295,0 5.99752412814629,44.7877494162708,0 5.997492194400801,44.7877650557758,0 5.996982681861801,44.7879638028972,0 5.99675633530244,44.7880585782739,0 5.996651646262041,44.7880978078987,0 5.996610483243681,44.7881088314782,0 5.99658099117014,44.7881062052186,0 5.99654464348959,44.788096016019,0 5.99650774259497,44.7880778231856,0 5.9964446047787,44.7879946594275,0 5.996413200007449,44.7880036171764,0 5.996334452715161,44.7880429559933,0 5.996156536392501,44.7881135362805,0 5.99608534931339,44.788173662988,0 5.99579211912985,44.7883405195717,0 5.995700179056699,44.7883863410784,0 5.99563699053509,44.7884375119344,0 5.995620966112881,44.7884573157789,0 5.995602245767681,44.7885238624099,0 
						</coordinates>
					</LinearRing>
				</outerBoundaryIs>
			</Polygon>
		</Placemark>
		<Placemark id="parcelles-des-personnes-morales_05_groupe_personne_4.4860">
		<styleUrl>#COM</styleUrl>			<visibility>0</visibility>
			<ExtendedData>
				<SchemaData schemaUrl="#parcelles-des-personnes-morales_05_groupe_personne_4.schema">
					<SimpleData name="Numero de Parcelle">051420000C0010</SimpleData>
					<SimpleData name="Departement">05</SimpleData>
					<SimpleData name="Commune">SAINT-FIRMIN</SimpleData>
					<SimpleData name="Adresse">COMBE FROIDE</SimpleData>
					<SimpleData name="Groupe de personne">Commune</SimpleData>
					<SimpleData name="Forme Juridique Abregee">COM</SimpleData>
					<SimpleData name="Denomination">COMMUNE DE SAINT FIRMIN</SimpleData>
				</SchemaData>
			</ExtendedData>
	<Region>
		<LatLonAltBox>
			<north> 44.8163748334413 </north>
			<south> 44.8148366381897 </south>
			<east> 6.027239897156501 </east>
			<west> 6.026375530166759 </west>
		</LatLonAltBox>
		<Lod>
			<minLodPixels>100</minLodPixels>
			<maxLodPixels>-1</maxLodPixels>
		</Lod>
	</Region>
			<Polygon><altitudeMode>relativeToGround</altitudeMode>
				<outerBoundaryIs>
					<LinearRing>
						<coordinates>							6.027239897156501,44.8148366381897,0 6.02717031143742,44.8148466468619,0 6.027170503265149,44.8148643009405,0 6.02715365685095,44.814911071523,0 6.02711510805058,44.814968525634,0 6.02706721297827,44.8150122696116,0 6.026988209993811,44.8150589350702,0 6.02678258727935,44.8151518537735,0 6.02659862804782,44.8152310263704,0 6.02664543359577,44.8152868712322,0 6.026652110533401,44.8153027265162,0 6.026375530166759,44.8158760045362,0 6.026490345485871,44.8158173700425,0 6.02656889952619,44.8159432559516,0 6.02657751832434,44.8160374439872,0 6.02659578915239,44.8161486674934,0 6.0267500283164,44.8161357177906,0 6.02679645629649,44.8163748334413,0 6.02699685766496,44.8163446758512,0 6.027239897156501,44.8148366381897,0 
						</coordinates>
					</LinearRing>
				</outerBoundaryIs>
			</Polygon>
		</Placemark>
		<Placemark id="parcelles-des-personnes-morales_05_groupe_personne_4.5120">
		<styleUrl>#COM</styleUrl>			<visibility>0</visibility>
			<ExtendedData>
				<SchemaData schemaUrl="#parcelles-des-personnes-morales_05_groupe_personne_4.schema">
					<SimpleData name="Numero de Parcelle">051420000C0100</SimpleData>
					<SimpleData name="Departement">05</SimpleData>
					<SimpleData name="Commune">SAINT-FIRMIN</SimpleData>
					<SimpleData name="Adresse">LE GRAND PRE</SimpleData>
					<SimpleData name="Groupe de personne">Commune</SimpleData>
					<SimpleData name="Forme Juridique Abregee">COM</SimpleData>
					<SimpleData name="Denomination">COMMUNE DE SAINT FIRMIN</SimpleData>
				</SchemaData>
			</ExtendedData>
	<Region>
		<LatLonAltBox>
			<north> 44.8164876414538 </north>
			<south> 44.8149105638494 </south>
			<east> 6.01975439414009 </east>
			<west> 6.01847677680885 </west>
		</LatLonAltBox>
		<Lod>
			<minLodPixels>100</minLodPixels>
			<maxLodPixels>-1</maxLodPixels>
		</Lod>
	</Region>
			<Polygon><altitudeMode>relativeToGround</altitudeMode>
				<outerBoundaryIs>
					<LinearRing>
						<coordinates>							6.01860285353568,44.8150762534847,0 6.018567321180439,44.8150156837497,0 6.01853331908721,44.8149105638494,0 6.01849695497243,44.8149805689956,0 6.01847677680885,44.8150573413587,0 6.01848895027261,44.8151990947912,0 6.0185866821316,44.8154725851672,0 6.018697118251141,44.8157115824229,0 6.018771401805109,44.8159326432459,0 6.0188116571157,44.8160363315175,0 6.01885722130339,44.8161068992944,0 6.01890334163345,44.8161548372606,0 6.01898641007263,44.8162142928932,0 6.01907622331564,44.8162673480469,0 6.019207022646849,44.8163222603847,0 6.019383711506191,44.8163854734162,0 6.01975439414009,44.8164876414538,0 6.01972953660016,44.816387858837,0 6.019251537582639,44.8162414014414,0 6.019119576685199,44.8159693840425,0 6.019078426597611,44.8159479799156,0 6.01905125325014,44.8158592522417,0 6.01917446817173,44.8158295886527,0 6.01891266504098,44.8155321849252,0 6.01889363043714,44.8155077459641,0 6.01886347782773,44.8155166757416,0 6.018682037378,44.8152118578965,0 6.01860285353568,44.8150762534847,0 
						</coordinates>
					</LinearRing>
				</outerBoundaryIs>
			</Polygon>
		</Placemark>
		<Placemark id="parcelles-des-personnes-morales_05_groupe_personne_4.5192">
		<styleUrl>#COM</styleUrl>			<visibility>0</visibility>
			<ExtendedData>
				<SchemaData schemaUrl="#parcelles-des-personnes-morales_05_groupe_personne_4.schema">
					<SimpleData name="Numero de Parcelle">051420000D1001</SimpleData>
					<SimpleData name="Departement">05</SimpleData>
					<SimpleData name="Commune">SAINT-FIRMIN</SimpleData>
					<SimpleData name="Adresse">LE CHOMEL</SimpleData>
					<SimpleData name="Groupe de personne">Commune</SimpleData>
					<SimpleData name="Forme Juridique Abregee">CCOM</SimpleData>
					<SimpleData name="Denomination">COMMUNAUTE DE COMMUNES DU VALGAUDEMAR</SimpleData>
				</SchemaData>
			</ExtendedData>
	<Region>
		<LatLonAltBox>
			<north> 44.7819808922991 </north>
			<south> 44.7814937783897 </south>
			<east> 6.052726555601609 </east>
			<west> 6.05218308536778 </west>
		</LatLonAltBox>
		<Lod>
			<minLodPixels>100</minLodPixels>
			<maxLodPixels>-1</maxLodPixels>
		</Lod>
	</Region>
			<Polygon><altitudeMode>relativeToGround</altitudeMode>
				<outerBoundaryIs>
					<LinearRing>
						<coordinates>							6.052726555601609,44.7817311814794,0 6.05255236553456,44.7816940840433,0 6.05262647370228,44.7816237478266,0 6.052606601698231,44.7815560004619,0 6.05259918992243,44.7815150295501,0 6.05252608432046,44.7814943384983,0 6.052500626193719,44.7814937783897,0 6.05237306645331,44.781646765723,0 6.05231989454462,44.7817066142387,0 6.052251360616749,44.7817677868401,0 6.05222518492072,44.781788960202,0 6.052201282860191,44.7818589944968,0 6.05218308536778,44.7818826510621,0 6.05237158817632,44.7819666566447,0 6.05241410857037,44.7819808922991,0 6.052726555601609,44.7817311814794,0 
						</coordinates>
					</LinearRing>
				</outerBoundaryIs>
			</Polygon>
		</Placemark>
		<Placemark id="parcelles-des-personnes-morales_05_groupe_personne_4.5229">
		<styleUrl>#COM</styleUrl>			<visibility>0</visibility>
			<ExtendedData>
				<SchemaData schemaUrl="#parcelles-des-personnes-morales_05_groupe_personne_4.schema">
					<SimpleData name="Numero de Parcelle">051420000D1002</SimpleData>
					<SimpleData name="Departement">05</SimpleData>
					<SimpleData name="Commune">SAINT-FIRMIN</SimpleData>
					<SimpleData name="Adresse">LE CHOMEL</SimpleData>
					<SimpleData name="Groupe de personne">Commune</SimpleData>
					<SimpleData name="Forme Juridique Abregee">CCOM</SimpleData>
					<SimpleData name="Denomination">COMMUNAUTE DE COMMUNES DU VALGAUDEMAR</SimpleData>
				</SchemaData>
			</ExtendedData>
	<Region>
		<LatLonAltBox>
			<north> 44.7820412029946 </north>
			<south> 44.7806333243181 </south>
			<east> 6.05457131774548 </east>
			<west> 6.05348593563134 </west>
		</LatLonAltBox>
		<Lod>
			<minLodPixels>100</minLodPixels>
			<maxLodPixels>-1</maxLodPixels>
		</Lod>
	</Region>
			<Polygon><altitudeMode>relativeToGround</altitudeMode>
				<outerBoundaryIs>
					<LinearRing>
						<coordinates>							6.05457131774548,44.7807123259921,0 6.05433098408867,44.7806475923766,0 6.054279860131441,44.7806333243181,0 6.05421972367817,44.7807349012653,0 6.05353595348632,44.781857093643,0 6.05348593563134,44.7819470389055,0 6.05356876603327,44.7819743989834,0 6.05376999960325,44.7820412029946,0 6.05380364887431,44.7819806303582,0 6.05457131774548,44.7807123259921,0 
						</coordinates>
					</LinearRing>
				</outerBoundaryIs>
			</Polygon>
		</Placemark>
		<Placemark id="parcelles-des-personnes-morales_05_groupe_personne_4.5260">
		<styleUrl>#COM</styleUrl>			<visibility>0</visibility>
			<ExtendedData>
				<SchemaData schemaUrl="#parcelles-des-personnes-morales_05_groupe_personne_4.schema">
					<SimpleData name="Numero de Parcelle">051420000D1003</SimpleData>
					<SimpleData name="Departement">05</SimpleData>
					<SimpleData name="Commune">SAINT-FIRMIN</SimpleData>
					<SimpleData name="Adresse">LE CHOMEL</SimpleData>
					<SimpleData name="Groupe de personne">Commune</SimpleData>
					<SimpleData name="Forme Juridique Abregee">CCOM</SimpleData>
					<SimpleData name="Denomination">COMMUNAUTE DE COMMUNES DU VALGAUDEMAR</SimpleData>
				</SchemaData>
			</ExtendedData>
	<Region>
		<LatLonAltBox>
			<north> 44.7820587864038 </north>
			<south> 44.7803635555314 </south>
			<east> 6.054279860131441 </east>
			<west> 6.05170572317868 </west>
		</LatLonAltBox>
		<Lod>
			<minLodPixels>100</minLodPixels>
			<maxLodPixels>-1</maxLodPixels>
		</Lod>
	</Region>
			<Polygon><altitudeMode>relativeToGround</altitudeMode>
				<outerBoundaryIs>
					<LinearRing>
						<coordinates>							6.05170572317868,44.7820587864038,0 6.05188884981415,44.7819668881275,0 6.05195289399062,44.7819348511753,0 6.052137037363119,44.7818337344077,0 6.05215865867449,44.7818218765695,0 6.05220970790794,44.7817462292412,0 6.05230318570868,44.7816551776524,0 6.05242322666649,44.7815081638253,0 6.05248627613452,44.7814508362281,0 6.05253252350732,44.781452175154,0 6.05259576300297,44.781461244959,0 6.05264966697319,44.78147777979,0 6.052690489651541,44.7814700780241,0 6.05280558767574,44.781416091633,0 6.05288894739899,44.7813833417952,0 6.05283303207812,44.7814299315519,0 6.05272501842383,44.7815025534303,0 6.05267203234302,44.7815168971867,0 6.052625164524541,44.781520440736,0 6.05259918992243,44.7815150295501,0 6.052606601698231,44.7815560004619,0 6.05262647370228,44.7816237478266,0 6.05255236553456,44.7816940840433,0 6.052726555601609,44.7817311814794,0 6.05290038504257,44.7817639638474,0 6.05315712237345,44.7818395110614,0 6.05344149089922,44.7819323160871,0 6.05348593563134,44.7819470389055,0 6.05353595348632,44.781857093643,0 6.05421972367817,44.7807349012653,0 6.054279860131441,44.7806333243181,0 6.05406136650324,44.7805724030059,0 6.05393552418214,44.7805799256573,0 6.05380887220509,44.7805329607802,0 6.053738373870979,44.7805346332744,0 6.05368328518605,44.7805335385136,0 6.053536447237031,44.7804712722371,0 6.053488028510429,44.7804532352344,0 6.05337011530948,44.7804460328757,0 6.05331638878102,44.7804350796492,0 6.0531595399136,44.780377143172,0 6.05306336570357,44.7803788919827,0 6.05298831169347,44.7803688866,0 6.05264873977577,44.7803635555314,0 6.05193797068207,44.7816413604469,0 6.051722903473401,44.7820280401433,0 6.05171793579891,44.7820367363161,0 6.05170572317868,44.7820587864038,0 
						</coordinates>
					</LinearRing>
				</outerBoundaryIs>
			</Polygon>
		</Placemark>
		<Placemark id="parcelles-des-personnes-morales_05_groupe_personne_4.5430">
		<styleUrl>#COM</styleUrl>			<visibility>0</visibility>
			<ExtendedData>
				<SchemaData schemaUrl="#parcelles-des-personnes-morales_05_groupe_personne_4.schema">
					<SimpleData name="Numero de Parcelle">051420000D1008</SimpleData>
					<SimpleData name="Departement">05</SimpleData>
					<SimpleData name="Commune">SAINT-FIRMIN</SimpleData>
					<SimpleData name="Adresse">LE CHOMEL</SimpleData>
					<SimpleData name="Groupe de personne">Commune</SimpleData>
					<SimpleData name="Forme Juridique Abregee">CCOM</SimpleData>
					<SimpleData name="Denomination">COMMUNAUTE DE COMMUNES DU VALGAUDEMAR</SimpleData>
				</SchemaData>
			</ExtendedData>
	<Region>
		<LatLonAltBox>
			<north> 44.7821340925433 </north>
			<south> 44.780363398413 </south>
			<east> 6.05264873977577 </east>
			<west> 6.05115003091271 </west>
		</LatLonAltBox>
		<Lod>
			<minLodPixels>100</minLodPixels>
			<maxLodPixels>-1</maxLodPixels>
		</Lod>
	</Region>
			<Polygon><altitudeMode>relativeToGround</altitudeMode>
				<outerBoundaryIs>
					<LinearRing>
						<coordinates>							6.05115003091271,44.7819758804896,0 6.05122829484057,44.781991384903,0 6.051376783068179,44.7820257683956,0 6.05134468209312,44.7820729629963,0 6.05142005884796,44.782100529895,0 6.051498306815231,44.7821273869909,0 6.05157217164616,44.7821340925433,0 6.05170572317868,44.7820587864038,0 6.05171793579891,44.7820367363161,0 6.051722903473401,44.7820280401433,0 6.05193797068207,44.7816413604469,0 6.05264873977577,44.7803635555314,0 6.05247782504483,44.780363398413,0 6.05238585411595,44.7803680041049,0 6.05226207492684,44.7804018669225,0 6.052194543345051,44.7804139081582,0 6.0521421764968,44.7804163416099,0 6.05206096599852,44.7804024507357,0 6.051965603419509,44.7803888594777,0 6.05175164733685,44.7803997975047,0 6.05159552643741,44.7804181523036,0 6.05143203655226,44.7804405840372,0 6.05132334047444,44.7806777432992,0 6.05125115393705,44.780897679422,0 6.05127636630829,44.7810451973515,0 6.05123654531681,44.781159908127,0 6.05118875178447,44.7816241506223,0 6.05118234608984,44.7816855940393,0 6.05115421829611,44.7819388247701,0 6.05115003091271,44.7819758804896,0 
						</coordinates>
					</LinearRing>
				</outerBoundaryIs>
			</Polygon>
		</Placemark>
		<Placemark id="parcelles-des-personnes-morales_05_groupe_personne_4.6698">
		<styleUrl>#COM</styleUrl>			<visibility>0</visibility>
			<ExtendedData>
				<SchemaData schemaUrl="#parcelles-des-personnes-morales_05_groupe_personne_4.schema">
					<SimpleData name="Numero de Parcelle">051420000C1035</SimpleData>
					<SimpleData name="Departement">05</SimpleData>
					<SimpleData name="Commune">SAINT-FIRMIN</SimpleData>
					<SimpleData name="Adresse">LA FONTAINE DU ROY</SimpleData>
					<SimpleData name="Groupe de personne">Commune</SimpleData>
					<SimpleData name="Forme Juridique Abregee">COM</SimpleData>
					<SimpleData name="Denomination">COMMUNE DE SAINT FIRMIN</SimpleData>
				</SchemaData>
			</ExtendedData>
	<Region>
		<LatLonAltBox>
			<north> 44.7916494979669 </north>
			<south> 44.7904094790363 </south>
			<east> 6.011652443336809 </east>
			<west> 6.01035232222173 </west>
		</LatLonAltBox>
		<Lod>
			<minLodPixels>100</minLodPixels>
			<maxLodPixels>-1</maxLodPixels>
		</Lod>
	</Region>
			<Polygon><altitudeMode>relativeToGround</altitudeMode>
				<outerBoundaryIs>
					<LinearRing>
						<coordinates>							6.01126068666852,44.7907783823671,0 6.011042301640081,44.7909979357381,0 6.01068824815809,44.7913538870393,0 6.01054277350551,44.7913072039895,0 6.01035232222173,44.7915097796834,0 6.010562121678889,44.7916494979669,0 6.010622997514849,44.7915860377932,0 6.01072346720679,44.7914326663063,0 6.01076175566635,44.7913608999952,0 6.01080616696346,44.7912995087078,0 6.01105861909565,44.7910309184727,0 6.01135319823257,44.7907504614841,0 6.01158972964298,44.7905319460363,0 6.011652443336809,44.7904603265769,0 6.01162049165368,44.7904094790363,0 6.01126068666852,44.7907783823671,0 
						</coordinates>
					</LinearRing>
				</outerBoundaryIs>
			</Polygon>
		</Placemark>
		<Placemark id="parcelles-des-personnes-morales_05_groupe_personne_4.7122">
		<styleUrl>#COM</styleUrl>			<visibility>0</visibility>
			<ExtendedData>
				<SchemaData schemaUrl="#parcelles-des-personnes-morales_05_groupe_personne_4.schema">
					<SimpleData name="Numero de Parcelle">051420000C1044</SimpleData>
					<SimpleData name="Departement">05</SimpleData>
					<SimpleData name="Commune">SAINT-FIRMIN</SimpleData>
					<SimpleData name="Adresse">LA FONTAINE DU ROY</SimpleData>
					<SimpleData name="Groupe de personne">Commune</SimpleData>
					<SimpleData name="Forme Juridique Abregee">COM</SimpleData>
					<SimpleData name="Denomination">COMMUNE DE SAINT FIRMIN</SimpleData>
				</SchemaData>
			</ExtendedData>
	<Region>
		<LatLonAltBox>
			<north> 44.7930227120857 </north>
			<south> 44.7904884381228 </south>
			<east> 6.01404341755155 </east>
			<west> 6.01061457574725 </west>
		</LatLonAltBox>
		<Lod>
			<minLodPixels>100</minLodPixels>
			<maxLodPixels>-1</maxLodPixels>
		</Lod>
	</Region>
			<Polygon><altitudeMode>relativeToGround</altitudeMode>
				<outerBoundaryIs>
					<LinearRing>
						<coordinates>							6.01404341755155,44.7915583967358,0 6.01387376354824,44.7914266028998,0 6.013651894390231,44.7914536284856,0 6.01356829958955,44.791369408073,0 6.01351911887667,44.7913205611059,0 6.0134721067343,44.7913428319757,0 6.0132529628874,44.791102103815,0 6.012874781549221,44.7906749628625,0 6.012869378701069,44.7906615050561,0 6.01264757633225,44.7906141967052,0 6.01259954459571,44.7905277476296,0 6.01247458286899,44.7904884381228,0 6.01243914126563,44.790544811184,0 6.012387640907299,44.790587205154,0 6.012226247790579,44.7906235760885,0 6.01213139339444,44.7906313796241,0 6.01192355450768,44.7906132422228,0 6.0118837024925,44.790606216457,0 6.011707781044331,44.7907893892842,0 6.01186001362045,44.7908842693151,0 6.01122049719619,44.7915183608595,0 6.01079467031433,44.7913872152175,0 6.010717631691761,44.7915528341879,0 6.01066738664225,44.7916305112864,0 6.01061457574725,44.791686274358,0 6.01103647058257,44.791935284547,0 6.01123503430451,44.792039988814,0 6.01143218749967,44.7921608584672,0 6.01157278773485,44.7922156915369,0 6.011778217429081,44.7923257042674,0 6.01201764414134,44.7924349729693,0 6.01212206198522,44.7924922301918,0 6.0121764197511,44.7925361619462,0 6.01231978668466,44.7926732677968,0 6.01244823010572,44.7927538376387,0 6.012901444615039,44.7929801864892,0 6.01295117303183,44.7930227120857,0 6.012987661828471,44.7929386505148,0 6.01324744037363,44.7926415653614,0 6.01335360126353,44.7925094797205,0 6.01347732506288,44.792360428665,0 6.01354593281238,44.792226480715,0 6.013592331340469,44.792072414209,0 6.01362750518644,44.7919544214966,0 6.01365179792459,44.7918765476228,0 6.01374278682554,44.791791904878,0 6.013900377702631,44.7916539153642,0 6.01404341755155,44.7915583967358,0 
						</coordinates>
					</LinearRing>
				</outerBoundaryIs>
			</Polygon>
		</Placemark>
		<Placemark id="parcelles-des-personnes-morales_05_groupe_personne_4.7220">
		<styleUrl>#COM</styleUrl>			<visibility>0</visibility>
			<ExtendedData>
				<SchemaData schemaUrl="#parcelles-des-personnes-morales_05_groupe_personne_4.schema">
					<SimpleData name="Numero de Parcelle">051420000D1047</SimpleData>
					<SimpleData name="Departement">05</SimpleData>
					<SimpleData name="Commune">SAINT-FIRMIN</SimpleData>
					<SimpleData name="Adresse">CLAPOUZE</SimpleData>
					<SimpleData name="Groupe de personne">Commune</SimpleData>
					<SimpleData name="Forme Juridique Abregee">COM</SimpleData>
					<SimpleData name="Denomination">COMMUNE DE SAINT FIRMIN</SimpleData>
				</SchemaData>
			</ExtendedData>
	<Region>
		<LatLonAltBox>
			<north> 44.7793302506011 </north>
			<south> 44.7782727893975 </south>
			<east> 6.04632462609078 </east>
			<west> 6.04537600733204 </west>
		</LatLonAltBox>
		<Lod>
			<minLodPixels>100</minLodPixels>
			<maxLodPixels>-1</maxLodPixels>
		</Lod>
	</Region>
			<Polygon><altitudeMode>relativeToGround</altitudeMode>
				<outerBoundaryIs>
					<LinearRing>
						<coordinates>							6.04615601877225,44.7784691536949,0 6.046172405913999,44.7784470796238,0 6.04619157894556,44.7783853758237,0 6.04620393520082,44.77837062042,0 6.04623148282415,44.7783560780799,0 6.04626914944061,44.7783391852893,0 6.04628896195288,44.7783196298818,0 6.04632462609078,44.7782727893975,0 6.04622087138687,44.7783236641251,0 6.046180546929469,44.778338197311,0 6.04612182988385,44.7783541370761,0 6.046089989439049,44.7783781676158,0 6.04602726795363,44.7784392665414,0 6.045938027150349,44.7785338901672,0 6.04586221199723,44.7785914746875,0 6.045714374162579,44.7786996017573,0 6.045695805566039,44.7787491255858,0 6.04562062843517,44.7789539129513,0 6.04555781709173,44.7790624057476,0 6.04545268808735,44.779183684225,0 6.04537600733204,44.7792720156848,0 6.045568280873639,44.7793302506011,0 6.04559698418301,44.7793090093957,0 6.04561557624052,44.7791992091936,0 6.04564334537497,44.7790626678664,0 6.04576335853523,44.7786978048688,0 6.04585891531805,44.7787080623597,0 6.045924933073499,44.778710121913,0 6.04594311571096,44.7787025043451,0 6.04601929042959,44.7786188714849,0 6.046041680341979,44.7785861810259,0 6.04605054746078,44.7785397168646,0 6.04615601877225,44.7784691536949,0 
						</coordinates>
					</LinearRing>
				</outerBoundaryIs>
			</Polygon>
		</Placemark>
		<Placemark id="parcelles-des-personnes-morales_05_groupe_personne_4.7255">
		<styleUrl>#COM</styleUrl>			<visibility>0</visibility>
			<ExtendedData>
				<SchemaData schemaUrl="#parcelles-des-personnes-morales_05_groupe_personne_4.schema">
					<SimpleData name="Numero de Parcelle">051420000C1048</SimpleData>
					<SimpleData name="Departement">05</SimpleData>
					<SimpleData name="Commune">SAINT-FIRMIN</SimpleData>
					<SimpleData name="Adresse">LA FONTAINE DU ROY</SimpleData>
					<SimpleData name="Groupe de personne">Commune</SimpleData>
					<SimpleData name="Forme Juridique Abregee">COM</SimpleData>
					<SimpleData name="Denomination">COMMUNE DE SAINT FIRMIN</SimpleData>
				</SchemaData>
			</ExtendedData>
	<Region>
		<LatLonAltBox>
			<north> 44.7899930664291 </north>
			<south> 44.7891166042975 </south>
			<east> 6.015683506726849 </east>
			<west> 6.01425859644555 </west>
		</LatLonAltBox>
		<Lod>
			<minLodPixels>100</minLodPixels>
			<maxLodPixels>-1</maxLodPixels>
		</Lod>
	</Region>
			<Polygon><altitudeMode>relativeToGround</altitudeMode>
				<outerBoundaryIs>
					<LinearRing>
						<coordinates>							6.01504905816966,44.7899100145441,0 6.01518218734403,44.7899930664291,0 6.01527037336165,44.789931743688,0 6.01557866611186,44.7897092847965,0 6.01563792210161,44.7897525409552,0 6.015683506726849,44.7896659785018,0 6.015464933240299,44.789520832451,0 6.01508268594985,44.7892609400985,0 6.01490533891221,44.7891578280758,0 6.01481772596412,44.7891166042975,0 6.01425859644555,44.7893707501166,0 6.01498858624952,44.7898440866445,0 6.01497643560744,44.7898652296465,0 6.01504905816966,44.7899100145441,0 
						</coordinates>
					</LinearRing>
				</outerBoundaryIs>
			</Polygon>
		</Placemark>
		<Placemark id="parcelles-des-personnes-morales_05_groupe_personne_4.7401">
		<styleUrl>#COM</styleUrl>			<visibility>0</visibility>
			<ExtendedData>
				<SchemaData schemaUrl="#parcelles-des-personnes-morales_05_groupe_personne_4.schema">
					<SimpleData name="Numero de Parcelle">051420000C0105</SimpleData>
					<SimpleData name="Departement">05</SimpleData>
					<SimpleData name="Commune">SAINT-FIRMIN</SimpleData>
					<SimpleData name="Adresse">LE GRAND PRE</SimpleData>
					<SimpleData name="Groupe de personne">Commune</SimpleData>
					<SimpleData name="Forme Juridique Abregee">COM</SimpleData>
					<SimpleData name="Denomination">COMMUNE DE SAINT FIRMIN</SimpleData>
				</SchemaData>
			</ExtendedData>
	<Region>
		<LatLonAltBox>
			<north> 44.8151480507306 </north>
			<south> 44.8116768296086 </south>
			<east> 6.02057368701362 </east>
			<west> 6.0176702638325 </west>
		</LatLonAltBox>
		<Lod>
			<minLodPixels>100</minLodPixels>
			<maxLodPixels>-1</maxLodPixels>
		</Lod>
	</Region>
			<Polygon><altitudeMode>relativeToGround</altitudeMode>
				<outerBoundaryIs>
					<LinearRing>
						<coordinates>							6.01849322726199,44.8143999877961,0 6.018605956511379,44.8144414273824,0 6.01860257832828,44.8145693686468,0 6.01857625328023,44.8146707249719,0 6.01853331908721,44.8149105638494,0 6.018567321180439,44.8150156837497,0 6.01860285353568,44.8150762534847,0 6.018644933274961,44.815074927708,0 6.018675109070801,44.8150852783661,0 6.01870508169007,44.8151248263606,0 6.018838225691661,44.8151480507306,0 6.01892523985371,44.815141987628,0 6.01900486783798,44.8151256741724,0 6.019047761475311,44.8148686273937,0 6.0190162171936,44.8146019847496,0 6.018947722265249,44.8144697836016,0 6.01889411646714,44.8143414116571,0 6.01905809944814,44.8140953034909,0 6.01920329030897,44.8139070092093,0 6.01926291639348,44.813810602306,0 6.019300770541309,44.8137259604108,0 6.01927600622758,44.8135124714151,0 6.019281084981,44.8134491743044,0 6.01994523942257,44.8132398084371,0 6.020160427929751,44.8131481736929,0 6.02045511602458,44.8130143692515,0 6.02057368701362,44.8129643781619,0 6.02055312464234,44.8129091675458,0 6.02050234867504,44.8128428870502,0 6.02043288413809,44.8126597176987,0 6.02046044555923,44.8126450016608,0 6.020488272099661,44.8126022578562,0 6.019779717365159,44.8124257747719,0 6.019419317876759,44.8123590065119,0 6.01913865582994,44.8123062835453,0 6.01899398876753,44.8122640024018,0 6.018733616870821,44.8121648660255,0 6.01859282771627,44.812128785664,0 6.018364050008161,44.8120899648953,0 6.01823979515157,44.8120647863391,0 6.01798764964118,44.8119679470862,0 6.017900738914079,44.8119075143964,0 6.017809420385469,44.811828641419,0 6.0176702638325,44.8116768296086,0 6.01771065160072,44.8117760094867,0 6.01771992288674,44.8118331496012,0 6.0177538710883,44.8119750310222,0 6.01779925237464,44.8121176824358,0 6.01780364339827,44.8121900017606,0 6.0178332460809,44.8123169550849,0 6.01792643043093,44.8125719190281,0 6.017995095364051,44.8127050169479,0 6.01803677588091,44.8128093872784,0 6.01809725257076,44.8130138855388,0 6.01814661963316,44.8131317415323,0 6.0181921922974,44.8132590710049,0 6.01821424875226,44.8133963207161,0 6.01830186180409,44.8136323353853,0 6.018371352495199,44.8138702849286,0 6.018415172559709,44.8141534417717,0 6.01849322726199,44.8143999877961,0 
						</coordinates>
					</LinearRing>
				</outerBoundaryIs>
				<innerBoundaryIs>
					<LinearRing>
						<coordinates>							6.01848403591444,44.8138025269016,0 6.018442743881951,44.8138703236247,0 6.018380233766021,44.8138706738463,0 6.018394034980849,44.8138377727159,0 6.01839267701959,44.8137795161898,0 6.01848303641686,44.8137320973677,0 6.01848403591444,44.8138025269016,0 
						</coordinates>
					</LinearRing>
				</innerBoundaryIs>
			</Polygon>
		</Placemark>
		<Placemark id="parcelles-des-personnes-morales_05_groupe_personne_4.7663">
		<styleUrl>#COM</styleUrl>			<visibility>0</visibility>
			<ExtendedData>
				<SchemaData schemaUrl="#parcelles-des-personnes-morales_05_groupe_personne_4.schema">
					<SimpleData name="Numero de Parcelle">051420000C1057</SimpleData>
					<SimpleData name="Departement">05</SimpleData>
					<SimpleData name="Commune">SAINT-FIRMIN</SimpleData>
					<SimpleData name="Adresse">CHAMP BOUCHARD</SimpleData>
					<SimpleData name="Groupe de personne">Commune</SimpleData>
					<SimpleData name="Forme Juridique Abregee">COM</SimpleData>
					<SimpleData name="Denomination">COMMUNE DE SAINT FIRMIN</SimpleData>
				</SchemaData>
			</ExtendedData>
	<Region>
		<LatLonAltBox>
			<north> 44.7897839505798 </north>
			<south> 44.7872154322801 </south>
			<east> 6.015930578067781 </east>
			<west> 6.01153839681932 </west>
		</LatLonAltBox>
		<Lod>
			<minLodPixels>100</minLodPixels>
			<maxLodPixels>-1</maxLodPixels>
		</Lod>
	</Region>
			<Polygon><altitudeMode>relativeToGround</altitudeMode>
				<outerBoundaryIs>
					<LinearRing>
						<coordinates>							6.0141940444051,44.7883440462596,0 6.01438290341385,44.7880980799865,0 6.01472666165617,44.7882255873627,0 6.014772923061371,44.7881752259964,0 6.015299375049301,44.7883711009947,0 6.01534623815028,44.7883083796859,0 6.015410481813679,44.7882724849307,0 6.01555457976271,44.7881898192748,0 6.015718237301419,44.7881132883912,0 6.015930578067781,44.7880315582899,0 6.015910001966691,44.7879852676512,0 6.01564245045992,44.7880354343271,0 6.01571568238613,44.7877520680196,0 6.015621452309,44.7877407570791,0 6.01555398812515,44.7877213298096,0 6.01531958635136,44.7876465298895,0 6.01518410258419,44.7875996714165,0 6.015060339457061,44.788084968366,0 6.014505557605261,44.7879434707368,0 6.014495240687349,44.7877912168368,0 6.014001821246499,44.7878030148545,0 6.013991636658831,44.7876767954294,0 6.01364262802032,44.7877816090123,0 6.01326046536007,44.7876904606745,0 6.01323117997629,44.7876185485292,0 6.0135349456528,44.7876043428054,0 6.013454787542061,44.7872962278961,0 6.01303229887936,44.7872315827451,0 6.01272835805786,44.7873109320911,0 6.01268515756619,44.7872154322801,0 6.01259345860304,44.7872206278657,0 6.012453584577089,44.787247584892,0 6.01229548571796,44.7872956693196,0 6.01218349416663,44.7873400677516,0 6.01203923538375,44.7874056148579,0 6.01196276992892,44.7874542731631,0 6.012058498300569,44.7874817639285,0 6.0121990670799,44.7875739869521,0 6.01238455891995,44.7876144443218,0 6.012788983266999,44.7877055310389,0 6.012574593374611,44.7882282459095,0 6.01225557300831,44.7883686390582,0 6.01212028470724,44.7883560985292,0 6.011973710762499,44.7886759623981,0 6.01153839681932,44.7886649072034,0 6.011744755877279,44.7888444492039,0 6.0125096858809,44.7888489773551,0 6.01277126071833,44.7891757670888,0 6.01272724942242,44.7892067856133,0 6.012807920383651,44.789276670414,0 6.01254091513031,44.7895378220335,0 6.012083061764391,44.7897508223046,0 6.012150375717,44.7897839505798,0 6.01229682577848,44.7897568153586,0 6.01256686213293,44.7896937956933,0 6.012805526857461,44.7896686580842,0 6.012880700606519,44.789647784262,0 6.01302156161666,44.789573048503,0 6.01325341490538,44.7894208778792,0 6.013433865235649,44.78932470326,0 6.01352200068966,44.789295457916,0 6.01361394480323,44.7892806145844,0 6.01375009140378,44.7892666414527,0 6.01354878520712,44.7889313677418,0 6.01313269688856,44.7886866245752,0 6.01344921589437,44.7885302595962,0 6.013656577255949,44.7883083880915,0 6.01374793608097,44.7882071573532,0 6.0141940444051,44.7883440462596,0 
						</coordinates>
					</LinearRing>
				</outerBoundaryIs>
			</Polygon>
		</Placemark>
		<Placemark id="parcelles-des-personnes-morales_05_groupe_personne_4.7912">
		<styleUrl>#COM</styleUrl>			<visibility>0</visibility>
			<ExtendedData>
				<SchemaData schemaUrl="#parcelles-des-personnes-morales_05_groupe_personne_4.schema">
					<SimpleData name="Numero de Parcelle">051420000D1062</SimpleData>
					<SimpleData name="Departement">05</SimpleData>
					<SimpleData name="Commune">SAINT-FIRMIN</SimpleData>
					<SimpleData name="Adresse">LA BROUE DU RIF</SimpleData>
					<SimpleData name="Groupe de personne">Commune</SimpleData>
					<SimpleData name="Forme Juridique Abregee">COM</SimpleData>
					<SimpleData name="Denomination">COMMUNE DE SAINT FIRMIN</SimpleData>
				</SchemaData>
			</ExtendedData>
	<Region>
		<LatLonAltBox>
			<north> 44.7829585433087 </north>
			<south> 44.7810362277966 </south>
			<east> 6.04548305756139 </east>
			<west> 6.04473382564388 </west>
		</LatLonAltBox>
		<Lod>
			<minLodPixels>100</minLodPixels>
			<maxLodPixels>-1</maxLodPixels>
		</Lod>
	</Region>
			<Polygon><altitudeMode>relativeToGround</altitudeMode>
				<outerBoundaryIs>
					<LinearRing>
						<coordinates>							6.04526279241019,44.7811261062588,0 6.04519347230879,44.7813176681601,0 6.045118468567841,44.781544434447,0 6.04503749275748,44.7817683915428,0 6.04498161117721,44.7819698552512,0 6.04495958741219,44.7820537112702,0 6.04496239386859,44.7821592293998,0 6.04494514402975,44.7822611541064,0 6.04492738963405,44.7823677777895,0 6.04489530607386,44.7824947970243,0 6.044861084101501,44.7825893495058,0 6.04482145754849,44.7826728782788,0 6.04473382564388,44.7828253898609,0 6.04482142334847,44.7829361465879,0 6.044850719033091,44.782958496934,0 6.04487526425997,44.7829585433087,0 6.04489215596419,44.7829504208237,0 6.04508495408034,44.782793938175,0 6.045180423760739,44.7826249932087,0 6.04534328368811,44.7823666206274,0 6.04535320967878,44.7823396787381,0 6.0453403477335,44.7822470506957,0 6.045341601517409,44.7821931374262,0 6.04535531291124,44.7821146453529,0 6.04537153345826,44.7819657175159,0 6.04542171443636,44.7818178385532,0 6.04541779401526,44.7816263972238,0 6.045400800610721,44.7813571098294,0 6.045412105103249,44.781241203007,0 6.04543019611707,44.7811221364331,0 6.04544938153855,44.7810933182986,0 6.04548305756139,44.7810541010053,0 6.04546491424208,44.7810414452785,0 6.04530397078528,44.7810362277966,0 6.04526279241019,44.7811261062588,0 
						</coordinates>
					</LinearRing>
				</outerBoundaryIs>
			</Polygon>
		</Placemark>
		<Placemark id="parcelles-des-personnes-morales_05_groupe_personne_4.8134">
		<styleUrl>#COM</styleUrl>			<visibility>0</visibility>
			<ExtendedData>
				<SchemaData schemaUrl="#parcelles-des-personnes-morales_05_groupe_personne_4.schema">
					<SimpleData name="Numero de Parcelle">051420000C1069</SimpleData>
					<SimpleData name="Departement">05</SimpleData>
					<SimpleData name="Commune">SAINT-FIRMIN</SimpleData>
					<SimpleData name="Adresse">CHAMP BOUCHARD</SimpleData>
					<SimpleData name="Groupe de personne">Commune</SimpleData>
					<SimpleData name="Forme Juridique Abregee">COM</SimpleData>
					<SimpleData name="Denomination">COMMUNE DE SAINT FIRMIN</SimpleData>
				</SchemaData>
			</ExtendedData>
	<Region>
		<LatLonAltBox>
			<north> 44.7873396299069 </north>
			<south> 44.7871703329272 </south>
			<east> 6.01253432044693 </east>
			<west> 6.01202722259981 </west>
		</LatLonAltBox>
		<Lod>
			<minLodPixels>100</minLodPixels>
			<maxLodPixels>-1</maxLodPixels>
		</Lod>
	</Region>
			<Polygon><altitudeMode>relativeToGround</altitudeMode>
				<outerBoundaryIs>
					<LinearRing>
						<coordinates>							6.01202722259981,44.7873396299069,0 6.01213769925694,44.7872929302855,0 6.01232885782227,44.7872219638323,0 6.01241160938077,44.7871985417694,0 6.01253432044693,44.7871747542358,0 6.012471584404099,44.7871703329272,0 6.01227456196614,44.7871814543741,0 6.0121947092923,44.78719758978,0 6.01213823950828,44.7872439929021,0 6.01208261355666,44.7872707319026,0 6.01202722259981,44.7873396299069,0 
						</coordinates>
					</LinearRing>
				</outerBoundaryIs>
			</Polygon>
		</Placemark>
		<Placemark id="parcelles-des-personnes-morales_05_groupe_personne_4.8235">
		<styleUrl>#COM</styleUrl>			<visibility>0</visibility>
			<ExtendedData>
				<SchemaData schemaUrl="#parcelles-des-personnes-morales_05_groupe_personne_4.schema">
					<SimpleData name="Numero de Parcelle">051420000C0107</SimpleData>
					<SimpleData name="Departement">05</SimpleData>
					<SimpleData name="Commune">SAINT-FIRMIN</SimpleData>
					<SimpleData name="Adresse">LES NALES</SimpleData>
					<SimpleData name="Groupe de personne">Commune</SimpleData>
					<SimpleData name="Forme Juridique Abregee">COM</SimpleData>
					<SimpleData name="Denomination">COMMUNE DE SAINT FIRMIN</SimpleData>
				</SchemaData>
			</ExtendedData>
	<Region>
		<LatLonAltBox>
			<north> 44.8111881162498 </north>
			<south> 44.8086662266893 </south>
			<east> 6.01721088861937 </east>
			<west> 6.01627556613249 </west>
		</LatLonAltBox>
		<Lod>
			<minLodPixels>100</minLodPixels>
			<maxLodPixels>-1</maxLodPixels>
		</Lod>
	</Region>
			<Polygon><altitudeMode>relativeToGround</altitudeMode>
				<outerBoundaryIs>
					<LinearRing>
						<coordinates>							6.01698726256096,44.8104296301029,0 6.01698986463732,44.8103955923614,0 6.01702841478467,44.8102673250126,0 6.017021998348171,44.8102232615139,0 6.01698555960497,44.8101692933163,0 6.01692732849649,44.8100748334362,0 6.01687363005289,44.8099445714079,0 6.01685109029968,44.8097982349729,0 6.016845679160201,44.8096550363834,0 6.0168006009822,44.8095933746151,0 6.01689981296761,44.8095412112244,0 6.016889861552049,44.8094572404397,0 6.01690303029475,44.8093960659956,0 6.017029120652431,44.809215141913,0 6.01715142491964,44.8092088404176,0 6.01710830298964,44.8091553244601,0 6.01710562820846,44.8091149432753,0 6.01713391736168,44.8090572315379,0 6.01718454666678,44.808984225868,0 6.01701118045044,44.808902269503,0 6.01691730155278,44.8088675235946,0 6.01658839617095,44.808788087095,0 6.01642003760207,44.8087215805357,0 6.01627556613249,44.8086662266893,0 6.01629308407512,44.8087803546127,0 6.01630952598006,44.8089710950267,0 6.01634204398576,44.8090722912574,0 6.016523340909179,44.8093891884451,0 6.016556811141239,44.8095081080274,0 6.01663150746741,44.8096664499795,0 6.01668052178236,44.8099051372658,0 6.016717602551491,44.809971071104,0 6.01679841236205,44.810064105834,0 6.01685401006563,44.8101543127293,0 6.0168949667441,44.81024527839,0 6.01690379121484,44.810386041584,0 6.01688531599497,44.8104709661021,0 6.01686971613657,44.8106212235056,0 6.01688842995125,44.8107552305721,0 6.01689027361739,44.8108390616231,0 6.016882278212939,44.8108952300268,0 6.016898595557829,44.810956322948,0 6.01694402259749,44.8110103169155,0 6.01701230060749,44.8110655811213,0 6.01710004140002,44.811122658215,0 6.01721088861937,44.8111881162498,0 6.01720319028711,44.8110942634305,0 6.01717354542267,44.8109688428602,0 6.017103218429831,44.8106986607123,0 6.01706350212472,44.8104846776027,0 6.01698726256096,44.8104296301029,0 
						</coordinates>
					</LinearRing>
				</outerBoundaryIs>
			</Polygon>
		</Placemark>
		<Placemark id="parcelles-des-personnes-morales_05_groupe_personne_4.8238">
		<styleUrl>#COM</styleUrl>			<visibility>0</visibility>
			<ExtendedData>
				<SchemaData schemaUrl="#parcelles-des-personnes-morales_05_groupe_personne_4.schema">
					<SimpleData name="Numero de Parcelle">051420000D0107</SimpleData>
					<SimpleData name="Departement">05</SimpleData>
					<SimpleData name="Commune">SAINT-FIRMIN</SimpleData>
					<SimpleData name="Adresse">L ESPARCELET</SimpleData>
					<SimpleData name="Groupe de personne">Commune</SimpleData>
					<SimpleData name="Forme Juridique Abregee">COM</SimpleData>
					<SimpleData name="Denomination">COMMUNE DE SAINT FIRMIN</SimpleData>
				</SchemaData>
			</ExtendedData>
	<Region>
		<LatLonAltBox>
			<north> 44.7978495810325 </north>
			<south> 44.797749771208 </south>
			<east> 6.036904346474621 </east>
			<west> 6.03677114736966 </west>
		</LatLonAltBox>
		<Lod>
			<minLodPixels>100</minLodPixels>
			<maxLodPixels>-1</maxLodPixels>
		</Lod>
	</Region>
			<Polygon><altitudeMode>relativeToGround</altitudeMode>
				<outerBoundaryIs>
					<LinearRing>
						<coordinates>							6.036904346474621,44.7978294938256,0 6.03687570635562,44.7977748679321,0 6.03686435327371,44.797749771208,0 6.03677114736966,44.7977531356158,0 6.03680921995213,44.7977949794317,0 6.03684532467222,44.7978495810325,0 6.036904346474621,44.7978294938256,0 
						</coordinates>
					</LinearRing>
				</outerBoundaryIs>
			</Polygon>
		</Placemark>
		<Placemark id="parcelles-des-personnes-morales_05_groupe_personne_4.9086">
		<styleUrl>#COM</styleUrl>			<visibility>0</visibility>
			<ExtendedData>
				<SchemaData schemaUrl="#parcelles-des-personnes-morales_05_groupe_personne_4.schema">
					<SimpleData name="Numero de Parcelle">05142000AD0109</SimpleData>
					<SimpleData name="Departement">05</SimpleData>
					<SimpleData name="Commune">SAINT-FIRMIN</SimpleData>
					<SimpleData name="Adresse">SERRE DE LA FOUGEROUSE</SimpleData>
					<SimpleData name="Groupe de personne">Commune</SimpleData>
					<SimpleData name="Forme Juridique Abregee">COM</SimpleData>
					<SimpleData name="Denomination">COMMUNE DE SAINT FIRMIN</SimpleData>
				</SchemaData>
			</ExtendedData>
	<Region>
		<LatLonAltBox>
			<north> 44.7762409812977 </north>
			<south> 44.7755874262555 </south>
			<east> 6.01902329584954 </east>
			<west> 6.01848556510035 </west>
		</LatLonAltBox>
		<Lod>
			<minLodPixels>100</minLodPixels>
			<maxLodPixels>-1</maxLodPixels>
		</Lod>
	</Region>
			<Polygon><altitudeMode>relativeToGround</altitudeMode>
				<outerBoundaryIs>
					<LinearRing>
						<coordinates>							6.01887250105179,44.7755874262555,0 6.01864923108274,44.775690813766,0 6.01855854436133,44.7757380625022,0 6.01848556510035,44.7757994244952,0 6.01880336862712,44.7762409812977,0 6.01902329584954,44.7761954367693,0 6.0188782683122,44.77560060348,0 6.01887250105179,44.7755874262555,0 
						</coordinates>
					</LinearRing>
				</outerBoundaryIs>
			</Polygon>
		</Placemark>
		<Placemark id="parcelles-des-personnes-morales_05_groupe_personne_4.9487">
		<styleUrl>#COM</styleUrl>			<visibility>0</visibility>
			<ExtendedData>
				<SchemaData schemaUrl="#parcelles-des-personnes-morales_05_groupe_personne_4.schema">
					<SimpleData name="Numero de Parcelle">051420000A0011</SimpleData>
					<SimpleData name="Departement">05</SimpleData>
					<SimpleData name="Commune">SAINT-FIRMIN</SimpleData>
					<SimpleData name="Adresse">LE CANETON</SimpleData>
					<SimpleData name="Groupe de personne">Commune</SimpleData>
					<SimpleData name="Forme Juridique Abregee">COM</SimpleData>
					<SimpleData name="Denomination">COMMUNE DE SAINT FIRMIN</SimpleData>
				</SchemaData>
			</ExtendedData>
	<Region>
		<LatLonAltBox>
			<north> 44.7924078605647 </north>
			<south> 44.7886298459104 </south>
			<east> 5.98822255200862 </east>
			<west> 5.986182914426419 </west>
		</LatLonAltBox>
		<Lod>
			<minLodPixels>100</minLodPixels>
			<maxLodPixels>-1</maxLodPixels>
		</Lod>
	</Region>
			<Polygon><altitudeMode>relativeToGround</altitudeMode>
				<outerBoundaryIs>
					<LinearRing>
						<coordinates>							5.9870085128931,44.7900999488326,0 5.98702217165087,44.7902974316592,0 5.987030080033819,44.7906438180807,0 5.98703206630467,44.7908930603831,0 5.98676894294178,44.7914843342479,0 5.98713791492382,44.7916038588332,0 5.9871367936901,44.7920993275626,0 5.98759312566289,44.7924078605647,0 5.9876527653769,44.7920469495624,0 5.98767284586299,44.7918963081208,0 5.98767090169011,44.7918454562112,0 5.98765504969094,44.7918066916918,0 5.98762305319255,44.7917474600479,0 5.98758171729671,44.7916767676437,0 5.98758792575276,44.7916388500198,0 5.98760664185631,44.7915839274693,0 5.9876479287918,44.7915180354562,0 5.987706024480071,44.7914398877384,0 5.987804213433649,44.7911615467744,0 5.988103933327831,44.79032836655,0 5.98813020031572,44.7902322466093,0 5.98814793922177,44.7900613966306,0 5.9881720883279,44.7895256648617,0 5.98817360489183,44.789351918729,0 5.98818279052299,44.7893033795747,0 5.9882006585854,44.7892729859282,0 5.98822255200862,44.7892516735479,0 5.9880592795946,44.7891172374946,0 5.98799050482402,44.7890825126622,0 5.98762547684237,44.7889250447598,0 5.98757406610631,44.7889503961481,0 5.98749556671533,44.7888898053109,0 5.98734473193876,44.7888226951499,0 5.98720985454097,44.7887725432313,0 5.987029168055651,44.7887150666549,0 5.98677281481466,44.7886550340631,0 5.98654856211378,44.7886324266821,0 5.986182914426419,44.7886298459104,0 5.98668645093421,44.7892535266886,0 5.98691275705053,44.7898265652683,0 5.987006443239089,44.7900657681114,0 5.9870085128931,44.7900999488326,0 
						</coordinates>
					</LinearRing>
				</outerBoundaryIs>
			</Polygon>
		</Placemark>
		<Placemark id="parcelles-des-personnes-morales_05_groupe_personne_4.9802">
		<styleUrl>#COM</styleUrl>			<visibility>0</visibility>
			<ExtendedData>
				<SchemaData schemaUrl="#parcelles-des-personnes-morales_05_groupe_personne_4.schema">
					<SimpleData name="Numero de Parcelle">051420000C0110</SimpleData>
					<SimpleData name="Departement">05</SimpleData>
					<SimpleData name="Commune">SAINT-FIRMIN</SimpleData>
					<SimpleData name="Adresse">LES NALES</SimpleData>
					<SimpleData name="Groupe de personne">Commune</SimpleData>
					<SimpleData name="Forme Juridique Abregee">COM</SimpleData>
					<SimpleData name="Denomination">COMMUNE DE SAINT FIRMIN</SimpleData>
				</SchemaData>
			</ExtendedData>
	<Region>
		<LatLonAltBox>
			<north> 44.8102232615139 </north>
			<south> 44.8090315957934 </south>
			<east> 6.0186648735438 </east>
			<west> 6.01698555960497 </west>
		</LatLonAltBox>
		<Lod>
			<minLodPixels>100</minLodPixels>
			<maxLodPixels>-1</maxLodPixels>
		</Lod>
	</Region>
			<Polygon><altitudeMode>relativeToGround</altitudeMode>
				<outerBoundaryIs>
					<LinearRing>
						<coordinates>							6.017021998348171,44.8102232615139,0 6.01720419271007,44.8100170246436,0 6.01768182494836,44.8096958904011,0 6.017635352246059,44.8096601250209,0 6.01780581538093,44.8094476292355,0 6.01788688704665,44.8092981122941,0 6.018113205667559,44.8092819507639,0 6.01843784133489,44.8092723922127,0 6.018595237075779,44.809115931454,0 6.0186648735438,44.8090315957934,0 6.01822424543276,44.8090612512257,0 6.017672103269,44.8091143023122,0 6.01758739244197,44.8091512956767,0 6.01759050245848,44.8091997738302,0 6.01743579915988,44.8092273197294,0 6.01730394282683,44.8092655058774,0 6.01723237596573,44.809210241342,0 6.01715142491964,44.8092088404176,0 6.017053053855251,44.8097221024548,0 6.01714483430779,44.8097719517639,0 6.0172083420357,44.8097690522234,0 6.017126021847009,44.8099236480868,0 6.01704317515504,44.8100519496069,0 6.01698555960497,44.8101692933163,0 6.017021998348171,44.8102232615139,0 
						</coordinates>
					</LinearRing>
				</outerBoundaryIs>
			</Polygon>
		</Placemark>
		<Placemark id="parcelles-des-personnes-morales_05_groupe_personne_4.10244">
		<styleUrl>#COM</styleUrl>			<visibility>0</visibility>
			<ExtendedData>
				<SchemaData schemaUrl="#parcelles-des-personnes-morales_05_groupe_personne_4.schema">
					<SimpleData name="Numero de Parcelle">051420000C0111</SimpleData>
					<SimpleData name="Departement">05</SimpleData>
					<SimpleData name="Commune">SAINT-FIRMIN</SimpleData>
					<SimpleData name="Adresse">LES NALES</SimpleData>
					<SimpleData name="Groupe de personne">Commune</SimpleData>
					<SimpleData name="Forme Juridique Abregee">COM</SimpleData>
					<SimpleData name="Denomination">COMMUNE DE SAINT FIRMIN</SimpleData>
				</SchemaData>
			</ExtendedData>
	<Region>
		<LatLonAltBox>
			<north> 44.8109274519663 </north>
			<south> 44.8090027182073 </south>
			<east> 6.02042895162021 </east>
			<west> 6.01698726256096 </west>
		</LatLonAltBox>
		<Lod>
			<minLodPixels>100</minLodPixels>
			<maxLodPixels>-1</maxLodPixels>
		</Lod>
	</Region>
			<Polygon><altitudeMode>relativeToGround</altitudeMode>
				<outerBoundaryIs>
					<LinearRing>
						<coordinates>							6.01871313502776,44.8107095288382,0 6.02013331779183,44.8109274519663,0 6.02015802535514,44.8108761437927,0 6.0202345112623,44.8107897284535,0 6.02040225927368,44.8106539758907,0 6.02042895162021,44.8106136956512,0 6.02036914149382,44.8105653205508,0 6.02029407521485,44.8104733030403,0 6.02004973493445,44.8102178635369,0 6.0197208500724,44.8098140823168,0 6.01961737576085,44.8096997730545,0 6.01957963833873,44.8096240372995,0 6.019544069838999,44.8095109418706,0 6.0195375761289,44.8093901170408,0 6.01955998357011,44.8091876871414,0 6.01960743616983,44.8090273716948,0 6.01946726836666,44.8090027182073,0 6.0186648735438,44.8090315957934,0 6.018595237075779,44.809115931454,0 6.01843784133489,44.8092723922127,0 6.018113205667559,44.8092819507639,0 6.01788688704665,44.8092981122941,0 6.01780581538093,44.8094476292355,0 6.017635352246059,44.8096601250209,0 6.01768182494836,44.8096958904011,0 6.01720419271007,44.8100170246436,0 6.017021998348171,44.8102232615139,0 6.01702841478467,44.8102673250126,0 6.01698986463732,44.8103955923614,0 6.01698726256096,44.8104296301029,0 6.017069748221761,44.8104407200164,0 6.01711273766641,44.8104563984921,0 6.018671756132399,44.8107026367235,0 6.01871313502776,44.8107095288382,0 
						</coordinates>
					</LinearRing>
				</outerBoundaryIs>
			</Polygon>
		</Placemark>
		<Placemark id="parcelles-des-personnes-morales_05_groupe_personne_4.10691">
		<styleUrl>#COM</styleUrl>			<visibility>0</visibility>
			<ExtendedData>
				<SchemaData schemaUrl="#parcelles-des-personnes-morales_05_groupe_personne_4.schema">
					<SimpleData name="Numero de Parcelle">051420000C0112</SimpleData>
					<SimpleData name="Departement">05</SimpleData>
					<SimpleData name="Commune">SAINT-FIRMIN</SimpleData>
					<SimpleData name="Adresse">LES NALES</SimpleData>
					<SimpleData name="Groupe de personne">Commune</SimpleData>
					<SimpleData name="Forme Juridique Abregee">COM</SimpleData>
					<SimpleData name="Denomination">COMMUNE DE SAINT FIRMIN</SimpleData>
				</SchemaData>
			</ExtendedData>
	<Region>
		<LatLonAltBox>
			<north> 44.8111142063507 </north>
			<south> 44.8090273716948 </south>
			<east> 6.02248749537228 </east>
			<west> 6.0195375761289 </west>
		</LatLonAltBox>
		<Lod>
			<minLodPixels>100</minLodPixels>
			<maxLodPixels>-1</maxLodPixels>
		</Lod>
	</Region>
			<Polygon><altitudeMode>relativeToGround</altitudeMode>
				<outerBoundaryIs>
					<LinearRing>
						<coordinates>							6.02013331779183,44.8109274519663,0 6.020148138714139,44.8109276789357,0 6.02020599401608,44.810890243901,0 6.02025457031548,44.81086855848,0 6.02030846125063,44.8108586212127,0 6.02036567789916,44.8109176084902,0 6.020470386960699,44.8109912493041,0 6.02057152877616,44.8110267855987,0 6.02071490950244,44.8110545938562,0 6.02111713391945,44.8110895846576,0 6.02126831770735,44.8111142063507,0 6.02136811979455,44.8109906650577,0 6.02142086634707,44.8108723703219,0 6.021394243450961,44.8108127300486,0 6.021415316759911,44.8107691789464,0 6.02147900909849,44.8107508651652,0 6.02158940062783,44.8107701109857,0 6.02167756129464,44.8107972605258,0 6.02173960262309,44.8107717837343,0 6.02194597326165,44.8105893864128,0 6.02248749537228,44.8099481724413,0 6.02241249114848,44.8095162141637,0 6.02215805774675,44.8094920660822,0 6.021897935975759,44.8094939306382,0 6.021723299363499,44.8094638224555,0 6.021476551865419,44.809399009285,0 6.021111007508501,44.8093515781726,0 6.02035925929906,44.8092137578304,0 6.020045263872851,44.8091551883419,0 6.01988520443146,44.8091160308322,0 6.01974836900032,44.8090803850576,0 6.01960743616983,44.8090273716948,0 6.01955998357011,44.8091876871414,0 6.0195375761289,44.8093901170408,0 6.019544069838999,44.8095109418706,0 6.01957963833873,44.8096240372995,0 6.01961737576085,44.8096997730545,0 6.0197208500724,44.8098140823168,0 6.02004973493445,44.8102178635369,0 6.02029407521485,44.8104733030403,0 6.02036914149382,44.8105653205508,0 6.02042895162021,44.8106136956512,0 6.02040225927368,44.8106539758907,0 6.0202345112623,44.8107897284535,0 6.02015802535514,44.8108761437927,0 6.02013331779183,44.8109274519663,0 
						</coordinates>
					</LinearRing>
				</outerBoundaryIs>
			</Polygon>
		</Placemark>
		<Placemark id="parcelles-des-personnes-morales_05_groupe_personne_4.10931">
		<styleUrl>#COM</styleUrl>			<visibility>0</visibility>
			<ExtendedData>
				<SchemaData schemaUrl="#parcelles-des-personnes-morales_05_groupe_personne_4.schema">
					<SimpleData name="Numero de Parcelle">051420000D1128</SimpleData>
					<SimpleData name="Departement">05</SimpleData>
					<SimpleData name="Commune">SAINT-FIRMIN</SimpleData>
					<SimpleData name="Adresse">LA ROUTE</SimpleData>
					<SimpleData name="Groupe de personne">Commune</SimpleData>
					<SimpleData name="Forme Juridique Abregee">COM</SimpleData>
					<SimpleData name="Denomination">COMMUNE DE SAINT FIRMIN</SimpleData>
				</SchemaData>
			</ExtendedData>
	<Region>
		<LatLonAltBox>
			<north> 44.7850668693899 </north>
			<south> 44.7847269650151 </south>
			<east> 6.05052398634209 </east>
			<west> 6.05018868806687 </west>
		</LatLonAltBox>
		<Lod>
			<minLodPixels>100</minLodPixels>
			<maxLodPixels>-1</maxLodPixels>
		</Lod>
	</Region>
			<Polygon><altitudeMode>relativeToGround</altitudeMode>
				<outerBoundaryIs>
					<LinearRing>
						<coordinates>							6.05037377012528,44.784992128883,0 6.0504184705749,44.7849206215344,0 6.05052398634209,44.784773829543,0 6.05039353803526,44.7847269650151,0 6.0503827938573,44.7847574438009,0 6.05035401213466,44.7847982398241,0 6.0502331147325,44.7849320303055,0 6.05020724685179,44.7850055419966,0 6.05018868806687,44.7850668693899,0 6.05037377012528,44.784992128883,0 
						</coordinates>
					</LinearRing>
				</outerBoundaryIs>
			</Polygon>
		</Placemark>
		<Placemark id="parcelles-des-personnes-morales_05_groupe_personne_4.11228">
		<styleUrl>#COM</styleUrl>			<visibility>0</visibility>
			<ExtendedData>
				<SchemaData schemaUrl="#parcelles-des-personnes-morales_05_groupe_personne_4.schema">
					<SimpleData name="Numero de Parcelle">051420000D1134</SimpleData>
					<SimpleData name="Departement">05</SimpleData>
					<SimpleData name="Commune">SAINT-FIRMIN</SimpleData>
					<SimpleData name="Adresse">LA ROUTE</SimpleData>
					<SimpleData name="Groupe de personne">Commune</SimpleData>
					<SimpleData name="Forme Juridique Abregee">COM</SimpleData>
					<SimpleData name="Denomination">COMMUNE DE SAINT FIRMIN</SimpleData>
				</SchemaData>
			</ExtendedData>
	<Region>
		<LatLonAltBox>
			<north> 44.7834613890362 </north>
			<south> 44.7823595238772 </south>
			<east> 6.05136154999695 </east>
			<west> 6.0504795499577 </west>
		</LatLonAltBox>
		<Lod>
			<minLodPixels>100</minLodPixels>
			<maxLodPixels>-1</maxLodPixels>
		</Lod>
	</Region>
			<Polygon><altitudeMode>relativeToGround</altitudeMode>
				<outerBoundaryIs>
					<LinearRing>
						<coordinates>							6.05133137161522,44.7834613890362,0 6.05131123472478,44.783346797417,0 6.05128936594934,44.7832585622915,0 6.05124715796886,44.78318250991,0 6.05121581987908,44.7831109334584,0 6.051211524900421,44.7830411351725,0 6.051224798852779,44.7829384176428,0 6.05128210366259,44.7827775454264,0 6.05131002882601,44.7826510889321,0 6.05134430929537,44.7825438286438,0 6.05136154999695,44.7824675809746,0 6.05135179056292,44.7823856797585,0 6.05132987638801,44.7823595238772,0 6.051281852689209,44.7823674233988,0 6.051225294654091,44.7823998845109,0 6.05114740943235,44.782472936588,0 6.051031846534889,44.782581353535,0 6.050878194303611,44.7827315435606,0 6.050786462604569,44.7828804792059,0 6.05073047841296,44.7829538290208,0 6.05066054951161,44.7830429695477,0 6.0505427014654,44.7831349608093,0 6.0504795499577,44.7832067959127,0 6.05059254338228,44.7833097315638,0 6.050627563363309,44.783272007296,0 6.050662037221571,44.783245199983,0 6.050813321275589,44.7831515673161,0 6.050879219962701,44.7831070463604,0 6.05096306660957,44.7830295957281,0 6.051173422402279,44.7833133811665,0 6.05133137161522,44.7834613890362,0 
						</coordinates>
					</LinearRing>
				</outerBoundaryIs>
			</Polygon>
		</Placemark>
		<Placemark id="parcelles-des-personnes-morales_05_groupe_personne_4.12930">
		<styleUrl>#COM</styleUrl>			<visibility>0</visibility>
			<ExtendedData>
				<SchemaData schemaUrl="#parcelles-des-personnes-morales_05_groupe_personne_4.schema">
					<SimpleData name="Numero de Parcelle">051420000D1173</SimpleData>
					<SimpleData name="Departement">05</SimpleData>
					<SimpleData name="Commune">SAINT-FIRMIN</SimpleData>
					<SimpleData name="Adresse">LOU SUI</SimpleData>
					<SimpleData name="Groupe de personne">Commune</SimpleData>
					<SimpleData name="Forme Juridique Abregee">COM</SimpleData>
					<SimpleData name="Denomination">COMMUNE DE SAINT FIRMIN</SimpleData>
				</SchemaData>
			</ExtendedData>
	<Region>
		<LatLonAltBox>
			<north> 44.7853759483301 </north>
			<south> 44.7850640525452 </south>
			<east> 6.0503466775904 </east>
			<west> 6.049980127882901 </west>
		</LatLonAltBox>
		<Lod>
			<minLodPixels>100</minLodPixels>
			<maxLodPixels>-1</maxLodPixels>
		</Lod>
	</Region>
			<Polygon><altitudeMode>relativeToGround</altitudeMode>
				<outerBoundaryIs>
					<LinearRing>
						<coordinates>							6.05010517514902,44.7853603667679,0 6.05010966917846,44.7853592519957,0 6.05026543565088,44.7853247817431,0 6.050264638545019,44.7852681316231,0 6.05031491402853,44.7851478175945,0 6.0503466775904,44.7850640525452,0 6.050061554629959,44.7851766848676,0 6.04999545736189,44.7852922084862,0 6.049980127882901,44.78532912033,0 6.050023533188611,44.7853759483301,0 6.05005287925493,44.785373518895,0 6.05010517514902,44.7853603667679,0 
						</coordinates>
					</LinearRing>
				</outerBoundaryIs>
			</Polygon>
		</Placemark>
		<Placemark id="parcelles-des-personnes-morales_05_groupe_personne_4.13804">
		<styleUrl>#COM</styleUrl>			<visibility>0</visibility>
			<ExtendedData>
				<SchemaData schemaUrl="#parcelles-des-personnes-morales_05_groupe_personne_4.schema">
					<SimpleData name="Numero de Parcelle">051420000C1192</SimpleData>
					<SimpleData name="Departement">05</SimpleData>
					<SimpleData name="Commune">SAINT-FIRMIN</SimpleData>
					<SimpleData name="Adresse">LAUZON</SimpleData>
					<SimpleData name="Groupe de personne">Commune</SimpleData>
					<SimpleData name="Forme Juridique Abregee">COM</SimpleData>
					<SimpleData name="Denomination">COMMUNE DE SAINT FIRMIN</SimpleData>
				</SchemaData>
			</ExtendedData>
	<Region>
		<LatLonAltBox>
			<north> 44.7856940086619 </north>
			<south> 44.7850588056292 </south>
			<east> 6.01670342566251 </east>
			<west> 6.015466119064681 </west>
		</LatLonAltBox>
		<Lod>
			<minLodPixels>100</minLodPixels>
			<maxLodPixels>-1</maxLodPixels>
		</Lod>
	</Region>
			<Polygon><altitudeMode>relativeToGround</altitudeMode>
				<outerBoundaryIs>
					<LinearRing>
						<coordinates>							6.015749161172969,44.7852211379265,0 6.015466119064681,44.7853242526475,0 6.01562701434754,44.7856161140553,0 6.01578905991118,44.7856393643487,0 6.01594529041241,44.7856744852915,0 6.016068802802391,44.7856940086619,0 6.01629744769375,44.7854188457845,0 6.016443737412259,44.7852663839477,0 6.01670342566251,44.7851076817475,0 6.01660272726404,44.7850842045261,0 6.01629457296162,44.7850588056292,0 6.016263632473421,44.7851022636997,0 6.01621108671695,44.7851415346323,0 6.016157729022149,44.785168033839,0 6.01591069083194,44.7852159313473,0 6.0157846599699,44.7852319746449,0 6.01577011873383,44.7852156122788,0 6.015749161172969,44.7852211379265,0 
						</coordinates>
					</LinearRing>
				</outerBoundaryIs>
			</Polygon>
		</Placemark>
		<Placemark id="parcelles-des-personnes-morales_05_groupe_personne_4.13871">
		<styleUrl>#COM</styleUrl>			<visibility>0</visibility>
			<ExtendedData>
				<SchemaData schemaUrl="#parcelles-des-personnes-morales_05_groupe_personne_4.schema">
					<SimpleData name="Numero de Parcelle">051420000C1194</SimpleData>
					<SimpleData name="Departement">05</SimpleData>
					<SimpleData name="Commune">SAINT-FIRMIN</SimpleData>
					<SimpleData name="Adresse">LAUZON</SimpleData>
					<SimpleData name="Groupe de personne">Commune</SimpleData>
					<SimpleData name="Forme Juridique Abregee">COM</SimpleData>
					<SimpleData name="Denomination">COMMUNE DE SAINT FIRMIN</SimpleData>
				</SchemaData>
			</ExtendedData>
	<Region>
		<LatLonAltBox>
			<north> 44.7857315043083 </north>
			<south> 44.7828522643622 </south>
			<east> 6.01679071881335 </east>
			<west> 6.01202801269738 </west>
		</LatLonAltBox>
		<Lod>
			<minLodPixels>100</minLodPixels>
			<maxLodPixels>-1</maxLodPixels>
		</Lod>
	</Region>
			<Polygon><altitudeMode>relativeToGround</altitudeMode>
				<outerBoundaryIs>
					<LinearRing>
						<coordinates>							6.01202801269738,44.784460018004,0 6.01259731002821,44.7849840444062,0 6.01306136184856,44.7854019123005,0 6.01343546211729,44.7856426609698,0 6.01349434351575,44.7856719631931,0 6.01375915521667,44.7857218837473,0 6.0138360850203,44.7857315043083,0 6.014087138139601,44.7856899893198,0 6.01408929052221,44.7855626235961,0 6.014159003696939,44.7855627097136,0 6.01421905750615,44.7855761225841,0 6.014264015120849,44.7855769720388,0 6.01439985344623,44.7855574202433,0 6.01453075003282,44.7856037735868,0 6.0145274132263,44.7855486348258,0 6.01468546579399,44.7855021700663,0 6.01537887597424,44.7852968944129,0 6.01541666209351,44.7853244270806,0 6.015466119064681,44.7853242526475,0 6.015749161172969,44.7852211379265,0 6.015541079145379,44.785106160046,0 6.015492759017249,44.7850662103603,0 6.01547891098778,44.7850273949127,0 6.01550742268916,44.7849976078321,0 6.015586585052809,44.7849710374584,0 6.01565127365152,44.7849435094231,0 6.015901649207631,44.784908315443,0 6.01610516675394,44.7849170121234,0 6.01619935679248,44.7849323779776,0 6.01628101638436,44.7849617795664,0 6.01630613218334,44.7849865934797,0 6.016298362757219,44.7850445572261,0 6.016553873789259,44.7850531894215,0 6.01665476278168,44.7850731477067,0 6.01671381974702,44.7850891991787,0 6.01679071881335,44.7843439843585,0 6.01664793087401,44.7838733295478,0 6.01574690297431,44.7839883102677,0 6.01542084175775,44.7837987890349,0 6.01483135416029,44.7840496203612,0 6.01482553494298,44.7839930175156,0 6.01474243324414,44.783901306986,0 6.014207714816011,44.7840954154685,0 6.013847564154119,44.7840981830044,0 6.013522749183359,44.7838798815008,0 6.01364599258624,44.7835169529374,0 6.01363860028253,44.7830487396818,0 6.01310745560097,44.7829176758777,0 6.01302134035623,44.7828522643622,0 6.01224276268361,44.7830802026137,0 6.01203180996725,44.7833835265871,0 6.0120313186102,44.7836293243749,0 6.01203743849,44.783727003315,0 6.01207172496999,44.7841826827573,0 6.01206797092275,44.784353428429,0 6.01202801269738,44.784460018004,0 
						</coordinates>
					</LinearRing>
				</outerBoundaryIs>
			</Polygon>
		</Placemark>
		<Placemark id="parcelles-des-personnes-morales_05_groupe_personne_4.13966">
		<styleUrl>#COM</styleUrl>			<visibility>0</visibility>
			<ExtendedData>
				<SchemaData schemaUrl="#parcelles-des-personnes-morales_05_groupe_personne_4.schema">
					<SimpleData name="Numero de Parcelle">051420000D1197</SimpleData>
					<SimpleData name="Departement">05</SimpleData>
					<SimpleData name="Commune">SAINT-FIRMIN</SimpleData>
					<SimpleData name="Adresse">LOU SUI</SimpleData>
					<SimpleData name="Groupe de personne">Commune</SimpleData>
					<SimpleData name="Forme Juridique Abregee">COM</SimpleData>
					<SimpleData name="Denomination">COMMUNE DE SAINT FIRMIN</SimpleData>
				</SchemaData>
			</ExtendedData>
	<Region>
		<LatLonAltBox>
			<north> 44.7866358137799 </north>
			<south> 44.7860966628255 </south>
			<east> 6.04984364682253 </east>
			<west> 6.04894352303242 </west>
		</LatLonAltBox>
		<Lod>
			<minLodPixels>100</minLodPixels>
			<maxLodPixels>-1</maxLodPixels>
		</Lod>
	</Region>
			<Polygon><altitudeMode>relativeToGround</altitudeMode>
				<outerBoundaryIs>
					<LinearRing>
						<coordinates>							6.049623533980461,44.7866358137799,0 6.04974753683218,44.7864076052534,0 6.04984364682253,44.7862272857925,0 6.049812604936459,44.7862311133086,0 6.04954900811214,44.7861250229191,0 6.04946966191378,44.7860966628255,0 6.04944804791394,44.7861273505132,0 6.04941191347218,44.7862075415058,0 6.049340536862961,44.7863027575753,0 6.049257140012401,44.78624171287,0 6.04919901516852,44.7862057409911,0 6.04913732416216,44.7861903195931,0 6.04906964322729,44.7861787570055,0 6.049009336383811,44.7862821375581,0 6.04894352303242,44.7864006259422,0 6.04917399444794,44.7864744728834,0 6.04936870775227,44.7865771437515,0 6.049623533980461,44.7866358137799,0 
						</coordinates>
					</LinearRing>
				</outerBoundaryIs>
			</Polygon>
		</Placemark>
		<Placemark id="parcelles-des-personnes-morales_05_groupe_personne_4.14442">
		<styleUrl>#COM</styleUrl>			<visibility>0</visibility>
			<ExtendedData>
				<SchemaData schemaUrl="#parcelles-des-personnes-morales_05_groupe_personne_4.schema">
					<SimpleData name="Numero de Parcelle">051420000D1201</SimpleData>
					<SimpleData name="Departement">05</SimpleData>
					<SimpleData name="Commune">SAINT-FIRMIN</SimpleData>
					<SimpleData name="Adresse">LOU SUI</SimpleData>
					<SimpleData name="Groupe de personne">Commune</SimpleData>
					<SimpleData name="Forme Juridique Abregee">COM</SimpleData>
					<SimpleData name="Denomination">COMMUNE DE SAINT FIRMIN</SimpleData>
				</SchemaData>
			</ExtendedData>
	<Region>
		<LatLonAltBox>
			<north> 44.7887350495233 </north>
			<south> 44.7867990020478 </south>
			<east> 6.049707277661051 </east>
			<west> 6.047703219149799 </west>
		</LatLonAltBox>
		<Lod>
			<minLodPixels>100</minLodPixels>
			<maxLodPixels>-1</maxLodPixels>
		</Lod>
	</Region>
			<Polygon><altitudeMode>relativeToGround</altitudeMode>
				<outerBoundaryIs>
					<LinearRing>
						<coordinates>							6.047703219149799,44.7887350495233,0 6.04783265564992,44.7887001357141,0 6.04802015502223,44.7886556962319,0 6.04814970982212,44.7886299688543,0 6.048280053374211,44.788611787917,0 6.04862013767596,44.7885813504645,0 6.04878829472792,44.7885675346813,0 6.048941385975711,44.7885418796851,0 6.04893395501386,44.7884538774832,0 6.04890682258631,44.7883525420783,0 6.04887108988841,44.7882512630691,0 6.04886581950927,44.7882170804551,0 6.04888644391921,44.7881681300792,0 6.04901132879604,44.7880050395205,0 6.049045591954191,44.7879556237926,0 6.049085123583369,44.787851733596,0 6.04913109443866,44.7877732542534,0 6.04919012323939,44.7876836037835,0 6.04908898360107,44.7876990002208,0 6.048974302621741,44.7877166611756,0 6.048915635697329,44.787736024595,0 6.048859409737221,44.7877630693175,0 6.048763902455079,44.7878449835251,0 6.04867457484236,44.7879242048898,0 6.048606711957509,44.7879536418588,0 6.04859011750253,44.7879695953049,0 6.04850999813822,44.7880319850762,0 6.04839069005355,44.7881323030617,0 6.04827579782191,44.7881017662922,0 6.048352877230541,44.7879390003051,0 6.04838971790925,44.7879184355701,0 6.048432105782961,44.7878905103473,0 6.048471876450989,44.7878493224955,0 6.04855251987595,44.7877009642091,0 6.04855004311941,44.7876436394908,0 6.048571664081219,44.7874917691045,0 6.04862101064593,44.7875105036873,0 6.04879430061639,44.7876007006756,0 6.04882966841731,44.7875996376176,0 6.048906735625259,44.7875789571518,0 6.04895862292192,44.7875745564318,0 6.049047208506271,44.7876262686178,0 6.04906457329838,44.7876221869314,0 6.04920098430061,44.7876692495655,0 6.04929417277027,44.7875469444485,0 6.04939979665731,44.7874323158691,0 6.04945432941471,44.7873787383347,0 6.04956235858023,44.7873061194965,0 6.04963395851432,44.7872453148325,0 6.04966731665879,44.7872142138365,0 6.049707277661051,44.7871625688267,0 6.04967848923663,44.7871449808903,0 6.04958910095917,44.7872440264208,0 6.049554194375359,44.7872815670071,0 6.04952154413092,44.7873070623693,0 6.049445541616609,44.7873473554957,0 6.0493351664841,44.7874047219862,0 6.049290951088841,44.787387288117,0 6.04922771002952,44.7873969568088,0 6.04918650187481,44.7873976400925,0 6.04903101581458,44.7874933680627,0 6.04895987375741,44.7875019925863,0 6.04889208473598,44.787532779192,0 6.04887999743003,44.7874988742242,0 6.048905600188579,44.7874833936967,0 6.048942246118441,44.7874429223187,0 6.04896042821357,44.7874025984967,0 6.04894722435344,44.7872711473977,0 6.048964654408891,44.7872356194945,0 6.048976123482799,44.7871834972318,0 6.04897860751219,44.7871476597227,0 6.04904698092177,44.7870436968605,0 6.04901058275295,44.7870420853848,0 6.04892705142906,44.7869295977625,0 6.04889045033082,44.7868915919766,0 6.04885029476126,44.7868626938307,0 6.0487945080095,44.7868325138116,0 6.04870589902217,44.7867990020478,0 6.048646196958441,44.7868762371452,0 6.04860104482608,44.7869231592183,0 6.04858642207852,44.786954465296,0 6.04851390127572,44.787049622169,0 6.04848599317515,44.7871182341188,0 6.04842852852152,44.7872507281115,0 6.048334577021189,44.7874849559542,0 6.04820889980135,44.7878224083766,0 6.048128172198069,44.7879902300137,0 6.04796671142566,44.7881974826721,0 6.047854144907861,44.7884244735462,0 6.04774220363255,44.7885813503512,0 6.047708968201611,44.7886940767375,0 6.047703219149799,44.7887350495233,0 
						</coordinates>
					</LinearRing>
				</outerBoundaryIs>
			</Polygon>
		</Placemark>
		<Placemark id="parcelles-des-personnes-morales_05_groupe_personne_4.14947">
		<styleUrl>#COM</styleUrl>			<visibility>0</visibility>
			<ExtendedData>
				<SchemaData schemaUrl="#parcelles-des-personnes-morales_05_groupe_personne_4.schema">
					<SimpleData name="Numero de Parcelle">051420000C1214</SimpleData>
					<SimpleData name="Departement">05</SimpleData>
					<SimpleData name="Commune">SAINT-FIRMIN</SimpleData>
					<SimpleData name="Adresse">LA MOULIERE</SimpleData>
					<SimpleData name="Groupe de personne">Commune</SimpleData>
					<SimpleData name="Forme Juridique Abregee">COM</SimpleData>
					<SimpleData name="Denomination">COMMUNE DE SAINT FIRMIN</SimpleData>
				</SchemaData>
			</ExtendedData>
	<Region>
		<LatLonAltBox>
			<north> 44.7839883102677 </north>
			<south> 44.7834657783408 </south>
			<east> 6.01668918564271 </east>
			<west> 6.0153515981001 </west>
		</LatLonAltBox>
		<Lod>
			<minLodPixels>100</minLodPixels>
			<maxLodPixels>-1</maxLodPixels>
		</Lod>
	</Region>
			<Polygon><altitudeMode>relativeToGround</altitudeMode>
				<outerBoundaryIs>
					<LinearRing>
						<coordinates>							6.01542084175775,44.7837987890349,0 6.01574690297431,44.7839883102677,0 6.01664793087401,44.7838733295478,0 6.016574033440739,44.7836373044462,0 6.0165786598445,44.7836197897662,0 6.01668918564271,44.7834657783408,0 6.01652105552441,44.7835223410237,0 6.01641567502404,44.783560077022,0 6.016197220701791,44.7836407134393,0 6.01555848798536,44.7835866490254,0 6.015356049268119,44.7836993729907,0 6.0153515981001,44.7837555344909,0 6.01542084175775,44.7837987890349,0 
						</coordinates>
					</LinearRing>
				</outerBoundaryIs>
			</Polygon>
		</Placemark>
		<Placemark id="parcelles-des-personnes-morales_05_groupe_personne_4.15111">
		<styleUrl>#COM</styleUrl>			<visibility>0</visibility>
			<ExtendedData>
				<SchemaData schemaUrl="#parcelles-des-personnes-morales_05_groupe_personne_4.schema">
					<SimpleData name="Numero de Parcelle">051420000D1219</SimpleData>
					<SimpleData name="Departement">05</SimpleData>
					<SimpleData name="Commune">SAINT-FIRMIN</SimpleData>
					<SimpleData name="Adresse">LE PONTEI</SimpleData>
					<SimpleData name="Groupe de personne">Commune</SimpleData>
					<SimpleData name="Forme Juridique Abregee">COM</SimpleData>
					<SimpleData name="Denomination">COMMUNE DE SAINT FIRMIN</SimpleData>
				</SchemaData>
			</ExtendedData>
	<Region>
		<LatLonAltBox>
			<north> 44.7854549024384 </north>
			<south> 44.7853417299482 </south>
			<east> 6.036118103265709 </east>
			<west> 6.035932602143959 </west>
		</LatLonAltBox>
		<Lod>
			<minLodPixels>100</minLodPixels>
			<maxLodPixels>-1</maxLodPixels>
		</Lod>
	</Region>
			<Polygon><altitudeMode>relativeToGround</altitudeMode>
				<outerBoundaryIs>
					<LinearRing>
						<coordinates>							6.035932602143959,44.7854549024384,0 6.036118103265709,44.785420358521,0 6.03609255538625,44.7853525839187,0 6.035976699086821,44.7853437748116,0 6.035949388198699,44.7853417299482,0 6.035932602143959,44.7854549024384,0 
						</coordinates>
					</LinearRing>
				</outerBoundaryIs>
			</Polygon>
		</Placemark>
		<Placemark id="parcelles-des-personnes-morales_05_groupe_personne_4.15190">
		<styleUrl>#COM</styleUrl>			<visibility>0</visibility>
			<ExtendedData>
				<SchemaData schemaUrl="#parcelles-des-personnes-morales_05_groupe_personne_4.schema">
					<SimpleData name="Numero de Parcelle">05142000AE0122</SimpleData>
					<SimpleData name="Departement">05</SimpleData>
					<SimpleData name="Commune">SAINT-FIRMIN</SimpleData>
					<SimpleData name="Adresse">LE BOURG</SimpleData>
					<SimpleData name="Groupe de personne">Commune</SimpleData>
					<SimpleData name="Forme Juridique Abregee">COM</SimpleData>
					<SimpleData name="Denomination">COMMUNE DE SAINT FIRMIN</SimpleData>
				</SchemaData>
			</ExtendedData>
	<Region>
		<LatLonAltBox>
			<north> 44.7810337820887 </north>
			<south> 44.7808900267978 </south>
			<east> 6.028323457699929 </east>
			<west> 6.02802356235279 </west>
		</LatLonAltBox>
		<Lod>
			<minLodPixels>100</minLodPixels>
			<maxLodPixels>-1</maxLodPixels>
		</Lod>
	</Region>
			<Polygon><altitudeMode>relativeToGround</altitudeMode>
				<outerBoundaryIs>
					<LinearRing>
						<coordinates>							6.02802356235279,44.7809547627385,0 6.02805498474055,44.7809650762091,0 6.0282265603559,44.7810150769177,0 6.028287433877549,44.7810272884377,0 6.028323457699929,44.7810337820887,0 6.02831220716509,44.7809470552922,0 6.02827877245184,44.7809440046904,0 6.02824475462267,44.7809418709892,0 6.028222275595339,44.7809378902993,0 6.028183827890119,44.7809286698298,0 6.02815649611718,44.7809191455898,0 6.02808459169123,44.7808900267978,0 6.02802356235279,44.7809547627385,0 
						</coordinates>
					</LinearRing>
				</outerBoundaryIs>
			</Polygon>
		</Placemark>
		<Placemark id="parcelles-des-personnes-morales_05_groupe_personne_4.15267">
		<styleUrl>#COM</styleUrl>			<visibility>0</visibility>
			<ExtendedData>
				<SchemaData schemaUrl="#parcelles-des-personnes-morales_05_groupe_personne_4.schema">
					<SimpleData name="Numero de Parcelle">051420000D1220</SimpleData>
					<SimpleData name="Departement">05</SimpleData>
					<SimpleData name="Commune">SAINT-FIRMIN</SimpleData>
					<SimpleData name="Adresse">LE PONTEI</SimpleData>
					<SimpleData name="Groupe de personne">Commune</SimpleData>
					<SimpleData name="Forme Juridique Abregee">COM</SimpleData>
					<SimpleData name="Denomination">COMMUNE DE SAINT FIRMIN</SimpleData>
				</SchemaData>
			</ExtendedData>
	<Region>
		<LatLonAltBox>
			<north> 44.7853525839187 </north>
			<south> 44.7852399480348 </south>
			<east> 6.03609255538625 </east>
			<west> 6.03590944439818 </west>
		</LatLonAltBox>
		<Lod>
			<minLodPixels>100</minLodPixels>
			<maxLodPixels>-1</maxLodPixels>
		</Lod>
	</Region>
			<Polygon><altitudeMode>relativeToGround</altitudeMode>
				<outerBoundaryIs>
					<LinearRing>
						<coordinates>							6.03592852913486,44.7852623844177,0 6.03593972386479,44.7852963149955,0 6.03590944439818,44.7853048929157,0 6.03592321911241,44.7853397438971,0 6.035949388198699,44.7853417299482,0 6.035976699086821,44.7853437748116,0 6.03609255538625,44.7853525839187,0 6.036050288304189,44.7852399480348,0 6.03592852913486,44.7852623844177,0 
						</coordinates>
					</LinearRing>
				</outerBoundaryIs>
			</Polygon>
		</Placemark>
		<Placemark id="parcelles-des-personnes-morales_05_groupe_personne_4.15333">
		<styleUrl>#COM</styleUrl>			<visibility>0</visibility>
			<ExtendedData>
				<SchemaData schemaUrl="#parcelles-des-personnes-morales_05_groupe_personne_4.schema">
					<SimpleData name="Numero de Parcelle">051420000D1222</SimpleData>
					<SimpleData name="Departement">05</SimpleData>
					<SimpleData name="Commune">SAINT-FIRMIN</SimpleData>
					<SimpleData name="Adresse">LE PONTEI</SimpleData>
					<SimpleData name="Groupe de personne">Commune</SimpleData>
					<SimpleData name="Forme Juridique Abregee">COM</SimpleData>
					<SimpleData name="Denomination">COMMUNE DE SAINT FIRMIN</SimpleData>
				</SchemaData>
			</ExtendedData>
	<Region>
		<LatLonAltBox>
			<north> 44.7854658852835 </north>
			<south> 44.7852623844177 </south>
			<east> 6.035949388198699 </east>
			<west> 6.03580664840095 </west>
		</LatLonAltBox>
		<Lod>
			<minLodPixels>100</minLodPixels>
			<maxLodPixels>-1</maxLodPixels>
		</Lod>
	</Region>
			<Polygon><altitudeMode>relativeToGround</altitudeMode>
				<outerBoundaryIs>
					<LinearRing>
						<coordinates>							6.035932602143959,44.7854549024384,0 6.035949388198699,44.7853417299482,0 6.03592321911241,44.7853397438971,0 6.03590944439818,44.7853048929157,0 6.03593972386479,44.7852963149955,0 6.03592852913486,44.7852623844177,0 6.03580664840095,44.7852849140925,0 6.035873733828789,44.7854658852835,0 6.035932602143959,44.7854549024384,0 
						</coordinates>
					</LinearRing>
				</outerBoundaryIs>
			</Polygon>
		</Placemark>
		<Placemark id="parcelles-des-personnes-morales_05_groupe_personne_4.15435">
		<styleUrl>#COM</styleUrl>			<visibility>0</visibility>
			<ExtendedData>
				<SchemaData schemaUrl="#parcelles-des-personnes-morales_05_groupe_personne_4.schema">
					<SimpleData name="Numero de Parcelle">051420000D1225</SimpleData>
					<SimpleData name="Departement">05</SimpleData>
					<SimpleData name="Commune">SAINT-FIRMIN</SimpleData>
					<SimpleData name="Adresse">LE PONTEI</SimpleData>
					<SimpleData name="Groupe de personne">Commune</SimpleData>
					<SimpleData name="Forme Juridique Abregee">COM</SimpleData>
					<SimpleData name="Denomination">COMMUNE DE SAINT FIRMIN</SimpleData>
				</SchemaData>
			</ExtendedData>
	<Region>
		<LatLonAltBox>
			<north> 44.7878985052125 </north>
			<south> 44.7871831172626 </south>
			<east> 6.034875622715319 </east>
			<west> 6.0343844201449 </west>
		</LatLonAltBox>
		<Lod>
			<minLodPixels>100</minLodPixels>
			<maxLodPixels>-1</maxLodPixels>
		</Lod>
	</Region>
			<Polygon><altitudeMode>relativeToGround</altitudeMode>
				<outerBoundaryIs>
					<LinearRing>
						<coordinates>							6.034875622715319,44.7872668925704,0 6.034841528312289,44.7872329582639,0 6.03481571824122,44.7872071762125,0 6.034779626780781,44.7871831172626,0 6.03439390042589,44.7873898224202,0 6.034388268838889,44.7876370254193,0 6.0343844201449,44.7878985052125,0 6.03468673937447,44.7878504942673,0 6.034682639808649,44.7877581659167,0 6.03480242434456,44.7875865827347,0 6.03471441655137,44.7874656484083,0 6.034875622715319,44.7872668925704,0 
						</coordinates>
					</LinearRing>
				</outerBoundaryIs>
			</Polygon>
		</Placemark>
		<Placemark id="parcelles-des-personnes-morales_05_groupe_personne_4.15652">
		<styleUrl>#COM</styleUrl>			<visibility>0</visibility>
			<ExtendedData>
				<SchemaData schemaUrl="#parcelles-des-personnes-morales_05_groupe_personne_4.schema">
					<SimpleData name="Numero de Parcelle">05142000AE0123</SimpleData>
					<SimpleData name="Departement">05</SimpleData>
					<SimpleData name="Commune">SAINT-FIRMIN</SimpleData>
					<SimpleData name="Adresse">56, RTE DU MOULIN</SimpleData>
					<SimpleData name="Groupe de personne">Commune</SimpleData>
					<SimpleData name="Forme Juridique Abregee">COM</SimpleData>
					<SimpleData name="Denomination">COMMUNE DE SAINT FIRMIN</SimpleData>
				</SchemaData>
			</ExtendedData>
	<Region>
		<LatLonAltBox>
			<north> 44.7810866429638 </north>
			<south> 44.7809547627385 </south>
			<east> 6.02832380397359 </east>
			<west> 6.02793688209837 </west>
		</LatLonAltBox>
		<Lod>
			<minLodPixels>100</minLodPixels>
			<maxLodPixels>-1</maxLodPixels>
		</Lod>
	</Region>
			<Polygon><altitudeMode>relativeToGround</altitudeMode>
				<outerBoundaryIs>
					<LinearRing>
						<coordinates>							6.02802356235279,44.7809547627385,0 6.02793688209837,44.7810458773426,0 6.02802401182497,44.781045298498,0 6.0282155001202,44.7810727713076,0 6.02831782981885,44.7810866429638,0 6.02832380397359,44.7810613424817,0 6.028323457699929,44.7810337820887,0 6.028287433877549,44.7810272884377,0 6.0282265603559,44.7810150769177,0 6.02805498474055,44.7809650762091,0 6.02802356235279,44.7809547627385,0 
						</coordinates>
					</LinearRing>
				</outerBoundaryIs>
			</Polygon>
		</Placemark>
		<Placemark id="parcelles-des-personnes-morales_05_groupe_personne_4.16422">
		<styleUrl>#COM</styleUrl>			<visibility>0</visibility>
			<ExtendedData>
				<SchemaData schemaUrl="#parcelles-des-personnes-morales_05_groupe_personne_4.schema">
					<SimpleData name="Numero de Parcelle">051420000D1249</SimpleData>
					<SimpleData name="Departement">05</SimpleData>
					<SimpleData name="Commune">SAINT-FIRMIN</SimpleData>
					<SimpleData name="Adresse">LA BROUE DU RIF</SimpleData>
					<SimpleData name="Groupe de personne">Commune</SimpleData>
					<SimpleData name="Forme Juridique Abregee">COM</SimpleData>
					<SimpleData name="Denomination">COMMUNE DE SAINT FIRMIN</SimpleData>
				</SchemaData>
			</ExtendedData>
	<Region>
		<LatLonAltBox>
			<north> 44.7810031547511 </north>
			<south> 44.7807540304213 </south>
			<east> 6.045552660040011 </east>
			<west> 6.045310781292409 </west>
		</LatLonAltBox>
		<Lod>
			<minLodPixels>100</minLodPixels>
			<maxLodPixels>-1</maxLodPixels>
		</Lod>
	</Region>
			<Polygon><altitudeMode>relativeToGround</altitudeMode>
				<outerBoundaryIs>
					<LinearRing>
						<coordinates>							6.04536241395643,44.7808260440983,0 6.0453206720996,44.7809428774627,0 6.045310781292409,44.7810031547511,0 6.04546703954272,44.7809989505609,0 6.04551228434578,44.780993472481,0 6.045530562346151,44.7809712564477,0 6.045551876379401,44.7808649853358,0 6.045552660040011,44.7808187433608,0 6.0455247525829,44.7807846423054,0 6.04552069043681,44.7807540304213,0 6.045361148658971,44.7807583249432,0 6.04536241395643,44.7808260440983,0 
						</coordinates>
					</LinearRing>
				</outerBoundaryIs>
			</Polygon>
		</Placemark>
		<Placemark id="parcelles-des-personnes-morales_05_groupe_personne_4.16483">
		<styleUrl>#COM</styleUrl>			<visibility>0</visibility>
			<ExtendedData>
				<SchemaData schemaUrl="#parcelles-des-personnes-morales_05_groupe_personne_4.schema">
					<SimpleData name="Numero de Parcelle">05142000AE0125</SimpleData>
					<SimpleData name="Departement">05</SimpleData>
					<SimpleData name="Commune">SAINT-FIRMIN</SimpleData>
					<SimpleData name="Adresse">LE BOURG</SimpleData>
					<SimpleData name="Groupe de personne">Commune</SimpleData>
					<SimpleData name="Forme Juridique Abregee">COM</SimpleData>
					<SimpleData name="Denomination">COMMUNE DE SAINT FIRMIN</SimpleData>
				</SchemaData>
			</ExtendedData>
	<Region>
		<LatLonAltBox>
			<north> 44.7809547627385 </north>
			<south> 44.780816959085 </south>
			<east> 6.02808459169123 </east>
			<west> 6.02787876406032 </west>
		</LatLonAltBox>
		<Lod>
			<minLodPixels>100</minLodPixels>
			<maxLodPixels>-1</maxLodPixels>
		</Lod>
	</Region>
			<Polygon><altitudeMode>relativeToGround</altitudeMode>
				<outerBoundaryIs>
					<LinearRing>
						<coordinates>							6.02802356235279,44.7809547627385,0 6.02808459169123,44.7808900267978,0 6.027946056350141,44.780816959085,0 6.02787876406032,44.7808851996831,0 6.02802356235279,44.7809547627385,0 
						</coordinates>
					</LinearRing>
				</outerBoundaryIs>
			</Polygon>
		</Placemark>
		<Placemark id="parcelles-des-personnes-morales_05_groupe_personne_4.16520">
		<styleUrl>#COM</styleUrl>			<visibility>0</visibility>
			<ExtendedData>
				<SchemaData schemaUrl="#parcelles-des-personnes-morales_05_groupe_personne_4.schema">
					<SimpleData name="Numero de Parcelle">051420000C0125</SimpleData>
					<SimpleData name="Departement">05</SimpleData>
					<SimpleData name="Commune">SAINT-FIRMIN</SimpleData>
					<SimpleData name="Adresse">LES NALES</SimpleData>
					<SimpleData name="Groupe de personne">Commune</SimpleData>
					<SimpleData name="Forme Juridique Abregee">COM</SimpleData>
					<SimpleData name="Denomination">COMMUNE DE SAINT FIRMIN</SimpleData>
				</SchemaData>
			</ExtendedData>
	<Region>
		<LatLonAltBox>
			<north> 44.813036034526 </north>
			<south> 44.812758685551 </south>
			<east> 6.023188585844921 </east>
			<west> 6.021822532211291 </west>
		</LatLonAltBox>
		<Lod>
			<minLodPixels>100</minLodPixels>
			<maxLodPixels>-1</maxLodPixels>
		</Lod>
	</Region>
			<Polygon><altitudeMode>relativeToGround</altitudeMode>
				<outerBoundaryIs>
					<LinearRing>
						<coordinates>							6.02306956207209,44.812758685551,0 6.021822532211291,44.813036034526,0 6.02212239679939,44.8130079499264,0 6.02286458338904,44.8129576251163,0 6.02316818134992,44.812947185249,0 6.023188585844921,44.8128253565626,0 6.02306956207209,44.812758685551,0 
						</coordinates>
					</LinearRing>
				</outerBoundaryIs>
			</Polygon>
		</Placemark>
		<Placemark id="parcelles-des-personnes-morales_05_groupe_personne_4.16638">
		<styleUrl>#COM</styleUrl>			<visibility>0</visibility>
			<ExtendedData>
				<SchemaData schemaUrl="#parcelles-des-personnes-morales_05_groupe_personne_4.schema">
					<SimpleData name="Numero de Parcelle">051420000D1252</SimpleData>
					<SimpleData name="Departement">05</SimpleData>
					<SimpleData name="Commune">SAINT-FIRMIN</SimpleData>
					<SimpleData name="Adresse">LA BROUE DU RIF</SimpleData>
					<SimpleData name="Groupe de personne">Commune</SimpleData>
					<SimpleData name="Forme Juridique Abregee">COM</SimpleData>
					<SimpleData name="Denomination">COMMUNE DE SAINT FIRMIN</SimpleData>
				</SchemaData>
			</ExtendedData>
	<Region>
		<LatLonAltBox>
			<north> 44.7809959803809 </north>
			<south> 44.780753283434 </south>
			<east> 6.04571273541795 </east>
			<west> 6.04554606334342 </west>
		</LatLonAltBox>
		<Lod>
			<minLodPixels>100</minLodPixels>
			<maxLodPixels>-1</maxLodPixels>
		</Lod>
	</Region>
			<Polygon><altitudeMode>relativeToGround</altitudeMode>
				<outerBoundaryIs>
					<LinearRing>
						<coordinates>							6.045558720859851,44.7809959803809,0 6.04571273541795,44.7807822688,0 6.045634498644819,44.7807648677766,0 6.0455544265112,44.780753283434,0 6.04554606334342,44.7807693705873,0 6.04556321361714,44.7807987217788,0 6.04558990181447,44.7808336672205,0 6.04558806085037,44.7808627294763,0 6.04556241397308,44.7809730840053,0 6.045558720859851,44.7809959803809,0 
						</coordinates>
					</LinearRing>
				</outerBoundaryIs>
			</Polygon>
		</Placemark>
		<Placemark id="parcelles-des-personnes-morales_05_groupe_personne_4.16926">
		<styleUrl>#COM</styleUrl>			<visibility>0</visibility>
			<ExtendedData>
				<SchemaData schemaUrl="#parcelles-des-personnes-morales_05_groupe_personne_4.schema">
					<SimpleData name="Numero de Parcelle">05142000AE0126</SimpleData>
					<SimpleData name="Departement">05</SimpleData>
					<SimpleData name="Commune">SAINT-FIRMIN</SimpleData>
					<SimpleData name="Adresse">LE BOURG</SimpleData>
					<SimpleData name="Groupe de personne">Commune</SimpleData>
					<SimpleData name="Forme Juridique Abregee">COM</SimpleData>
					<SimpleData name="Denomination">COMMUNE DE SAINT FIRMIN</SimpleData>
				</SchemaData>
			</ExtendedData>
	<Region>
		<LatLonAltBox>
			<north> 44.7808851996831 </north>
			<south> 44.7807427787048 </south>
			<east> 6.027946056350141 </east>
			<west> 6.0277557029992 </west>
		</LatLonAltBox>
		<Lod>
			<minLodPixels>100</minLodPixels>
			<maxLodPixels>-1</maxLodPixels>
		</Lod>
	</Region>
			<Polygon><altitudeMode>relativeToGround</altitudeMode>
				<outerBoundaryIs>
					<LinearRing>
						<coordinates>							6.02787876406032,44.7808851996831,0 6.027946056350141,44.780816959085,0 6.02787943515688,44.7807731901015,0 6.02783174998266,44.7807427787048,0 6.02779657251668,44.7807660840605,0 6.0277557029992,44.7808105376533,0 6.02787876406032,44.7808851996831,0 
						</coordinates>
					</LinearRing>
				</outerBoundaryIs>
			</Polygon>
		</Placemark>
		<Placemark id="parcelles-des-personnes-morales_05_groupe_personne_4.17774">
		<styleUrl>#COM</styleUrl>			<visibility>0</visibility>
			<ExtendedData>
				<SchemaData schemaUrl="#parcelles-des-personnes-morales_05_groupe_personne_4.schema">
					<SimpleData name="Numero de Parcelle">051420000D0128</SimpleData>
					<SimpleData name="Departement">05</SimpleData>
					<SimpleData name="Commune">SAINT-FIRMIN</SimpleData>
					<SimpleData name="Adresse">L ESPARCELET</SimpleData>
					<SimpleData name="Groupe de personne">Commune</SimpleData>
					<SimpleData name="Forme Juridique Abregee">COM</SimpleData>
					<SimpleData name="Denomination">COMMUNE DE SAINT FIRMIN</SimpleData>
				</SchemaData>
			</ExtendedData>
	<Region>
		<LatLonAltBox>
			<north> 44.7979310773647 </north>
			<south> 44.7978735496928 </south>
			<east> 6.0383537131187 </east>
			<west> 6.03825047047634 </west>
		</LatLonAltBox>
		<Lod>
			<minLodPixels>100</minLodPixels>
			<maxLodPixels>-1</maxLodPixels>
		</Lod>
	</Region>
			<Polygon><altitudeMode>relativeToGround</altitudeMode>
				<outerBoundaryIs>
					<LinearRing>
						<coordinates>							6.03825047047634,44.7978921643188,0 6.03826725328593,44.7979310773647,0 6.03830653957263,44.7979227926555,0 6.0383537131187,44.7979105977002,0 6.03833905918071,44.7978782936041,0 6.038337916889011,44.7978735496928,0 6.03825047047634,44.7978921643188,0 
						</coordinates>
					</LinearRing>
				</outerBoundaryIs>
			</Polygon>
		</Placemark>
		<Placemark id="parcelles-des-personnes-morales_05_groupe_personne_4.17909">
		<styleUrl>#COM</styleUrl>			<visibility>0</visibility>
			<ExtendedData>
				<SchemaData schemaUrl="#parcelles-des-personnes-morales_05_groupe_personne_4.schema">
					<SimpleData name="Numero de Parcelle">051420000D1284</SimpleData>
					<SimpleData name="Departement">05</SimpleData>
					<SimpleData name="Commune">SAINT-FIRMIN</SimpleData>
					<SimpleData name="Adresse">LA LAUZIERE</SimpleData>
					<SimpleData name="Groupe de personne">Commune</SimpleData>
					<SimpleData name="Forme Juridique Abregee">COM</SimpleData>
					<SimpleData name="Denomination">COMMUNE DE SAINT FIRMIN</SimpleData>
				</SchemaData>
			</ExtendedData>
	<Region>
		<LatLonAltBox>
			<north> 44.8042262047716 </north>
			<south> 44.8039229023935 </south>
			<east> 6.039061737609431 </east>
			<west> 6.03740156736311 </west>
		</LatLonAltBox>
		<Lod>
			<minLodPixels>100</minLodPixels>
			<maxLodPixels>-1</maxLodPixels>
		</Lod>
	</Region>
			<Polygon><altitudeMode>relativeToGround</altitudeMode>
				<outerBoundaryIs>
					<LinearRing>
						<coordinates>							6.03787518096468,44.804027893495,0 6.038345441911521,44.8041070867663,0 6.039061737609431,44.8042262047716,0 6.03898416673226,44.8040742623986,0 6.0389282639891,44.8040889492683,0 6.03879895409098,44.8040801503858,0 6.038658655549389,44.8040811129211,0 6.03852490284736,44.8040627048367,0 6.038317742686649,44.8040067551692,0 6.037402640985249,44.8039229023935,0 6.03740156736311,44.8039381584845,0 6.03787518096468,44.804027893495,0 
						</coordinates>
					</LinearRing>
				</outerBoundaryIs>
			</Polygon>
		</Placemark>
		<Placemark id="parcelles-des-personnes-morales_05_groupe_personne_4.17963">
		<styleUrl>#COM</styleUrl>			<visibility>0</visibility>
			<ExtendedData>
				<SchemaData schemaUrl="#parcelles-des-personnes-morales_05_groupe_personne_4.schema">
					<SimpleData name="Numero de Parcelle">051420000D1286</SimpleData>
					<SimpleData name="Departement">05</SimpleData>
					<SimpleData name="Commune">SAINT-FIRMIN</SimpleData>
					<SimpleData name="Adresse">SERRE DE LA FONT</SimpleData>
					<SimpleData name="Groupe de personne">Commune</SimpleData>
					<SimpleData name="Forme Juridique Abregee">COM</SimpleData>
					<SimpleData name="Denomination">COMMUNE DE SAINT FIRMIN</SimpleData>
				</SchemaData>
			</ExtendedData>
	<Region>
		<LatLonAltBox>
			<north> 44.7861020529454 </north>
			<south> 44.7855594753989 </south>
			<east> 6.049027853729161 </east>
			<west> 6.04879095754844 </west>
		</LatLonAltBox>
		<Lod>
			<minLodPixels>100</minLodPixels>
			<maxLodPixels>-1</maxLodPixels>
		</Lod>
	</Region>
			<Polygon><altitudeMode>relativeToGround</altitudeMode>
				<outerBoundaryIs>
					<LinearRing>
						<coordinates>							6.04879095754844,44.785582222742,0 6.04881179452686,44.7856141751015,0 6.04886953922409,44.7856898010007,0 6.04889421919156,44.7858019254914,0 6.04892640947348,44.785989526208,0 6.048972492738311,44.7861020529454,0 6.04901102174827,44.7860566644045,0 6.049027853729161,44.7860007906584,0 6.04901378429833,44.7859466680715,0 6.04899782085602,44.7857340240152,0 6.0489922740741,44.7855594753989,0 6.04879095754844,44.785582222742,0 
						</coordinates>
					</LinearRing>
				</outerBoundaryIs>
			</Polygon>
		</Placemark>
		<Placemark id="parcelles-des-personnes-morales_05_groupe_personne_4.18051">
		<styleUrl>#COM</styleUrl>			<visibility>0</visibility>
			<ExtendedData>
				<SchemaData schemaUrl="#parcelles-des-personnes-morales_05_groupe_personne_4.schema">
					<SimpleData name="Numero de Parcelle">051420000A0129</SimpleData>
					<SimpleData name="Departement">05</SimpleData>
					<SimpleData name="Commune">SAINT-FIRMIN</SimpleData>
					<SimpleData name="Adresse">LES RECULAS</SimpleData>
					<SimpleData name="Groupe de personne">Commune</SimpleData>
					<SimpleData name="Forme Juridique Abregee">COM</SimpleData>
					<SimpleData name="Denomination">COMMUNE DE SAINT FIRMIN</SimpleData>
				</SchemaData>
			</ExtendedData>
	<Region>
		<LatLonAltBox>
			<north> 44.7941403216491 </north>
			<south> 44.7940386730762 </south>
			<east> 6.002392849345691 </east>
			<west> 6.002249406869949 </west>
		</LatLonAltBox>
		<Lod>
			<minLodPixels>100</minLodPixels>
			<maxLodPixels>-1</maxLodPixels>
		</Lod>
	</Region>
			<Polygon><altitudeMode>relativeToGround</altitudeMode>
				<outerBoundaryIs>
					<LinearRing>
						<coordinates>							6.002392849345691,44.7940985562491,0 6.002331825350001,44.7940386730762,0 6.0023088278427,44.7940510986904,0 6.002249406869949,44.7940828005341,0 6.00231448016945,44.7941403216491,0 6.0023714462933,44.7941100377182,0 6.002392849345691,44.7940985562491,0 
						</coordinates>
					</LinearRing>
				</outerBoundaryIs>
			</Polygon>
		</Placemark>
		<Placemark id="parcelles-des-personnes-morales_05_groupe_personne_4.18133">
		<styleUrl>#COM</styleUrl>			<visibility>0</visibility>
			<ExtendedData>
				<SchemaData schemaUrl="#parcelles-des-personnes-morales_05_groupe_personne_4.schema">
					<SimpleData name="Numero de Parcelle">051420000C0129</SimpleData>
					<SimpleData name="Departement">05</SimpleData>
					<SimpleData name="Commune">SAINT-FIRMIN</SimpleData>
					<SimpleData name="Adresse">LES NALES</SimpleData>
					<SimpleData name="Groupe de personne">Commune</SimpleData>
					<SimpleData name="Forme Juridique Abregee">COM</SimpleData>
					<SimpleData name="Denomination">COMMUNE DE SAINT FIRMIN</SimpleData>
				</SchemaData>
			</ExtendedData>
	<Region>
		<LatLonAltBox>
			<north> 44.8130464181426 </north>
			<south> 44.8129081943531 </south>
			<east> 6.02476912924081 </east>
			<west> 6.02423393883088 </west>
		</LatLonAltBox>
		<Lod>
			<minLodPixels>100</minLodPixels>
			<maxLodPixels>-1</maxLodPixels>
		</Lod>
	</Region>
			<Polygon><altitudeMode>relativeToGround</altitudeMode>
				<outerBoundaryIs>
					<LinearRing>
						<coordinates>							6.024567109602849,44.8129287646655,0 6.024545527255819,44.8129487245532,0 6.02440272862342,44.812917751725,0 6.02429728344288,44.8129081943531,0 6.02423393883088,44.8130270500149,0 6.02476912924081,44.8130464181426,0 6.024567109602849,44.8129287646655,0 
						</coordinates>
					</LinearRing>
				</outerBoundaryIs>
			</Polygon>
		</Placemark>
		<Placemark id="parcelles-des-personnes-morales_05_groupe_personne_4.19727">
		<styleUrl>#COM</styleUrl>			<visibility>0</visibility>
			<ExtendedData>
				<SchemaData schemaUrl="#parcelles-des-personnes-morales_05_groupe_personne_4.schema">
					<SimpleData name="Numero de Parcelle">051420000D1328</SimpleData>
					<SimpleData name="Departement">05</SimpleData>
					<SimpleData name="Commune">SAINT-FIRMIN</SimpleData>
					<SimpleData name="Adresse">LE PONTEI</SimpleData>
					<SimpleData name="Groupe de personne">Commune</SimpleData>
					<SimpleData name="Forme Juridique Abregee">COM</SimpleData>
					<SimpleData name="Denomination">COMMUNE DE SAINT FIRMIN</SimpleData>
				</SchemaData>
			</ExtendedData>
	<Region>
		<LatLonAltBox>
			<north> 44.7854143215396 </north>
			<south> 44.7852396807592 </south>
			<east> 6.03741265947385 </east>
			<west> 6.03662309751885 </west>
		</LatLonAltBox>
		<Lod>
			<minLodPixels>100</minLodPixels>
			<maxLodPixels>-1</maxLodPixels>
		</Lod>
	</Region>
			<Polygon><altitudeMode>relativeToGround</altitudeMode>
				<outerBoundaryIs>
					<LinearRing>
						<coordinates>							6.03662309751885,44.7852929989121,0 6.03670127967214,44.7853186969365,0 6.03698043437626,44.7853901534535,0 6.03720027195918,44.785379984306,0 6.037308399104161,44.7854143215396,0 6.03740577220654,44.7853948044575,0 6.03741247974683,44.7853246143948,0 6.03741265947385,44.7853232579973,0 6.03712608699183,44.785311200293,0 6.03690756559268,44.7852895286115,0 6.036716831084711,44.7852552922551,0 6.036632235712519,44.7852396807592,0 6.03662309751885,44.7852929989121,0 
						</coordinates>
					</LinearRing>
				</outerBoundaryIs>
			</Polygon>
		</Placemark>
		<Placemark id="parcelles-des-personnes-morales_05_groupe_personne_4.19839">
		<styleUrl>#COM</styleUrl>			<visibility>0</visibility>
			<ExtendedData>
				<SchemaData schemaUrl="#parcelles-des-personnes-morales_05_groupe_personne_4.schema">
					<SimpleData name="Numero de Parcelle">05142000AD0133</SimpleData>
					<SimpleData name="Departement">05</SimpleData>
					<SimpleData name="Commune">SAINT-FIRMIN</SimpleData>
					<SimpleData name="Adresse">SOUS LA ROCHE</SimpleData>
					<SimpleData name="Groupe de personne">Commune</SimpleData>
					<SimpleData name="Forme Juridique Abregee">COM</SimpleData>
					<SimpleData name="Denomination">COMMUNE DE SAINT FIRMIN</SimpleData>
				</SchemaData>
			</ExtendedData>
	<Region>
		<LatLonAltBox>
			<north> 44.7769489783562 </north>
			<south> 44.7758440788818 </south>
			<east> 6.01870989489336 </east>
			<west> 6.01783210576403 </west>
		</LatLonAltBox>
		<Lod>
			<minLodPixels>100</minLodPixels>
			<maxLodPixels>-1</maxLodPixels>
		</Lod>
	</Region>
			<Polygon><altitudeMode>relativeToGround</altitudeMode>
				<outerBoundaryIs>
					<LinearRing>
						<coordinates>							6.01794640839264,44.7766019184467,0 6.01793631090183,44.7766258889684,0 6.01788940981031,44.7766641061209,0 6.01783210576403,44.7768784758787,0 6.018058645959159,44.7769489783562,0 6.01811394370691,44.7768574652987,0 6.018095456806761,44.7767393111009,0 6.01821355978348,44.7765477014055,0 6.01825649011212,44.7763719240752,0 6.01834155795638,44.7761799527197,0 6.01864461048097,44.7762761195809,0 6.01870989489336,44.7762646105647,0 6.01840081035316,44.7758440788818,0 6.01829106733299,44.7759015769661,0 6.0182748295898,44.7759101280025,0 6.018222906626009,44.7760102886233,0 6.01811040555482,44.7762190443595,0 6.01803933777733,44.7763631530911,0 6.01799108746224,44.7764916842078,0 6.01794640839264,44.7766019184467,0 
						</coordinates>
					</LinearRing>
				</outerBoundaryIs>
			</Polygon>
		</Placemark>
		<Placemark id="parcelles-des-personnes-morales_05_groupe_personne_4.20585">
		<styleUrl>#COM</styleUrl>			<visibility>0</visibility>
			<ExtendedData>
				<SchemaData schemaUrl="#parcelles-des-personnes-morales_05_groupe_personne_4.schema">
					<SimpleData name="Numero de Parcelle">051420000C0135</SimpleData>
					<SimpleData name="Departement">05</SimpleData>
					<SimpleData name="Commune">SAINT-FIRMIN</SimpleData>
					<SimpleData name="Adresse">LES HERMES</SimpleData>
					<SimpleData name="Groupe de personne">Commune</SimpleData>
					<SimpleData name="Forme Juridique Abregee">COM</SimpleData>
					<SimpleData name="Denomination">COMMUNE DE SAINT FIRMIN</SimpleData>
				</SchemaData>
			</ExtendedData>
	<Region>
		<LatLonAltBox>
			<north> 44.812525782724 </north>
			<south> 44.8122547065292 </south>
			<east> 6.02566243120474 </east>
			<west> 6.025053961732151 </west>
		</LatLonAltBox>
		<Lod>
			<minLodPixels>100</minLodPixels>
			<maxLodPixels>-1</maxLodPixels>
		</Lod>
	</Region>
			<Polygon><altitudeMode>relativeToGround</altitudeMode>
				<outerBoundaryIs>
					<LinearRing>
						<coordinates>							6.02563492147507,44.8122547065292,0 6.025053961732151,44.8122619992783,0 6.02518538929554,44.8124767218008,0 6.02566243120474,44.812525782724,0 6.02563492147507,44.8122547065292,0 
						</coordinates>
					</LinearRing>
				</outerBoundaryIs>
			</Polygon>
		</Placemark>
		<Placemark id="parcelles-des-personnes-morales_05_groupe_personne_4.20816">
		<styleUrl>#COM</styleUrl>			<visibility>0</visibility>
			<ExtendedData>
				<SchemaData schemaUrl="#parcelles-des-personnes-morales_05_groupe_personne_4.schema">
					<SimpleData name="Numero de Parcelle">051420000C1357</SimpleData>
					<SimpleData name="Departement">05</SimpleData>
					<SimpleData name="Commune">SAINT-FIRMIN</SimpleData>
					<SimpleData name="Adresse">SERRE DE L UBAC</SimpleData>
					<SimpleData name="Groupe de personne">Commune</SimpleData>
					<SimpleData name="Forme Juridique Abregee">COM</SimpleData>
					<SimpleData name="Denomination">COMMUNE DE SAINT FIRMIN</SimpleData>
				</SchemaData>
			</ExtendedData>
	<Region>
		<LatLonAltBox>
			<north> 44.7887845175917 </north>
			<south> 44.7884215765715 </south>
			<east> 6.023474786315839 </east>
			<west> 6.022575311492561 </west>
		</LatLonAltBox>
		<Lod>
			<minLodPixels>100</minLodPixels>
			<maxLodPixels>-1</maxLodPixels>
		</Lod>
	</Region>
			<Polygon><altitudeMode>relativeToGround</altitudeMode>
				<outerBoundaryIs>
					<LinearRing>
						<coordinates>							6.022575311492561,44.7884215765715,0 6.02267911924399,44.7884838859657,0 6.02298480463781,44.7886088027943,0 6.023144739997099,44.7886913844428,0 6.023287783584651,44.7887845175917,0 6.02341543702108,44.7887067948891,0 6.023474786315839,44.7886552617679,0 6.023363446742231,44.7886340628498,0 6.02328926778397,44.7885957226664,0 6.02318710107167,44.788491023193,0 6.02314617362261,44.788447541302,0 6.022575311492561,44.7884215765715,0 
						</coordinates>
					</LinearRing>
				</outerBoundaryIs>
			</Polygon>
		</Placemark>
		<Placemark id="parcelles-des-personnes-morales_05_groupe_personne_4.21134">
		<styleUrl>#COM</styleUrl>			<visibility>0</visibility>
			<ExtendedData>
				<SchemaData schemaUrl="#parcelles-des-personnes-morales_05_groupe_personne_4.schema">
					<SimpleData name="Numero de Parcelle">051420000D1364</SimpleData>
					<SimpleData name="Departement">05</SimpleData>
					<SimpleData name="Commune">SAINT-FIRMIN</SimpleData>
					<SimpleData name="Adresse">LA BROUE DU RIF</SimpleData>
					<SimpleData name="Groupe de personne">Commune</SimpleData>
					<SimpleData name="Forme Juridique Abregee">COM</SimpleData>
					<SimpleData name="Denomination">COMMUNE DE SAINT FIRMIN</SimpleData>
				</SchemaData>
			</ExtendedData>
	<Region>
		<LatLonAltBox>
			<north> 44.7805603712667 </north>
			<south> 44.7803475809938 </south>
			<east> 6.04542741478281 </east>
			<west> 6.045275391140619 </west>
		</LatLonAltBox>
		<Lod>
			<minLodPixels>100</minLodPixels>
			<maxLodPixels>-1</maxLodPixels>
		</Lod>
	</Region>
			<Polygon><altitudeMode>relativeToGround</altitudeMode>
				<outerBoundaryIs>
					<LinearRing>
						<coordinates>							6.04542741478281,44.7805571162535,0 6.04540916784012,44.7804514819255,0 6.04540275681032,44.7803518292019,0 6.045275391140619,44.7803475809938,0 6.04532208723646,44.7805603712667,0 6.04542741478281,44.7805571162535,0 
						</coordinates>
					</LinearRing>
				</outerBoundaryIs>
			</Polygon>
		</Placemark>
		<Placemark id="parcelles-des-personnes-morales_05_groupe_personne_4.21952">
		<styleUrl>#COM</styleUrl>			<visibility>0</visibility>
			<ExtendedData>
				<SchemaData schemaUrl="#parcelles-des-personnes-morales_05_groupe_personne_4.schema">
					<SimpleData name="Numero de Parcelle">051420000D1386</SimpleData>
					<SimpleData name="Departement">05</SimpleData>
					<SimpleData name="Commune">SAINT-FIRMIN</SimpleData>
					<SimpleData name="Adresse">LA ROUTE</SimpleData>
					<SimpleData name="Groupe de personne">Commune</SimpleData>
					<SimpleData name="Forme Juridique Abregee">COM</SimpleData>
					<SimpleData name="Denomination">COMMUNE DE SAINT FIRMIN</SimpleData>
				</SchemaData>
			</ExtendedData>
	<Region>
		<LatLonAltBox>
			<north> 44.7829870886441 </north>
			<south> 44.7823717020279 </south>
			<east> 6.051982256708 </east>
			<west> 6.05126393666857 </west>
		</LatLonAltBox>
		<Lod>
			<minLodPixels>100</minLodPixels>
			<maxLodPixels>-1</maxLodPixels>
		</Lod>
	</Region>
			<Polygon><altitudeMode>relativeToGround</altitudeMode>
				<outerBoundaryIs>
					<LinearRing>
						<coordinates>							6.05126393666857,44.7829299519357,0 6.05133310557016,44.7829410216117,0 6.05168224189523,44.7829870886441,0 6.05169486147826,44.7829096166787,0 6.05174815069507,44.7828122842175,0 6.051866249208151,44.7826550532888,0 6.051982256708,44.7825268915793,0 6.05183504680063,44.7824834637762,0 6.05164048425795,44.7824323299173,0 6.05141441223762,44.7823717020279,0 6.051403043420899,44.7824232811936,0 6.051396013801459,44.7824942021797,0 6.051387823933429,44.7825856976021,0 6.05137412559121,44.782629322133,0 6.051340506183889,44.7826858387021,0 6.05133369622344,44.7827608080778,0 6.05132121319896,44.7828244911342,0 6.05126393666857,44.7829299519357,0 
						</coordinates>
					</LinearRing>
				</outerBoundaryIs>
			</Polygon>
		</Placemark>
		<Placemark id="parcelles-des-personnes-morales_05_groupe_personne_4.22682">
		<styleUrl>#COM</styleUrl>			<visibility>0</visibility>
			<ExtendedData>
				<SchemaData schemaUrl="#parcelles-des-personnes-morales_05_groupe_personne_4.schema">
					<SimpleData name="Numero de Parcelle">051420000C0140</SimpleData>
					<SimpleData name="Departement">05</SimpleData>
					<SimpleData name="Commune">SAINT-FIRMIN</SimpleData>
					<SimpleData name="Adresse">LES HERMES</SimpleData>
					<SimpleData name="Groupe de personne">Commune</SimpleData>
					<SimpleData name="Forme Juridique Abregee">COM</SimpleData>
					<SimpleData name="Denomination">COMMUNE DE SAINT FIRMIN</SimpleData>
				</SchemaData>
			</ExtendedData>
	<Region>
		<LatLonAltBox>
			<north> 44.8137152724066 </north>
			<south> 44.8130180921842 </south>
			<east> 6.027229975451679 </east>
			<west> 6.02572979172558 </west>
		</LatLonAltBox>
		<Lod>
			<minLodPixels>100</minLodPixels>
			<maxLodPixels>-1</maxLodPixels>
		</Lod>
	</Region>
			<Polygon><altitudeMode>relativeToGround</altitudeMode>
				<outerBoundaryIs>
					<LinearRing>
						<coordinates>							6.02572979172558,44.813666032265,0 6.025911865051309,44.8136764703786,0 6.02621559136427,44.8136448456154,0 6.02640933895645,44.8136393772466,0 6.026809192101701,44.813653419814,0 6.02691886297101,44.8136661931355,0 6.027229975451679,44.8137152724066,0 6.027176052980401,44.8135672711709,0 6.02701178797125,44.8132883059245,0 6.026895475552731,44.8130982200068,0 6.02618166351909,44.8130995947343,0 6.02592411353021,44.8130884239142,0 6.02579818376074,44.8130745616779,0 6.02573463933,44.8130180921842,0 6.02572979172558,44.813666032265,0 
						</coordinates>
					</LinearRing>
				</outerBoundaryIs>
			</Polygon>
		</Placemark>
		<Placemark id="parcelles-des-personnes-morales_05_groupe_personne_4.23019">
		<styleUrl>#COM</styleUrl>			<visibility>0</visibility>
			<ExtendedData>
				<SchemaData schemaUrl="#parcelles-des-personnes-morales_05_groupe_personne_4.schema">
					<SimpleData name="Numero de Parcelle">051420000C0141</SimpleData>
					<SimpleData name="Departement">05</SimpleData>
					<SimpleData name="Commune">SAINT-FIRMIN</SimpleData>
					<SimpleData name="Adresse">LES HERMES</SimpleData>
					<SimpleData name="Groupe de personne">Commune</SimpleData>
					<SimpleData name="Forme Juridique Abregee">COM</SimpleData>
					<SimpleData name="Denomination">COMMUNE DE SAINT FIRMIN</SimpleData>
				</SchemaData>
			</ExtendedData>
	<Region>
		<LatLonAltBox>
			<north> 44.8130995947343 </north>
			<south> 44.8122038167439 </south>
			<east> 6.026895475552731 </east>
			<west> 6.02563492147507 </west>
		</LatLonAltBox>
		<Lod>
			<minLodPixels>100</minLodPixels>
			<maxLodPixels>-1</maxLodPixels>
		</Lod>
	</Region>
			<Polygon><altitudeMode>relativeToGround</altitudeMode>
				<outerBoundaryIs>
					<LinearRing>
						<coordinates>							6.02603294174181,44.8122396097421,0 6.026028135538481,44.8124041705375,0 6.02599047750734,44.8124006032802,0 6.025828920330911,44.8123432949353,0 6.02563492147507,44.8122547065292,0 6.02566243120474,44.812525782724,0 6.02571386523203,44.8125313167176,0 6.02571221470166,44.8126299294283,0 6.02567122600478,44.8126303271818,0 6.02565890261396,44.8128550986367,0 6.02569600521119,44.8128953512315,0 6.02569144447365,44.8129845830339,0 6.02573463933,44.8130180921842,0 6.02579818376074,44.8130745616779,0 6.02592411353021,44.8130884239142,0 6.02618166351909,44.8130995947343,0 6.026895475552731,44.8130982200068,0 6.02673997274948,44.8127586492961,0 6.02652256860204,44.8122826472534,0 6.0265256631247,44.8122038167439,0 6.02620582373948,44.8122463337646,0 6.02603294174181,44.8122396097421,0 
						</coordinates>
					</LinearRing>
				</outerBoundaryIs>
			</Polygon>
		</Placemark>
		<Placemark id="parcelles-des-personnes-morales_05_groupe_personne_4.24133">
		<styleUrl>#COM</styleUrl>			<visibility>0</visibility>
			<ExtendedData>
				<SchemaData schemaUrl="#parcelles-des-personnes-morales_05_groupe_personne_4.schema">
					<SimpleData name="Numero de Parcelle">051420000A0145</SimpleData>
					<SimpleData name="Departement">05</SimpleData>
					<SimpleData name="Commune">SAINT-FIRMIN</SimpleData>
					<SimpleData name="Adresse">LES RECULAS</SimpleData>
					<SimpleData name="Groupe de personne">Commune</SimpleData>
					<SimpleData name="Forme Juridique Abregee">COM</SimpleData>
					<SimpleData name="Denomination">COMMUNE DE SAINT FIRMIN</SimpleData>
				</SchemaData>
			</ExtendedData>
	<Region>
		<LatLonAltBox>
			<north> 44.7936135086654 </north>
			<south> 44.7935491481598 </south>
			<east> 6.001902210552 </east>
			<west> 6.00181102945107 </west>
		</LatLonAltBox>
		<Lod>
			<minLodPixels>100</minLodPixels>
			<maxLodPixels>-1</maxLodPixels>
		</Lod>
	</Region>
			<Polygon><altitudeMode>relativeToGround</altitudeMode>
				<outerBoundaryIs>
					<LinearRing>
						<coordinates>							6.00181102945107,44.7935626519759,0 6.00182943566114,44.7936135086654,0 6.001902210552,44.7935973024155,0 6.00188382210237,44.7935491481598,0 6.00181102945107,44.7935626519759,0 
						</coordinates>
					</LinearRing>
				</outerBoundaryIs>
			</Polygon>
		</Placemark>
		<Placemark id="parcelles-des-personnes-morales_05_groupe_personne_4.24263">
		<styleUrl>#COM</styleUrl>			<visibility>0</visibility>
			<ExtendedData>
				<SchemaData schemaUrl="#parcelles-des-personnes-morales_05_groupe_personne_4.schema">
					<SimpleData name="Numero de Parcelle">051420000D1451</SimpleData>
					<SimpleData name="Departement">05</SimpleData>
					<SimpleData name="Commune">SAINT-FIRMIN</SimpleData>
					<SimpleData name="Adresse">LES BLACHES</SimpleData>
					<SimpleData name="Groupe de personne">Commune</SimpleData>
					<SimpleData name="Forme Juridique Abregee">COM</SimpleData>
					<SimpleData name="Denomination">COMMUNE DE SAINT FIRMIN</SimpleData>
				</SchemaData>
			</ExtendedData>
	<Region>
		<LatLonAltBox>
			<north> 44.7880128795923 </north>
			<south> 44.7863345203701 </south>
			<east> 6.06264649450494 </east>
			<west> 6.05944285255574 </west>
		</LatLonAltBox>
		<Lod>
			<minLodPixels>100</minLodPixels>
			<maxLodPixels>-1</maxLodPixels>
		</Lod>
	</Region>
			<Polygon><altitudeMode>relativeToGround</altitudeMode>
				<outerBoundaryIs>
					<LinearRing>
						<coordinates>							6.05944285255574,44.7879053286316,0 6.060660126114801,44.7879520868248,0 6.062568973235239,44.7880128795923,0 6.06264649450494,44.7866864582268,0 6.062091843505479,44.7867376441904,0 6.062053623757119,44.7867374388105,0 6.06169284328511,44.7867337114216,0 6.061130336819769,44.7867266351845,0 6.06067005667432,44.7867218685847,0 6.06046042309132,44.7866476498433,0 6.05983055506981,44.7864164586339,0 6.05959697136532,44.7863345203701,0 6.05952661155284,44.7871895212742,0 6.05944285255574,44.7879053286316,0 
						</coordinates>
					</LinearRing>
				</outerBoundaryIs>
			</Polygon>
		</Placemark>
		<Placemark id="parcelles-des-personnes-morales_05_groupe_personne_4.24285">
		<styleUrl>#COM</styleUrl>			<visibility>0</visibility>
			<ExtendedData>
				<SchemaData schemaUrl="#parcelles-des-personnes-morales_05_groupe_personne_4.schema">
					<SimpleData name="Numero de Parcelle">051420000D1452</SimpleData>
					<SimpleData name="Departement">05</SimpleData>
					<SimpleData name="Commune">SAINT-FIRMIN</SimpleData>
					<SimpleData name="Adresse">LES BLACHES</SimpleData>
					<SimpleData name="Groupe de personne">Commune</SimpleData>
					<SimpleData name="Forme Juridique Abregee">COM</SimpleData>
					<SimpleData name="Denomination">COMMUNE DE SAINT FIRMIN</SimpleData>
				</SchemaData>
			</ExtendedData>
	<Region>
		<LatLonAltBox>
			<north> 44.7879053286316 </north>
			<south> 44.7857199897163 </south>
			<east> 6.05959697136532 </east>
			<west> 6.05597628761319 </west>
		</LatLonAltBox>
		<Lod>
			<minLodPixels>100</minLodPixels>
			<maxLodPixels>-1</maxLodPixels>
		</Lod>
	</Region>
			<Polygon><altitudeMode>relativeToGround</altitudeMode>
				<outerBoundaryIs>
					<LinearRing>
						<coordinates>							6.05955241050389,44.7858552520947,0 6.05937831401766,44.7858504177418,0 6.05910237006606,44.785850196495,0 6.05883291376066,44.7858645717413,0 6.058481019095189,44.7858682472238,0 6.05829530062145,44.7858637319138,0 6.05816103735126,44.7858492369898,0 6.0579899075508,44.7858268393847,0 6.057623250214849,44.7857637957445,0 6.057378968856929,44.7857199897163,0 6.05731831268069,44.7857213026883,0 6.05723960615637,44.7857350066454,0 6.05711408196156,44.7857648683821,0 6.05693713744478,44.7858076810323,0 6.0568575464211,44.7858214091107,0 6.05666582718646,44.7858414734186,0 6.05651641080691,44.7858554152368,0 6.05634519539071,44.785875634275,0 6.0563202244466,44.785884071446,0 6.05627818414514,44.7859043318188,0 6.05623638265413,44.7859266578649,0 6.05618785935296,44.7859300682868,0 6.05612670885691,44.7859222942388,0 6.05613872502437,44.7859897172782,0 6.05611951800557,44.7860552983807,0 6.056089195749691,44.7861654245794,0 6.056091972772099,44.7862258043943,0 6.056118937842469,44.7863284943951,0 6.05616403579778,44.7864435685028,0 6.05620696362198,44.786562937099,0 6.056189099802221,44.7865950544655,0 6.05609899181732,44.7866852957141,0 6.05601338331397,44.7867768543938,0 6.05598531307046,44.7868283541485,0 6.05597628761319,44.7868880683406,0 6.055978971609859,44.7869467388556,0 6.05600506121613,44.7870333253382,0 6.056016385490651,44.7871485199541,0 6.05602378186332,44.7872449922003,0 6.05603640149063,44.7872746471726,0 6.05607212849506,44.7873267302893,0 6.05610681420979,44.7873480282586,0 6.056171228633211,44.7873878776958,0 6.05624013175244,44.7874381448965,0 6.05633622511362,44.7875137909258,0 6.05637421780905,44.7875423857378,0 6.05642086515466,44.7875602903717,0 6.05650214123619,44.7875891330281,0 6.056577744065289,44.7876229974421,0 6.05665653548845,44.7876596570328,0 6.05673810363885,44.7876892122612,0 6.05678690285194,44.7877048049217,0 6.05685881305597,44.787738230409,0 6.05689977449912,44.7877655718822,0 6.05694264697914,44.7878094388519,0 6.05944285255574,44.7879053286316,0 6.05952661155284,44.7871895212742,0 6.05959697136532,44.7863345203701,0 6.05958973402484,44.7861922734911,0 6.05955241050389,44.7858552520947,0 
						</coordinates>
					</LinearRing>
				</outerBoundaryIs>
			</Polygon>
		</Placemark>
		<Placemark id="parcelles-des-personnes-morales_05_groupe_personne_4.24302">
		<styleUrl>#COM</styleUrl>			<visibility>0</visibility>
			<ExtendedData>
				<SchemaData schemaUrl="#parcelles-des-personnes-morales_05_groupe_personne_4.schema">
					<SimpleData name="Numero de Parcelle">051420000D1453</SimpleData>
					<SimpleData name="Departement">05</SimpleData>
					<SimpleData name="Commune">SAINT-FIRMIN</SimpleData>
					<SimpleData name="Adresse">LES BLACHES</SimpleData>
					<SimpleData name="Groupe de personne">Commune</SimpleData>
					<SimpleData name="Forme Juridique Abregee">COM</SimpleData>
					<SimpleData name="Denomination">COMMUNE DE SAINT FIRMIN</SimpleData>
				</SchemaData>
			</ExtendedData>
	<Region>
		<LatLonAltBox>
			<north> 44.7861922734911 </north>
			<south> 44.7858552520947 </south>
			<east> 6.06018549452245 </east>
			<west> 6.05955241050389 </west>
		</LatLonAltBox>
		<Lod>
			<minLodPixels>100</minLodPixels>
			<maxLodPixels>-1</maxLodPixels>
		</Lod>
	</Region>
			<Polygon><altitudeMode>relativeToGround</altitudeMode>
				<outerBoundaryIs>
					<LinearRing>
						<coordinates>							6.05958973402484,44.7861922734911,0 6.059732742418049,44.786123363798,0 6.05982563145394,44.7860866516134,0 6.05990041543334,44.786047375872,0 6.06000072506506,44.7860028903216,0 6.06018549452245,44.7860689666994,0 6.06010828052704,44.7858730609348,0 6.06003919649846,44.7858683011693,0 6.05955241050389,44.7858552520947,0 6.05958973402484,44.7861922734911,0 
						</coordinates>
					</LinearRing>
				</outerBoundaryIs>
			</Polygon>
		</Placemark>
		<Placemark id="parcelles-des-personnes-morales_05_groupe_personne_4.24400">
		<styleUrl>#COM</styleUrl>			<visibility>0</visibility>
			<ExtendedData>
				<SchemaData schemaUrl="#parcelles-des-personnes-morales_05_groupe_personne_4.schema">
					<SimpleData name="Numero de Parcelle">051420000D1458</SimpleData>
					<SimpleData name="Departement">05</SimpleData>
					<SimpleData name="Commune">SAINT-FIRMIN</SimpleData>
					<SimpleData name="Adresse">LA FAURIE</SimpleData>
					<SimpleData name="Groupe de personne">Commune</SimpleData>
					<SimpleData name="Forme Juridique Abregee">COM</SimpleData>
					<SimpleData name="Denomination">COMMUNE DE SAINT FIRMIN</SimpleData>
				</SchemaData>
			</ExtendedData>
	<Region>
		<LatLonAltBox>
			<north> 44.7843956380257 </north>
			<south> 44.7842732251911 </south>
			<east> 6.0584025444559 </east>
			<west> 6.05825280424723 </west>
		</LatLonAltBox>
		<Lod>
			<minLodPixels>100</minLodPixels>
			<maxLodPixels>-1</maxLodPixels>
		</Lod>
	</Region>
			<Polygon><altitudeMode>relativeToGround</altitudeMode>
				<outerBoundaryIs>
					<LinearRing>
						<coordinates>							6.05835154730985,44.7843956380257,0 6.0584025444559,44.7843261157829,0 6.05825898445838,44.7842732251911,0 6.05825280424723,44.7843572779003,0 6.05835154730985,44.7843956380257,0 
						</coordinates>
					</LinearRing>
				</outerBoundaryIs>
			</Polygon>
		</Placemark>
		<Placemark id="parcelles-des-personnes-morales_05_groupe_personne_4.24583">
		<styleUrl>#COM</styleUrl>			<visibility>0</visibility>
			<ExtendedData>
				<SchemaData schemaUrl="#parcelles-des-personnes-morales_05_groupe_personne_4.schema">
					<SimpleData name="Numero de Parcelle">051420000D1461</SimpleData>
					<SimpleData name="Departement">05</SimpleData>
					<SimpleData name="Commune">SAINT-FIRMIN</SimpleData>
					<SimpleData name="Adresse">LA FAURIE</SimpleData>
					<SimpleData name="Groupe de personne">Commune</SimpleData>
					<SimpleData name="Forme Juridique Abregee">COM</SimpleData>
					<SimpleData name="Denomination">COMMUNE DE SAINT FIRMIN</SimpleData>
				</SchemaData>
			</ExtendedData>
	<Region>
		<LatLonAltBox>
			<north> 44.78477444759 </north>
			<south> 44.7842828888086 </south>
			<east> 6.05952216984177 </east>
			<west> 6.05805497697032 </west>
		</LatLonAltBox>
		<Lod>
			<minLodPixels>100</minLodPixels>
			<maxLodPixels>-1</maxLodPixels>
		</Lod>
	</Region>
			<Polygon><altitudeMode>relativeToGround</altitudeMode>
				<outerBoundaryIs>
					<LinearRing>
						<coordinates>							6.05835154730985,44.7843956380257,0 6.05825280424723,44.7843572779003,0 6.05815344438857,44.7843192050091,0 6.05805898772589,44.7842828888086,0 6.05805497697032,44.7843254361029,0 6.05824355469415,44.7843965460176,0 6.058625951509099,44.7845443866051,0 6.058895584421149,44.7846310078248,0 6.05903340749903,44.7846714421352,0 6.05918389057018,44.7847073822483,0 6.059314624161301,44.7847337762755,0 6.05941506552305,44.7847521767234,0 6.05952216984177,44.78477444759,0 6.059515270591101,44.7847290479412,0 6.059410951378259,44.784709132857,0 6.05928612860763,44.7846890629026,0 6.059205689640331,44.7846685784939,0 6.059113399799849,44.7846465290835,0 6.05890159810394,44.7845927299463,0 6.05877889594048,44.7845534999085,0 6.05863130734551,44.7845009912602,0 6.05839484463216,44.7844124629203,0 6.05835154730985,44.7843956380257,0 
						</coordinates>
					</LinearRing>
				</outerBoundaryIs>
			</Polygon>
		</Placemark>
		<Placemark id="parcelles-des-personnes-morales_05_groupe_personne_4.24601">
		<styleUrl>#COM</styleUrl>			<visibility>0</visibility>
			<ExtendedData>
				<SchemaData schemaUrl="#parcelles-des-personnes-morales_05_groupe_personne_4.schema">
					<SimpleData name="Numero de Parcelle">051420000D1462</SimpleData>
					<SimpleData name="Departement">05</SimpleData>
					<SimpleData name="Commune">SAINT-FIRMIN</SimpleData>
					<SimpleData name="Adresse">LA GARDETTE</SimpleData>
					<SimpleData name="Groupe de personne">Commune</SimpleData>
					<SimpleData name="Forme Juridique Abregee">COM</SimpleData>
					<SimpleData name="Denomination">COMMUNE DE SAINT FIRMIN</SimpleData>
				</SchemaData>
			</ExtendedData>
	<Region>
		<LatLonAltBox>
			<north> 44.7851043465027 </north>
			<south> 44.7848850904524 </south>
			<east> 6.059538049325551 </east>
			<west> 6.05749525492576 </west>
		</LatLonAltBox>
		<Lod>
			<minLodPixels>100</minLodPixels>
			<maxLodPixels>-1</maxLodPixels>
		</Lod>
	</Region>
			<Polygon><altitudeMode>relativeToGround</altitudeMode>
				<outerBoundaryIs>
					<LinearRing>
						<coordinates>							6.05749525492576,44.7849156213899,0 6.057574527940721,44.7849123530732,0 6.05767949956008,44.7849117093112,0 6.05783388452615,44.7849124049909,0 6.05810755680845,44.784917467201,0 6.05824460993176,44.7849158475112,0 6.05829035294392,44.7849241356613,0 6.0584037174832,44.78495218138,0 6.05853710494898,44.784992468439,0 6.05869889689207,44.7850571991032,0 6.05875087599424,44.7850708109917,0 6.058797131389069,44.7850722372701,0 6.058888397578809,44.7850615191678,0 6.05897485165075,44.7850460684692,0 6.05902699140872,44.7850486837119,0 6.059209984967551,44.7850729145367,0 6.05953354881571,44.7851043465027,0 6.059538049325551,44.785084760855,0 6.059213231147459,44.7850512011538,0 6.059070442178989,44.7850357714455,0 6.05896859517525,44.7850264193763,0 6.05890322952725,44.7850341701634,0 6.05879578302041,44.785054434878,0 6.0587437607682,44.7850539786602,0 6.05867541830177,44.7850302768139,0 6.0585076118425,44.7849666131014,0 6.05824941358254,44.7848878743561,0 6.058116182639069,44.7848853341255,0 6.05779849276705,44.7848850904524,0 6.05766892710188,44.7848871336988,0 6.057501630505269,44.7848932811439,0 6.05749525492576,44.7849156213899,0 
						</coordinates>
					</LinearRing>
				</outerBoundaryIs>
			</Polygon>
		</Placemark>
		<Placemark id="parcelles-des-personnes-morales_05_groupe_personne_4.24622">
		<styleUrl>#COM</styleUrl>			<visibility>0</visibility>
			<ExtendedData>
				<SchemaData schemaUrl="#parcelles-des-personnes-morales_05_groupe_personne_4.schema">
					<SimpleData name="Numero de Parcelle">051420000D1463</SimpleData>
					<SimpleData name="Departement">05</SimpleData>
					<SimpleData name="Commune">SAINT-FIRMIN</SimpleData>
					<SimpleData name="Adresse">LES BLACHES</SimpleData>
					<SimpleData name="Groupe de personne">Commune</SimpleData>
					<SimpleData name="Forme Juridique Abregee">COM</SimpleData>
					<SimpleData name="Denomination">COMMUNE DE SAINT FIRMIN</SimpleData>
				</SchemaData>
			</ExtendedData>
	<Region>
		<LatLonAltBox>
			<north> 44.7859300682868 </north>
			<south> 44.7856881401815 </south>
			<east> 6.05955241050389 </east>
			<west> 6.056114337247189 </west>
		</LatLonAltBox>
		<Lod>
			<minLodPixels>100</minLodPixels>
			<maxLodPixels>-1</maxLodPixels>
		</Lod>
	</Region>
			<Polygon><altitudeMode>relativeToGround</altitudeMode>
				<outerBoundaryIs>
					<LinearRing>
						<coordinates>							6.05955241050389,44.7858552520947,0 6.05954969377037,44.7858309102436,0 6.059387988131461,44.7858282566002,0 6.059096720606101,44.7858300801491,0 6.0586798199172,44.7858434793594,0 6.0583632478335,44.7858452785822,0 6.05827935441935,44.7858403858227,0 6.05812154648312,44.7858279821758,0 6.05787178837393,44.7857835174521,0 6.05762588499237,44.7857424596857,0 6.057318533046731,44.7856881401815,0 6.05715314643077,44.7857271204721,0 6.05686154083656,44.7857971524074,0 6.05666445236889,44.7858161935297,0 6.05639006429916,44.7858445740904,0 6.056318105633369,44.7858567397991,0 6.0562574311626,44.7858879655407,0 6.05620648350754,44.7859049576717,0 6.05616922201094,44.7859060753378,0 6.056114337247189,44.7858925423592,0 6.05612670885691,44.7859222942388,0 6.05618785935296,44.7859300682868,0 6.05623638265413,44.7859266578649,0 6.05627818414514,44.7859043318188,0 6.0563202244466,44.785884071446,0 6.05634519539071,44.785875634275,0 6.05651641080691,44.7858554152368,0 6.05666582718646,44.7858414734186,0 6.0568575464211,44.7858214091107,0 6.05693713744478,44.7858076810323,0 6.05711408196156,44.7857648683821,0 6.05723960615637,44.7857350066454,0 6.05731831268069,44.7857213026883,0 6.057378968856929,44.7857199897163,0 6.057623250214849,44.7857637957445,0 6.0579899075508,44.7858268393847,0 6.05816103735126,44.7858492369898,0 6.05829530062145,44.7858637319138,0 6.058481019095189,44.7858682472238,0 6.05883291376066,44.7858645717413,0 6.05910237006606,44.785850196495,0 6.05937831401766,44.7858504177418,0 6.05955241050389,44.7858552520947,0 
						</coordinates>
					</LinearRing>
				</outerBoundaryIs>
			</Polygon>
		</Placemark>
		<Placemark id="parcelles-des-personnes-morales_05_groupe_personne_4.24682">
		<styleUrl>#COM</styleUrl>			<visibility>0</visibility>
			<ExtendedData>
				<SchemaData schemaUrl="#parcelles-des-personnes-morales_05_groupe_personne_4.schema">
					<SimpleData name="Numero de Parcelle">051420000D1466</SimpleData>
					<SimpleData name="Departement">05</SimpleData>
					<SimpleData name="Commune">SAINT-FIRMIN</SimpleData>
					<SimpleData name="Adresse">MOUSSUC</SimpleData>
					<SimpleData name="Groupe de personne">Commune</SimpleData>
					<SimpleData name="Forme Juridique Abregee">COM</SimpleData>
					<SimpleData name="Denomination">COMMUNE DE SAINT FIRMIN</SimpleData>
				</SchemaData>
			</ExtendedData>
	<Region>
		<LatLonAltBox>
			<north> 44.7858479393685 </north>
			<south> 44.785612838069 </south>
			<east> 6.06167177245604 </east>
			<west> 6.061294448789509 </west>
		</LatLonAltBox>
		<Lod>
			<minLodPixels>100</minLodPixels>
			<maxLodPixels>-1</maxLodPixels>
		</Lod>
	</Region>
			<Polygon><altitudeMode>relativeToGround</altitudeMode>
				<outerBoundaryIs>
					<LinearRing>
						<coordinates>							6.061299765164049,44.7857421266181,0 6.061294448789509,44.785793179503,0 6.06162460268486,44.7858479393685,0 6.06167177245604,44.7856826557198,0 6.061660354119319,44.7856820701798,0 6.061535331240169,44.78567696466,0 6.06149167695562,44.7856698815033,0 6.061476558708469,44.7856640823042,0 6.06138220916147,44.7856483985462,0 6.06139747841935,44.785612838069,0 6.06131549024685,44.7856196979685,0 6.061299765164049,44.7857421266181,0 
						</coordinates>
					</LinearRing>
				</outerBoundaryIs>
			</Polygon>
		</Placemark>
		<Placemark id="parcelles-des-personnes-morales_05_groupe_personne_4.24729">
		<styleUrl>#COM</styleUrl>			<visibility>0</visibility>
			<ExtendedData>
				<SchemaData schemaUrl="#parcelles-des-personnes-morales_05_groupe_personne_4.schema">
					<SimpleData name="Numero de Parcelle">051420000D1468</SimpleData>
					<SimpleData name="Departement">05</SimpleData>
					<SimpleData name="Commune">SAINT-FIRMIN</SimpleData>
					<SimpleData name="Adresse">MOUSSUC</SimpleData>
					<SimpleData name="Groupe de personne">Commune</SimpleData>
					<SimpleData name="Forme Juridique Abregee">COM</SimpleData>
					<SimpleData name="Denomination">COMMUNE DE SAINT FIRMIN</SimpleData>
				</SchemaData>
			</ExtendedData>
	<Region>
		<LatLonAltBox>
			<north> 44.785663671808 </north>
			<south> 44.7854982609245 </south>
			<east> 6.061719048672869 </east>
			<west> 6.06151411999788 </west>
		</LatLonAltBox>
		<Lod>
			<minLodPixels>100</minLodPixels>
			<maxLodPixels>-1</maxLodPixels>
		</Lod>
	</Region>
			<Polygon><altitudeMode>relativeToGround</altitudeMode>
				<outerBoundaryIs>
					<LinearRing>
						<coordinates>							6.06155950337723,44.7854982609245,0 6.061534342124859,44.7855658997064,0 6.06151579169082,44.7856294815915,0 6.06151411999788,44.7856498901854,0 6.06154295494226,44.7856566619348,0 6.06167731717843,44.785663671808,0 6.061719048672869,44.7855170087152,0 6.06155950337723,44.7854982609245,0 
						</coordinates>
					</LinearRing>
				</outerBoundaryIs>
			</Polygon>
		</Placemark>
		<Placemark id="parcelles-des-personnes-morales_05_groupe_personne_4.24752">
		<styleUrl>#COM</styleUrl>			<visibility>0</visibility>
			<ExtendedData>
				<SchemaData schemaUrl="#parcelles-des-personnes-morales_05_groupe_personne_4.schema">
					<SimpleData name="Numero de Parcelle">051420000C1469</SimpleData>
					<SimpleData name="Departement">05</SimpleData>
					<SimpleData name="Commune">SAINT-FIRMIN</SimpleData>
					<SimpleData name="Adresse">LES SAGNES</SimpleData>
					<SimpleData name="Groupe de personne">Commune</SimpleData>
					<SimpleData name="Forme Juridique Abregee">COM</SimpleData>
					<SimpleData name="Denomination">COMMUNE DE SAINT FIRMIN</SimpleData>
				</SchemaData>
			</ExtendedData>
	<Region>
		<LatLonAltBox>
			<north> 44.7861397028297 </north>
			<south> 44.7849142852603 </south>
			<east> 6.032645069391759 </east>
			<west> 6.031935072665819 </west>
		</LatLonAltBox>
		<Lod>
			<minLodPixels>100</minLodPixels>
			<maxLodPixels>-1</maxLodPixels>
		</Lod>
	</Region>
			<Polygon><altitudeMode>relativeToGround</altitudeMode>
				<outerBoundaryIs>
					<LinearRing>
						<coordinates>							6.032645069391759,44.7849564844015,0 6.03256397525215,44.7849142852603,0 6.0325236918281,44.7849156578735,0 6.03225782587276,44.7849778022849,0 6.0322112810198,44.7850366483445,0 6.032194406554541,44.7852866811321,0 6.03206327319957,44.7854683924441,0 6.032060561223939,44.7854814407355,0 6.03211184512527,44.7855620266875,0 6.0320708730064,44.7856936994919,0 6.03208679272382,44.7857331772956,0 6.03208417694679,44.7857620801831,0 6.03198271574287,44.7860037055432,0 6.031935072665819,44.7860469044909,0 6.03197131540865,44.7861066389273,0 6.03202737404125,44.7861397028297,0 6.03215331900913,44.7860540877711,0 6.03224958610721,44.7858029638754,0 6.03227009806133,44.7856649132716,0 6.03229138808243,44.7853443030785,0 6.03240296727735,44.7852808844567,0 6.03244988116616,44.78504831951,0 6.032645069391759,44.7849564844015,0 
						</coordinates>
					</LinearRing>
				</outerBoundaryIs>
			</Polygon>
		</Placemark>
		<Placemark id="parcelles-des-personnes-morales_05_groupe_personne_4.24835">
		<styleUrl>#COM</styleUrl>			<visibility>0</visibility>
			<ExtendedData>
				<SchemaData schemaUrl="#parcelles-des-personnes-morales_05_groupe_personne_4.schema">
					<SimpleData name="Numero de Parcelle">051420000C0147</SimpleData>
					<SimpleData name="Departement">05</SimpleData>
					<SimpleData name="Commune">SAINT-FIRMIN</SimpleData>
					<SimpleData name="Adresse">LES HUBACS DE CHAMOUSSET</SimpleData>
					<SimpleData name="Groupe de personne">Commune</SimpleData>
					<SimpleData name="Forme Juridique Abregee">COM</SimpleData>
					<SimpleData name="Denomination">COMMUNE DE SAINT FIRMIN</SimpleData>
				</SchemaData>
			</ExtendedData>
	<Region>
		<LatLonAltBox>
			<north> 44.810130352206 </north>
			<south> 44.8066288890289 </south>
			<east> 6.02704294257678 </east>
			<west> 6.02454435634477 </west>
		</LatLonAltBox>
		<Lod>
			<minLodPixels>100</minLodPixels>
			<maxLodPixels>-1</maxLodPixels>
		</Lod>
	</Region>
			<Polygon><altitudeMode>relativeToGround</altitudeMode>
				<outerBoundaryIs>
					<LinearRing>
						<coordinates>							6.02454435634477,44.806797746587,0 6.02456369375319,44.8069618284358,0 6.02455776732722,44.8075170851635,0 6.02487913333537,44.8080558444265,0 6.02500931610868,44.8082687985656,0 6.02526350225904,44.8087185709773,0 6.02549206722708,44.8091366968697,0 6.02555114169794,44.8096766657487,0 6.02558636548155,44.8099664518235,0 6.025635092825431,44.8100369304505,0 6.02567627722375,44.810129508806,0 6.025744416666259,44.810130352206,0 6.02642999684136,44.8101060540367,0 6.026531523002229,44.810092290641,0 6.02693566950069,44.8100925198924,0 6.02704294257678,44.8101008534303,0 6.026846448217609,44.8099047580265,0 6.026844067559721,44.8096138953445,0 6.02654121301272,44.8090433712776,0 6.02617041336249,44.8083462210718,0 6.02609720650615,44.8082865019163,0 6.02573737335421,44.8069185401601,0 6.02562550928797,44.806932945492,0 6.025509440244891,44.8068410594459,0 6.02542500654877,44.8068712940713,0 6.02536868378838,44.8069158980223,0 6.025165666243799,44.8066288890289,0 6.02454435634477,44.806797746587,0 
						</coordinates>
					</LinearRing>
				</outerBoundaryIs>
			</Polygon>
		</Placemark>
		<Placemark id="parcelles-des-personnes-morales_05_groupe_personne_4.24870">
		<styleUrl>#COM</styleUrl>			<visibility>0</visibility>
			<ExtendedData>
				<SchemaData schemaUrl="#parcelles-des-personnes-morales_05_groupe_personne_4.schema">
					<SimpleData name="Numero de Parcelle">051420000C1470</SimpleData>
					<SimpleData name="Departement">05</SimpleData>
					<SimpleData name="Commune">SAINT-FIRMIN</SimpleData>
					<SimpleData name="Adresse">LES BLACHES</SimpleData>
					<SimpleData name="Groupe de personne">Commune</SimpleData>
					<SimpleData name="Forme Juridique Abregee">COM</SimpleData>
					<SimpleData name="Denomination">COMMUNE DE SAINT FIRMIN</SimpleData>
				</SchemaData>
			</ExtendedData>
	<Region>
		<LatLonAltBox>
			<north> 44.7861711782386 </north>
			<south> 44.7858434381838 </south>
			<east> 6.03230920388689 </east>
			<west> 6.032212632953171 </west>
		</LatLonAltBox>
		<Lod>
			<minLodPixels>100</minLodPixels>
			<maxLodPixels>-1</maxLodPixels>
		</Lod>
	</Region>
			<Polygon><altitudeMode>relativeToGround</altitudeMode>
				<outerBoundaryIs>
					<LinearRing>
						<coordinates>							6.03230920388689,44.7861294691892,0 6.03230316311639,44.7859823244108,0 6.03226530671397,44.7858434381838,0 6.032212632953171,44.7860067852926,0 6.03221319402789,44.7860500169297,0 6.032232830591169,44.7860950691951,0 6.03230614046461,44.7861711782386,0 6.03230920388689,44.7861294691892,0 
						</coordinates>
					</LinearRing>
				</outerBoundaryIs>
			</Polygon>
		</Placemark>
		<Placemark id="parcelles-des-personnes-morales_05_groupe_personne_4.24891">
		<styleUrl>#COM</styleUrl>			<visibility>0</visibility>
			<ExtendedData>
				<SchemaData schemaUrl="#parcelles-des-personnes-morales_05_groupe_personne_4.schema">
					<SimpleData name="Numero de Parcelle">051420000D1471</SimpleData>
					<SimpleData name="Departement">05</SimpleData>
					<SimpleData name="Commune">SAINT-FIRMIN</SimpleData>
					<SimpleData name="Adresse">MOUSSUC</SimpleData>
					<SimpleData name="Groupe de personne">Commune</SimpleData>
					<SimpleData name="Forme Juridique Abregee">COM</SimpleData>
					<SimpleData name="Denomination">COMMUNE DE SAINT FIRMIN</SimpleData>
				</SchemaData>
			</ExtendedData>
	<Region>
		<LatLonAltBox>
			<north> 44.7856640823042 </north>
			<south> 44.7854858426713 </south>
			<east> 6.06153263308267 </east>
			<west> 6.06138220916147 </west>
		</LatLonAltBox>
		<Lod>
			<minLodPixels>100</minLodPixels>
			<maxLodPixels>-1</maxLodPixels>
		</Lod>
	</Region>
			<Polygon><altitudeMode>relativeToGround</altitudeMode>
				<outerBoundaryIs>
					<LinearRing>
						<coordinates>							6.061454578128191,44.7854858426713,0 6.06144118098416,44.7855139633085,0 6.06139747841935,44.785612838069,0 6.06138220916147,44.7856483985462,0 6.061476558708469,44.7856640823042,0 6.061476253304699,44.7856445392211,0 6.06153263308267,44.785495038874,0 6.061454578128191,44.7854858426713,0 
						</coordinates>
					</LinearRing>
				</outerBoundaryIs>
			</Polygon>
		</Placemark>
		<Placemark id="parcelles-des-personnes-morales_05_groupe_personne_4.24896">
		<styleUrl>#COM</styleUrl>			<visibility>0</visibility>
			<ExtendedData>
				<SchemaData schemaUrl="#parcelles-des-personnes-morales_05_groupe_personne_4.schema">
					<SimpleData name="Numero de Parcelle">051420000C1471</SimpleData>
					<SimpleData name="Departement">05</SimpleData>
					<SimpleData name="Commune">SAINT-FIRMIN</SimpleData>
					<SimpleData name="Adresse">LES BLACHES</SimpleData>
					<SimpleData name="Groupe de personne">Commune</SimpleData>
					<SimpleData name="Forme Juridique Abregee">COM</SimpleData>
					<SimpleData name="Denomination">COMMUNE DE SAINT FIRMIN</SimpleData>
				</SchemaData>
			</ExtendedData>
	<Region>
		<LatLonAltBox>
			<north> 44.7868301852716 </north>
			<south> 44.7860540877711 </south>
			<east> 6.032316643481801 </east>
			<west> 6.03150868261945 </west>
		</LatLonAltBox>
		<Lod>
			<minLodPixels>100</minLodPixels>
			<maxLodPixels>-1</maxLodPixels>
		</Lod>
	</Region>
			<Polygon><altitudeMode>relativeToGround</altitudeMode>
				<outerBoundaryIs>
					<LinearRing>
						<coordinates>							6.03202737404125,44.7861397028297,0 6.031918940184649,44.7862192526037,0 6.031701752864269,44.786348988649,0 6.03163069709717,44.7864272453168,0 6.03155538276265,44.7865344497477,0 6.03153330521522,44.7865895628805,0 6.03150868261945,44.7866303299649,0 6.03157163125526,44.786664467012,0 6.0315921191128,44.7867604915096,0 6.03162595003876,44.7867778559439,0 6.03185384590265,44.7868301852716,0 6.03206358659005,44.7866139784953,0 6.032125473738621,44.7865299358251,0 6.03227754927355,44.7863752213976,0 6.032310120766221,44.7863246862577,0 6.032316643481801,44.7862861260797,0 6.0323117480434,44.7862469773393,0 6.032271054217199,44.7861868241979,0 6.03215331900913,44.7860540877711,0 6.03202737404125,44.7861397028297,0 
						</coordinates>
					</LinearRing>
				</outerBoundaryIs>
			</Polygon>
		</Placemark>
		<Placemark id="parcelles-des-personnes-morales_05_groupe_personne_4.24928">
		<styleUrl>#COM</styleUrl>			<visibility>0</visibility>
			<ExtendedData>
				<SchemaData schemaUrl="#parcelles-des-personnes-morales_05_groupe_personne_4.schema">
					<SimpleData name="Numero de Parcelle">051420000D1473</SimpleData>
					<SimpleData name="Departement">05</SimpleData>
					<SimpleData name="Commune">SAINT-FIRMIN</SimpleData>
					<SimpleData name="Adresse">MOUSSUC</SimpleData>
					<SimpleData name="Groupe de personne">Commune</SimpleData>
					<SimpleData name="Forme Juridique Abregee">COM</SimpleData>
					<SimpleData name="Denomination">COMMUNE DE SAINT FIRMIN</SimpleData>
				</SchemaData>
			</ExtendedData>
	<Region>
		<LatLonAltBox>
			<north> 44.7856196979685 </north>
			<south> 44.7855139633085 </south>
			<east> 6.06144118098416 </east>
			<west> 6.06131549024685 </west>
		</LatLonAltBox>
		<Lod>
			<minLodPixels>100</minLodPixels>
			<maxLodPixels>-1</maxLodPixels>
		</Lod>
	</Region>
			<Polygon><altitudeMode>relativeToGround</altitudeMode>
				<outerBoundaryIs>
					<LinearRing>
						<coordinates>							6.06144118098416,44.7855139633085,0 6.06131549024685,44.7856196979685,0 6.06139747841935,44.785612838069,0 6.06144118098416,44.7855139633085,0 
						</coordinates>
					</LinearRing>
				</outerBoundaryIs>
			</Polygon>
		</Placemark>
		<Placemark id="parcelles-des-personnes-morales_05_groupe_personne_4.24956">
		<styleUrl>#COM</styleUrl>			<visibility>0</visibility>
			<ExtendedData>
				<SchemaData schemaUrl="#parcelles-des-personnes-morales_05_groupe_personne_4.schema">
					<SimpleData name="Numero de Parcelle">051420000D1475</SimpleData>
					<SimpleData name="Departement">05</SimpleData>
					<SimpleData name="Commune">SAINT-FIRMIN</SimpleData>
					<SimpleData name="Adresse">SERRALION</SimpleData>
					<SimpleData name="Groupe de personne">Commune</SimpleData>
					<SimpleData name="Forme Juridique Abregee">COM</SimpleData>
					<SimpleData name="Denomination">COMMUNE DE SAINT FIRMIN</SimpleData>
				</SchemaData>
			</ExtendedData>
	<Region>
		<LatLonAltBox>
			<north> 44.7984626391022 </north>
			<south> 44.7982280190753 </south>
			<east> 6.040021423563431 </east>
			<west> 6.03963263882418 </west>
		</LatLonAltBox>
		<Lod>
			<minLodPixels>100</minLodPixels>
			<maxLodPixels>-1</maxLodPixels>
		</Lod>
	</Region>
			<Polygon><altitudeMode>relativeToGround</altitudeMode>
				<outerBoundaryIs>
					<LinearRing>
						<coordinates>							6.039953926914529,44.7982280190753,0 6.03985146473296,44.7982614625432,0 6.03980149880888,44.7982360734989,0 6.03968211982552,44.7982749361429,0 6.03963263882418,44.7983006196293,0 6.03967929307072,44.7982975383077,0 6.03984539082756,44.7984626391022,0 6.040021423563431,44.7983295110892,0 6.039953926914529,44.7982280190753,0 
						</coordinates>
					</LinearRing>
				</outerBoundaryIs>
			</Polygon>
		</Placemark>
		<Placemark id="parcelles-des-personnes-morales_05_groupe_personne_4.24993">
		<styleUrl>#COM</styleUrl>			<visibility>0</visibility>
			<ExtendedData>
				<SchemaData schemaUrl="#parcelles-des-personnes-morales_05_groupe_personne_4.schema">
					<SimpleData name="Numero de Parcelle">051420000D1477</SimpleData>
					<SimpleData name="Departement">05</SimpleData>
					<SimpleData name="Commune">SAINT-FIRMIN</SimpleData>
					<SimpleData name="Adresse">SERRALION</SimpleData>
					<SimpleData name="Groupe de personne">Commune</SimpleData>
					<SimpleData name="Forme Juridique Abregee">COM</SimpleData>
					<SimpleData name="Denomination">COMMUNE DE SAINT FIRMIN</SimpleData>
				</SchemaData>
			</ExtendedData>
	<Region>
		<LatLonAltBox>
			<north> 44.7983328966424 </north>
			<south> 44.7982169536267 </south>
			<east> 6.039953926914529 </east>
			<west> 6.03905742087359 </west>
		</LatLonAltBox>
		<Lod>
			<minLodPixels>100</minLodPixels>
			<maxLodPixels>-1</maxLodPixels>
		</Lod>
	</Region>
			<Polygon><altitudeMode>relativeToGround</altitudeMode>
				<outerBoundaryIs>
					<LinearRing>
						<coordinates>							6.03905742087359,44.7982640443318,0 6.03909893644889,44.7983086761844,0 6.039129098181031,44.7983328966424,0 6.03963263882418,44.7983006196293,0 6.03968211982552,44.7982749361429,0 6.03980149880888,44.7982360734989,0 6.03985146473296,44.7982614625432,0 6.039953926914529,44.7982280190753,0 6.039946748067599,44.7982169536267,0 6.03905742087359,44.7982640443318,0 
						</coordinates>
					</LinearRing>
				</outerBoundaryIs>
			</Polygon>
		</Placemark>
		<Placemark id="parcelles-des-personnes-morales_05_groupe_personne_4.25003">
		<styleUrl>#COM</styleUrl>			<visibility>0</visibility>
			<ExtendedData>
				<SchemaData schemaUrl="#parcelles-des-personnes-morales_05_groupe_personne_4.schema">
					<SimpleData name="Numero de Parcelle">051420000C1477</SimpleData>
					<SimpleData name="Departement">05</SimpleData>
					<SimpleData name="Commune">SAINT-FIRMIN</SimpleData>
					<SimpleData name="Adresse">LES BLACHES</SimpleData>
					<SimpleData name="Groupe de personne">Commune</SimpleData>
					<SimpleData name="Forme Juridique Abregee">COM</SimpleData>
					<SimpleData name="Denomination">COMMUNE DE SAINT FIRMIN</SimpleData>
				</SchemaData>
			</ExtendedData>
	<Region>
		<LatLonAltBox>
			<north> 44.7867182209167 </north>
			<south> 44.786211681701 </south>
			<east> 6.03063704571882 </east>
			<west> 6.03018973231439 </west>
		</LatLonAltBox>
		<Lod>
			<minLodPixels>100</minLodPixels>
			<maxLodPixels>-1</maxLodPixels>
		</Lod>
	</Region>
			<Polygon><altitudeMode>relativeToGround</altitudeMode>
				<outerBoundaryIs>
					<LinearRing>
						<coordinates>							6.0304309252547,44.7862578792013,0 6.03034659463471,44.7862190104346,0 6.03027193504483,44.786211681701,0 6.03018973231439,44.7862287053771,0 6.030210946986641,44.786267858454,0 6.03044890656971,44.786377848303,0 6.03029760931549,44.7865212765762,0 6.03030841727564,44.7865527855853,0 6.03031113746504,44.7867182209167,0 6.0304516172298,44.7867073520479,0 6.03050649953491,44.7866881020395,0 6.03052689834475,44.7866722276026,0 6.030568066043409,44.786630918226,0 6.03063704571882,44.7864765863806,0 6.03055767607361,44.7863209054041,0 6.030469311597491,44.786291697402,0 6.0304309252547,44.7862578792013,0 
						</coordinates>
					</LinearRing>
				</outerBoundaryIs>
			</Polygon>
		</Placemark>
		<Placemark id="parcelles-des-personnes-morales_05_groupe_personne_4.25089">
		<styleUrl>#COM</styleUrl>			<visibility>0</visibility>
			<ExtendedData>
				<SchemaData schemaUrl="#parcelles-des-personnes-morales_05_groupe_personne_4.schema">
					<SimpleData name="Numero de Parcelle">05142000AE0148</SimpleData>
					<SimpleData name="Departement">05</SimpleData>
					<SimpleData name="Commune">SAINT-FIRMIN</SimpleData>
					<SimpleData name="Adresse">LE BOURG</SimpleData>
					<SimpleData name="Groupe de personne">Commune</SimpleData>
					<SimpleData name="Forme Juridique Abregee">COM</SimpleData>
					<SimpleData name="Denomination">COMMUNE DE SAINT FIRMIN</SimpleData>
				</SchemaData>
			</ExtendedData>
	<Region>
		<LatLonAltBox>
			<north> 44.7809815193414 </north>
			<south> 44.7807248730055 </south>
			<east> 6.030319625711 </east>
			<west> 6.030152917721969 </west>
		</LatLonAltBox>
		<Lod>
			<minLodPixels>100</minLodPixels>
			<maxLodPixels>-1</maxLodPixels>
		</Lod>
	</Region>
			<Polygon><altitudeMode>relativeToGround</altitudeMode>
				<outerBoundaryIs>
					<LinearRing>
						<coordinates>							6.030276591383411,44.7807248730055,0 6.0302667638401,44.7807678480285,0 6.03023256836546,44.7808468977735,0 6.030204831291,44.780907300886,0 6.03020663367947,44.7809078822834,0 6.030152917721969,44.7809815193414,0 6.030241299468341,44.7809431536001,0 6.030311737035429,44.7807713933797,0 6.030319625711,44.7807323455708,0 6.030276591383411,44.7807248730055,0 
						</coordinates>
					</LinearRing>
				</outerBoundaryIs>
			</Polygon>
		</Placemark>
		<Placemark id="parcelles-des-personnes-morales_05_groupe_personne_4.25117">
		<styleUrl>#COM</styleUrl>			<visibility>0</visibility>
			<ExtendedData>
				<SchemaData schemaUrl="#parcelles-des-personnes-morales_05_groupe_personne_4.schema">
					<SimpleData name="Numero de Parcelle">051420000C0148</SimpleData>
					<SimpleData name="Departement">05</SimpleData>
					<SimpleData name="Commune">SAINT-FIRMIN</SimpleData>
					<SimpleData name="Adresse">LES HUBACS DE CHAMOUSSET</SimpleData>
					<SimpleData name="Groupe de personne">Commune</SimpleData>
					<SimpleData name="Forme Juridique Abregee">COM</SimpleData>
					<SimpleData name="Denomination">COMMUNE DE SAINT FIRMIN</SimpleData>
				</SchemaData>
			</ExtendedData>
	<Region>
		<LatLonAltBox>
			<north> 44.8084217324674 </north>
			<south> 44.8069708598869 </south>
			<east> 6.0268387816026 </east>
			<west> 6.0257911952894 </west>
		</LatLonAltBox>
		<Lod>
			<minLodPixels>100</minLodPixels>
			<maxLodPixels>-1</maxLodPixels>
		</Lod>
	</Region>
			<Polygon><altitudeMode>relativeToGround</altitudeMode>
				<outerBoundaryIs>
					<LinearRing>
						<coordinates>							6.0257911952894,44.8069708598869,0 6.0261313836748,44.8082771899117,0 6.026665173097119,44.8084217324674,0 6.02679574918606,44.8083105902738,0 6.0268387816026,44.8082753582644,0 6.02681158382989,44.808132303859,0 6.026798650088091,44.8079721017444,0 6.026666815213089,44.8072234701374,0 6.02626283805363,44.8070286235692,0 6.0257911952894,44.8069708598869,0 
						</coordinates>
					</LinearRing>
				</outerBoundaryIs>
			</Polygon>
		</Placemark>
		<Placemark id="parcelles-des-personnes-morales_05_groupe_personne_4.25160">
		<styleUrl>#COM</styleUrl>			<visibility>0</visibility>
			<ExtendedData>
				<SchemaData schemaUrl="#parcelles-des-personnes-morales_05_groupe_personne_4.schema">
					<SimpleData name="Numero de Parcelle">051420000D1480</SimpleData>
					<SimpleData name="Departement">05</SimpleData>
					<SimpleData name="Commune">SAINT-FIRMIN</SimpleData>
					<SimpleData name="Adresse">LE PONTEI</SimpleData>
					<SimpleData name="Groupe de personne">Commune</SimpleData>
					<SimpleData name="Forme Juridique Abregee">COM</SimpleData>
					<SimpleData name="Denomination">COMMUNE DE SAINT FIRMIN</SimpleData>
				</SchemaData>
			</ExtendedData>
	<Region>
		<LatLonAltBox>
			<north> 44.78561170161 </north>
			<south> 44.7848784078645 </south>
			<east> 6.03592852913486 </east>
			<west> 6.035375679421551 </west>
		</LatLonAltBox>
		<Lod>
			<minLodPixels>100</minLodPixels>
			<maxLodPixels>-1</maxLodPixels>
		</Lod>
	</Region>
			<Polygon><altitudeMode>relativeToGround</altitudeMode>
				<outerBoundaryIs>
					<LinearRing>
						<coordinates>							6.035375679421551,44.78561170161,0 6.035873733828789,44.7854658852835,0 6.03580664840095,44.7852849140925,0 6.03592852913486,44.7852623844177,0 6.03589867659825,44.785173464572,0 6.03586188140285,44.7851387036274,0 6.035822579228369,44.7851160844826,0 6.03573054072554,44.7850844585628,0 6.035744280927799,44.7850343480737,0 6.03571094048251,44.7850096735255,0 6.03574885246881,44.7849128608193,0 6.03573051091046,44.7849058851139,0 6.03565805329696,44.7848784078645,0 6.03554875250554,44.7850846629073,0 6.035473034310901,44.7853505438653,0 6.035427522489,44.7854542318827,0 6.035375679421551,44.78561170161,0 
						</coordinates>
					</LinearRing>
				</outerBoundaryIs>
			</Polygon>
		</Placemark>
		<Placemark id="parcelles-des-personnes-morales_05_groupe_personne_4.25203">
		<styleUrl>#COM</styleUrl>			<visibility>0</visibility>
			<ExtendedData>
				<SchemaData schemaUrl="#parcelles-des-personnes-morales_05_groupe_personne_4.schema">
					<SimpleData name="Numero de Parcelle">051420000D1482</SimpleData>
					<SimpleData name="Departement">05</SimpleData>
					<SimpleData name="Commune">SAINT-FIRMIN</SimpleData>
					<SimpleData name="Adresse">LES SAGNES</SimpleData>
					<SimpleData name="Groupe de personne">Commune</SimpleData>
					<SimpleData name="Forme Juridique Abregee">COM</SimpleData>
					<SimpleData name="Denomination">COMMUNE DE SAINT FIRMIN</SimpleData>
				</SchemaData>
			</ExtendedData>
	<Region>
		<LatLonAltBox>
			<north> 44.7891041303614 </north>
			<south> 44.7890380495613 </south>
			<east> 6.03899490944543 </east>
			<west> 6.03890026499233 </west>
		</LatLonAltBox>
		<Lod>
			<minLodPixels>100</minLodPixels>
			<maxLodPixels>-1</maxLodPixels>
		</Lod>
	</Region>
			<Polygon><altitudeMode>relativeToGround</altitudeMode>
				<outerBoundaryIs>
					<LinearRing>
						<coordinates>							6.03891634646287,44.7890380495613,0 6.03890026499233,44.7890705654964,0 6.038980650211201,44.7891041303614,0 6.03899490944543,44.7890706732986,0 6.03891634646287,44.7890380495613,0 
						</coordinates>
					</LinearRing>
				</outerBoundaryIs>
			</Polygon>
		</Placemark>
		<Placemark id="parcelles-des-personnes-morales_05_groupe_personne_4.25239">
		<styleUrl>#COM</styleUrl>			<visibility>0</visibility>
			<ExtendedData>
				<SchemaData schemaUrl="#parcelles-des-personnes-morales_05_groupe_personne_4.schema">
					<SimpleData name="Numero de Parcelle">051420000D1484</SimpleData>
					<SimpleData name="Departement">05</SimpleData>
					<SimpleData name="Commune">SAINT-FIRMIN</SimpleData>
					<SimpleData name="Adresse">LES SAGNES</SimpleData>
					<SimpleData name="Groupe de personne">Commune</SimpleData>
					<SimpleData name="Forme Juridique Abregee">COM</SimpleData>
					<SimpleData name="Denomination">COMMUNE DE SAINT FIRMIN</SimpleData>
				</SchemaData>
			</ExtendedData>
	<Region>
		<LatLonAltBox>
			<north> 44.7890706732986 </north>
			<south> 44.788189641578 </south>
			<east> 6.03943640725358 </east>
			<west> 6.03891634646287 </west>
		</LatLonAltBox>
		<Lod>
			<minLodPixels>100</minLodPixels>
			<maxLodPixels>-1</maxLodPixels>
		</Lod>
	</Region>
			<Polygon><altitudeMode>relativeToGround</altitudeMode>
				<outerBoundaryIs>
					<LinearRing>
						<coordinates>							6.03933189243109,44.788189641578,0 6.03891634646287,44.7890380495613,0 6.03899490944543,44.7890706732986,0 6.03907802154256,44.7888879274378,0 6.03912710764231,44.7888153136845,0 6.03934315084639,44.7885499061355,0 6.039396637392399,44.788460413296,0 6.039423313376871,44.7883921981087,0 6.03943640725358,44.7883067862366,0 6.039434413785571,44.7882184544958,0 6.03933189243109,44.788189641578,0 
						</coordinates>
					</LinearRing>
				</outerBoundaryIs>
			</Polygon>
		</Placemark>
		<Placemark id="parcelles-des-personnes-morales_05_groupe_personne_4.25262">
		<styleUrl>#COM</styleUrl>			<visibility>0</visibility>
			<ExtendedData>
				<SchemaData schemaUrl="#parcelles-des-personnes-morales_05_groupe_personne_4.schema">
					<SimpleData name="Numero de Parcelle">051420000C1485</SimpleData>
					<SimpleData name="Departement">05</SimpleData>
					<SimpleData name="Commune">SAINT-FIRMIN</SimpleData>
					<SimpleData name="Adresse">LES BLACHES</SimpleData>
					<SimpleData name="Groupe de personne">Commune</SimpleData>
					<SimpleData name="Forme Juridique Abregee">COM</SimpleData>
					<SimpleData name="Denomination">COMMUNE DE SAINT FIRMIN</SimpleData>
				</SchemaData>
			</ExtendedData>
	<Region>
		<LatLonAltBox>
			<north> 44.7879418735216 </north>
			<south> 44.7875096615732 </south>
			<east> 6.03092079558976 </east>
			<west> 6.030215251268619 </west>
		</LatLonAltBox>
		<Lod>
			<minLodPixels>100</minLodPixels>
			<maxLodPixels>-1</maxLodPixels>
		</Lod>
	</Region>
			<Polygon><altitudeMode>relativeToGround</altitudeMode>
				<outerBoundaryIs>
					<LinearRing>
						<coordinates>							6.030215251268619,44.78781904531,0 6.03051699653705,44.7879222457467,0 6.03062951825755,44.7879418735216,0 6.03075279469754,44.7879403944695,0 6.03084115998512,44.7879343740391,0 6.03089341520146,44.7879086185577,0 6.03092079558976,44.7878462428032,0 6.03089946631677,44.7878284461452,0 6.03077143671017,44.7877887004219,0 6.03074552557723,44.7877703983501,0 6.030692550184221,44.787695984615,0 6.0305976383211,44.7876134375498,0 6.03058092634405,44.7875827206786,0 6.03056737154985,44.7875096615732,0 6.03046541240718,44.7875615529348,0 6.030367440845331,44.7876287418997,0 6.03028414125983,44.7877146303539,0 6.030215251268619,44.78781904531,0 
						</coordinates>
					</LinearRing>
				</outerBoundaryIs>
			</Polygon>
		</Placemark>
		<Placemark id="parcelles-des-personnes-morales_05_groupe_personne_4.25286">
		<styleUrl>#COM</styleUrl>			<visibility>0</visibility>
			<ExtendedData>
				<SchemaData schemaUrl="#parcelles-des-personnes-morales_05_groupe_personne_4.schema">
					<SimpleData name="Numero de Parcelle">051420000C1486</SimpleData>
					<SimpleData name="Departement">05</SimpleData>
					<SimpleData name="Commune">SAINT-FIRMIN</SimpleData>
					<SimpleData name="Adresse">LES BLACHES</SimpleData>
					<SimpleData name="Groupe de personne">Commune</SimpleData>
					<SimpleData name="Forme Juridique Abregee">COM</SimpleData>
					<SimpleData name="Denomination">COMMUNE DE SAINT FIRMIN</SimpleData>
				</SchemaData>
			</ExtendedData>
	<Region>
		<LatLonAltBox>
			<north> 44.7878250635195 </north>
			<south> 44.7874179069965 </south>
			<east> 6.03104421492684 </east>
			<west> 6.03070139180946 </west>
		</LatLonAltBox>
		<Lod>
			<minLodPixels>100</minLodPixels>
			<maxLodPixels>-1</maxLodPixels>
		</Lod>
	</Region>
			<Polygon><altitudeMode>relativeToGround</altitudeMode>
				<outerBoundaryIs>
					<LinearRing>
						<coordinates>							6.031039776522171,44.7874179069965,0 6.03088860836196,44.7875121391182,0 6.03070139180946,44.7876581720163,0 6.030747103760879,44.7877245854686,0 6.03081776777098,44.7877750899994,0 6.03093420312637,44.7878250635195,0 6.03100983828417,44.787510265233,0 6.03104421492684,44.7874509416306,0 6.031039776522171,44.7874179069965,0 
						</coordinates>
					</LinearRing>
				</outerBoundaryIs>
			</Polygon>
		</Placemark>
		<Placemark id="parcelles-des-personnes-morales_05_groupe_personne_4.25304">
		<styleUrl>#COM</styleUrl>			<visibility>0</visibility>
			<ExtendedData>
				<SchemaData schemaUrl="#parcelles-des-personnes-morales_05_groupe_personne_4.schema">
					<SimpleData name="Numero de Parcelle">051420000C1487</SimpleData>
					<SimpleData name="Departement">05</SimpleData>
					<SimpleData name="Commune">SAINT-FIRMIN</SimpleData>
					<SimpleData name="Adresse">LES BLACHES</SimpleData>
					<SimpleData name="Groupe de personne">Commune</SimpleData>
					<SimpleData name="Forme Juridique Abregee">COM</SimpleData>
					<SimpleData name="Denomination">COMMUNE DE SAINT FIRMIN</SimpleData>
				</SchemaData>
			</ExtendedData>
	<Region>
		<LatLonAltBox>
			<north> 44.7875861226634 </north>
			<south> 44.7871172383332 </south>
			<east> 6.03100386402534 </east>
			<west> 6.030609455451669 </west>
		</LatLonAltBox>
		<Lod>
			<minLodPixels>100</minLodPixels>
			<maxLodPixels>-1</maxLodPixels>
		</Lod>
	</Region>
			<Polygon><altitudeMode>relativeToGround</altitudeMode>
				<outerBoundaryIs>
					<LinearRing>
						<coordinates>							6.03082882314264,44.7871190553273,0 6.03076497180599,44.7872441454636,0 6.030702679390621,44.787318377733,0 6.030636337921999,44.7874090284028,0 6.030609455451669,44.7874994108958,0 6.03075304825312,44.7875861226634,0 6.03100386402534,44.7873619473118,0 6.03090185217906,44.7871172383332,0 6.03082882314264,44.7871190553273,0 
						</coordinates>
					</LinearRing>
				</outerBoundaryIs>
			</Polygon>
		</Placemark>
		<Placemark id="parcelles-des-personnes-morales_05_groupe_personne_4.25339">
		<styleUrl>#COM</styleUrl>			<visibility>0</visibility>
			<ExtendedData>
				<SchemaData schemaUrl="#parcelles-des-personnes-morales_05_groupe_personne_4.schema">
					<SimpleData name="Numero de Parcelle">051420000C1489</SimpleData>
					<SimpleData name="Departement">05</SimpleData>
					<SimpleData name="Commune">SAINT-FIRMIN</SimpleData>
					<SimpleData name="Adresse">LES BLACHES</SimpleData>
					<SimpleData name="Groupe de personne">Commune</SimpleData>
					<SimpleData name="Forme Juridique Abregee">COM</SimpleData>
					<SimpleData name="Denomination">COMMUNE DE SAINT FIRMIN</SimpleData>
				</SchemaData>
			</ExtendedData>
	<Region>
		<LatLonAltBox>
			<north> 44.7868897415713 </north>
			<south> 44.7862924341728 </south>
			<east> 6.03155538276265 </east>
			<west> 6.03117605147072 </west>
		</LatLonAltBox>
		<Lod>
			<minLodPixels>100</minLodPixels>
			<maxLodPixels>-1</maxLodPixels>
		</Lod>
	</Region>
			<Polygon><altitudeMode>relativeToGround</altitudeMode>
				<outerBoundaryIs>
					<LinearRing>
						<coordinates>							6.03120010470067,44.7862924341728,0 6.03117605147072,44.7863203016098,0 6.03121288838937,44.7863535312605,0 6.031240764422489,44.7864035840022,0 6.03129043361185,44.7868882133752,0 6.03134985243356,44.7868897415713,0 6.03139844350829,44.7867890345158,0 6.03150868261945,44.7866303299649,0 6.03153330521522,44.7865895628805,0 6.03155538276265,44.7865344497477,0 6.03147194276929,44.7865261907155,0 6.03143159142467,44.7865099055751,0 6.03123153011746,44.7863097744095,0 6.03120010470067,44.7862924341728,0 
						</coordinates>
					</LinearRing>
				</outerBoundaryIs>
			</Polygon>
		</Placemark>
		<Placemark id="parcelles-des-personnes-morales_05_groupe_personne_4.25428">
		<styleUrl>#COM</styleUrl>			<visibility>0</visibility>
			<ExtendedData>
				<SchemaData schemaUrl="#parcelles-des-personnes-morales_05_groupe_personne_4.schema">
					<SimpleData name="Numero de Parcelle">051420000C0149</SimpleData>
					<SimpleData name="Departement">05</SimpleData>
					<SimpleData name="Commune">SAINT-FIRMIN</SimpleData>
					<SimpleData name="Adresse">LES HUBACS DE CHAMOUSSET</SimpleData>
					<SimpleData name="Groupe de personne">Commune</SimpleData>
					<SimpleData name="Forme Juridique Abregee">COM</SimpleData>
					<SimpleData name="Denomination">COMMUNE DE SAINT FIRMIN</SimpleData>
				</SchemaData>
			</ExtendedData>
	<Region>
		<LatLonAltBox>
			<north> 44.8101075376302 </north>
			<south> 44.8082771899117 </south>
			<east> 6.027306312789221 </east>
			<west> 6.0261313836748 </west>
		</LatLonAltBox>
		<Lod>
			<minLodPixels>100</minLodPixels>
			<maxLodPixels>-1</maxLodPixels>
		</Lod>
	</Region>
			<Polygon><altitudeMode>relativeToGround</altitudeMode>
				<outerBoundaryIs>
					<LinearRing>
						<coordinates>							6.02708087647708,44.8095199444734,0 6.02710985519359,44.8093671572888,0 6.02713486162056,44.8091876292416,0 6.027090102785941,44.8089982031567,0 6.02701020256996,44.8088307294534,0 6.02691035297273,44.8087040743363,0 6.02690545916707,44.8086978109633,0 6.02679574918606,44.8083105902738,0 6.026665173097119,44.8084217324674,0 6.0261313836748,44.8082771899117,0 6.02621190929381,44.808345899302,0 6.02648088805763,44.8088492343388,0 6.026873329458919,44.809583814493,0 6.026879280382431,44.8098916082988,0 6.02708420157468,44.8101008081333,0 6.027306312789221,44.8101075376302,0 6.02703872514157,44.8098957244262,0 6.02701480776304,44.8098770062725,0 6.02705354127424,44.8096680016654,0 6.02708087647708,44.8095199444734,0 
						</coordinates>
					</LinearRing>
				</outerBoundaryIs>
			</Polygon>
		</Placemark>
		<Placemark id="parcelles-des-personnes-morales_05_groupe_personne_4.25456">
		<styleUrl>#COM</styleUrl>			<visibility>0</visibility>
			<ExtendedData>
				<SchemaData schemaUrl="#parcelles-des-personnes-morales_05_groupe_personne_4.schema">
					<SimpleData name="Numero de Parcelle">051420000D1490</SimpleData>
					<SimpleData name="Departement">05</SimpleData>
					<SimpleData name="Commune">SAINT-FIRMIN</SimpleData>
					<SimpleData name="Adresse">LE CREST</SimpleData>
					<SimpleData name="Groupe de personne">Commune</SimpleData>
					<SimpleData name="Forme Juridique Abregee">COM</SimpleData>
					<SimpleData name="Denomination">COMMUNE DE SAINT FIRMIN</SimpleData>
				</SchemaData>
			</ExtendedData>
	<Region>
		<LatLonAltBox>
			<north> 44.788041256368 </north>
			<south> 44.7873674826024 </south>
			<east> 6.04035271164528 </east>
			<west> 6.039626829700959 </west>
		</LatLonAltBox>
		<Lod>
			<minLodPixels>100</minLodPixels>
			<maxLodPixels>-1</maxLodPixels>
		</Lod>
	</Region>
			<Polygon><altitudeMode>relativeToGround</altitudeMode>
				<outerBoundaryIs>
					<LinearRing>
						<coordinates>							6.03967002673211,44.788041256368,0 6.040033146149399,44.7875571993035,0 6.04035271164528,44.7873837333248,0 6.040311220134579,44.7873674826024,0 6.040049117967841,44.7875039635939,0 6.03998729176823,44.7875468344234,0 6.03986788303221,44.7877227380499,0 6.039683338931221,44.7879575503438,0 6.039626829700959,44.7880285659881,0 6.03967002673211,44.788041256368,0 
						</coordinates>
					</LinearRing>
				</outerBoundaryIs>
			</Polygon>
		</Placemark>
		<Placemark id="parcelles-des-personnes-morales_05_groupe_personne_4.25466">
		<styleUrl>#COM</styleUrl>			<visibility>0</visibility>
			<ExtendedData>
				<SchemaData schemaUrl="#parcelles-des-personnes-morales_05_groupe_personne_4.schema">
					<SimpleData name="Numero de Parcelle">051420000C1490</SimpleData>
					<SimpleData name="Departement">05</SimpleData>
					<SimpleData name="Commune">SAINT-FIRMIN</SimpleData>
					<SimpleData name="Adresse">LES BLACHES</SimpleData>
					<SimpleData name="Groupe de personne">Commune</SimpleData>
					<SimpleData name="Forme Juridique Abregee">COM</SimpleData>
					<SimpleData name="Denomination">COMMUNE DE SAINT FIRMIN</SimpleData>
				</SchemaData>
			</ExtendedData>
	<Region>
		<LatLonAltBox>
			<north> 44.7869795975135 </north>
			<south> 44.7866303299649 </south>
			<east> 6.03185384590265 </east>
			<west> 6.03133219855994 </west>
		</LatLonAltBox>
		<Lod>
			<minLodPixels>100</minLodPixels>
			<maxLodPixels>-1</maxLodPixels>
		</Lod>
	</Region>
			<Polygon><altitudeMode>relativeToGround</altitudeMode>
				<outerBoundaryIs>
					<LinearRing>
						<coordinates>							6.03185384590265,44.7868301852716,0 6.03162595003876,44.7867778559439,0 6.0315921191128,44.7867604915096,0 6.03157163125526,44.786664467012,0 6.03150868261945,44.7866303299649,0 6.03139844350829,44.7867890345158,0 6.03134985243356,44.7868897415713,0 6.03133219855994,44.7869119380344,0 6.03139493115386,44.7869795975135,0 6.03175866107692,44.7869747834872,0 6.03179716808248,44.7868935429489,0 6.03185384590265,44.7868301852716,0 
						</coordinates>
					</LinearRing>
				</outerBoundaryIs>
			</Polygon>
		</Placemark>
		<Placemark id="parcelles-des-personnes-morales_05_groupe_personne_4.25501">
		<styleUrl>#COM</styleUrl>			<visibility>0</visibility>
			<ExtendedData>
				<SchemaData schemaUrl="#parcelles-des-personnes-morales_05_groupe_personne_4.schema">
					<SimpleData name="Numero de Parcelle">051420000D1492</SimpleData>
					<SimpleData name="Departement">05</SimpleData>
					<SimpleData name="Commune">SAINT-FIRMIN</SimpleData>
					<SimpleData name="Adresse">PIERRE GROSSE</SimpleData>
					<SimpleData name="Groupe de personne">Commune</SimpleData>
					<SimpleData name="Forme Juridique Abregee">COM</SimpleData>
					<SimpleData name="Denomination">COMMUNE DE SAINT FIRMIN</SimpleData>
				</SchemaData>
			</ExtendedData>
	<Region>
		<LatLonAltBox>
			<north> 44.7891389633802 </north>
			<south> 44.7887356308043 </south>
			<east> 6.035041900239859 </east>
			<west> 6.0345759656103 </west>
		</LatLonAltBox>
		<Lod>
			<minLodPixels>100</minLodPixels>
			<maxLodPixels>-1</maxLodPixels>
		</Lod>
	</Region>
			<Polygon><altitudeMode>relativeToGround</altitudeMode>
				<outerBoundaryIs>
					<LinearRing>
						<coordinates>							6.035041900239859,44.7887950876032,0 6.034979097986049,44.7887356308043,0 6.03461895934795,44.7889266795993,0 6.0345759656103,44.788988042321,0 6.0347336635155,44.7891389633802,0 6.034950442413871,44.7889289551501,0 6.03501463096853,44.7888453883194,0 6.035041900239859,44.7887950876032,0 
						</coordinates>
					</LinearRing>
				</outerBoundaryIs>
			</Polygon>
		</Placemark>
		<Placemark id="parcelles-des-personnes-morales_05_groupe_personne_4.25547">
		<styleUrl>#COM</styleUrl>			<visibility>0</visibility>
			<ExtendedData>
				<SchemaData schemaUrl="#parcelles-des-personnes-morales_05_groupe_personne_4.schema">
					<SimpleData name="Numero de Parcelle">051420000C1494</SimpleData>
					<SimpleData name="Departement">05</SimpleData>
					<SimpleData name="Commune">SAINT-FIRMIN</SimpleData>
					<SimpleData name="Adresse">LES BLACHES</SimpleData>
					<SimpleData name="Groupe de personne">Commune</SimpleData>
					<SimpleData name="Forme Juridique Abregee">COM</SimpleData>
					<SimpleData name="Denomination">COMMUNE DE SAINT FIRMIN</SimpleData>
				</SchemaData>
			</ExtendedData>
	<Region>
		<LatLonAltBox>
			<north> 44.7871518883064 </north>
			<south> 44.7861941103885 </south>
			<east> 6.0325441589334 </east>
			<west> 6.031810087510641 </west>
		</LatLonAltBox>
		<Lod>
			<minLodPixels>100</minLodPixels>
			<maxLodPixels>-1</maxLodPixels>
		</Lod>
	</Region>
			<Polygon><altitudeMode>relativeToGround</altitudeMode>
				<outerBoundaryIs>
					<LinearRing>
						<coordinates>							6.03243441334793,44.7862459635266,0 6.03235709819314,44.7861941103885,0 6.03236061570421,44.7862851031255,0 6.03234832856446,44.786357517649,0 6.03232417773616,44.7864023264277,0 6.032114133077211,44.7866128658787,0 6.03202522371893,44.7867307137655,0 6.03194680208812,44.7868061088353,0 6.031810087510641,44.7869712143028,0 6.03185784699171,44.7870192814137,0 6.03189256035426,44.7870694172732,0 6.03191775802952,44.7871518883064,0 6.03226918328577,44.7871159650799,0 6.03227701904787,44.7870595295817,0 6.032277384584359,44.7868716654082,0 6.032347198638749,44.7867492942984,0 6.032407010711609,44.7866666597055,0 6.03246428286727,44.7866471631218,0 6.0325441589334,44.7866151550665,0 6.03248867148141,44.7865176557563,0 6.03240581087849,44.786398200744,0 6.03243441334793,44.7862459635266,0 
						</coordinates>
					</LinearRing>
				</outerBoundaryIs>
			</Polygon>
		</Placemark>
		<Placemark id="parcelles-des-personnes-morales_05_groupe_personne_4.25557">
		<styleUrl>#COM</styleUrl>			<visibility>0</visibility>
			<ExtendedData>
				<SchemaData schemaUrl="#parcelles-des-personnes-morales_05_groupe_personne_4.schema">
					<SimpleData name="Numero de Parcelle">051420000D1495</SimpleData>
					<SimpleData name="Departement">05</SimpleData>
					<SimpleData name="Commune">SAINT-FIRMIN</SimpleData>
					<SimpleData name="Adresse">PIERRE GROSSE</SimpleData>
					<SimpleData name="Groupe de personne">Commune</SimpleData>
					<SimpleData name="Forme Juridique Abregee">COM</SimpleData>
					<SimpleData name="Denomination">COMMUNE DE SAINT FIRMIN</SimpleData>
				</SchemaData>
			</ExtendedData>
	<Region>
		<LatLonAltBox>
			<north> 44.7893236109316 </north>
			<south> 44.7887950876032 </south>
			<east> 6.0353499271739 </east>
			<west> 6.0347336635155 </west>
		</LatLonAltBox>
		<Lod>
			<minLodPixels>100</minLodPixels>
			<maxLodPixels>-1</maxLodPixels>
		</Lod>
	</Region>
			<Polygon><altitudeMode>relativeToGround</altitudeMode>
				<outerBoundaryIs>
					<LinearRing>
						<coordinates>							6.035041900239859,44.7887950876032,0 6.03501463096853,44.7888453883194,0 6.034950442413871,44.7889289551501,0 6.0347336635155,44.7891389633802,0 6.03492645891717,44.7893236109316,0 6.0353499271739,44.7890869489488,0 6.035041900239859,44.7887950876032,0 
						</coordinates>
					</LinearRing>
				</outerBoundaryIs>
			</Polygon>
		</Placemark>
		<Placemark id="parcelles-des-personnes-morales_05_groupe_personne_4.25579">
		<styleUrl>#COM</styleUrl>			<visibility>0</visibility>
			<ExtendedData>
				<SchemaData schemaUrl="#parcelles-des-personnes-morales_05_groupe_personne_4.schema">
					<SimpleData name="Numero de Parcelle">051420000C1496</SimpleData>
					<SimpleData name="Departement">05</SimpleData>
					<SimpleData name="Commune">SAINT-FIRMIN</SimpleData>
					<SimpleData name="Adresse">LES BLACHES</SimpleData>
					<SimpleData name="Groupe de personne">Commune</SimpleData>
					<SimpleData name="Forme Juridique Abregee">COM</SimpleData>
					<SimpleData name="Denomination">COMMUNE DE SAINT FIRMIN</SimpleData>
				</SchemaData>
			</ExtendedData>
	<Region>
		<LatLonAltBox>
			<north> 44.7880337592048 </north>
			<south> 44.7862122079629 </south>
			<east> 6.03410852833473 </east>
			<west> 6.03099296813883 </west>
		</LatLonAltBox>
		<Lod>
			<minLodPixels>100</minLodPixels>
			<maxLodPixels>-1</maxLodPixels>
		</Lod>
	</Region>
			<Polygon><altitudeMode>relativeToGround</altitudeMode>
				<outerBoundaryIs>
					<LinearRing>
						<coordinates>							6.03410852833473,44.7867814551538,0 6.0339250988509,44.7867232280239,0 6.03386875049043,44.7867363932263,0 6.03359129848148,44.7870903248177,0 6.033463335773441,44.7870752672216,0 6.03324685296051,44.7869719036053,0 6.03325112978776,44.7868260981414,0 6.033044427074121,44.7867703085096,0 6.032829403092789,44.7865814012741,0 6.0328724263549,44.7865135514226,0 6.03280568123908,44.7864020347713,0 6.03277570191663,44.7862122079629,0 6.03243441334793,44.7862459635266,0 6.03240581087849,44.786398200744,0 6.03248867148141,44.7865176557563,0 6.0325441589334,44.7866151550665,0 6.03261353837987,44.7866113645384,0 6.032566885510441,44.7866729166469,0 6.032771333369911,44.7868182361036,0 6.03272252966335,44.7868469613918,0 6.03267505326525,44.7868580812385,0 6.03243569853322,44.7868208431748,0 6.032407010711609,44.7866666597055,0 6.032347198638749,44.7867492942984,0 6.032277384584359,44.7868716654082,0 6.03227701904787,44.7870595295817,0 6.03226918328577,44.7871159650799,0 6.03191775802952,44.7871518883064,0 6.03189256035426,44.7870694172732,0 6.03172051796516,44.7872058468726,0 6.031469406246841,44.7874057055919,0 6.03141076187816,44.7874373122886,0 6.03107130554969,44.787484077522,0 6.03099296813883,44.7878121040536,0 6.031009122273639,44.7878348174167,0 6.031089236615,44.7878939830229,0 6.031183152690169,44.7879252011362,0 6.03140519449726,44.7879557077412,0 6.03156455814254,44.7879571149212,0 6.0321157244596,44.7879345589238,0 6.03221754272382,44.7879504235284,0 6.03228578967623,44.7879818925345,0 6.03234944384465,44.7880337592048,0 6.032969262236809,44.7880220243902,0 6.03311388726802,44.7878347170101,0 6.03328239808703,44.7876399082411,0 6.03341995889927,44.7875116277627,0 6.03339547543631,44.7874963505471,0 6.03338373856706,44.7873093580777,0 6.033411965791241,44.7872580405108,0 6.03353449544628,44.7871700846959,0 6.03358792819066,44.787180244764,0 6.03354499803174,44.7873740493607,0 6.033599565501401,44.7873138118362,0 6.03367543587582,44.7872028966718,0 6.033940315779561,44.7869301269303,0 6.03410852833473,44.7867814551538,0 
						</coordinates>
					</LinearRing>
				</outerBoundaryIs>
			</Polygon>
		</Placemark>
		<Placemark id="parcelles-des-personnes-morales_05_groupe_personne_4.25595">
		<styleUrl>#COM</styleUrl>			<visibility>0</visibility>
			<ExtendedData>
				<SchemaData schemaUrl="#parcelles-des-personnes-morales_05_groupe_personne_4.schema">
					<SimpleData name="Numero de Parcelle">051420000D1497</SimpleData>
					<SimpleData name="Departement">05</SimpleData>
					<SimpleData name="Commune">SAINT-FIRMIN</SimpleData>
					<SimpleData name="Adresse">LES OULES</SimpleData>
					<SimpleData name="Groupe de personne">Commune</SimpleData>
					<SimpleData name="Forme Juridique Abregee">COM</SimpleData>
					<SimpleData name="Denomination">COMMUNE DE SAINT FIRMIN</SimpleData>
				</SchemaData>
			</ExtendedData>
	<Region>
		<LatLonAltBox>
			<north> 44.7892046765835 </north>
			<south> 44.7890909615617 </south>
			<east> 6.034489414567661 </east>
			<west> 6.03423133976772 </west>
		</LatLonAltBox>
		<Lod>
			<minLodPixels>100</minLodPixels>
			<maxLodPixels>-1</maxLodPixels>
		</Lod>
	</Region>
			<Polygon><altitudeMode>relativeToGround</altitudeMode>
				<outerBoundaryIs>
					<LinearRing>
						<coordinates>							6.03440673566016,44.7892046765835,0 6.034489414567661,44.7890909615617,0 6.034430342378121,44.7891310508056,0 6.03439589140897,44.7891467701233,0 6.03423133976772,44.7891430763033,0 6.03435384052692,44.7891787349627,0 6.03440673566016,44.7892046765835,0 
						</coordinates>
					</LinearRing>
				</outerBoundaryIs>
			</Polygon>
		</Placemark>
		<Placemark id="parcelles-des-personnes-morales_05_groupe_personne_4.25617">
		<styleUrl>#COM</styleUrl>			<visibility>0</visibility>
			<ExtendedData>
				<SchemaData schemaUrl="#parcelles-des-personnes-morales_05_groupe_personne_4.schema">
					<SimpleData name="Numero de Parcelle">051420000D1498</SimpleData>
					<SimpleData name="Departement">05</SimpleData>
					<SimpleData name="Commune">SAINT-FIRMIN</SimpleData>
					<SimpleData name="Adresse">LES OULES</SimpleData>
					<SimpleData name="Groupe de personne">Commune</SimpleData>
					<SimpleData name="Forme Juridique Abregee">COM</SimpleData>
					<SimpleData name="Denomination">COMMUNE DE SAINT FIRMIN</SimpleData>
				</SchemaData>
			</ExtendedData>
	<Region>
		<LatLonAltBox>
			<north> 44.7912378477812 </north>
			<south> 44.7890909615617 </south>
			<east> 6.03475206773493 </east>
			<west> 6.0339248799871 </west>
		</LatLonAltBox>
		<Lod>
			<minLodPixels>100</minLodPixels>
			<maxLodPixels>-1</maxLodPixels>
		</Lod>
	</Region>
			<Polygon><altitudeMode>relativeToGround</altitudeMode>
				<outerBoundaryIs>
					<LinearRing>
						<coordinates>							6.03440673566016,44.7892046765835,0 6.03443359046621,44.7892661991052,0 6.034475564367041,44.7894554271635,0 6.034497099187969,44.7894887144366,0 6.03458234508703,44.7895959397041,0 6.03457175597239,44.7896646140996,0 6.0345984256658,44.7897789391639,0 6.03459134991484,44.7898330115718,0 6.0342021075476,44.7901858610308,0 6.033977699386531,44.7899546859454,0 6.0339248799871,44.7899817197022,0 6.033973740081441,44.7900993116709,0 6.03405559421558,44.7902069906039,0 6.034188115171121,44.7903086874232,0 6.03423112681286,44.7903765250673,0 6.03428495440962,44.7904736187726,0 6.03430565249494,44.7905640512194,0 6.034253727766131,44.7907623371694,0 6.03425250053651,44.7908825616718,0 6.03430343899156,44.7909073856912,0 6.03425045925571,44.7909009975742,0 6.03421702098437,44.7909917408345,0 6.034208025005361,44.7910594706132,0 6.0342754264158,44.7910939349482,0 6.03435936885612,44.7911207385421,0 6.03459090395632,44.7912354012624,0 6.03461014160992,44.7912378477812,0 6.03460103702164,44.7911395296794,0 6.03460233152002,44.7910205646746,0 6.03465384512865,44.7906342549462,0 6.03468145843899,44.7904028476427,0 6.03466071698545,44.7902530417752,0 6.034666864887911,44.7901817860174,0 6.034710882591421,44.7899308287649,0 6.0347358650691,44.7898053588118,0 6.03475206773493,44.7896297644158,0 6.034738322234311,44.7895673424065,0 6.03470243865421,44.7895143561861,0 6.03467231869557,44.7894158026974,0 6.03464061436602,44.7893441418223,0 6.03458868199795,44.7892633943011,0 6.034489414567661,44.7890909615617,0 6.03440673566016,44.7892046765835,0 
						</coordinates>
					</LinearRing>
				</outerBoundaryIs>
			</Polygon>
		</Placemark>
		<Placemark id="parcelles-des-personnes-morales_05_groupe_personne_4.25924">
		<styleUrl>#COM</styleUrl>			<visibility>0</visibility>
			<ExtendedData>
				<SchemaData schemaUrl="#parcelles-des-personnes-morales_05_groupe_personne_4.schema">
					<SimpleData name="Numero de Parcelle">05142000AE0150</SimpleData>
					<SimpleData name="Departement">05</SimpleData>
					<SimpleData name="Commune">SAINT-FIRMIN</SimpleData>
					<SimpleData name="Adresse">LE BOURG</SimpleData>
					<SimpleData name="Groupe de personne">Commune</SimpleData>
					<SimpleData name="Forme Juridique Abregee">COM</SimpleData>
					<SimpleData name="Denomination">COMMUNE DE SAINT FIRMIN</SimpleData>
				</SchemaData>
			</ExtendedData>
	<Region>
		<LatLonAltBox>
			<north> 44.7809581310823 </north>
			<south> 44.7807713933797 </south>
			<east> 6.03065893575294 </east>
			<west> 6.030241299468341 </west>
		</LatLonAltBox>
		<Lod>
			<minLodPixels>100</minLodPixels>
			<maxLodPixels>-1</maxLodPixels>
		</Lod>
	</Region>
			<Polygon><altitudeMode>relativeToGround</altitudeMode>
				<outerBoundaryIs>
					<LinearRing>
						<coordinates>							6.030241299468341,44.7809431536001,0 6.03036767000571,44.7809406889751,0 6.030451160174941,44.780945343313,0 6.03055645452107,44.7809508428516,0 6.03065893575294,44.7809581310823,0 6.03057205489502,44.780892933902,0 6.03049784895531,44.7808352285294,0 6.03045930014668,44.7808124068602,0 6.03041855505631,44.7807934293414,0 6.03038512096203,44.7807833517407,0 6.03034495307302,44.7807750800319,0 6.030311737035429,44.7807713933797,0 6.030241299468341,44.7809431536001,0 
						</coordinates>
					</LinearRing>
				</outerBoundaryIs>
			</Polygon>
		</Placemark>
		<Placemark id="parcelles-des-personnes-morales_05_groupe_personne_4.26142">
		<styleUrl>#COM</styleUrl>			<visibility>0</visibility>
			<ExtendedData>
				<SchemaData schemaUrl="#parcelles-des-personnes-morales_05_groupe_personne_4.schema">
					<SimpleData name="Numero de Parcelle">051420000D1507</SimpleData>
					<SimpleData name="Departement">05</SimpleData>
					<SimpleData name="Commune">SAINT-FIRMIN</SimpleData>
					<SimpleData name="Adresse">LE CREST</SimpleData>
					<SimpleData name="Groupe de personne">Commune</SimpleData>
					<SimpleData name="Forme Juridique Abregee">COM</SimpleData>
					<SimpleData name="Denomination">COMMUNE DE SAINT FIRMIN</SimpleData>
				</SchemaData>
			</ExtendedData>
	<Region>
		<LatLonAltBox>
			<north> 44.7895366809911 </north>
			<south> 44.789129988445 </south>
			<east> 6.039194226419069 </east>
			<west> 6.038645764958849 </west>
		</LatLonAltBox>
		<Lod>
			<minLodPixels>100</minLodPixels>
			<maxLodPixels>-1</maxLodPixels>
		</Lod>
	</Region>
			<Polygon><altitudeMode>relativeToGround</altitudeMode>
				<outerBoundaryIs>
					<LinearRing>
						<coordinates>							6.03867435353058,44.7894179618189,0 6.038645764958849,44.7894578482906,0 6.039023776890671,44.7895366809911,0 6.039194226419069,44.789129988445,0 6.038982407911561,44.7891623757554,0 6.03900975358618,44.7892235234516,0 6.03894146024864,44.7893948709454,0 6.03867435353058,44.7894179618189,0 
						</coordinates>
					</LinearRing>
				</outerBoundaryIs>
			</Polygon>
		</Placemark>
		<Placemark id="parcelles-des-personnes-morales_05_groupe_personne_4.26304">
		<styleUrl>#COM</styleUrl>			<visibility>0</visibility>
			<ExtendedData>
				<SchemaData schemaUrl="#parcelles-des-personnes-morales_05_groupe_personne_4.schema">
					<SimpleData name="Numero de Parcelle">051420000D1510</SimpleData>
					<SimpleData name="Departement">05</SimpleData>
					<SimpleData name="Commune">SAINT-FIRMIN</SimpleData>
					<SimpleData name="Adresse">LE CREST</SimpleData>
					<SimpleData name="Groupe de personne">Commune</SimpleData>
					<SimpleData name="Forme Juridique Abregee">COM</SimpleData>
					<SimpleData name="Denomination">COMMUNE DE SAINT FIRMIN</SimpleData>
				</SchemaData>
			</ExtendedData>
	<Region>
		<LatLonAltBox>
			<north> 44.7891623757554 </north>
			<south> 44.7891041303614 </south>
			<east> 6.039194226419069 </east>
			<west> 6.03896861605835 </west>
		</LatLonAltBox>
		<Lod>
			<minLodPixels>100</minLodPixels>
			<maxLodPixels>-1</maxLodPixels>
		</Lod>
	</Region>
			<Polygon><altitudeMode>relativeToGround</altitudeMode>
				<outerBoundaryIs>
					<LinearRing>
						<coordinates>							6.038980650211201,44.7891041303614,0 6.03896861605835,44.7891319403167,0 6.038982407911561,44.7891623757554,0 6.039194226419069,44.789129988445,0 6.038980650211201,44.7891041303614,0 
						</coordinates>
					</LinearRing>
				</outerBoundaryIs>
			</Polygon>
		</Placemark>
		<Placemark id="parcelles-des-personnes-morales_05_groupe_personne_4.26313">
		<styleUrl>#COM</styleUrl>			<visibility>0</visibility>
			<ExtendedData>
				<SchemaData schemaUrl="#parcelles-des-personnes-morales_05_groupe_personne_4.schema">
					<SimpleData name="Numero de Parcelle">051420000C1510</SimpleData>
					<SimpleData name="Departement">05</SimpleData>
					<SimpleData name="Commune">SAINT-FIRMIN</SimpleData>
					<SimpleData name="Adresse">LAPRES</SimpleData>
					<SimpleData name="Groupe de personne">Commune</SimpleData>
					<SimpleData name="Forme Juridique Abregee">COM</SimpleData>
					<SimpleData name="Denomination">COMMUNE DE SAINT FIRMIN</SimpleData>
				</SchemaData>
			</ExtendedData>
	<Region>
		<LatLonAltBox>
			<north> 44.7861133197622 </north>
			<south> 44.7849220234762 </south>
			<east> 6.03546724308634 </east>
			<west> 6.034811563135349 </west>
		</LatLonAltBox>
		<Lod>
			<minLodPixels>100</minLodPixels>
			<maxLodPixels>-1</maxLodPixels>
		</Lod>
	</Region>
			<Polygon><altitudeMode>relativeToGround</altitudeMode>
				<outerBoundaryIs>
					<LinearRing>
						<coordinates>							6.03520867660038,44.7852625508109,0 6.03511260378298,44.7854631273159,0 6.03504213725805,44.7855029884208,0 6.03497696534507,44.7856783920711,0 6.03487843791328,44.7858265084444,0 6.0348422195689,44.7859195804279,0 6.03482088335139,44.7860281922132,0 6.034811563135349,44.7861133197622,0 6.03507292905268,44.7858623569738,0 6.03515649100302,44.7857252818443,0 6.03521757604981,44.785579632248,0 6.035318512203441,44.7853988340977,0 6.035366560496199,44.7852718313728,0 6.03546724308634,44.7849668849728,0 6.035335397856781,44.7849220234762,0 6.03520867660038,44.7852625508109,0 
						</coordinates>
					</LinearRing>
				</outerBoundaryIs>
			</Polygon>
		</Placemark>
		<Placemark id="parcelles-des-personnes-morales_05_groupe_personne_4.27472">
		<styleUrl>#COM</styleUrl>			<visibility>0</visibility>
			<ExtendedData>
				<SchemaData schemaUrl="#parcelles-des-personnes-morales_05_groupe_personne_4.schema">
					<SimpleData name="Numero de Parcelle">05142000AE0155</SimpleData>
					<SimpleData name="Departement">05</SimpleData>
					<SimpleData name="Commune">SAINT-FIRMIN</SimpleData>
					<SimpleData name="Adresse">LE BOURG</SimpleData>
					<SimpleData name="Groupe de personne">Commune</SimpleData>
					<SimpleData name="Forme Juridique Abregee">COM</SimpleData>
					<SimpleData name="Denomination">COMMUNE DE SAINT FIRMIN</SimpleData>
				</SchemaData>
			</ExtendedData>
	<Region>
		<LatLonAltBox>
			<north> 44.7815328977506 </north>
			<south> 44.7814449347362 </south>
			<east> 6.03018784329201 </east>
			<west> 6.030053984218979 </west>
		</LatLonAltBox>
		<Lod>
			<minLodPixels>100</minLodPixels>
			<maxLodPixels>-1</maxLodPixels>
		</Lod>
	</Region>
			<Polygon><altitudeMode>relativeToGround</altitudeMode>
				<outerBoundaryIs>
					<LinearRing>
						<coordinates>							6.03014804424696,44.7814449347362,0 6.030053984218979,44.7814624628952,0 6.03007388273702,44.781477235405,0 6.030110786549601,44.7815328977506,0 6.03018784329201,44.7815050227727,0 6.03015229960072,44.7814511252135,0 6.03014804424696,44.7814449347362,0 
						</coordinates>
					</LinearRing>
				</outerBoundaryIs>
			</Polygon>
		</Placemark>
		<Placemark id="parcelles-des-personnes-morales_05_groupe_personne_4.28080">
		<styleUrl>#COM</styleUrl>			<visibility>0</visibility>
			<ExtendedData>
				<SchemaData schemaUrl="#parcelles-des-personnes-morales_05_groupe_personne_4.schema">
					<SimpleData name="Numero de Parcelle">05142000AE0157</SimpleData>
					<SimpleData name="Departement">05</SimpleData>
					<SimpleData name="Commune">SAINT-FIRMIN</SimpleData>
					<SimpleData name="Adresse">LE BOURG</SimpleData>
					<SimpleData name="Groupe de personne">Commune</SimpleData>
					<SimpleData name="Forme Juridique Abregee">COM</SimpleData>
					<SimpleData name="Denomination">COMMUNE DE SAINT FIRMIN</SimpleData>
				</SchemaData>
			</ExtendedData>
	<Region>
		<LatLonAltBox>
			<north> 44.7815003402777 </north>
			<south> 44.7813044927116 </south>
			<east> 6.03016104702345 </east>
			<west> 6.029594668671029 </west>
		</LatLonAltBox>
		<Lod>
			<minLodPixels>100</minLodPixels>
			<maxLodPixels>-1</maxLodPixels>
		</Lod>
	</Region>
			<Polygon><altitudeMode>relativeToGround</altitudeMode>
				<outerBoundaryIs>
					<LinearRing>
						<coordinates>							6.03014730461894,44.7813044927116,0 6.030024823720441,44.7813181129148,0 6.029594668671029,44.7813596060523,0 6.02962426572123,44.7815003402777,0 6.029697468371529,44.781487797516,0 6.029741131393891,44.7814811078031,0 6.02981692458963,44.78145795271,0 6.02994105030605,44.7814208623833,0 6.03012853604039,44.7813623080305,0 6.030146983114921,44.7813642362494,0 6.03015679824924,44.7813515343857,0 6.03016050161293,44.7813380986666,0 6.03016104702345,44.7813247492995,0 6.03014730461894,44.7813044927116,0 
						</coordinates>
					</LinearRing>
				</outerBoundaryIs>
			</Polygon>
		</Placemark>
		<Placemark id="parcelles-des-personnes-morales_05_groupe_personne_4.28399">
		<styleUrl>#COM</styleUrl>			<visibility>0</visibility>
			<ExtendedData>
				<SchemaData schemaUrl="#parcelles-des-personnes-morales_05_groupe_personne_4.schema">
					<SimpleData name="Numero de Parcelle">05142000AE0158</SimpleData>
					<SimpleData name="Departement">05</SimpleData>
					<SimpleData name="Commune">SAINT-FIRMIN</SimpleData>
					<SimpleData name="Adresse">205, PL ROBERT MEYER</SimpleData>
					<SimpleData name="Groupe de personne">Commune</SimpleData>
					<SimpleData name="Forme Juridique Abregee">COM</SimpleData>
					<SimpleData name="Denomination">COMMUNE DE SAINT FIRMIN</SimpleData>
				</SchemaData>
			</ExtendedData>
	<Region>
		<LatLonAltBox>
			<north> 44.7813596060523 </north>
			<south> 44.7810230351673 </south>
			<east> 6.030270048338249 </east>
			<west> 6.029547691507161 </west>
		</LatLonAltBox>
		<Lod>
			<minLodPixels>100</minLodPixels>
			<maxLodPixels>-1</maxLodPixels>
		</Lod>
	</Region>
			<Polygon><altitudeMode>relativeToGround</altitudeMode>
				<outerBoundaryIs>
					<LinearRing>
						<coordinates>							6.03023599151018,44.7810230351673,0 6.02990844074818,44.7810810948058,0 6.029547691507161,44.7811451966366,0 6.029594668671029,44.7813596060523,0 6.030024823720441,44.7813181129148,0 6.03014730461894,44.7813044927116,0 6.03013979076725,44.7811815346787,0 6.03026817961015,44.7811625271216,0 6.03026481906496,44.7811471222198,0 6.0302586213348,44.7811307137298,0 6.030270048338249,44.7811291398877,0 6.030250373847331,44.7810575096712,0 6.030238946857889,44.7810590835114,0 6.030233225095019,44.7810444639586,0 6.03023289596346,44.7810313187016,0 6.03023599151018,44.7810230351673,0 
						</coordinates>
					</LinearRing>
				</outerBoundaryIs>
			</Polygon>
		</Placemark>
		<Placemark id="parcelles-des-personnes-morales_05_groupe_personne_4.28668">
		<styleUrl>#COM</styleUrl>			<visibility>0</visibility>
			<ExtendedData>
				<SchemaData schemaUrl="#parcelles-des-personnes-morales_05_groupe_personne_4.schema">
					<SimpleData name="Numero de Parcelle">05142000AE0159</SimpleData>
					<SimpleData name="Departement">05</SimpleData>
					<SimpleData name="Commune">SAINT-FIRMIN</SimpleData>
					<SimpleData name="Adresse">LE BOURG</SimpleData>
					<SimpleData name="Groupe de personne">Commune</SimpleData>
					<SimpleData name="Forme Juridique Abregee">COM</SimpleData>
					<SimpleData name="Denomination">COMMUNE DE SAINT FIRMIN</SimpleData>
				</SchemaData>
			</ExtendedData>
	<Region>
		<LatLonAltBox>
			<north> 44.781376237405 </north>
			<south> 44.7811451966366 </south>
			<east> 6.029594668671029 </east>
			<west> 6.02915676602013 </west>
		</LatLonAltBox>
		<Lod>
			<minLodPixels>100</minLodPixels>
			<maxLodPixels>-1</maxLodPixels>
		</Lod>
	</Region>
			<Polygon><altitudeMode>relativeToGround</altitudeMode>
				<outerBoundaryIs>
					<LinearRing>
						<coordinates>							6.029594668671029,44.7813596060523,0 6.029547691507161,44.7811451966366,0 6.02915676602013,44.7812103924453,0 6.029177767940279,44.7813465865262,0 6.0294302725661,44.7813442789029,0 6.02943452504408,44.781376237405,0 6.029594668671029,44.7813596060523,0 
						</coordinates>
					</LinearRing>
				</outerBoundaryIs>
			</Polygon>
		</Placemark>
		<Placemark id="parcelles-des-personnes-morales_05_groupe_personne_4.29201">
		<styleUrl>#COM</styleUrl>			<visibility>0</visibility>
			<ExtendedData>
				<SchemaData schemaUrl="#parcelles-des-personnes-morales_05_groupe_personne_4.schema">
					<SimpleData name="Numero de Parcelle">051420000C0160</SimpleData>
					<SimpleData name="Departement">05</SimpleData>
					<SimpleData name="Commune">SAINT-FIRMIN</SimpleData>
					<SimpleData name="Adresse">LES HUBACS DE CHAMOUSSET</SimpleData>
					<SimpleData name="Groupe de personne">Commune</SimpleData>
					<SimpleData name="Forme Juridique Abregee">COM</SimpleData>
					<SimpleData name="Denomination">COMMUNE DE SAINT FIRMIN</SimpleData>
				</SchemaData>
			</ExtendedData>
	<Region>
		<LatLonAltBox>
			<north> 44.8099575946003 </north>
			<south> 44.8047693560935 </south>
			<east> 6.03030944716936 </east>
			<west> 6.0256078778628 </west>
		</LatLonAltBox>
		<Lod>
			<minLodPixels>100</minLodPixels>
			<maxLodPixels>-1</maxLodPixels>
		</Lod>
	</Region>
			<Polygon><altitudeMode>relativeToGround</altitudeMode>
				<outerBoundaryIs>
					<LinearRing>
						<coordinates>							6.02970131934558,44.8075106196369,0 6.028847710546701,44.8070046153964,0 6.0285946746138,44.8068724162062,0 6.0282650543108,44.8066835642837,0 6.0280561044518,44.8065661972344,0 6.02785314808554,44.8064519997671,0 6.027627038911721,44.8063238383223,0 6.02760001230702,44.8063037636918,0 6.027538862473399,44.8062657903758,0 6.02750169456482,44.8062618499707,0 6.02750299139888,44.8061661301579,0 6.02754145291517,44.8059592052102,0 6.02755195394819,44.8057712436894,0 6.02755140536369,44.8056295340604,0 6.02760146253612,44.8055321222553,0 6.02764556442922,44.8054768588671,0 6.02772332656502,44.8053745458537,0 6.0279168423893,44.8050740986077,0 6.02794433515684,44.8047693560935,0 6.02788780731675,44.8047795494637,0 6.02660164758821,44.8050574850377,0 6.0256078778628,44.8052635463154,0 6.025761771830559,44.8057523635538,0 6.025771814057121,44.8063101578605,0 6.02578040937509,44.8069162844276,0 6.0257911952894,44.8069708598869,0 6.02626283805363,44.8070286235692,0 6.026666815213089,44.8072234701374,0 6.026798650088091,44.8079721017444,0 6.02836656270723,44.8080174009322,0 6.0283848718659,44.8081786274362,0 6.02844179162578,44.808363486237,0 6.0290418579699,44.8083897098356,0 6.02919804621692,44.8088311594969,0 6.02917713243134,44.809114640077,0 6.02914672109453,44.809135112441,0 6.02910702184654,44.8093166643169,0 6.029050132043531,44.8094775127034,0 6.02900232685015,44.809637842571,0 6.02896246596961,44.8097811970652,0 6.02894653582664,44.8099575946003,0 6.02969310620305,44.8098884527323,0 6.03030944716936,44.8098289019044,0 6.02970131934558,44.8075106196369,0 
						</coordinates>
					</LinearRing>
				</outerBoundaryIs>
			</Polygon>
		</Placemark>
		<Placemark id="parcelles-des-personnes-morales_05_groupe_personne_4.29778">
		<styleUrl>#COM</styleUrl>			<visibility>0</visibility>
			<ExtendedData>
				<SchemaData schemaUrl="#parcelles-des-personnes-morales_05_groupe_personne_4.schema">
					<SimpleData name="Numero de Parcelle">051420000C0162</SimpleData>
					<SimpleData name="Departement">05</SimpleData>
					<SimpleData name="Commune">SAINT-FIRMIN</SimpleData>
					<SimpleData name="Adresse">LES HUBACS DE CHAMOUSSET</SimpleData>
					<SimpleData name="Groupe de personne">Commune</SimpleData>
					<SimpleData name="Forme Juridique Abregee">COM</SimpleData>
					<SimpleData name="Denomination">COMMUNE DE SAINT FIRMIN</SimpleData>
				</SchemaData>
			</ExtendedData>
	<Region>
		<LatLonAltBox>
			<north> 44.806932945492 </north>
			<south> 44.8051077291493 </south>
			<east> 6.02573737335421 </east>
			<west> 6.02432128493107 </west>
		</LatLonAltBox>
		<Lod>
			<minLodPixels>100</minLodPixels>
			<maxLodPixels>-1</maxLodPixels>
		</Lod>
	</Region>
			<Polygon><altitudeMode>relativeToGround</altitudeMode>
				<outerBoundaryIs>
					<LinearRing>
						<coordinates>							6.02454435634477,44.806797746587,0 6.025165666243799,44.8066288890289,0 6.02536868378838,44.8069158980223,0 6.02542500654877,44.8068712940713,0 6.025509440244891,44.8068410594459,0 6.02562550928797,44.806932945492,0 6.02573737335421,44.8069185401601,0 6.02571766232331,44.8057558198774,0 6.02552726368711,44.8052024974611,0 6.02545078223463,44.8051077291493,0 6.02527143203345,44.8052695745661,0 6.02432128493107,44.8053104550726,0 6.024484182847439,44.8063499784555,0 6.02454435634477,44.806797746587,0 
						</coordinates>
					</LinearRing>
				</outerBoundaryIs>
			</Polygon>
		</Placemark>
		<Placemark id="parcelles-des-personnes-morales_05_groupe_personne_4.31120">
		<styleUrl>#COM</styleUrl>			<visibility>0</visibility>
			<ExtendedData>
				<SchemaData schemaUrl="#parcelles-des-personnes-morales_05_groupe_personne_4.schema">
					<SimpleData name="Numero de Parcelle">05142000AE0167</SimpleData>
					<SimpleData name="Departement">05</SimpleData>
					<SimpleData name="Commune">SAINT-FIRMIN</SimpleData>
					<SimpleData name="Adresse">LE BOURG</SimpleData>
					<SimpleData name="Groupe de personne">Commune</SimpleData>
					<SimpleData name="Forme Juridique Abregee">COM</SimpleData>
					<SimpleData name="Denomination">COMMUNE DE SAINT FIRMIN</SimpleData>
				</SchemaData>
			</ExtendedData>
	<Region>
		<LatLonAltBox>
			<north> 44.7818376351394 </north>
			<south> 44.7815556145766 </south>
			<east> 6.02837899087744 </east>
			<west> 6.02783187197007 </west>
		</LatLonAltBox>
		<Lod>
			<minLodPixels>100</minLodPixels>
			<maxLodPixels>-1</maxLodPixels>
		</Lod>
	</Region>
			<Polygon><altitudeMode>relativeToGround</altitudeMode>
				<outerBoundaryIs>
					<LinearRing>
						<coordinates>							6.02836866940083,44.7817602647032,0 6.02837899087744,44.781742864096,0 6.02836873195413,44.7816886354088,0 6.02835995979529,44.7816338255066,0 6.028355758239801,44.7816262820312,0 6.02833838859112,44.7815950423543,0 6.02824809065687,44.7815556145766,0 6.02798304600675,44.7815905170609,0 6.02785121157543,44.7816395284634,0 6.02783187197007,44.7817337583521,0 6.02806717110042,44.7818323827888,0 6.02811565256169,44.7818376351394,0 6.02816121991364,44.7818357592931,0 6.028276035387011,44.781825413981,0 6.02831744053451,44.7818120292214,0 6.0283552965711,44.7817797308431,0 6.02836866940083,44.7817602647032,0 
						</coordinates>
					</LinearRing>
				</outerBoundaryIs>
			</Polygon>
		</Placemark>
		<Placemark id="parcelles-des-personnes-morales_05_groupe_personne_4.31356">
		<styleUrl>#COM</styleUrl>			<visibility>0</visibility>
			<ExtendedData>
				<SchemaData schemaUrl="#parcelles-des-personnes-morales_05_groupe_personne_4.schema">
					<SimpleData name="Numero de Parcelle">051420000C0168</SimpleData>
					<SimpleData name="Departement">05</SimpleData>
					<SimpleData name="Commune">SAINT-FIRMIN</SimpleData>
					<SimpleData name="Adresse">LA GAGONNIERE NALE</SimpleData>
					<SimpleData name="Groupe de personne">Commune</SimpleData>
					<SimpleData name="Forme Juridique Abregee">COM</SimpleData>
					<SimpleData name="Denomination">COMMUNE DE SAINT FIRMIN</SimpleData>
				</SchemaData>
			</ExtendedData>
	<Region>
		<LatLonAltBox>
			<north> 44.8101308151558 </north>
			<south> 44.8100155284885 </south>
			<east> 6.02565812166809 </east>
			<west> 6.02559065380188 </west>
		</LatLonAltBox>
		<Lod>
			<minLodPixels>100</minLodPixels>
			<maxLodPixels>-1</maxLodPixels>
		</Lod>
	</Region>
			<Polygon><altitudeMode>relativeToGround</altitudeMode>
				<outerBoundaryIs>
					<LinearRing>
						<coordinates>							6.025606674894641,44.8101273538106,0 6.02565812166809,44.8101308151558,0 6.02559065380188,44.8100155284885,0 6.025606674894641,44.8101273538106,0 
						</coordinates>
					</LinearRing>
				</outerBoundaryIs>
			</Polygon>
		</Placemark>
		<Placemark id="parcelles-des-personnes-morales_05_groupe_personne_4.31604">
		<styleUrl>#COM</styleUrl>			<visibility>0</visibility>
			<ExtendedData>
				<SchemaData schemaUrl="#parcelles-des-personnes-morales_05_groupe_personne_4.schema">
					<SimpleData name="Numero de Parcelle">051420000C0169</SimpleData>
					<SimpleData name="Departement">05</SimpleData>
					<SimpleData name="Commune">SAINT-FIRMIN</SimpleData>
					<SimpleData name="Adresse">LA GAGONNIERE NALE</SimpleData>
					<SimpleData name="Groupe de personne">Commune</SimpleData>
					<SimpleData name="Forme Juridique Abregee">COM</SimpleData>
					<SimpleData name="Denomination">COMMUNE DE SAINT FIRMIN</SimpleData>
				</SchemaData>
			</ExtendedData>
	<Region>
		<LatLonAltBox>
			<north> 44.8101242612711 </north>
			<south> 44.8081917118082 </south>
			<east> 6.02557803037225 </east>
			<west> 6.02342841472216 </west>
		</LatLonAltBox>
		<Lod>
			<minLodPixels>100</minLodPixels>
			<maxLodPixels>-1</maxLodPixels>
		</Lod>
	</Region>
			<Polygon><altitudeMode>relativeToGround</altitudeMode>
				<outerBoundaryIs>
					<LinearRing>
						<coordinates>							6.02449863512831,44.8082736313567,0 6.02479141422528,44.8085563909219,0 6.02491906189594,44.8087104901231,0 6.02503797156451,44.8088856403222,0 6.02511653920216,44.8090519803734,0 6.02517368961361,44.8091449340851,0 6.02510082654004,44.8091973772435,0 6.02502841732032,44.8092394466651,0 6.02484098383811,44.8093242975381,0 6.02468025335453,44.8093926523908,0 6.02448902091801,44.8094610282041,0 6.024338090496769,44.8094974907083,0 6.02421817891758,44.8094988695613,0 6.023962484398819,44.8094818777612,0 6.023842468750871,44.8094695641144,0 6.023759930347899,44.809478662687,0 6.02367478533262,44.8094934183765,0 6.02353137560971,44.809544991359,0 6.02342841472216,44.8095861809993,0 6.02359154267616,44.8096140776422,0 6.02396367195703,44.8097108751251,0 6.02426263131745,44.8097885843153,0 6.024634877937591,44.8098687082309,0 6.02481859441698,44.8099146016872,0 6.02525501062872,44.8100487437118,0 6.02545062106012,44.8101039521331,0 6.02557803037225,44.8101242612711,0 6.02555376317321,44.8099697741686,0 6.02552150916897,44.8099278576377,0 6.025484734166861,44.8096163100933,0 6.02543817606137,44.8094873885236,0 6.02538259580293,44.8093624972696,0 6.02528323374363,44.8090826603331,0 6.025130810427839,44.8087364271879,0 6.025037042893421,44.8086004145309,0 6.02492991262356,44.8084700822016,0 6.02485406185097,44.8083635833,0 6.02472064891294,44.8081917118082,0 6.02449863512831,44.8082736313567,0 
						</coordinates>
					</LinearRing>
				</outerBoundaryIs>
			</Polygon>
		</Placemark>
		<Placemark id="parcelles-des-personnes-morales_05_groupe_personne_4.31788">
		<styleUrl>#COM</styleUrl>			<visibility>0</visibility>
			<ExtendedData>
				<SchemaData schemaUrl="#parcelles-des-personnes-morales_05_groupe_personne_4.schema">
					<SimpleData name="Numero de Parcelle">051420000A0017</SimpleData>
					<SimpleData name="Departement">05</SimpleData>
					<SimpleData name="Commune">SAINT-FIRMIN</SimpleData>
					<SimpleData name="Adresse">LE CANETON</SimpleData>
					<SimpleData name="Groupe de personne">Commune</SimpleData>
					<SimpleData name="Forme Juridique Abregee">COM</SimpleData>
					<SimpleData name="Denomination">COMMUNE DE SAINT FIRMIN</SimpleData>
				</SchemaData>
			</ExtendedData>
	<Region>
		<LatLonAltBox>
			<north> 44.794758356375 </north>
			<south> 44.7941722892661 </south>
			<east> 5.9880717030381 </east>
			<west> 5.987394651426439 </west>
		</LatLonAltBox>
		<Lod>
			<minLodPixels>100</minLodPixels>
			<maxLodPixels>-1</maxLodPixels>
		</Lod>
	</Region>
			<Polygon><altitudeMode>relativeToGround</altitudeMode>
				<outerBoundaryIs>
					<LinearRing>
						<coordinates>							5.987394651426439,44.7941844107016,0 5.98743792366427,44.7942486542604,0 5.98765960621806,44.7945485558186,0 5.98780792045718,44.794758356375,0 5.98799930072147,44.7946524698856,0 5.9880717030381,44.7946291652912,0 5.98806681905378,44.7944278417766,0 5.98805297766795,44.7942627081423,0 5.9879910737501,44.7942383391139,0 5.98794219031429,44.7942232593571,0 5.987726931183109,44.7941869869311,0 5.987553562106749,44.7941722892661,0 5.98746042337669,44.7941744392462,0 5.987394651426439,44.7941844107016,0 
						</coordinates>
					</LinearRing>
				</outerBoundaryIs>
			</Polygon>
		</Placemark>
		<Placemark id="parcelles-des-personnes-morales_05_groupe_personne_4.32514">
		<styleUrl>#COM</styleUrl>			<visibility>0</visibility>
			<ExtendedData>
				<SchemaData schemaUrl="#parcelles-des-personnes-morales_05_groupe_personne_4.schema">
					<SimpleData name="Numero de Parcelle">051420000C0172</SimpleData>
					<SimpleData name="Departement">05</SimpleData>
					<SimpleData name="Commune">SAINT-FIRMIN</SimpleData>
					<SimpleData name="Adresse">LA GAGONNIERE NALE</SimpleData>
					<SimpleData name="Groupe de personne">Commune</SimpleData>
					<SimpleData name="Forme Juridique Abregee">COM</SimpleData>
					<SimpleData name="Denomination">COMMUNE DE SAINT FIRMIN</SimpleData>
				</SchemaData>
			</ExtendedData>
	<Region>
		<LatLonAltBox>
			<north> 44.8083585403188 </north>
			<south> 44.8076155510848 </south>
			<east> 6.02469962656492 </east>
			<west> 6.02410483604647 </west>
		</LatLonAltBox>
		<Lod>
			<minLodPixels>100</minLodPixels>
			<maxLodPixels>-1</maxLodPixels>
		</Lod>
	</Region>
			<Polygon><altitudeMode>relativeToGround</altitudeMode>
				<outerBoundaryIs>
					<LinearRing>
						<coordinates>							6.024161291706589,44.8077248554511,0 6.0241363620764,44.8078895141993,0 6.02413944768826,44.8080620582024,0 6.02410933081955,44.8081820796369,0 6.02410483604647,44.8082231969279,0 6.02413487871387,44.8083016638886,0 6.02417692206125,44.8083585403188,0 6.024373794596331,44.8082892002357,0 6.02458274545453,44.8081950235621,0 6.02469962656492,44.8081656162662,0 6.0246359551372,44.8080713987218,0 6.02443598751418,44.8078198938582,0 6.02433213346125,44.8077033468134,0 6.02427438916649,44.8076533858353,0 6.02421321932734,44.8076220785026,0 6.02416515370771,44.8076155510848,0 6.024161291706589,44.8077248554511,0 
						</coordinates>
					</LinearRing>
				</outerBoundaryIs>
			</Polygon>
		</Placemark>
		<Placemark id="parcelles-des-personnes-morales_05_groupe_personne_4.34384">
		<styleUrl>#COM</styleUrl>			<visibility>0</visibility>
			<ExtendedData>
				<SchemaData schemaUrl="#parcelles-des-personnes-morales_05_groupe_personne_4.schema">
					<SimpleData name="Numero de Parcelle">051420000C0018</SimpleData>
					<SimpleData name="Departement">05</SimpleData>
					<SimpleData name="Commune">SAINT-FIRMIN</SimpleData>
					<SimpleData name="Adresse">COMBE BONNE</SimpleData>
					<SimpleData name="Groupe de personne">Commune</SimpleData>
					<SimpleData name="Forme Juridique Abregee">COM</SimpleData>
					<SimpleData name="Denomination">COMMUNE DE SAINT FIRMIN</SimpleData>
				</SchemaData>
			</ExtendedData>
	<Region>
		<LatLonAltBox>
			<north> 44.8126003765228 </north>
			<south> 44.8107991529085 </south>
			<east> 6.03196351363464 </east>
			<west> 6.02909683430071 </west>
		</LatLonAltBox>
		<Lod>
			<minLodPixels>100</minLodPixels>
			<maxLodPixels>-1</maxLodPixels>
		</Lod>
	</Region>
			<Polygon><altitudeMode>relativeToGround</altitudeMode>
				<outerBoundaryIs>
					<LinearRing>
						<coordinates>							6.02978032945495,44.8118367927707,0 6.02975995973388,44.8119519547843,0 6.02975771753091,44.8119643595597,0 6.03005977629192,44.8118175334527,0 6.03021546200189,44.8120522201096,0 6.03047174937255,44.8124389463984,0 6.03066575043547,44.8123162452294,0 6.03087200328695,44.812512157963,0 6.030995141480441,44.8125423085064,0 6.0311319372466,44.8126003765228,0 6.03137481977622,44.8125508493358,0 6.03196351363464,44.8124217689166,0 6.03190673879017,44.8120827484446,0 6.030733057594449,44.8115625324625,0 6.03052954886131,44.8108355035818,0 6.02909683430071,44.8107991529085,0 6.03004599594221,44.8110128793096,0 6.029814867306771,44.8116416865513,0 6.02978032945495,44.8118367927707,0 
						</coordinates>
					</LinearRing>
				</outerBoundaryIs>
			</Polygon>
		</Placemark>
		<Placemark id="parcelles-des-personnes-morales_05_groupe_personne_4.35245">
		<styleUrl>#COM</styleUrl>			<visibility>0</visibility>
			<ExtendedData>
				<SchemaData schemaUrl="#parcelles-des-personnes-morales_05_groupe_personne_4.schema">
					<SimpleData name="Numero de Parcelle">05142000AD0183</SimpleData>
					<SimpleData name="Departement">05</SimpleData>
					<SimpleData name="Commune">SAINT-FIRMIN</SimpleData>
					<SimpleData name="Adresse">SOUS LA ROUTE</SimpleData>
					<SimpleData name="Groupe de personne">Commune</SimpleData>
					<SimpleData name="Forme Juridique Abregee">COM</SimpleData>
					<SimpleData name="Denomination">COMMUNE DE SAINT FIRMIN</SimpleData>
				</SchemaData>
			</ExtendedData>
	<Region>
		<LatLonAltBox>
			<north> 44.775590121703 </north>
			<south> 44.7749446775578 </south>
			<east> 6.01554756991047 </east>
			<west> 6.01374237345301 </west>
		</LatLonAltBox>
		<Lod>
			<minLodPixels>100</minLodPixels>
			<maxLodPixels>-1</maxLodPixels>
		</Lod>
	</Region>
			<Polygon><altitudeMode>relativeToGround</altitudeMode>
				<outerBoundaryIs>
					<LinearRing>
						<coordinates>							6.01548459610017,44.775590121703,0 6.01554756991047,44.775573271619,0 6.01523685685912,44.775124215593,0 6.01493416710184,44.7751713739176,0 6.01474598785285,44.7752003697018,0 6.014156366328409,44.7750483800551,0 6.01374237345301,44.7749446775578,0 6.01394992658157,44.7753431160788,0 6.013965006081221,44.7753412643567,0 6.01410006125949,44.7753618266925,0 6.014152567081759,44.7753691378015,0 6.01434335556969,44.7754312500072,0 6.01447860670749,44.7754743307587,0 6.01453429578055,44.7754914657369,0 6.01496145955321,44.7755670572512,0 6.01538546133487,44.7755223638326,0 6.01548459610017,44.775590121703,0 
						</coordinates>
					</LinearRing>
				</outerBoundaryIs>
			</Polygon>
		</Placemark>
		<Placemark id="parcelles-des-personnes-morales_05_groupe_personne_4.35276">
		<styleUrl>#COM</styleUrl>			<visibility>0</visibility>
			<ExtendedData>
				<SchemaData schemaUrl="#parcelles-des-personnes-morales_05_groupe_personne_4.schema">
					<SimpleData name="Numero de Parcelle">051420000C0183</SimpleData>
					<SimpleData name="Departement">05</SimpleData>
					<SimpleData name="Commune">SAINT-FIRMIN</SimpleData>
					<SimpleData name="Adresse">LA GAGONNIERE NALE</SimpleData>
					<SimpleData name="Groupe de personne">Commune</SimpleData>
					<SimpleData name="Forme Juridique Abregee">COM</SimpleData>
					<SimpleData name="Denomination">COMMUNE DE SAINT FIRMIN</SimpleData>
				</SchemaData>
			</ExtendedData>
	<Region>
		<LatLonAltBox>
			<north> 44.8069706129268 </north>
			<south> 44.8051781912688 </south>
			<east> 6.0221623729397 </east>
			<west> 6.01951103563842 </west>
		</LatLonAltBox>
		<Lod>
			<minLodPixels>100</minLodPixels>
			<maxLodPixels>-1</maxLodPixels>
		</Lod>
	</Region>
			<Polygon><altitudeMode>relativeToGround</altitudeMode>
				<outerBoundaryIs>
					<LinearRing>
						<coordinates>							6.01951103563842,44.8068662935653,0 6.01981372857893,44.8068655271545,0 6.02061045831218,44.8068189553628,0 6.02068380482792,44.8067990274402,0 6.02078213616186,44.8067918433035,0 6.02084814672425,44.8067767101552,0 6.020978702041771,44.8067191839759,0 6.021020842581879,44.8066837984156,0 6.02107588689446,44.8068413215018,0 6.02121790887835,44.8068958348343,0 6.02153871314057,44.8069706129268,0 6.021543309561519,44.8066842461133,0 6.021624676747371,44.806521653927,0 6.02174933229335,44.8063356275809,0 6.0221623729397,44.8057135039296,0 6.02190681312759,44.8055551404002,0 6.021936749110419,44.8054128704753,0 6.021833627575,44.805401535979,0 6.021465334593561,44.8054084207239,0 6.02129184292208,44.8053993639846,0 6.02093071330319,44.8053535246029,0 6.02059752960078,44.8052978227418,0 6.0202169611029,44.8052458434624,0 6.02011999634918,44.8052242486908,0 6.019981724710589,44.8051781912688,0 6.02000163785033,44.8053720801831,0 6.01995135987821,44.8057458246407,0 6.01998139805979,44.8060433207451,0 6.01995931878658,44.8061764563101,0 6.01991639333127,44.8063243952032,0 6.01986258303632,44.8064440695183,0 6.019753549136131,44.8066076841625,0 6.01962173793122,44.806771378491,0 6.01951103563842,44.8068662935653,0 
						</coordinates>
					</LinearRing>
				</outerBoundaryIs>
			</Polygon>
		</Placemark>
		<Placemark id="parcelles-des-personnes-morales_05_groupe_personne_4.35317">
		<styleUrl>#COM</styleUrl>			<visibility>0</visibility>
			<ExtendedData>
				<SchemaData schemaUrl="#parcelles-des-personnes-morales_05_groupe_personne_4.schema">
					<SimpleData name="Numero de Parcelle">051420000C1830</SimpleData>
					<SimpleData name="Departement">05</SimpleData>
					<SimpleData name="Commune">SAINT-FIRMIN</SimpleData>
					<SimpleData name="Adresse">LES PREAUX</SimpleData>
					<SimpleData name="Groupe de personne">Commune</SimpleData>
					<SimpleData name="Forme Juridique Abregee">COM</SimpleData>
					<SimpleData name="Denomination">COMMUNE DE SAINT FIRMIN</SimpleData>
				</SchemaData>
			</ExtendedData>
	<Region>
		<LatLonAltBox>
			<north> 44.7934751904174 </north>
			<south> 44.7932433956962 </south>
			<east> 6.024629940702559 </east>
			<west> 6.02439712191726 </west>
		</LatLonAltBox>
		<Lod>
			<minLodPixels>100</minLodPixels>
			<maxLodPixels>-1</maxLodPixels>
		</Lod>
	</Region>
			<Polygon><altitudeMode>relativeToGround</altitudeMode>
				<outerBoundaryIs>
					<LinearRing>
						<coordinates>							6.02440274151543,44.7932433956962,0 6.02440210263149,44.7932550357418,0 6.02439712191726,44.7934751904174,0 6.0244899451897,44.7934577914276,0 6.02459033461592,44.7934399155988,0 6.024612851999279,44.7933457796355,0 6.024629940702559,44.7932800825139,0 6.02440274151543,44.7932433956962,0 
						</coordinates>
					</LinearRing>
				</outerBoundaryIs>
			</Polygon>
		</Placemark>
		<Placemark id="parcelles-des-personnes-morales_05_groupe_personne_4.35460">
		<styleUrl>#COM</styleUrl>			<visibility>0</visibility>
			<ExtendedData>
				<SchemaData schemaUrl="#parcelles-des-personnes-morales_05_groupe_personne_4.schema">
					<SimpleData name="Numero de Parcelle">05142000AD0184</SimpleData>
					<SimpleData name="Departement">05</SimpleData>
					<SimpleData name="Commune">SAINT-FIRMIN</SimpleData>
					<SimpleData name="Adresse">SOUS LA ROUTE</SimpleData>
					<SimpleData name="Groupe de personne">Commune</SimpleData>
					<SimpleData name="Forme Juridique Abregee">COM</SimpleData>
					<SimpleData name="Denomination">COMMUNE DE SAINT FIRMIN</SimpleData>
				</SchemaData>
			</ExtendedData>
	<Region>
		<LatLonAltBox>
			<north> 44.7758335004355 </north>
			<south> 44.7753412643567 </south>
			<east> 6.01548459610017 </east>
			<west> 6.01394992658157 </west>
		</LatLonAltBox>
		<Lod>
			<minLodPixels>100</minLodPixels>
			<maxLodPixels>-1</maxLodPixels>
		</Lod>
	</Region>
			<Polygon><altitudeMode>relativeToGround</altitudeMode>
				<outerBoundaryIs>
					<LinearRing>
						<coordinates>							6.01420541948648,44.7758335004355,0 6.01478008852279,44.7757442572572,0 6.014991370022699,44.7757120200428,0 6.015135438726691,44.7756765659612,0 6.01548459610017,44.775590121703,0 6.01538546133487,44.7755223638326,0 6.01496145955321,44.7755670572512,0 6.01453429578055,44.7754914657369,0 6.01447860670749,44.7754743307587,0 6.01434335556969,44.7754312500072,0 6.014152567081759,44.7753691378015,0 6.01410006125949,44.7753618266925,0 6.013965006081221,44.7753412643567,0 6.01394992658157,44.7753431160788,0 6.01420541948648,44.7758335004355,0 
						</coordinates>
					</LinearRing>
				</outerBoundaryIs>
			</Polygon>
		</Placemark>
		<Placemark id="parcelles-des-personnes-morales_05_groupe_personne_4.35493">
		<styleUrl>#COM</styleUrl>			<visibility>0</visibility>
			<ExtendedData>
				<SchemaData schemaUrl="#parcelles-des-personnes-morales_05_groupe_personne_4.schema">
					<SimpleData name="Numero de Parcelle">051420000C0184</SimpleData>
					<SimpleData name="Departement">05</SimpleData>
					<SimpleData name="Commune">SAINT-FIRMIN</SimpleData>
					<SimpleData name="Adresse">LA GAGONNIERE</SimpleData>
					<SimpleData name="Groupe de personne">Commune</SimpleData>
					<SimpleData name="Forme Juridique Abregee">COM</SimpleData>
					<SimpleData name="Denomination">COMMUNE DE SAINT FIRMIN</SimpleData>
				</SchemaData>
			</ExtendedData>
	<Region>
		<LatLonAltBox>
			<north> 44.8069167469337 </north>
			<south> 44.8050760816689 </south>
			<east> 6.02000163785033 </east>
			<west> 6.0178276354639 </west>
		</LatLonAltBox>
		<Lod>
			<minLodPixels>100</minLodPixels>
			<maxLodPixels>-1</maxLodPixels>
		</Lod>
	</Region>
			<Polygon><altitudeMode>relativeToGround</altitudeMode>
				<outerBoundaryIs>
					<LinearRing>
						<coordinates>							6.01843778428329,44.8050779744303,0 6.01875502184536,44.8052656598149,0 6.01886946552742,44.8053487671566,0 6.0189458291753,44.8054439033203,0 6.01899120886683,44.8055347476165,0 6.01899241740696,44.8056067029374,0 6.01898225233812,44.8056789679839,0 6.01882525242428,44.8059297511402,0 6.018714568239369,44.806062686228,0 6.018559254765661,44.8061776455025,0 6.01839894382067,44.8062773338666,0 6.018277626959519,44.8063183878171,0 6.017852748266749,44.8064264491913,0 6.0178276354639,44.8064984903162,0 6.01785375407175,44.80655120739,0 6.01789050498146,44.8065968776917,0 6.01817243151289,44.8065983027733,0 6.01842165705464,44.8066129608834,0 6.018519310013529,44.8066308444445,0 6.01861878818287,44.8066567870382,0 6.01867460451594,44.8067133804235,0 6.01868288435226,44.8067544198296,0 6.018662686632631,44.8068260570524,0 6.01848872822062,44.8069167469337,0 6.01908315997593,44.806911552875,0 6.019320711965041,44.8068926500694,0 6.01951103563842,44.8068662935653,0 6.01962173793122,44.806771378491,0 6.019753549136131,44.8066076841625,0 6.01986258303632,44.8064440695183,0 6.01991639333127,44.8063243952032,0 6.01995931878658,44.8061764563101,0 6.01998139805979,44.8060433207451,0 6.01995135987821,44.8057458246407,0 6.02000163785033,44.8053720801831,0 6.019981724710589,44.8051781912688,0 6.01986763221625,44.8051558014872,0 6.01963511892858,44.8051552874581,0 6.0193589678631,44.8051575832045,0 6.019008380015891,44.8051406422623,0 6.01869355657516,44.8050874080095,0 6.01855031832346,44.8050760816689,0 6.01843778428329,44.8050779744303,0 
						</coordinates>
					</LinearRing>
				</outerBoundaryIs>
			</Polygon>
		</Placemark>
		<Placemark id="parcelles-des-personnes-morales_05_groupe_personne_4.35694">
		<styleUrl>#COM</styleUrl>			<visibility>0</visibility>
			<ExtendedData>
				<SchemaData schemaUrl="#parcelles-des-personnes-morales_05_groupe_personne_4.schema">
					<SimpleData name="Numero de Parcelle">05142000AD0185</SimpleData>
					<SimpleData name="Departement">05</SimpleData>
					<SimpleData name="Commune">SAINT-FIRMIN</SimpleData>
					<SimpleData name="Adresse">SOUS LA ROUTE</SimpleData>
					<SimpleData name="Groupe de personne">Commune</SimpleData>
					<SimpleData name="Forme Juridique Abregee">COM</SimpleData>
					<SimpleData name="Denomination">COMMUNE DE SAINT FIRMIN</SimpleData>
				</SchemaData>
			</ExtendedData>
	<Region>
		<LatLonAltBox>
			<north> 44.7760066750792 </north>
			<south> 44.7753431160788 </south>
			<east> 6.01420541948648 </east>
			<west> 6.01296579552459 </west>
		</LatLonAltBox>
		<Lod>
			<minLodPixels>100</minLodPixels>
			<maxLodPixels>-1</maxLodPixels>
		</Lod>
	</Region>
			<Polygon><altitudeMode>relativeToGround</altitudeMode>
				<outerBoundaryIs>
					<LinearRing>
						<coordinates>							6.01320138315393,44.7760066750792,0 6.013428316913341,44.7759667174117,0 6.01363143347721,44.7759355157522,0 6.01387150043938,44.7758880823252,0 6.014035863519811,44.7758607269894,0 6.01420541948648,44.7758335004355,0 6.01394992658157,44.7753431160788,0 6.01384372888157,44.7753559153222,0 6.01345946246607,44.7754056487758,0 6.01322149805165,44.7754474381748,0 6.01296579552459,44.7754934033511,0 6.01320138315393,44.7760066750792,0 
						</coordinates>
					</LinearRing>
				</outerBoundaryIs>
			</Polygon>
		</Placemark>
		<Placemark id="parcelles-des-personnes-morales_05_groupe_personne_4.35698">
		<styleUrl>#COM</styleUrl>			<visibility>0</visibility>
			<ExtendedData>
				<SchemaData schemaUrl="#parcelles-des-personnes-morales_05_groupe_personne_4.schema">
					<SimpleData name="Numero de Parcelle">05142000AE0185</SimpleData>
					<SimpleData name="Departement">05</SimpleData>
					<SimpleData name="Commune">SAINT-FIRMIN</SimpleData>
					<SimpleData name="Adresse">LE BOURG</SimpleData>
					<SimpleData name="Groupe de personne">Commune</SimpleData>
					<SimpleData name="Forme Juridique Abregee">COM</SimpleData>
					<SimpleData name="Denomination">COMMUNE DE SAINT FIRMIN</SimpleData>
				</SchemaData>
			</ExtendedData>
	<Region>
		<LatLonAltBox>
			<north> 44.7822625260265 </north>
			<south> 44.7821924898871 </south>
			<east> 6.028673694140059 </east>
			<west> 6.02861947737606 </west>
		</LatLonAltBox>
		<Lod>
			<minLodPixels>100</minLodPixels>
			<maxLodPixels>-1</maxLodPixels>
		</Lod>
	</Region>
			<Polygon><altitudeMode>relativeToGround</altitudeMode>
				<outerBoundaryIs>
					<LinearRing>
						<coordinates>							6.02861947737606,44.7822570560102,0 6.028666579427211,44.7822625260265,0 6.028673694140059,44.782206741347,0 6.0286445595358,44.7821942932547,0 6.02863472139695,44.7821924898871,0 6.02861947737606,44.7822570560102,0 
						</coordinates>
					</LinearRing>
				</outerBoundaryIs>
			</Polygon>
		</Placemark>
		<Placemark id="parcelles-des-personnes-morales_05_groupe_personne_4.35937">
		<styleUrl>#COM</styleUrl>			<visibility>0</visibility>
			<ExtendedData>
				<SchemaData schemaUrl="#parcelles-des-personnes-morales_05_groupe_personne_4.schema">
					<SimpleData name="Numero de Parcelle">05142000AD0186</SimpleData>
					<SimpleData name="Departement">05</SimpleData>
					<SimpleData name="Commune">SAINT-FIRMIN</SimpleData>
					<SimpleData name="Adresse">SOUS LA ROUTE</SimpleData>
					<SimpleData name="Groupe de personne">Commune</SimpleData>
					<SimpleData name="Forme Juridique Abregee">COM</SimpleData>
					<SimpleData name="Denomination">COMMUNE DE SAINT FIRMIN</SimpleData>
				</SchemaData>
			</ExtendedData>
	<Region>
		<LatLonAltBox>
			<north> 44.7754934033511 </north>
			<south> 44.7749251857931 </south>
			<east> 6.01394992658157 </east>
			<west> 6.01278018922827 </west>
		</LatLonAltBox>
		<Lod>
			<minLodPixels>100</minLodPixels>
			<maxLodPixels>-1</maxLodPixels>
		</Lod>
	</Region>
			<Polygon><altitudeMode>relativeToGround</altitudeMode>
				<outerBoundaryIs>
					<LinearRing>
						<coordinates>							6.01394992658157,44.7753431160788,0 6.01374237345301,44.7749446775578,0 6.01366163943033,44.7749369627723,0 6.013442055902689,44.7749251857931,0 6.013208554963341,44.7749864949071,0 6.01290496492839,44.7750593497069,0 6.01278018922827,44.7750889606016,0 6.012912794081051,44.7753777188022,0 6.01296579552459,44.7754934033511,0 6.01322149805165,44.7754474381748,0 6.01345946246607,44.7754056487758,0 6.01384372888157,44.7753559153222,0 6.01394992658157,44.7753431160788,0 
						</coordinates>
					</LinearRing>
				</outerBoundaryIs>
			</Polygon>
		</Placemark>
		<Placemark id="parcelles-des-personnes-morales_05_groupe_personne_4.35962">
		<styleUrl>#COM</styleUrl>			<visibility>0</visibility>
			<ExtendedData>
				<SchemaData schemaUrl="#parcelles-des-personnes-morales_05_groupe_personne_4.schema">
					<SimpleData name="Numero de Parcelle">051420000D0186</SimpleData>
					<SimpleData name="Departement">05</SimpleData>
					<SimpleData name="Commune">SAINT-FIRMIN</SimpleData>
					<SimpleData name="Adresse">PRE NEUF</SimpleData>
					<SimpleData name="Groupe de personne">Commune</SimpleData>
					<SimpleData name="Forme Juridique Abregee">COM</SimpleData>
					<SimpleData name="Denomination">COMMUNE DE SAINT FIRMIN</SimpleData>
				</SchemaData>
			</ExtendedData>
	<Region>
		<LatLonAltBox>
			<north> 44.7943554282122 </north>
			<south> 44.7941340195895 </south>
			<east> 6.03707870541339 </east>
			<west> 6.035911026293939 </west>
		</LatLonAltBox>
		<Lod>
			<minLodPixels>100</minLodPixels>
			<maxLodPixels>-1</maxLodPixels>
		</Lod>
	</Region>
			<Polygon><altitudeMode>relativeToGround</altitudeMode>
				<outerBoundaryIs>
					<LinearRing>
						<coordinates>							6.03596930159116,44.7941845002292,0 6.03612508244172,44.7942152814317,0 6.03630503457002,44.7942461210711,0 6.03645856548698,44.7942563309312,0 6.037031171750809,44.7943554282122,0 6.03704821310718,44.7943218951775,0 6.03707870541339,44.7942843896427,0 6.037075181578491,44.7942589883621,0 6.0370605487746,44.7942270439977,0 6.03703762586058,44.7942009128817,0 6.03699808381739,44.7941856885344,0 6.0365953684234,44.7941794232818,0 6.03635343372834,44.7941536157274,0 6.036081598981999,44.7941388077765,0 6.035911026293939,44.7941340195895,0 6.03596930159116,44.7941845002292,0 
						</coordinates>
					</LinearRing>
				</outerBoundaryIs>
			</Polygon>
		</Placemark>
		<Placemark id="parcelles-des-personnes-morales_05_groupe_personne_4.36181">
		<styleUrl>#COM</styleUrl>			<visibility>0</visibility>
			<ExtendedData>
				<SchemaData schemaUrl="#parcelles-des-personnes-morales_05_groupe_personne_4.schema">
					<SimpleData name="Numero de Parcelle">05142000AD0187</SimpleData>
					<SimpleData name="Departement">05</SimpleData>
					<SimpleData name="Commune">SAINT-FIRMIN</SimpleData>
					<SimpleData name="Adresse">SOUS LA ROUTE</SimpleData>
					<SimpleData name="Groupe de personne">Commune</SimpleData>
					<SimpleData name="Forme Juridique Abregee">COM</SimpleData>
					<SimpleData name="Denomination">COMMUNE DE SAINT FIRMIN</SimpleData>
				</SchemaData>
			</ExtendedData>
	<Region>
		<LatLonAltBox>
			<north> 44.7755487906974 </north>
			<south> 44.7750889606016 </south>
			<east> 6.012912794081051 </east>
			<west> 6.01236318169749 </west>
		</LatLonAltBox>
		<Lod>
			<minLodPixels>100</minLodPixels>
			<maxLodPixels>-1</maxLodPixels>
		</Lod>
	</Region>
			<Polygon><altitudeMode>relativeToGround</altitudeMode>
				<outerBoundaryIs>
					<LinearRing>
						<coordinates>							6.012912794081051,44.7753777188022,0 6.01278018922827,44.7750889606016,0 6.01269863380892,44.7751060440391,0 6.01236318169749,44.7752216585914,0 6.01252921062628,44.7755487906974,0 6.01267832096903,44.7754822995984,0 6.012912794081051,44.7753777188022,0 
						</coordinates>
					</LinearRing>
				</outerBoundaryIs>
			</Polygon>
		</Placemark>
		<Placemark id="parcelles-des-personnes-morales_05_groupe_personne_4.36416">
		<styleUrl>#COM</styleUrl>			<visibility>0</visibility>
			<ExtendedData>
				<SchemaData schemaUrl="#parcelles-des-personnes-morales_05_groupe_personne_4.schema">
					<SimpleData name="Numero de Parcelle">05142000AD0188</SimpleData>
					<SimpleData name="Departement">05</SimpleData>
					<SimpleData name="Commune">SAINT-FIRMIN</SimpleData>
					<SimpleData name="Adresse">SOUS LA ROUTE</SimpleData>
					<SimpleData name="Groupe de personne">Commune</SimpleData>
					<SimpleData name="Forme Juridique Abregee">COM</SimpleData>
					<SimpleData name="Denomination">COMMUNE DE SAINT FIRMIN</SimpleData>
				</SchemaData>
			</ExtendedData>
	<Region>
		<LatLonAltBox>
			<north> 44.7760734477279 </north>
			<south> 44.7753777188022 </south>
			<east> 6.01320138315393 </east>
			<west> 6.01252921062628 </west>
		</LatLonAltBox>
		<Lod>
			<minLodPixels>100</minLodPixels>
			<maxLodPixels>-1</maxLodPixels>
		</Lod>
	</Region>
			<Polygon><altitudeMode>relativeToGround</altitudeMode>
				<outerBoundaryIs>
					<LinearRing>
						<coordinates>							6.01277410844037,44.7760588369278,0 6.01278349289168,44.7760734477279,0 6.01320138315393,44.7760066750792,0 6.01296579552459,44.7754934033511,0 6.012912794081051,44.7753777188022,0 6.01267832096903,44.7754822995984,0 6.01252921062628,44.7755487906974,0 6.01277410844037,44.7760588369278,0 
						</coordinates>
					</LinearRing>
				</outerBoundaryIs>
			</Polygon>
		</Placemark>
		<Placemark id="parcelles-des-personnes-morales_05_groupe_personne_4.36420">
		<styleUrl>#COM</styleUrl>			<visibility>0</visibility>
			<ExtendedData>
				<SchemaData schemaUrl="#parcelles-des-personnes-morales_05_groupe_personne_4.schema">
					<SimpleData name="Numero de Parcelle">05142000AH0188</SimpleData>
					<SimpleData name="Departement">05</SimpleData>
					<SimpleData name="Commune">SAINT-FIRMIN</SimpleData>
					<SimpleData name="Adresse">LES AUDEMARDS</SimpleData>
					<SimpleData name="Groupe de personne">Commune</SimpleData>
					<SimpleData name="Forme Juridique Abregee">COM</SimpleData>
					<SimpleData name="Denomination">COMMUNE DE SAINT FIRMIN</SimpleData>
				</SchemaData>
			</ExtendedData>
	<Region>
		<LatLonAltBox>
			<north> 44.7785075626377 </north>
			<south> 44.7778048434092 </south>
			<east> 6.04312931783286 </east>
			<west> 6.04006126451801 </west>
		</LatLonAltBox>
		<Lod>
			<minLodPixels>100</minLodPixels>
			<maxLodPixels>-1</maxLodPixels>
		</Lod>
	</Region>
			<Polygon><altitudeMode>relativeToGround</altitudeMode>
				<outerBoundaryIs>
					<LinearRing>
						<coordinates>							6.04312931783286,44.778037495956,0 6.04296035168776,44.7780241165213,0 6.042479149633451,44.7779959749706,0 6.042248795521019,44.77797022468,0 6.041485046249671,44.7778774871022,0 6.04088847726167,44.7778048434092,0 6.040547958225949,44.7778331082861,0 6.04013943930585,44.777848371611,0 6.04006126451801,44.778105673895,0 6.04052082301364,44.7782926319374,0 6.0409423830654,44.7784669360675,0 6.04127423617616,44.7785075626377,0 6.04125736851518,44.7784576607732,0 6.04161907229779,44.7783836731707,0 6.04199565892267,44.778381354259,0 6.042529798756891,44.7783755190569,0 6.04312931783286,44.778037495956,0 
						</coordinates>
					</LinearRing>
				</outerBoundaryIs>
			</Polygon>
		</Placemark>
		<Placemark id="parcelles-des-personnes-morales_05_groupe_personne_4.36446">
		<styleUrl>#COM</styleUrl>			<visibility>0</visibility>
			<ExtendedData>
				<SchemaData schemaUrl="#parcelles-des-personnes-morales_05_groupe_personne_4.schema">
					<SimpleData name="Numero de Parcelle">051420000C0188</SimpleData>
					<SimpleData name="Departement">05</SimpleData>
					<SimpleData name="Commune">SAINT-FIRMIN</SimpleData>
					<SimpleData name="Adresse">LA GAGONNIERE</SimpleData>
					<SimpleData name="Groupe de personne">Commune</SimpleData>
					<SimpleData name="Forme Juridique Abregee">COM</SimpleData>
					<SimpleData name="Denomination">COMMUNE DE SAINT FIRMIN</SimpleData>
				</SchemaData>
			</ExtendedData>
	<Region>
		<LatLonAltBox>
			<north> 44.8088027218854 </north>
			<south> 44.8050469034207 </south>
			<east> 6.01721174890288 </east>
			<west> 6.01455116624241 </west>
		</LatLonAltBox>
		<Lod>
			<minLodPixels>100</minLodPixels>
			<maxLodPixels>-1</maxLodPixels>
		</Lod>
	</Region>
			<Polygon><altitudeMode>relativeToGround</altitudeMode>
				<outerBoundaryIs>
					<LinearRing>
						<coordinates>							6.01651335255429,44.806857619644,0 6.016416962805859,44.8068420424965,0 6.01638241618511,44.8068350538268,0 6.01633928808191,44.8068355965507,0 6.01629836852592,44.8067028244781,0 6.01620428204802,44.8064920326092,0 6.01615775589627,44.8063255362731,0 6.0160420346217,44.8061620035804,0 6.015876237506889,44.8061477736192,0 6.01579541984895,44.8061251952184,0 6.01572494978435,44.8060902621814,0 6.01563109148192,44.8059166741304,0 6.01557138753243,44.8058276597848,0 6.015295206159109,44.8054992873882,0 6.01513437140921,44.8053440085465,0 6.0150708097982,44.8052679828797,0 6.0149524002491,44.805120289467,0 6.01486797236602,44.8050469034207,0 6.01455116624241,44.8050957921484,0 6.014648180335849,44.8052268590998,0 6.014772667464589,44.8053675401272,0 6.0149183797157,44.8054980934611,0 6.015212873017351,44.805759746847,0 6.01536745763594,44.8059447476991,0 6.01544243357789,44.8060188410203,0 6.015541044593871,44.8061937415144,0 6.01560593365507,44.8063416289071,0 6.01566501172284,44.8065392281333,0 6.015717870614569,44.8066209505551,0 6.01578772361202,44.8068094270706,0 6.015819098658319,44.8069341699424,0 6.01583704883958,44.8070728827782,0 6.01583784827297,44.8071773745045,0 6.015927282702799,44.8073887437672,0 6.01593359062285,44.8074897520395,0 6.01592052804507,44.8076071444763,0 6.01593461857782,44.8076503685231,0 6.01597135409974,44.8077099149414,0 6.01610505152343,44.8078498937885,0 6.016079533862959,44.8080582635476,0 6.01616328678649,44.8082179810316,0 6.016210078557691,44.8084931283284,0 6.0162359357629,44.8085409876284,0 6.01628067356136,44.8085845491499,0 6.0163599921567,44.808638071678,0 6.01655766750028,44.8087131508405,0 6.01673110701725,44.8087611389686,0 6.01692470647861,44.8088027218854,0 6.016841793378789,44.8085054926005,0 6.016794952232959,44.8085005504328,0 6.01671547856671,44.808503073326,0 6.01671040877219,44.8084015808436,0 6.01672342575621,44.8082998665171,0 6.016930797903139,44.8082562023905,0 6.017085122933119,44.8082334426218,0 6.0171277953608,44.8082621037607,0 6.01721174890288,44.8082935156573,0 6.017192572319601,44.8082074534409,0 6.01714070750683,44.808196161092,0 6.0168818699213,44.8078022691465,0 6.016900966247019,44.8077619262337,0 6.01686415997293,44.8075903002544,0 6.01686213910383,44.8074843100424,0 6.01686791621775,44.8073444110324,0 6.01686676083336,44.8072521822519,0 6.0168141412257,44.8071018893125,0 6.01679605132254,44.8069959759903,0 6.01678108728376,44.80683042293,0 6.01651335255429,44.806857619644,0 
						</coordinates>
					</LinearRing>
				</outerBoundaryIs>
			</Polygon>
		</Placemark>
		<Placemark id="parcelles-des-personnes-morales_05_groupe_personne_4.36745">
		<styleUrl>#COM</styleUrl>			<visibility>0</visibility>
			<ExtendedData>
				<SchemaData schemaUrl="#parcelles-des-personnes-morales_05_groupe_personne_4.schema">
					<SimpleData name="Numero de Parcelle">051420000C1894</SimpleData>
					<SimpleData name="Departement">05</SimpleData>
					<SimpleData name="Commune">SAINT-FIRMIN</SimpleData>
					<SimpleData name="Adresse">LA COSTE</SimpleData>
					<SimpleData name="Groupe de personne">Commune</SimpleData>
					<SimpleData name="Forme Juridique Abregee">COM</SimpleData>
					<SimpleData name="Denomination">COMMUNE DE SAINT FIRMIN</SimpleData>
				</SchemaData>
			</ExtendedData>
	<Region>
		<LatLonAltBox>
			<north> 44.7948780530151 </north>
			<south> 44.7942234922678 </south>
			<east> 6.00848456313888 </east>
			<west> 6.00827855839101 </west>
		</LatLonAltBox>
		<Lod>
			<minLodPixels>100</minLodPixels>
			<maxLodPixels>-1</maxLodPixels>
		</Lod>
	</Region>
			<Polygon><altitudeMode>relativeToGround</altitudeMode>
				<outerBoundaryIs>
					<LinearRing>
						<coordinates>							6.00830558962626,44.7948228106209,0 6.008350739781261,44.7947420294581,0 6.00840723645344,44.7945612028066,0 6.00842182328713,44.7944129575332,0 6.00848456313888,44.7942234922678,0 6.00838055907751,44.7944174111004,0 6.00832403838384,44.7945576045854,0 6.00829453041739,44.794680036552,0 6.00828536633604,44.7947783109302,0 6.00827855839101,44.7948780530151,0 6.00830558962626,44.7948228106209,0 
						</coordinates>
					</LinearRing>
				</outerBoundaryIs>
			</Polygon>
		</Placemark>
		<Placemark id="parcelles-des-personnes-morales_05_groupe_personne_4.36859">
		<styleUrl>#COM</styleUrl>			<visibility>0</visibility>
			<ExtendedData>
				<SchemaData schemaUrl="#parcelles-des-personnes-morales_05_groupe_personne_4.schema">
					<SimpleData name="Numero de Parcelle">051420000C0019</SimpleData>
					<SimpleData name="Departement">05</SimpleData>
					<SimpleData name="Commune">SAINT-FIRMIN</SimpleData>
					<SimpleData name="Adresse">COMBE BONNE</SimpleData>
					<SimpleData name="Groupe de personne">Commune</SimpleData>
					<SimpleData name="Forme Juridique Abregee">COM</SimpleData>
					<SimpleData name="Denomination">COMMUNE DE SAINT FIRMIN</SimpleData>
				</SchemaData>
			</ExtendedData>
	<Region>
		<LatLonAltBox>
			<north> 44.8108181470668 </north>
			<south> 44.809863961787 </south>
			<east> 6.03052835947661 </east>
			<west> 6.02729875865769 </west>
		</LatLonAltBox>
		<Lod>
			<minLodPixels>100</minLodPixels>
			<maxLodPixels>-1</maxLodPixels>
		</Lod>
	</Region>
			<Polygon><altitudeMode>relativeToGround</altitudeMode>
				<outerBoundaryIs>
					<LinearRing>
						<coordinates>							6.03026885074855,44.8098670419774,0 6.03025628090198,44.809863961787,0 6.02902648929944,44.8099803675492,0 6.027316683892311,44.8101543759195,0 6.02729875865769,44.810176398885,0 6.028845825336151,44.8102728975602,0 6.02900246565405,44.8107461402994,0 6.02901375991585,44.8107678157777,0 6.02912675125316,44.8107741891532,0 6.030392152001,44.8108131304538,0 6.03052835947661,44.8108181470668,0 6.03026885074855,44.8098670419774,0 
						</coordinates>
					</LinearRing>
				</outerBoundaryIs>
			</Polygon>
		</Placemark>
		<Placemark id="parcelles-des-personnes-morales_05_groupe_personne_4.37250">
		<styleUrl>#COM</styleUrl>			<visibility>0</visibility>
			<ExtendedData>
				<SchemaData schemaUrl="#parcelles-des-personnes-morales_05_groupe_personne_4.schema">
					<SimpleData name="Numero de Parcelle">051420000D0191</SimpleData>
					<SimpleData name="Departement">05</SimpleData>
					<SimpleData name="Commune">SAINT-FIRMIN</SimpleData>
					<SimpleData name="Adresse">PRE NEUF</SimpleData>
					<SimpleData name="Groupe de personne">Commune</SimpleData>
					<SimpleData name="Forme Juridique Abregee">COM</SimpleData>
					<SimpleData name="Denomination">COMMUNE DE SAINT FIRMIN</SimpleData>
				</SchemaData>
			</ExtendedData>
	<Region>
		<LatLonAltBox>
			<north> 44.79566112183 </north>
			<south> 44.7948059176002 </south>
			<east> 6.0369888649966 </east>
			<west> 6.03591039079988 </west>
		</LatLonAltBox>
		<Lod>
			<minLodPixels>100</minLodPixels>
			<maxLodPixels>-1</maxLodPixels>
		</Lod>
	</Region>
			<Polygon><altitudeMode>relativeToGround</altitudeMode>
				<outerBoundaryIs>
					<LinearRing>
						<coordinates>							6.03591039079988,44.7949959174974,0 6.03600249935278,44.7950589862225,0 6.03603892255546,44.7951452938578,0 6.03598275630067,44.7952228752793,0 6.03610256878149,44.7951897709702,0 6.03627092914467,44.7952261539779,0 6.03639135971101,44.7952630388457,0 6.03667079475463,44.7954792781377,0 6.0369011232831,44.7956039708021,0 6.0369888649966,44.79566112183,0 6.03693737156454,44.7954294481516,0 6.03685807584282,44.7951515949592,0 6.036754467567529,44.7948265656299,0 6.035978831233989,44.7948059176002,0 6.03591039079988,44.7949959174974,0 
						</coordinates>
					</LinearRing>
				</outerBoundaryIs>
				<innerBoundaryIs>
					<LinearRing>
						<coordinates>							6.03610746971662,44.7949619582182,0 6.03616981387936,44.7950455736312,0 6.036067855393799,44.795039086303,0 6.03596378739221,44.7949701284187,0 6.035966012745319,44.7949293430201,0 6.03610746971662,44.7949619582182,0 
						</coordinates>
					</LinearRing>
				</innerBoundaryIs>
			</Polygon>
		</Placemark>
		<Placemark id="parcelles-des-personnes-morales_05_groupe_personne_4.37807">
		<styleUrl>#COM</styleUrl>			<visibility>0</visibility>
			<ExtendedData>
				<SchemaData schemaUrl="#parcelles-des-personnes-morales_05_groupe_personne_4.schema">
					<SimpleData name="Numero de Parcelle">05142000AH0194</SimpleData>
					<SimpleData name="Departement">05</SimpleData>
					<SimpleData name="Commune">SAINT-FIRMIN</SimpleData>
					<SimpleData name="Adresse">LES AUDEMARDS</SimpleData>
					<SimpleData name="Groupe de personne">Commune</SimpleData>
					<SimpleData name="Forme Juridique Abregee">COM</SimpleData>
					<SimpleData name="Denomination">COMMUNE DE SAINT FIRMIN</SimpleData>
				</SchemaData>
			</ExtendedData>
	<Region>
		<LatLonAltBox>
			<north> 44.7778111568123 </north>
			<south> 44.7777474056765 </south>
			<east> 6.04064119496786 </east>
			<west> 6.04015273278954 </west>
		</LatLonAltBox>
		<Lod>
			<minLodPixels>100</minLodPixels>
			<maxLodPixels>-1</maxLodPixels>
		</Lod>
	</Region>
			<Polygon><altitudeMode>relativeToGround</altitudeMode>
				<outerBoundaryIs>
					<LinearRing>
						<coordinates>							6.040171042445561,44.7777474056765,0 6.04015273278954,44.7778111568123,0 6.04064119496786,44.7777864919249,0 6.04037551991122,44.7777648604446,0 6.040171042445561,44.7777474056765,0 
						</coordinates>
					</LinearRing>
				</outerBoundaryIs>
			</Polygon>
		</Placemark>
		<Placemark id="parcelles-des-personnes-morales_05_groupe_personne_4.37844">
		<styleUrl>#COM</styleUrl>			<visibility>0</visibility>
			<ExtendedData>
				<SchemaData schemaUrl="#parcelles-des-personnes-morales_05_groupe_personne_4.schema">
					<SimpleData name="Numero de Parcelle">051420000D0194</SimpleData>
					<SimpleData name="Departement">05</SimpleData>
					<SimpleData name="Commune">SAINT-FIRMIN</SimpleData>
					<SimpleData name="Adresse">PRE NEUF</SimpleData>
					<SimpleData name="Groupe de personne">Commune</SimpleData>
					<SimpleData name="Forme Juridique Abregee">COM</SimpleData>
					<SimpleData name="Denomination">COMMUNE DE SAINT FIRMIN</SimpleData>
				</SchemaData>
			</ExtendedData>
	<Region>
		<LatLonAltBox>
			<north> 44.7959409983282 </north>
			<south> 44.7957220158127 </south>
			<east> 6.037140583865471 </east>
			<west> 6.03702941122285 </west>
		</LatLonAltBox>
		<Lod>
			<minLodPixels>100</minLodPixels>
			<maxLodPixels>-1</maxLodPixels>
		</Lod>
	</Region>
			<Polygon><altitudeMode>relativeToGround</altitudeMode>
				<outerBoundaryIs>
					<LinearRing>
						<coordinates>							6.037140583865471,44.7957220158127,0 6.03702941122285,44.7957534429341,0 6.0371091237457,44.7959312754483,0 6.03712913600585,44.7959409983282,0 6.0371381746233,44.7959302992516,0 6.037140583865471,44.7957220158127,0 
						</coordinates>
					</LinearRing>
				</outerBoundaryIs>
			</Polygon>
		</Placemark>
		<Placemark id="parcelles-des-personnes-morales_05_groupe_personne_4.38053">
		<styleUrl>#COM</styleUrl>			<visibility>0</visibility>
			<ExtendedData>
				<SchemaData schemaUrl="#parcelles-des-personnes-morales_05_groupe_personne_4.schema">
					<SimpleData name="Numero de Parcelle">051420000C1950</SimpleData>
					<SimpleData name="Departement">05</SimpleData>
					<SimpleData name="Commune">SAINT-FIRMIN</SimpleData>
					<SimpleData name="Adresse">LE CREPON</SimpleData>
					<SimpleData name="Groupe de personne">Commune</SimpleData>
					<SimpleData name="Forme Juridique Abregee">COM</SimpleData>
					<SimpleData name="Denomination">COMMUNE DE SAINT FIRMIN</SimpleData>
				</SchemaData>
			</ExtendedData>
	<Region>
		<LatLonAltBox>
			<north> 44.7824978234312 </north>
			<south> 44.7820364560857 </south>
			<east> 6.0234837347516 </east>
			<west> 6.022126351489029 </west>
		</LatLonAltBox>
		<Lod>
			<minLodPixels>100</minLodPixels>
			<maxLodPixels>-1</maxLodPixels>
		</Lod>
	</Region>
			<Polygon><altitudeMode>relativeToGround</altitudeMode>
				<outerBoundaryIs>
					<LinearRing>
						<coordinates>							6.0234837347516,44.7820364560857,0 6.023344379830381,44.7821056688059,0 6.02311626402823,44.7822039716209,0 6.02302645792401,44.7822371447202,0 6.022824998340619,44.7822971491409,0 6.022126351489029,44.782462702587,0 6.022503584312831,44.7824978234312,0 6.02252390872995,44.7824076222186,0 6.02276403074784,44.7823561140951,0 6.02304288095457,44.782274357411,0 6.023313791765689,44.7821696615811,0 6.02338416181782,44.7821232336117,0 6.0234837347516,44.7820364560857,0 
						</coordinates>
					</LinearRing>
				</outerBoundaryIs>
			</Polygon>
		</Placemark>
		<Placemark id="parcelles-des-personnes-morales_05_groupe_personne_4.38142">
		<styleUrl>#COM</styleUrl>			<visibility>0</visibility>
			<ExtendedData>
				<SchemaData schemaUrl="#parcelles-des-personnes-morales_05_groupe_personne_4.schema">
					<SimpleData name="Numero de Parcelle">051420000C1959</SimpleData>
					<SimpleData name="Departement">05</SimpleData>
					<SimpleData name="Commune">SAINT-FIRMIN</SimpleData>
					<SimpleData name="Adresse">LE SERRE</SimpleData>
					<SimpleData name="Groupe de personne">Commune</SimpleData>
					<SimpleData name="Forme Juridique Abregee">COM</SimpleData>
					<SimpleData name="Denomination">COMMUNE DE SAINT FIRMIN</SimpleData>
				</SchemaData>
			</ExtendedData>
	<Region>
		<LatLonAltBox>
			<north> 44.7969547390116 </north>
			<south> 44.7966513555593 </south>
			<east> 6.00429335794486 </east>
			<west> 6.003927199151181 </west>
		</LatLonAltBox>
		<Lod>
			<minLodPixels>100</minLodPixels>
			<maxLodPixels>-1</maxLodPixels>
		</Lod>
	</Region>
			<Polygon><altitudeMode>relativeToGround</altitudeMode>
				<outerBoundaryIs>
					<LinearRing>
						<coordinates>							6.00409564153885,44.7966513555593,0 6.004085284453419,44.7966706467177,0 6.003927199151181,44.7969373834827,0 6.00402151180316,44.7969547390116,0 6.00414006381679,44.7968171914669,0 6.00422192715532,44.7968407405257,0 6.00429335794486,44.7967046500998,0 6.00409564153885,44.7966513555593,0 
						</coordinates>
					</LinearRing>
				</outerBoundaryIs>
			</Polygon>
		</Placemark>
		<Placemark id="parcelles-des-personnes-morales_05_groupe_personne_4.38227">
		<styleUrl>#COM</styleUrl>			<visibility>0</visibility>
			<ExtendedData>
				<SchemaData schemaUrl="#parcelles-des-personnes-morales_05_groupe_personne_4.schema">
					<SimpleData name="Numero de Parcelle">051420000D0196</SimpleData>
					<SimpleData name="Departement">05</SimpleData>
					<SimpleData name="Commune">SAINT-FIRMIN</SimpleData>
					<SimpleData name="Adresse">PRE NEUF</SimpleData>
					<SimpleData name="Groupe de personne">Commune</SimpleData>
					<SimpleData name="Forme Juridique Abregee">COM</SimpleData>
					<SimpleData name="Denomination">COMMUNE DE SAINT FIRMIN</SimpleData>
				</SchemaData>
			</ExtendedData>
	<Region>
		<LatLonAltBox>
			<north> 44.7956728746299 </north>
			<south> 44.795214847072 </south>
			<east> 6.0369451624754 </east>
			<west> 6.03584968695834 </west>
		</LatLonAltBox>
		<Lod>
			<minLodPixels>100</minLodPixels>
			<maxLodPixels>-1</maxLodPixels>
		</Lod>
	</Region>
			<Polygon><altitudeMode>relativeToGround</altitudeMode>
				<outerBoundaryIs>
					<LinearRing>
						<coordinates>							6.03609321260333,44.7955201476,0 6.03644324475646,44.795518397842,0 6.03655523928713,44.7955279435514,0 6.03666904755463,44.7955897866185,0 6.03683284739764,44.7956728746299,0 6.0369451624754,44.7956602469685,0 6.03692342005226,44.7956395794597,0 6.03660723588848,44.7954692165115,0 6.0364582143113,44.7953458097806,0 6.03635604042901,44.7952721152254,0 6.03618448695951,44.795221133776,0 6.03609822944063,44.795214847072,0 6.03584968695834,44.7952916610964,0 6.035964208619089,44.7953901553345,0 6.035996739049271,44.7954301689711,0 6.03605939907083,44.7954751236247,0 6.03609321260333,44.7955201476,0 
						</coordinates>
					</LinearRing>
				</outerBoundaryIs>
			</Polygon>
		</Placemark>
		<Placemark id="parcelles-des-personnes-morales_05_groupe_personne_4.38494">
		<styleUrl>#COM</styleUrl>			<visibility>0</visibility>
			<ExtendedData>
				<SchemaData schemaUrl="#parcelles-des-personnes-morales_05_groupe_personne_4.schema">
					<SimpleData name="Numero de Parcelle">051420000C1977</SimpleData>
					<SimpleData name="Departement">05</SimpleData>
					<SimpleData name="Commune">SAINT-FIRMIN</SimpleData>
					<SimpleData name="Adresse">LE GRAND CHAMP</SimpleData>
					<SimpleData name="Groupe de personne">Commune</SimpleData>
					<SimpleData name="Forme Juridique Abregee">COM</SimpleData>
					<SimpleData name="Denomination">COMMUNE DE SAINT FIRMIN</SimpleData>
				</SchemaData>
			</ExtendedData>
	<Region>
		<LatLonAltBox>
			<north> 44.8024467148074 </north>
			<south> 44.8002659767999 </south>
			<east> 6.01387317821844 </east>
			<west> 6.01204362867154 </west>
		</LatLonAltBox>
		<Lod>
			<minLodPixels>100</minLodPixels>
			<maxLodPixels>-1</maxLodPixels>
		</Lod>
	</Region>
			<Polygon><altitudeMode>relativeToGround</altitudeMode>
				<outerBoundaryIs>
					<LinearRing>
						<coordinates>							6.01369780026809,44.8002659767999,0 6.01368949417641,44.8002668332966,0 6.0135349311763,44.800291847744,0 6.01341857271048,44.8003166343028,0 6.01327609324978,44.8003616819389,0 6.013100323405469,44.8004042105567,0 6.0130543316781,44.8004196960588,0 6.01300273094947,44.8004485783272,0 6.01290841139422,44.800511507234,0 6.0128185914901,44.8005757553223,0 6.012757094689159,44.8006065281854,0 6.01267031960357,44.8006520432152,0 6.01260619223395,44.8006974832748,0 6.01249190651857,44.8007727571881,0 6.01242446255616,44.8008106289807,0 6.01235139294384,44.8008309043995,0 6.01231740709264,44.8008295754946,0 6.01217250733197,44.8008342336656,0 6.01204362867154,44.8008332306793,0 6.01212957613597,44.8009682038796,0 6.012175455533451,44.8010025457333,0 6.012219272647559,44.8010409078973,0 6.012265826368801,44.8011019903465,0 6.012272209120149,44.8011337114154,0 6.01227386334819,44.8011763726724,0 6.01225328912528,44.8012151330739,0 6.012221369051529,44.8012830329659,0 6.01222106126723,44.8013103408679,0 6.01222888228085,44.8013311210637,0 6.01225214572998,44.8013708526032,0 6.01231835470833,44.8014421225538,0 6.01238900687212,44.8015230923589,0 6.01244623274109,44.8015991112297,0 6.0124764833144,44.8017148753533,0 6.012510233709569,44.8018534291375,0 6.01253984523852,44.802046964789,0 6.01253562324247,44.802102759793,0 6.012529661220121,44.8022181565489,0 6.01254740950544,44.802256506271,0 6.01257733329949,44.8022811906816,0 6.01261909309218,44.8023024000182,0 6.012657359977521,44.80231983007,0 6.01271049565205,44.8023337026119,0 6.01278670152673,44.8023624449215,0 6.01285640679213,44.8023855976118,0 6.012972330358731,44.8024021783454,0 6.01307599550784,44.8024214346804,0 6.013143663694999,44.8024467148074,0 6.013171776323121,44.8024069384423,0 6.013312494575541,44.8022321984321,0 6.013406043515,44.8020958606442,0 6.01347967681135,44.8019798856202,0 6.01354302530085,44.8018774344724,0 6.01357909552499,44.8017949156238,0 6.01362013377557,44.8016846918528,0 6.01366817718083,44.80154463553,0 6.01368796467848,44.8014770650081,0 6.01368904959445,44.8014241482485,0 6.0136936159431,44.8012544605141,0 6.01369984651938,44.8011795101633,0 6.013716396024269,44.8011270739592,0 6.01373295730119,44.8010441844623,0 6.01373467823592,44.8009677349586,0 6.01373076136686,44.8009041424829,0 6.01370133794042,44.8008179982772,0 6.01369145304201,44.8007917783356,0 6.013692181713949,44.8007676123862,0 6.01371177521058,44.8007483394223,0 6.013744088803259,44.8007255672231,0 6.0138128949199,44.8006564838207,0 6.01387317821844,44.80060781394,0 6.01369780026809,44.8002659767999,0 
						</coordinates>
					</LinearRing>
				</outerBoundaryIs>
			</Polygon>
		</Placemark>
		<Placemark id="parcelles-des-personnes-morales_05_groupe_personne_4.38505">
		<styleUrl>#COM</styleUrl>			<visibility>0</visibility>
			<ExtendedData>
				<SchemaData schemaUrl="#parcelles-des-personnes-morales_05_groupe_personne_4.schema">
					<SimpleData name="Numero de Parcelle">051420000C1978</SimpleData>
					<SimpleData name="Departement">05</SimpleData>
					<SimpleData name="Commune">SAINT-FIRMIN</SimpleData>
					<SimpleData name="Adresse">LE GRAND CHAMP</SimpleData>
					<SimpleData name="Groupe de personne">Commune</SimpleData>
					<SimpleData name="Forme Juridique Abregee">COM</SimpleData>
					<SimpleData name="Denomination">COMMUNE DE SAINT FIRMIN</SimpleData>
				</SchemaData>
			</ExtendedData>
	<Region>
		<LatLonAltBox>
			<north> 44.8022634731267 </north>
			<south> 44.7998509098741 </south>
			<east> 6.018261783918171 </east>
			<west> 6.01338833024926 </west>
		</LatLonAltBox>
		<Lod>
			<minLodPixels>100</minLodPixels>
			<maxLodPixels>-1</maxLodPixels>
		</Lod>
	</Region>
			<Polygon><altitudeMode>relativeToGround</altitudeMode>
				<outerBoundaryIs>
					<LinearRing>
						<coordinates>							6.01564204869651,44.7998509098741,0 6.015427101217641,44.7999202759676,0 6.01526890167802,44.7999671053145,0 6.01516858935413,44.7999866821033,0 6.01510791027966,44.7999925671439,0 6.01496797049181,44.8000094374888,0 6.014917639884441,44.8000242309158,0 6.014841859826749,44.800045843106,0 6.01464214279824,44.8000995669251,0 6.014501950328891,44.8001282463224,0 6.01439919402977,44.8001447354484,0 6.014308979458701,44.8001661991967,0 6.01421131165718,44.8001949832386,0 6.01412640983345,44.8002140499358,0 6.01405641468117,44.800230278624,0 6.01385115862641,44.8002515362842,0 6.01369780026809,44.8002659767999,0 6.01387317821844,44.80060781394,0 6.013789786249251,44.8007045934859,0 6.01375262051229,44.800757229801,0 6.01375310898128,44.8008512783514,0 6.01376163588923,44.8008828509636,0 6.01378334466714,44.8009360490009,0 6.01381081221199,44.8009904419342,0 6.013816549231769,44.8010478582934,0 6.013810124906549,44.8010838016802,0 6.013787974779621,44.8011663025514,0 6.013797019867289,44.8012405673186,0 6.01379320810762,44.8013700510389,0 6.013794041666889,44.8014516567655,0 6.01378020249369,44.801495640228,0 6.01370908956425,44.8016326297773,0 6.01367057955584,44.8016908886569,0 6.013654015531881,44.8017926086206,0 6.013630652879901,44.801854870477,0 6.01351291719615,44.8020498887986,0 6.01341747126088,44.8021909633234,0 6.01338833024926,44.8022634731267,0 6.01347757620802,44.8022427573241,0 6.013617570905,44.802212643174,0 6.013700666375681,44.8021975903406,0 6.013853912384799,44.8021856757416,0 6.01394188506795,44.8021766167635,0 6.01402358106915,44.8021732243226,0 6.01415921725038,44.802177465066,0 6.01428277412822,44.8021735649179,0 6.01433650681605,44.8021773295221,0 6.01439579872973,44.8021832854719,0 6.01443647318778,44.8021842516902,0 6.014495098182329,44.8021801347899,0 6.01456278942438,44.8021445074432,0 6.01464357347671,44.8021099655667,0 6.014703762546081,44.8020949042079,0 6.01476991627091,44.8020895913429,0 6.0148650937419,44.8020874533998,0 6.01496807185066,44.8020585244186,0 6.01504813310591,44.8020458956211,0 6.01511892279469,44.8020420782142,0 6.0152359443874,44.802046103142,0 6.01532820233854,44.8020532341687,0 6.01538589828193,44.8020506737229,0 6.01551447179914,44.8020294270835,0 6.015564000734759,44.802018529427,0 6.01565317556119,44.8019894346959,0 6.015739435884891,44.8019555539041,0 6.015792458659989,44.8019460927558,0 6.01584896889817,44.8019426633457,0 6.015952055539881,44.8019487784719,0 6.01607029637893,44.801954301005,0 6.01611771556426,44.8019441812786,0 6.01616859407892,44.801937210926,0 6.01623269745769,44.8019149245043,0 6.01630955483056,44.8019039136177,0 6.0164218636655,44.8019026596584,0 6.016563531002719,44.8018919573159,0 6.01674381364822,44.8018768703316,0 6.01690068175305,44.8018711597529,0 6.01712197106061,44.8018655876863,0 6.017254031388,44.8018645160902,0 6.017466993970291,44.8018476374599,0 6.01760318230194,44.8018409571209,0 6.01775285038147,44.8018260711589,0 6.01792837631987,44.8018048949794,0 6.01805476701546,44.8017807315548,0 6.01814152885757,44.8017538628203,0 6.01820416557736,44.8017090006269,0 6.018261783918171,44.8016885113302,0 6.018132349155419,44.8015617540382,0 6.018048750484591,44.8014825817017,0 6.01791582283723,44.8013850208561,0 6.01774407707166,44.8012597754306,0 6.017634961409029,44.8011885052733,0 6.017570812719269,44.8011439412654,0 6.01751212298691,44.8011114819165,0 6.01746236420403,44.8010850862765,0 6.0173353393072,44.8010455672421,0 6.01723603157876,44.8010061045392,0 6.01717977943352,44.8009813270799,0 6.0171431016387,44.8009628642575,0 6.01703732763262,44.8009019539359,0 6.0169125067193,44.8008280472393,0 6.016744958489079,44.8007337698546,0 6.01658019246377,44.8006488767785,0 6.01641752759364,44.8005606827838,0 6.01635151816164,44.8005191419808,0 6.016257191646841,44.8004427830753,0 6.01620972948162,44.8003837090779,0 6.01617743404721,44.8002865615852,0 6.0161483242656,44.8002393315936,0 6.016008581790049,44.8001349264817,0 6.015763999524369,44.7999492223056,0 6.01564204869651,44.7998509098741,0 
						</coordinates>
					</LinearRing>
				</outerBoundaryIs>
			</Polygon>
		</Placemark>
		<Placemark id="parcelles-des-personnes-morales_05_groupe_personne_4.38513">
		<styleUrl>#COM</styleUrl>			<visibility>0</visibility>
			<ExtendedData>
				<SchemaData schemaUrl="#parcelles-des-personnes-morales_05_groupe_personne_4.schema">
					<SimpleData name="Numero de Parcelle">051420000C1979</SimpleData>
					<SimpleData name="Departement">05</SimpleData>
					<SimpleData name="Commune">SAINT-FIRMIN</SimpleData>
					<SimpleData name="Adresse">LE GRAND CHAMP</SimpleData>
					<SimpleData name="Groupe de personne">Commune</SimpleData>
					<SimpleData name="Forme Juridique Abregee">COM</SimpleData>
					<SimpleData name="Denomination">COMMUNE DE SAINT FIRMIN</SimpleData>
				</SchemaData>
			</ExtendedData>
	<Region>
		<LatLonAltBox>
			<north> 44.8008000739725 </north>
			<south> 44.7993153167499 </south>
			<east> 6.013681424598051 </east>
			<west> 6.01152027052008 </west>
		</LatLonAltBox>
		<Lod>
			<minLodPixels>100</minLodPixels>
			<maxLodPixels>-1</maxLodPixels>
		</Lod>
	</Region>
			<Polygon><altitudeMode>relativeToGround</altitudeMode>
				<outerBoundaryIs>
					<LinearRing>
						<coordinates>							6.01246957925387,44.7993153167499,0 6.01246267578659,44.7993210903991,0 6.01231520538894,44.7994051945572,0 6.01221596169098,44.7994612290908,0 6.01209567531616,44.7995496397072,0 6.01196040366165,44.7996535937219,0 6.01188074022448,44.7997090058211,0 6.0117168726818,44.799810673169,0 6.01156082412024,44.7999354630713,0 6.01152027052008,44.7999626930524,0 6.01162073982577,44.800125472515,0 6.01168220435571,44.8002168732798,0 6.011727905176071,44.8002691495269,0 6.01178865921963,44.8003520102924,0 6.011871815512571,44.8005104848042,0 6.012037265513899,44.8007782639269,0 6.01212916020573,44.8007881103383,0 6.01221939677265,44.8008000739725,0 6.01226727384759,44.8007985027064,0 6.0123284662874,44.800799813098,0 6.01240642543449,44.8007786840424,0 6.012443626252731,44.8007620862513,0 6.012582224650361,44.800656419493,0 6.01267510570398,44.8006067743019,0 6.01277426896478,44.800549209907,0 6.012930395835351,44.8004447781492,0 6.012976011349599,44.8004222753208,0 6.013016447997461,44.8004070309385,0 6.01309079569455,44.8003728453088,0 6.01317902304259,44.8003520672705,0 6.01336063219748,44.8003028026717,0 6.01349507094538,44.8002753623269,0 6.01361277975708,44.80025216073,0 6.013681424598051,44.8002343472808,0 6.01246957925387,44.7993153167499,0 
						</coordinates>
					</LinearRing>
				</outerBoundaryIs>
			</Polygon>
		</Placemark>
		<Placemark id="parcelles-des-personnes-morales_05_groupe_personne_4.38608">
		<styleUrl>#COM</styleUrl>			<visibility>0</visibility>
			<ExtendedData>
				<SchemaData schemaUrl="#parcelles-des-personnes-morales_05_groupe_personne_4.schema">
					<SimpleData name="Numero de Parcelle">051420000C1980</SimpleData>
					<SimpleData name="Departement">05</SimpleData>
					<SimpleData name="Commune">SAINT-FIRMIN</SimpleData>
					<SimpleData name="Adresse">LE GRAND CHAMP</SimpleData>
					<SimpleData name="Groupe de personne">Commune</SimpleData>
					<SimpleData name="Forme Juridique Abregee">COM</SimpleData>
					<SimpleData name="Denomination">COMMUNE DE SAINT FIRMIN</SimpleData>
				</SchemaData>
			</ExtendedData>
	<Region>
		<LatLonAltBox>
			<north> 44.8002343472808 </north>
			<south> 44.7988512832734 </south>
			<east> 6.01564204869651 </east>
			<west> 6.01246957925387 </west>
		</LatLonAltBox>
		<Lod>
			<minLodPixels>100</minLodPixels>
			<maxLodPixels>-1</maxLodPixels>
		</Lod>
	</Region>
			<Polygon><altitudeMode>relativeToGround</altitudeMode>
				<outerBoundaryIs>
					<LinearRing>
						<coordinates>							6.01564204869651,44.7998509098741,0 6.01541648841858,44.7996989246114,0 6.01537348332318,44.7996427022889,0 6.015358697734591,44.7995794055022,0 6.01534887810453,44.7992478432793,0 6.01533951933005,44.7988918521236,0 6.01521427541934,44.7989042687009,0 6.01511380197189,44.7989042987006,0 6.01503927801738,44.7988974060729,0 6.01495290728873,44.7989126392146,0 6.014806493284359,44.7989125669805,0 6.014599029678211,44.7989114519111,0 6.014472114378029,44.7989092272041,0 6.01427630513126,44.7989201379576,0 6.01412367614522,44.7989433888789,0 6.01395859992,44.7989563465185,0 6.01382461689987,44.7989450331955,0 6.01357999333742,44.798909338027,0 6.01329482123445,44.798856094417,0 6.01325305725159,44.7988512832734,0 6.01320971925989,44.7988572364974,0 6.01317779414843,44.7988707179521,0 6.01289079202146,44.7990429468694,0 6.01268822382155,44.7991567495881,0 6.012570700369511,44.79923057997,0 6.01246957925387,44.7993153167499,0 6.013681424598051,44.8002343472808,0 6.01368791819772,44.8002327291823,0 6.013756345241841,44.800225012529,0 6.013818084757869,44.8002176578468,0 6.01387893400014,44.8002125797729,0 6.01396682065987,44.8002043339136,0 6.014033742735761,44.8001921531293,0 6.01410491370552,44.8001766132639,0 6.01430235830769,44.8001324124663,0 6.01445607505007,44.8000939954076,0 6.01455668310026,44.8000775646467,0 6.01465068565837,44.800063025285,0 6.01472064181722,44.8000460764923,0 6.014764396895599,44.8000313718895,0 6.01484863211396,44.7999998893579,0 6.014936950798599,44.7999784767232,0 6.015063967068211,44.799963669778,0 6.01518335249987,44.7999505118072,0 6.015282735936999,44.7999324919289,0 6.01540082971816,44.7999023404119,0 6.01564204869651,44.7998509098741,0 
						</coordinates>
					</LinearRing>
				</outerBoundaryIs>
			</Polygon>
		</Placemark>
		<Placemark id="parcelles-des-personnes-morales_05_groupe_personne_4.38612">
		<styleUrl>#COM</styleUrl>			<visibility>0</visibility>
			<ExtendedData>
				<SchemaData schemaUrl="#parcelles-des-personnes-morales_05_groupe_personne_4.schema">
					<SimpleData name="Numero de Parcelle">051420000C1981</SimpleData>
					<SimpleData name="Departement">05</SimpleData>
					<SimpleData name="Commune">SAINT-FIRMIN</SimpleData>
					<SimpleData name="Adresse">LA BLACHETTE</SimpleData>
					<SimpleData name="Groupe de personne">Commune</SimpleData>
					<SimpleData name="Forme Juridique Abregee">COM</SimpleData>
					<SimpleData name="Denomination">COMMUNE DE SAINT FIRMIN</SimpleData>
				</SchemaData>
			</ExtendedData>
	<Region>
		<LatLonAltBox>
			<north> 44.7999385598987 </north>
			<south> 44.7984405523829 </south>
			<east> 6.012429089180391 </east>
			<west> 6.01037332460456 </west>
		</LatLonAltBox>
		<Lod>
			<minLodPixels>100</minLodPixels>
			<maxLodPixels>-1</maxLodPixels>
		</Lod>
	</Region>
			<Polygon><altitudeMode>relativeToGround</altitudeMode>
				<outerBoundaryIs>
					<LinearRing>
						<coordinates>							6.01037332460456,44.7991677436293,0 6.01037423803811,44.7991682594071,0 6.010415908978141,44.7991855075954,0 6.01050132466255,44.7992232812084,0 6.010558577121309,44.799250287179,0 6.01061901717716,44.7992895498868,0 6.01064452523433,44.7993263376048,0 6.01073675474066,44.7995078114814,0 6.010758758631061,44.799545325036,0 6.01081041518692,44.7995670770361,0 6.01091305148738,44.799602670782,0 6.01103160042255,44.7996471122367,0 6.01110112092392,44.7996834251352,0 6.01126034622537,44.799799740332,0 6.01133144606927,44.7998371814609,0 6.01139041154705,44.7998725195595,0 6.01149657868653,44.7999385598987,0 6.01153303369344,44.7999151352678,0 6.0116225223077,44.7998423379921,0 6.01175410819639,44.7997569545229,0 6.01187774646145,44.799674399655,0 6.012071285072621,44.7995219217581,0 6.012260091344059,44.7993874113908,0 6.01238857119445,44.7993102202994,0 6.012429089180391,44.7992847028016,0 6.01131595116375,44.7984405523829,0 6.01037332460456,44.7991677436293,0 
						</coordinates>
					</LinearRing>
				</outerBoundaryIs>
			</Polygon>
		</Placemark>
		<Placemark id="parcelles-des-personnes-morales_05_groupe_personne_4.38620">
		<styleUrl>#COM</styleUrl>			<visibility>0</visibility>
			<ExtendedData>
				<SchemaData schemaUrl="#parcelles-des-personnes-morales_05_groupe_personne_4.schema">
					<SimpleData name="Numero de Parcelle">051420000C1982</SimpleData>
					<SimpleData name="Departement">05</SimpleData>
					<SimpleData name="Commune">SAINT-FIRMIN</SimpleData>
					<SimpleData name="Adresse">LA BLACHETTE</SimpleData>
					<SimpleData name="Groupe de personne">Commune</SimpleData>
					<SimpleData name="Forme Juridique Abregee">COM</SimpleData>
					<SimpleData name="Denomination">COMMUNE DE SAINT FIRMIN</SimpleData>
				</SchemaData>
			</ExtendedData>
	<Region>
		<LatLonAltBox>
			<north> 44.7992847028016 </north>
			<south> 44.7950448574061 </south>
			<east> 6.014891410181951 </east>
			<west> 6.0081706596734 </west>
		</LatLonAltBox>
		<Lod>
			<minLodPixels>100</minLodPixels>
			<maxLodPixels>-1</maxLodPixels>
		</Lod>
	</Region>
			<Polygon><altitudeMode>relativeToGround</altitudeMode>
				<outerBoundaryIs>
					<LinearRing>
						<coordinates>							6.01132120265742,44.7957355980944,0 6.01054499609505,44.7954160251286,0 6.01013204807625,44.7952423607172,0 6.00972123965955,44.7951771137671,0 6.00888472710819,44.7950448574061,0 6.00855881490092,44.7952393942154,0 6.0081706596734,44.7954720184891,0 6.008178832161171,44.7956246915352,0 6.008195878834681,44.7957564014104,0 6.00822245443992,44.7958699233512,0 6.008257870544041,44.7960020356715,0 6.00832291594804,44.7961345151182,0 6.008369433058261,44.7962139796914,0 6.008401273733011,44.7962438386518,0 6.008434399493789,44.7962693380618,0 6.00847260973899,44.7963023577231,0 6.00851792083319,44.79636401574,0 6.008568854836449,44.7964456127961,0 6.00862103661878,44.796519787998,0 6.00869690335979,44.7965967439918,0 6.00872970925807,44.79665171379,0 6.0087441679931,44.79669015322,0 6.00877053475442,44.7967453878886,0 6.00878391713911,44.7967684499111,0 6.008807603133211,44.7967996112907,0 6.00885144654264,44.7968527498071,0 6.00890500968674,44.796905444274,0 6.00894194823654,44.79695723854,0 6.00898307219041,44.797037570096,0 6.00901571563621,44.7971084013529,0 6.00905600419127,44.7971778538053,0 6.00910239904731,44.7972526364135,0 6.00913404360055,44.7972882667474,0 6.009197712559929,44.7973477143428,0 6.00923687789109,44.79739854711,0 6.00926330919352,44.7974526086806,0 6.00929171211964,44.797541123966,0 6.00932994872723,44.7975935135759,0 6.00938352266147,44.7976463877578,0 6.00942933318283,44.7977149694169,0 6.00947942907932,44.797806860003,0 6.00959329248223,44.7980001806374,0 6.009642936037869,44.7980623513527,0 6.00968110858698,44.7980969934445,0 6.00977256311423,44.7981979419751,0 6.00991015137241,44.7983545792591,0 6.0099202311381,44.7983962909005,0 6.00991763342873,44.7984659165521,0 6.00987865477944,44.7985249075084,0 6.00987122917315,44.7985988988249,0 6.00988608324253,44.7986257949769,0 6.00991454009379,44.7986420506764,0 6.01006226158378,44.7986830881227,0 6.01012036029452,44.7987070080056,0 6.01016565348366,44.7987304647238,0 6.010231587424641,44.7988061579379,0 6.010237294204909,44.7988465467609,0 6.01021821781175,44.7989250890827,0 6.01021793331414,44.798974109755,0 6.01023021650313,44.799066396251,0 6.01024809490269,44.7990906875131,0 6.010293551267419,44.799119545601,0 6.01037332460456,44.7991677436293,0 6.01131595116375,44.7984405523829,0 6.012429089180391,44.7992847028016,0 6.01255774506876,44.7992037226278,0 6.01270702986513,44.7991133520932,0 6.013140885624179,44.7988526205542,0 6.01342804223916,44.7986785848046,0 6.01353834977459,44.7986212572785,0 6.01368359191586,44.7985334278973,0 6.01377043920562,44.7984916941268,0 6.01385397451697,44.798430679378,0 6.014019322607499,44.7983001372571,0 6.014129905793011,44.7982173040324,0 6.01417505969152,44.7981885964917,0 6.01436458466408,44.7981077609004,0 6.014483693847299,44.7980564998633,0 6.01458688323298,44.7980151318808,0 6.01471761457888,44.7979564368075,0 6.014891410181951,44.7978796319694,0 6.01465808543413,44.7977242528188,0 6.01450137338463,44.797628866914,0 6.01444702773985,44.7975994414032,0 6.01440273529423,44.7975875817777,0 6.01418570683309,44.7976015021606,0 6.01405467302557,44.7976002900238,0 6.014012943688079,44.797596108932,0 6.01394262511388,44.7975897319561,0 6.0136316207663,44.797521875223,0 6.01331137485908,44.7974515659443,0 6.01324671340598,44.7974326914029,0 6.01318353525156,44.7973990005289,0 6.01310123304447,44.7973555583599,0 6.0130683583189,44.7973395136633,0 6.0129192773163,44.7973108605722,0 6.012663215178611,44.7972670053673,0 6.01262625481855,44.7972479181786,0 6.012542503498261,44.797184513382,0 6.012365896195979,44.7969586637545,0 6.0121882457258,44.796732211568,0 6.01213282581615,44.7966850650048,0 6.01208244176916,44.7966468814054,0 6.01202525014656,44.7966068105307,0 6.011940140395571,44.7965534430539,0 6.01175997038887,44.7964428338086,0 6.01170517026872,44.7964025176095,0 6.01160878296491,44.7963464831032,0 6.01150089474384,44.7962977885741,0 6.01143190386987,44.796259479545,0 6.01140000452493,44.7962380020531,0 6.01138102792914,44.796214461625,0 6.01136857829574,44.7961899329977,0 6.01133948526074,44.7960389995415,0 6.011322689890791,44.7958932279312,0 6.01132205674389,44.7957609823237,0 6.01132120265742,44.7957355980944,0 
						</coordinates>
					</LinearRing>
				</outerBoundaryIs>
			</Polygon>
		</Placemark>
		<Placemark id="parcelles-des-personnes-morales_05_groupe_personne_4.38633">
		<styleUrl>#COM</styleUrl>			<visibility>0</visibility>
			<ExtendedData>
				<SchemaData schemaUrl="#parcelles-des-personnes-morales_05_groupe_personne_4.schema">
					<SimpleData name="Numero de Parcelle">051420000C1983</SimpleData>
					<SimpleData name="Departement">05</SimpleData>
					<SimpleData name="Commune">SAINT-FIRMIN</SimpleData>
					<SimpleData name="Adresse">LA BLACHETTE</SimpleData>
					<SimpleData name="Groupe de personne">Commune</SimpleData>
					<SimpleData name="Forme Juridique Abregee">COM</SimpleData>
					<SimpleData name="Denomination">COMMUNE DE SAINT FIRMIN</SimpleData>
				</SchemaData>
			</ExtendedData>
	<Region>
		<LatLonAltBox>
			<north> 44.8010148652258 </north>
			<south> 44.7991856691811 </south>
			<east> 6.01145804783307 </east>
			<west> 6.008954547674329 </west>
		</LatLonAltBox>
		<Lod>
			<minLodPixels>100</minLodPixels>
			<maxLodPixels>-1</maxLodPixels>
		</Lod>
	</Region>
			<Polygon><altitudeMode>relativeToGround</altitudeMode>
				<outerBoundaryIs>
					<LinearRing>
						<coordinates>							6.008954547674329,44.8002623849062,0 6.00899282656987,44.8003108092925,0 6.00907729733031,44.8004372654516,0 6.009092708297139,44.8005100061516,0 6.00917657124778,44.8005967458326,0 6.009501295712611,44.8008993069593,0 6.00961264547403,44.8010030493103,0 6.0098776356708,44.8010148652258,0 6.01008604922249,44.8009957817277,0 6.01023592383633,44.8009965772447,0 6.010285519396701,44.800934955311,0 6.01033427850354,44.8008742570422,0 6.010414394785231,44.8007587388594,0 6.01053971313392,44.8006342446546,0 6.01070985963393,44.8004442032564,0 6.01079346379798,44.8003512945933,0 6.0108490867189,44.8002959055988,0 6.01088085545884,44.8002653105868,0 6.01089338241164,44.8002369500489,0 6.01092670394957,44.8002117186907,0 6.010966684057339,44.800185585683,0 6.01105032533339,44.8001618706078,0 6.01113818087296,44.8001365093378,0 6.01119781256462,44.8001039861032,0 6.01123804316874,44.8000825312538,0 6.011292721539579,44.8000520345656,0 6.0113479804223,44.8000276487032,0 6.011396629904999,44.8000027215835,0 6.01145804783307,44.7999633923718,0 6.01137279552294,44.7999145330188,0 6.01129810385697,44.7998549354257,0 6.01121459703839,44.7997937752985,0 6.01112943882751,44.7997419400038,0 6.011043279531309,44.7996903120361,0 6.01092577994378,44.7996465628674,0 6.01076573704544,44.7995905445742,0 6.010724400362951,44.7995748190808,0 6.010689346610279,44.7995393718013,0 6.01065969129208,44.7994842267656,0 6.01061429938964,44.7993526560707,0 6.01059646657892,44.7993126866808,0 6.01057353045496,44.7992955604227,0 6.01037641590367,44.7991994640404,0 6.010350241696269,44.7991856691811,0 6.008954547674329,44.8002623849062,0 
						</coordinates>
					</LinearRing>
				</outerBoundaryIs>
			</Polygon>
		</Placemark>
		<Placemark id="parcelles-des-personnes-morales_05_groupe_personne_4.38637">
		<styleUrl>#COM</styleUrl>			<visibility>0</visibility>
			<ExtendedData>
				<SchemaData schemaUrl="#parcelles-des-personnes-morales_05_groupe_personne_4.schema">
					<SimpleData name="Numero de Parcelle">051420000C1984</SimpleData>
					<SimpleData name="Departement">05</SimpleData>
					<SimpleData name="Commune">SAINT-FIRMIN</SimpleData>
					<SimpleData name="Adresse">LA BLACHETTE</SimpleData>
					<SimpleData name="Groupe de personne">Commune</SimpleData>
					<SimpleData name="Forme Juridique Abregee">COM</SimpleData>
					<SimpleData name="Denomination">COMMUNE DE SAINT FIRMIN</SimpleData>
				</SchemaData>
			</ExtendedData>
	<Region>
		<LatLonAltBox>
			<north> 44.8002623849062 </north>
			<south> 44.7963087556904 </south>
			<east> 6.010350241696269 </east>
			<west> 6.006491730871571 </west>
		</LatLonAltBox>
		<Lod>
			<minLodPixels>100</minLodPixels>
			<maxLodPixels>-1</maxLodPixels>
		</Lod>
	</Region>
			<Polygon><altitudeMode>relativeToGround</altitudeMode>
				<outerBoundaryIs>
					<LinearRing>
						<coordinates>							6.00841613730492,44.7963087556904,0 6.00808789347872,44.7964031661969,0 6.00737984679522,44.7966098708645,0 6.00736895678637,44.7966475566342,0 6.006983504335411,44.796715765987,0 6.00687915398359,44.7967307598277,0 6.00667697900623,44.7967621018519,0 6.006573071149051,44.7969272752729,0 6.006522319778149,44.7970051442771,0 6.006491730871571,44.7970932780441,0 6.00650683068856,44.7971768389982,0 6.00655585150447,44.7972794814621,0 6.006686743778549,44.797488560345,0 6.00682136881308,44.7977177196209,0 6.00690733294523,44.7979100876898,0 6.006913057786449,44.7979674143794,0 6.0068976700694,44.7979990955046,0 6.00700041461802,44.7981077585692,0 6.007181509339321,44.7983137633224,0 6.00738917571357,44.7985362554961,0 6.00741319026271,44.7985711923597,0 6.007554307404009,44.7987347642739,0 6.00772045728812,44.7989404530015,0 6.00778180670015,44.7990132987792,0 6.00788257525009,44.7991251681798,0 6.00795570448172,44.7992100375574,0 6.00806033495494,44.799346758966,0 6.008146405562299,44.7994440708701,0 6.008206536430161,44.7994964974451,0 6.00829096853927,44.7995561029662,0 6.00838520086502,44.7996309391923,0 6.00843466014191,44.7997227574898,0 6.00849076741601,44.799815836904,0 6.00854164911819,44.7998609461713,0 6.00863012311104,44.7999156666121,0 6.008711636235359,44.7999940012146,0 6.008803890313261,44.8000720442297,0 6.0088884425386,44.8001787669796,0 6.008954547674329,44.8002623849062,0 6.010350241696269,44.7991856691811,0 6.010219613931559,44.7991165079973,0 6.010190413512841,44.799088740098,0 6.01016942210961,44.7990488564266,0 6.01016947776574,44.7989577665168,0 6.01019102284316,44.7988473528105,0 6.01019197137857,44.7988130900696,0 6.010184403129439,44.7987946454441,0 6.01013482697406,44.798752654891,0 6.010096809077639,44.7987398122789,0 6.010045491957171,44.7987220150453,0 6.00999143516558,44.7987121306477,0 6.00988530266141,44.7986750093003,0 6.00985015577299,44.7986543402826,0 6.009825028686819,44.7986364625016,0 6.009814939308571,44.7986158338781,0 6.00981874290474,44.798587620244,0 6.00985160077001,44.7984805033542,0 6.00986191174174,44.7984202185827,0 6.00986497213801,44.7983804926739,0 6.00984954471054,44.7983428905137,0 6.00983604586421,44.7983176694126,0 6.00979194605324,44.7982786834391,0 6.00974818093413,44.7982412200166,0 6.00966922597988,44.7981822778075,0 6.00957445432296,44.7980666433065,0 6.009493083726509,44.7979673128997,0 6.009442279879671,44.7978716574457,0 6.00938505817141,44.7977199555265,0 6.00935148478363,44.7976719441925,0 6.00927956689698,44.797604972243,0 6.00925710312974,44.7975777420375,0 6.00924491340183,44.7975391509516,0 6.00923667378828,44.7974608999404,0 6.00919046756636,44.7973872835167,0 6.00910319779016,44.7973006365533,0 6.009054470809329,44.7972555592384,0 6.00901209758915,44.7972062550525,0 6.008972576046821,44.7971180415421,0 6.008919039580561,44.7969878627694,0 6.00887037118329,44.7969226020249,0 6.008827362155051,44.7968826851532,0 6.00877202978785,44.7968205784691,0 6.00871408452738,44.7967451182022,0 6.00866779219448,44.7966509617909,0 6.008634445769911,44.7965882582892,0 6.008618707241419,44.7965637285524,0 6.008504554302709,44.7964499708464,0 6.00844305623114,44.7963364957926,0 6.00841613730492,44.7963087556904,0 
						</coordinates>
					</LinearRing>
				</outerBoundaryIs>
			</Polygon>
		</Placemark>
		<Placemark id="parcelles-des-personnes-morales_05_groupe_personne_4.38644">
		<styleUrl>#COM</styleUrl>			<visibility>0</visibility>
			<ExtendedData>
				<SchemaData schemaUrl="#parcelles-des-personnes-morales_05_groupe_personne_4.schema">
					<SimpleData name="Numero de Parcelle">051420000C1985</SimpleData>
					<SimpleData name="Departement">05</SimpleData>
					<SimpleData name="Commune">SAINT-FIRMIN</SimpleData>
					<SimpleData name="Adresse">DEVANT BRUDOUR</SimpleData>
					<SimpleData name="Groupe de personne">Commune</SimpleData>
					<SimpleData name="Forme Juridique Abregee">COM</SimpleData>
					<SimpleData name="Denomination">COMMUNE DE SAINT FIRMIN</SimpleData>
				</SchemaData>
			</ExtendedData>
	<Region>
		<LatLonAltBox>
			<north> 44.8009710357485 </north>
			<south> 44.8007102432446 </south>
			<east> 6.00922557618476 </east>
			<west> 6.008653074385001 </west>
		</LatLonAltBox>
		<Lod>
			<minLodPixels>100</minLodPixels>
			<maxLodPixels>-1</maxLodPixels>
		</Lod>
	</Region>
			<Polygon><altitudeMode>relativeToGround</altitudeMode>
				<outerBoundaryIs>
					<LinearRing>
						<coordinates>							6.008653074385001,44.8008359282298,0 6.00870528597906,44.8008869477952,0 6.008797232455381,44.8009710357485,0 6.00888640614621,44.8009277111711,0 6.00922557618476,44.8009683284469,0 6.00886881373727,44.8007102432446,0 6.008653074385001,44.8008359282298,0 
						</coordinates>
					</LinearRing>
				</outerBoundaryIs>
			</Polygon>
		</Placemark>
		<Placemark id="parcelles-des-personnes-morales_05_groupe_personne_4.38652">
		<styleUrl>#COM</styleUrl>			<visibility>0</visibility>
			<ExtendedData>
				<SchemaData schemaUrl="#parcelles-des-personnes-morales_05_groupe_personne_4.schema">
					<SimpleData name="Numero de Parcelle">051420000C1986</SimpleData>
					<SimpleData name="Departement">05</SimpleData>
					<SimpleData name="Commune">SAINT-FIRMIN</SimpleData>
					<SimpleData name="Adresse">DEVANT BRUDOUR</SimpleData>
					<SimpleData name="Groupe de personne">Commune</SimpleData>
					<SimpleData name="Forme Juridique Abregee">COM</SimpleData>
					<SimpleData name="Denomination">COMMUNE DE SAINT FIRMIN</SimpleData>
				</SchemaData>
			</ExtendedData>
	<Region>
		<LatLonAltBox>
			<north> 44.8009968056428 </north>
			<south> 44.8003028511609 </south>
			<east> 6.00954726577044 </east>
			<west> 6.008463861504599 </west>
		</LatLonAltBox>
		<Lod>
			<minLodPixels>100</minLodPixels>
			<maxLodPixels>-1</maxLodPixels>
		</Lod>
	</Region>
			<Polygon><altitudeMode>relativeToGround</altitudeMode>
				<outerBoundaryIs>
					<LinearRing>
						<coordinates>							6.008463861504599,44.8006865465696,0 6.008631981812411,44.8008154179244,0 6.008653074385001,44.8008359282298,0 6.00886881373727,44.8007102432446,0 6.00922557618476,44.8009683284469,0 6.00927601601969,44.8009744372817,0 6.00954726577044,44.8009968056428,0 6.00940264374295,44.8008625225185,0 6.009199383698321,44.8006706370686,0 6.009126696963351,44.8006082806877,0 6.00909926497236,44.8005710042569,0 6.009032180472631,44.800450202782,0 6.00900732364384,44.8004042971876,0 6.008970551382471,44.8003556517121,0 6.00892442396313,44.8003166302795,0 6.008907614832089,44.8003028511609,0 6.008463861504599,44.8006865465696,0 
						</coordinates>
					</LinearRing>
				</outerBoundaryIs>
			</Polygon>
		</Placemark>
		<Placemark id="parcelles-des-personnes-morales_05_groupe_personne_4.38660">
		<styleUrl>#COM</styleUrl>			<visibility>0</visibility>
			<ExtendedData>
				<SchemaData schemaUrl="#parcelles-des-personnes-morales_05_groupe_personne_4.schema">
					<SimpleData name="Numero de Parcelle">051420000C1987</SimpleData>
					<SimpleData name="Departement">05</SimpleData>
					<SimpleData name="Commune">SAINT-FIRMIN</SimpleData>
					<SimpleData name="Adresse">DEVANT BRUDOUR</SimpleData>
					<SimpleData name="Groupe de personne">Commune</SimpleData>
					<SimpleData name="Forme Juridique Abregee">COM</SimpleData>
					<SimpleData name="Denomination">COMMUNE DE SAINT FIRMIN</SimpleData>
				</SchemaData>
			</ExtendedData>
	<Region>
		<LatLonAltBox>
			<north> 44.8006865465696 </north>
			<south> 44.798750426465 </south>
			<east> 6.008907614832089 </east>
			<west> 6.0064759760586 </west>
		</LatLonAltBox>
		<Lod>
			<minLodPixels>100</minLodPixels>
			<maxLodPixels>-1</maxLodPixels>
		</Lod>
	</Region>
			<Polygon><altitudeMode>relativeToGround</altitudeMode>
				<outerBoundaryIs>
					<LinearRing>
						<coordinates>							6.007518321919141,44.798750426465,0 6.007080239171571,44.7989397128094,0 6.0064759760586,44.7992089159439,0 6.00650253556767,44.7992464868962,0 6.00657356050058,44.7993180798265,0 6.00664504291829,44.7993982195421,0 6.00676062283902,44.7994629277565,0 6.0068855898618,44.7995422472685,0 6.00712270467359,44.7996906922851,0 6.00726459073516,44.7997787423488,0 6.00731821155432,44.7998159393816,0 6.00738324475884,44.7998606652354,0 6.0075026828295,44.7999595951133,0 6.00770758764544,44.8001303560151,0 6.00781377772793,44.8002110850125,0 6.00805773262275,44.8003761007052,0 6.00816330098013,44.8004381060367,0 6.00828302894902,44.800525855233,0 6.00834193402845,44.8005931811074,0 6.008463861504599,44.8006865465696,0 6.008907614832089,44.8003028511609,0 6.00888406257094,44.8002836690366,0 6.00884749763998,44.800238892084,0 6.00883026722864,44.8001912478028,0 6.00881568228544,44.8001504692081,0 6.00879119780579,44.8001091484341,0 6.00865596645821,44.8000012783997,0 6.00855474812306,44.7999188836037,0 6.00848392108331,44.7998534130829,0 6.00843822248886,44.7998034780663,0 6.00835374193278,44.7996720664284,0 6.008301779411011,44.7996114896883,0 6.00824319609656,44.7995643368986,0 6.00821639726748,44.799536503322,0 6.00816513019993,44.7995054595549,0 6.008108350112251,44.7994683486599,0 6.008081622492761,44.7994442071095,0 6.00802404742725,44.7993733312805,0 6.00789078024333,44.7991815266025,0 6.007837305821501,44.7991139631217,0 6.00773244091926,44.7990012137617,0 6.00760769061286,44.7988573797343,0 6.007518321919141,44.798750426465,0 
						</coordinates>
					</LinearRing>
				</outerBoundaryIs>
			</Polygon>
		</Placemark>
		<Placemark id="parcelles-des-personnes-morales_05_groupe_personne_4.38669">
		<styleUrl>#COM</styleUrl>			<visibility>0</visibility>
			<ExtendedData>
				<SchemaData schemaUrl="#parcelles-des-personnes-morales_05_groupe_personne_4.schema">
					<SimpleData name="Numero de Parcelle">051420000C1988</SimpleData>
					<SimpleData name="Departement">05</SimpleData>
					<SimpleData name="Commune">SAINT-FIRMIN</SimpleData>
					<SimpleData name="Adresse">LE MOULIN</SimpleData>
					<SimpleData name="Groupe de personne">Commune</SimpleData>
					<SimpleData name="Forme Juridique Abregee">COM</SimpleData>
					<SimpleData name="Denomination">COMMUNE DE SAINT FIRMIN</SimpleData>
				</SchemaData>
			</ExtendedData>
	<Region>
		<LatLonAltBox>
			<north> 44.8011617122322 </north>
			<south> 44.8009726704212 </south>
			<east> 6.009262668153279 </east>
			<west> 6.00881727272765 </west>
		</LatLonAltBox>
		<Lod>
			<minLodPixels>100</minLodPixels>
			<maxLodPixels>-1</maxLodPixels>
		</Lod>
	</Region>
			<Polygon><altitudeMode>relativeToGround</altitudeMode>
				<outerBoundaryIs>
					<LinearRing>
						<coordinates>							6.00903510147567,44.8011617122322,0 6.009262668153279,44.8010205690799,0 6.00916089423374,44.801008195453,0 6.00903517351164,44.8009881827969,0 6.00897015963366,44.8009793160386,0 6.008932851996979,44.8009726704212,0 6.00890565382954,44.8009752106108,0 6.00886711222224,44.8009880594888,0 6.00881727272765,44.8010073416212,0 6.00893490070503,44.8011007332245,0 6.00903510147567,44.8011617122322,0 
						</coordinates>
					</LinearRing>
				</outerBoundaryIs>
			</Polygon>
		</Placemark>
		<Placemark id="parcelles-des-personnes-morales_05_groupe_personne_4.38679">
		<styleUrl>#COM</styleUrl>			<visibility>0</visibility>
			<ExtendedData>
				<SchemaData schemaUrl="#parcelles-des-personnes-morales_05_groupe_personne_4.schema">
					<SimpleData name="Numero de Parcelle">051420000C1989</SimpleData>
					<SimpleData name="Departement">05</SimpleData>
					<SimpleData name="Commune">SAINT-FIRMIN</SimpleData>
					<SimpleData name="Adresse">LE MOULIN</SimpleData>
					<SimpleData name="Groupe de personne">Commune</SimpleData>
					<SimpleData name="Forme Juridique Abregee">COM</SimpleData>
					<SimpleData name="Denomination">COMMUNE DE SAINT FIRMIN</SimpleData>
				</SchemaData>
			</ExtendedData>
	<Region>
		<LatLonAltBox>
			<north> 44.8026546627609 </north>
			<south> 44.8010205690799 </south>
			<east> 6.01079032491682 </east>
			<west> 6.00903510147567 </west>
		</LatLonAltBox>
		<Lod>
			<minLodPixels>100</minLodPixels>
			<maxLodPixels>-1</maxLodPixels>
		</Lod>
	</Region>
			<Polygon><altitudeMode>relativeToGround</altitudeMode>
				<outerBoundaryIs>
					<LinearRing>
						<coordinates>							6.00903510147567,44.8011617122322,0 6.00905655263679,44.8011747346575,0 6.009182593906991,44.801247986136,0 6.00927355835255,44.8013042603136,0 6.009380134801141,44.8013684896583,0 6.00951373940811,44.8014624380567,0 6.00958816772861,44.8014296942278,0 6.00964616350394,44.8014823583118,0 6.00957509880798,44.8015141098872,0 6.00971549393787,44.8016710319804,0 6.00986096000753,44.8018470069897,0 6.01005810171305,44.8020733847264,0 6.01013772129132,44.802158797491,0 6.01021108303718,44.8022833022231,0 6.01027573799312,44.8023917357153,0 6.01034080417012,44.8024724080018,0 6.01039821263929,44.8025164383531,0 6.010463043109391,44.8025596364418,0 6.01053624699165,44.8025937775496,0 6.010669375470519,44.8026433196082,0 6.01070288651731,44.8026546627609,0 6.01079032491682,44.8025482254663,0 6.01075327356592,44.8025085977926,0 6.01072366379052,44.802456694946,0 6.01065490533283,44.8023165687305,0 6.01061949632273,44.8022674361871,0 6.01048899390897,44.8022928739532,0 6.0103685013779,44.8021815421248,0 6.01019452344657,44.8020049003545,0 6.01037067813279,44.8018678538647,0 6.01023175323714,44.8017218844882,0 6.01012002122924,44.8016086928158,0 6.01001730068144,44.8015054373673,0 6.00975354054121,44.8012118538122,0 6.00959906068575,44.8010471153496,0 6.009518127486611,44.8010434562642,0 6.00941963457255,44.8010403639228,0 6.009291967865641,44.8010241884707,0 6.009262668153279,44.8010205690799,0 6.00903510147567,44.8011617122322,0 
						</coordinates>
					</LinearRing>
				</outerBoundaryIs>
			</Polygon>
		</Placemark>
		<Placemark id="parcelles-des-personnes-morales_05_groupe_personne_4.38765">
		<styleUrl>#COM</styleUrl>			<visibility>0</visibility>
			<ExtendedData>
				<SchemaData schemaUrl="#parcelles-des-personnes-morales_05_groupe_personne_4.schema">
					<SimpleData name="Numero de Parcelle">051420000C0199</SimpleData>
					<SimpleData name="Departement">05</SimpleData>
					<SimpleData name="Commune">SAINT-FIRMIN</SimpleData>
					<SimpleData name="Adresse">LE MOULIN</SimpleData>
					<SimpleData name="Groupe de personne">Commune</SimpleData>
					<SimpleData name="Forme Juridique Abregee">COM</SimpleData>
					<SimpleData name="Denomination">COMMUNE DE SAINT FIRMIN</SimpleData>
				</SchemaData>
			</ExtendedData>
	<Region>
		<LatLonAltBox>
			<north> 44.8029083682119 </north>
			<south> 44.8025482254663 </south>
			<east> 6.01166182129708 </east>
			<west> 6.01070288651731 </west>
		</LatLonAltBox>
		<Lod>
			<minLodPixels>100</minLodPixels>
			<maxLodPixels>-1</maxLodPixels>
		</Lod>
	</Region>
			<Polygon><altitudeMode>relativeToGround</altitudeMode>
				<outerBoundaryIs>
					<LinearRing>
						<coordinates>							6.01070288651731,44.8026546627609,0 6.01077866552372,44.8026801745215,0 6.01104912900077,44.8027538262823,0 6.01118811384099,44.8027945593171,0 6.01130263100897,44.8028273975582,0 6.0114072588917,44.8028575311073,0 6.01145213546943,44.802875502808,0 6.01149002509763,44.8029000612178,0 6.01166182129708,44.8029083682119,0 6.01144321537535,44.8028224074025,0 6.01131294481222,44.8027813478695,0 6.01120806641343,44.8027465359729,0 6.01108163848222,44.8026992451728,0 6.0109760940677,44.8026543602388,0 6.01084689263283,44.8025930893096,0 6.010800929767759,44.8025595600187,0 6.01079032491682,44.8025482254663,0 6.01070288651731,44.8026546627609,0 
						</coordinates>
					</LinearRing>
				</outerBoundaryIs>
			</Polygon>
		</Placemark>
		<Placemark id="parcelles-des-personnes-morales_05_groupe_personne_4.38777">
		<styleUrl>#COM</styleUrl>			<visibility>0</visibility>
			<ExtendedData>
				<SchemaData schemaUrl="#parcelles-des-personnes-morales_05_groupe_personne_4.schema">
					<SimpleData name="Numero de Parcelle">051420000C1990</SimpleData>
					<SimpleData name="Departement">05</SimpleData>
					<SimpleData name="Commune">SAINT-FIRMIN</SimpleData>
					<SimpleData name="Adresse">LA BLACHETTE</SimpleData>
					<SimpleData name="Groupe de personne">Commune</SimpleData>
					<SimpleData name="Forme Juridique Abregee">COM</SimpleData>
					<SimpleData name="Denomination">COMMUNE DE SAINT FIRMIN</SimpleData>
				</SchemaData>
			</ExtendedData>
	<Region>
		<LatLonAltBox>
			<north> 44.7999633923718 </north>
			<south> 44.7991682594071 </south>
			<east> 6.01149657868653 </east>
			<west> 6.010350241696269 </west>
		</LatLonAltBox>
		<Lod>
			<minLodPixels>100</minLodPixels>
			<maxLodPixels>-1</maxLodPixels>
		</Lod>
	</Region>
			<Polygon><altitudeMode>relativeToGround</altitudeMode>
				<outerBoundaryIs>
					<LinearRing>
						<coordinates>							6.010350241696269,44.7991856691811,0 6.01037641590367,44.7991994640404,0 6.01057353045496,44.7992955604227,0 6.01059646657892,44.7993126866808,0 6.01061429938964,44.7993526560707,0 6.01065969129208,44.7994842267656,0 6.010689346610279,44.7995393718013,0 6.010724400362951,44.7995748190808,0 6.01076573704544,44.7995905445742,0 6.01092577994378,44.7996465628674,0 6.011043279531309,44.7996903120361,0 6.01112943882751,44.7997419400038,0 6.01121459703839,44.7997937752985,0 6.01129810385697,44.7998549354257,0 6.01137279552294,44.7999145330188,0 6.01145804783307,44.7999633923718,0 6.01149657868653,44.7999385598987,0 6.01139041154705,44.7998725195595,0 6.01133144606927,44.7998371814609,0 6.01126034622537,44.799799740332,0 6.01110112092392,44.7996834251352,0 6.01103160042255,44.7996471122367,0 6.01091305148738,44.799602670782,0 6.01081041518692,44.7995670770361,0 6.010758758631061,44.799545325036,0 6.01073675474066,44.7995078114814,0 6.01064452523433,44.7993263376048,0 6.01061901717716,44.7992895498868,0 6.010558577121309,44.799250287179,0 6.01050132466255,44.7992232812084,0 6.010415908978141,44.7991855075954,0 6.01037423803811,44.7991682594071,0 6.010350241696269,44.7991856691811,0 
						</coordinates>
					</LinearRing>
				</outerBoundaryIs>
			</Polygon>
		</Placemark>
		<Placemark id="parcelles-des-personnes-morales_05_groupe_personne_4.38786">
		<styleUrl>#COM</styleUrl>			<visibility>0</visibility>
			<ExtendedData>
				<SchemaData schemaUrl="#parcelles-des-personnes-morales_05_groupe_personne_4.schema">
					<SimpleData name="Numero de Parcelle">051420000C1991</SimpleData>
					<SimpleData name="Departement">05</SimpleData>
					<SimpleData name="Commune">SAINT-FIRMIN</SimpleData>
					<SimpleData name="Adresse">LE GRAND CHAMP</SimpleData>
					<SimpleData name="Groupe de personne">Commune</SimpleData>
					<SimpleData name="Forme Juridique Abregee">COM</SimpleData>
					<SimpleData name="Denomination">COMMUNE DE SAINT FIRMIN</SimpleData>
				</SchemaData>
			</ExtendedData>
	<Region>
		<LatLonAltBox>
			<north> 44.8007782639269 </north>
			<south> 44.7999626930524 </south>
			<east> 6.012037265513899 </east>
			<west> 6.01148215249456 </west>
		</LatLonAltBox>
		<Lod>
			<minLodPixels>100</minLodPixels>
			<maxLodPixels>-1</maxLodPixels>
		</Lod>
	</Region>
			<Polygon><altitudeMode>relativeToGround</altitudeMode>
				<outerBoundaryIs>
					<LinearRing>
						<coordinates>							6.01152027052008,44.7999626930524,0 6.01148215249456,44.7999881450005,0 6.011580717667159,44.8001484535,0 6.011640849352161,44.8002197086732,0 6.01169127827613,44.8002964530804,0 6.01172328670046,44.8003529755226,0 6.01188977064348,44.8006093744496,0 6.011997798854391,44.8007738403374,0 6.012037265513899,44.8007782639269,0 6.011871815512571,44.8005104848042,0 6.01178865921963,44.8003520102924,0 6.011727905176071,44.8002691495269,0 6.01168220435571,44.8002168732798,0 6.01162073982577,44.800125472515,0 6.01152027052008,44.7999626930524,0 
						</coordinates>
					</LinearRing>
				</outerBoundaryIs>
			</Polygon>
		</Placemark>
		<Placemark id="parcelles-des-personnes-morales_05_groupe_personne_4.38797">
		<styleUrl>#COM</styleUrl>			<visibility>0</visibility>
			<ExtendedData>
				<SchemaData schemaUrl="#parcelles-des-personnes-morales_05_groupe_personne_4.schema">
					<SimpleData name="Numero de Parcelle">051420000C1992</SimpleData>
					<SimpleData name="Departement">05</SimpleData>
					<SimpleData name="Commune">SAINT-FIRMIN</SimpleData>
					<SimpleData name="Adresse">LE GRAND CHAMP</SimpleData>
					<SimpleData name="Groupe de personne">Commune</SimpleData>
					<SimpleData name="Forme Juridique Abregee">COM</SimpleData>
					<SimpleData name="Denomination">COMMUNE DE SAINT FIRMIN</SimpleData>
				</SchemaData>
			</ExtendedData>
	<Region>
		<LatLonAltBox>
			<north> 44.8024609561762 </north>
			<south> 44.8008332306793 </south>
			<east> 6.013143663694999 </east>
			<west> 6.01201681560303 </west>
		</LatLonAltBox>
		<Lod>
			<minLodPixels>100</minLodPixels>
			<maxLodPixels>-1</maxLodPixels>
		</Lod>
	</Region>
			<Polygon><altitudeMode>relativeToGround</altitudeMode>
				<outerBoundaryIs>
					<LinearRing>
						<coordinates>							6.01247486816965,44.8020388198136,0 6.012476163821361,44.8021267197861,0 6.012484767520081,44.8022305486247,0 6.012496464645099,44.8022575303091,0 6.01256883790437,44.8023044865163,0 6.012786399008781,44.8024134483535,0 6.012881841799029,44.8024540111572,0 6.012934606203579,44.8024609561762,0 6.0130382750559,44.8024590395225,0 6.0131361358627,44.802457370735,0 6.013143663694999,44.8024467148074,0 6.01307599550784,44.8024214346804,0 6.012972330358731,44.8024021783454,0 6.01285640679213,44.8023855976118,0 6.01278670152673,44.8023624449215,0 6.01271049565205,44.8023337026119,0 6.012657359977521,44.80231983007,0 6.01261909309218,44.8023024000182,0 6.01257733329949,44.8022811906816,0 6.01254740950544,44.802256506271,0 6.012529661220121,44.8022181565489,0 6.01253562324247,44.802102759793,0 6.01253984523852,44.802046964789,0 6.012510233709569,44.8018534291375,0 6.0124764833144,44.8017148753533,0 6.01244623274109,44.8015991112297,0 6.01238900687212,44.8015230923589,0 6.01231835470833,44.8014421225538,0 6.01225214572998,44.8013708526032,0 6.01222888228085,44.8013311210637,0 6.01222106126723,44.8013103408679,0 6.012221369051529,44.8012830329659,0 6.01225328912528,44.8012151330739,0 6.01227386334819,44.8011763726724,0 6.012272209120149,44.8011337114154,0 6.012265826368801,44.8011019903465,0 6.012219272647559,44.8010409078973,0 6.012175455533451,44.8010025457333,0 6.01212957613597,44.8009682038796,0 6.01204362867154,44.8008332306793,0 6.01201681560303,44.800833508737,0 6.01203697315204,44.8009545926115,0 6.01205476997209,44.8009796967292,0 6.012109778329831,44.8010214488475,0 6.01217590578522,44.8010652413428,0 6.01221070967078,44.8010983524772,0 6.012233263086099,44.8011272015127,0 6.01223484011922,44.8011684233072,0 6.01222454863084,44.8011983450291,0 6.012186644076099,44.8012702817169,0 6.012175109166811,44.8012982550761,0 6.01217715692762,44.8013293731636,0 6.0121989502897,44.8013629279322,0 6.01222852809203,44.8014000552674,0 6.012321746244611,44.8014912236267,0 6.01237261999713,44.8015549816854,0 6.01240286843004,44.8016046143118,0 6.012445022347491,44.801753571251,0 6.01247716365768,44.8018691939052,0 6.01248243060954,44.8019320289408,0 6.012478259723049,44.802005301469,0 6.01247486816965,44.8020388198136,0 
						</coordinates>
					</LinearRing>
				</outerBoundaryIs>
			</Polygon>
		</Placemark>
		<Placemark id="parcelles-des-personnes-morales_05_groupe_personne_4.38811">
		<styleUrl>#COM</styleUrl>			<visibility>0</visibility>
			<ExtendedData>
				<SchemaData schemaUrl="#parcelles-des-personnes-morales_05_groupe_personne_4.schema">
					<SimpleData name="Numero de Parcelle">051420000C1993</SimpleData>
					<SimpleData name="Departement">05</SimpleData>
					<SimpleData name="Commune">SAINT-FIRMIN</SimpleData>
					<SimpleData name="Adresse">LE MOULIN</SimpleData>
					<SimpleData name="Groupe de personne">Commune</SimpleData>
					<SimpleData name="Forme Juridique Abregee">COM</SimpleData>
					<SimpleData name="Denomination">COMMUNE DE SAINT FIRMIN</SimpleData>
				</SchemaData>
			</ExtendedData>
	<Region>
		<LatLonAltBox>
			<north> 44.8029000612178 </north>
			<south> 44.8010073416212 </south>
			<east> 6.01149002509763 </east>
			<west> 6.0087841791656 </west>
		</LatLonAltBox>
		<Lod>
			<minLodPixels>100</minLodPixels>
			<maxLodPixels>-1</maxLodPixels>
		</Lod>
	</Region>
			<Polygon><altitudeMode>relativeToGround</altitudeMode>
				<outerBoundaryIs>
					<LinearRing>
						<coordinates>							6.00903510147567,44.8011617122322,0 6.00893490070503,44.8011007332245,0 6.00881727272765,44.8010073416212,0 6.00880413832247,44.8010125633725,0 6.0087841791656,44.8010203128895,0 6.008841347027919,44.8010740809942,0 6.00893099128055,44.801145888008,0 6.009046956922549,44.8012200437985,0 6.00924640099511,44.8013335583906,0 6.00935508975525,44.8014017848016,0 6.00947791655003,44.8014811597612,0 6.00951074063548,44.801515136335,0 6.00957150140825,44.80157925786,0 6.009677459598,44.8017004452822,0 6.009846674306041,44.8018827130439,0 6.00998288871239,44.8020347930167,0 6.01009965946189,44.8021735258062,0 6.01018233957515,44.8022948043177,0 6.01030419067137,44.8024976384552,0 6.01036416189112,44.8025493476134,0 6.01044186694677,44.8026037285737,0 6.01052825435605,44.8026430076196,0 6.01067084670611,44.8027014826122,0 6.010757107365419,44.8027313046979,0 6.01089435479795,44.802765598261,0 6.011157633651001,44.8028208848269,0 6.011308624666971,44.8028589490658,0 6.01140107490619,44.8028956301404,0 6.01149002509763,44.8029000612178,0 6.01145213546943,44.802875502808,0 6.0114072588917,44.8028575311073,0 6.01130263100897,44.8028273975582,0 6.01118811384099,44.8027945593171,0 6.01104912900077,44.8027538262823,0 6.01077866552372,44.8026801745215,0 6.01070288651731,44.8026546627609,0 6.010669375470519,44.8026433196082,0 6.01053624699165,44.8025937775496,0 6.010463043109391,44.8025596364418,0 6.01039821263929,44.8025164383531,0 6.01034080417012,44.8024724080018,0 6.01027573799312,44.8023917357153,0 6.01021108303718,44.8022833022231,0 6.01013772129132,44.802158797491,0 6.01005810171305,44.8020733847264,0 6.00986096000753,44.8018470069897,0 6.00971549393787,44.8016710319804,0 6.00957509880798,44.8015141098872,0 6.00951373940811,44.8014624380567,0 6.009380134801141,44.8013684896583,0 6.00927355835255,44.8013042603136,0 6.009182593906991,44.801247986136,0 6.00905655263679,44.8011747346575,0 6.00903510147567,44.8011617122322,0 
						</coordinates>
					</LinearRing>
				</outerBoundaryIs>
			</Polygon>
		</Placemark>
		<Placemark id="parcelles-des-personnes-morales_05_groupe_personne_4.38820">
		<styleUrl>#COM</styleUrl>			<visibility>0</visibility>
			<ExtendedData>
				<SchemaData schemaUrl="#parcelles-des-personnes-morales_05_groupe_personne_4.schema">
					<SimpleData name="Numero de Parcelle">051420000C1994</SimpleData>
					<SimpleData name="Departement">05</SimpleData>
					<SimpleData name="Commune">SAINT-FIRMIN</SimpleData>
					<SimpleData name="Adresse">DEVANT BRUDOUR</SimpleData>
					<SimpleData name="Groupe de personne">Commune</SimpleData>
					<SimpleData name="Forme Juridique Abregee">COM</SimpleData>
					<SimpleData name="Denomination">COMMUNE DE SAINT FIRMIN</SimpleData>
				</SchemaData>
			</ExtendedData>
	<Region>
		<LatLonAltBox>
			<north> 44.8009945016926 </north>
			<south> 44.8006865465696 </south>
			<east> 6.008797232455381 </east>
			<west> 6.008430356975589 </west>
		</LatLonAltBox>
		<Lod>
			<minLodPixels>100</minLodPixels>
			<maxLodPixels>-1</maxLodPixels>
		</Lod>
	</Region>
			<Polygon><altitudeMode>relativeToGround</altitudeMode>
				<outerBoundaryIs>
					<LinearRing>
						<coordinates>							6.008463861504599,44.8006865465696,0 6.008430356975589,44.8007154761099,0 6.00848757911632,44.8007560886937,0 6.00862032771079,44.8008553770422,0 6.00866553228099,44.800893702883,0 6.0087132934332,44.8009419601216,0 6.008749262087919,44.8009945016926,0 6.00877441882662,44.8009821963412,0 6.008797232455381,44.8009710357485,0 6.00870528597906,44.8008869477952,0 6.008653074385001,44.8008359282298,0 6.008631981812411,44.8008154179244,0 6.008463861504599,44.8006865465696,0 
						</coordinates>
					</LinearRing>
				</outerBoundaryIs>
			</Polygon>
		</Placemark>
		<Placemark id="parcelles-des-personnes-morales_05_groupe_personne_4.38828">
		<styleUrl>#COM</styleUrl>			<visibility>0</visibility>
			<ExtendedData>
				<SchemaData schemaUrl="#parcelles-des-personnes-morales_05_groupe_personne_4.schema">
					<SimpleData name="Numero de Parcelle">051420000C1995</SimpleData>
					<SimpleData name="Departement">05</SimpleData>
					<SimpleData name="Commune">SAINT-FIRMIN</SimpleData>
					<SimpleData name="Adresse">LE MOULIN</SimpleData>
					<SimpleData name="Groupe de personne">Commune</SimpleData>
					<SimpleData name="Forme Juridique Abregee">COM</SimpleData>
					<SimpleData name="Denomination">COMMUNE DE SAINT FIRMIN</SimpleData>
				</SchemaData>
			</ExtendedData>
	<Region>
		<LatLonAltBox>
			<north> 44.8010205690799 </north>
			<south> 44.8009541935214 </south>
			<east> 6.00928153552169 </east>
			<west> 6.00878915220697 </west>
		</LatLonAltBox>
		<Lod>
			<minLodPixels>100</minLodPixels>
			<maxLodPixels>-1</maxLodPixels>
		</Lod>
	</Region>
			<Polygon><altitudeMode>relativeToGround</altitudeMode>
				<outerBoundaryIs>
					<LinearRing>
						<coordinates>							6.009262668153279,44.8010205690799,0 6.00928153552169,44.801008974927,0 6.008906553172801,44.8009541935214,0 6.00878915220697,44.8009973832876,0 6.00880413832247,44.8010125633725,0 6.00881727272765,44.8010073416212,0 6.00886711222224,44.8009880594888,0 6.00890565382954,44.8009752106108,0 6.008932851996979,44.8009726704212,0 6.00897015963366,44.8009793160386,0 6.00903517351164,44.8009881827969,0 6.00916089423374,44.801008195453,0 6.009262668153279,44.8010205690799,0 
						</coordinates>
					</LinearRing>
				</outerBoundaryIs>
			</Polygon>
		</Placemark>
		<Placemark id="parcelles-des-personnes-morales_05_groupe_personne_4.38833">
		<styleUrl>#COM</styleUrl>			<visibility>0</visibility>
			<ExtendedData>
				<SchemaData schemaUrl="#parcelles-des-personnes-morales_05_groupe_personne_4.schema">
					<SimpleData name="Numero de Parcelle">051420000C1996</SimpleData>
					<SimpleData name="Departement">05</SimpleData>
					<SimpleData name="Commune">SAINT-FIRMIN</SimpleData>
					<SimpleData name="Adresse">LE MOULIN</SimpleData>
					<SimpleData name="Groupe de personne">Commune</SimpleData>
					<SimpleData name="Forme Juridique Abregee">COM</SimpleData>
					<SimpleData name="Denomination">COMMUNE DE SAINT FIRMIN</SimpleData>
				</SchemaData>
			</ExtendedData>
	<Region>
		<LatLonAltBox>
			<north> 44.801008974927 </north>
			<south> 44.8009277111711 </south>
			<east> 6.00928153552169 </east>
			<west> 6.00877441882662 </west>
		</LatLonAltBox>
		<Lod>
			<minLodPixels>100</minLodPixels>
			<maxLodPixels>-1</maxLodPixels>
		</Lod>
	</Region>
			<Polygon><altitudeMode>relativeToGround</altitudeMode>
				<outerBoundaryIs>
					<LinearRing>
						<coordinates>							6.00922557618476,44.8009683284469,0 6.00888640614621,44.8009277111711,0 6.008797232455381,44.8009710357485,0 6.00877441882662,44.8009821963412,0 6.00878915220697,44.8009973832876,0 6.008906553172801,44.8009541935214,0 6.00928153552169,44.801008974927,0 6.00922557618476,44.8009683284469,0 
						</coordinates>
					</LinearRing>
				</outerBoundaryIs>
			</Polygon>
		</Placemark>
		<Placemark id="parcelles-des-personnes-morales_05_groupe_personne_4.39188">
		<styleUrl>#COM</styleUrl>			<visibility>0</visibility>
			<ExtendedData>
				<SchemaData schemaUrl="#parcelles-des-personnes-morales_05_groupe_personne_4.schema">
					<SimpleData name="Numero de Parcelle">051420000A0020</SimpleData>
					<SimpleData name="Departement">05</SimpleData>
					<SimpleData name="Commune">SAINT-FIRMIN</SimpleData>
					<SimpleData name="Adresse">LE CANETON</SimpleData>
					<SimpleData name="Groupe de personne">Commune</SimpleData>
					<SimpleData name="Forme Juridique Abregee">COM</SimpleData>
					<SimpleData name="Denomination">COMMUNE DE SAINT FIRMIN</SimpleData>
				</SchemaData>
			</ExtendedData>
	<Region>
		<LatLonAltBox>
			<north> 44.7948103319884 </north>
			<south> 44.7944441970396 </south>
			<east> 5.991336470407 </east>
			<west> 5.989207119629891 </west>
		</LatLonAltBox>
		<Lod>
			<minLodPixels>100</minLodPixels>
			<maxLodPixels>-1</maxLodPixels>
		</Lod>
	</Region>
			<Polygon><altitudeMode>relativeToGround</altitudeMode>
				<outerBoundaryIs>
					<LinearRing>
						<coordinates>							5.98928466613811,44.7944441970396,0 5.989207119629891,44.7947609045803,0 5.9894702976714,44.7947488515743,0 5.9897443886113,44.7947207367342,0 5.98986775657491,44.7947159675311,0 5.990126497985291,44.794739440489,0 5.99021623201719,44.7947541380587,0 5.99029861962591,44.7947734484689,0 5.99040538940069,44.7948086787465,0 5.99043761654457,44.7948103319884,0 5.99058777266429,44.7947906040401,0 5.99070760346354,44.7947669190084,0 5.990818086615981,44.7947221332321,0 5.990888421849661,44.7947241996216,0 5.991162988127669,44.794745441239,0 5.991336470407,44.7947122891042,0 5.99120204604407,44.7946876265109,0 5.991035004548911,44.7946753762577,0 5.99089337420448,44.7946746030892,0 5.99073053638394,44.7946866550626,0 5.99066746915895,44.7946808787169,0 5.99061433096915,44.7946738433832,0 5.990514841766899,44.7946375159195,0 5.99043862254385,44.7946223638803,0 5.99033624029157,44.7946125125402,0 5.99027763940398,44.7946003087389,0 5.990233190648099,44.7945806055108,0 5.99015906964903,44.7945549455056,0 5.99011150440869,44.79454325478,0 5.98995781452816,44.7945227142689,0 5.98979434700767,44.7945086539305,0 5.98971085349336,44.7945113564898,0 5.98961529832105,44.7945204207638,0 5.989589254867749,44.7945160778079,0 5.98954637813706,44.7944997555725,0 5.98949466459489,44.7944743016428,0 5.9894607578053,44.7944648550564,0 5.98937389506098,44.7944517912864,0 5.98928466613811,44.7944441970396,0 
						</coordinates>
					</LinearRing>
				</outerBoundaryIs>
			</Polygon>
		</Placemark>
		<Placemark id="parcelles-des-personnes-morales_05_groupe_personne_4.39307">
		<styleUrl>#COM</styleUrl>			<visibility>0</visibility>
			<ExtendedData>
				<SchemaData schemaUrl="#parcelles-des-personnes-morales_05_groupe_personne_4.schema">
					<SimpleData name="Numero de Parcelle">05142000AE0020</SimpleData>
					<SimpleData name="Departement">05</SimpleData>
					<SimpleData name="Commune">SAINT-FIRMIN</SimpleData>
					<SimpleData name="Adresse">LA VILLETTE</SimpleData>
					<SimpleData name="Groupe de personne">Commune</SimpleData>
					<SimpleData name="Forme Juridique Abregee">COM</SimpleData>
					<SimpleData name="Denomination">COMMUNE DE SAINT FIRMIN</SimpleData>
				</SchemaData>
			</ExtendedData>
	<Region>
		<LatLonAltBox>
			<north> 44.7814938365503 </north>
			<south> 44.7814255295867 </south>
			<east> 6.02451004366174 </east>
			<west> 6.02438208741227 </west>
		</LatLonAltBox>
		<Lod>
			<minLodPixels>100</minLodPixels>
			<maxLodPixels>-1</maxLodPixels>
		</Lod>
	</Region>
			<Polygon><altitudeMode>relativeToGround</altitudeMode>
				<outerBoundaryIs>
					<LinearRing>
						<coordinates>							6.02443971961619,44.7814930298254,0 6.02446669558939,44.7814818422798,0 6.024496161285651,44.7814840112898,0 6.02451004366174,44.7814739919733,0 6.02450099895638,44.7814657696748,0 6.0244794341799,44.7814576187931,0 6.02445025617484,44.7814255295867,0 6.02438208741227,44.7814540589049,0 6.024405517657601,44.7814874762645,0 6.024410161020039,44.7814938365503,0 6.02443971961619,44.7814930298254,0 
						</coordinates>
					</LinearRing>
				</outerBoundaryIs>
			</Polygon>
		</Placemark>
		<Placemark id="parcelles-des-personnes-morales_05_groupe_personne_4.39458">
		<styleUrl>#COM</styleUrl>			<visibility>0</visibility>
			<ExtendedData>
				<SchemaData schemaUrl="#parcelles-des-personnes-morales_05_groupe_personne_4.schema">
					<SimpleData name="Numero de Parcelle">051420000C0200</SimpleData>
					<SimpleData name="Departement">05</SimpleData>
					<SimpleData name="Commune">SAINT-FIRMIN</SimpleData>
					<SimpleData name="Adresse">LE MOULIN</SimpleData>
					<SimpleData name="Groupe de personne">Commune</SimpleData>
					<SimpleData name="Forme Juridique Abregee">COM</SimpleData>
					<SimpleData name="Denomination">COMMUNE DE SAINT FIRMIN</SimpleData>
				</SchemaData>
			</ExtendedData>
	<Region>
		<LatLonAltBox>
			<north> 44.8032703520191 </north>
			<south> 44.802958107597 </south>
			<east> 6.01298914373462 </east>
			<west> 6.011834066672151 </west>
		</LatLonAltBox>
		<Lod>
			<minLodPixels>100</minLodPixels>
			<maxLodPixels>-1</maxLodPixels>
		</Lod>
	</Region>
			<Polygon><altitudeMode>relativeToGround</altitudeMode>
				<outerBoundaryIs>
					<LinearRing>
						<coordinates>							6.01212254642805,44.8030632519704,0 6.01230698188722,44.8031255433791,0 6.012472285950251,44.8031685329123,0 6.012722354529,44.8032204808415,0 6.01298914373462,44.8032703520191,0 6.01291623646115,44.803229987664,0 6.012819946342381,44.8031901686514,0 6.012713518914509,44.8031477419329,0 6.01257936980312,44.8031146277294,0 6.012133777938,44.8030178079323,0 6.011962154222639,44.8029796746901,0 6.011834066672151,44.802958107597,0 6.01212254642805,44.8030632519704,0 
						</coordinates>
					</LinearRing>
				</outerBoundaryIs>
			</Polygon>
		</Placemark>
		<Placemark id="parcelles-des-personnes-morales_05_groupe_personne_4.39478">
		<styleUrl>#COM</styleUrl>			<visibility>0</visibility>
			<ExtendedData>
				<SchemaData schemaUrl="#parcelles-des-personnes-morales_05_groupe_personne_4.schema">
					<SimpleData name="Numero de Parcelle">051420000C2001</SimpleData>
					<SimpleData name="Departement">05</SimpleData>
					<SimpleData name="Commune">SAINT-FIRMIN</SimpleData>
					<SimpleData name="Adresse">LES PREAUX</SimpleData>
					<SimpleData name="Groupe de personne">Commune</SimpleData>
					<SimpleData name="Forme Juridique Abregee">COM</SimpleData>
					<SimpleData name="Denomination">COMMUNE DE SAINT FIRMIN</SimpleData>
				</SchemaData>
			</ExtendedData>
	<Region>
		<LatLonAltBox>
			<north> 44.7936858927495 </north>
			<south> 44.7936443411276 </south>
			<east> 6.02476261327019 </east>
			<west> 6.02472331623188 </west>
		</LatLonAltBox>
		<Lod>
			<minLodPixels>100</minLodPixels>
			<maxLodPixels>-1</maxLodPixels>
		</Lod>
	</Region>
			<Polygon><altitudeMode>relativeToGround</altitudeMode>
				<outerBoundaryIs>
					<LinearRing>
						<coordinates>							6.02472331623188,44.7936490976831,0 6.024751741761821,44.7936858927495,0 6.02476261327019,44.7936810010826,0 6.024735839918831,44.7936443411276,0 6.02472331623188,44.7936490976831,0 
						</coordinates>
					</LinearRing>
				</outerBoundaryIs>
			</Polygon>
		</Placemark>
		<Placemark id="parcelles-des-personnes-morales_05_groupe_personne_4.39491">
		<styleUrl>#COM</styleUrl>			<visibility>0</visibility>
			<ExtendedData>
				<SchemaData schemaUrl="#parcelles-des-personnes-morales_05_groupe_personne_4.schema">
					<SimpleData name="Numero de Parcelle">051420000C2002</SimpleData>
					<SimpleData name="Departement">05</SimpleData>
					<SimpleData name="Commune">SAINT-FIRMIN</SimpleData>
					<SimpleData name="Adresse">LES PREAUX</SimpleData>
					<SimpleData name="Groupe de personne">Commune</SimpleData>
					<SimpleData name="Forme Juridique Abregee">COM</SimpleData>
					<SimpleData name="Denomination">COMMUNE DE SAINT FIRMIN</SimpleData>
				</SchemaData>
			</ExtendedData>
	<Region>
		<LatLonAltBox>
			<north> 44.7936672624828 </north>
			<south> 44.7936187234488 </south>
			<east> 6.024735839918831 </east>
			<west> 6.024675073075989 </west>
		</LatLonAltBox>
		<Lod>
			<minLodPixels>100</minLodPixels>
			<maxLodPixels>-1</maxLodPixels>
		</Lod>
	</Region>
			<Polygon><altitudeMode>relativeToGround</altitudeMode>
				<outerBoundaryIs>
					<LinearRing>
						<coordinates>							6.024675073075989,44.7936672624828,0 6.02472331623188,44.7936490976831,0 6.024735839918831,44.7936443411276,0 6.024717126283939,44.7936187234488,0 6.024675073075989,44.7936672624828,0 
						</coordinates>
					</LinearRing>
				</outerBoundaryIs>
			</Polygon>
		</Placemark>
		<Placemark id="parcelles-des-personnes-morales_05_groupe_personne_4.39517">
		<styleUrl>#COM</styleUrl>			<visibility>0</visibility>
			<ExtendedData>
				<SchemaData schemaUrl="#parcelles-des-personnes-morales_05_groupe_personne_4.schema">
					<SimpleData name="Numero de Parcelle">051420000C2005</SimpleData>
					<SimpleData name="Departement">05</SimpleData>
					<SimpleData name="Commune">SAINT-FIRMIN</SimpleData>
					<SimpleData name="Adresse">LES PREAUX</SimpleData>
					<SimpleData name="Groupe de personne">Commune</SimpleData>
					<SimpleData name="Forme Juridique Abregee">COM</SimpleData>
					<SimpleData name="Denomination">COMMUNE DE SAINT FIRMIN</SimpleData>
				</SchemaData>
			</ExtendedData>
	<Region>
		<LatLonAltBox>
			<north> 44.7934029493746 </north>
			<south> 44.7933683574505 </south>
			<east> 6.02490431976791 </east>
			<west> 6.02484619597087 </west>
		</LatLonAltBox>
		<Lod>
			<minLodPixels>100</minLodPixels>
			<maxLodPixels>-1</maxLodPixels>
		</Lod>
	</Region>
			<Polygon><altitudeMode>relativeToGround</altitudeMode>
				<outerBoundaryIs>
					<LinearRing>
						<coordinates>							6.02484619597087,44.7933978852635,0 6.02486423476791,44.7933945098442,0 6.024865321677801,44.7934029493746,0 6.02487920031494,44.7934022102248,0 6.02487882745104,44.7933952828701,0 6.02490431976791,44.7933705310484,0 6.024898129283899,44.7933683574505,0 6.0248546232698,44.7933922494099,0 6.02484619597087,44.7933978852635,0 
						</coordinates>
					</LinearRing>
				</outerBoundaryIs>
			</Polygon>
		</Placemark>
		<Placemark id="parcelles-des-personnes-morales_05_groupe_personne_4.39641">
		<styleUrl>#COM</styleUrl>			<visibility>0</visibility>
			<ExtendedData>
				<SchemaData schemaUrl="#parcelles-des-personnes-morales_05_groupe_personne_4.schema">
					<SimpleData name="Numero de Parcelle">051420000C0201</SimpleData>
					<SimpleData name="Departement">05</SimpleData>
					<SimpleData name="Commune">SAINT-FIRMIN</SimpleData>
					<SimpleData name="Adresse">TRAI LE COL</SimpleData>
					<SimpleData name="Groupe de personne">Commune</SimpleData>
					<SimpleData name="Forme Juridique Abregee">COM</SimpleData>
					<SimpleData name="Denomination">COMMUNE DE SAINT FIRMIN</SimpleData>
				</SchemaData>
			</ExtendedData>
	<Region>
		<LatLonAltBox>
			<north> 44.8049191291401 </north>
			<south> 44.8031958999071 </south>
			<east> 6.014268832404401 </east>
			<west> 6.01245654205332 </west>
		</LatLonAltBox>
		<Lod>
			<minLodPixels>100</minLodPixels>
			<maxLodPixels>-1</maxLodPixels>
		</Lod>
	</Region>
			<Polygon><altitudeMode>relativeToGround</altitudeMode>
				<outerBoundaryIs>
					<LinearRing>
						<coordinates>							6.01274502845958,44.8033624890978,0 6.012986681200861,44.8036421615876,0 6.01310173586068,44.8037722888548,0 6.013249575389931,44.8039355818052,0 6.013302714835669,44.804017928202,0 6.0133110393297,44.8040457222906,0 6.01345858675626,44.8043498455514,0 6.01351733942809,44.8044849266088,0 6.013555797006729,44.8045412734097,0 6.01362259653816,44.804595137905,0 6.013752982454659,44.8046547518916,0 6.01390205478703,44.804732417839,0 6.014268832404401,44.8049191291401,0 6.014241748358401,44.8044873966823,0 6.014230325000121,44.8042603007629,0 6.0142303865715,44.8042260619764,0 6.01417416124084,44.8041640718517,0 6.01391820306482,44.8038797451313,0 6.01375829123154,44.8036848866588,0 6.013725049234121,44.8036408316401,0 6.013660187610301,44.8035806077372,0 6.013587359397761,44.8035346555937,0 6.013474912131759,44.8034838339381,0 6.013381441029049,44.8034541197866,0 6.01324919857377,44.8034023043297,0 6.01313379840871,44.8033719246642,0 6.01287339140945,44.8032947609922,0 6.01262897124885,44.8032277937929,0 6.01245654205332,44.8031958999071,0 6.01274502845958,44.8033624890978,0 
						</coordinates>
					</LinearRing>
				</outerBoundaryIs>
			</Polygon>
		</Placemark>
		<Placemark id="parcelles-des-personnes-morales_05_groupe_personne_4.39813">
		<styleUrl>#COM</styleUrl>			<visibility>0</visibility>
			<ExtendedData>
				<SchemaData schemaUrl="#parcelles-des-personnes-morales_05_groupe_personne_4.schema">
					<SimpleData name="Numero de Parcelle">051420000C0202</SimpleData>
					<SimpleData name="Departement">05</SimpleData>
					<SimpleData name="Commune">SAINT-FIRMIN</SimpleData>
					<SimpleData name="Adresse">TRAI LE COL</SimpleData>
					<SimpleData name="Groupe de personne">Commune</SimpleData>
					<SimpleData name="Forme Juridique Abregee">COM</SimpleData>
					<SimpleData name="Denomination">COMMUNE DE SAINT FIRMIN</SimpleData>
				</SchemaData>
			</ExtendedData>
	<Region>
		<LatLonAltBox>
			<north> 44.8040815642195 </north>
			<south> 44.8030755746296 </south>
			<east> 6.01467282906514 </east>
			<west> 6.01289792603034 </west>
		</LatLonAltBox>
		<Lod>
			<minLodPixels>100</minLodPixels>
			<maxLodPixels>-1</maxLodPixels>
		</Lod>
	</Region>
			<Polygon><altitudeMode>relativeToGround</altitudeMode>
				<outerBoundaryIs>
					<LinearRing>
						<coordinates>							6.01289792603034,44.8031740842242,0 6.012979535212451,44.8032091666175,0 6.01315252925893,44.803324745006,0 6.01323307276082,44.8033517474068,0 6.01342728627534,44.8034216998301,0 6.01355970264547,44.8034767538669,0 6.01367133986489,44.8035360666353,0 6.01375077703621,44.8035849023772,0 6.01377636691119,44.8036089835475,0 6.01381728790415,44.803704185438,0 6.01395179768253,44.8038289177011,0 6.01404978252366,44.8039286046494,0 6.01417998609922,44.8040815642195,0 6.01467282906514,44.8039124743625,0 6.01431173100073,44.8035649660641,0 6.01413012049858,44.8033879067827,0 6.01416302169095,44.8033571899096,0 6.01394133482633,44.8032681642117,0 6.01374117496863,44.8031911665353,0 6.01368172993588,44.8032390026415,0 6.01297869935488,44.8030755746296,0 6.01289792603034,44.8031740842242,0 
						</coordinates>
					</LinearRing>
				</outerBoundaryIs>
			</Polygon>
		</Placemark>
		<Placemark id="parcelles-des-personnes-morales_05_groupe_personne_4.40187">
		<styleUrl>#COM</styleUrl>			<visibility>0</visibility>
			<ExtendedData>
				<SchemaData schemaUrl="#parcelles-des-personnes-morales_05_groupe_personne_4.schema">
					<SimpleData name="Numero de Parcelle">051420000C0204</SimpleData>
					<SimpleData name="Departement">05</SimpleData>
					<SimpleData name="Commune">SAINT-FIRMIN</SimpleData>
					<SimpleData name="Adresse">TRAI LE COL</SimpleData>
					<SimpleData name="Groupe de personne">Commune</SimpleData>
					<SimpleData name="Forme Juridique Abregee">COM</SimpleData>
					<SimpleData name="Denomination">COMMUNE DE SAINT FIRMIN</SimpleData>
				</SchemaData>
			</ExtendedData>
	<Region>
		<LatLonAltBox>
			<north> 44.8050183316795 </north>
			<south> 44.8039124743625 </south>
			<east> 6.015569048998171 </east>
			<west> 6.01417998609922 </west>
		</LatLonAltBox>
		<Lod>
			<minLodPixels>100</minLodPixels>
			<maxLodPixels>-1</maxLodPixels>
		</Lod>
	</Region>
			<Polygon><altitudeMode>relativeToGround</altitudeMode>
				<outerBoundaryIs>
					<LinearRing>
						<coordinates>							6.01514838740562,44.8044094941546,0 6.01481726102016,44.8040640552326,0 6.01467282906514,44.8039124743625,0 6.01417998609922,44.8040815642195,0 6.01424075713761,44.8041528008982,0 6.014270908548691,44.8042100039833,0 6.01431680633336,44.804940529358,0 6.01451385251638,44.8050183316795,0 6.01460527228127,44.8050050340578,0 6.01476515625953,44.8049775311794,0 6.01490190400787,44.8049646224101,0 6.01496612120537,44.8049608938398,0 6.015153022977309,44.8049628383579,0 6.01529868148085,44.8049721210807,0 6.01550190360412,44.8049904693945,0 6.015569048998171,44.8049941389388,0 6.01531093762613,44.8046392370123,0 6.01514838740562,44.8044094941546,0 
						</coordinates>
					</LinearRing>
				</outerBoundaryIs>
			</Polygon>
		</Placemark>
		<Placemark id="parcelles-des-personnes-morales_05_groupe_personne_4.40650">
		<styleUrl>#COM</styleUrl>			<visibility>0</visibility>
			<ExtendedData>
				<SchemaData schemaUrl="#parcelles-des-personnes-morales_05_groupe_personne_4.schema">
					<SimpleData name="Numero de Parcelle">051420000C0207</SimpleData>
					<SimpleData name="Departement">05</SimpleData>
					<SimpleData name="Commune">SAINT-FIRMIN</SimpleData>
					<SimpleData name="Adresse">TRAI LE COL</SimpleData>
					<SimpleData name="Groupe de personne">Commune</SimpleData>
					<SimpleData name="Forme Juridique Abregee">COM</SimpleData>
					<SimpleData name="Denomination">COMMUNE DE SAINT FIRMIN</SimpleData>
				</SchemaData>
			</ExtendedData>
	<Region>
		<LatLonAltBox>
			<north> 44.8054730164739 </north>
			<south> 44.8015941718418 </south>
			<east> 6.02310959297273 </east>
			<west> 6.012759897762971 </west>
		</LatLonAltBox>
		<Lod>
			<minLodPixels>100</minLodPixels>
			<maxLodPixels>-1</maxLodPixels>
		</Lod>
	</Region>
			<Polygon><altitudeMode>relativeToGround</altitudeMode>
				<outerBoundaryIs>
					<LinearRing>
						<coordinates>							6.01289792603034,44.8031740842242,0 6.01297869935488,44.8030755746296,0 6.01311267913534,44.8029120099432,0 6.01356706376481,44.8029721873747,0 6.013967257771189,44.8030318541572,0 6.01426095173174,44.8030736928885,0 6.014945177163189,44.8034219641359,0 6.01516155986757,44.8033201250751,0 6.01534811477772,44.8035420971038,0 6.01516724669605,44.8036548634865,0 6.01522986892214,44.8037299234862,0 6.01507163605534,44.8038518045963,0 6.01498259755719,44.8037915181788,0 6.01488999603963,44.8038653038444,0 6.01467282906514,44.8039124743625,0 6.01481726102016,44.8040640552326,0 6.01514838740562,44.8044094941546,0 6.015259285560711,44.8042097045208,0 6.0155159558502,44.8040732526741,0 6.01566042539013,44.8041122994476,0 6.01620468216994,44.8038142256696,0 6.01661935712935,44.8040963009086,0 6.01671011952958,44.8041532956488,0 6.01682652344253,44.8042305853239,0 6.0170098882489,44.8043835366931,0 6.01687272526829,44.8045843132958,0 6.01685418129498,44.8046184244107,0 6.01686165628318,44.8047364292966,0 6.01696666634529,44.8046887029005,0 6.01712770564918,44.8048524427646,0 6.01721067923636,44.8048327055996,0 6.01743665211313,44.804763306588,0 6.01752171661308,44.8048461336953,0 6.017509807134079,44.8049872807626,0 6.01777074827446,44.8050340564665,0 6.017951227814229,44.8050577945829,0 6.01807769150297,44.8050725515914,0 6.01815972563876,44.805073021211,0 6.01827339650749,44.805056952416,0 6.01838925913346,44.8050416347094,0 6.01856461663445,44.8050312740981,0 6.01863339131724,44.8050322845928,0 6.01871230476628,44.8050335595581,0 6.01874965562143,44.8050385790609,0 6.01886213015273,44.8050567794308,0 6.01912043479493,44.8050992089969,0 6.0192336739926,44.8051127931792,0 6.019550525015831,44.8051142544837,0 6.01975351122316,44.8051140413119,0 6.019808675209071,44.8051208276979,0 6.01986699367728,44.8051274380308,0 6.02007682693616,44.8051674917328,0 6.02045600511982,44.8052359972809,0 6.02067944266188,44.805279553427,0 6.0209064988107,44.8053150819057,0 6.02110950271788,44.8053434268548,0 6.02122500791991,44.8053567670845,0 6.02134148604666,44.805367017348,0 6.02148841459846,44.8053786900334,0 6.021846653927301,44.8053801880697,0 6.021973523240139,44.8053930375703,0 6.022048125309,44.8054176729961,0 6.02223134715767,44.8054499788925,0 6.022430649783619,44.8054730164739,0 6.02296176833834,44.8054015933407,0 6.02310959297273,44.8053852189512,0 6.02310078781355,44.8052662592947,0 6.023095181663589,44.8048798013245,0 6.02308117984424,44.8048312598913,0 6.02305256047497,44.804793298145,0 6.02301779147964,44.8047610000666,0 6.02295590480858,44.8047139445625,0 6.02285592021104,44.8046338707937,0 6.02278248839102,44.8045956893206,0 6.022723045634569,44.804554063043,0 6.022647307057479,44.8044871130103,0 6.02259339364174,44.8044118194418,0 6.02251341801993,44.8043202078954,0 6.02246331909549,44.8042711189006,0 6.02239360004552,44.8042384220477,0 6.02229137343229,44.8041919254134,0 6.02221765222967,44.8041483456069,0 6.02213273764538,44.8040848889447,0 6.02200481249413,44.8039676449153,0 6.0218069625162,44.8037903193868,0 6.02161432665157,44.8036416827814,0 6.02152777381045,44.8035853880985,0 6.021407903268911,44.8035119818305,0 6.02132695597276,44.8034893209583,0 6.02127684508343,44.8034752799175,0 6.02121300963581,44.8034578287764,0 6.021152505182719,44.8034529005341,0 6.02097891863648,44.8034207809916,0 6.02071230767313,44.8032919981839,0 6.02049354276152,44.8031798406262,0 6.02043533007081,44.8031304312948,0 6.02040616541609,44.8031058183056,0 6.020416163563109,44.8030493248087,0 6.020423178924939,44.803005616384,0 6.020429355506779,44.8029180531378,0 6.020426906324509,44.8028442395962,0 6.0204149836421,44.8027919472744,0 6.02037936521497,44.8027296690132,0 6.02033776221443,44.8026737705502,0 6.02029926986202,44.8026357168031,0 6.02024680560696,44.8025755192356,0 6.02019253529276,44.8025264528904,0 6.0201353270726,44.8024862961525,0 6.020050872847991,44.8024454400862,0 6.019967802641079,44.8024091412467,0 6.01986679183371,44.8023616183541,0 6.01983807945084,44.8023383443868,0 6.019809753643209,44.8023057798039,0 6.0197863200759,44.8022629909886,0 6.01977960942502,44.8022064121483,0 6.01977123345793,44.8020223001314,0 6.01973765060413,44.8019672641873,0 6.019716476864,44.8019429739626,0 6.019667054534671,44.8019063890362,0 6.019582320927029,44.8018438266887,0 6.0195443577803,44.8017944059791,0 6.01948211921965,44.8017077152977,0 6.019433244168031,44.8015941718418,0 6.01932710110588,44.8016206685146,0 6.01922725674576,44.8016301452437,0 6.01911468616959,44.8016477168901,0 6.018896509385311,44.8016499646777,0 6.01873307668246,44.80165360442,0 6.018649557256611,44.8016795744553,0 6.01858028181448,44.80169272307,0 6.01850587385216,44.8016904244809,0 6.01846069831938,44.8016763379503,0 6.018419464116,44.8016790824658,0 6.01836159937597,44.8016949835689,0 6.01827044787777,44.8017414331156,0 6.018167433390341,44.8017696454303,0 6.01800998811284,44.801835288532,0 6.017880776385849,44.8018658355434,0 6.01775722230485,44.8018791999117,0 6.017580607500601,44.8018848185439,0 6.01742407353292,44.8018943951926,0 6.01721700822275,44.8019197626078,0 6.01702877226685,44.8019116414117,0 6.016948252756819,44.8019157248445,0 6.0167813583584,44.8019350428002,0 6.016642014614161,44.8019442406256,0 6.01652327144589,44.8019293622099,0 6.0164335778961,44.8019275682618,0 6.01638342057303,44.801929113252,0 6.01629274913273,44.8019444643585,0 6.01609529733076,44.8019815510755,0 6.01592929836162,44.8019821931562,0 6.015814288941959,44.8019920793594,0 6.01572770039063,44.8020056971648,0 6.01557540627425,44.8020494830524,0 6.0154652724516,44.8020700479771,0 6.015297874993869,44.8020800072041,0 6.01505229634515,44.8020645226973,0 6.01495286561981,44.8020817326849,0 6.01484890826038,44.80213014937,0 6.014727032020759,44.8021370677665,0 6.01464052503762,44.8021522141519,0 6.01451715914378,44.8022044919256,0 6.01443910886743,44.8022192279905,0 6.01429269767359,44.8022146498871,0 6.014097686542651,44.8022052663626,0 6.01388421883506,44.8022151245823,0 6.01374364432764,44.8022367856628,0 6.01351929611913,44.8022797344894,0 6.01335769462965,44.8023175535479,0 6.01332920677777,44.8023479700162,0 6.01322631038787,44.8024492435644,0 6.01306336053246,44.8026365706836,0 6.012990737134401,44.8027265698637,0 6.01294202048132,44.8028541206119,0 6.012759897762971,44.80311819088,0 6.01283820380011,44.8031483176769,0 6.01289792603034,44.8031740842242,0 
						</coordinates>
					</LinearRing>
				</outerBoundaryIs>
			</Polygon>
		</Placemark>
		<Placemark id="parcelles-des-personnes-morales_05_groupe_personne_4.40790">
		<styleUrl>#COM</styleUrl>			<visibility>0</visibility>
			<ExtendedData>
				<SchemaData schemaUrl="#parcelles-des-personnes-morales_05_groupe_personne_4.schema">
					<SimpleData name="Numero de Parcelle">051420000C0208</SimpleData>
					<SimpleData name="Departement">05</SimpleData>
					<SimpleData name="Commune">SAINT-FIRMIN</SimpleData>
					<SimpleData name="Adresse">LE GRAND CHAMP</SimpleData>
					<SimpleData name="Groupe de personne">Commune</SimpleData>
					<SimpleData name="Forme Juridique Abregee">COM</SimpleData>
					<SimpleData name="Denomination">COMMUNE DE SAINT FIRMIN</SimpleData>
				</SchemaData>
			</ExtendedData>
	<Region>
		<LatLonAltBox>
			<north> 44.8016835108376 </north>
			<south> 44.7988237733276 </south>
			<east> 6.01941847713329 </east>
			<west> 6.015384036958579 </west>
		</LatLonAltBox>
		<Lod>
			<minLodPixels>100</minLodPixels>
			<maxLodPixels>-1</maxLodPixels>
		</Lod>
	</Region>
			<Polygon><altitudeMode>relativeToGround</altitudeMode>
				<outerBoundaryIs>
					<LinearRing>
						<coordinates>							6.015902867053111,44.7988537317781,0 6.01573063983117,44.798860759997,0 6.015574451926131,44.7988766316602,0 6.015384036958579,44.7988890193871,0 6.015391641187151,44.7990425189603,0 6.015394313419371,44.7990852426086,0 6.01539269241664,44.799201242263,0 6.01539826273762,44.7992531671278,0 6.01540607833346,44.7996039746526,0 6.01541346203666,44.7996543185381,0 6.015444014995241,44.7996860126464,0 6.01558161699226,44.7997765114982,0 6.01569099686647,44.7998551643111,0 6.01577913971404,44.7999177267375,0 6.015919645034649,44.8000198589098,0 6.01603628074321,44.8001016476185,0 6.016154184426011,44.8001858343517,0 6.016223261414811,44.8002515280487,0 6.01626363840792,44.8003365627441,0 6.01633061997652,44.8004480830027,0 6.01639227833201,44.8005075815445,0 6.0164404336797,44.8005442022975,0 6.016517426264479,44.8005876065222,0 6.01659510144297,44.8006248654815,0 6.01673134318765,44.8006970201407,0 6.016901969012181,44.8007873395836,0 6.017040447430109,44.8008587122353,0 6.017161398630939,44.8009218222987,0 6.01723342853509,44.8009552701911,0 6.017314216221299,44.8009892004441,0 6.017506555687859,44.8010737924231,0 6.01758730580547,44.801104660188,0 6.01763963801019,44.8011389143204,0 6.01771367543418,44.8011885248605,0 6.01783565170354,44.8012730495906,0 6.01795953463394,44.8013695052903,0 6.01800991359238,44.8014192191541,0 6.018054061678659,44.8014542365081,0 6.01830315005076,44.8016835108376,0 6.01834948036728,44.8016719782236,0 6.01839034190008,44.8016481610038,0 6.018407480563101,44.8016421082841,0 6.01844761683408,44.801637771908,0 6.01851885936397,44.8016447517136,0 6.01858329072112,44.8016427269697,0 6.01867610994566,44.8016249729336,0 6.01870213687398,44.8016218315537,0 6.018839920966909,44.801623665513,0 6.01891033215778,44.8016151708876,0 6.01910296246525,44.8016014556218,0 6.019182383442771,44.8015957787673,0 6.019284210904301,44.8015855272822,0 6.01932758902949,44.801580291408,0 6.01939656859295,44.8015639969542,0 6.01941847713329,44.8015501558417,0 6.019408398886411,44.801527455408,0 6.01936818425678,44.801466743655,0 6.01935737686708,44.8014446036648,0 6.0193313581531,44.8014196344638,0 6.01921982263838,44.8013387011463,0 6.01911343533947,44.801304117974,0 6.01898390636368,44.8012462890311,0 6.01863182097917,44.8011350560142,0 6.01855664825904,44.8010925947048,0 6.01844490115598,44.801010044667,0 6.01840410555548,44.8009785401027,0 6.01831748932045,44.8009468415741,0 6.018214002666631,44.8009191161258,0 6.01808619720532,44.800888628975,0 6.01791902763795,44.8008509243628,0 6.01778393285217,44.8008190135616,0 6.01758733795772,44.8007753521826,0 6.0174832343395,44.8007337678215,0 6.0173788829816,44.8006922802085,0 6.017318017924471,44.800640508986,0 6.01725757097689,44.8006035924717,0 6.01720112727253,44.8005563859286,0 6.01716493233128,44.8005186290777,0 6.01712914074696,44.8004365331822,0 6.017098401392479,44.8002576249733,0 6.017085127509339,44.8001871694861,0 6.01706455182422,44.8001527716036,0 6.01702966277794,44.8001204751379,0 6.017001329482201,44.8001042178169,0 6.016880839862111,44.800047311825,0 6.01677457115529,44.7999747921935,0 6.01664800269391,44.799873002579,0 6.016567277157091,44.7998048331169,0 6.01651803420451,44.7997668004773,0 6.01647164527373,44.7997253565427,0 6.01643219417441,44.7996905712213,0 6.01638901346224,44.799647598394,0 6.01633931678425,44.7995869635292,0 6.016290342923,44.7995020727211,0 6.01625699676681,44.7994372088239,0 6.016178043857881,44.7992063647203,0 6.01608017899793,44.7989131470544,0 6.0160403296759,44.7988237733276,0 6.015902867053111,44.7988537317781,0 
						</coordinates>
					</LinearRing>
				</outerBoundaryIs>
			</Polygon>
		</Placemark>
		<Placemark id="parcelles-des-personnes-morales_05_groupe_personne_4.41112">
		<styleUrl>#COM</styleUrl>			<visibility>0</visibility>
			<ExtendedData>
				<SchemaData schemaUrl="#parcelles-des-personnes-morales_05_groupe_personne_4.schema">
					<SimpleData name="Numero de Parcelle">051420000C0021</SimpleData>
					<SimpleData name="Departement">05</SimpleData>
					<SimpleData name="Commune">SAINT-FIRMIN</SimpleData>
					<SimpleData name="Adresse">COMBE BONNE</SimpleData>
					<SimpleData name="Groupe de personne">Commune</SimpleData>
					<SimpleData name="Forme Juridique Abregee">COM</SimpleData>
					<SimpleData name="Denomination">COMMUNE DE SAINT FIRMIN</SimpleData>
				</SchemaData>
			</ExtendedData>
	<Region>
		<LatLonAltBox>
			<north> 44.8106231282531 </north>
			<south> 44.81014727987 </south>
			<east> 6.027316683892311 </east>
			<west> 6.026781342114279 </west>
		</LatLonAltBox>
		<Lod>
			<minLodPixels>100</minLodPixels>
			<maxLodPixels>-1</maxLodPixels>
		</Lod>
	</Region>
			<Polygon><altitudeMode>relativeToGround</altitudeMode>
				<outerBoundaryIs>
					<LinearRing>
						<coordinates>							6.027316683892311,44.8101543759195,0 6.0270518990094,44.81014727987,0 6.02688496830986,44.8103613161419,0 6.026810290829081,44.8105163419613,0 6.026781342114279,44.8105921842307,0 6.02699285480952,44.810622989727,0 6.02699438111315,44.8106231282531,0 6.02725381168275,44.8102324960727,0 6.02729875865769,44.810176398885,0 6.027316683892311,44.8101543759195,0 
						</coordinates>
					</LinearRing>
				</outerBoundaryIs>
			</Polygon>
		</Placemark>
		<Placemark id="parcelles-des-personnes-morales_05_groupe_personne_4.41505">
		<styleUrl>#COM</styleUrl>			<visibility>0</visibility>
			<ExtendedData>
				<SchemaData schemaUrl="#parcelles-des-personnes-morales_05_groupe_personne_4.schema">
					<SimpleData name="Numero de Parcelle">051420000C0211</SimpleData>
					<SimpleData name="Departement">05</SimpleData>
					<SimpleData name="Commune">SAINT-FIRMIN</SimpleData>
					<SimpleData name="Adresse">LE GRAND CHAMP</SimpleData>
					<SimpleData name="Groupe de personne">Commune</SimpleData>
					<SimpleData name="Forme Juridique Abregee">COM</SimpleData>
					<SimpleData name="Denomination">COMMUNE DE SAINT FIRMIN</SimpleData>
				</SchemaData>
			</ExtendedData>
	<Region>
		<LatLonAltBox>
			<north> 44.8009850833775 </north>
			<south> 44.7999881450005 </south>
			<east> 6.011997798854391 </east>
			<west> 6.010300859586441 </west>
		</LatLonAltBox>
		<Lod>
			<minLodPixels>100</minLodPixels>
			<maxLodPixels>-1</maxLodPixels>
		</Lod>
	</Region>
			<Polygon><altitudeMode>relativeToGround</altitudeMode>
				<outerBoundaryIs>
					<LinearRing>
						<coordinates>							6.01148215249456,44.7999881450005,0 6.01145613918853,44.80000569991,0 6.01140596937539,44.8000400384887,0 6.0112746223449,44.8001322624354,0 6.011195857041961,44.8001643143885,0 6.01107152711251,44.8002009375648,0 6.0109865234198,44.8002393755374,0 6.010865783790891,44.8003335632901,0 6.010710298942109,44.8005279819038,0 6.01044552961305,44.8008320434911,0 6.01035333460025,44.8009181575694,0 6.010300859586441,44.8009850833775,0 6.01039666087302,44.8009426587469,0 6.0104380296527,44.8009211732974,0 6.01047875277053,44.8009088953008,0 6.01050667149641,44.8009032718426,0 6.010610182274599,44.8009008210922,0 6.01089514990629,44.8008839816174,0 6.01113725412841,44.8008725403001,0 6.011255378777981,44.8008594208778,0 6.01135941179832,44.8008289349363,0 6.011430205026631,44.8008252098518,0 6.011505280122891,44.8008210981061,0 6.0115657637763,44.8008091838498,0 6.011626910141039,44.8007931070731,0 6.0117035595388,44.8007782308252,0 6.01179882071537,44.800780057471,0 6.01184488333191,44.800782409875,0 6.0118818980158,44.8007812239991,0 6.01193812280499,44.8007724885632,0 6.01197412657746,44.8007713301232,0 6.011997798854391,44.8007738403374,0 6.01188977064348,44.8006093744496,0 6.01172328670046,44.8003529755226,0 6.01169127827613,44.8002964530804,0 6.011640849352161,44.8002197086732,0 6.011580717667159,44.8001484535,0 6.01148215249456,44.7999881450005,0 
						</coordinates>
					</LinearRing>
				</outerBoundaryIs>
			</Polygon>
		</Placemark>
		<Placemark id="parcelles-des-personnes-morales_05_groupe_personne_4.41603">
		<styleUrl>#COM</styleUrl>			<visibility>0</visibility>
			<ExtendedData>
				<SchemaData schemaUrl="#parcelles-des-personnes-morales_05_groupe_personne_4.schema">
					<SimpleData name="Numero de Parcelle">05142000AE0212</SimpleData>
					<SimpleData name="Departement">05</SimpleData>
					<SimpleData name="Commune">SAINT-FIRMIN</SimpleData>
					<SimpleData name="Adresse">LA GRANGEASSE</SimpleData>
					<SimpleData name="Groupe de personne">Commune</SimpleData>
					<SimpleData name="Forme Juridique Abregee">COM</SimpleData>
					<SimpleData name="Denomination">COMMUNE DE SAINT FIRMIN</SimpleData>
				</SchemaData>
			</ExtendedData>
	<Region>
		<LatLonAltBox>
			<north> 44.7823932298028 </north>
			<south> 44.7823386382599 </south>
			<east> 6.03076238116356 </east>
			<west> 6.03066335265504 </west>
		</LatLonAltBox>
		<Lod>
			<minLodPixels>100</minLodPixels>
			<maxLodPixels>-1</maxLodPixels>
		</Lod>
	</Region>
			<Polygon><altitudeMode>relativeToGround</altitudeMode>
				<outerBoundaryIs>
					<LinearRing>
						<coordinates>							6.03076238116356,44.7823746108846,0 6.03075006800755,44.7823386382599,0 6.03066335265504,44.7823563264258,0 6.030674577382769,44.7823932298028,0 6.03076238116356,44.7823746108846,0 
						</coordinates>
					</LinearRing>
				</outerBoundaryIs>
			</Polygon>
		</Placemark>
		<Placemark id="parcelles-des-personnes-morales_05_groupe_personne_4.41643">
		<styleUrl>#COM</styleUrl>			<visibility>0</visibility>
			<ExtendedData>
				<SchemaData schemaUrl="#parcelles-des-personnes-morales_05_groupe_personne_4.schema">
					<SimpleData name="Numero de Parcelle">051420000C0212</SimpleData>
					<SimpleData name="Departement">05</SimpleData>
					<SimpleData name="Commune">SAINT-FIRMIN</SimpleData>
					<SimpleData name="Adresse">LE GRAND CHAMP</SimpleData>
					<SimpleData name="Groupe de personne">Commune</SimpleData>
					<SimpleData name="Forme Juridique Abregee">COM</SimpleData>
					<SimpleData name="Denomination">COMMUNE DE SAINT FIRMIN</SimpleData>
				</SchemaData>
			</ExtendedData>
	<Region>
		<LatLonAltBox>
			<north> 44.802005301469 </north>
			<south> 44.8008121286596 </south>
			<east> 6.01248243060954 </east>
			<west> 6.00998437918372 </west>
		</LatLonAltBox>
		<Lod>
			<minLodPixels>100</minLodPixels>
			<maxLodPixels>-1</maxLodPixels>
		</Lod>
	</Region>
			<Polygon><altitudeMode>relativeToGround</altitudeMode>
				<outerBoundaryIs>
					<LinearRing>
						<coordinates>							6.01201681560303,44.800833508737,0 6.01197381360245,44.8008339563625,0 6.011888594944379,44.8008164503444,0 6.01182816648396,44.8008128665165,0 6.011775736484871,44.8008121286596,0 6.01170890479885,44.8008260174464,0 6.011591989591479,44.8008640614917,0 6.01152506518684,44.8008785833661,0 6.01142635428094,44.8008855896472,0 6.011265113871729,44.8008923122859,0 6.011118572157441,44.8008946711427,0 6.01102516740696,44.8009038754664,0 6.01093732158435,44.8009152712556,0 6.010824209948061,44.8009227582369,0 6.01067412307275,44.8009298077593,0 6.01052888447109,44.8009305086892,0 6.010491825237281,44.8009332269758,0 6.01045569352039,44.8009485336973,0 6.01041136912376,44.8009715409762,0 6.0103577818021,44.8010153419882,0 6.01033144369573,44.8010292114447,0 6.01028609048662,44.8010377409286,0 6.010256657414451,44.8010387203869,0 6.01019327697042,44.8010390900137,0 6.01012535919201,44.8010350779416,0 6.01008046744806,44.8010333237078,0 6.01002463133161,44.8010304250717,0 6.00998437918372,44.8010325992021,0 6.01006257334822,44.8010961569861,0 6.010154367381641,44.8011679046812,0 6.010226057265939,44.8012139798912,0 6.010277489847379,44.8012504241461,0 6.01037981454843,44.8013368418793,0 6.01050969065442,44.8014580096942,0 6.01064781062608,44.8015889543014,0 6.01071077745435,44.8016351760367,0 6.010748917961199,44.8016502676138,0 6.010904635114949,44.8016868524744,0 6.01096678403914,44.8017036344248,0 6.01104668344279,44.8017399358387,0 6.01108734835899,44.8017619863376,0 6.01117917674534,44.8017823767819,0 6.01136857642136,44.8018051621453,0 6.011527493468449,44.801816431939,0 6.01159473989577,44.8018244257093,0 6.011644728489229,44.801819734058,0 6.01170455909598,44.8018145047055,0 6.01172679257042,44.8018184956388,0 6.01178026027,44.8018385763109,0 6.011863878137881,44.8018639644333,0 6.01197617432048,44.8018813655014,0 6.012036216105691,44.8018942398298,0 6.01221907534763,44.8019390050666,0 6.012312713089509,44.8019695264468,0 6.012478259723049,44.802005301469,0 6.01248243060954,44.8019320289408,0 6.01247716365768,44.8018691939052,0 6.012445022347491,44.801753571251,0 6.01240286843004,44.8016046143118,0 6.01237261999713,44.8015549816854,0 6.012321746244611,44.8014912236267,0 6.01222852809203,44.8014000552674,0 6.0121989502897,44.8013629279322,0 6.01217715692762,44.8013293731636,0 6.012175109166811,44.8012982550761,0 6.012186644076099,44.8012702817169,0 6.01222454863084,44.8011983450291,0 6.01223484011922,44.8011684233072,0 6.012233263086099,44.8011272015127,0 6.01221070967078,44.8010983524772,0 6.01217590578522,44.8010652413428,0 6.012109778329831,44.8010214488475,0 6.01205476997209,44.8009796967292,0 6.01203697315204,44.8009545926115,0 6.01201681560303,44.800833508737,0 
						</coordinates>
					</LinearRing>
				</outerBoundaryIs>
			</Polygon>
		</Placemark>
		<Placemark id="parcelles-des-personnes-morales_05_groupe_personne_4.41925">
		<styleUrl>#COM</styleUrl>			<visibility>0</visibility>
			<ExtendedData>
				<SchemaData schemaUrl="#parcelles-des-personnes-morales_05_groupe_personne_4.schema">
					<SimpleData name="Numero de Parcelle">051420000C0214</SimpleData>
					<SimpleData name="Departement">05</SimpleData>
					<SimpleData name="Commune">SAINT-FIRMIN</SimpleData>
					<SimpleData name="Adresse">LE GRAND CHAMP</SimpleData>
					<SimpleData name="Groupe de personne">Commune</SimpleData>
					<SimpleData name="Forme Juridique Abregee">COM</SimpleData>
					<SimpleData name="Denomination">COMMUNE DE SAINT FIRMIN</SimpleData>
				</SchemaData>
			</ExtendedData>
	<Region>
		<LatLonAltBox>
			<north> 44.8031010671817 </north>
			<south> 44.8010488218207 </south>
			<east> 6.0131361358627 </east>
			<west> 6.00966345845667 </west>
		</LatLonAltBox>
		<Lod>
			<minLodPixels>100</minLodPixels>
			<maxLodPixels>-1</maxLodPixels>
		</Lod>
	</Region>
			<Polygon><altitudeMode>relativeToGround</altitudeMode>
				<outerBoundaryIs>
					<LinearRing>
						<coordinates>							6.01066694806669,44.8022744364549,0 6.010948739770921,44.8020895614188,0 6.01115947109903,44.8022482654418,0 6.01163723680733,44.8025913522895,0 6.01154442553655,44.8026612665722,0 6.01149365824867,44.8026325531416,0 6.01144520600428,44.8026116152829,0 6.0113258920693,44.8025789975984,0 6.011139913643641,44.8025398115129,0 6.01098441749075,44.8025144830849,0 6.010820360221919,44.8024947027096,0 6.010744898214041,44.8024231425751,0 6.01079729537265,44.8025129882408,0 6.01084085722592,44.8025465827423,0 6.01091167101485,44.8025786261829,0 6.01107278218614,44.8026567795204,0 6.01121625970849,44.8027152297856,0 6.01140801730725,44.8027890364067,0 6.011707747081471,44.8028821635273,0 6.01196774547535,44.8029517727394,0 6.01241476709944,44.8030563928144,0 6.01258061988197,44.8030883753691,0 6.01271367393863,44.8031010671817,0 6.01278781648568,44.8029945390568,0 6.01282814758,44.802932446917,0 6.0128711419513,44.8028704625743,0 6.012891617153699,44.8028487331721,0 6.01291654380186,44.802792015026,0 6.01293924191055,44.8027173379303,0 6.01296314423171,44.8026816403449,0 6.013032972134509,44.802593789408,0 6.013089553718619,44.8025232368017,0 6.0131361358627,44.802457370735,0 6.0130382750559,44.8024590395225,0 6.012934606203579,44.8024609561762,0 6.012881841799029,44.8024540111572,0 6.012786399008781,44.8024134483535,0 6.01256883790437,44.8023044865163,0 6.012496464645099,44.8022575303091,0 6.012484767520081,44.8022305486247,0 6.012476163821361,44.8021267197861,0 6.01247486816965,44.8020388198136,0 6.012390780960681,44.8020188507406,0 6.01236030369234,44.802005083127,0 6.01231576801977,44.8019981845406,0 6.01220406186423,44.8019752718262,0 6.012051431752749,44.8019443711039,0 6.01192978732577,44.8019201964938,0 6.01177592167888,44.8019040148606,0 6.01165309463153,44.8018955490446,0 6.01158293971166,44.80189231939,0 6.011459546581291,44.8018780124041,0 6.01135432522462,44.8018533009325,0 6.011234107858761,44.8018344926556,0 6.01106636915811,44.8017908467789,0 6.010978499754169,44.8017640418895,0 6.01083956581992,44.8017242082713,0 6.01072627281446,44.8016763802116,0 6.01059733078349,44.8016057319028,0 6.010420866458329,44.8014487993123,0 6.01016011679282,44.8012327087818,0 6.009944373365199,44.8010488218207,0 6.00988781922582,44.8010537810832,0 6.00983678170589,44.8010577796568,0 6.00966345845667,44.801053926232,0 6.00982820988242,44.8012568573077,0 6.01016945563649,44.8016149186623,0 6.010441228022301,44.8019115273024,0 6.010560632348449,44.8020427100189,0 6.010587116638419,44.8021165914507,0 6.01061633833927,44.8021990478924,0 6.01066694806669,44.8022744364549,0 
						</coordinates>
					</LinearRing>
				</outerBoundaryIs>
			</Polygon>
		</Placemark>
		<Placemark id="parcelles-des-personnes-morales_05_groupe_personne_4.42468">
		<styleUrl>#COM</styleUrl>			<visibility>0</visibility>
			<ExtendedData>
				<SchemaData schemaUrl="#parcelles-des-personnes-morales_05_groupe_personne_4.schema">
					<SimpleData name="Numero de Parcelle">05142000AE0218</SimpleData>
					<SimpleData name="Departement">05</SimpleData>
					<SimpleData name="Commune">SAINT-FIRMIN</SimpleData>
					<SimpleData name="Adresse">LA GRANGEASSE</SimpleData>
					<SimpleData name="Groupe de personne">Commune</SimpleData>
					<SimpleData name="Forme Juridique Abregee">COM</SimpleData>
					<SimpleData name="Denomination">COMMUNE DE SAINT FIRMIN</SimpleData>
				</SchemaData>
			</ExtendedData>
	<Region>
		<LatLonAltBox>
			<north> 44.7828965580293 </north>
			<south> 44.7828016495496 </south>
			<east> 6.03083884007997 </east>
			<west> 6.03074027812341 </west>
		</LatLonAltBox>
		<Lod>
			<minLodPixels>100</minLodPixels>
			<maxLodPixels>-1</maxLodPixels>
		</Lod>
	</Region>
			<Polygon><altitudeMode>relativeToGround</altitudeMode>
				<outerBoundaryIs>
					<LinearRing>
						<coordinates>							6.03074027812341,44.782853904583,0 6.03080476198226,44.7828907929362,0 6.030814687434421,44.7828965580293,0 6.03083884007997,44.7828846352483,0 6.03075668972661,44.7828016495496,0 6.03074364407572,44.7828084032726,0 6.03075433940624,44.7828448706409,0 6.03074027812341,44.782853904583,0 
						</coordinates>
					</LinearRing>
				</outerBoundaryIs>
			</Polygon>
		</Placemark>
		<Placemark id="parcelles-des-personnes-morales_05_groupe_personne_4.42513">
		<styleUrl>#COM</styleUrl>			<visibility>0</visibility>
			<ExtendedData>
				<SchemaData schemaUrl="#parcelles-des-personnes-morales_05_groupe_personne_4.schema">
					<SimpleData name="Numero de Parcelle">051420000C0218</SimpleData>
					<SimpleData name="Departement">05</SimpleData>
					<SimpleData name="Commune">SAINT-FIRMIN</SimpleData>
					<SimpleData name="Adresse">LA BLACHETTE</SimpleData>
					<SimpleData name="Groupe de personne">Commune</SimpleData>
					<SimpleData name="Forme Juridique Abregee">COM</SimpleData>
					<SimpleData name="Denomination">COMMUNE DE SAINT FIRMIN</SimpleData>
				</SchemaData>
			</ExtendedData>
	<Region>
		<LatLonAltBox>
			<north> 44.7967307598277 </north>
			<south> 44.795233331598 </south>
			<east> 6.00841613730492 </east>
			<west> 6.006061645931171 </west>
		</LatLonAltBox>
		<Lod>
			<minLodPixels>100</minLodPixels>
			<maxLodPixels>-1</maxLodPixels>
		</Lod>
	</Region>
			<Polygon><altitudeMode>relativeToGround</altitudeMode>
				<outerBoundaryIs>
					<LinearRing>
						<coordinates>							6.00841613730492,44.7963087556904,0 6.008402201902289,44.7962942678744,0 6.00825800125207,44.796153395345,0 6.008217437290551,44.7961142227916,0 6.008172744149949,44.7960120942806,0 6.00810360358203,44.7959472987577,0 6.008013699462689,44.7958893734667,0 6.007974686019851,44.79586024964,0 6.0079396888498,44.795806870781,0 6.007919353159239,44.795743723951,0 6.00786155745442,44.7956355540127,0 6.007589051989591,44.7955726726616,0 6.00703998153792,44.7956074810431,0 6.00708892234164,44.795233331598,0 6.00681364382851,44.7952486378135,0 6.00676228192892,44.7953836450361,0 6.00656785651152,44.7953705391029,0 6.00606319631707,44.7953366553855,0 6.006061645931171,44.7953833676975,0 6.006082798566961,44.7954783869974,0 6.00610518268756,44.7955325589385,0 6.00610987081412,44.7955445047992,0 6.00622631159329,44.7956940613323,0 6.006288947864711,44.7957768735795,0 6.006626461624101,44.7958462837279,0 6.006860494491571,44.7961171641282,0 6.00686716938021,44.7963790755234,0 6.00687915398359,44.7967307598277,0 6.006983504335411,44.796715765987,0 6.00736895678637,44.7966475566342,0 6.00737984679522,44.7966098708645,0 6.00808789347872,44.7964031661969,0 6.00841613730492,44.7963087556904,0 
						</coordinates>
					</LinearRing>
				</outerBoundaryIs>
			</Polygon>
		</Placemark>
		<Placemark id="parcelles-des-personnes-morales_05_groupe_personne_4.43008">
		<styleUrl>#COM</styleUrl>			<visibility>0</visibility>
			<ExtendedData>
				<SchemaData schemaUrl="#parcelles-des-personnes-morales_05_groupe_personne_4.schema">
					<SimpleData name="Numero de Parcelle">05142000AH0220</SimpleData>
					<SimpleData name="Departement">05</SimpleData>
					<SimpleData name="Commune">SAINT-FIRMIN</SimpleData>
					<SimpleData name="Adresse">LAPRA</SimpleData>
					<SimpleData name="Groupe de personne">Commune</SimpleData>
					<SimpleData name="Forme Juridique Abregee">COM</SimpleData>
					<SimpleData name="Denomination">COMMUNE DE SAINT FIRMIN</SimpleData>
				</SchemaData>
			</ExtendedData>
	<Region>
		<LatLonAltBox>
			<north> 44.7825748673623 </north>
			<south> 44.7818458953497 </south>
			<east> 6.03436376142903 </east>
			<west> 6.03280349700991 </west>
		</LatLonAltBox>
		<Lod>
			<minLodPixels>100</minLodPixels>
			<maxLodPixels>-1</maxLodPixels>
		</Lod>
	</Region>
			<Polygon><altitudeMode>relativeToGround</altitudeMode>
				<outerBoundaryIs>
					<LinearRing>
						<coordinates>							6.03399354632273,44.7825748673623,0 6.034153596301331,44.7822986600851,0 6.03436376142903,44.7819267478614,0 6.03409780314885,44.781860329962,0 6.03393724733763,44.7818458953497,0 6.033857068347161,44.7818627764202,0 6.03342584538145,44.7819735988529,0 6.03280349700991,44.7821341587235,0 6.03280971749135,44.7822002103652,0 6.03307394288894,44.7822321713312,0 6.03318652208289,44.7822530559823,0 6.03341747635207,44.7823084512648,0 6.033550193474261,44.7823485157393,0 6.03365507671319,44.7823861886016,0 6.03375561627802,44.7824347920244,0 6.033882085012729,44.7825067416206,0 6.03399354632273,44.7825748673623,0 
						</coordinates>
					</LinearRing>
				</outerBoundaryIs>
				<innerBoundaryIs>
					<LinearRing>
						<coordinates>							6.03305679962078,44.7821817352805,0 6.03303781766882,44.7821816241309,0 6.03296073831372,44.7821832832665,0 6.03296131907463,44.782126055265,0 6.03303856350671,44.7821251123912,0 6.03307326196915,44.7821374971682,0 6.03307913941801,44.7821667081874,0 6.03305679962078,44.7821817352805,0 
						</coordinates>
					</LinearRing>
				</innerBoundaryIs>
			</Polygon>
		</Placemark>
		<Placemark id="parcelles-des-personnes-morales_05_groupe_personne_4.43150">
		<styleUrl>#COM</styleUrl>			<visibility>0</visibility>
			<ExtendedData>
				<SchemaData schemaUrl="#parcelles-des-personnes-morales_05_groupe_personne_4.schema">
					<SimpleData name="Numero de Parcelle">05142000AH0221</SimpleData>
					<SimpleData name="Departement">05</SimpleData>
					<SimpleData name="Commune">SAINT-FIRMIN</SimpleData>
					<SimpleData name="Adresse">LAPRA</SimpleData>
					<SimpleData name="Groupe de personne">Commune</SimpleData>
					<SimpleData name="Forme Juridique Abregee">COM</SimpleData>
					<SimpleData name="Denomination">COMMUNE DE SAINT FIRMIN</SimpleData>
				</SchemaData>
			</ExtendedData>
	<Region>
		<LatLonAltBox>
			<north> 44.7821832832665 </north>
			<south> 44.7821251123912 </south>
			<east> 6.03307913941801 </east>
			<west> 6.03296073831372 </west>
		</LatLonAltBox>
		<Lod>
			<minLodPixels>100</minLodPixels>
			<maxLodPixels>-1</maxLodPixels>
		</Lod>
	</Region>
			<Polygon><altitudeMode>relativeToGround</altitudeMode>
				<outerBoundaryIs>
					<LinearRing>
						<coordinates>							6.03305679962078,44.7821817352805,0 6.03307913941801,44.7821667081874,0 6.03307326196915,44.7821374971682,0 6.03303856350671,44.7821251123912,0 6.03296131907463,44.782126055265,0 6.03296073831372,44.7821832832665,0 6.03303781766882,44.7821816241309,0 6.03305679962078,44.7821817352805,0 
						</coordinates>
					</LinearRing>
				</outerBoundaryIs>
			</Polygon>
		</Placemark>
		<Placemark id="parcelles-des-personnes-morales_05_groupe_personne_4.43570">
		<styleUrl>#COM</styleUrl>			<visibility>0</visibility>
			<ExtendedData>
				<SchemaData schemaUrl="#parcelles-des-personnes-morales_05_groupe_personne_4.schema">
					<SimpleData name="Numero de Parcelle">05142000AD0224</SimpleData>
					<SimpleData name="Departement">05</SimpleData>
					<SimpleData name="Commune">SAINT-FIRMIN</SimpleData>
					<SimpleData name="Adresse">COMBANETOU</SimpleData>
					<SimpleData name="Groupe de personne">Commune</SimpleData>
					<SimpleData name="Forme Juridique Abregee">COM</SimpleData>
					<SimpleData name="Denomination">COMMUNE DE SAINT FIRMIN</SimpleData>
				</SchemaData>
			</ExtendedData>
	<Region>
		<LatLonAltBox>
			<north> 44.779794592342 </north>
			<south> 44.7793392586742 </south>
			<east> 6.021910910246669 </east>
			<west> 6.02159298304226 </west>
		</LatLonAltBox>
		<Lod>
			<minLodPixels>100</minLodPixels>
			<maxLodPixels>-1</maxLodPixels>
		</Lod>
	</Region>
			<Polygon><altitudeMode>relativeToGround</altitudeMode>
				<outerBoundaryIs>
					<LinearRing>
						<coordinates>							6.02178822178046,44.779794592342,0 6.021818118364399,44.7797789110311,0 6.02182842726847,44.7797800714662,0 6.02184717855113,44.779646486493,0 6.021910910246669,44.7795401456135,0 6.021898271658891,44.779509767116,0 6.02188814314141,44.7794460742864,0 6.021889990861559,44.7793392586742,0 6.02184618373596,44.779442082988,0 6.02182058770536,44.7794742249256,0 6.02178435221126,44.7795061164066,0 6.021723184920939,44.7795354442406,0 6.02167480356152,44.7795484761774,0 6.02159298304226,44.7795418777398,0 6.021679402318029,44.7796552060943,0 6.02178822178046,44.779794592342,0 
						</coordinates>
					</LinearRing>
				</outerBoundaryIs>
			</Polygon>
		</Placemark>
		<Placemark id="parcelles-des-personnes-morales_05_groupe_personne_4.44253">
		<styleUrl>#COM</styleUrl>			<visibility>0</visibility>
			<ExtendedData>
				<SchemaData schemaUrl="#parcelles-des-personnes-morales_05_groupe_personne_4.schema">
					<SimpleData name="Numero de Parcelle">051420000C0228</SimpleData>
					<SimpleData name="Departement">05</SimpleData>
					<SimpleData name="Commune">SAINT-FIRMIN</SimpleData>
					<SimpleData name="Adresse">LA BLACHETTE</SimpleData>
					<SimpleData name="Groupe de personne">Commune</SimpleData>
					<SimpleData name="Forme Juridique Abregee">COM</SimpleData>
					<SimpleData name="Denomination">COMMUNE DE SAINT FIRMIN</SimpleData>
				</SchemaData>
			</ExtendedData>
	<Region>
		<LatLonAltBox>
			<north> 44.7960005025769 </north>
			<south> 44.7953152589692 </south>
			<east> 6.00821476625805 </east>
			<west> 6.0079020286927 </west>
		</LatLonAltBox>
		<Lod>
			<minLodPixels>100</minLodPixels>
			<maxLodPixels>-1</maxLodPixels>
		</Lod>
	</Region>
			<Polygon><altitudeMode>relativeToGround</altitudeMode>
				<outerBoundaryIs>
					<LinearRing>
						<coordinates>							6.008207456293029,44.7959726807489,0 6.00816542719168,44.7958588574121,0 6.00812242486915,44.7956582969363,0 6.00812150117388,44.7955393937862,0 6.00812051213779,44.7953152589692,0 6.007981839141089,44.7955234526424,0 6.00790976187688,44.7956118117384,0 6.0079020286927,44.7956446367496,0 6.00792856267761,44.7957030204246,0 6.00796677224085,44.7957360402539,0 6.0080548501117,44.7958709580889,0 6.00813871962563,44.7959367053739,0 6.00821476625805,44.7960005025769,0 6.008207456293029,44.7959726807489,0 
						</coordinates>
					</LinearRing>
				</outerBoundaryIs>
			</Polygon>
		</Placemark>
		<Placemark id="parcelles-des-personnes-morales_05_groupe_personne_4.44755">
		<styleUrl>#COM</styleUrl>			<visibility>0</visibility>
			<ExtendedData>
				<SchemaData schemaUrl="#parcelles-des-personnes-morales_05_groupe_personne_4.schema">
					<SimpleData name="Numero de Parcelle">051420000C0230</SimpleData>
					<SimpleData name="Departement">05</SimpleData>
					<SimpleData name="Commune">SAINT-FIRMIN</SimpleData>
					<SimpleData name="Adresse">LA BLACHETTE</SimpleData>
					<SimpleData name="Groupe de personne">Commune</SimpleData>
					<SimpleData name="Forme Juridique Abregee">COM</SimpleData>
					<SimpleData name="Denomination">COMMUNE DE SAINT FIRMIN</SimpleData>
				</SchemaData>
			</ExtendedData>
	<Region>
		<LatLonAltBox>
			<north> 44.7989136285916 </north>
			<south> 44.7979079954648 </south>
			<east> 6.01533447317895 </east>
			<west> 6.01329607439495 </west>
		</LatLonAltBox>
		<Lod>
			<minLodPixels>100</minLodPixels>
			<maxLodPixels>-1</maxLodPixels>
		</Lod>
	</Region>
			<Polygon><altitudeMode>relativeToGround</altitudeMode>
				<outerBoundaryIs>
					<LinearRing>
						<coordinates>							6.0149344597818,44.7979154911494,0 6.01479147391364,44.7979698347101,0 6.01472935854221,44.798014951072,0 6.01468779082884,44.7980326595193,0 6.01461232178404,44.7980482266182,0 6.01450034660779,44.7980744268821,0 6.014403844305169,44.798115432737,0 6.014348037119989,44.79814605183,0 6.01421058111976,44.7982374544975,0 6.01398991608277,44.7984006747332,0 6.01391491144894,44.7984579438437,0 6.01383782763336,44.7985000429578,0 6.01366707391445,44.7985817187305,0 6.01359521566934,44.7986198014089,0 6.01344950747657,44.7987178243499,0 6.01329607439495,44.7988086690883,0 6.01342255495523,44.7988405490176,0 6.01348254465963,44.7988548654458,0 6.01355505536544,44.7988643365741,0 6.013757024415819,44.7988974974842,0 6.01387710786721,44.7989091887994,0 6.0139855401184,44.7989136285916,0 6.014087992782799,44.7989103923858,0 6.0141734735175,44.7988974365616,0 6.01427032776026,44.7988936316358,0 6.014395598171451,44.7988887835997,0 6.014564244172061,44.7988810439749,0 6.014712728962179,44.7988796186484,0 6.01510156619301,44.7988602134267,0 6.01527110219045,44.7988501960756,0 6.01532213647803,44.7988485375634,0 6.01532773543517,44.7986580992462,0 6.01533447317895,44.7982601353433,0 6.01529303298059,44.7982071139912,0 6.015202128494151,44.7981166060935,0 6.01511887697442,44.7980437292755,0 6.015031962747459,44.7979804122658,0 6.014948356715661,44.7979079954648,0 6.0149344597818,44.7979154911494,0 
						</coordinates>
					</LinearRing>
				</outerBoundaryIs>
			</Polygon>
		</Placemark>
		<Placemark id="parcelles-des-personnes-morales_05_groupe_personne_4.44906">
		<styleUrl>#COM</styleUrl>			<visibility>0</visibility>
			<ExtendedData>
				<SchemaData schemaUrl="#parcelles-des-personnes-morales_05_groupe_personne_4.schema">
					<SimpleData name="Numero de Parcelle">051420000C0231</SimpleData>
					<SimpleData name="Departement">05</SimpleData>
					<SimpleData name="Commune">SAINT-FIRMIN</SimpleData>
					<SimpleData name="Adresse">LA BLACHETTE</SimpleData>
					<SimpleData name="Groupe de personne">Commune</SimpleData>
					<SimpleData name="Forme Juridique Abregee">COM</SimpleData>
					<SimpleData name="Denomination">COMMUNE DE SAINT FIRMIN</SimpleData>
				</SchemaData>
			</ExtendedData>
	<Region>
		<LatLonAltBox>
			<north> 44.7988467174769 </north>
			<south> 44.7975612618891 </south>
			<east> 6.01602858169784 </east>
			<west> 6.01498871550024 </west>
		</LatLonAltBox>
		<Lod>
			<minLodPixels>100</minLodPixels>
			<maxLodPixels>-1</maxLodPixels>
		</Lod>
	</Region>
			<Polygon><altitudeMode>relativeToGround</altitudeMode>
				<outerBoundaryIs>
					<LinearRing>
						<coordinates>							6.015169589913409,44.7980148701052,0 6.01525991911604,44.7980828692889,0 6.0152893773709,44.7981154040529,0 6.01535172346178,44.7981712804177,0 6.01537604211389,44.7982117934575,0 6.01539232075697,44.7982439659393,0 6.015397561864879,44.7982921156438,0 6.01539695116394,44.798504762444,0 6.01537754102839,44.7987349490887,0 6.01537910960417,44.7988467174769,0 6.01547814556402,44.7988434828265,0 6.01561050547846,44.7988410533831,0 6.015760166922771,44.7988238275662,0 6.01589875302697,44.7988053712153,0 6.01602858169784,44.7987864321839,0 6.0159699730497,44.7986422489416,0 6.01593639301112,44.798525855547,0 6.01590664877115,44.7984337742273,0 6.015829059855111,44.7981740617044,0 6.01577397146023,44.7979728409984,0 6.01575935495873,44.7978985478007,0 6.01572953197625,44.7977696187213,0 6.01571053163601,44.7977103108849,0 6.0156770569878,44.7976288724509,0 6.01564862685613,44.7975612618891,0 6.01532878522531,44.7977107852854,0 6.01518715070864,44.797766714372,0 6.01503693900441,44.7978608977164,0 6.01498871550024,44.7978866258003,0 6.015169589913409,44.7980148701052,0 
						</coordinates>
					</LinearRing>
				</outerBoundaryIs>
			</Polygon>
		</Placemark>
		<Placemark id="parcelles-des-personnes-morales_05_groupe_personne_4.44999">
		<styleUrl>#COM</styleUrl>			<visibility>0</visibility>
			<ExtendedData>
				<SchemaData schemaUrl="#parcelles-des-personnes-morales_05_groupe_personne_4.schema">
					<SimpleData name="Numero de Parcelle">05142000AB0232</SimpleData>
					<SimpleData name="Departement">05</SimpleData>
					<SimpleData name="Commune">SAINT-FIRMIN</SimpleData>
					<SimpleData name="Adresse">LA NAUTE</SimpleData>
					<SimpleData name="Groupe de personne">Commune</SimpleData>
					<SimpleData name="Forme Juridique Abregee">COM</SimpleData>
					<SimpleData name="Denomination">COMMUNE DE SAINT FIRMIN</SimpleData>
				</SchemaData>
			</ExtendedData>
	<Region>
		<LatLonAltBox>
			<north> 44.7912637334733 </north>
			<south> 44.789876308884 </south>
			<east> 5.983277660367179 </east>
			<west> 5.98146228901558 </west>
		</LatLonAltBox>
		<Lod>
			<minLodPixels>100</minLodPixels>
			<maxLodPixels>-1</maxLodPixels>
		</Lod>
	</Region>
			<Polygon><altitudeMode>relativeToGround</altitudeMode>
				<outerBoundaryIs>
					<LinearRing>
						<coordinates>							5.98323125237404,44.7912637334733,0 5.983277660367179,44.7912298696341,0 5.98308941416094,44.7910991617942,0 5.98293585849815,44.7909998644654,0 5.98276047508651,44.7908754770352,0 5.982863695013181,44.7907916128633,0 5.98292544675057,44.7907488672166,0 5.98292316772094,44.7906606345771,0 5.98148487962335,44.789876308884,0 5.98146228901558,44.7899274603296,0 5.98178942655443,44.7901030858747,0 5.98287890560475,44.7906967830098,0 5.98266274261851,44.7908696381206,0 5.98323125237404,44.7912637334733,0 
						</coordinates>
					</LinearRing>
				</outerBoundaryIs>
			</Polygon>
		</Placemark>
		<Placemark id="parcelles-des-personnes-morales_05_groupe_personne_4.45042">
		<styleUrl>#COM</styleUrl>			<visibility>0</visibility>
			<ExtendedData>
				<SchemaData schemaUrl="#parcelles-des-personnes-morales_05_groupe_personne_4.schema">
					<SimpleData name="Numero de Parcelle">051420000C0232</SimpleData>
					<SimpleData name="Departement">05</SimpleData>
					<SimpleData name="Commune">SAINT-FIRMIN</SimpleData>
					<SimpleData name="Adresse">LA BLACHETTE</SimpleData>
					<SimpleData name="Groupe de personne">Commune</SimpleData>
					<SimpleData name="Forme Juridique Abregee">COM</SimpleData>
					<SimpleData name="Denomination">COMMUNE DE SAINT FIRMIN</SimpleData>
				</SchemaData>
			</ExtendedData>
	<Region>
		<LatLonAltBox>
			<north> 44.7978516853185 </north>
			<south> 44.7957234063287 </south>
			<east> 6.01561338998373 </east>
			<west> 6.01136205299897 </west>
		</LatLonAltBox>
		<Lod>
			<minLodPixels>100</minLodPixels>
			<maxLodPixels>-1</maxLodPixels>
		</Lod>
	</Region>
			<Polygon><altitudeMode>relativeToGround</altitudeMode>
				<outerBoundaryIs>
					<LinearRing>
						<coordinates>							6.01136205299897,44.7957234063287,0 6.01136369954317,44.7957706626681,0 6.01138371683877,44.7959505837045,0 6.01141401300541,44.7961404965882,0 6.01142631259776,44.7961976445079,0 6.01145227034599,44.7962263110037,0 6.01152408034584,44.7962747244218,0 6.01158035804145,44.7963024770313,0 6.011786852081149,44.7964131821657,0 6.01188012325837,44.7964724546041,0 6.01211162468017,44.7966341955443,0 6.012228502443651,44.796723098935,0 6.012269484374131,44.7967700071308,0 6.01236534159624,44.7968893038593,0 6.0125229906318,44.7971037758627,0 6.01265357338125,44.7972193356108,0 6.01268296398854,44.7972341236583,0 6.01275162497129,44.7972520789342,0 6.01301161751377,44.7972866371647,0 6.013080852554489,44.7973034954689,0 6.01311806674899,44.7973202330792,0 6.01324535096463,44.7974002032731,0 6.013282313488239,44.7974146051405,0 6.013326895941001,44.7974295206311,0 6.01359066427177,44.7974801924322,0 6.0139439944047,44.7975421232722,0 6.01410456613836,44.7975679398401,0 6.01431140224403,44.7975574501899,0 6.01444171906762,44.797552374696,0 6.014476196127029,44.7975605369454,0 6.01452915666451,44.7975900902069,0 6.01460617664098,44.7976364680368,0 6.014703547072,44.7976895001486,0 6.014954952634131,44.7978516853185,0 6.01502886758125,44.7978189516256,0 6.01552352664486,44.7975880905858,0 6.01561338998373,44.7975436604307,0 6.01545414016768,44.7973797806835,0 6.01526028882537,44.7972997316799,0 6.01498065969539,44.7972034554299,0 6.014599736400771,44.7970776784788,0 6.01443858102686,44.7970173712114,0 6.01414225852107,44.7968268545009,0 6.013980321770651,44.7967543146032,0 6.01383442722541,44.7967071962619,0 6.013696441386731,44.7966305810542,0 6.013616900773729,44.796560755774,0 6.01357260557009,44.7965087124826,0 6.01351164005673,44.7963864860317,0 6.0135061829276,44.7962988795335,0 6.013510421188599,44.79621037877,0 6.01350420572692,44.7961109901368,0 6.013517299189389,44.7960200862957,0 6.01309682254773,44.7959611509447,0 6.01225389271278,44.7958464826557,0 6.01136205299897,44.7957234063287,0 
						</coordinates>
					</LinearRing>
				</outerBoundaryIs>
			</Polygon>
		</Placemark>
		<Placemark id="parcelles-des-personnes-morales_05_groupe_personne_4.45180">
		<styleUrl>#COM</styleUrl>			<visibility>0</visibility>
			<ExtendedData>
				<SchemaData schemaUrl="#parcelles-des-personnes-morales_05_groupe_personne_4.schema">
					<SimpleData name="Numero de Parcelle">051420000C0233</SimpleData>
					<SimpleData name="Departement">05</SimpleData>
					<SimpleData name="Commune">SAINT-FIRMIN</SimpleData>
					<SimpleData name="Adresse">LA BLACHETTE</SimpleData>
					<SimpleData name="Groupe de personne">Commune</SimpleData>
					<SimpleData name="Forme Juridique Abregee">COM</SimpleData>
					<SimpleData name="Denomination">COMMUNE DE SAINT FIRMIN</SimpleData>
				</SchemaData>
			</ExtendedData>
	<Region>
		<LatLonAltBox>
			<north> 44.7960200862957 </north>
			<south> 44.7931905263536 </south>
			<east> 6.01498236771814 </east>
			<west> 6.0113610680446 </west>
		</LatLonAltBox>
		<Lod>
			<minLodPixels>100</minLodPixels>
			<maxLodPixels>-1</maxLodPixels>
		</Lod>
	</Region>
			<Polygon><altitudeMode>relativeToGround</altitudeMode>
				<outerBoundaryIs>
					<LinearRing>
						<coordinates>							6.01136205299897,44.7957234063287,0 6.01225389271278,44.7958464826557,0 6.01309682254773,44.7959611509447,0 6.013517299189389,44.7960200862957,0 6.01356475715462,44.7958243658976,0 6.013599116348689,44.7957454074217,0 6.01362740628664,44.7956901293619,0 6.013688761947121,44.7956072834612,0 6.013803851267289,44.7954835138775,0 6.01397430924043,44.7953115681838,0 6.014102674110039,44.7951994202378,0 6.014379156717591,44.7949872003228,0 6.014587255208819,44.7948235100057,0 6.01472345175735,44.7946970030047,0 6.01482117199256,44.7945915439878,0 6.01498236771814,44.7944569686947,0 6.014948330942871,44.7944192427391,0 6.01490216992862,44.7943677913646,0 6.01484044438395,44.7943021675495,0 6.01468010362351,44.7941625530498,0 6.01438788577021,44.7940270655105,0 6.01426654018191,44.7939491878175,0 6.014154086223879,44.7938625089588,0 6.01384117074839,44.793624151186,0 6.01371057755076,44.7935507589655,0 6.01352897959426,44.7934912768716,0 6.01336716901714,44.793420895348,0 6.01327170131524,44.7933583504318,0 6.01297573310422,44.7931905263536,0 6.01296327241451,44.7932177140643,0 6.01292641919192,44.7932406995847,0 6.012842859558799,44.7932822533604,0 6.012716347029439,44.7933368674214,0 6.01263018009403,44.7933722751881,0 6.01246421430387,44.7934249880828,0 6.01240163237761,44.7934542587204,0 6.012374365669241,44.7934908584822,0 6.01233100947621,44.7935742955955,0 6.012257078086761,44.793703432062,0 6.01211229989078,44.7939154011188,0 6.012042871693859,44.7940459467096,0 6.01193164669277,44.7942229469492,0 6.011735940282299,44.7945565792036,0 6.01164974538831,44.7946977610973,0 6.01155086754761,44.7948596494936,0 6.01152673952864,44.7949288690595,0 6.01141195224933,44.795268500991,0 6.01137749620915,44.7954307112095,0 6.0113610680446,44.7955727904402,0 6.01136205299897,44.7957234063287,0 
						</coordinates>
					</LinearRing>
				</outerBoundaryIs>
			</Polygon>
		</Placemark>
		<Placemark id="parcelles-des-personnes-morales_05_groupe_personne_4.45346">
		<styleUrl>#COM</styleUrl>			<visibility>0</visibility>
			<ExtendedData>
				<SchemaData schemaUrl="#parcelles-des-personnes-morales_05_groupe_personne_4.schema">
					<SimpleData name="Numero de Parcelle">051420000C0234</SimpleData>
					<SimpleData name="Departement">05</SimpleData>
					<SimpleData name="Commune">SAINT-FIRMIN</SimpleData>
					<SimpleData name="Adresse">LA BLACHETTE</SimpleData>
					<SimpleData name="Groupe de personne">Commune</SimpleData>
					<SimpleData name="Forme Juridique Abregee">COM</SimpleData>
					<SimpleData name="Denomination">COMMUNE DE SAINT FIRMIN</SimpleData>
				</SchemaData>
			</ExtendedData>
	<Region>
		<LatLonAltBox>
			<north> 44.7957355980944 </north>
			<south> 44.7917309926201 </south>
			<east> 6.012925338204031 </east>
			<west> 6.0081670524424 </west>
		</LatLonAltBox>
		<Lod>
			<minLodPixels>100</minLodPixels>
			<maxLodPixels>-1</maxLodPixels>
		</Lod>
	</Region>
			<Polygon><altitudeMode>relativeToGround</altitudeMode>
				<outerBoundaryIs>
					<LinearRing>
						<coordinates>							6.01132120265742,44.7957355980944,0 6.01131642503612,44.7956015730455,0 6.01130699879684,44.7954516369797,0 6.01131921681116,44.7953703076047,0 6.011364263477879,44.795249885109,0 6.01139031923785,44.7951623234623,0 6.01144946071335,44.7949908833387,0 6.01146735232243,44.7949257074107,0 6.01150031706157,44.7948631852613,0 6.01156084088682,44.7947647763965,0 6.011647496273929,44.7946156535069,0 6.011774993368719,44.7944022626242,0 6.01193249998966,44.7941349888393,0 6.01197735507331,44.7940488082451,0 6.012040459274421,44.7939230295119,0 6.01208720520741,44.7938697730821,0 6.01211645141977,44.7938299661986,0 6.01214848599264,44.7937690007738,0 6.0121946097538,44.7936687304368,0 6.01227472257973,44.7935392458295,0 6.01231151843529,44.7934797727076,0 6.01233982874064,44.7934461178092,0 6.012376271470639,44.7934178279107,0 6.012772066023559,44.7932503911862,0 6.01289143541569,44.7931947098644,0 6.012925338204031,44.7931615334685,0 6.012804669570091,44.7930655263535,0 6.01270070609954,44.7929978961801,0 6.01259599445325,44.7929304664477,0 6.01232688216361,44.7927655147149,0 6.012261932325589,44.7927175462181,0 6.01218179717103,44.7926577371499,0 6.012119184520451,44.7925990735898,0 6.012014317231131,44.7925121865888,0 6.01197913001738,44.7924907085934,0 6.01186352555178,44.7924348363897,0 6.01181869673435,44.7924152420946,0 6.01172163806678,44.7923654428946,0 6.01158652811584,44.7922997392537,0 6.01149981639522,44.7922588486439,0 6.01143546361728,44.7922267205869,0 6.011232593782999,44.7921101507108,0 6.01118418647363,44.7920851574687,0 6.01106498715917,44.7920306435086,0 6.010985102562869,44.7919919996738,0 6.01088871389758,44.7919357846933,0 6.01077942638055,44.7918631619561,0 6.01071246292475,44.791824797625,0 6.01062705937473,44.7917846817161,0 6.01054712865934,44.7917309926201,0 6.010429364185781,44.7918071699635,0 6.010318421914659,44.7918831618841,0 6.010230678747741,44.7919458199272,0 6.010156199316371,44.792012802724,0 6.01002113502377,44.7921416156734,0 6.00990420959415,44.7922925502422,0 6.00981385652659,44.7924175359119,0 6.009709889383389,44.7925694698307,0 6.00963388510918,44.792726140283,0 6.00958974567263,44.7928777108945,0 6.009556181379649,44.792952682089,0 6.00951320334064,44.7929983570235,0 6.009303756742699,44.7931700927439,0 6.00916877442754,44.7933005240997,0 6.00901478029011,44.7934539956828,0 6.008938735350231,44.7935461571952,0 6.00885175466511,44.7936727623171,0 6.00878054810562,44.793808038982,0 6.008732303244001,44.7938900755988,0 6.00863335816449,44.7940153835587,0 6.00858914575987,44.7940782100651,0 6.008563305921559,44.7941533316546,0 6.00853657499681,44.7942118094593,0 6.00850868711853,44.7942912211897,0 6.008452127213831,44.7944330375584,0 6.00844316264681,44.794551578386,0 6.00842230133686,44.7946511613305,0 6.00838851347553,44.7947409141415,0 6.00834256759494,44.794809193418,0 6.00830742252124,44.7949114164417,0 6.008277979519,44.7949996097424,0 6.00824168948628,44.7950473550598,0 6.008182216129901,44.7951915027867,0 6.0081670524424,44.7952651632788,0 6.00816713081298,44.7954037305357,0 6.0081706596734,44.7954720184891,0 6.00855881490092,44.7952393942154,0 6.00888472710819,44.7950448574061,0 6.00972123965955,44.7951771137671,0 6.01013204807625,44.7952423607172,0 6.01054499609505,44.7954160251286,0 6.01132120265742,44.7957355980944,0 
						</coordinates>
					</LinearRing>
				</outerBoundaryIs>
			</Polygon>
		</Placemark>
		<Placemark id="parcelles-des-personnes-morales_05_groupe_personne_4.45469">
		<styleUrl>#COM</styleUrl>			<visibility>0</visibility>
			<ExtendedData>
				<SchemaData schemaUrl="#parcelles-des-personnes-morales_05_groupe_personne_4.schema">
					<SimpleData name="Numero de Parcelle">051420000C0235</SimpleData>
					<SimpleData name="Departement">05</SimpleData>
					<SimpleData name="Commune">SAINT-FIRMIN</SimpleData>
					<SimpleData name="Adresse">LA BLACHETTE</SimpleData>
					<SimpleData name="Groupe de personne">Commune</SimpleData>
					<SimpleData name="Forme Juridique Abregee">COM</SimpleData>
					<SimpleData name="Denomination">COMMUNE DE SAINT FIRMIN</SimpleData>
				</SchemaData>
			</ExtendedData>
	<Region>
		<LatLonAltBox>
			<north> 44.7940272043912 </north>
			<south> 44.7915809617079 </south>
			<east> 6.01049318257883 </east>
			<west> 6.00828624998046 </west>
		</LatLonAltBox>
		<Lod>
			<minLodPixels>100</minLodPixels>
			<maxLodPixels>-1</maxLodPixels>
		</Lod>
	</Region>
			<Polygon><altitudeMode>relativeToGround</altitudeMode>
				<outerBoundaryIs>
					<LinearRing>
						<coordinates>							6.008988561030991,44.7919150384145,0 6.008895333651821,44.7920832578042,0 6.00873483759474,44.7923444814024,0 6.00867874311368,44.79244294854,0 6.00853148845628,44.7926702962766,0 6.00850784890567,44.7927486917005,0 6.008402978148481,44.7930729144176,0 6.0083136870415,44.7933336462365,0 6.00828624998046,44.7934356600207,0 6.00828901230926,44.7934612627151,0 6.008329566476281,44.7935168330908,0 6.008385556321529,44.7935983829496,0 6.008518890777199,44.7938082039497,0 6.00854239524674,44.7938501818958,0 6.008546996896181,44.7938912313676,0 6.00854559181665,44.7939737083542,0 6.00857958245393,44.7940272043912,0 6.00862337467934,44.7939588933707,0 6.008685925245101,44.7938580886772,0 6.00882612882431,44.7936053445405,0 6.00891535185893,44.7934946257556,0 6.00896195588805,44.7934386716608,0 6.008997095705131,44.7934049223657,0 6.009140765712471,44.7932571369218,0 6.00922350603869,44.7931860564013,0 6.00941010568014,44.7930318794241,0 6.00947579134416,44.7929660369051,0 6.00950002040935,44.7929341153383,0 6.00953830457733,44.7928456816338,0 6.009605577113311,44.7926677151382,0 6.009660088764019,44.7925633440569,0 6.00972542031195,44.7924625533152,0 6.009843830575739,44.7922968027015,0 6.009928120506309,44.7921790993301,0 6.010040403683141,44.7920525269281,0 6.01010448037511,44.7919944760548,0 6.01019252132652,44.7919184756563,0 6.01049318257883,44.7916947072077,0 6.010451041114749,44.7916662098831,0 6.010303160778959,44.7915864361037,0 6.01016388715599,44.7916886047306,0 6.00995403508292,44.7915809617079,0 6.009576453517071,44.791944305468,0 6.00936041573596,44.7918889053887,0 6.0092249579833,44.7919725893713,0 6.00914834495067,44.7919548480439,0 6.008988561030991,44.7919150384145,0 
						</coordinates>
					</LinearRing>
				</outerBoundaryIs>
			</Polygon>
		</Placemark>
		<Placemark id="parcelles-des-personnes-morales_05_groupe_personne_4.46171">
		<styleUrl>#COM</styleUrl>			<visibility>0</visibility>
			<ExtendedData>
				<SchemaData schemaUrl="#parcelles-des-personnes-morales_05_groupe_personne_4.schema">
					<SimpleData name="Numero de Parcelle">051420000D0024</SimpleData>
					<SimpleData name="Departement">05</SimpleData>
					<SimpleData name="Commune">SAINT-FIRMIN</SimpleData>
					<SimpleData name="Adresse">DESSOUS LES LUMIERES</SimpleData>
					<SimpleData name="Groupe de personne">Commune</SimpleData>
					<SimpleData name="Forme Juridique Abregee">COM</SimpleData>
					<SimpleData name="Denomination">COMMUNE DE SAINT FIRMIN</SimpleData>
				</SchemaData>
			</ExtendedData>
	<Region>
		<LatLonAltBox>
			<north> 44.8116649232725 </north>
			<south> 44.8050897008708 </south>
			<east> 6.037846150027999 </east>
			<west> 6.027627038911721 </west>
		</LatLonAltBox>
		<Lod>
			<minLodPixels>100</minLodPixels>
			<maxLodPixels>-1</maxLodPixels>
		</Lod>
	</Region>
			<Polygon><altitudeMode>relativeToGround</altitudeMode>
				<outerBoundaryIs>
					<LinearRing>
						<coordinates>							6.037846150027999,44.8116649232725,0 6.037625765471141,44.8112338015223,0 6.03758099374398,44.8111712381242,0 6.03738272730447,44.8107956416923,0 6.03726516360416,44.8105642448891,0 6.03706637694771,44.8102070424998,0 6.03694420992509,44.8098717074217,0 6.036908202467371,44.8097417801369,0 6.036854798502,44.8096201679607,0 6.03648134568476,44.8089981734446,0 6.03637494632911,44.808863146251,0 6.03636531018991,44.8090454997823,0 6.03642016841798,44.8096272969216,0 6.036457061800909,44.8099047819072,0 6.0364940942081,44.8100490069602,0 6.03658926856885,44.8102409236603,0 6.03670636743789,44.8104918852389,0 6.03680174981146,44.810788310792,0 6.036559316184589,44.8102581419938,0 6.036477752958969,44.8101049553786,0 6.03648914683542,44.8103883645098,0 6.036490124528719,44.8107085489703,0 6.03644017122822,44.8102550080859,0 6.036408773119009,44.8098379897066,0 6.03632678086405,44.8091850368035,0 6.036322517858509,44.8088368316894,0 6.03627320475848,44.8087791675141,0 6.036161843207519,44.8086178771122,0 6.0360909479892,44.808477012067,0 6.036000610298959,44.8083370398048,0 6.03593095584164,44.8082683098002,0 6.03589490365331,44.8082147872972,0 6.03580334706763,44.8081201679473,0 6.03585814434513,44.8085744769472,0 6.03587319982441,44.8088624707729,0 6.03571578584526,44.8093105174314,0 6.035650262818171,44.8095126911406,0 6.03590091462299,44.8101225540625,0 6.03577021481575,44.8099149413134,0 6.03560760442417,44.8095641342442,0 6.035448917828999,44.8098973394362,0 6.03530669352143,44.8101276514043,0 6.03547627481073,44.8097079236355,0 6.03561524044234,44.8093704831372,0 6.03581435549803,44.808855612793,0 6.03581673636769,44.8086841797859,0 6.035763412660101,44.8083578606991,0 6.03571139716891,44.8080533998069,0 6.03553421545731,44.8078333648178,0 6.03545782052193,44.8077101292059,0 6.03538004464173,44.8079267836439,0 6.03531311715953,44.8081615211555,0 6.03504725121528,44.8088066985327,0 6.03491100523452,44.8091781210681,0 6.03489284765854,44.809406657972,0 6.03486587215613,44.8092399929633,0 6.03472427483317,44.8094233455193,0 6.0346650874362,44.8095718264944,0 6.034681859507739,44.809420722361,0 6.03487644091893,44.8091169892074,0 6.03501601153352,44.8087672796001,0 6.03526488947579,44.8081356317146,0 6.03538009359452,44.807789471887,0 6.03540844121302,44.8076699456787,0 6.03537542788319,44.8075883191476,0 6.03515508770314,44.8071995391941,0 6.03501313659825,44.8068654652392,0 6.03487508046272,44.8065331766337,0 6.0347370307205,44.8062080055542,0 6.03465561522299,44.806003457852,0 6.03459930711482,44.8056545155999,0 6.034533551682939,44.8055430615564,0 6.034443192893791,44.8054306591431,0 6.03429478095606,44.8053330000019,0 6.03374744419653,44.8055374566017,0 6.03285910788244,44.8059169308465,0 6.03279298672238,44.8058947734901,0 6.03271959828766,44.8058903841091,0 6.03237442696728,44.8058591014392,0 6.032253218731131,44.8058949422887,0 6.032253388120661,44.8059074613475,0 6.0318427394776,44.8060512272971,0 6.03203169734948,44.8067454942898,0 6.03140498887008,44.8068257013424,0 6.031024466965201,44.8058764667141,0 6.03094846643817,44.8058987266224,0 6.03087568458146,44.8059079243063,0 6.03069538209247,44.8059345671747,0 6.03016804364162,44.806019709221,0 6.02986624971249,44.8054409665866,0 6.029690502812159,44.8050897008708,0 6.029336963532739,44.8051472043007,0 6.0291344771405,44.8051966150475,0 6.02913130846911,44.8052364349971,0 6.0288584765859,44.8052838930663,0 6.028733233464929,44.8053575914729,0 6.028514757095111,44.8054672631877,0 6.02853699843518,44.8056638808411,0 6.028394572067141,44.805700567346,0 6.02830139611417,44.8057047343374,0 6.027891252370521,44.8056818798505,0 6.027639118706851,44.8056555196122,0 6.027667225460871,44.8058741413691,0 6.027627038911721,44.8063238383223,0 6.02785314808554,44.8064519997671,0 6.0280561044518,44.8065661972344,0 6.0282650543108,44.8066835642837,0 6.0285946746138,44.8068724162062,0 6.028847710546701,44.8070046153964,0 6.02970131934558,44.8075106196369,0 6.031496183668489,44.8085815705187,0 6.0315556669679,44.8086143616778,0 6.03210717270878,44.8088992181845,0 6.03293244555605,44.8093457885221,0 6.03319907475786,44.8094644522191,0 6.03353967654196,44.8095958675302,0 6.03398096771801,44.8098831903061,0 6.03408797399802,44.8100857771597,0 6.034154929153309,44.8102170206439,0 6.03419709974359,44.8103158761503,0 6.03465083259833,44.8103881507755,0 6.034920012468429,44.8105210665005,0 6.03517806700353,44.8106518535093,0 6.035231532003211,44.8106785907774,0 6.0357618876319,44.8109226540232,0 6.03584170919787,44.81095695844,0 6.036154326960991,44.8110714730722,0 6.036430590640471,44.8111690528148,0 6.03693736886359,44.811342037748,0 6.03742142937449,44.8114974428478,0 6.03761969108417,44.8115428269862,0 6.0377601226722,44.8116071843419,0 6.037846150027999,44.8116649232725,0 
						</coordinates>
					</LinearRing>
				</outerBoundaryIs>
			</Polygon>
		</Placemark>
		<Placemark id="parcelles-des-personnes-morales_05_groupe_personne_4.46620">
		<styleUrl>#COM</styleUrl>			<visibility>0</visibility>
			<ExtendedData>
				<SchemaData schemaUrl="#parcelles-des-personnes-morales_05_groupe_personne_4.schema">
					<SimpleData name="Numero de Parcelle">051420000D0242</SimpleData>
					<SimpleData name="Departement">05</SimpleData>
					<SimpleData name="Commune">SAINT-FIRMIN</SimpleData>
					<SimpleData name="Adresse">LES BERNARDS</SimpleData>
					<SimpleData name="Groupe de personne">Commune</SimpleData>
					<SimpleData name="Forme Juridique Abregee">COM</SimpleData>
					<SimpleData name="Denomination">COMMUNE DE SAINT FIRMIN</SimpleData>
				</SchemaData>
			</ExtendedData>
	<Region>
		<LatLonAltBox>
			<north> 44.7938495338512 </north>
			<south> 44.7933127067926 </south>
			<east> 6.03436327854287 </east>
			<west> 6.03406675373159 </west>
		</LatLonAltBox>
		<Lod>
			<minLodPixels>100</minLodPixels>
			<maxLodPixels>-1</maxLodPixels>
		</Lod>
	</Region>
			<Polygon><altitudeMode>relativeToGround</altitudeMode>
				<outerBoundaryIs>
					<LinearRing>
						<coordinates>							6.03436327854287,44.7933397496202,0 6.03423870326648,44.7933127067926,0 6.03421296250465,44.7933327825672,0 6.034189986017539,44.7933829655622,0 6.03413751340402,44.7936063138663,0 6.03407745771048,44.7937149945074,0 6.03406675373159,44.7938495338512,0 6.03415939973456,44.7936296808644,0 6.03436327854287,44.7933397496202,0 
						</coordinates>
					</LinearRing>
				</outerBoundaryIs>
			</Polygon>
		</Placemark>
		<Placemark id="parcelles-des-personnes-morales_05_groupe_personne_4.46779">
		<styleUrl>#COM</styleUrl>			<visibility>0</visibility>
			<ExtendedData>
				<SchemaData schemaUrl="#parcelles-des-personnes-morales_05_groupe_personne_4.schema">
					<SimpleData name="Numero de Parcelle">051420000D0243</SimpleData>
					<SimpleData name="Departement">05</SimpleData>
					<SimpleData name="Commune">SAINT-FIRMIN</SimpleData>
					<SimpleData name="Adresse">LES BERNARDS</SimpleData>
					<SimpleData name="Groupe de personne">Commune</SimpleData>
					<SimpleData name="Forme Juridique Abregee">COM</SimpleData>
					<SimpleData name="Denomination">COMMUNE DE SAINT FIRMIN</SimpleData>
				</SchemaData>
			</ExtendedData>
	<Region>
		<LatLonAltBox>
			<north> 44.7944205381414 </north>
			<south> 44.7937540728584 </south>
			<east> 6.03464096313943 </east>
			<west> 6.03397814182504 </west>
		</LatLonAltBox>
		<Lod>
			<minLodPixels>100</minLodPixels>
			<maxLodPixels>-1</maxLodPixels>
		</Lod>
	</Region>
			<Polygon><altitudeMode>relativeToGround</altitudeMode>
				<outerBoundaryIs>
					<LinearRing>
						<coordinates>							6.03402038968126,44.7943946358517,0 6.03412332429599,44.7943700144116,0 6.03422740938391,44.794394825312,0 6.03441023363012,44.7943945054966,0 6.03457828454163,44.7944205381414,0 6.03464096313943,44.7937558792132,0 6.034624669438251,44.7937540728584,0 6.03456758956985,44.7938006847316,0 6.034489433524451,44.7938811198348,0 6.03432312982074,44.793807737706,0 6.034175827685071,44.7939081752344,0 6.03411082721769,44.7939205861633,0 6.034100462985979,44.7938809563625,0 6.03412385677834,44.7938666210521,0 6.03406675373159,44.7938495338512,0 6.03399125011773,44.7941103627037,0 6.03397814182504,44.7941933415808,0 6.034010829173699,44.7942831757489,0 6.03402038968126,44.7943946358517,0 
						</coordinates>
					</LinearRing>
				</outerBoundaryIs>
				<innerBoundaryIs>
					<LinearRing>
						<coordinates>							6.03442271404278,44.7943327168232,0 6.034401457663701,44.7943796092456,0 6.03420192732414,44.7943447074696,0 6.03419881462399,44.7942495588453,0 6.034420076751511,44.7942604401337,0 6.03442271404278,44.7943327168232,0 
						</coordinates>
					</LinearRing>
				</innerBoundaryIs>
			</Polygon>
		</Placemark>
		<Placemark id="parcelles-des-personnes-morales_05_groupe_personne_4.47083">
		<styleUrl>#COM</styleUrl>			<visibility>0</visibility>
			<ExtendedData>
				<SchemaData schemaUrl="#parcelles-des-personnes-morales_05_groupe_personne_4.schema">
					<SimpleData name="Numero de Parcelle">051420000D0245</SimpleData>
					<SimpleData name="Departement">05</SimpleData>
					<SimpleData name="Commune">SAINT-FIRMIN</SimpleData>
					<SimpleData name="Adresse">LES BERNARDS</SimpleData>
					<SimpleData name="Groupe de personne">Commune</SimpleData>
					<SimpleData name="Forme Juridique Abregee">COM</SimpleData>
					<SimpleData name="Denomination">COMMUNE DE SAINT FIRMIN</SimpleData>
				</SchemaData>
			</ExtendedData>
	<Region>
		<LatLonAltBox>
			<north> 44.7944342182768 </north>
			<south> 44.7932806668521 </south>
			<east> 6.03417486522728 </east>
			<west> 6.03327109105301 </west>
		</LatLonAltBox>
		<Lod>
			<minLodPixels>100</minLodPixels>
			<maxLodPixels>-1</maxLodPixels>
		</Lod>
	</Region>
			<Polygon><altitudeMode>relativeToGround</altitudeMode>
				<outerBoundaryIs>
					<LinearRing>
						<coordinates>							6.033289286724671,44.7944041944578,0 6.03345429523843,44.7942941736667,0 6.03357236468451,44.7942030064496,0 6.03364108315251,44.7941891426142,0 6.0336480888619,44.7942392256703,0 6.03366451286974,44.7942715718983,0 6.033721845533621,44.7942600918993,0 6.033794019326311,44.7942399166197,0 6.03384090119857,44.7943231455371,0 6.03386132238545,44.7944342182768,0 6.03402038968126,44.7943946358517,0 6.03400151626695,44.7943614557332,0 6.03398650224403,44.7942942930382,0 6.03395337242006,44.7942150124669,0 6.033942638787309,44.7941802580642,0 6.03394938543565,44.7941200679792,0 6.03399528143442,44.7940069096997,0 6.03401859517838,44.7938996853445,0 6.03405131154641,44.7938049074516,0 6.03405669477445,44.7936585306986,0 6.03402265365044,44.7936865820813,0 6.0339930533815,44.7937382978203,0 6.03390632060382,44.7939551957518,0 6.03375908136468,44.7941833902398,0 6.03376733443632,44.7941300064033,0 6.03388211548971,44.7939591919275,0 6.03390440361964,44.7938681232555,0 6.03398418662653,44.7936748410976,0 6.034075259298741,44.7936016210412,0 6.03410812443862,44.7935705384935,0 6.03412673710503,44.7935285838115,0 6.03413828990999,44.7934496118269,0 6.03417486522728,44.7933114811251,0 6.034148522835191,44.7932922905378,0 6.03407944178655,44.7932806668521,0 6.03344635799121,44.7932868228855,0 6.03342551912879,44.7934633549361,0 6.03343258947621,44.793727959982,0 6.03340497812944,44.7938563847697,0 6.03339550533525,44.7940301731266,0 6.03331240721174,44.7941831815486,0 6.03328156581223,44.7942611496208,0 6.03327109105301,44.7943249555018,0 6.033289286724671,44.7944041944578,0 
						</coordinates>
					</LinearRing>
				</outerBoundaryIs>
			</Polygon>
		</Placemark>
		<Placemark id="parcelles-des-personnes-morales_05_groupe_personne_4.47224">
		<styleUrl>#COM</styleUrl>			<visibility>0</visibility>
			<ExtendedData>
				<SchemaData schemaUrl="#parcelles-des-personnes-morales_05_groupe_personne_4.schema">
					<SimpleData name="Numero de Parcelle">051420000D0246</SimpleData>
					<SimpleData name="Departement">05</SimpleData>
					<SimpleData name="Commune">SAINT-FIRMIN</SimpleData>
					<SimpleData name="Adresse">LES BERNARDS</SimpleData>
					<SimpleData name="Groupe de personne">Commune</SimpleData>
					<SimpleData name="Forme Juridique Abregee">COM</SimpleData>
					<SimpleData name="Denomination">COMMUNE DE SAINT FIRMIN</SimpleData>
				</SchemaData>
			</ExtendedData>
	<Region>
		<LatLonAltBox>
			<north> 44.7944041944578 </north>
			<south> 44.7930110563514 </south>
			<east> 6.0334004227991 </east>
			<west> 6.032704680407769 </west>
		</LatLonAltBox>
		<Lod>
			<minLodPixels>100</minLodPixels>
			<maxLodPixels>-1</maxLodPixels>
		</Lod>
	</Region>
			<Polygon><altitudeMode>relativeToGround</altitudeMode>
				<outerBoundaryIs>
					<LinearRing>
						<coordinates>							6.03283960602196,44.7930118693834,0 6.032704680407769,44.7930110563514,0 6.0332137040478,44.7943541860946,0 6.03322861624197,44.7943936915116,0 6.033289286724671,44.7944041944578,0 6.03324807579912,44.7943416228172,0 6.03324397574993,44.7943078580984,0 6.033270993392869,44.7942153086743,0 6.0333706756067,44.7939733700057,0 6.033383909708419,44.7937989381296,0 6.0334004227991,44.793523506564,0 6.033377267203791,44.7932797039414,0 6.0331623810626,44.7932391841069,0 6.03305930705005,44.7931556907246,0 6.03283960602196,44.7930118693834,0 
						</coordinates>
					</LinearRing>
				</outerBoundaryIs>
			</Polygon>
		</Placemark>
		<Placemark id="parcelles-des-personnes-morales_05_groupe_personne_4.47906">
		<styleUrl>#COM</styleUrl>			<visibility>0</visibility>
			<ExtendedData>
				<SchemaData schemaUrl="#parcelles-des-personnes-morales_05_groupe_personne_4.schema">
					<SimpleData name="Numero de Parcelle">051420000D0250</SimpleData>
					<SimpleData name="Departement">05</SimpleData>
					<SimpleData name="Commune">SAINT-FIRMIN</SimpleData>
					<SimpleData name="Adresse">LES FOURNETS</SimpleData>
					<SimpleData name="Groupe de personne">Commune</SimpleData>
					<SimpleData name="Forme Juridique Abregee">COM</SimpleData>
					<SimpleData name="Denomination">COMMUNE DE SAINT FIRMIN</SimpleData>
				</SchemaData>
			</ExtendedData>
	<Region>
		<LatLonAltBox>
			<north> 44.7938474326119 </north>
			<south> 44.7934104579642 </south>
			<east> 6.03210688036893 </east>
			<west> 6.0317741176613 </west>
		</LatLonAltBox>
		<Lod>
			<minLodPixels>100</minLodPixels>
			<maxLodPixels>-1</maxLodPixels>
		</Lod>
	</Region>
			<Polygon><altitudeMode>relativeToGround</altitudeMode>
				<outerBoundaryIs>
					<LinearRing>
						<coordinates>							6.031911117371011,44.7934104579642,0 6.0317741176613,44.7936010688808,0 6.03180951419332,44.7936684851383,0 6.03188769473124,44.7937901414259,0 6.03190786749033,44.7938474326119,0 6.03199968695348,44.793769238513,0 6.03210688036893,44.7937086433897,0 6.031911117371011,44.7934104579642,0 
						</coordinates>
					</LinearRing>
				</outerBoundaryIs>
			</Polygon>
		</Placemark>
		<Placemark id="parcelles-des-personnes-morales_05_groupe_personne_4.48287">
		<styleUrl>#COM</styleUrl>			<visibility>0</visibility>
			<ExtendedData>
				<SchemaData schemaUrl="#parcelles-des-personnes-morales_05_groupe_personne_4.schema">
					<SimpleData name="Numero de Parcelle">051420000D0253</SimpleData>
					<SimpleData name="Departement">05</SimpleData>
					<SimpleData name="Commune">SAINT-FIRMIN</SimpleData>
					<SimpleData name="Adresse">LES FOURNETS</SimpleData>
					<SimpleData name="Groupe de personne">Commune</SimpleData>
					<SimpleData name="Forme Juridique Abregee">COM</SimpleData>
					<SimpleData name="Denomination">COMMUNE DE SAINT FIRMIN</SimpleData>
				</SchemaData>
			</ExtendedData>
	<Region>
		<LatLonAltBox>
			<north> 44.7946521445329 </north>
			<south> 44.793737135055 </south>
			<east> 6.032762107402281 </east>
			<west> 6.03191774935453 </west>
		</LatLonAltBox>
		<Lod>
			<minLodPixels>100</minLodPixels>
			<maxLodPixels>-1</maxLodPixels>
		</Lod>
	</Region>
			<Polygon><altitudeMode>relativeToGround</altitudeMode>
				<outerBoundaryIs>
					<LinearRing>
						<coordinates>							6.03250117281102,44.7943045773846,0 6.03238438938542,44.7942179445689,0 6.03221715966042,44.7939725873071,0 6.03219685894831,44.793936382629,0 6.03218520375426,44.7938915623105,0 6.03217871004741,44.7938345276421,0 6.03211929938409,44.793737135055,0 6.032051177688561,44.7937690913478,0 6.03200003466739,44.79380382668,0 6.03191774935453,44.7938828411578,0 6.03194195510383,44.7939468694795,0 6.03199615281946,44.7940226911164,0 6.03214003371085,44.7941566053388,0 6.0322785294209,44.7943173357755,0 6.032410024506909,44.7945452906278,0 6.03245397597412,44.7945976965905,0 6.03251549945845,44.7946521445329,0 6.03248133732989,44.7945560434491,0 6.032762107402281,44.7945207013826,0 6.0326345889365,44.7944250824159,0 6.03250117281102,44.7943045773846,0 
						</coordinates>
					</LinearRing>
				</outerBoundaryIs>
			</Polygon>
		</Placemark>
		<Placemark id="parcelles-des-personnes-morales_05_groupe_personne_4.48601">
		<styleUrl>#COM</styleUrl>			<visibility>0</visibility>
			<ExtendedData>
				<SchemaData schemaUrl="#parcelles-des-personnes-morales_05_groupe_personne_4.schema">
					<SimpleData name="Numero de Parcelle">051420000A0256</SimpleData>
					<SimpleData name="Departement">05</SimpleData>
					<SimpleData name="Commune">SAINT-FIRMIN</SimpleData>
					<SimpleData name="Adresse">ROUSSETTE</SimpleData>
					<SimpleData name="Groupe de personne">Commune</SimpleData>
					<SimpleData name="Forme Juridique Abregee">COM</SimpleData>
					<SimpleData name="Denomination">COMMUNE DE SAINT FIRMIN</SimpleData>
				</SchemaData>
			</ExtendedData>
	<Region>
		<LatLonAltBox>
			<north> 44.7899661722413 </north>
			<south> 44.78854691518 </south>
			<east> 5.99815007509567 </east>
			<west> 5.994803718518111 </west>
		</LatLonAltBox>
		<Lod>
			<minLodPixels>100</minLodPixels>
			<maxLodPixels>-1</maxLodPixels>
		</Lod>
	</Region>
			<Polygon><altitudeMode>relativeToGround</altitudeMode>
				<outerBoundaryIs>
					<LinearRing>
						<coordinates>							5.996230219965231,44.7887291551092,0 5.99570232794799,44.7889678551487,0 5.99574141692173,44.7889843673861,0 5.9957412581448,44.7890027513423,0 5.99571042925726,44.7890415152175,0 5.99571893187392,44.7890562413976,0 5.99576018408264,44.7890302597563,0 5.99579341614076,44.7890080987415,0 5.99582145031397,44.7890047281722,0 5.99585336886453,44.7890053970325,0 5.995825592657171,44.7890563315359,0 5.995855828670319,44.7890657852271,0 5.99589988257495,44.7890425207886,0 5.99595138076009,44.789018874908,0 5.996005789314449,44.7890023580416,0 5.99609379700095,44.7889943028956,0 5.99606818451547,44.7890573419893,0 5.99603580949108,44.789090832069,0 5.995989044674799,44.7891273239193,0 5.9959259359197,44.7891610140781,0 5.99580118662006,44.7892132184011,0 5.99581728658873,44.789251794958,0 5.99549093849976,44.7894620713131,0 5.99544886697785,44.7894370804293,0 5.99512509865306,44.7896174640276,0 5.995114283141829,44.7896163147622,0 5.9949148784717,44.7898346010061,0 5.994803718518111,44.7899661722413,0 5.99497089843252,44.7898625487445,0 5.99497453442692,44.7899212834332,0 5.995024242234859,44.7899091286305,0 5.995113315191829,44.7898949189608,0 5.99522771471752,44.7898929986597,0 5.995311933727021,44.7898850465603,0 5.99536723247782,44.7898685960684,0 5.99543449383352,44.7898392087434,0 5.995614969905971,44.789731080452,0 5.99567507962875,44.7896862094947,0 5.9957093707732,44.7896649208498,0 5.99564677328164,44.7896275109476,0 5.99564124979116,44.7896188307916,0 5.995643996055041,44.7896038906564,0 5.995668952853239,44.7895688893741,0 5.99570837308287,44.7895298932951,0 5.99575266919134,44.7894945494573,0 5.99583048643382,44.7894614528921,0 5.99575996996615,44.7894155177613,0 5.99586189485074,44.7893314957482,0 5.99591736450779,44.7892921558577,0 5.99597557859763,44.7892402183497,0 5.99600813748919,44.7892149220925,0 5.99609622782823,44.7891656906566,0 5.99615146530685,44.7891243747977,0 5.99620777200975,44.7891173567396,0 5.99625761793097,44.7891078104233,0 5.996353444683211,44.7890708029313,0 5.996436138375749,44.7890532508624,0 5.99656448617328,44.7890377078531,0 5.996626386782169,44.7890288265031,0 5.99668127500956,44.788999953119,0 5.9967314838534,44.7889782337533,0 5.996889826156979,44.7889486351665,0 5.99701614901725,44.7889235961563,0 5.997084540610659,44.7889012047459,0 5.9971814347111,44.7888367783319,0 5.997243592431579,44.788806626913,0 5.997303018697071,44.7887916855319,0 5.997551150332811,44.7887471342739,0 5.997684969495021,44.7887227026044,0 5.99794992748486,44.7886923810535,0 5.998031326401239,44.7886766647218,0 5.99806264490723,44.7886660871127,0 5.99810799130374,44.7886409848741,0 5.99815007509567,44.7886045286213,0 5.99802690204393,44.7886150683124,0 5.99779113952192,44.7886566732967,0 5.99757013235179,44.7886855354767,0 5.99741279227959,44.788722045384,0 5.99729656741254,44.7887537491994,0 5.997151481647811,44.7887970449413,0 5.997008241119631,44.7888488497526,0 5.99698582996947,44.7888224268434,0 5.996891992052631,44.7888160447354,0 5.99689206586574,44.7887581107297,0 5.99687876557186,44.7887032412573,0 5.99685644257041,44.7886618599349,0 5.996851765002641,44.7886453185763,0 5.996944056369419,44.7886037211299,0 5.99684068778498,44.7885657025695,0 5.99674580932351,44.78854691518,0 5.99642647776357,44.7886560967372,0 5.996230219965231,44.7887291551092,0 
						</coordinates>
					</LinearRing>
				</outerBoundaryIs>
			</Polygon>
		</Placemark>
		<Placemark id="parcelles-des-personnes-morales_05_groupe_personne_4.49606">
		<styleUrl>#COM</styleUrl>			<visibility>0</visibility>
			<ExtendedData>
				<SchemaData schemaUrl="#parcelles-des-personnes-morales_05_groupe_personne_4.schema">
					<SimpleData name="Numero de Parcelle">051420000D0262</SimpleData>
					<SimpleData name="Departement">05</SimpleData>
					<SimpleData name="Commune">SAINT-FIRMIN</SimpleData>
					<SimpleData name="Adresse">LES FOURNETS</SimpleData>
					<SimpleData name="Groupe de personne">Commune</SimpleData>
					<SimpleData name="Forme Juridique Abregee">COM</SimpleData>
					<SimpleData name="Denomination">COMMUNE DE SAINT FIRMIN</SimpleData>
				</SchemaData>
			</ExtendedData>
	<Region>
		<LatLonAltBox>
			<north> 44.7950465226807 </north>
			<south> 44.7938106700232 </south>
			<east> 6.031794309962959 </east>
			<west> 6.03063293997536 </west>
		</LatLonAltBox>
		<Lod>
			<minLodPixels>100</minLodPixels>
			<maxLodPixels>-1</maxLodPixels>
		</Lod>
	</Region>
			<Polygon><altitudeMode>relativeToGround</altitudeMode>
				<outerBoundaryIs>
					<LinearRing>
						<coordinates>							6.031562095475289,44.7938106700232,0 6.031480704478631,44.7939461512099,0 6.03140270915622,44.7940249578535,0 6.03130876650833,44.7941459159971,0 6.03120278238386,44.7942571123729,0 6.03098901231189,44.7944508127773,0 6.03078629374575,44.7946734924358,0 6.03069624366511,44.7948220937983,0 6.03065851724572,44.7948991681264,0 6.03063293997536,44.7950278968622,0 6.03078211712298,44.7950465226807,0 6.030837679240349,44.7948966118297,0 6.03088193108328,44.7948279183206,0 6.031016570698009,44.7946919725816,0 6.0312046333613,44.7945166343946,0 6.03132577148159,44.7944494419506,0 6.03138700942814,44.7944047903641,0 6.03144844326355,44.7943379692481,0 6.03158838195114,44.7941337636642,0 6.03167930414073,44.7940436113399,0 6.031794309962959,44.7939472140952,0 6.031562095475289,44.7938106700232,0 
						</coordinates>
					</LinearRing>
				</outerBoundaryIs>
			</Polygon>
		</Placemark>
		<Placemark id="parcelles-des-personnes-morales_05_groupe_personne_4.50635">
		<styleUrl>#COM</styleUrl>			<visibility>0</visibility>
			<ExtendedData>
				<SchemaData schemaUrl="#parcelles-des-personnes-morales_05_groupe_personne_4.schema">
					<SimpleData name="Numero de Parcelle">051420000A0027</SimpleData>
					<SimpleData name="Departement">05</SimpleData>
					<SimpleData name="Commune">SAINT-FIRMIN</SimpleData>
					<SimpleData name="Adresse">BOIS DE CLARA</SimpleData>
					<SimpleData name="Groupe de personne">Commune</SimpleData>
					<SimpleData name="Forme Juridique Abregee">COM</SimpleData>
					<SimpleData name="Denomination">COMMUNE DE SAINT FIRMIN</SimpleData>
				</SchemaData>
			</ExtendedData>
	<Region>
		<LatLonAltBox>
			<north> 44.7948333033979 </north>
			<south> 44.7929943901042 </south>
			<east> 5.99567747564036 </east>
			<west> 5.98849252537569 </west>
		</LatLonAltBox>
		<Lod>
			<minLodPixels>100</minLodPixels>
			<maxLodPixels>-1</maxLodPixels>
		</Lod>
	</Region>
			<Polygon><altitudeMode>relativeToGround</altitudeMode>
				<outerBoundaryIs>
					<LinearRing>
						<coordinates>							5.988531177199451,44.7934473287379,0 5.988527333186719,44.7937033957529,0 5.98849252537569,44.7941909440055,0 5.98855581538032,44.794167614473,0 5.988612044791981,44.7941614133719,0 5.988668929669569,44.7941675377542,0 5.988772641130181,44.7941905088139,0 5.98885580928667,44.7942221423969,0 5.98895277187792,44.7943204355608,0 5.988995030783381,44.7943489376729,0 5.98906833158741,44.7943782244017,0 5.98914596480672,44.7943985648144,0 5.98925185262088,44.7944172422281,0 5.98946994311686,44.7944401011327,0 5.98961831826055,44.7944939410948,0 5.98981190864893,44.794491512414,0 5.989886263811651,44.7944977956209,0 5.9899731267461,44.7945108589899,0 5.99013878245635,44.7945232383025,0 5.99018137215895,44.7945341622778,0 5.99026472164062,44.7945715561164,0 5.99031726246937,44.7945840135092,0 5.99045851474649,44.7946014654297,0 5.99067798077073,44.7946620352518,0 5.99080895535386,44.7946551677353,0 5.99090209182304,44.7946505824198,0 5.991022024439279,44.7946573468614,0 5.99119652903472,44.7946648008183,0 5.991551356946379,44.7947272118588,0 5.99178239845602,44.7947461128812,0 5.99192456049543,44.7947758816106,0 5.992082951241401,44.7948086357495,0 5.99215206560355,44.7948186627827,0 5.99225338206274,44.7948251175733,0 5.99243741634175,44.7948333033979,0 5.992413043801401,44.7946583634484,0 5.99235669722744,44.7943296812561,0 5.99245179649631,44.7942740470615,0 5.99264012675916,44.7941585943259,0 5.99290944037674,44.7940931204181,0 5.99301284636739,44.7940723089364,0 5.99302967912336,44.7941436612629,0 5.993103694728079,44.7941554473609,0 5.993145191975261,44.7941268473673,0 5.99318162337184,44.7941076640903,0 5.99333029896858,44.794062565139,0 5.99341386014477,44.794039766497,0 5.99349531599275,44.7940249531369,0 5.99359326073986,44.794015640751,0 5.99367891389498,44.7940154897123,0 5.99364194825388,44.7939106247665,0 5.99442955284534,44.7937743868337,0 5.99459973353734,44.793750598605,0 5.99523898302427,44.7937794554341,0 5.995646282208221,44.7938007929055,0 5.995670697718201,44.7933117197348,0 5.99567747564036,44.7931279198357,0 5.995582435824089,44.7931276053705,0 5.99550892915624,44.7931324750538,0 5.995046600390611,44.793201459355,0 5.9946844677323,44.793248814365,0 5.994573990793549,44.7932532407433,0 5.9944728159184,44.7932493971182,0 5.99436032769863,44.7932398225719,0 5.99408786485165,44.7932080810395,0 5.99398031216592,44.7932008954894,0 5.993818398931969,44.7931850873492,0 5.99360396126031,44.7931357401788,0 5.99344690524997,44.7931232239819,0 5.99328596306972,44.7931090105848,0 5.99302699202509,44.7930953718874,0 5.992392389170289,44.7929943901042,0 5.9923800886333,44.7930152641619,0 5.992308661600999,44.7932920765283,0 5.99227705004924,44.7933756384077,0 5.99197031911968,44.7934631133254,0 5.991752222078399,44.7935208958393,0 5.99144659012465,44.7935743732822,0 5.99079382139907,44.7944064596776,0 5.99008946186905,44.7942122048669,0 5.990124148250411,44.79358708197,0 5.98998596457113,44.7935820703077,0 5.98989803871761,44.7935751622108,0 5.989772759952441,44.7936081831897,0 5.98965046053823,44.7934855274018,0 5.989131642379921,44.7934108653769,0 5.988849186403389,44.7934838020568,0 5.988715872904661,44.7934371231343,0 5.988531177199451,44.7934473287379,0 
						</coordinates>
					</LinearRing>
				</outerBoundaryIs>
			</Polygon>
		</Placemark>
		<Placemark id="parcelles-des-personnes-morales_05_groupe_personne_4.52117">
		<styleUrl>#COM</styleUrl>			<visibility>0</visibility>
			<ExtendedData>
				<SchemaData schemaUrl="#parcelles-des-personnes-morales_05_groupe_personne_4.schema">
					<SimpleData name="Numero de Parcelle">05142000AE0028</SimpleData>
					<SimpleData name="Departement">05</SimpleData>
					<SimpleData name="Commune">SAINT-FIRMIN</SimpleData>
					<SimpleData name="Adresse">LA VILLETTE</SimpleData>
					<SimpleData name="Groupe de personne">Commune</SimpleData>
					<SimpleData name="Forme Juridique Abregee">COM</SimpleData>
					<SimpleData name="Denomination">COMMUNE DE SAINT FIRMIN</SimpleData>
				</SchemaData>
			</ExtendedData>
	<Region>
		<LatLonAltBox>
			<north> 44.7813877295945 </north>
			<south> 44.7811560876462 </south>
			<east> 6.02567832934772 </east>
			<west> 6.02525614938239 </west>
		</LatLonAltBox>
		<Lod>
			<minLodPixels>100</minLodPixels>
			<maxLodPixels>-1</maxLodPixels>
		</Lod>
	</Region>
			<Polygon><altitudeMode>relativeToGround</altitudeMode>
				<outerBoundaryIs>
					<LinearRing>
						<coordinates>							6.025610541828379,44.7813877295945,0 6.02567832934772,44.7812017195524,0 6.02550047259241,44.7811572021823,0 6.02530698862122,44.7811560876462,0 6.02525614938239,44.7813232548617,0 6.025610541828379,44.7813877295945,0 
						</coordinates>
					</LinearRing>
				</outerBoundaryIs>
			</Polygon>
		</Placemark>
		<Placemark id="parcelles-des-personnes-morales_05_groupe_personne_4.52175">
		<styleUrl>#COM</styleUrl>			<visibility>0</visibility>
			<ExtendedData>
				<SchemaData schemaUrl="#parcelles-des-personnes-morales_05_groupe_personne_4.schema">
					<SimpleData name="Numero de Parcelle">051420000D0028</SimpleData>
					<SimpleData name="Departement">05</SimpleData>
					<SimpleData name="Commune">SAINT-FIRMIN</SimpleData>
					<SimpleData name="Adresse">LA LAUZIERE</SimpleData>
					<SimpleData name="Groupe de personne">Commune</SimpleData>
					<SimpleData name="Forme Juridique Abregee">COM</SimpleData>
					<SimpleData name="Denomination">COMMUNE DE SAINT FIRMIN</SimpleData>
				</SchemaData>
			</ExtendedData>
	<Region>
		<LatLonAltBox>
			<north> 44.8060165039197 </north>
			<south> 44.8022915227914 </south>
			<east> 6.042774728799629 </east>
			<west> 6.03903721016323 </west>
		</LatLonAltBox>
		<Lod>
			<minLodPixels>100</minLodPixels>
			<maxLodPixels>-1</maxLodPixels>
		</Lod>
	</Region>
			<Polygon><altitudeMode>relativeToGround</altitudeMode>
				<outerBoundaryIs>
					<LinearRing>
						<coordinates>							6.04167082162623,44.8031390550556,0 6.041121779352789,44.803547309436,0 6.04045044740799,44.8033937252312,0 6.04022820691313,44.8033444095778,0 6.040055896113619,44.8032916520005,0 6.0397328394913,44.8031730210304,0 6.039593930037799,44.8031294379438,0 6.03965713036809,44.8030297676999,0 6.039717245495619,44.8028169279009,0 6.03969280597523,44.8027207418992,0 6.039639938690531,44.8026183977806,0 6.03953852156212,44.8024958512435,0 6.03940750209952,44.8023828558388,0 6.039229058914611,44.8022915227914,0 6.03923988882804,44.8023864602027,0 6.03926191033538,44.8024590166017,0 6.039377804418851,44.8026386494327,0 6.039362007720309,44.8026952140352,0 6.03931353692471,44.8027700635091,0 6.039240158568009,44.8028640660656,0 6.03916814596663,44.8029622657669,0 6.03915500737209,44.8030165049972,0 6.03914213529031,44.8031341664183,0 6.03914235056363,44.8035335681715,0 6.03913088724409,44.8036421811135,0 6.03912322668673,44.8038585379981,0 6.039087278590801,44.803916916388,0 6.039075111714141,44.8039704081893,0 6.03903721016323,44.8040371291982,0 6.03914955246412,44.8042703784599,0 6.03924254050537,44.8044125278108,0 6.03948401076706,44.8047891877832,0 6.03958057160213,44.8049131291086,0 6.03963629375459,44.8050120614591,0 6.03969828823443,44.8050748723862,0 6.03984525768249,44.8051995036261,0 6.04001227046862,44.8053624176659,0 6.040227483379489,44.805674654943,0 6.040271442009339,44.8056801167466,0 6.04228955341677,44.8060165039197,0 6.042294141156891,44.805285495458,0 6.042516523293731,44.8049516126284,0 6.042774728799629,44.8045431352561,0 6.041560933159021,44.8041529791121,0 6.04167082162623,44.8031390550556,0 
						</coordinates>
					</LinearRing>
				</outerBoundaryIs>
				<innerBoundaryIs>
					<LinearRing>
						<coordinates>							6.03939169463861,44.8036230477327,0 6.03943363680254,44.803521077299,0 6.039442465071079,44.8033403674685,0 6.040684713901579,44.8037213861875,0 6.040119481736751,44.8046422910826,0 6.03938410488342,44.8043600834571,0 6.03940316930492,44.8042492798827,0 6.03939169463861,44.8036230477327,0 
						</coordinates>
					</LinearRing>
				</innerBoundaryIs>
			</Polygon>
		</Placemark>
		<Placemark id="parcelles-des-personnes-morales_05_groupe_personne_4.53456">
		<styleUrl>#COM</styleUrl>			<visibility>0</visibility>
			<ExtendedData>
				<SchemaData schemaUrl="#parcelles-des-personnes-morales_05_groupe_personne_4.schema">
					<SimpleData name="Numero de Parcelle">051420000A0029</SimpleData>
					<SimpleData name="Departement">05</SimpleData>
					<SimpleData name="Commune">SAINT-FIRMIN</SimpleData>
					<SimpleData name="Adresse">BOIS DE CLARA</SimpleData>
					<SimpleData name="Groupe de personne">Commune</SimpleData>
					<SimpleData name="Forme Juridique Abregee">COM</SimpleData>
					<SimpleData name="Denomination">COMMUNE DE SAINT FIRMIN</SimpleData>
				</SchemaData>
			</ExtendedData>
	<Region>
		<LatLonAltBox>
			<north> 44.7935500524984 </north>
			<south> 44.7929921302225 </south>
			<east> 5.99233407983558 </east>
			<west> 5.9914664259501 </west>
		</LatLonAltBox>
		<Lod>
			<minLodPixels>100</minLodPixels>
			<maxLodPixels>-1</maxLodPixels>
		</Lod>
	</Region>
			<Polygon><altitudeMode>relativeToGround</altitudeMode>
				<outerBoundaryIs>
					<LinearRing>
						<coordinates>							5.99189023785754,44.7930283977351,0 5.9914664259501,44.7935500524984,0 5.991556542134,44.793533925669,0 5.991921560978409,44.7934551495469,0 5.99203539799052,44.793423516117,0 5.99223947825158,44.7933425061783,0 5.99226887416819,44.7933028810608,0 5.99228558983736,44.7932532371754,0 5.99233407983558,44.79306605928,0 5.992332366130219,44.7930196158173,0 5.99230256035011,44.7929921302225,0 5.992194474733461,44.7929963094875,0 5.99204198383904,44.7930196165279,0 5.99191149036005,44.7930378247576,0 5.99189023785754,44.7930283977351,0 
						</coordinates>
					</LinearRing>
				</outerBoundaryIs>
			</Polygon>
		</Placemark>
		<Placemark id="parcelles-des-personnes-morales_05_groupe_personne_4.55063">
		<styleUrl>#COM</styleUrl>			<visibility>0</visibility>
			<ExtendedData>
				<SchemaData schemaUrl="#parcelles-des-personnes-morales_05_groupe_personne_4.schema">
					<SimpleData name="Numero de Parcelle">05142000AE0003</SimpleData>
					<SimpleData name="Departement">05</SimpleData>
					<SimpleData name="Commune">SAINT-FIRMIN</SimpleData>
					<SimpleData name="Adresse">LA VILLETTE</SimpleData>
					<SimpleData name="Groupe de personne">Commune</SimpleData>
					<SimpleData name="Forme Juridique Abregee">COM</SimpleData>
					<SimpleData name="Denomination">COMMUNE DE SAINT FIRMIN</SimpleData>
				</SchemaData>
			</ExtendedData>
	<Region>
		<LatLonAltBox>
			<north> 44.7819027729824 </north>
			<south> 44.781855673441 </south>
			<east> 6.02436712190851 </east>
			<west> 6.024276541498459 </west>
		</LatLonAltBox>
		<Lod>
			<minLodPixels>100</minLodPixels>
			<maxLodPixels>-1</maxLodPixels>
		</Lod>
	</Region>
			<Polygon><altitudeMode>relativeToGround</altitudeMode>
				<outerBoundaryIs>
					<LinearRing>
						<coordinates>							6.02436712190851,44.7818789162613,0 6.02429110682074,44.781855673441,0 6.024276541498459,44.7818788655888,0 6.02435461645138,44.7819027729824,0 6.02436712190851,44.7818789162613,0 
						</coordinates>
					</LinearRing>
				</outerBoundaryIs>
			</Polygon>
		</Placemark>
		<Placemark id="parcelles-des-personnes-morales_05_groupe_personne_4.55230">
		<styleUrl>#COM</styleUrl>			<visibility>0</visibility>
			<ExtendedData>
				<SchemaData schemaUrl="#parcelles-des-personnes-morales_05_groupe_personne_4.schema">
					<SimpleData name="Numero de Parcelle">05142000AC0030</SimpleData>
					<SimpleData name="Departement">05</SimpleData>
					<SimpleData name="Commune">SAINT-FIRMIN</SimpleData>
					<SimpleData name="Adresse">LA BROUE</SimpleData>
					<SimpleData name="Groupe de personne">Commune</SimpleData>
					<SimpleData name="Forme Juridique Abregee">COM</SimpleData>
					<SimpleData name="Denomination">COMMUNE DE SAINT FIRMIN</SimpleData>
				</SchemaData>
			</ExtendedData>
	<Region>
		<LatLonAltBox>
			<north> 44.7811307254307 </north>
			<south> 44.7810451555261 </south>
			<east> 5.990852913051071 </east>
			<west> 5.99060908546238 </west>
		</LatLonAltBox>
		<Lod>
			<minLodPixels>100</minLodPixels>
			<maxLodPixels>-1</maxLodPixels>
		</Lod>
	</Region>
			<Polygon><altitudeMode>relativeToGround</altitudeMode>
				<outerBoundaryIs>
					<LinearRing>
						<coordinates>							5.99069091501067,44.781109965185,0 5.99084306223763,44.7811307254307,0 5.990852913051071,44.7810781138235,0 5.990638637378671,44.7810451555261,0 5.99060908546238,44.781110281545,0 5.99069091501067,44.781109965185,0 
						</coordinates>
					</LinearRing>
				</outerBoundaryIs>
			</Polygon>
		</Placemark>
		<Placemark id="parcelles-des-personnes-morales_05_groupe_personne_4.55236">
		<styleUrl>#COM</styleUrl>			<visibility>0</visibility>
			<ExtendedData>
				<SchemaData schemaUrl="#parcelles-des-personnes-morales_05_groupe_personne_4.schema">
					<SimpleData name="Numero de Parcelle">05142000AE0030</SimpleData>
					<SimpleData name="Departement">05</SimpleData>
					<SimpleData name="Commune">SAINT-FIRMIN</SimpleData>
					<SimpleData name="Adresse">LE BOURG</SimpleData>
					<SimpleData name="Groupe de personne">Commune</SimpleData>
					<SimpleData name="Forme Juridique Abregee">COM</SimpleData>
					<SimpleData name="Denomination">COMMUNE DE SAINT FIRMIN</SimpleData>
				</SchemaData>
			</ExtendedData>
	<Region>
		<LatLonAltBox>
			<north> 44.781747759781 </north>
			<south> 44.7812372725672 </south>
			<east> 6.02594829140741 </east>
			<west> 6.025574657980131 </west>
		</LatLonAltBox>
		<Lod>
			<minLodPixels>100</minLodPixels>
			<maxLodPixels>-1</maxLodPixels>
		</Lod>
	</Region>
			<Polygon><altitudeMode>relativeToGround</altitudeMode>
				<outerBoundaryIs>
					<LinearRing>
						<coordinates>							6.02586129868689,44.781747759781,0 6.02594829140741,44.7817023177912,0 6.02594481822881,44.7816988988281,0 6.02590739946373,44.7816664944136,0 6.025944132449861,44.7816462105262,0 6.025859415919499,44.7815647331128,0 6.02587315642111,44.7815591322695,0 6.02582224468902,44.7815063738435,0 6.02584336090099,44.7814967875158,0 6.02573126043413,44.781317851504,0 6.02578690955216,44.7812541647805,0 6.02575222373885,44.7812372725672,0 6.02569168044612,44.7813110937207,0 6.02568692345151,44.7813425775218,0 6.025686331756239,44.7813644873607,0 6.02561303749178,44.7813964910061,0 6.025574657980131,44.7814143871067,0 6.02573465641436,44.781597151026,0 6.02572433618684,44.7816028386592,0 6.0257454031657,44.7816252382983,0 6.025799593577571,44.7816825022106,0 6.02586129868689,44.781747759781,0 
						</coordinates>
					</LinearRing>
				</outerBoundaryIs>
			</Polygon>
		</Placemark>
		<Placemark id="parcelles-des-personnes-morales_05_groupe_personne_4.55237">
		<styleUrl>#COM</styleUrl>			<visibility>0</visibility>
			<ExtendedData>
				<SchemaData schemaUrl="#parcelles-des-personnes-morales_05_groupe_personne_4.schema">
					<SimpleData name="Numero de Parcelle">05142000AH0030</SimpleData>
					<SimpleData name="Departement">05</SimpleData>
					<SimpleData name="Commune">SAINT-FIRMIN</SimpleData>
					<SimpleData name="Adresse">VIALARD</SimpleData>
					<SimpleData name="Groupe de personne">Commune</SimpleData>
					<SimpleData name="Forme Juridique Abregee">COM</SimpleData>
					<SimpleData name="Denomination">COMMUNE DE SAINT FIRMIN</SimpleData>
				</SchemaData>
			</ExtendedData>
	<Region>
		<LatLonAltBox>
			<north> 44.7843330808761 </north>
			<south> 44.7835707341443 </south>
			<east> 6.03670678663569 </east>
			<west> 6.03598243264222 </west>
		</LatLonAltBox>
		<Lod>
			<minLodPixels>100</minLodPixels>
			<maxLodPixels>-1</maxLodPixels>
		</Lod>
	</Region>
			<Polygon><altitudeMode>relativeToGround</altitudeMode>
				<outerBoundaryIs>
					<LinearRing>
						<coordinates>							6.03601498080064,44.7842185730757,0 6.03604439049787,44.784266510391,0 6.03606127001108,44.7843330808761,0 6.036159543497189,44.7841475796544,0 6.03619041482221,44.7841195242661,0 6.036405285676069,44.7840292153102,0 6.03642648809751,44.783995478305,0 6.03645316510126,44.7838991533692,0 6.03655720998028,44.7837924194896,0 6.036621502301159,44.7837226338025,0 6.03670678663569,44.7835707341443,0 6.03661156448061,44.7836183023205,0 6.03652824576421,44.7836707699341,0 6.036470575174641,44.7837132546277,0 6.03633757828661,44.7838437566708,0 6.03598243264222,44.7841898225107,0 6.03601498080064,44.7842185730757,0 
						</coordinates>
					</LinearRing>
				</outerBoundaryIs>
			</Polygon>
		</Placemark>
		<Placemark id="parcelles-des-personnes-morales_05_groupe_personne_4.55289">
		<styleUrl>#COM</styleUrl>			<visibility>0</visibility>
			<ExtendedData>
				<SchemaData schemaUrl="#parcelles-des-personnes-morales_05_groupe_personne_4.schema">
					<SimpleData name="Numero de Parcelle">051420000D0030</SimpleData>
					<SimpleData name="Departement">05</SimpleData>
					<SimpleData name="Commune">SAINT-FIRMIN</SimpleData>
					<SimpleData name="Adresse">LA LAUZIERE</SimpleData>
					<SimpleData name="Groupe de personne">Commune</SimpleData>
					<SimpleData name="Forme Juridique Abregee">COM</SimpleData>
					<SimpleData name="Denomination">COMMUNE DE SAINT FIRMIN</SimpleData>
				</SchemaData>
			</ExtendedData>
	<Region>
		<LatLonAltBox>
			<north> 44.805669238312 </north>
			<south> 44.804690686929 </south>
			<east> 6.04017859137663 </east>
			<west> 6.039134412028301 </west>
		</LatLonAltBox>
		<Lod>
			<minLodPixels>100</minLodPixels>
			<maxLodPixels>-1</maxLodPixels>
		</Lod>
	</Region>
			<Polygon><altitudeMode>relativeToGround</altitudeMode>
				<outerBoundaryIs>
					<LinearRing>
						<coordinates>							6.03914914399627,44.8054724874949,0 6.04017859137663,44.805669238312,0 6.04012170202248,44.8055815104317,0 6.039979644150001,44.805386287533,0 6.03984698271042,44.8052571195668,0 6.03967724043969,44.8051115791154,0 6.03958595542853,44.8050266861745,0 6.03935668095591,44.804690686929,0 6.039352959666609,44.8047880055345,0 6.03934775279625,44.8048391441962,0 6.039304457265371,44.8049980040472,0 6.039134412028301,44.8054738824417,0 6.03914914399627,44.8054724874949,0 
						</coordinates>
					</LinearRing>
				</outerBoundaryIs>
			</Polygon>
		</Placemark>
		<Placemark id="parcelles-des-personnes-morales_05_groupe_personne_4.55955">
		<styleUrl>#COM</styleUrl>			<visibility>0</visibility>
			<ExtendedData>
				<SchemaData schemaUrl="#parcelles-des-personnes-morales_05_groupe_personne_4.schema">
					<SimpleData name="Numero de Parcelle">05142000AC0305</SimpleData>
					<SimpleData name="Departement">05</SimpleData>
					<SimpleData name="Commune">SAINT-FIRMIN</SimpleData>
					<SimpleData name="Adresse">L ISCLE</SimpleData>
					<SimpleData name="Groupe de personne">Commune</SimpleData>
					<SimpleData name="Forme Juridique Abregee">COM</SimpleData>
					<SimpleData name="Denomination">COMMUNE DE SAINT FIRMIN</SimpleData>
				</SchemaData>
			</ExtendedData>
	<Region>
		<LatLonAltBox>
			<north> 44.7774524982643 </north>
			<south> 44.7767192676277 </south>
			<east> 5.99941053958692 </east>
			<west> 5.9992686503682 </west>
		</LatLonAltBox>
		<Lod>
			<minLodPixels>100</minLodPixels>
			<maxLodPixels>-1</maxLodPixels>
		</Lod>
	</Region>
			<Polygon><altitudeMode>relativeToGround</altitudeMode>
				<outerBoundaryIs>
					<LinearRing>
						<coordinates>							5.9992686503682,44.7774524982643,0 5.99941053958692,44.7774518110146,0 5.999370037674581,44.7767496165138,0 5.999286325094659,44.7767192676277,0 5.9992686503682,44.7774524982643,0 
						</coordinates>
					</LinearRing>
				</outerBoundaryIs>
			</Polygon>
		</Placemark>
		<Placemark id="parcelles-des-personnes-morales_05_groupe_personne_4.56606">
		<styleUrl>#COM</styleUrl>			<visibility>0</visibility>
			<ExtendedData>
				<SchemaData schemaUrl="#parcelles-des-personnes-morales_05_groupe_personne_4.schema">
					<SimpleData name="Numero de Parcelle">05142000AE0031</SimpleData>
					<SimpleData name="Departement">05</SimpleData>
					<SimpleData name="Commune">SAINT-FIRMIN</SimpleData>
					<SimpleData name="Adresse">110, RUE PIERRE MONDON</SimpleData>
					<SimpleData name="Groupe de personne">Commune</SimpleData>
					<SimpleData name="Forme Juridique Abregee">COM</SimpleData>
					<SimpleData name="Denomination">COMMUNE DE SAINT FIRMIN</SimpleData>
				</SchemaData>
			</ExtendedData>
	<Region>
		<LatLonAltBox>
			<north> 44.7817023177912 </north>
			<south> 44.7812362934993 </south>
			<east> 6.02622598969865 </east>
			<west> 6.02573126043413 </west>
		</LatLonAltBox>
		<Lod>
			<minLodPixels>100</minLodPixels>
			<maxLodPixels>-1</maxLodPixels>
		</Lod>
	</Region>
			<Polygon><altitudeMode>relativeToGround</altitudeMode>
				<outerBoundaryIs>
					<LinearRing>
						<coordinates>							6.02601403588434,44.7816992611845,0 6.026125203239451,44.7816282019149,0 6.02622598969865,44.7815758059049,0 6.026180692599359,44.7815310030796,0 6.026188903707719,44.7815284363137,0 6.02616856505056,44.7815078188164,0 6.02620257094196,44.7814956279875,0 6.02599265474995,44.7812362934993,0 6.025953425939889,44.7812501585416,0 6.02591120906111,44.7812649160388,0 6.02590566639112,44.7812606526104,0 6.02588516974898,44.7812558965367,0 6.025844473106159,44.7812730451285,0 6.02573126043413,44.781317851504,0 6.02584336090099,44.7814967875158,0 6.02582224468902,44.7815063738435,0 6.02587315642111,44.7815591322695,0 6.025859415919499,44.7815647331128,0 6.025944132449861,44.7816462105262,0 6.02590739946373,44.7816664944136,0 6.02594481822881,44.7816988988281,0 6.02594829140741,44.7817023177912,0 6.02601403588434,44.7816992611845,0 
						</coordinates>
					</LinearRing>
				</outerBoundaryIs>
			</Polygon>
		</Placemark>
		<Placemark id="parcelles-des-personnes-morales_05_groupe_personne_4.57249">
		<styleUrl>#COM</styleUrl>			<visibility>0</visibility>
			<ExtendedData>
				<SchemaData schemaUrl="#parcelles-des-personnes-morales_05_groupe_personne_4.schema">
					<SimpleData name="Numero de Parcelle">05142000AE0315</SimpleData>
					<SimpleData name="Departement">05</SimpleData>
					<SimpleData name="Commune">SAINT-FIRMIN</SimpleData>
					<SimpleData name="Adresse">SOUS LE CANAL</SimpleData>
					<SimpleData name="Groupe de personne">Commune</SimpleData>
					<SimpleData name="Forme Juridique Abregee">COM</SimpleData>
					<SimpleData name="Denomination">COMMUNE DE SAINT FIRMIN</SimpleData>
				</SchemaData>
			</ExtendedData>
	<Region>
		<LatLonAltBox>
			<north> 44.7791014714617 </north>
			<south> 44.7786292060168 </south>
			<east> 6.027839164679881 </east>
			<west> 6.02740216635049 </west>
		</LatLonAltBox>
		<Lod>
			<minLodPixels>100</minLodPixels>
			<maxLodPixels>-1</maxLodPixels>
		</Lod>
	</Region>
			<Polygon><altitudeMode>relativeToGround</altitudeMode>
				<outerBoundaryIs>
					<LinearRing>
						<coordinates>							6.02777028037023,44.7791013499813,0 6.027839164679881,44.7791002786594,0 6.027836220168751,44.7789258402903,0 6.027834846546149,44.7789167779782,0 6.02757904542648,44.778705010652,0 6.027444830455719,44.7786298423465,0 6.02740216635049,44.7786292060168,0 6.02740270731681,44.7786509948209,0 6.027408774248979,44.778690832338,0 6.02741402302965,44.7787107806702,0 6.02742558608504,44.778739926627,0 6.02744989567781,44.7787779142764,0 6.027485475525869,44.7788208196571,0 6.02757562040407,44.7789115175256,0 6.02765984372661,44.7790003048833,0 6.02768432416688,44.7790344136326,0 6.027726265224009,44.7791014714617,0 6.02777028037023,44.7791013499813,0 
						</coordinates>
					</LinearRing>
				</outerBoundaryIs>
				<innerBoundaryIs>
					<LinearRing>
						<coordinates>							6.02775414654527,44.7789943946191,0 6.027711102930061,44.778960883191,0 6.027735478743441,44.7789437293227,0 6.02778014504498,44.7789768360131,0 6.02775414654527,44.7789943946191,0 
						</coordinates>
					</LinearRing>
				</innerBoundaryIs>
			</Polygon>
		</Placemark>
		<Placemark id="parcelles-des-personnes-morales_05_groupe_personne_4.57277">
		<styleUrl>#COM</styleUrl>			<visibility>0</visibility>
			<ExtendedData>
				<SchemaData schemaUrl="#parcelles-des-personnes-morales_05_groupe_personne_4.schema">
					<SimpleData name="Numero de Parcelle">051420000D0315</SimpleData>
					<SimpleData name="Departement">05</SimpleData>
					<SimpleData name="Commune">SAINT-FIRMIN</SimpleData>
					<SimpleData name="Adresse">LES CAIRES</SimpleData>
					<SimpleData name="Groupe de personne">Commune</SimpleData>
					<SimpleData name="Forme Juridique Abregee">COM</SimpleData>
					<SimpleData name="Denomination">COMMUNE DE SAINT FIRMIN</SimpleData>
				</SchemaData>
			</ExtendedData>
	<Region>
		<LatLonAltBox>
			<north> 44.7996615728906 </north>
			<south> 44.7982851202442 </south>
			<east> 6.03607085201477 </east>
			<west> 6.03566970322873 </west>
		</LatLonAltBox>
		<Lod>
			<minLodPixels>100</minLodPixels>
			<maxLodPixels>-1</maxLodPixels>
		</Lod>
	</Region>
			<Polygon><altitudeMode>relativeToGround</altitudeMode>
				<outerBoundaryIs>
					<LinearRing>
						<coordinates>							6.03566970322873,44.7992026259681,0 6.03572542731809,44.7992737192739,0 6.035736794842871,44.7993154839406,0 6.03575175429031,44.7994588713975,0 6.03581916222835,44.7995635217196,0 6.03584177586617,44.7996143486298,0 6.03601567031804,44.7996615728906,0 6.03595039487624,44.7994863171645,0 6.035928091812319,44.7993779989503,0 6.03591054110473,44.7991632344001,0 6.03596198565054,44.7988412551375,0 6.03596928368574,44.7986507673352,0 6.03598086377434,44.7985301687519,0 6.03607085201477,44.7983454349108,0 6.03603608413222,44.7982851202442,0 6.0359774165338,44.7983328574888,0 6.03594744612781,44.7983660236731,0 6.03585178597791,44.7985488404787,0 6.03585770611322,44.7986865289523,0 6.03582447971208,44.7987906016485,0 6.03579269195729,44.7989447296708,0 6.03576801869262,44.7990431622025,0 6.03572997081815,44.799130608604,0 6.03570143839369,44.7991693214383,0 6.03566970322873,44.7992026259681,0 
						</coordinates>
					</LinearRing>
				</outerBoundaryIs>
			</Polygon>
		</Placemark>
		<Placemark id="parcelles-des-personnes-morales_05_groupe_personne_4.57351">
		<styleUrl>#COM</styleUrl>			<visibility>0</visibility>
			<ExtendedData>
				<SchemaData schemaUrl="#parcelles-des-personnes-morales_05_groupe_personne_4.schema">
					<SimpleData name="Numero de Parcelle">05142000AE0316</SimpleData>
					<SimpleData name="Departement">05</SimpleData>
					<SimpleData name="Commune">SAINT-FIRMIN</SimpleData>
					<SimpleData name="Adresse">SOUS LE CANAL</SimpleData>
					<SimpleData name="Groupe de personne">Commune</SimpleData>
					<SimpleData name="Forme Juridique Abregee">COM</SimpleData>
					<SimpleData name="Denomination">COMMUNE DE SAINT FIRMIN</SimpleData>
				</SchemaData>
			</ExtendedData>
	<Region>
		<LatLonAltBox>
			<north> 44.7789943946191 </north>
			<south> 44.7789437293227 </south>
			<east> 6.02778014504498 </east>
			<west> 6.027711102930061 </west>
		</LatLonAltBox>
		<Lod>
			<minLodPixels>100</minLodPixels>
			<maxLodPixels>-1</maxLodPixels>
		</Lod>
	</Region>
			<Polygon><altitudeMode>relativeToGround</altitudeMode>
				<outerBoundaryIs>
					<LinearRing>
						<coordinates>							6.02775414654527,44.7789943946191,0 6.02778014504498,44.7789768360131,0 6.027735478743441,44.7789437293227,0 6.027711102930061,44.778960883191,0 6.02775414654527,44.7789943946191,0 
						</coordinates>
					</LinearRing>
				</outerBoundaryIs>
			</Polygon>
		</Placemark>
		<Placemark id="parcelles-des-personnes-morales_05_groupe_personne_4.57643">
		<styleUrl>#COM</styleUrl>			<visibility>0</visibility>
			<ExtendedData>
				<SchemaData schemaUrl="#parcelles-des-personnes-morales_05_groupe_personne_4.schema">
					<SimpleData name="Numero de Parcelle">05142000AE0319</SimpleData>
					<SimpleData name="Departement">05</SimpleData>
					<SimpleData name="Commune">SAINT-FIRMIN</SimpleData>
					<SimpleData name="Adresse">SOUS LE CANAL</SimpleData>
					<SimpleData name="Groupe de personne">Commune</SimpleData>
					<SimpleData name="Forme Juridique Abregee">COM</SimpleData>
					<SimpleData name="Denomination">COMMUNE DE SAINT FIRMIN</SimpleData>
				</SchemaData>
			</ExtendedData>
	<Region>
		<LatLonAltBox>
			<north> 44.7799435145126 </north>
			<south> 44.7791013499813 </south>
			<east> 6.02779643807159 </east>
			<west> 6.02759563706366 </west>
		</LatLonAltBox>
		<Lod>
			<minLodPixels>100</minLodPixels>
			<maxLodPixels>-1</maxLodPixels>
		</Lod>
	</Region>
			<Polygon><altitudeMode>relativeToGround</altitudeMode>
				<outerBoundaryIs>
					<LinearRing>
						<coordinates>							6.02779643807159,44.7794812971495,0 6.02777028037023,44.7791013499813,0 6.027726265224009,44.7791014714617,0 6.02773835494752,44.7794339612475,0 6.027732855524,44.7795737626261,0 6.02759563706366,44.779938442357,0 6.02763752907997,44.7799435145126,0 6.02764454202931,44.7799257538903,0 6.02770075402526,44.779771592868,0 6.02775123568859,44.7796331752563,0 6.0277794218769,44.7795716793976,0 6.02779643807159,44.7794812971495,0 
						</coordinates>
					</LinearRing>
				</outerBoundaryIs>
			</Polygon>
		</Placemark>
		<Placemark id="parcelles-des-personnes-morales_05_groupe_personne_4.57839">
		<styleUrl>#COM</styleUrl>			<visibility>0</visibility>
			<ExtendedData>
				<SchemaData schemaUrl="#parcelles-des-personnes-morales_05_groupe_personne_4.schema">
					<SimpleData name="Numero de Parcelle">05142000AE0032</SimpleData>
					<SimpleData name="Departement">05</SimpleData>
					<SimpleData name="Commune">SAINT-FIRMIN</SimpleData>
					<SimpleData name="Adresse">LE BOURG</SimpleData>
					<SimpleData name="Groupe de personne">Commune</SimpleData>
					<SimpleData name="Forme Juridique Abregee">COM</SimpleData>
					<SimpleData name="Denomination">COMMUNE DE SAINT FIRMIN</SimpleData>
				</SchemaData>
			</ExtendedData>
	<Region>
		<LatLonAltBox>
			<north> 44.7814956279875 </north>
			<south> 44.7812105248 </south>
			<east> 6.0264234612229 </east>
			<west> 6.02599265474995 </west>
		</LatLonAltBox>
		<Lod>
			<minLodPixels>100</minLodPixels>
			<maxLodPixels>-1</maxLodPixels>
		</Lod>
	</Region>
			<Polygon><altitudeMode>relativeToGround</altitudeMode>
				<outerBoundaryIs>
					<LinearRing>
						<coordinates>							6.02620257094196,44.7814956279875,0 6.026308738818001,44.781451554102,0 6.02640513080778,44.7814115311888,0 6.02641751077736,44.7814065080174,0 6.0264234612229,44.7813831003541,0 6.02639345376272,44.7813661706625,0 6.02615456588832,44.7812289890062,0 6.02606527222858,44.7812105248,0 6.02599265474995,44.7812362934993,0 6.02620257094196,44.7814956279875,0 
						</coordinates>
					</LinearRing>
				</outerBoundaryIs>
			</Polygon>
		</Placemark>
		<Placemark id="parcelles-des-personnes-morales_05_groupe_personne_4.58774">
		<styleUrl>#COM</styleUrl>			<visibility>0</visibility>
			<ExtendedData>
				<SchemaData schemaUrl="#parcelles-des-personnes-morales_05_groupe_personne_4.schema">
					<SimpleData name="Numero de Parcelle">05142000AD0328</SimpleData>
					<SimpleData name="Departement">05</SimpleData>
					<SimpleData name="Commune">SAINT-FIRMIN</SimpleData>
					<SimpleData name="Adresse">COSTE CHASTELLANNE</SimpleData>
					<SimpleData name="Groupe de personne">Commune</SimpleData>
					<SimpleData name="Forme Juridique Abregee">COM</SimpleData>
					<SimpleData name="Denomination">COMMUNE DE SAINT FIRMIN</SimpleData>
				</SchemaData>
			</ExtendedData>
	<Region>
		<LatLonAltBox>
			<north> 44.7807597795071 </north>
			<south> 44.7786478559341 </south>
			<east> 6.01940935393019 </east>
			<west> 6.01247282360021 </west>
		</LatLonAltBox>
		<Lod>
			<minLodPixels>100</minLodPixels>
			<maxLodPixels>-1</maxLodPixels>
		</Lod>
	</Region>
			<Polygon><altitudeMode>relativeToGround</altitudeMode>
				<outerBoundaryIs>
					<LinearRing>
						<coordinates>							6.0129766101892,44.7807504381728,0 6.01336065618685,44.780651069906,0 6.01328250225011,44.7804745329615,0 6.01362647557177,44.780297869071,0 6.01390099261503,44.7801093083306,0 6.014110927037319,44.7799973740725,0 6.01403410349571,44.7799589200316,0 6.01396636381792,44.7798728278999,0 6.01405339522735,44.7798327101207,0 6.01424949062233,44.7798401700126,0 6.01445896106298,44.7797950995972,0 6.01444503474405,44.7798798091577,0 6.01439711794935,44.7799958961115,0 6.01458291067452,44.7801178786055,0 6.01466402424406,44.7802622596798,0 6.01486964733021,44.7802326997614,0 6.015040496568101,44.7801845345561,0 6.015262810520641,44.7804967981743,0 6.01508748378624,44.7805511220301,0 6.01530297672906,44.7807597795071,0 6.015336305952821,44.7807160765316,0 6.01544734759461,44.780621246122,0 6.01615006260359,44.7801874052431,0 6.01674650951626,44.7798926794597,0 6.01779597493994,44.7797516629027,0 6.0185398783055,44.7800406146869,0 6.01908485573273,44.7802174949037,0 6.01940935393019,44.779965931832,0 6.01843947125348,44.7794051919973,0 6.01891386787188,44.7788874546997,0 6.01910471836818,44.778679536569,0 6.01878601400522,44.7786478559341,0 6.01856088602808,44.7786532680471,0 6.01851967786628,44.7787221435756,0 6.017884542259329,44.7786775464133,0 6.016839904983069,44.7789552902035,0 6.01684139999442,44.7788275820533,0 6.01667251141331,44.7788697503879,0 6.01649822402784,44.7789008933994,0 6.01624532760049,44.7789428251858,0 6.016087811342661,44.7789564827067,0 6.015893968217421,44.7789626595849,0 6.01556723742317,44.7789747049757,0 6.01530558448103,44.7789925467144,0 6.01504912300882,44.7790152019082,0 6.014795292894359,44.7790421095649,0 6.01464727723679,44.7790725348592,0 6.01456419206364,44.7790871384547,0 6.01448222130363,44.7790965761473,0 6.014386277901501,44.779107294844,0 6.01414649129659,44.7791106640716,0 6.01400789402413,44.7791185783815,0 6.01391525215575,44.7791342522926,0 6.01374435089292,44.7791719659847,0 6.013781282861929,44.7792096130986,0 6.01359176194551,44.7792917101262,0 6.01335740286236,44.7793892614341,0 6.01349496355816,44.7794870597757,0 6.01324299578341,44.7796006764384,0 6.01301833940338,44.7797400383827,0 6.01296126332184,44.7796711345365,0 6.0129313223371,44.7797308719617,0 6.01287419847183,44.7798050431754,0 6.01278033315358,44.7799112066069,0 6.01268681159426,44.7799954670721,0 6.012610986447551,44.780048793618,0 6.01247282360021,44.7801403941027,0 6.0129766101892,44.7807504381728,0 
						</coordinates>
					</LinearRing>
				</outerBoundaryIs>
			</Polygon>
		</Placemark>
		<Placemark id="parcelles-des-personnes-morales_05_groupe_personne_4.59086">
		<styleUrl>#COM</styleUrl>			<visibility>0</visibility>
			<ExtendedData>
				<SchemaData schemaUrl="#parcelles-des-personnes-morales_05_groupe_personne_4.schema">
					<SimpleData name="Numero de Parcelle">05142000AE0033</SimpleData>
					<SimpleData name="Departement">05</SimpleData>
					<SimpleData name="Commune">SAINT-FIRMIN</SimpleData>
					<SimpleData name="Adresse">LE BOURG</SimpleData>
					<SimpleData name="Groupe de personne">Commune</SimpleData>
					<SimpleData name="Forme Juridique Abregee">COM</SimpleData>
					<SimpleData name="Denomination">COMMUNE DE SAINT FIRMIN</SimpleData>
				</SchemaData>
			</ExtendedData>
	<Region>
		<LatLonAltBox>
			<north> 44.7815758059049 </north>
			<south> 44.7813831003541 </south>
			<east> 6.0264851261436 </east>
			<west> 6.02616856505056 </west>
		</LatLonAltBox>
		<Lod>
			<minLodPixels>100</minLodPixels>
			<maxLodPixels>-1</maxLodPixels>
		</Lod>
	</Region>
			<Polygon><altitudeMode>relativeToGround</altitudeMode>
				<outerBoundaryIs>
					<LinearRing>
						<coordinates>							6.02620257094196,44.7814956279875,0 6.02616856505056,44.7815078188164,0 6.026188903707719,44.7815284363137,0 6.026180692599359,44.7815310030796,0 6.02622598969865,44.7815758059049,0 6.02634023471535,44.7815172760112,0 6.026381476550799,44.7814938055227,0 6.0264851261436,44.7814288075215,0 6.0264234612229,44.7813831003541,0 6.02641751077736,44.7814065080174,0 6.02640513080778,44.7814115311888,0 6.026308738818001,44.781451554102,0 6.02620257094196,44.7814956279875,0 
						</coordinates>
					</LinearRing>
				</outerBoundaryIs>
			</Polygon>
		</Placemark>
		<Placemark id="parcelles-des-personnes-morales_05_groupe_personne_4.59729">
		<styleUrl>#COM</styleUrl>			<visibility>0</visibility>
			<ExtendedData>
				<SchemaData schemaUrl="#parcelles-des-personnes-morales_05_groupe_personne_4.schema">
					<SimpleData name="Numero de Parcelle">051420000D0335</SimpleData>
					<SimpleData name="Departement">05</SimpleData>
					<SimpleData name="Commune">SAINT-FIRMIN</SimpleData>
					<SimpleData name="Adresse">LA SALETTE ET LES CASSES</SimpleData>
					<SimpleData name="Groupe de personne">Commune</SimpleData>
					<SimpleData name="Forme Juridique Abregee">COM</SimpleData>
					<SimpleData name="Denomination">COMMUNE DE SAINT FIRMIN</SimpleData>
				</SchemaData>
			</ExtendedData>
	<Region>
		<LatLonAltBox>
			<north> 44.8011033552349 </north>
			<south> 44.8004404338087 </south>
			<east> 6.035132936323699 </east>
			<west> 6.0346077412113 </west>
		</LatLonAltBox>
		<Lod>
			<minLodPixels>100</minLodPixels>
			<maxLodPixels>-1</maxLodPixels>
		</Lod>
	</Region>
			<Polygon><altitudeMode>relativeToGround</altitudeMode>
				<outerBoundaryIs>
					<LinearRing>
						<coordinates>							6.034918190937431,44.8004404338087,0 6.03484192251135,44.8004435129521,0 6.0346077412113,44.800500829607,0 6.034916393127361,44.8008546656468,0 6.035132936323699,44.8011033552349,0 6.03500669760206,44.8008912058993,0 6.034968357401729,44.8008045897889,0 6.03491792155046,44.8006346033568,0 6.034918190937431,44.8004404338087,0 
						</coordinates>
					</LinearRing>
				</outerBoundaryIs>
			</Polygon>
		</Placemark>
		<Placemark id="parcelles-des-personnes-morales_05_groupe_personne_4.60099">
		<styleUrl>#COM</styleUrl>			<visibility>0</visibility>
			<ExtendedData>
				<SchemaData schemaUrl="#parcelles-des-personnes-morales_05_groupe_personne_4.schema">
					<SimpleData name="Numero de Parcelle">051420000D0339</SimpleData>
					<SimpleData name="Departement">05</SimpleData>
					<SimpleData name="Commune">SAINT-FIRMIN</SimpleData>
					<SimpleData name="Adresse">LA SALETTE ET LES CASSES</SimpleData>
					<SimpleData name="Groupe de personne">Commune</SimpleData>
					<SimpleData name="Forme Juridique Abregee">COM</SimpleData>
					<SimpleData name="Denomination">COMMUNE DE SAINT FIRMIN</SimpleData>
				</SchemaData>
			</ExtendedData>
	<Region>
		<LatLonAltBox>
			<north> 44.8020902316019 </north>
			<south> 44.8011033552349 </south>
			<east> 6.0356846262795 </east>
			<west> 6.035132936323699 </west>
		</LatLonAltBox>
		<Lod>
			<minLodPixels>100</minLodPixels>
			<maxLodPixels>-1</maxLodPixels>
		</Lod>
	</Region>
			<Polygon><altitudeMode>relativeToGround</altitudeMode>
				<outerBoundaryIs>
					<LinearRing>
						<coordinates>							6.035132936323699,44.8011033552349,0 6.035187538518021,44.8012450267231,0 6.035308845558821,44.8014947018322,0 6.03543545128284,44.8017089131519,0 6.03557177824016,44.8018781693008,0 6.035668277077941,44.8020902316019,0 6.03568381963278,44.8019984460668,0 6.0356846262795,44.8019501311635,0 6.035667115012,44.8019024079822,0 6.03563572321114,44.8018647955451,0 6.03554929027783,44.801782830167,0 6.035342380367511,44.8014946845904,0 6.03530006398662,44.801327449171,0 6.035268439687629,44.8012410096354,0 6.03523943487674,44.8011936912156,0 6.035132936323699,44.8011033552349,0 
						</coordinates>
					</LinearRing>
				</outerBoundaryIs>
			</Polygon>
		</Placemark>
		<Placemark id="parcelles-des-personnes-morales_05_groupe_personne_4.60170">
		<styleUrl>#COM</styleUrl>			<visibility>0</visibility>
			<ExtendedData>
				<SchemaData schemaUrl="#parcelles-des-personnes-morales_05_groupe_personne_4.schema">
					<SimpleData name="Numero de Parcelle">051420000A0034</SimpleData>
					<SimpleData name="Departement">05</SimpleData>
					<SimpleData name="Commune">SAINT-FIRMIN</SimpleData>
					<SimpleData name="Adresse">BOIS DE CLARA</SimpleData>
					<SimpleData name="Groupe de personne">Commune</SimpleData>
					<SimpleData name="Forme Juridique Abregee">COM</SimpleData>
					<SimpleData name="Denomination">COMMUNE DE SAINT FIRMIN</SimpleData>
				</SchemaData>
			</ExtendedData>
	<Region>
		<LatLonAltBox>
			<north> 44.794232931563 </north>
			<south> 44.7938662648281 </south>
			<east> 5.988041271997419 </east>
			<west> 5.98739191088362 </west>
		</LatLonAltBox>
		<Lod>
			<minLodPixels>100</minLodPixels>
			<maxLodPixels>-1</maxLodPixels>
		</Lod>
	</Region>
			<Polygon><altitudeMode>relativeToGround</altitudeMode>
				<outerBoundaryIs>
					<LinearRing>
						<coordinates>							5.988041271997419,44.794232931563,0 5.9880353795709,44.7941958806699,0 5.98790847039174,44.794091186323,0 5.98763365081521,44.7939103832334,0 5.987595894031859,44.7938975261184,0 5.98752209557476,44.7938778921643,0 5.98739191088362,44.7938662648281,0 5.98739414895524,44.7941582963483,0 5.987503214479591,44.7941534647455,0 5.987608133161041,44.7941563128894,0 5.9877206958007,44.7941649012422,0 5.9878476121349,44.7941864368033,0 5.988041271997419,44.794232931563,0 
						</coordinates>
					</LinearRing>
				</outerBoundaryIs>
			</Polygon>
		</Placemark>
		<Placemark id="parcelles-des-personnes-morales_05_groupe_personne_4.60644">
		<styleUrl>#COM</styleUrl>			<visibility>0</visibility>
			<ExtendedData>
				<SchemaData schemaUrl="#parcelles-des-personnes-morales_05_groupe_personne_4.schema">
					<SimpleData name="Numero de Parcelle">051420000D0343</SimpleData>
					<SimpleData name="Departement">05</SimpleData>
					<SimpleData name="Commune">SAINT-FIRMIN</SimpleData>
					<SimpleData name="Adresse">LA SALETTE ET LES CASSES</SimpleData>
					<SimpleData name="Groupe de personne">Commune</SimpleData>
					<SimpleData name="Forme Juridique Abregee">COM</SimpleData>
					<SimpleData name="Denomination">COMMUNE DE SAINT FIRMIN</SimpleData>
				</SchemaData>
			</ExtendedData>
	<Region>
		<LatLonAltBox>
			<north> 44.803393234975 </north>
			<south> 44.8020902316019 </south>
			<east> 6.03578304889971 </east>
			<west> 6.03495372175194 </west>
		</LatLonAltBox>
		<Lod>
			<minLodPixels>100</minLodPixels>
			<maxLodPixels>-1</maxLodPixels>
		</Lod>
	</Region>
			<Polygon><altitudeMode>relativeToGround</altitudeMode>
				<outerBoundaryIs>
					<LinearRing>
						<coordinates>							6.03578304889971,44.8029075260472,0 6.035747588243439,44.8028203807282,0 6.035727908859921,44.8027372180741,0 6.03571394018699,44.8026238962182,0 6.03571762875662,44.8025282006445,0 6.03574734835416,44.8023872835421,0 6.035754526499681,44.802299961675,0 6.035720825596879,44.8021961900547,0 6.035668277077941,44.8020902316019,0 6.035672461897089,44.8021700344072,0 6.035714381555491,44.8023580033094,0 6.03568069575015,44.8024231660331,0 6.03565541803724,44.802496387567,0 6.03565827602241,44.8025727128743,0 6.03564718990028,44.8025806748305,0 6.03552481951108,44.8026791697804,0 6.035491157631441,44.8026768479752,0 6.03537920705644,44.8027878514299,0 6.035281822833279,44.8027444775271,0 6.03527282677511,44.8026950795472,0 6.035157270481971,44.8026456259049,0 6.03504711276954,44.8027523452889,0 6.03495990963751,44.802848254989,0 6.034954777172419,44.802853981611,0 6.03495372175194,44.8029281615951,0 6.03498307505012,44.8031951308263,0 6.03501680836452,44.803393234975,0 6.03545125451128,44.8032500664177,0 6.03578304889971,44.8029075260472,0 
						</coordinates>
					</LinearRing>
				</outerBoundaryIs>
			</Polygon>
		</Placemark>
		<Placemark id="parcelles-des-personnes-morales_05_groupe_personne_4.61207">
		<styleUrl>#COM</styleUrl>			<visibility>0</visibility>
			<ExtendedData>
				<SchemaData schemaUrl="#parcelles-des-personnes-morales_05_groupe_personne_4.schema">
					<SimpleData name="Numero de Parcelle">051420000A0035</SimpleData>
					<SimpleData name="Departement">05</SimpleData>
					<SimpleData name="Commune">SAINT-FIRMIN</SimpleData>
					<SimpleData name="Adresse">BOIS DE CLARA</SimpleData>
					<SimpleData name="Groupe de personne">Commune</SimpleData>
					<SimpleData name="Forme Juridique Abregee">COM</SimpleData>
					<SimpleData name="Denomination">COMMUNE DE SAINT FIRMIN</SimpleData>
				</SchemaData>
			</ExtendedData>
	<Region>
		<LatLonAltBox>
			<north> 44.793484036902 </north>
			<south> 44.789275651487 </south>
			<east> 5.990557695765409 </east>
			<west> 5.987500847767291 </west>
		</LatLonAltBox>
		<Lod>
			<minLodPixels>100</minLodPixels>
			<maxLodPixels>-1</maxLodPixels>
		</Lod>
	</Region>
			<Polygon><altitudeMode>relativeToGround</altitudeMode>
				<outerBoundaryIs>
					<LinearRing>
						<coordinates>							5.988531177199451,44.7934473287379,0 5.988611340089131,44.7933344390565,0 5.98872928527335,44.7933490978509,0 5.98874856042141,44.7931881167326,0 5.988779926314191,44.7930379815214,0 5.988911589061039,44.7930583967533,0 5.988943654812659,44.7930189708738,0 5.989068224730571,44.7930606597064,0 5.989065845592051,44.7931229803621,0 5.98988117706353,44.7934128130731,0 5.989868965943469,44.7933402545778,0 5.99017911745876,44.7928889745879,0 5.990557695765409,44.792349355017,0 5.990438537035591,44.7922381477601,0 5.99039702131754,44.7921807953866,0 5.99037270583665,44.792125681831,0 5.990361780718789,44.7920487640958,0 5.990355929443591,44.7918983711223,0 5.99037099109302,44.7918223740075,0 5.99042396297532,44.7916456175166,0 5.990428122993541,44.7915359482437,0 5.99041103837098,44.7914383844856,0 5.99038240154585,44.7913733868641,0 5.99032411217947,44.7912861246254,0 5.99012938283328,44.7910457759134,0 5.990069637424831,44.7909572915048,0 5.990040008652331,44.7908879058691,0 5.9899954937515,44.7907075629096,0 5.98997154892152,44.7906760445258,0 5.98993405891789,44.7906657938579,0 5.98987117337176,44.7906633458492,0 5.98978765016362,44.7906677612455,0 5.989714211303879,44.7906762291751,0 5.98958005860375,44.7906945334788,0 5.98948139735186,44.7906712469579,0 5.98934674523217,44.7906230734753,0 5.98925901562341,44.790595978172,0 5.98921122902055,44.790580058622,0 5.989109555463041,44.7905096426374,0 5.98901609788229,44.7903700814446,0 5.98894004123562,44.7902365378512,0 5.98883811498431,44.7900209836012,0 5.98878509680495,44.7898400587742,0 5.98873283611686,44.7896543384217,0 5.988723721449081,44.7895947603915,0 5.9885634022338,44.7895230423505,0 5.98846170159832,44.7894592036157,0 5.988363008806981,44.7893781654383,0 5.98825216725781,44.789275651487,0 5.98823454233268,44.7893058583949,0 5.988218818345081,44.7894098928338,0 5.988204015641109,44.7897644596557,0 5.98819195145194,44.7901039066312,0 5.9881173703017,44.7904073789566,0 5.98793167580738,44.7909031386711,0 5.98774687203651,44.7914276147228,0 5.98771037677048,44.7914931974189,0 5.987657009558051,44.7915650911441,0 5.98761528015086,44.7916655019037,0 5.98772162394002,44.7918499452028,0 5.98770816453511,44.7919918490452,0 5.987679159061701,44.7921007462752,0 5.98762793362512,44.7924414291506,0 5.987500847767291,44.7929474109968,0 5.98775913010495,44.7930028857328,0 5.98775196146026,44.793044162824,0 5.98803636848335,44.7931055097446,0 5.98805548825649,44.7932747355315,0 5.98794503117186,44.7933009580329,0 5.987928193847761,44.793484036902,0 5.988336418619149,44.7934562737,0 5.988531177199451,44.7934473287379,0 
						</coordinates>
					</LinearRing>
				</outerBoundaryIs>
			</Polygon>
		</Placemark>
		<Placemark id="parcelles-des-personnes-morales_05_groupe_personne_4.61348">
		<styleUrl>#COM</styleUrl>			<visibility>0</visibility>
			<ExtendedData>
				<SchemaData schemaUrl="#parcelles-des-personnes-morales_05_groupe_personne_4.schema">
					<SimpleData name="Numero de Parcelle">051420000D0035</SimpleData>
					<SimpleData name="Departement">05</SimpleData>
					<SimpleData name="Commune">SAINT-FIRMIN</SimpleData>
					<SimpleData name="Adresse">LA LAUZIERE</SimpleData>
					<SimpleData name="Groupe de personne">Commune</SimpleData>
					<SimpleData name="Forme Juridique Abregee">COM</SimpleData>
					<SimpleData name="Denomination">COMMUNE DE SAINT FIRMIN</SimpleData>
				</SchemaData>
			</ExtendedData>
	<Region>
		<LatLonAltBox>
			<north> 44.8046508452931 </north>
			<south> 44.8029642131275 </south>
			<east> 6.038970414724919 </east>
			<west> 6.03605935559643 </west>
		</LatLonAltBox>
		<Lod>
			<minLodPixels>100</minLodPixels>
			<maxLodPixels>-1</maxLodPixels>
		</Lod>
	</Region>
			<Polygon><altitudeMode>relativeToGround</altitudeMode>
				<outerBoundaryIs>
					<LinearRing>
						<coordinates>							6.03605935559643,44.8046508452931,0 6.036815884604291,44.8042100841433,0 6.037016745326289,44.8040956524128,0 6.0372351941291,44.8039601058414,0 6.037314032349799,44.8039225370783,0 6.03737948121698,44.8039135359912,0 6.037455861207111,44.8039124343383,0 6.03814637061362,44.8039737004949,0 6.0383345098435,44.8039868343068,0 6.03853281429046,44.8040405039039,0 6.03864192532163,44.8040642725425,0 6.038925686681229,44.8040670358265,0 6.038970414724919,44.8040399513677,0 6.038869661677951,44.8038244040352,0 6.03874150944761,44.8034813071234,0 6.0386930430223,44.8034018170926,0 6.03865536762337,44.8033416727773,0 6.038601736407581,44.803288362811,0 6.03848903449434,44.8032519886874,0 6.038401377425439,44.8032106933826,0 6.038200934736659,44.8030986983069,0 6.03808141006125,44.8029642131275,0 6.03795253700618,44.8029915309282,0 6.03797894909045,44.8030259455997,0 6.03806682097002,44.8031016530251,0 6.038116142711929,44.8030986795614,0 6.03814729030553,44.8031644989551,0 6.03809064009826,44.803186413796,0 6.03814139900171,44.8032544887947,0 6.038178189223511,44.8033146575255,0 6.03804127498951,44.8033079582918,0 6.03793039884429,44.8031110678444,0 6.03790081289702,44.8030741272748,0 6.037883379190699,44.8030746951219,0 6.03786302262394,44.803147602191,0 6.03783900819878,44.8031505127325,0 6.03780623918838,44.8031225791318,0 6.03767317357258,44.8030840592681,0 6.037663265627729,44.8031395612381,0 6.037377816917311,44.8031148570182,0 6.03714673173561,44.8031359644691,0 6.03717736050463,44.8032811752193,0 6.03713326916737,44.8033177018542,0 6.03673283202676,44.8033594855356,0 6.03671324015465,44.8033552469895,0 6.036403454546049,44.8032783190169,0 6.036329126606601,44.8032916171731,0 6.03622709168284,44.8034221716259,0 6.036234840348581,44.8035304381194,0 6.03624236548034,44.8040186565958,0 6.03620500973456,44.8040838299196,0 6.03612578360492,44.8042969206068,0 6.03612372055284,44.8045397929076,0 6.03609583718821,44.8046022741092,0 6.03605935559643,44.8046508452931,0 
						</coordinates>
					</LinearRing>
				</outerBoundaryIs>
			</Polygon>
		</Placemark>
		<Placemark id="parcelles-des-personnes-morales_05_groupe_personne_4.61431">
		<styleUrl>#COM</styleUrl>			<visibility>0</visibility>
			<ExtendedData>
				<SchemaData schemaUrl="#parcelles-des-personnes-morales_05_groupe_personne_4.schema">
					<SimpleData name="Numero de Parcelle">051420000C0350</SimpleData>
					<SimpleData name="Departement">05</SimpleData>
					<SimpleData name="Commune">SAINT-FIRMIN</SimpleData>
					<SimpleData name="Adresse">LE SERRE</SimpleData>
					<SimpleData name="Groupe de personne">Commune</SimpleData>
					<SimpleData name="Forme Juridique Abregee">COM</SimpleData>
					<SimpleData name="Denomination">COMMUNE DE SAINT FIRMIN</SimpleData>
				</SchemaData>
			</ExtendedData>
	<Region>
		<LatLonAltBox>
			<north> 44.7992089159439 </north>
			<south> 44.7970679416845 </south>
			<east> 6.007518321919141 </east>
			<west> 6.00602078240291 </west>
		</LatLonAltBox>
		<Lod>
			<minLodPixels>100</minLodPixels>
			<maxLodPixels>-1</maxLodPixels>
		</Lod>
	</Region>
			<Polygon><altitudeMode>relativeToGround</altitudeMode>
				<outerBoundaryIs>
					<LinearRing>
						<coordinates>							6.007518321919141,44.798750426465,0 6.00739758729275,44.7986059427084,0 6.00721365682684,44.7984013666291,0 6.00713358964269,44.7983074050501,0 6.00707002154937,44.7982332677052,0 6.00698200385095,44.7981207815046,0 6.00692329560037,44.7980665138273,0 6.00686702679554,44.7980223609291,0 6.00684796965868,44.7979972902795,0 6.006851519634549,44.7979832289248,0 6.006863510105279,44.7979329898501,0 6.00685882150901,44.7978926634122,0 6.006812459072459,44.7977782362926,0 6.00677274325884,44.7977052537503,0 6.006613335886839,44.7974433405863,0 6.00652863695211,44.7972887788392,0 6.00647791090656,44.7972133919428,0 6.006454624441339,44.797154199054,0 6.00644677732876,44.7971139582864,0 6.00644925043224,44.7970679416845,0 6.00632771607396,44.7971094391235,0 6.00620288423534,44.7971555307091,0 6.00620979748799,44.7971783179791,0 6.00627773676858,44.7971875573587,0 6.006594549711989,44.7975534082458,0 6.00661407349691,44.7975872056923,0 6.006698993443099,44.7978428504044,0 6.006524891995069,44.7978881164002,0 6.00628439980632,44.7979625722293,0 6.006370869646011,44.7985452277971,0 6.006051706600231,44.7985755067492,0 6.00602078240291,44.7985864362372,0 6.006052717409549,44.7986961194048,0 6.006076698633701,44.7988581845122,0 6.006083766147259,44.7988743905325,0 6.00610638517758,44.7989187356128,0 6.00623900490221,44.7990157775839,0 6.0064759760586,44.7992089159439,0 6.007080239171571,44.7989397128094,0 6.007518321919141,44.798750426465,0 
						</coordinates>
					</LinearRing>
				</outerBoundaryIs>
			</Polygon>
		</Placemark>
		<Placemark id="parcelles-des-personnes-morales_05_groupe_personne_4.62163">
		<styleUrl>#COM</styleUrl>			<visibility>0</visibility>
			<ExtendedData>
				<SchemaData schemaUrl="#parcelles-des-personnes-morales_05_groupe_personne_4.schema">
					<SimpleData name="Numero de Parcelle">05142000AD0359</SimpleData>
					<SimpleData name="Departement">05</SimpleData>
					<SimpleData name="Commune">SAINT-FIRMIN</SimpleData>
					<SimpleData name="Adresse">294, RUE SOUS LE FORT</SimpleData>
					<SimpleData name="Groupe de personne">Commune</SimpleData>
					<SimpleData name="Forme Juridique Abregee">CCOM</SimpleData>
					<SimpleData name="Denomination">COMMUNAUTE DE COMMUNES DU VALGAUDEMAR</SimpleData>
				</SchemaData>
			</ExtendedData>
	<Region>
		<LatLonAltBox>
			<north> 44.7768393109223 </north>
			<south> 44.7761105902169 </south>
			<east> 6.01591740425322 </east>
			<west> 6.014619184587291 </west>
		</LatLonAltBox>
		<Lod>
			<minLodPixels>100</minLodPixels>
			<maxLodPixels>-1</maxLodPixels>
		</Lod>
	</Region>
			<Polygon><altitudeMode>relativeToGround</altitudeMode>
				<outerBoundaryIs>
					<LinearRing>
						<coordinates>							6.015360001735391,44.7761985126915,0 6.01505943561796,44.7763348993999,0 6.01507221540718,44.776365635069,0 6.0151327896301,44.7764714723467,0 6.014619184587291,44.7766876240683,0 6.01466772606204,44.7767908157654,0 6.014690059677841,44.7768393109223,0 6.01477688597255,44.7768143343258,0 6.0149441961968,44.7767711305628,0 6.0149937694515,44.7767378874274,0 6.01520884413395,44.7765970700571,0 6.01558746529143,44.7766353287855,0 6.01560058748184,44.7767290328054,0 6.01569520711747,44.7767267279872,0 6.01590426653185,44.7763889409478,0 6.01591740425322,44.7763697531183,0 6.015844781363351,44.7763600171487,0 6.015760515810679,44.7763313172752,0 6.01568967121768,44.7762934225838,0 6.01564031031386,44.7762504383191,0 6.01560324806171,44.7761985601234,0 6.01555488943691,44.7761105902169,0 6.015533632708611,44.776119908108,0 6.015360001735391,44.7761985126915,0 
						</coordinates>
					</LinearRing>
				</outerBoundaryIs>
			</Polygon>
		</Placemark>
		<Placemark id="parcelles-des-personnes-morales_05_groupe_personne_4.62185">
		<styleUrl>#COM</styleUrl>			<visibility>0</visibility>
			<ExtendedData>
				<SchemaData schemaUrl="#parcelles-des-personnes-morales_05_groupe_personne_4.schema">
					<SimpleData name="Numero de Parcelle">051420000D0359</SimpleData>
					<SimpleData name="Departement">05</SimpleData>
					<SimpleData name="Commune">SAINT-FIRMIN</SimpleData>
					<SimpleData name="Adresse">TRALOUSERRE</SimpleData>
					<SimpleData name="Groupe de personne">Commune</SimpleData>
					<SimpleData name="Forme Juridique Abregee">COM</SimpleData>
					<SimpleData name="Denomination">COMMUNE DE SAINT FIRMIN</SimpleData>
				</SchemaData>
			</ExtendedData>
	<Region>
		<LatLonAltBox>
			<north> 44.8004078365225 </north>
			<south> 44.8001099320163 </south>
			<east> 6.03170147944256 </east>
			<west> 6.03136601746439 </west>
		</LatLonAltBox>
		<Lod>
			<minLodPixels>100</minLodPixels>
			<maxLodPixels>-1</maxLodPixels>
		</Lod>
	</Region>
			<Polygon><altitudeMode>relativeToGround</altitudeMode>
				<outerBoundaryIs>
					<LinearRing>
						<coordinates>							6.031681975285319,44.8002571613806,0 6.03170147944256,44.8002433835088,0 6.03146878927336,44.8001454133233,0 6.03136601746439,44.8001099320163,0 6.03138019655256,44.8002742439458,0 6.03140410774543,44.8004078365225,0 6.03149053390033,44.8003350161724,0 6.031546208057011,44.8002973642058,0 6.031681975285319,44.8002571613806,0 
						</coordinates>
					</LinearRing>
				</outerBoundaryIs>
			</Polygon>
		</Placemark>
		<Placemark id="parcelles-des-personnes-morales_05_groupe_personne_4.62336">
		<styleUrl>#COM</styleUrl>			<visibility>0</visibility>
			<ExtendedData>
				<SchemaData schemaUrl="#parcelles-des-personnes-morales_05_groupe_personne_4.schema">
					<SimpleData name="Numero de Parcelle">05142000AD0036</SimpleData>
					<SimpleData name="Departement">05</SimpleData>
					<SimpleData name="Commune">SAINT-FIRMIN</SimpleData>
					<SimpleData name="Adresse">LA BUISSONNEE</SimpleData>
					<SimpleData name="Groupe de personne">Commune</SimpleData>
					<SimpleData name="Forme Juridique Abregee">COM</SimpleData>
					<SimpleData name="Denomination">COMMUNE DE SAINT FIRMIN</SimpleData>
				</SchemaData>
			</ExtendedData>
	<Region>
		<LatLonAltBox>
			<north> 44.7807988273233 </north>
			<south> 44.7780035829415 </south>
			<east> 6.01346730654097 </east>
			<west> 6.01041783126856 </west>
		</LatLonAltBox>
		<Lod>
			<minLodPixels>100</minLodPixels>
			<maxLodPixels>-1</maxLodPixels>
		</Lod>
	</Region>
			<Polygon><altitudeMode>relativeToGround</altitudeMode>
				<outerBoundaryIs>
					<LinearRing>
						<coordinates>							6.01259711438695,44.7799457395655,0 6.01225760217015,44.779823247555,0 6.01245892135476,44.7796968649027,0 6.012469345681799,44.7796529746479,0 6.01245633612262,44.779627380428,0 6.0124087238922,44.7795839867373,0 6.01235034311675,44.7795709781035,0 6.01231784060688,44.7795380753461,0 6.01226354454105,44.7794572929192,0 6.01224432066994,44.7794101542742,0 6.01224005788329,44.7793683751322,0 6.012295453272899,44.7792926295111,0 6.01224134307927,44.7790099350928,0 6.01218214962825,44.778849550121,0 6.012153800773761,44.7787595932559,0 6.01215644769707,44.7787263656859,0 6.012316486840359,44.7785449750433,0 6.01235247734486,44.7785296712664,0 6.01247188042111,44.7784232644274,0 6.01296297146212,44.778246837363,0 6.01346730654097,44.7780603174215,0 6.01344314037176,44.7780035829415,0 6.01255611451379,44.7781161769652,0 6.01190320893634,44.7782472671689,0 6.011472817516889,44.7783879832686,0 6.01130058606081,44.7784362706704,0 6.011202562072699,44.7784624497067,0 6.01068067524686,44.7786001530371,0 6.01070079062127,44.7787371842075,0 6.010767500562629,44.77917261116,0 6.01066066950603,44.7792044347753,0 6.01097908154233,44.7796912254228,0 6.01076286617445,44.7798229653469,0 6.010572152433169,44.7797648088142,0 6.01066644192674,44.7799499186611,0 6.01044013669734,44.7800869774679,0 6.01041783126856,44.7801003771709,0 6.010537792447119,44.7802735276427,0 6.01068060564865,44.7801765777022,0 6.01091536426099,44.7803721062204,0 6.01117952909834,44.7805852149902,0 6.01145498161988,44.7807988273233,0 6.0117366942206,44.780678279931,0 6.01182232352461,44.7806402743031,0 6.01194014405831,44.7805207569823,0 6.012067631552981,44.7804258434951,0 6.01218591287759,44.7803409105576,0 6.012269521349541,44.7802534062338,0 6.0123490411454,44.7801722296711,0 6.01240564347218,44.7801284355618,0 6.01253836420081,44.7800391454357,0 6.01259711438695,44.7799457395655,0 
						</coordinates>
					</LinearRing>
				</outerBoundaryIs>
			</Polygon>
		</Placemark>
		<Placemark id="parcelles-des-personnes-morales_05_groupe_personne_4.62390">
		<styleUrl>#COM</styleUrl>			<visibility>0</visibility>
			<ExtendedData>
				<SchemaData schemaUrl="#parcelles-des-personnes-morales_05_groupe_personne_4.schema">
					<SimpleData name="Numero de Parcelle">051420000D0036</SimpleData>
					<SimpleData name="Departement">05</SimpleData>
					<SimpleData name="Commune">SAINT-FIRMIN</SimpleData>
					<SimpleData name="Adresse">LA LAUZIERE</SimpleData>
					<SimpleData name="Groupe de personne">Commune</SimpleData>
					<SimpleData name="Forme Juridique Abregee">COM</SimpleData>
					<SimpleData name="Denomination">COMMUNE DE SAINT FIRMIN</SimpleData>
				</SchemaData>
			</ExtendedData>
	<Region>
		<LatLonAltBox>
			<north> 44.8039984584748 </north>
			<south> 44.8021519443093 </south>
			<east> 6.03933689546298 </east>
			<west> 6.03854307166572 </west>
		</LatLonAltBox>
		<Lod>
			<minLodPixels>100</minLodPixels>
			<maxLodPixels>-1</maxLodPixels>
		</Lod>
	</Region>
			<Polygon><altitudeMode>relativeToGround</altitudeMode>
				<outerBoundaryIs>
					<LinearRing>
						<coordinates>							6.03914089587367,44.8021519443093,0 6.039134962972479,44.8021732801546,0 6.03893372201474,44.8023249371343,0 6.03887157981217,44.8024909806556,0 6.03880164563521,44.80256209352,0 6.03872810346534,44.8026062756316,0 6.03863766025685,44.8027029980015,0 6.0385635966533,44.8028171108695,0 6.03854307166572,44.8029032672072,0 6.0385502337722,44.8029584815892,0 6.03868825207088,44.8031657997102,0 6.03875756717574,44.8033008497353,0 6.03877522936494,44.8033840672903,0 6.038825462507701,44.8035032423926,0 6.038953620166241,44.8038464291753,0 6.03901816009734,44.8039984584748,0 6.03905731353327,44.8038987270152,0 6.03907814537123,44.8037527365681,0 6.03909977134755,44.8034857217545,0 6.03909469204199,44.8030221228782,0 6.039120524951951,44.8029569039961,0 6.03932483224541,44.8027004679152,0 6.03933632944155,44.802669699332,0 6.03933689546298,44.8026310314649,0 6.03928998094502,44.8025755555216,0 6.039234291942129,44.8024912182427,0 6.039167222221819,44.8022081649315,0 6.03914089587367,44.8021519443093,0 
						</coordinates>
					</LinearRing>
				</outerBoundaryIs>
			</Polygon>
		</Placemark>
		<Placemark id="parcelles-des-personnes-morales_05_groupe_personne_4.62448">
		<styleUrl>#COM</styleUrl>			<visibility>0</visibility>
			<ExtendedData>
				<SchemaData schemaUrl="#parcelles-des-personnes-morales_05_groupe_personne_4.schema">
					<SimpleData name="Numero de Parcelle">051420000D0360</SimpleData>
					<SimpleData name="Departement">05</SimpleData>
					<SimpleData name="Commune">SAINT-FIRMIN</SimpleData>
					<SimpleData name="Adresse">TRALOUSERRE</SimpleData>
					<SimpleData name="Groupe de personne">Commune</SimpleData>
					<SimpleData name="Forme Juridique Abregee">COM</SimpleData>
					<SimpleData name="Denomination">COMMUNE DE SAINT FIRMIN</SimpleData>
				</SchemaData>
			</ExtendedData>
	<Region>
		<LatLonAltBox>
			<north> 44.8004548993817 </north>
			<south> 44.800004990093 </south>
			<east> 6.03135917943819 </east>
			<west> 6.03101299379912 </west>
		</LatLonAltBox>
		<Lod>
			<minLodPixels>100</minLodPixels>
			<maxLodPixels>-1</maxLodPixels>
		</Lod>
	</Region>
			<Polygon><altitudeMode>relativeToGround</altitudeMode>
				<outerBoundaryIs>
					<LinearRing>
						<coordinates>							6.03101299379912,44.8003312261607,0 6.03107328148754,44.8003415607744,0 6.03117367766996,44.8003681875916,0 6.03127793906442,44.8004406587547,0 6.03132717492612,44.8004548993817,0 6.03135917943819,44.8004382569894,0 6.03130765484382,44.8000954004045,0 6.031251713576111,44.8000671076117,0 6.031078537466871,44.800004990093,0 6.03104973804619,44.8001162380522,0 6.031031983570169,44.8002492580799,0 6.03101299379912,44.8003312261607,0 
						</coordinates>
					</LinearRing>
				</outerBoundaryIs>
			</Polygon>
		</Placemark>
		<Placemark id="parcelles-des-personnes-morales_05_groupe_personne_4.62633">
		<styleUrl>#COM</styleUrl>			<visibility>0</visibility>
			<ExtendedData>
				<SchemaData schemaUrl="#parcelles-des-personnes-morales_05_groupe_personne_4.schema">
					<SimpleData name="Numero de Parcelle">051420000D0362</SimpleData>
					<SimpleData name="Departement">05</SimpleData>
					<SimpleData name="Commune">SAINT-FIRMIN</SimpleData>
					<SimpleData name="Adresse">TRALOUSERRE</SimpleData>
					<SimpleData name="Groupe de personne">Commune</SimpleData>
					<SimpleData name="Forme Juridique Abregee">COM</SimpleData>
					<SimpleData name="Denomination">COMMUNE DE SAINT FIRMIN</SimpleData>
				</SchemaData>
			</ExtendedData>
	<Region>
		<LatLonAltBox>
			<north> 44.8006763867949 </north>
			<south> 44.7998863918445 </south>
			<east> 6.03103679649502 </east>
			<west> 6.0298399112831 </west>
		</LatLonAltBox>
		<Lod>
			<minLodPixels>100</minLodPixels>
			<maxLodPixels>-1</maxLodPixels>
		</Lod>
	</Region>
			<Polygon><altitudeMode>relativeToGround</altitudeMode>
				<outerBoundaryIs>
					<LinearRing>
						<coordinates>							6.03095033886769,44.8003262720391,0 6.030957352264171,44.8002615699112,0 6.03098189110862,44.800193325251,0 6.03092665653912,44.8000819423687,0 6.030833391082531,44.8001077377693,0 6.030831568924101,44.799987146017,0 6.030919164712239,44.7999946617961,0 6.0310092528137,44.8000131914464,0 6.03103679649502,44.7999865801118,0 6.03096393723712,44.7999660477336,0 6.0308318306003,44.799938035311,0 6.03066747930282,44.7998963984902,0 6.03059518799161,44.7998863918445,0 6.03060874150701,44.8000086450163,0 6.0305941999154,44.8000698588936,0 6.0305600779199,44.8001246705129,0 6.0304760660771,44.8002000369551,0 6.03027999866657,44.8003587441105,0 6.0301645717825,44.8004757835728,0 6.030087350924361,44.8005245652824,0 6.02991702566062,44.8005786848335,0 6.0298399112831,44.8006763867949,0 6.029898581852301,44.800675503972,0 6.03007481594408,44.8006347376793,0 6.03027912009471,44.8006076194966,0 6.03057838434483,44.800525107287,0 6.03064173257582,44.8004396741081,0 6.03070016813582,44.8003992441397,0 6.03078762639195,44.8003736977358,0 6.03088778954598,44.8003373524874,0 6.03095033886769,44.8003262720391,0 
						</coordinates>
					</LinearRing>
				</outerBoundaryIs>
			</Polygon>
		</Placemark>
		<Placemark id="parcelles-des-personnes-morales_05_groupe_personne_4.62845">
		<styleUrl>#COM</styleUrl>			<visibility>0</visibility>
			<ExtendedData>
				<SchemaData schemaUrl="#parcelles-des-personnes-morales_05_groupe_personne_4.schema">
					<SimpleData name="Numero de Parcelle">05142000AH0365</SimpleData>
					<SimpleData name="Departement">05</SimpleData>
					<SimpleData name="Commune">SAINT-FIRMIN</SimpleData>
					<SimpleData name="Adresse">COLOMBUS</SimpleData>
					<SimpleData name="Groupe de personne">Commune</SimpleData>
					<SimpleData name="Forme Juridique Abregee">COM</SimpleData>
					<SimpleData name="Denomination">COMMUNE DE SAINT FIRMIN</SimpleData>
				</SchemaData>
			</ExtendedData>
	<Region>
		<LatLonAltBox>
			<north> 44.7831379555087 </north>
			<south> 44.7827613906608 </south>
			<east> 6.037751915141379 </east>
			<west> 6.037426829895661 </west>
		</LatLonAltBox>
		<Lod>
			<minLodPixels>100</minLodPixels>
			<maxLodPixels>-1</maxLodPixels>
		</Lod>
	</Region>
			<Polygon><altitudeMode>relativeToGround</altitudeMode>
				<outerBoundaryIs>
					<LinearRing>
						<coordinates>							6.0375924973883,44.7831379555087,0 6.03759297836577,44.7831374918347,0 6.037751915141379,44.7827613906608,0 6.03761995902285,44.7827799640583,0 6.037426829895661,44.7830992493664,0 6.0375924973883,44.7831379555087,0 
						</coordinates>
					</LinearRing>
				</outerBoundaryIs>
			</Polygon>
		</Placemark>
		<Placemark id="parcelles-des-personnes-morales_05_groupe_personne_4.62886">
		<styleUrl>#COM</styleUrl>			<visibility>0</visibility>
			<ExtendedData>
				<SchemaData schemaUrl="#parcelles-des-personnes-morales_05_groupe_personne_4.schema">
					<SimpleData name="Numero de Parcelle">051420000C0365</SimpleData>
					<SimpleData name="Departement">05</SimpleData>
					<SimpleData name="Commune">SAINT-FIRMIN</SimpleData>
					<SimpleData name="Adresse">DEVANT BRUDOUR</SimpleData>
					<SimpleData name="Groupe de personne">Commune</SimpleData>
					<SimpleData name="Forme Juridique Abregee">COM</SimpleData>
					<SimpleData name="Denomination">COMMUNE DE SAINT FIRMIN</SimpleData>
				</SchemaData>
			</ExtendedData>
	<Region>
		<LatLonAltBox>
			<north> 44.7994550184825 </north>
			<south> 44.7993264598525 </south>
			<east> 6.00614592242066 </east>
			<west> 6.0060257405969 </west>
		</LatLonAltBox>
		<Lod>
			<minLodPixels>100</minLodPixels>
			<maxLodPixels>-1</maxLodPixels>
		</Lod>
	</Region>
			<Polygon><altitudeMode>relativeToGround</altitudeMode>
				<outerBoundaryIs>
					<LinearRing>
						<coordinates>							6.00610537162774,44.7994533095292,0 6.00614592242066,44.7994543721802,0 6.00609898705418,44.799367079489,0 6.006071885042559,44.7993264598525,0 6.0060257405969,44.7994550184825,0 6.00610537162774,44.7994533095292,0 
						</coordinates>
					</LinearRing>
				</outerBoundaryIs>
			</Polygon>
		</Placemark>
		<Placemark id="parcelles-des-personnes-morales_05_groupe_personne_4.62939">
		<styleUrl>#COM</styleUrl>			<visibility>0</visibility>
			<ExtendedData>
				<SchemaData schemaUrl="#parcelles-des-personnes-morales_05_groupe_personne_4.schema">
					<SimpleData name="Numero de Parcelle">05142000AH0366</SimpleData>
					<SimpleData name="Departement">05</SimpleData>
					<SimpleData name="Commune">SAINT-FIRMIN</SimpleData>
					<SimpleData name="Adresse">COLOMBUS</SimpleData>
					<SimpleData name="Groupe de personne">Commune</SimpleData>
					<SimpleData name="Forme Juridique Abregee">COM</SimpleData>
					<SimpleData name="Denomination">COMMUNE DE SAINT FIRMIN</SimpleData>
				</SchemaData>
			</ExtendedData>
	<Region>
		<LatLonAltBox>
			<north> 44.7825554229232 </north>
			<south> 44.7823486212181 </south>
			<east> 6.037933789893539 </east>
			<west> 6.03775862139335 </west>
		</LatLonAltBox>
		<Lod>
			<minLodPixels>100</minLodPixels>
			<maxLodPixels>-1</maxLodPixels>
		</Lod>
	</Region>
			<Polygon><altitudeMode>relativeToGround</altitudeMode>
				<outerBoundaryIs>
					<LinearRing>
						<coordinates>							6.037898521037549,44.7824333792407,0 6.037933789893539,44.7823486212181,0 6.03787193234298,44.7823580653946,0 6.03775862139335,44.7825554229232,0 6.03785293368234,44.7825425663878,0 6.037898521037549,44.7824333792407,0 
						</coordinates>
					</LinearRing>
				</outerBoundaryIs>
			</Polygon>
		</Placemark>
		<Placemark id="parcelles-des-personnes-morales_05_groupe_personne_4.62972">
		<styleUrl>#COM</styleUrl>			<visibility>0</visibility>
			<ExtendedData>
				<SchemaData schemaUrl="#parcelles-des-personnes-morales_05_groupe_personne_4.schema">
					<SimpleData name="Numero de Parcelle">051420000C0366</SimpleData>
					<SimpleData name="Departement">05</SimpleData>
					<SimpleData name="Commune">SAINT-FIRMIN</SimpleData>
					<SimpleData name="Adresse">DEVANT BRUDOUR</SimpleData>
					<SimpleData name="Groupe de personne">Commune</SimpleData>
					<SimpleData name="Forme Juridique Abregee">COM</SimpleData>
					<SimpleData name="Denomination">COMMUNE DE SAINT FIRMIN</SimpleData>
				</SchemaData>
			</ExtendedData>
	<Region>
		<LatLonAltBox>
			<north> 44.7997912759763 </north>
			<south> 44.7996015523222 </south>
			<east> 6.00653016517055 </east>
			<west> 6.006356646015691 </west>
		</LatLonAltBox>
		<Lod>
			<minLodPixels>100</minLodPixels>
			<maxLodPixels>-1</maxLodPixels>
		</Lod>
	</Region>
			<Polygon><altitudeMode>relativeToGround</altitudeMode>
				<outerBoundaryIs>
					<LinearRing>
						<coordinates>							6.00651099089388,44.7997474682027,0 6.00646682012348,44.7996882109775,0 6.00638972590801,44.7996238101458,0 6.006356646015691,44.7996015523222,0 6.00641622756883,44.7997170627574,0 6.00644063678608,44.7997404566989,0 6.00648491236157,44.7997661949383,0 6.00653016517055,44.7997912759763,0 6.00651099089388,44.7997474682027,0 
						</coordinates>
					</LinearRing>
				</outerBoundaryIs>
			</Polygon>
		</Placemark>
		<Placemark id="parcelles-des-personnes-morales_05_groupe_personne_4.63096">
		<styleUrl>#COM</styleUrl>			<visibility>0</visibility>
			<ExtendedData>
				<SchemaData schemaUrl="#parcelles-des-personnes-morales_05_groupe_personne_4.schema">
					<SimpleData name="Numero de Parcelle">05142000AH0368</SimpleData>
					<SimpleData name="Departement">05</SimpleData>
					<SimpleData name="Commune">SAINT-FIRMIN</SimpleData>
					<SimpleData name="Adresse">LAPRA</SimpleData>
					<SimpleData name="Groupe de personne">Commune</SimpleData>
					<SimpleData name="Forme Juridique Abregee">COM</SimpleData>
					<SimpleData name="Denomination">COMMUNE DE SAINT FIRMIN</SimpleData>
				</SchemaData>
			</ExtendedData>
	<Region>
		<LatLonAltBox>
			<north> 44.7834722814727 </north>
			<south> 44.782805773826 </south>
			<east> 6.037414639689239 </east>
			<west> 6.03658405053419 </west>
		</LatLonAltBox>
		<Lod>
			<minLodPixels>100</minLodPixels>
			<maxLodPixels>-1</maxLodPixels>
		</Lod>
	</Region>
			<Polygon><altitudeMode>relativeToGround</altitudeMode>
				<outerBoundaryIs>
					<LinearRing>
						<coordinates>							6.0371816407987,44.782815673693,0 6.037069785061371,44.7830493901714,0 6.036876425865741,44.7832638066569,0 6.03674765513594,44.7832664344376,0 6.036653430516569,44.7833628985408,0 6.03658405053419,44.7833689441746,0 6.03670260619978,44.7834722814727,0 6.03685687806742,44.7833890379932,0 6.03697379252957,44.7833215040473,0 6.03711152440346,44.7832131256334,0 6.03718955534272,44.78314476503,0 6.03726973253931,44.7830435498639,0 6.037414639689239,44.782805773826,0 6.037412501956361,44.7828060126153,0 6.0371816407987,44.782815673693,0 
						</coordinates>
					</LinearRing>
				</outerBoundaryIs>
			</Polygon>
		</Placemark>
		<Placemark id="parcelles-des-personnes-morales_05_groupe_personne_4.63135">
		<styleUrl>#COM</styleUrl>			<visibility>0</visibility>
			<ExtendedData>
				<SchemaData schemaUrl="#parcelles-des-personnes-morales_05_groupe_personne_4.schema">
					<SimpleData name="Numero de Parcelle">051420000C0368</SimpleData>
					<SimpleData name="Departement">05</SimpleData>
					<SimpleData name="Commune">SAINT-FIRMIN</SimpleData>
					<SimpleData name="Adresse">DEVANT BRUDOUR</SimpleData>
					<SimpleData name="Groupe de personne">Commune</SimpleData>
					<SimpleData name="Forme Juridique Abregee">COM</SimpleData>
					<SimpleData name="Denomination">COMMUNE DE SAINT FIRMIN</SimpleData>
				</SchemaData>
			</ExtendedData>
	<Region>
		<LatLonAltBox>
			<north> 44.7996412896504 </north>
			<south> 44.7989231228561 </south>
			<east> 6.00674420335963 </east>
			<west> 6.005996132370241 </west>
		</LatLonAltBox>
		<Lod>
			<minLodPixels>100</minLodPixels>
			<maxLodPixels>-1</maxLodPixels>
		</Lod>
	</Region>
			<Polygon><altitudeMode>relativeToGround</altitudeMode>
				<outerBoundaryIs>
					<LinearRing>
						<coordinates>							6.00674420335963,44.7995344598087,0 6.00664098375101,44.799438242694,0 6.00659113530547,44.7993816622456,0 6.00651995855306,44.7993498062959,0 6.00641491393123,44.7992880556148,0 6.006333975319,44.7992345706947,0 6.00625692038246,44.7991708895136,0 6.00617793661541,44.7990971697118,0 6.00610821333547,44.7990286045589,0 6.00607383558635,44.7989891733085,0 6.006028729442301,44.7989455281247,0 6.006001083532241,44.7989231228561,0 6.005996132370241,44.7989488447092,0 6.00599922600029,44.7989806552065,0 6.00600556043113,44.7990139094726,0 6.00603871971817,44.7991062608132,0 6.00607823682789,44.7991968179878,0 6.00609318050032,44.7992443444275,0 6.006155515847339,44.7992126516201,0 6.00629919919641,44.7993532708372,0 6.006363622012839,44.7994197272183,0 6.006412893872691,44.7994631692139,0 6.006595662400941,44.7996412896504,0 6.00674420335963,44.7995344598087,0 
						</coordinates>
					</LinearRing>
				</outerBoundaryIs>
			</Polygon>
		</Placemark>
		<Placemark id="parcelles-des-personnes-morales_05_groupe_personne_4.63170">
		<styleUrl>#COM</styleUrl>			<visibility>0</visibility>
			<ExtendedData>
				<SchemaData schemaUrl="#parcelles-des-personnes-morales_05_groupe_personne_4.schema">
					<SimpleData name="Numero de Parcelle">05142000AH0369</SimpleData>
					<SimpleData name="Departement">05</SimpleData>
					<SimpleData name="Commune">SAINT-FIRMIN</SimpleData>
					<SimpleData name="Adresse">LAPRA</SimpleData>
					<SimpleData name="Groupe de personne">Commune</SimpleData>
					<SimpleData name="Forme Juridique Abregee">COM</SimpleData>
					<SimpleData name="Denomination">COMMUNE DE SAINT FIRMIN</SimpleData>
				</SchemaData>
			</ExtendedData>
	<Region>
		<LatLonAltBox>
			<north> 44.7825809038972 </north>
			<south> 44.7822926824745 </south>
			<east> 6.037632819605739 </east>
			<west> 6.0373746565253 </west>
		</LatLonAltBox>
		<Lod>
			<minLodPixels>100</minLodPixels>
			<maxLodPixels>-1</maxLodPixels>
		</Lod>
	</Region>
			<Polygon><altitudeMode>relativeToGround</altitudeMode>
				<outerBoundaryIs>
					<LinearRing>
						<coordinates>							6.03747648030282,44.7822926824745,0 6.03742561597011,44.7824025546504,0 6.0373746565253,44.7825809038972,0 6.03754583025401,44.7825717071891,0 6.037632819605739,44.782395253366,0 6.03757009963281,44.7823395801469,0 6.03747648030282,44.7822926824745,0 
						</coordinates>
					</LinearRing>
				</outerBoundaryIs>
			</Polygon>
		</Placemark>
		<Placemark id="parcelles-des-personnes-morales_05_groupe_personne_4.63199">
		<styleUrl>#COM</styleUrl>			<visibility>0</visibility>
			<ExtendedData>
				<SchemaData schemaUrl="#parcelles-des-personnes-morales_05_groupe_personne_4.schema">
					<SimpleData name="Numero de Parcelle">051420000C0369</SimpleData>
					<SimpleData name="Departement">05</SimpleData>
					<SimpleData name="Commune">SAINT-FIRMIN</SimpleData>
					<SimpleData name="Adresse">DEVANT BRUDOUR</SimpleData>
					<SimpleData name="Groupe de personne">Commune</SimpleData>
					<SimpleData name="Forme Juridique Abregee">COM</SimpleData>
					<SimpleData name="Denomination">COMMUNE DE SAINT FIRMIN</SimpleData>
				</SchemaData>
			</ExtendedData>
	<Region>
		<LatLonAltBox>
			<north> 44.7993337896947 </north>
			<south> 44.7988766445953 </south>
			<east> 6.00654909238017 </east>
			<west> 6.005996810697929 </west>
		</LatLonAltBox>
		<Lod>
			<minLodPixels>100</minLodPixels>
			<maxLodPixels>-1</maxLodPixels>
		</Lod>
	</Region>
			<Polygon><altitudeMode>relativeToGround</altitudeMode>
				<outerBoundaryIs>
					<LinearRing>
						<coordinates>							6.005996810697929,44.7988787307368,0 6.006047113052031,44.798929622985,0 6.00607366506637,44.7989528687818,0 6.00613455032193,44.799017078674,0 6.00619802432628,44.7990752719201,0 6.006252477650119,44.7991256911276,0 6.006302051234689,44.7991676834215,0 6.006382354279149,44.7992282131768,0 6.00647473627847,44.799294541885,0 6.00654909238017,44.7993337896947,0 6.006471275330451,44.7992582364934,0 6.00643277184813,44.7992173855859,0 6.00640062244221,44.79919122837,0 6.00632647619141,44.7991227832979,0 6.00624946351445,44.7990622543728,0 6.006157421594699,44.7989880778248,0 6.006087071306441,44.7989385401675,0 6.00605542652761,44.7989052515034,0 6.006037192629549,44.7988766445953,0 6.005996810697929,44.7988787307368,0 
						</coordinates>
					</LinearRing>
				</outerBoundaryIs>
			</Polygon>
		</Placemark>
		<Placemark id="parcelles-des-personnes-morales_05_groupe_personne_4.63236">
		<styleUrl>#COM</styleUrl>			<visibility>0</visibility>
			<ExtendedData>
				<SchemaData schemaUrl="#parcelles-des-personnes-morales_05_groupe_personne_4.schema">
					<SimpleData name="Numero de Parcelle">051420000A0037</SimpleData>
					<SimpleData name="Departement">05</SimpleData>
					<SimpleData name="Commune">SAINT-FIRMIN</SimpleData>
					<SimpleData name="Adresse">SERRE DE L AIGLE</SimpleData>
					<SimpleData name="Groupe de personne">Commune</SimpleData>
					<SimpleData name="Forme Juridique Abregee">COM</SimpleData>
					<SimpleData name="Denomination">COMMUNE DE SAINT FIRMIN</SimpleData>
				</SchemaData>
			</ExtendedData>
	<Region>
		<LatLonAltBox>
			<north> 44.7915756755012 </north>
			<south> 44.7888443801677 </south>
			<east> 5.995114283141829 </east>
			<west> 5.99362050556035 </west>
		</LatLonAltBox>
		<Lod>
			<minLodPixels>100</minLodPixels>
			<maxLodPixels>-1</maxLodPixels>
		</Lod>
	</Region>
			<Polygon><altitudeMode>relativeToGround</altitudeMode>
				<outerBoundaryIs>
					<LinearRing>
						<coordinates>							5.994841078892591,44.7890479816642,0 5.99465724688072,44.7890812392025,0 5.9945384422066,44.7890693130474,0 5.99439472645314,44.7890956299794,0 5.99409443036823,44.788913909884,0 5.99396344828063,44.7888443801677,0 5.99385202829173,44.7889330715773,0 5.99394817322829,44.7890326436211,0 5.993710016462259,44.7892360273617,0 5.99393615692225,44.7893675859669,0 5.99383664430474,44.7896085788714,0 5.99362050556035,44.7895389163427,0 5.99371082044531,44.7898995650748,0 5.993697099991011,44.7901716662334,0 5.993739016382941,44.790431272864,0 5.99366749847411,44.7911764995867,0 5.99426938519805,44.7915756755012,0 5.99439996262118,44.7913572678974,0 5.99436863646971,44.7913487441907,0 5.99430911149782,44.7910626745093,0 5.99388810094017,44.791021070999,0 5.99394802107337,44.790447700848,0 5.993993619545481,44.7903488947319,0 5.99407450211316,44.7901880501007,0 5.994346996536071,44.7902230338541,0 5.99439534172446,44.7901876712919,0 5.99457893967984,44.7900739645347,0 5.994637364964791,44.7901019375533,0 5.9947735060717,44.7899975312768,0 5.994803718518111,44.7899661722413,0 5.9949148784717,44.7898346010061,0 5.995114283141829,44.7896163147622,0 5.99465869126306,44.7894740202901,0 5.994724411310299,44.7892851143854,0 5.9947973171115,44.7891503423785,0 5.994841078892591,44.7890479816642,0 
						</coordinates>
					</LinearRing>
				</outerBoundaryIs>
			</Polygon>
		</Placemark>
		<Placemark id="parcelles-des-personnes-morales_05_groupe_personne_4.63331">
		<styleUrl>#COM</styleUrl>			<visibility>0</visibility>
			<ExtendedData>
				<SchemaData schemaUrl="#parcelles-des-personnes-morales_05_groupe_personne_4.schema">
					<SimpleData name="Numero de Parcelle">05142000AH0037</SimpleData>
					<SimpleData name="Departement">05</SimpleData>
					<SimpleData name="Commune">SAINT-FIRMIN</SimpleData>
					<SimpleData name="Adresse">VIALARD</SimpleData>
					<SimpleData name="Groupe de personne">Commune</SimpleData>
					<SimpleData name="Forme Juridique Abregee">COM</SimpleData>
					<SimpleData name="Denomination">COMMUNE DE SAINT FIRMIN</SimpleData>
				</SchemaData>
			</ExtendedData>
	<Region>
		<LatLonAltBox>
			<north> 44.7852774032858 </north>
			<south> 44.7850453648254 </south>
			<east> 6.03820662425341 </east>
			<west> 6.0374289054769 </west>
		</LatLonAltBox>
		<Lod>
			<minLodPixels>100</minLodPixels>
			<maxLodPixels>-1</maxLodPixels>
		</Lod>
	</Region>
			<Polygon><altitudeMode>relativeToGround</altitudeMode>
				<outerBoundaryIs>
					<LinearRing>
						<coordinates>							6.03748864408351,44.7851584582261,0 6.0374289054769,44.7852774032858,0 6.03773903228047,44.785273497884,0 6.03794007439798,44.7852315873252,0 6.038084517940069,44.7852075357633,0 6.03820662425341,44.7851494086103,0 6.038179619514781,44.7850453648254,0 6.03783881769145,44.7850856110134,0 6.03780252493105,44.7851280509892,0 6.037636912154959,44.785153673515,0 6.03748864408351,44.7851584582261,0 
						</coordinates>
					</LinearRing>
				</outerBoundaryIs>
			</Polygon>
		</Placemark>
		<Placemark id="parcelles-des-personnes-morales_05_groupe_personne_4.63387">
		<styleUrl>#COM</styleUrl>			<visibility>0</visibility>
			<ExtendedData>
				<SchemaData schemaUrl="#parcelles-des-personnes-morales_05_groupe_personne_4.schema">
					<SimpleData name="Numero de Parcelle">051420000D0037</SimpleData>
					<SimpleData name="Departement">05</SimpleData>
					<SimpleData name="Commune">SAINT-FIRMIN</SimpleData>
					<SimpleData name="Adresse">LA LAUZIERE</SimpleData>
					<SimpleData name="Groupe de personne">Commune</SimpleData>
					<SimpleData name="Forme Juridique Abregee">COM</SimpleData>
					<SimpleData name="Denomination">COMMUNE DE SAINT FIRMIN</SimpleData>
				</SchemaData>
			</ExtendedData>
	<Region>
		<LatLonAltBox>
			<north> 44.803547309436 </north>
			<south> 44.8003448186518 </south>
			<east> 6.04183973605775 </east>
			<west> 6.038992947727501 </west>
		</LatLonAltBox>
		<Lod>
			<minLodPixels>100</minLodPixels>
			<maxLodPixels>-1</maxLodPixels>
		</Lod>
	</Region>
			<Polygon><altitudeMode>relativeToGround</altitudeMode>
				<outerBoundaryIs>
					<LinearRing>
						<coordinates>							6.04167082162623,44.8031390550556,0 6.04183973605775,44.8030612600278,0 6.041820646540079,44.8028582505669,0 6.0417785547703,44.8026207337417,0 6.0417872342135,44.8024818335033,0 6.04170840828256,44.8022764087348,0 6.041727392252959,44.8021010961579,0 6.041688107601719,44.8019247695414,0 6.04170351698581,44.8018166786696,0 6.04167544251915,44.8016627493725,0 6.04171869185087,44.8014774908445,0 6.04172000901031,44.8014340270897,0 6.04170194785552,44.8013809138951,0 6.041670223974709,44.8012741163219,0 6.04168034599513,44.8010823786947,0 6.04167564779101,44.8009184377534,0 6.04168617422014,44.8008697658827,0 6.04166788413747,44.8008100817707,0 6.041609537757121,44.8006626593733,0 6.041602684857261,44.8006155455608,0 6.04151649249963,44.8006199827793,0 6.04150017262577,44.8005756514794,0 6.041010846346701,44.8003448186518,0 6.04087188011669,44.8004076455083,0 6.040775705505099,44.8004638023531,0 6.040615260368201,44.8004524361357,0 6.04076379413589,44.8008867821746,0 6.04021727595454,44.8011308932029,0 6.04023717288658,44.8012436916912,0 6.04024440283295,44.8015106360955,0 6.040276150090161,44.801522018826,0 6.04027678060298,44.8015640776367,0 6.04000961566364,44.8017579089115,0 6.03978856711703,44.8018264090142,0 6.03979886886359,44.8018671214381,0 6.03987038613702,44.8022463679859,0 6.039729747383329,44.8023158163583,0 6.03956449952824,44.8023631443328,0 6.039319039851051,44.8021394919797,0 6.0392072851279,44.8020667829085,0 6.039134281986871,44.8020132835533,0 6.039024363070521,44.8019113320129,0 6.038992947727501,44.8019224644936,0 6.039174328582391,44.8021453515143,0 6.0392179428624,44.8022053328013,0 6.039229058914611,44.8022915227914,0 6.03940750209952,44.8023828558388,0 6.03953852156212,44.8024958512435,0 6.039639938690531,44.8026183977806,0 6.03969280597523,44.8027207418992,0 6.039717245495619,44.8028169279009,0 6.03965713036809,44.8030297676999,0 6.039593930037799,44.8031294379438,0 6.0397328394913,44.8031730210304,0 6.040055896113619,44.8032916520005,0 6.04022820691313,44.8033444095778,0 6.04045044740799,44.8033937252312,0 6.041121779352789,44.803547309436,0 6.04167082162623,44.8031390550556,0 
						</coordinates>
					</LinearRing>
				</outerBoundaryIs>
			</Polygon>
		</Placemark>
		<Placemark id="parcelles-des-personnes-morales_05_groupe_personne_4.63435">
		<styleUrl>#COM</styleUrl>			<visibility>0</visibility>
			<ExtendedData>
				<SchemaData schemaUrl="#parcelles-des-personnes-morales_05_groupe_personne_4.schema">
					<SimpleData name="Numero de Parcelle">051420000D0370</SimpleData>
					<SimpleData name="Departement">05</SimpleData>
					<SimpleData name="Commune">SAINT-FIRMIN</SimpleData>
					<SimpleData name="Adresse">TRALOUSERRE</SimpleData>
					<SimpleData name="Groupe de personne">Commune</SimpleData>
					<SimpleData name="Forme Juridique Abregee">COM</SimpleData>
					<SimpleData name="Denomination">COMMUNE DE SAINT FIRMIN</SimpleData>
				</SchemaData>
			</ExtendedData>
	<Region>
		<LatLonAltBox>
			<north> 44.8023332332484 </north>
			<south> 44.8020665414552 </south>
			<east> 6.032188358826559 </east>
			<west> 6.03175397068057 </west>
		</LatLonAltBox>
		<Lod>
			<minLodPixels>100</minLodPixels>
			<maxLodPixels>-1</maxLodPixels>
		</Lod>
	</Region>
			<Polygon><altitudeMode>relativeToGround</altitudeMode>
				<outerBoundaryIs>
					<LinearRing>
						<coordinates>							6.03175445124096,44.8021633719073,0 6.031970151490311,44.8021503547957,0 6.03204292656368,44.8021692671472,0 6.032081703242891,44.8022921819215,0 6.03213867931509,44.8022903532232,0 6.03217516217863,44.8023332332484,0 6.03217415184297,44.8022418110187,0 6.032188358826559,44.8020665414552,0 6.03175397068057,44.8021544653117,0 6.03175445124096,44.8021633719073,0 
						</coordinates>
					</LinearRing>
				</outerBoundaryIs>
			</Polygon>
		</Placemark>
		<Placemark id="parcelles-des-personnes-morales_05_groupe_personne_4.63607">
		<styleUrl>#COM</styleUrl>			<visibility>0</visibility>
			<ExtendedData>
				<SchemaData schemaUrl="#parcelles-des-personnes-morales_05_groupe_personne_4.schema">
					<SimpleData name="Numero de Parcelle">051420000D0372</SimpleData>
					<SimpleData name="Departement">05</SimpleData>
					<SimpleData name="Commune">SAINT-FIRMIN</SimpleData>
					<SimpleData name="Adresse">TRALOUSERRE</SimpleData>
					<SimpleData name="Groupe de personne">Commune</SimpleData>
					<SimpleData name="Forme Juridique Abregee">COM</SimpleData>
					<SimpleData name="Denomination">COMMUNE DE SAINT FIRMIN</SimpleData>
				</SchemaData>
			</ExtendedData>
	<Region>
		<LatLonAltBox>
			<north> 44.8030969965698 </north>
			<south> 44.8028896916262 </south>
			<east> 6.03202404302892 </east>
			<west> 6.03188488537156 </west>
		</LatLonAltBox>
		<Lod>
			<minLodPixels>100</minLodPixels>
			<maxLodPixels>-1</maxLodPixels>
		</Lod>
	</Region>
			<Polygon><altitudeMode>relativeToGround</altitudeMode>
				<outerBoundaryIs>
					<LinearRing>
						<coordinates>							6.032009076975,44.8030781144693,0 6.03202404302892,44.8029004815777,0 6.03195367709093,44.8028910537233,0 6.03188488537156,44.8028896916262,0 6.031903720358021,44.8029408929753,0 6.03197238293756,44.8030641617321,0 6.03200060436943,44.8030969965698,0 6.032009076975,44.8030781144693,0 
						</coordinates>
					</LinearRing>
				</outerBoundaryIs>
			</Polygon>
		</Placemark>
		<Placemark id="parcelles-des-personnes-morales_05_groupe_personne_4.63626">
		<styleUrl>#COM</styleUrl>			<visibility>0</visibility>
			<ExtendedData>
				<SchemaData schemaUrl="#parcelles-des-personnes-morales_05_groupe_personne_4.schema">
					<SimpleData name="Numero de Parcelle">051420000C0372</SimpleData>
					<SimpleData name="Departement">05</SimpleData>
					<SimpleData name="Commune">SAINT-FIRMIN</SimpleData>
					<SimpleData name="Adresse">DEVANT BRUDOUR</SimpleData>
					<SimpleData name="Groupe de personne">Commune</SimpleData>
					<SimpleData name="Forme Juridique Abregee">COM</SimpleData>
					<SimpleData name="Denomination">COMMUNE DE SAINT FIRMIN</SimpleData>
				</SchemaData>
			</ExtendedData>
	<Region>
		<LatLonAltBox>
			<north> 44.800631271605 </north>
			<south> 44.7994540159688 </south>
			<east> 6.008265881818611 </east>
			<west> 6.006700543946259 </west>
		</LatLonAltBox>
		<Lod>
			<minLodPixels>100</minLodPixels>
			<maxLodPixels>-1</maxLodPixels>
		</Lod>
	</Region>
			<Polygon><altitudeMode>relativeToGround</altitudeMode>
				<outerBoundaryIs>
					<LinearRing>
						<coordinates>							6.008265881818611,44.8005979479108,0 6.007926223326841,44.8003306562968,0 6.00784813533222,44.8002855641761,0 6.00777187297034,44.800234385953,0 6.007559178677129,44.8000505020945,0 6.00732562315233,44.7998834914276,0 6.0070272985592,44.7996719273336,0 6.006864145947719,44.7995553524526,0 6.006700543946259,44.7994540159688,0 6.00689769435201,44.7996218351475,0 6.007076953046811,44.7997674348692,0 6.007274203147851,44.7999347101689,0 6.007338639644,44.7999872006035,0 6.007414327379131,44.8000489360671,0 6.00768208064594,44.8002614188119,0 6.00782856797301,44.8003762824742,0 6.00802086952827,44.8005148597403,0 6.00816642017585,44.8006098369188,0 6.008203253730819,44.800631271605,0 6.008265881818611,44.8005979479108,0 
						</coordinates>
					</LinearRing>
				</outerBoundaryIs>
			</Polygon>
		</Placemark>
		<Placemark id="parcelles-des-personnes-morales_05_groupe_personne_4.63720">
		<styleUrl>#COM</styleUrl>			<visibility>0</visibility>
			<ExtendedData>
				<SchemaData schemaUrl="#parcelles-des-personnes-morales_05_groupe_personne_4.schema">
					<SimpleData name="Numero de Parcelle">051420000C0373</SimpleData>
					<SimpleData name="Departement">05</SimpleData>
					<SimpleData name="Commune">SAINT-FIRMIN</SimpleData>
					<SimpleData name="Adresse">DEVANT BRUDOUR</SimpleData>
					<SimpleData name="Groupe de personne">Commune</SimpleData>
					<SimpleData name="Forme Juridique Abregee">COM</SimpleData>
					<SimpleData name="Denomination">COMMUNE DE SAINT FIRMIN</SimpleData>
				</SchemaData>
			</ExtendedData>
	<Region>
		<LatLonAltBox>
			<north> 44.800452826909 </north>
			<south> 44.7995344598087 </south>
			<east> 6.00785987353206 </east>
			<west> 6.00652293030439 </west>
		</LatLonAltBox>
		<Lod>
			<minLodPixels>100</minLodPixels>
			<maxLodPixels>-1</maxLodPixels>
		</Lod>
	</Region>
			<Polygon><altitudeMode>relativeToGround</altitudeMode>
				<outerBoundaryIs>
					<LinearRing>
						<coordinates>							6.00674420335963,44.7995344598087,0 6.006595662400941,44.7996412896504,0 6.00652293030439,44.7996938969421,0 6.00653944381571,44.7997139912198,0 6.00660395876532,44.7998199976589,0 6.00661983091312,44.7998304689225,0 6.006646688058049,44.7998381195155,0 6.00671215275381,44.7998554444959,0 6.006770083959819,44.7998738747513,0 6.00682169594777,44.799894818912,0 6.00686227603216,44.7999153415134,0 6.00693313476385,44.7999436020121,0 6.00707335899071,44.8000029564011,0 6.00729848341307,44.8001093806904,0 6.00740124028289,44.800163804712,0 6.007498969287011,44.8002141304836,0 6.00760079269164,44.8002700212143,0 6.00768336725198,44.8003327409325,0 6.007833297954601,44.800452826909,0 6.00785987353206,44.8004410238517,0 6.00780556812937,44.8004005120231,0 6.00767652855237,44.800294815341,0 6.0075538726346,44.8001948917483,0 6.00743665682192,44.800102028224,0 6.00733589868091,44.8000258365805,0 6.00715935610944,44.7999073729036,0 6.007121520902059,44.7998790275857,0 6.00696081984832,44.7997184188737,0 6.006885737167909,44.7996537836102,0 6.00674420335963,44.7995344598087,0 
						</coordinates>
					</LinearRing>
				</outerBoundaryIs>
			</Polygon>
		</Placemark>
		<Placemark id="parcelles-des-personnes-morales_05_groupe_personne_4.63888">
		<styleUrl>#COM</styleUrl>			<visibility>0</visibility>
			<ExtendedData>
				<SchemaData schemaUrl="#parcelles-des-personnes-morales_05_groupe_personne_4.schema">
					<SimpleData name="Numero de Parcelle">051420000C0375</SimpleData>
					<SimpleData name="Departement">05</SimpleData>
					<SimpleData name="Commune">SAINT-FIRMIN</SimpleData>
					<SimpleData name="Adresse">COL DES PREAUX</SimpleData>
					<SimpleData name="Groupe de personne">Commune</SimpleData>
					<SimpleData name="Forme Juridique Abregee">COM</SimpleData>
					<SimpleData name="Denomination">COMMUNE DE SAINT FIRMIN</SimpleData>
				</SchemaData>
			</ExtendedData>
	<Region>
		<LatLonAltBox>
			<north> 44.8052635463154 </north>
			<south> 44.8037340047017 </south>
			<east> 6.02862174876275 </east>
			<west> 6.0256078778628 </west>
		</LatLonAltBox>
		<Lod>
			<minLodPixels>100</minLodPixels>
			<maxLodPixels>-1</maxLodPixels>
		</Lod>
	</Region>
			<Polygon><altitudeMode>relativeToGround</altitudeMode>
				<outerBoundaryIs>
					<LinearRing>
						<coordinates>							6.02798719115915,44.8038126934401,0 6.02798115203625,44.803832139418,0 6.02794693309352,44.8038852409522,0 6.027894811650099,44.8039161266887,0 6.02775150890798,44.8039576115993,0 6.02766025714291,44.8039856917068,0 6.027619494792519,44.8040113116774,0 6.02747048884746,44.8042335088428,0 6.027328295343679,44.8042932528303,0 6.02725441437849,44.8043501401543,0 6.02717224652582,44.8043730163817,0 6.027041673963169,44.8043008091509,0 6.02651097496309,44.804793269704,0 6.02641853904589,44.8048581411428,0 6.0261785717238,44.8049706473063,0 6.02607905505115,44.8050262514193,0 6.025806093998049,44.80513713459,0 6.0256078778628,44.8052635463154,0 6.02660164758821,44.8050574850377,0 6.02788780731675,44.8047795494637,0 6.02794433515684,44.8047693560935,0 6.02809582534847,44.8045392518327,0 6.02819408629743,44.8042514067818,0 6.0284653954034,44.8039480226253,0 6.02855241697634,44.803890775467,0 6.02861632144216,44.803843710207,0 6.02862174876275,44.8038176136299,0 6.02859394886319,44.8037690893523,0 6.02856889828464,44.8037340047017,0 6.02798719115915,44.8038126934401,0 
						</coordinates>
					</LinearRing>
				</outerBoundaryIs>
			</Polygon>
		</Placemark>
		<Placemark id="parcelles-des-personnes-morales_05_groupe_personne_4.63924">
		<styleUrl>#COM</styleUrl>			<visibility>0</visibility>
			<ExtendedData>
				<SchemaData schemaUrl="#parcelles-des-personnes-morales_05_groupe_personne_4.schema">
					<SimpleData name="Numero de Parcelle">05142000AD0376</SimpleData>
					<SimpleData name="Departement">05</SimpleData>
					<SimpleData name="Commune">SAINT-FIRMIN</SimpleData>
					<SimpleData name="Adresse">SOUS LA ROCHE</SimpleData>
					<SimpleData name="Groupe de personne">Commune</SimpleData>
					<SimpleData name="Forme Juridique Abregee">COM</SimpleData>
					<SimpleData name="Denomination">COMMUNE DE SAINT FIRMIN</SimpleData>
				</SchemaData>
			</ExtendedData>
	<Region>
		<LatLonAltBox>
			<north> 44.7774400923516 </north>
			<south> 44.7765489581597 </south>
			<east> 6.01794640839264 </east>
			<west> 6.0147162757252 </west>
		</LatLonAltBox>
		<Lod>
			<minLodPixels>100</minLodPixels>
			<maxLodPixels>-1</maxLodPixels>
		</Lod>
	</Region>
			<Polygon><altitudeMode>relativeToGround</altitudeMode>
				<outerBoundaryIs>
					<LinearRing>
						<coordinates>							6.01794640839264,44.7766019184467,0 6.01771856625268,44.7766744351338,0 6.01735448725859,44.7767893128523,0 6.01718486172159,44.7765489581597,0 6.017060011560011,44.7765654217329,0 6.01645245827517,44.7766854840026,0 6.01644203357372,44.77672694208,0 6.01569520711747,44.7767267279872,0 6.01560058748184,44.7767290328054,0 6.01558746529143,44.7766353287855,0 6.01520884413395,44.7765970700571,0 6.0149937694515,44.7767378874274,0 6.015088350524551,44.7767348634027,0 6.0152960885081,44.7766506461261,0 6.015430469385049,44.7766514940842,0 6.01550706070052,44.77670454903,0 6.01552141092959,44.776759838369,0 6.01493563145957,44.7769439891713,0 6.0147162757252,44.777016809229,0 6.014813633259419,44.7771929125586,0 6.014990826654141,44.7774400923516,0 6.01531396881944,44.7773589516718,0 6.01576214572728,44.7772506215517,0 6.015866508851501,44.7772695845905,0 6.01595100698811,44.7772483644135,0 6.0161270779673,44.7772434819002,0 6.01612930088825,44.7772212575519,0 6.016486354790631,44.7771663094912,0 6.016875361272079,44.7770609369975,0 6.01708941259187,44.777037810349,0 6.01714917822836,44.7770153706226,0 6.01712862293666,44.7769741253303,0 6.017595512133789,44.7769387972496,0 6.01763662014287,44.7769246136918,0 6.0177052865129,44.7769289603537,0 6.017711594874329,44.7768744600761,0 6.01783210576403,44.7768784758787,0 6.01788940981031,44.7766641061209,0 6.01793631090183,44.7766258889684,0 6.01794640839264,44.7766019184467,0 
						</coordinates>
					</LinearRing>
				</outerBoundaryIs>
			</Polygon>
		</Placemark>
		<Placemark id="parcelles-des-personnes-morales_05_groupe_personne_4.64207">
		<styleUrl>#COM</styleUrl>			<visibility>0</visibility>
			<ExtendedData>
				<SchemaData schemaUrl="#parcelles-des-personnes-morales_05_groupe_personne_4.schema">
					<SimpleData name="Numero de Parcelle">051420000D0379</SimpleData>
					<SimpleData name="Departement">05</SimpleData>
					<SimpleData name="Commune">SAINT-FIRMIN</SimpleData>
					<SimpleData name="Adresse">TRALOUSERRE</SimpleData>
					<SimpleData name="Groupe de personne">Commune</SimpleData>
					<SimpleData name="Forme Juridique Abregee">COM</SimpleData>
					<SimpleData name="Denomination">COMMUNE DE SAINT FIRMIN</SimpleData>
				</SchemaData>
			</ExtendedData>
	<Region>
		<LatLonAltBox>
			<north> 44.8037441859121 </north>
			<south> 44.8027393988533 </south>
			<east> 6.02932012358738 </east>
			<west> 6.02843283461747 </west>
		</LatLonAltBox>
		<Lod>
			<minLodPixels>100</minLodPixels>
			<maxLodPixels>-1</maxLodPixels>
		</Lod>
	</Region>
			<Polygon><altitudeMode>relativeToGround</altitudeMode>
				<outerBoundaryIs>
					<LinearRing>
						<coordinates>							6.029215630466839,44.8027393988533,0 6.02912772950547,44.8028155011446,0 6.028999236679,44.8030917395627,0 6.02892748050404,44.8031692025155,0 6.02883400376655,44.8032451866063,0 6.02869180080213,44.8032952921737,0 6.028465818923179,44.8033618317235,0 6.02860942315421,44.803539636789,0 6.02843283461747,44.8035740132213,0 6.02864474704966,44.8037441859121,0 6.028929857488701,44.8034151959652,0 6.02929832886803,44.8030315802266,0 6.02930306505179,44.8029668503347,0 6.02932012358738,44.8029311557591,0 6.02928990878718,44.8028753996957,0 6.0292808421897,44.8028081638395,0 6.029215630466839,44.8027393988533,0 
						</coordinates>
					</LinearRing>
				</outerBoundaryIs>
			</Polygon>
		</Placemark>
		<Placemark id="parcelles-des-personnes-morales_05_groupe_personne_4.64237">
		<styleUrl>#COM</styleUrl>			<visibility>0</visibility>
			<ExtendedData>
				<SchemaData schemaUrl="#parcelles-des-personnes-morales_05_groupe_personne_4.schema">
					<SimpleData name="Numero de Parcelle">051420000C0379</SimpleData>
					<SimpleData name="Departement">05</SimpleData>
					<SimpleData name="Commune">SAINT-FIRMIN</SimpleData>
					<SimpleData name="Adresse">COL DES PREAUX</SimpleData>
					<SimpleData name="Groupe de personne">Commune</SimpleData>
					<SimpleData name="Forme Juridique Abregee">COM</SimpleData>
					<SimpleData name="Denomination">COMMUNE DE SAINT FIRMIN</SimpleData>
				</SchemaData>
			</ExtendedData>
	<Region>
		<LatLonAltBox>
			<north> 44.8050660471446 </north>
			<south> 44.7990010762217 </south>
			<east> 6.026441856599571 </east>
			<west> 6.02275705147811 </west>
		</LatLonAltBox>
		<Lod>
			<minLodPixels>100</minLodPixels>
			<maxLodPixels>-1</maxLodPixels>
		</Lod>
	</Region>
			<Polygon><altitudeMode>relativeToGround</altitudeMode>
				<outerBoundaryIs>
					<LinearRing>
						<coordinates>							6.025110394365151,44.8027580687173,0 6.02492000696683,44.8022822302915,0 6.02498822241746,44.8017228420476,0 6.02494771762125,44.8017508866477,0 6.02468850707352,44.8014727992454,0 6.02442068404112,44.8011851256242,0 6.024521162616751,44.801105170221,0 6.02598785648425,44.7999395482159,0 6.025985330870951,44.7999302469626,0 6.025726672495891,44.7999326223431,0 6.02572237140689,44.7999326496448,0 6.025362693112619,44.7999367003253,0 6.025319874790351,44.7997595649474,0 6.024438896787581,44.7999670443772,0 6.024311802566621,44.7997758101924,0 6.02427150689227,44.7997113182397,0 6.024081733907731,44.7994064684757,0 6.02398978705026,44.799367441667,0 6.023963428365141,44.7993596915212,0 6.02367103892282,44.7992736953002,0 6.02386858335284,44.7990010762217,0 6.02368138637571,44.7991320494095,0 6.02353721593376,44.7992513072268,0 6.02344676267701,44.7993435119103,0 6.0233197317549,44.7995320377305,0 6.02280763137845,44.8003182326452,0 6.02275705147811,44.8005612545112,0 6.022775637453821,44.8005774158187,0 6.02280538464573,44.8005822808252,0 6.02288552536766,44.8005664906768,0 6.023028257446839,44.8005333165353,0 6.02320547433222,44.8005083917203,0 6.02331936152438,44.8004988887382,0 6.02343126794074,44.8005019632778,0 6.02355114667733,44.8005191458318,0 6.023642808117171,44.8005363771407,0 6.0238784773173,44.8006241010961,0 6.02396147722136,44.8006708502651,0 6.02397688420261,44.8006914228053,0 6.023974712864059,44.8007333775994,0 6.023952725888851,44.8007574929569,0 6.02390469473399,44.8007773633705,0 6.02385841470834,44.8007897979607,0 6.0237659543024,44.8008259266106,0 6.02367953733884,44.8008732426819,0 6.02360379798334,44.8009426117407,0 6.02346673024281,44.8010975346697,0 6.023403295736869,44.8011909845239,0 6.02331061659401,44.8013571301107,0 6.02319791757809,44.8015698616581,0 6.02309937588636,44.8017799545535,0 6.022976596907911,44.8020288197436,0 6.02288981167365,44.8022763429026,0 6.02280675197871,44.802637828459,0 6.02281575340592,44.8027439887384,0 6.02286594078716,44.8028488457686,0 6.02290176416739,44.8028984139039,0 6.02331248261124,44.8032381452912,0 6.0242157067467,44.8039790722641,0 6.024761170432519,44.8044447741643,0 6.02493272271435,44.8045965036827,0 6.02510747474512,44.8047183231668,0 6.025272566048469,44.8048346397501,0 6.02532426316402,44.8048780978659,0 6.02543761678286,44.8050183506536,0 6.025485872256919,44.8050660471446,0 6.0255924597222,44.8049654718101,0 6.02561305683895,44.8049178784255,0 6.02561989935314,44.8048404775387,0 6.02557753833833,44.8045802588484,0 6.025546526491531,44.8044579410198,0 6.025485172027629,44.8043056377087,0 6.02544528009881,44.8041594159155,0 6.025345179049539,44.8040372716807,0 6.02551396375088,44.8039566225843,0 6.02549206973689,44.8038649596021,0 6.02543578625184,44.8038702797637,0 6.02540744591534,44.8036800451402,0 6.025717905278749,44.803638145637,0 6.02573903116925,44.8037883933388,0 6.02588575211364,44.8036881638596,0 6.02591184349764,44.803766107384,0 6.026441856599571,44.8039118338637,0 6.026116988011849,44.802805016807,0 6.02545742988249,44.8030524089463,0 6.025554363446559,44.8033225805726,0 6.025050717210321,44.8035324686296,0 6.0248614555533,44.8034396062167,0 6.02479200788008,44.8032309418822,0 6.02471887513531,44.8030807616392,0 6.02475001029276,44.8029773804967,0 6.02490288229314,44.8029373502227,0 6.02495294781883,44.8029105764363,0 6.02508315955097,44.8027740384878,0 6.025110394365151,44.8027580687173,0 
						</coordinates>
					</LinearRing>
				</outerBoundaryIs>
				<innerBoundaryIs>
					<LinearRing>
						<coordinates>							6.02413061056827,44.8001006913204,0 6.02446617730468,44.8002811024214,0 6.024879080105051,44.8005581497235,0 6.024676267859601,44.8008504657344,0 6.02402703443549,44.8002665041444,0 6.02413061056827,44.8001006913204,0 
						</coordinates>
					</LinearRing>
				</innerBoundaryIs>
			</Polygon>
		</Placemark>
		<Placemark id="parcelles-des-personnes-morales_05_groupe_personne_4.64296">
		<styleUrl>#COM</styleUrl>			<visibility>0</visibility>
			<ExtendedData>
				<SchemaData schemaUrl="#parcelles-des-personnes-morales_05_groupe_personne_4.schema">
					<SimpleData name="Numero de Parcelle">051420000C0038</SimpleData>
					<SimpleData name="Departement">05</SimpleData>
					<SimpleData name="Commune">SAINT-FIRMIN</SimpleData>
					<SimpleData name="Adresse">COMBE BONNE</SimpleData>
					<SimpleData name="Groupe de personne">Commune</SimpleData>
					<SimpleData name="Forme Juridique Abregee">COM</SimpleData>
					<SimpleData name="Denomination">COMMUNE DE SAINT FIRMIN</SimpleData>
				</SchemaData>
			</ExtendedData>
	<Region>
		<LatLonAltBox>
			<north> 44.813722512935 </north>
			<south> 44.8106180382214 </south>
			<east> 6.02932963691757 </east>
			<west> 6.02656823749884 </west>
		</LatLonAltBox>
		<Lod>
			<minLodPixels>100</minLodPixels>
			<maxLodPixels>-1</maxLodPixels>
		</Lod>
	</Region>
			<Polygon><altitudeMode>relativeToGround</altitudeMode>
				<outerBoundaryIs>
					<LinearRing>
						<coordinates>							6.02932963691757,44.813107334182,0 6.027380976983769,44.8134544589167,0 6.02710516854924,44.8130410490225,0 6.02709814581528,44.8130305190334,0 6.0269599694255,44.8126742578435,0 6.0268701179506,44.8124795753429,0 6.02678060000799,44.8121759546634,0 6.02686078713495,44.811801298609,0 6.02686098658984,44.811800302081,0 6.02686382376096,44.8116532740669,0 6.026864738835109,44.8116138760673,0 6.02690565066764,44.8113489509406,0 6.02695794784048,44.8110110956479,0 6.02695982116296,44.8109988812166,0 6.026975696229411,44.8106521995784,0 6.026771596838259,44.8106180382214,0 6.02673756137051,44.8107075341066,0 6.02657052820501,44.8115470358589,0 6.02656823749884,44.8122258098942,0 6.026587215812711,44.8123431406081,0 6.02679507503949,44.8127782281197,0 6.02709518350547,44.8133349526295,0 6.02729458678324,44.8136388166718,0 6.02730048190999,44.8137153295577,0 6.02733452370464,44.8137222386803,0 6.02739377652134,44.813722512935,0 6.02744711387431,44.8137187140452,0 6.02754845522983,44.8137154964476,0 6.02771304866114,44.813688117031,0 6.02780223863062,44.8136731578093,0 6.02812225266504,44.8135750407767,0 6.028353790491319,44.8134933947228,0 6.02859353025329,44.8133572847974,0 6.02878882505272,44.8132490576036,0 6.02932963691757,44.813107334182,0 
						</coordinates>
					</LinearRing>
				</outerBoundaryIs>
			</Polygon>
		</Placemark>
		<Placemark id="parcelles-des-personnes-morales_05_groupe_personne_4.64428">
		<styleUrl>#COM</styleUrl>			<visibility>0</visibility>
			<ExtendedData>
				<SchemaData schemaUrl="#parcelles-des-personnes-morales_05_groupe_personne_4.schema">
					<SimpleData name="Numero de Parcelle">051420000D0038</SimpleData>
					<SimpleData name="Departement">05</SimpleData>
					<SimpleData name="Commune">SAINT-FIRMIN</SimpleData>
					<SimpleData name="Adresse">LA LAUZIERE</SimpleData>
					<SimpleData name="Groupe de personne">Commune</SimpleData>
					<SimpleData name="Forme Juridique Abregee">COM</SimpleData>
					<SimpleData name="Denomination">COMMUNE DE SAINT FIRMIN</SimpleData>
				</SchemaData>
			</ExtendedData>
	<Region>
		<LatLonAltBox>
			<north> 44.8030444589291 </north>
			<south> 44.8001461468779 </south>
			<east> 6.04529174939468 </east>
			<west> 6.041718339637489 </west>
		</LatLonAltBox>
		<Lod>
			<minLodPixels>100</minLodPixels>
			<maxLodPixels>-1</maxLodPixels>
		</Lod>
	</Region>
			<Polygon><altitudeMode>relativeToGround</altitudeMode>
				<outerBoundaryIs>
					<LinearRing>
						<coordinates>							6.042767581096139,44.8001461468779,0 6.042680921096561,44.8002120452313,0 6.042890586735779,44.8003611698947,0 6.04283296107518,44.8003953674783,0 6.042837279250431,44.8004517408938,0 6.042953464946119,44.8004660307467,0 6.04314205122114,44.8005927584337,0 6.04318019850946,44.8007059565025,0 6.04313862283675,44.8007210631728,0 6.04298390087112,44.8007406273253,0 6.042803290970009,44.8006981029954,0 6.042707422165649,44.8006640642638,0 6.04258550503367,44.800602359291,0 6.042607564406371,44.8005610291634,0 6.04233987723828,44.8005509871193,0 6.04235322644266,44.8005801731493,0 6.041718339637489,44.8007953626988,0 6.04174297271628,44.801079759282,0 6.04173837281744,44.8011911574862,0 6.04176426783201,44.8013702841043,0 6.04178165487464,44.8015231551436,0 6.041751840986561,44.8017251638168,0 6.04176265630348,44.8019576823422,0 6.041782323468161,44.8021152660886,0 6.041768757608159,44.8022363707268,0 6.04182990552818,44.8024705715616,0 6.04183176451856,44.8026217964719,0 6.04185352543036,44.8027666188666,0 6.04184994469724,44.8028641139557,0 6.04187084463741,44.8030444589291,0 6.0423736448704,44.8028247852304,0 6.04278872095271,44.8026187794202,0 6.04325397364069,44.8025050973638,0 6.043641667198369,44.8024034536749,0 6.04380683134737,44.80233828225,0 6.043854358299049,44.802332562423,0 6.04423918659037,44.8021033251004,0 6.04464865854041,44.8018501640088,0 6.04529174939468,44.8014360640843,0 6.04502678402566,44.800936896686,0 6.04462494679301,44.8008053075438,0 6.04440324083318,44.8007447234385,0 6.04420246265805,44.8006522998835,0 6.04406635848811,44.8005973831155,0 6.04362998606703,44.8004682705478,0 6.043392109350661,44.8003801077559,0 6.04325629836843,44.8002908543407,0 6.04315023286505,44.8002507890261,0 6.04309351915842,44.80023405589,0 6.042767581096139,44.8001461468779,0 
						</coordinates>
					</LinearRing>
				</outerBoundaryIs>
			</Polygon>
		</Placemark>
		<Placemark id="parcelles-des-personnes-morales_05_groupe_personne_4.64517">
		<styleUrl>#COM</styleUrl>			<visibility>0</visibility>
			<ExtendedData>
				<SchemaData schemaUrl="#parcelles-des-personnes-morales_05_groupe_personne_4.schema">
					<SimpleData name="Numero de Parcelle">051420000C0380</SimpleData>
					<SimpleData name="Departement">05</SimpleData>
					<SimpleData name="Commune">SAINT-FIRMIN</SimpleData>
					<SimpleData name="Adresse">COL DES PREAUX</SimpleData>
					<SimpleData name="Groupe de personne">Commune</SimpleData>
					<SimpleData name="Forme Juridique Abregee">COM</SimpleData>
					<SimpleData name="Denomination">COMMUNE DE SAINT FIRMIN</SimpleData>
				</SchemaData>
			</ExtendedData>
	<Region>
		<LatLonAltBox>
			<north> 44.8052866006165 </north>
			<south> 44.8029642965632 </south>
			<east> 6.025148622846899 </east>
			<west> 6.022083696452259 </west>
		</LatLonAltBox>
		<Lod>
			<minLodPixels>100</minLodPixels>
			<maxLodPixels>-1</maxLodPixels>
		</Lod>
	</Region>
			<Polygon><altitudeMode>relativeToGround</altitudeMode>
				<outerBoundaryIs>
					<LinearRing>
						<coordinates>							6.025148622846899,44.8052451755665,0 6.02509141788204,44.8051534849359,0 6.02503706546161,44.8050395522999,0 6.0250222376051,44.8049545438484,0 6.02502089280154,44.8048943048773,0 6.02409906850893,44.8041703788821,0 6.02390293583932,44.8042320402471,0 6.02356358464403,44.8039182044939,0 6.022544127741,44.8029642965632,0 6.022083696452259,44.8031307366855,0 6.023400315674859,44.8042378203735,0 6.02414677486811,44.8048568864411,0 6.024187054599791,44.8048975030812,0 6.024224862378231,44.8049768392367,0 6.024323797673629,44.8052866006165,0 6.025148622846899,44.8052451755665,0 
						</coordinates>
					</LinearRing>
				</outerBoundaryIs>
			</Polygon>
		</Placemark>
		<Placemark id="parcelles-des-personnes-morales_05_groupe_personne_4.64570">
		<styleUrl>#COM</styleUrl>			<visibility>0</visibility>
			<ExtendedData>
				<SchemaData schemaUrl="#parcelles-des-personnes-morales_05_groupe_personne_4.schema">
					<SimpleData name="Numero de Parcelle">051420000D0381</SimpleData>
					<SimpleData name="Departement">05</SimpleData>
					<SimpleData name="Commune">SAINT-FIRMIN</SimpleData>
					<SimpleData name="Adresse">LES LUMIERES</SimpleData>
					<SimpleData name="Groupe de personne">Commune</SimpleData>
					<SimpleData name="Forme Juridique Abregee">COM</SimpleData>
					<SimpleData name="Denomination">COMMUNE DE SAINT FIRMIN</SimpleData>
				</SchemaData>
			</ExtendedData>
	<Region>
		<LatLonAltBox>
			<north> 44.8045142840282 </north>
			<south> 44.8034764582263 </south>
			<east> 6.029415090580659 </east>
			<west> 6.02853046912822 </west>
		</LatLonAltBox>
		<Lod>
			<minLodPixels>100</minLodPixels>
			<maxLodPixels>-1</maxLodPixels>
		</Lod>
	</Region>
			<Polygon><altitudeMode>relativeToGround</altitudeMode>
				<outerBoundaryIs>
					<LinearRing>
						<coordinates>							6.029415090580659,44.8044719446806,0 6.02940509073531,44.8044014907497,0 6.029252762285899,44.8042239249249,0 6.029217601938019,44.8041421754266,0 6.02920458356156,44.8040767593821,0 6.02921150506008,44.8039868323344,0 6.029163570457029,44.8039615631316,0 6.0291750346712,44.8039300758627,0 6.029167313651629,44.803869019988,0 6.029141913132249,44.8037875443909,0 6.029257652467279,44.8037817689747,0 6.02923889759921,44.8036850653875,0 6.029209586452801,44.8036296449797,0 6.02912785359552,44.8035619620275,0 6.029000813313631,44.8034942556008,0 6.028977540303751,44.8035109289873,0 6.02891683445238,44.8034764582263,0 6.028672958607529,44.803765128857,0 6.02867962847358,44.8037926068073,0 6.02867960023509,44.8038249528621,0 6.02866300684452,44.8038669415035,0 6.02853046912822,44.803957867588,0 6.0286867873163,44.8040357666955,0 6.02866413726225,44.8041226996575,0 6.0288553885914,44.8040269257358,0 6.029038416308121,44.8042199610407,0 6.02913567663018,44.8041789216498,0 6.029355993502339,44.8045142840282,0 6.029415090580659,44.8044719446806,0 
						</coordinates>
					</LinearRing>
				</outerBoundaryIs>
			</Polygon>
		</Placemark>
		<Placemark id="parcelles-des-personnes-morales_05_groupe_personne_4.64606">
		<styleUrl>#COM</styleUrl>			<visibility>0</visibility>
			<ExtendedData>
				<SchemaData schemaUrl="#parcelles-des-personnes-morales_05_groupe_personne_4.schema">
					<SimpleData name="Numero de Parcelle">051420000C0381</SimpleData>
					<SimpleData name="Departement">05</SimpleData>
					<SimpleData name="Commune">SAINT-FIRMIN</SimpleData>
					<SimpleData name="Adresse">COL DES PREAUX</SimpleData>
					<SimpleData name="Groupe de personne">Commune</SimpleData>
					<SimpleData name="Forme Juridique Abregee">COM</SimpleData>
					<SimpleData name="Denomination">COMMUNE DE SAINT FIRMIN</SimpleData>
				</SchemaData>
			</ExtendedData>
	<Region>
		<LatLonAltBox>
			<north> 44.8052451755665 </north>
			<south> 44.8008745333372 </south>
			<east> 6.02542980429946 </east>
			<west> 6.02102062238965 </west>
		</LatLonAltBox>
		<Lod>
			<minLodPixels>100</minLodPixels>
			<maxLodPixels>-1</maxLodPixels>
		</Lod>
	</Region>
			<Polygon><altitudeMode>relativeToGround</altitudeMode>
				<outerBoundaryIs>
					<LinearRing>
						<coordinates>							6.025148622846899,44.8052451755665,0 6.02526462403624,44.8052348022549,0 6.02542980429946,44.8050824434666,0 6.02526318936152,44.804893189142,0 6.024838732935269,44.8045690655663,0 6.024725355939761,44.8044871063804,0 6.02441796642684,44.8042405151595,0 6.02429555674513,44.804127087472,0 6.02420234527248,44.8040294412028,0 6.02309390374711,44.8031413043179,0 6.02283621586292,44.802933807839,0 6.022707877544539,44.8026512461552,0 6.02268967585645,44.8025881332792,0 6.02270536163347,44.8023880484539,0 6.02233048060147,44.8008745333372,0 6.02214388646283,44.8010451303901,0 6.02102494903622,44.8021255403475,0 6.02102062238965,44.8021674636807,0 6.021997939947429,44.8030586535347,0 6.022083696452259,44.8031307366855,0 6.022544127741,44.8029642965632,0 6.02356358464403,44.8039182044939,0 6.02390293583932,44.8042320402471,0 6.02409906850893,44.8041703788821,0 6.02502089280154,44.8048943048773,0 6.0250222376051,44.8049545438484,0 6.02503706546161,44.8050395522999,0 6.02509141788204,44.8051534849359,0 6.025148622846899,44.8052451755665,0 
						</coordinates>
					</LinearRing>
				</outerBoundaryIs>
			</Polygon>
		</Placemark>
		<Placemark id="parcelles-des-personnes-morales_05_groupe_personne_4.64699">
		<styleUrl>#COM</styleUrl>			<visibility>0</visibility>
			<ExtendedData>
				<SchemaData schemaUrl="#parcelles-des-personnes-morales_05_groupe_personne_4.schema">
					<SimpleData name="Numero de Parcelle">051420000C0382</SimpleData>
					<SimpleData name="Departement">05</SimpleData>
					<SimpleData name="Commune">SAINT-FIRMIN</SimpleData>
					<SimpleData name="Adresse">COL DES PREAUX</SimpleData>
					<SimpleData name="Groupe de personne">Commune</SimpleData>
					<SimpleData name="Forme Juridique Abregee">COM</SimpleData>
					<SimpleData name="Denomination">COMMUNE DE SAINT FIRMIN</SimpleData>
				</SchemaData>
			</ExtendedData>
	<Region>
		<LatLonAltBox>
			<north> 44.8024696720625 </north>
			<south> 44.8005491927546 </south>
			<east> 6.023850454951271 </east>
			<west> 6.02239080515006 </west>
		</LatLonAltBox>
		<Lod>
			<minLodPixels>100</minLodPixels>
			<maxLodPixels>-1</maxLodPixels>
		</Lod>
	</Region>
			<Polygon><altitudeMode>relativeToGround</altitudeMode>
				<outerBoundaryIs>
					<LinearRing>
						<coordinates>							6.02245342466376,44.8011086794181,0 6.02275390983398,44.802410690746,0 6.022771636173989,44.8024696720625,0 6.02286352170889,44.8021522740898,0 6.023075420575981,44.8016687061475,0 6.023182953348109,44.8014587284688,0 6.023293821969031,44.8012590209675,0 6.02342149938433,44.8010659726447,0 6.02355635607862,44.8009099388079,0 6.02363205622494,44.8008421926156,0 6.0236859811058,44.8008072053002,0 6.023819374680621,44.8007392367506,0 6.02384598384532,44.8007140042591,0 6.023850454951271,44.8006912677041,0 6.02383741935771,44.8006724324204,0 6.02380091968255,44.8006526154193,0 6.023644769120451,44.8005939863482,0 6.02350975933759,44.8005613593504,0 6.02343965047893,44.8005519192089,0 6.02331498143391,44.8005491927546,0 6.02318516823854,44.8005566974222,0 6.02301794985428,44.8005745921909,0 6.022917449340021,44.8005953524416,0 6.02275376090701,44.8006482887373,0 6.02269379706329,44.8006510050014,0 6.02266523549674,44.8006470086144,0 6.02264215319857,44.8006343035135,0 6.022625173381009,44.8006080074217,0 6.02261568710151,44.8006057433424,0 6.02239080515006,44.8008267584833,0 6.02245342466376,44.8011086794181,0 
						</coordinates>
					</LinearRing>
				</outerBoundaryIs>
			</Polygon>
		</Placemark>
		<Placemark id="parcelles-des-personnes-morales_05_groupe_personne_4.64753">
		<styleUrl>#COM</styleUrl>			<visibility>0</visibility>
			<ExtendedData>
				<SchemaData schemaUrl="#parcelles-des-personnes-morales_05_groupe_personne_4.schema">
					<SimpleData name="Numero de Parcelle">051420000D0383</SimpleData>
					<SimpleData name="Departement">05</SimpleData>
					<SimpleData name="Commune">SAINT-FIRMIN</SimpleData>
					<SimpleData name="Adresse">LES LUMIERES</SimpleData>
					<SimpleData name="Groupe de personne">Commune</SimpleData>
					<SimpleData name="Forme Juridique Abregee">COM</SimpleData>
					<SimpleData name="Denomination">COMMUNE DE SAINT FIRMIN</SimpleData>
				</SchemaData>
			</ExtendedData>
	<Region>
		<LatLonAltBox>
			<north> 44.8056818798505 </north>
			<south> 44.8042954063423 </south>
			<east> 6.028778019218899 </east>
			<west> 6.027639118706851 </west>
		</LatLonAltBox>
		<Lod>
			<minLodPixels>100</minLodPixels>
			<maxLodPixels>-1</maxLodPixels>
		</Lod>
	</Region>
			<Polygon><altitudeMode>relativeToGround</altitudeMode>
				<outerBoundaryIs>
					<LinearRing>
						<coordinates>							6.027891252370521,44.8056818798505,0 6.027833401290529,44.805622913816,0 6.02787808187813,44.8055643008871,0 6.0278815061112,44.8055104186791,0 6.0279007550272,44.8054636725204,0 6.02791125925353,44.8053861713837,0 6.028337125430441,44.80532507512,0 6.02858263742639,44.8052380006466,0 6.02859370348336,44.8051685929246,0 6.02861446416371,44.8051146875612,0 6.02871118345532,44.8050213162369,0 6.02874023852019,44.8049452002559,0 6.028778019218899,44.8047773960862,0 6.02868346096848,44.8043708430298,0 6.02854651425687,44.8043400766768,0 6.02823910693111,44.8042954063423,0 6.02819059047031,44.8044471957302,0 6.02800862915243,44.8047647168621,0 6.02796494442832,44.8050860292494,0 6.027905152892861,44.8052188454358,0 6.02779748607006,44.8053838728576,0 6.02767428028199,44.8055447295285,0 6.027639118706851,44.8056555196122,0 6.027891252370521,44.8056818798505,0 
						</coordinates>
					</LinearRing>
				</outerBoundaryIs>
			</Polygon>
		</Placemark>
		<Placemark id="parcelles-des-personnes-morales_05_groupe_personne_4.64952">
		<styleUrl>#COM</styleUrl>			<visibility>0</visibility>
			<ExtendedData>
				<SchemaData schemaUrl="#parcelles-des-personnes-morales_05_groupe_personne_4.schema">
					<SimpleData name="Numero de Parcelle">051420000C0385</SimpleData>
					<SimpleData name="Departement">05</SimpleData>
					<SimpleData name="Commune">SAINT-FIRMIN</SimpleData>
					<SimpleData name="Adresse">COL DES PREAUX</SimpleData>
					<SimpleData name="Groupe de personne">Commune</SimpleData>
					<SimpleData name="Forme Juridique Abregee">COM</SimpleData>
					<SimpleData name="Denomination">COMMUNE DE SAINT FIRMIN</SimpleData>
				</SchemaData>
			</ExtendedData>
	<Region>
		<LatLonAltBox>
			<north> 44.7997113182397 </north>
			<south> 44.7987846774939 </south>
			<east> 6.02500114278318 </east>
			<west> 6.023963428365141 </west>
		</LatLonAltBox>
		<Lod>
			<minLodPixels>100</minLodPixels>
			<maxLodPixels>-1</maxLodPixels>
		</Lod>
	</Region>
			<Polygon><altitudeMode>relativeToGround</altitudeMode>
				<outerBoundaryIs>
					<LinearRing>
						<coordinates>							6.02427150689227,44.7997113182397,0 6.02500114278318,44.7995040058352,0 6.02498499290952,44.7992980320618,0 6.02469217879581,44.7988115646505,0 6.024607719209019,44.7987846774939,0 6.023963428365141,44.7993596915212,0 6.02398978705026,44.799367441667,0 6.024081733907731,44.7994064684757,0 6.02427150689227,44.7997113182397,0 
						</coordinates>
					</LinearRing>
				</outerBoundaryIs>
			</Polygon>
		</Placemark>
		<Placemark id="parcelles-des-personnes-morales_05_groupe_personne_4.65323">
		<styleUrl>#COM</styleUrl>			<visibility>0</visibility>
			<ExtendedData>
				<SchemaData schemaUrl="#parcelles-des-personnes-morales_05_groupe_personne_4.schema">
					<SimpleData name="Numero de Parcelle">051420000A0039</SimpleData>
					<SimpleData name="Departement">05</SimpleData>
					<SimpleData name="Commune">SAINT-FIRMIN</SimpleData>
					<SimpleData name="Adresse">SERRE DE L AIGLE</SimpleData>
					<SimpleData name="Groupe de personne">Commune</SimpleData>
					<SimpleData name="Forme Juridique Abregee">COM</SimpleData>
					<SimpleData name="Denomination">COMMUNE DE SAINT FIRMIN</SimpleData>
				</SchemaData>
			</ExtendedData>
	<Region>
		<LatLonAltBox>
			<north> 44.7908287805182 </north>
			<south> 44.7903823747814 </south>
			<east> 5.995420556848859 </east>
			<west> 5.99478710670243 </west>
		</LatLonAltBox>
		<Lod>
			<minLodPixels>100</minLodPixels>
			<maxLodPixels>-1</maxLodPixels>
		</Lod>
	</Region>
			<Polygon><altitudeMode>relativeToGround</altitudeMode>
				<outerBoundaryIs>
					<LinearRing>
						<coordinates>							5.995420556848859,44.7904062017692,0 5.9953820893156,44.7903823747814,0 5.99530553706014,44.7904178694176,0 5.99524265659345,44.7904558776107,0 5.99518620958619,44.7905006493325,0 5.995125818327989,44.7905568797596,0 5.99508799120382,44.7906020492168,0 5.995054894751711,44.7906433968713,0 5.9949969211172,44.7906619015912,0 5.99493869983429,44.7906733854517,0 5.994903889727611,44.7906920750683,0 5.99479934184716,44.7908029256424,0 5.99478710670243,44.7908226269683,0 5.99486613220714,44.7908287805182,0 5.99492010571563,44.7908254300622,0 5.99495687672782,44.7908031736943,0 5.99504617857119,44.7907362515229,0 5.995119947376599,44.7906936245826,0 5.99517757005763,44.7906495418984,0 5.99527691751667,44.7905455887179,0 5.995420556848859,44.7904062017692,0 
						</coordinates>
					</LinearRing>
				</outerBoundaryIs>
			</Polygon>
		</Placemark>
		<Placemark id="parcelles-des-personnes-morales_05_groupe_personne_4.65401">
		<styleUrl>#COM</styleUrl>			<visibility>0</visibility>
			<ExtendedData>
				<SchemaData schemaUrl="#parcelles-des-personnes-morales_05_groupe_personne_4.schema">
					<SimpleData name="Numero de Parcelle">05142000AC0039</SimpleData>
					<SimpleData name="Departement">05</SimpleData>
					<SimpleData name="Commune">SAINT-FIRMIN</SimpleData>
					<SimpleData name="Adresse">LA BROUE</SimpleData>
					<SimpleData name="Groupe de personne">Commune</SimpleData>
					<SimpleData name="Forme Juridique Abregee">COM</SimpleData>
					<SimpleData name="Denomination">COMMUNE DE SAINT FIRMIN</SimpleData>
				</SchemaData>
			</ExtendedData>
	<Region>
		<LatLonAltBox>
			<north> 44.7813046754851 </north>
			<south> 44.781143570011 </south>
			<east> 5.99115293156807 </east>
			<west> 5.991080018204309 </west>
		</LatLonAltBox>
		<Lod>
			<minLodPixels>100</minLodPixels>
			<maxLodPixels>-1</maxLodPixels>
		</Lod>
	</Region>
			<Polygon><altitudeMode>relativeToGround</altitudeMode>
				<outerBoundaryIs>
					<LinearRing>
						<coordinates>							5.99108387489319,44.7812249530943,0 5.99111771848451,44.7813046754851,0 5.99115293156807,44.7812128182001,0 5.99112824743607,44.781143570011,0 5.991080018204309,44.7811500973594,0 5.99108387489319,44.7812249530943,0 
						</coordinates>
					</LinearRing>
				</outerBoundaryIs>
			</Polygon>
		</Placemark>
		<Placemark id="parcelles-des-personnes-morales_05_groupe_personne_4.65403">
		<styleUrl>#COM</styleUrl>			<visibility>0</visibility>
			<ExtendedData>
				<SchemaData schemaUrl="#parcelles-des-personnes-morales_05_groupe_personne_4.schema">
					<SimpleData name="Numero de Parcelle">05142000AD0039</SimpleData>
					<SimpleData name="Departement">05</SimpleData>
					<SimpleData name="Commune">SAINT-FIRMIN</SimpleData>
					<SimpleData name="Adresse">COSTE CHASTELLANNE</SimpleData>
					<SimpleData name="Groupe de personne">Commune</SimpleData>
					<SimpleData name="Forme Juridique Abregee">COM</SimpleData>
					<SimpleData name="Denomination">COMMUNE DE SAINT FIRMIN</SimpleData>
				</SchemaData>
			</ExtendedData>
	<Region>
		<LatLonAltBox>
			<north> 44.7820593432575 </north>
			<south> 44.7801403941027 </south>
			<east> 6.01326361038932 </east>
			<west> 6.01144404419065 </west>
		</LatLonAltBox>
		<Lod>
			<minLodPixels>100</minLodPixels>
			<maxLodPixels>-1</maxLodPixels>
		</Lod>
	</Region>
			<Polygon><altitudeMode>relativeToGround</altitudeMode>
				<outerBoundaryIs>
					<LinearRing>
						<coordinates>							6.0129766101892,44.7807504381728,0 6.01247282360021,44.7801403941027,0 6.012402578166209,44.7801987043332,0 6.012258386000191,44.7803477700321,0 6.01206385520006,44.7804875723796,0 6.01201568372378,44.7805258214325,0 6.011865244250499,44.7806692901946,0 6.01144404419065,44.7808473263546,0 6.011952956857481,44.7815838218907,0 6.01145879608855,44.7818759214919,0 6.01175110810808,44.7820593432575,0 6.012354640948199,44.7819220289687,0 6.01239957726243,44.7818611633014,0 6.01245641652573,44.7818123173188,0 6.01254896467996,44.7817405169211,0 6.0126645009155,44.781672776527,0 6.01277653565347,44.7816128795363,0 6.012701871283211,44.7814943597658,0 6.01308374087635,44.7814085662901,0 6.01326361038932,44.7810094113915,0 6.01312705056352,44.7810129444216,0 6.0129766101892,44.7807504381728,0 
						</coordinates>
					</LinearRing>
				</outerBoundaryIs>
			</Polygon>
		</Placemark>
		<Placemark id="parcelles-des-personnes-morales_05_groupe_personne_4.65471">
		<styleUrl>#COM</styleUrl>			<visibility>0</visibility>
			<ExtendedData>
				<SchemaData schemaUrl="#parcelles-des-personnes-morales_05_groupe_personne_4.schema">
					<SimpleData name="Numero de Parcelle">051420000D0039</SimpleData>
					<SimpleData name="Departement">05</SimpleData>
					<SimpleData name="Commune">SAINT-FIRMIN</SimpleData>
					<SimpleData name="Adresse">LA LAUZIERE</SimpleData>
					<SimpleData name="Groupe de personne">Commune</SimpleData>
					<SimpleData name="Forme Juridique Abregee">COM</SimpleData>
					<SimpleData name="Denomination">COMMUNE DE SAINT FIRMIN</SimpleData>
				</SchemaData>
			</ExtendedData>
	<Region>
		<LatLonAltBox>
			<north> 44.8009075347969 </north>
			<south> 44.7994302456671 </south>
			<east> 6.045010006971999 </east>
			<west> 6.04310264313418 </west>
		</LatLonAltBox>
		<Lod>
			<minLodPixels>100</minLodPixels>
			<maxLodPixels>-1</maxLodPixels>
		</Lod>
	</Region>
			<Polygon><altitudeMode>relativeToGround</altitudeMode>
				<outerBoundaryIs>
					<LinearRing>
						<coordinates>							6.04310264313418,44.8002109203211,0 6.04323496732151,44.8002521568677,0 6.043296357373429,44.8002757892573,0 6.04339831101646,44.8003474118158,0 6.04353212129063,44.8004114022286,0 6.04366857331237,44.8004587417687,0 6.04419265436202,44.8006160791962,0 6.04436975419224,44.8007082520642,0 6.04467184916646,44.8007927569702,0 6.045010006971999,44.8009075347969,0 6.04491272263279,44.8007306399453,0 6.04471240224791,44.8005299058544,0 6.04451365172456,44.8003814757833,0 6.04440389721167,44.8002850209661,0 6.0443454127792,44.8001982401758,0 6.0441948708133,44.8000192935987,0 6.044100073173849,44.7998368338808,0 6.04405508816763,44.7997656297563,0 6.04396941373284,44.7996814875493,0 6.0439197882232,44.7996133840721,0 6.04386554990406,44.7994741390775,0 6.04368891863564,44.7994302456671,0 6.04364525030759,44.7995188405381,0 6.043708174595471,44.79950305737,0 6.04379225552443,44.7995624663365,0 6.04376348189748,44.7996433542662,0 6.04376484212816,44.7997058454965,0 6.043810798257101,44.7997739597001,0 6.04380096104027,44.7998026109467,0 6.04368993635369,44.7997784496351,0 6.04359505979481,44.799776729939,0 6.04343948373806,44.7998201944314,0 6.04330620504155,44.8000393699115,0 6.043200824335541,44.8000282976752,0 6.04310264313418,44.8002109203211,0 
						</coordinates>
					</LinearRing>
				</outerBoundaryIs>
			</Polygon>
		</Placemark>
		<Placemark id="parcelles-des-personnes-morales_05_groupe_personne_4.65614">
		<styleUrl>#COM</styleUrl>			<visibility>0</visibility>
			<ExtendedData>
				<SchemaData schemaUrl="#parcelles-des-personnes-morales_05_groupe_personne_4.schema">
					<SimpleData name="Numero de Parcelle">051420000D0391</SimpleData>
					<SimpleData name="Departement">05</SimpleData>
					<SimpleData name="Commune">SAINT-FIRMIN</SimpleData>
					<SimpleData name="Adresse">LES LUMIERES</SimpleData>
					<SimpleData name="Groupe de personne">Commune</SimpleData>
					<SimpleData name="Forme Juridique Abregee">COM</SimpleData>
					<SimpleData name="Denomination">COMMUNE DE SAINT FIRMIN</SimpleData>
				</SchemaData>
			</ExtendedData>
	<Region>
		<LatLonAltBox>
			<north> 44.8058792500409 </north>
			<south> 44.8031604406189 </south>
			<east> 6.03419328555564 </east>
			<west> 6.02929220298098 </west>
		</LatLonAltBox>
		<Lod>
			<minLodPixels>100</minLodPixels>
			<maxLodPixels>-1</maxLodPixels>
		</Lod>
	</Region>
			<Polygon><altitudeMode>relativeToGround</altitudeMode>
				<outerBoundaryIs>
					<LinearRing>
						<coordinates>							6.03077462463001,44.8052802684384,0 6.03118852041016,44.8052202091607,0 6.03142872588452,44.8051849898558,0 6.031976186333481,44.8051023545997,0 6.03224718290718,44.8058792500409,0 6.03235518533097,44.8058402565671,0 6.03255022182589,44.8058497879323,0 6.03279459637536,44.8058777008346,0 6.03419328555564,44.8053119918785,0 6.033957577705319,44.805153922811,0 6.033802596471431,44.8050423874738,0 6.03361317528597,44.8049211627414,0 6.03348573420428,44.8048157208751,0 6.033304768558271,44.804647142773,0 6.03318386543476,44.804552603829,0 6.033112308791381,44.8044883392356,0 6.03307412364707,44.8044233417739,0 6.03303128236135,44.8042486416348,0 6.03293518517186,44.8041048607125,0 6.03286518853316,44.8039592844923,0 6.03284254474932,44.8038469204985,0 6.032825589674351,44.8037930549762,0 6.032787127292089,44.8037486975848,0 6.03271592718473,44.8036792874278,0 6.0326013248898,44.8036076407958,0 6.032552956819049,44.803576708684,0 6.032511321163639,44.8035298251612,0 6.03241815227696,44.803388666745,0 6.03236359813621,44.8033439385188,0 6.03229106580505,44.8033014138986,0 6.0320840568754,44.8032246359788,0 6.03201580697165,44.8031793812066,0 6.03196359692271,44.8031968466876,0 6.03190801937196,44.8032035023361,0 6.03190446230887,44.8032689209647,0 6.03180526968892,44.8033327205128,0 6.03164239389344,44.8032365349157,0 6.031522365273451,44.8031604406189,0 6.031437052277731,44.8031718735061,0 6.03145832387888,44.8032635525709,0 6.03150800764187,44.8033024679108,0 6.03160898111342,44.8033537656848,0 6.031643725372861,44.8033808361351,0 6.03149459326102,44.8034385229178,0 6.03155264108322,44.8034870302484,0 6.031528565999499,44.8036530191732,0 6.0310368603192,44.803877474673,0 6.03107548423023,44.8040139988762,0 6.0310472350698,44.8040252226669,0 6.03100719960576,44.8040361380124,0 6.0309403457207,44.8040355331942,0 6.03086503326614,44.8041127343021,0 6.03090121145375,44.8042578847825,0 6.03084521148365,44.8043036541195,0 6.03078600641345,44.8043158142526,0 6.0307252114912,44.804333694016,0 6.030633424377059,44.8043799911063,0 6.03056841824726,44.8044206906973,0 6.03055625161881,44.8044884168864,0 6.03059140511975,44.8045066468526,0 6.03058836471181,44.8045370931251,0 6.0305347295425,44.8045469384907,0 6.030495908576979,44.8045592620145,0 6.03043302596283,44.8046017955375,0 6.03038320629061,44.8046096444624,0 6.030300988135139,44.8046081077488,0 6.030226591273859,44.8045967166631,0 6.030191682648701,44.8045595592311,0 6.030214937651899,44.8045284703388,0 6.030005285754349,44.8044731140149,0 6.029415090580659,44.8044719446806,0 6.029355993502339,44.8045142840282,0 6.02929220298098,44.8047160454472,0 6.029335135780429,44.8047518126068,0 6.0293605330813,44.8050022226916,0 6.029651080373291,44.8049453594728,0 6.029690502812159,44.8050897008708,0 6.02986624971249,44.8054409665866,0 6.03050308717394,44.8053235506715,0 6.030635623867201,44.8053006465179,0 6.03070757395455,44.8052901202354,0 6.03077462463001,44.8052802684384,0 
						</coordinates>
					</LinearRing>
				</outerBoundaryIs>
			</Polygon>
		</Placemark>
		<Placemark id="parcelles-des-personnes-morales_05_groupe_personne_4.66044">
		<styleUrl>#COM</styleUrl>			<visibility>0</visibility>
			<ExtendedData>
				<SchemaData schemaUrl="#parcelles-des-personnes-morales_05_groupe_personne_4.schema">
					<SimpleData name="Numero de Parcelle">051420000D0396</SimpleData>
					<SimpleData name="Departement">05</SimpleData>
					<SimpleData name="Commune">SAINT-FIRMIN</SimpleData>
					<SimpleData name="Adresse">MALATRAS</SimpleData>
					<SimpleData name="Groupe de personne">Commune</SimpleData>
					<SimpleData name="Forme Juridique Abregee">COM</SimpleData>
					<SimpleData name="Denomination">COMMUNE DE SAINT FIRMIN</SimpleData>
				</SchemaData>
			</ExtendedData>
	<Region>
		<LatLonAltBox>
			<north> 44.8030097657148 </north>
			<south> 44.8017239214983 </south>
			<east> 6.03251466969328 </east>
			<west> 6.03207106234041 </west>
		</LatLonAltBox>
		<Lod>
			<minLodPixels>100</minLodPixels>
			<maxLodPixels>-1</maxLodPixels>
		</Lod>
	</Region>
			<Polygon><altitudeMode>relativeToGround</altitudeMode>
				<outerBoundaryIs>
					<LinearRing>
						<coordinates>							6.0322614058903,44.8030097657148,0 6.03230295251553,44.8027337390298,0 6.0324831274043,44.8026158270725,0 6.0325137049411,44.8025797621371,0 6.03251466969328,44.8025343261463,0 6.03249512376463,44.8025004432391,0 6.03243675634332,44.8024342858786,0 6.03240843154774,44.8023385653045,0 6.03233963781094,44.8022128677768,0 6.03231566523314,44.8020805382951,0 6.03230076620655,44.8020413025492,0 6.03228718168579,44.8019631083438,0 6.03223053479352,44.8019100582094,0 6.03222217863771,44.8018537049945,0 6.032228397083821,44.8018141619095,0 6.03224819163332,44.801744785304,0 6.03217429932506,44.8017239214983,0 6.03209184460008,44.8018445660883,0 6.03213963911739,44.8019282215732,0 6.03223353490131,44.8020524216892,0 6.03222714923178,44.802457048031,0 6.03208520456098,44.8026572549324,0 6.03207106234041,44.8028782927215,0 6.0322614058903,44.8030097657148,0 
						</coordinates>
					</LinearRing>
				</outerBoundaryIs>
			</Polygon>
		</Placemark>
		<Placemark id="parcelles-des-personnes-morales_05_groupe_personne_4.66269">
		<styleUrl>#COM</styleUrl>			<visibility>0</visibility>
			<ExtendedData>
				<SchemaData schemaUrl="#parcelles-des-personnes-morales_05_groupe_personne_4.schema">
					<SimpleData name="Numero de Parcelle">05142000AD0399</SimpleData>
					<SimpleData name="Departement">05</SimpleData>
					<SimpleData name="Commune">SAINT-FIRMIN</SimpleData>
					<SimpleData name="Adresse">SOUS LA ROCHE</SimpleData>
					<SimpleData name="Groupe de personne">Commune</SimpleData>
					<SimpleData name="Forme Juridique Abregee">COM</SimpleData>
					<SimpleData name="Denomination">COMMUNE DE SAINT FIRMIN</SimpleData>
				</SchemaData>
			</ExtendedData>
	<Region>
		<LatLonAltBox>
			<north> 44.7761871876811 </north>
			<south> 44.7760850507609 </south>
			<east> 6.01701395552585 </east>
			<west> 6.016873580917441 </west>
		</LatLonAltBox>
		<Lod>
			<minLodPixels>100</minLodPixels>
			<maxLodPixels>-1</maxLodPixels>
		</Lod>
	</Region>
			<Polygon><altitudeMode>relativeToGround</altitudeMode>
				<outerBoundaryIs>
					<LinearRing>
						<coordinates>							6.016873580917441,44.7761155983899,0 6.01692460431403,44.7761871876811,0 6.01701395552585,44.7761597980174,0 6.01696971959895,44.7760850507609,0 6.016873580917441,44.7761155983899,0 
						</coordinates>
					</LinearRing>
				</outerBoundaryIs>
			</Polygon>
		</Placemark>
		<Placemark id="parcelles-des-personnes-morales_05_groupe_personne_4.66865">
		<styleUrl>#COM</styleUrl>			<visibility>0</visibility>
			<ExtendedData>
				<SchemaData schemaUrl="#parcelles-des-personnes-morales_05_groupe_personne_4.schema">
					<SimpleData name="Numero de Parcelle">05142000AD0401</SimpleData>
					<SimpleData name="Departement">05</SimpleData>
					<SimpleData name="Commune">SAINT-FIRMIN</SimpleData>
					<SimpleData name="Adresse">LE FORT</SimpleData>
					<SimpleData name="Groupe de personne">Commune</SimpleData>
					<SimpleData name="Forme Juridique Abregee">COM</SimpleData>
					<SimpleData name="Denomination">COMMUNE DE SAINT FIRMIN</SimpleData>
				</SchemaData>
			</ExtendedData>
	<Region>
		<LatLonAltBox>
			<north> 44.7773872265114 </north>
			<south> 44.7773380957507 </south>
			<east> 6.01836229374108 </east>
			<west> 6.01807458511747 </west>
		</LatLonAltBox>
		<Lod>
			<minLodPixels>100</minLodPixels>
			<maxLodPixels>-1</maxLodPixels>
		</Lod>
	</Region>
			<Polygon><altitudeMode>relativeToGround</altitudeMode>
				<outerBoundaryIs>
					<LinearRing>
						<coordinates>							6.01807458511747,44.7773872265114,0 6.01834667532793,44.7773825181709,0 6.01836229374108,44.7773671366277,0 6.01816492084938,44.7773380957507,0 6.01807458511747,44.7773872265114,0 
						</coordinates>
					</LinearRing>
				</outerBoundaryIs>
			</Polygon>
		</Placemark>
		<Placemark id="parcelles-des-personnes-morales_05_groupe_personne_4.66880">
		<styleUrl>#COM</styleUrl>			<visibility>0</visibility>
			<ExtendedData>
				<SchemaData schemaUrl="#parcelles-des-personnes-morales_05_groupe_personne_4.schema">
					<SimpleData name="Numero de Parcelle">051420000D0401</SimpleData>
					<SimpleData name="Departement">05</SimpleData>
					<SimpleData name="Commune">SAINT-FIRMIN</SimpleData>
					<SimpleData name="Adresse">MALATRAS</SimpleData>
					<SimpleData name="Groupe de personne">Commune</SimpleData>
					<SimpleData name="Forme Juridique Abregee">COM</SimpleData>
					<SimpleData name="Denomination">COMMUNE DE SAINT FIRMIN</SimpleData>
				</SchemaData>
			</ExtendedData>
	<Region>
		<LatLonAltBox>
			<north> 44.8042266605093 </north>
			<south> 44.8032567689399 </south>
			<east> 6.033946919432999 </east>
			<west> 6.03246801619031 </west>
		</LatLonAltBox>
		<Lod>
			<minLodPixels>100</minLodPixels>
			<maxLodPixels>-1</maxLodPixels>
		</Lod>
	</Region>
			<Polygon><altitudeMode>relativeToGround</altitudeMode>
				<outerBoundaryIs>
					<LinearRing>
						<coordinates>							6.033103624835,44.8042266605093,0 6.03378249322665,44.8038028215251,0 6.033946919432999,44.8037424605941,0 6.03377803692414,44.8036265306092,0 6.03342343614786,44.8034437837986,0 6.03335001409058,44.803384796169,0 6.03304696665032,44.8032567689399,0 6.033007837935461,44.8033360449501,0 6.032856532180239,44.8033464012888,0 6.03284427142093,44.8034123283922,0 6.03278639213053,44.8034748183905,0 6.03276419294062,44.8035207452222,0 6.032777410939011,44.8035616487056,0 6.03271244908083,44.8035445051933,0 6.03267983291627,44.8035193590083,0 6.03259928263674,44.8034384917831,0 6.03246801619031,44.8033464881582,0 6.0326093684956,44.8035175025072,0 6.0327985579381,44.8036650437976,0 6.03285778736049,44.8037307269668,0 6.03296257945203,44.8039676120513,0 6.03302760633045,44.8040656620905,0 6.03304616583477,44.8041140777891,0 6.033103624835,44.8042266605093,0 
						</coordinates>
					</LinearRing>
				</outerBoundaryIs>
			</Polygon>
		</Placemark>
		<Placemark id="parcelles-des-personnes-morales_05_groupe_personne_4.66937">
		<styleUrl>#COM</styleUrl>			<visibility>0</visibility>
			<ExtendedData>
				<SchemaData schemaUrl="#parcelles-des-personnes-morales_05_groupe_personne_4.schema">
					<SimpleData name="Numero de Parcelle">05142000AH0402</SimpleData>
					<SimpleData name="Departement">05</SimpleData>
					<SimpleData name="Commune">SAINT-FIRMIN</SimpleData>
					<SimpleData name="Adresse">LA SAGNETTE</SimpleData>
					<SimpleData name="Groupe de personne">Commune</SimpleData>
					<SimpleData name="Forme Juridique Abregee">CCOM</SimpleData>
					<SimpleData name="Denomination">COMMUNAUTE DE COMMUNES DU VALGAUDEMAR</SimpleData>
				</SchemaData>
			</ExtendedData>
	<Region>
		<LatLonAltBox>
			<north> 44.7768223925045 </north>
			<south> 44.7764746446913 </south>
			<east> 6.03291377578796 </east>
			<west> 6.031794769645159 </west>
		</LatLonAltBox>
		<Lod>
			<minLodPixels>100</minLodPixels>
			<maxLodPixels>-1</maxLodPixels>
		</Lod>
	</Region>
			<Polygon><altitudeMode>relativeToGround</altitudeMode>
				<outerBoundaryIs>
					<LinearRing>
						<coordinates>							6.031794769645159,44.7768223925045,0 6.03267858691664,44.7767427065386,0 6.03291377578796,44.7766472528912,0 6.032867843151359,44.7765555293681,0 6.03269950455438,44.7765653625,0 6.03248270810024,44.7765679622839,0 6.032166164959009,44.7765387838434,0 6.032025781478241,44.7765087486099,0 6.031905670657259,44.7764746446913,0 6.031794769645159,44.7768223925045,0 
						</coordinates>
					</LinearRing>
				</outerBoundaryIs>
			</Polygon>
		</Placemark>
		<Placemark id="parcelles-des-personnes-morales_05_groupe_personne_4.67034">
		<styleUrl>#COM</styleUrl>			<visibility>0</visibility>
			<ExtendedData>
				<SchemaData schemaUrl="#parcelles-des-personnes-morales_05_groupe_personne_4.schema">
					<SimpleData name="Numero de Parcelle">051420000D0403</SimpleData>
					<SimpleData name="Departement">05</SimpleData>
					<SimpleData name="Commune">SAINT-FIRMIN</SimpleData>
					<SimpleData name="Adresse">MALATRAS</SimpleData>
					<SimpleData name="Groupe de personne">Commune</SimpleData>
					<SimpleData name="Forme Juridique Abregee">COM</SimpleData>
					<SimpleData name="Denomination">COMMUNE DE SAINT FIRMIN</SimpleData>
				</SchemaData>
			</ExtendedData>
	<Region>
		<LatLonAltBox>
			<north> 44.8037295892917 </north>
			<south> 44.8032480799013 </south>
			<east> 6.03501680836452 </east>
			<west> 6.03386683937608 </west>
		</LatLonAltBox>
		<Lod>
			<minLodPixels>100</minLodPixels>
			<maxLodPixels>-1</maxLodPixels>
		</Lod>
	</Region>
			<Polygon><altitudeMode>relativeToGround</altitudeMode>
				<outerBoundaryIs>
					<LinearRing>
						<coordinates>							6.03501680836452,44.803393234975,0 6.03493066024063,44.8033587431669,0 6.03472200445584,44.803300755645,0 6.03459905984617,44.8032480799013,0 6.03411658005119,44.8034790542964,0 6.03386683937608,44.8036304973718,0 6.033995833957559,44.8037295892917,0 6.03501680836452,44.803393234975,0 
						</coordinates>
					</LinearRing>
				</outerBoundaryIs>
			</Polygon>
		</Placemark>
		<Placemark id="parcelles-des-personnes-morales_05_groupe_personne_4.67287">
		<styleUrl>#COM</styleUrl>			<visibility>0</visibility>
			<ExtendedData>
				<SchemaData schemaUrl="#parcelles-des-personnes-morales_05_groupe_personne_4.schema">
					<SimpleData name="Numero de Parcelle">051420000D0406</SimpleData>
					<SimpleData name="Departement">05</SimpleData>
					<SimpleData name="Commune">SAINT-FIRMIN</SimpleData>
					<SimpleData name="Adresse">LOUPREYS</SimpleData>
					<SimpleData name="Groupe de personne">Commune</SimpleData>
					<SimpleData name="Forme Juridique Abregee">COM</SimpleData>
					<SimpleData name="Denomination">COMMUNE DE SAINT FIRMIN</SimpleData>
				</SchemaData>
			</ExtendedData>
	<Region>
		<LatLonAltBox>
			<north> 44.8034221716259 </north>
			<south> 44.8025440859707 </south>
			<east> 6.036329126606601 </east>
			<west> 6.035764316031211 </west>
		</LatLonAltBox>
		<Lod>
			<minLodPixels>100</minLodPixels>
			<maxLodPixels>-1</maxLodPixels>
		</Lod>
	</Region>
			<Polygon><altitudeMode>relativeToGround</altitudeMode>
				<outerBoundaryIs>
					<LinearRing>
						<coordinates>							6.03622709168284,44.8034221716259,0 6.036329126606601,44.8032916171731,0 6.036207680672261,44.8031027631504,0 6.03619098455102,44.8030069050397,0 6.03622826644134,44.8029216417631,0 6.03615747229915,44.8029324103662,0 6.036074118061081,44.8028208086488,0 6.036004664466661,44.8027181964392,0 6.03590742965149,44.8025440859707,0 6.035764316031211,44.802558456628,0 6.03576459373288,44.8027135086398,0 6.03581763425542,44.8028871176397,0 6.03585007687958,44.8029793010136,0 6.03598908205146,44.8032378612923,0 6.03601153680405,44.8032740065572,0 6.03622709168284,44.8034221716259,0 
						</coordinates>
					</LinearRing>
				</outerBoundaryIs>
			</Polygon>
		</Placemark>
		<Placemark id="parcelles-des-personnes-morales_05_groupe_personne_4.67331">
		<styleUrl>#COM</styleUrl>			<visibility>0</visibility>
			<ExtendedData>
				<SchemaData schemaUrl="#parcelles-des-personnes-morales_05_groupe_personne_4.schema">
					<SimpleData name="Numero de Parcelle">051420000C0406</SimpleData>
					<SimpleData name="Departement">05</SimpleData>
					<SimpleData name="Commune">SAINT-FIRMIN</SimpleData>
					<SimpleData name="Adresse">LA CHEVRE</SimpleData>
					<SimpleData name="Groupe de personne">Commune</SimpleData>
					<SimpleData name="Forme Juridique Abregee">COM</SimpleData>
					<SimpleData name="Denomination">COMMUNE DE SAINT FIRMIN</SimpleData>
				</SchemaData>
			</ExtendedData>
	<Region>
		<LatLonAltBox>
			<north> 44.8005709232285 </north>
			<south> 44.7993434268817 </south>
			<east> 6.028104658800981 </east>
			<west> 6.026027648161609 </west>
		</LatLonAltBox>
		<Lod>
			<minLodPixels>100</minLodPixels>
			<maxLodPixels>-1</maxLodPixels>
		</Lod>
	</Region>
			<Polygon><altitudeMode>relativeToGround</altitudeMode>
				<outerBoundaryIs>
					<LinearRing>
						<coordinates>							6.026860565829639,44.8003351284019,0 6.02710006794073,44.8001697454787,0 6.02724138449452,44.8003194135445,0 6.02736029163657,44.800238681881,0 6.02760410266021,44.8000734504409,0 6.0278600001344,44.7999000497614,0 6.028104658800981,44.7997341633196,0 6.02790468658934,44.799620876442,0 6.02773756129678,44.7997695983596,0 6.02746763345479,44.7995346068371,0 6.027708144821099,44.7993434268817,0 6.02764374904636,44.7993554569234,0 6.027452302646531,44.7994168168375,0 6.027155166751301,44.7994448432522,0 6.02687306063694,44.7994840811128,0 6.026694309842889,44.7994663473124,0 6.027056630444221,44.7996452993758,0 6.02678373837163,44.7998368214123,0 6.02668659573529,44.7997225265478,0 6.02652151631028,44.7998200149792,0 6.026027648161609,44.7999217938475,0 6.02626622906224,44.800249184208,0 6.02650058541545,44.8005709232285,0 6.026860565829639,44.8003351284019,0 
						</coordinates>
					</LinearRing>
				</outerBoundaryIs>
			</Polygon>
		</Placemark>
		<Placemark id="parcelles-des-personnes-morales_05_groupe_personne_4.67550">
		<styleUrl>#COM</styleUrl>			<visibility>0</visibility>
			<ExtendedData>
				<SchemaData schemaUrl="#parcelles-des-personnes-morales_05_groupe_personne_4.schema">
					<SimpleData name="Numero de Parcelle">051420000D0409</SimpleData>
					<SimpleData name="Departement">05</SimpleData>
					<SimpleData name="Commune">SAINT-FIRMIN</SimpleData>
					<SimpleData name="Adresse">LOUPREYS</SimpleData>
					<SimpleData name="Groupe de personne">Commune</SimpleData>
					<SimpleData name="Forme Juridique Abregee">COM</SimpleData>
					<SimpleData name="Denomination">COMMUNE DE SAINT FIRMIN</SimpleData>
				</SchemaData>
			</ExtendedData>
	<Region>
		<LatLonAltBox>
			<north> 44.8029244019091 </north>
			<south> 44.8027518817666 </south>
			<east> 6.03650181240114 </east>
			<west> 6.03630275917357 </west>
		</LatLonAltBox>
		<Lod>
			<minLodPixels>100</minLodPixels>
			<maxLodPixels>-1</maxLodPixels>
		</Lod>
	</Region>
			<Polygon><altitudeMode>relativeToGround</altitudeMode>
				<outerBoundaryIs>
					<LinearRing>
						<coordinates>							6.036384076075471,44.8029244019091,0 6.0363850909314,44.8028635575623,0 6.03649038299331,44.802858871568,0 6.03650181240114,44.8027518817666,0 6.03631187514062,44.8027779871081,0 6.03630275917357,44.8029090599386,0 6.036384076075471,44.8029244019091,0 
						</coordinates>
					</LinearRing>
				</outerBoundaryIs>
			</Polygon>
		</Placemark>
		<Placemark id="parcelles-des-personnes-morales_05_groupe_personne_4.68093">
		<styleUrl>#COM</styleUrl>			<visibility>0</visibility>
			<ExtendedData>
				<SchemaData schemaUrl="#parcelles-des-personnes-morales_05_groupe_personne_4.schema">
					<SimpleData name="Numero de Parcelle">05142000AD0414</SimpleData>
					<SimpleData name="Departement">05</SimpleData>
					<SimpleData name="Commune">SAINT-FIRMIN</SimpleData>
					<SimpleData name="Adresse">231, RUE SOUS LE FORT</SimpleData>
					<SimpleData name="Groupe de personne">Commune</SimpleData>
					<SimpleData name="Forme Juridique Abregee">COM</SimpleData>
					<SimpleData name="Denomination">COMMUNE DE SAINT FIRMIN</SimpleData>
				</SchemaData>
			</ExtendedData>
	<Region>
		<LatLonAltBox>
			<north> 44.7763134353869 </north>
			<south> 44.7758525355859 </south>
			<east> 6.01632397420379 </east>
			<west> 6.01562003131194 </west>
		</LatLonAltBox>
		<Lod>
			<minLodPixels>100</minLodPixels>
			<maxLodPixels>-1</maxLodPixels>
		</Lod>
	</Region>
			<Polygon><altitudeMode>relativeToGround</altitudeMode>
				<outerBoundaryIs>
					<LinearRing>
						<coordinates>							6.01562003131194,44.7760775537626,0 6.01562866431716,44.7760899323716,0 6.01564973361495,44.7761572919917,0 6.01569778615471,44.7762183312306,0 6.01571991314661,44.7762346672299,0 6.0157730947512,44.7762710604986,0 6.01585369811744,44.7762975175162,0 6.01593260571966,44.7763112268761,0 6.01595739016727,44.7763134353869,0 6.01601586660309,44.7763094111225,0 6.01610997871649,44.7762835143608,0 6.01632397420379,44.7762169639409,0 6.01629297812061,44.776167353444,0 6.01626108103981,44.7761103795222,0 6.016282121986781,44.7760640375411,0 6.01621621059679,44.7760473618618,0 6.01619843348667,44.7760107258524,0 6.01622155972881,44.7760032489747,0 6.01620743185232,44.7759780460329,0 6.016161693532309,44.7758964920254,0 6.016206011905419,44.7758832126705,0 6.01619108439366,44.7758525355859,0 6.0161715149091,44.7758579335105,0 6.01614456009812,44.7758671363373,0 6.01596887286525,44.7759403920717,0 6.015654662915709,44.7760652590388,0 6.01562003131194,44.7760775537626,0 
						</coordinates>
					</LinearRing>
				</outerBoundaryIs>
			</Polygon>
		</Placemark>
		<Placemark id="parcelles-des-personnes-morales_05_groupe_personne_4.68454">
		<styleUrl>#COM</styleUrl>			<visibility>0</visibility>
			<ExtendedData>
				<SchemaData schemaUrl="#parcelles-des-personnes-morales_05_groupe_personne_4.schema">
					<SimpleData name="Numero de Parcelle">05142000AD0419</SimpleData>
					<SimpleData name="Departement">05</SimpleData>
					<SimpleData name="Commune">SAINT-FIRMIN</SimpleData>
					<SimpleData name="Adresse">SOUS LA ROCHE</SimpleData>
					<SimpleData name="Groupe de personne">Commune</SimpleData>
					<SimpleData name="Forme Juridique Abregee">COM</SimpleData>
					<SimpleData name="Denomination">COMMUNE DE SAINT FIRMIN</SimpleData>
				</SchemaData>
			</ExtendedData>
	<Region>
		<LatLonAltBox>
			<north> 44.7776639170565 </north>
			<south> 44.777519451084 </south>
			<east> 6.01109138135827 </east>
			<west> 6.010719584040239 </west>
		</LatLonAltBox>
		<Lod>
			<minLodPixels>100</minLodPixels>
			<maxLodPixels>-1</maxLodPixels>
		</Lod>
	</Region>
			<Polygon><altitudeMode>relativeToGround</altitudeMode>
				<outerBoundaryIs>
					<LinearRing>
						<coordinates>							6.010719584040239,44.7776308265648,0 6.010738559596631,44.7776639170565,0 6.01077672925628,44.777642067621,0 6.01102362754539,44.7775590469775,0 6.01109138135827,44.7775510792923,0 6.011081591560959,44.777519451084,0 6.0110069254492,44.7775258947554,0 6.010719584040239,44.7776308265648,0 
						</coordinates>
					</LinearRing>
				</outerBoundaryIs>
			</Polygon>
		</Placemark>
		<Placemark id="parcelles-des-personnes-morales_05_groupe_personne_4.68712">
		<styleUrl>#COM</styleUrl>			<visibility>0</visibility>
			<ExtendedData>
				<SchemaData schemaUrl="#parcelles-des-personnes-morales_05_groupe_personne_4.schema">
					<SimpleData name="Numero de Parcelle">051420000D0420</SimpleData>
					<SimpleData name="Departement">05</SimpleData>
					<SimpleData name="Commune">SAINT-FIRMIN</SimpleData>
					<SimpleData name="Adresse">LOUPREYS</SimpleData>
					<SimpleData name="Groupe de personne">Commune</SimpleData>
					<SimpleData name="Forme Juridique Abregee">COM</SimpleData>
					<SimpleData name="Denomination">COMMUNE DE SAINT FIRMIN</SimpleData>
				</SchemaData>
			</ExtendedData>
	<Region>
		<LatLonAltBox>
			<north> 44.8017943872449 </north>
			<south> 44.8004236800065 </south>
			<east> 6.03577537413051 </east>
			<west> 6.0349400076332 </west>
		</LatLonAltBox>
		<Lod>
			<minLodPixels>100</minLodPixels>
			<maxLodPixels>-1</maxLodPixels>
		</Lod>
	</Region>
			<Polygon><altitudeMode>relativeToGround</altitudeMode>
				<outerBoundaryIs>
					<LinearRing>
						<coordinates>							6.0349400076332,44.8004366830604,0 6.03496465018307,44.8007031503169,0 6.03499369283316,44.8008097525427,0 6.035128956381149,44.8010367012299,0 6.035277465074711,44.8011972449399,0 6.035347347790659,44.8013711136272,0 6.0353830644115,44.8014934804961,0 6.03559446045348,44.8017943872449,0 6.03577537413051,44.801730148198,0 6.035644879036319,44.8015470376256,0 6.03562746024715,44.8014869684197,0 6.0356204129356,44.8014057123462,0 6.03556783631429,44.801458508244,0 6.03549751046753,44.8014498023659,0 6.035440413880671,44.8014329857246,0 6.0354195689023,44.8014102209948,0 6.03534877221092,44.8012381793393,0 6.03530859436938,44.8010894456744,0 6.035229944796779,44.8008704074011,0 6.0351075942383,44.8006622962697,0 6.035068218854001,44.8005752580513,0 6.0350233328896,44.8004236800065,0 6.0349400076332,44.8004366830604,0 
						</coordinates>
					</LinearRing>
				</outerBoundaryIs>
			</Polygon>
		</Placemark>
		<Placemark id="parcelles-des-personnes-morales_05_groupe_personne_4.68773">
		<styleUrl>#COM</styleUrl>			<visibility>0</visibility>
			<ExtendedData>
				<SchemaData schemaUrl="#parcelles-des-personnes-morales_05_groupe_personne_4.schema">
					<SimpleData name="Numero de Parcelle">05142000AD0421</SimpleData>
					<SimpleData name="Departement">05</SimpleData>
					<SimpleData name="Commune">SAINT-FIRMIN</SimpleData>
					<SimpleData name="Adresse">SOUS LA ROCHE</SimpleData>
					<SimpleData name="Groupe de personne">Commune</SimpleData>
					<SimpleData name="Forme Juridique Abregee">COM</SimpleData>
					<SimpleData name="Denomination">COMMUNE DE SAINT FIRMIN</SimpleData>
				</SchemaData>
			</ExtendedData>
	<Region>
		<LatLonAltBox>
			<north> 44.7774319016399 </north>
			<south> 44.7773001278953 </south>
			<east> 6.00980863340936 </east>
			<west> 6.0095153301205 </west>
		</LatLonAltBox>
		<Lod>
			<minLodPixels>100</minLodPixels>
			<maxLodPixels>-1</maxLodPixels>
		</Lod>
	</Region>
			<Polygon><altitudeMode>relativeToGround</altitudeMode>
				<outerBoundaryIs>
					<LinearRing>
						<coordinates>							6.009551733343159,44.7773014440714,0 6.0095153301205,44.7774319016399,0 6.00980863340936,44.7774123127708,0 6.00962009610263,44.7773001278953,0 6.009551733343159,44.7773014440714,0 
						</coordinates>
					</LinearRing>
				</outerBoundaryIs>
			</Polygon>
		</Placemark>
		<Placemark id="parcelles-des-personnes-morales_05_groupe_personne_4.68901">
		<styleUrl>#COM</styleUrl>			<visibility>0</visibility>
			<ExtendedData>
				<SchemaData schemaUrl="#parcelles-des-personnes-morales_05_groupe_personne_4.schema">
					<SimpleData name="Numero de Parcelle">05142000AD0423</SimpleData>
					<SimpleData name="Departement">05</SimpleData>
					<SimpleData name="Commune">SAINT-FIRMIN</SimpleData>
					<SimpleData name="Adresse">SOUS LA ROCHE</SimpleData>
					<SimpleData name="Groupe de personne">Commune</SimpleData>
					<SimpleData name="Forme Juridique Abregee">COM</SimpleData>
					<SimpleData name="Denomination">COMMUNE DE SAINT FIRMIN</SimpleData>
				</SchemaData>
			</ExtendedData>
	<Region>
		<LatLonAltBox>
			<north> 44.7774123127708 </north>
			<south> 44.7772928111145 </south>
			<east> 6.00983485300964 </east>
			<west> 6.00962009610263 </west>
		</LatLonAltBox>
		<Lod>
			<minLodPixels>100</minLodPixels>
			<maxLodPixels>-1</maxLodPixels>
		</Lod>
	</Region>
			<Polygon><altitudeMode>relativeToGround</altitudeMode>
				<outerBoundaryIs>
					<LinearRing>
						<coordinates>							6.009819817781859,44.7772928111145,0 6.00962009610263,44.7773001278953,0 6.00980863340936,44.7774123127708,0 6.00983485300964,44.7774106095199,0 6.009819817781859,44.7772928111145,0 
						</coordinates>
					</LinearRing>
				</outerBoundaryIs>
			</Polygon>
		</Placemark>
		<Placemark id="parcelles-des-personnes-morales_05_groupe_personne_4.69045">
		<styleUrl>#COM</styleUrl>			<visibility>0</visibility>
			<ExtendedData>
				<SchemaData schemaUrl="#parcelles-des-personnes-morales_05_groupe_personne_4.schema">
					<SimpleData name="Numero de Parcelle">05142000AD0425</SimpleData>
					<SimpleData name="Departement">05</SimpleData>
					<SimpleData name="Commune">SAINT-FIRMIN</SimpleData>
					<SimpleData name="Adresse">LA FOUGEROUSE</SimpleData>
					<SimpleData name="Groupe de personne">Commune</SimpleData>
					<SimpleData name="Forme Juridique Abregee">COM</SimpleData>
					<SimpleData name="Denomination">COMMUNE DE SAINT FIRMIN</SimpleData>
				</SchemaData>
			</ExtendedData>
	<Region>
		<LatLonAltBox>
			<north> 44.7754233990828 </north>
			<south> 44.775146314942 </south>
			<east> 6.02136548847585 </east>
			<west> 6.02020888928839 </west>
		</LatLonAltBox>
		<Lod>
			<minLodPixels>100</minLodPixels>
			<maxLodPixels>-1</maxLodPixels>
		</Lod>
	</Region>
			<Polygon><altitudeMode>relativeToGround</altitudeMode>
				<outerBoundaryIs>
					<LinearRing>
						<coordinates>							6.02020888928839,44.7753004483543,0 6.02056583222645,44.7753096388742,0 6.02072487042843,44.7752844908828,0 6.0208744319526,44.7752736561671,0 6.02121954731889,44.7752392897612,0 6.02124471160577,44.775236801677,0 6.0211943555801,44.7753495346932,0 6.021181044645599,44.775370169473,0 6.021156355359621,44.775395619345,0 6.02121161912324,44.7754118616474,0 6.02124778298833,44.7754233990828,0 6.021271598965269,44.7753934681475,0 6.02128501259481,44.7753700375462,0 6.0212915598472,44.7753553533919,0 6.02136548847585,44.7751940459091,0 6.02127192008984,44.7751805599893,0 6.02125677088898,44.7752093536396,0 6.02123361536832,44.7752021465676,0 6.021154511595941,44.7751777247905,0 6.021070543654549,44.7751592918906,0 6.02100660745569,44.7751487818984,0 6.02095499353719,44.775146314942,0 6.02086273183577,44.7751524342151,0 6.02077766887282,44.7751606996793,0 6.020582490242721,44.7751982752993,0 6.02041373600647,44.7752615286995,0 6.02039097504085,44.7752687262252,0 6.020366641036429,44.7752725429375,0 6.02034161329918,44.7752728647699,0 6.02032274677481,44.7752677930244,0 6.02020888928839,44.7753004483543,0 
						</coordinates>
					</LinearRing>
				</outerBoundaryIs>
			</Polygon>
		</Placemark>
		<Placemark id="parcelles-des-personnes-morales_05_groupe_personne_4.69640">
		<styleUrl>#COM</styleUrl>			<visibility>0</visibility>
			<ExtendedData>
				<SchemaData schemaUrl="#parcelles-des-personnes-morales_05_groupe_personne_4.schema">
					<SimpleData name="Numero de Parcelle">05142000AD0431</SimpleData>
					<SimpleData name="Departement">05</SimpleData>
					<SimpleData name="Commune">SAINT-FIRMIN</SimpleData>
					<SimpleData name="Adresse">LA FOUGEROUSE</SimpleData>
					<SimpleData name="Groupe de personne">Commune</SimpleData>
					<SimpleData name="Forme Juridique Abregee">CCOM</SimpleData>
					<SimpleData name="Denomination">COMMUNAUTE DE COMMUNES DU CHAMPSAUR</SimpleData>
				</SchemaData>
			</ExtendedData>
	<Region>
		<LatLonAltBox>
			<north> 44.7756313258147 </north>
			<south> 44.7753553533919 </south>
			<east> 6.02183858544245 </east>
			<west> 6.02124778298833 </west>
		</LatLonAltBox>
		<Lod>
			<minLodPixels>100</minLodPixels>
			<maxLodPixels>-1</maxLodPixels>
		</Lod>
	</Region>
			<Polygon><altitudeMode>relativeToGround</altitudeMode>
				<outerBoundaryIs>
					<LinearRing>
						<coordinates>							6.02124778298833,44.7754233990828,0 6.02149270667892,44.7755017722383,0 6.021833226491571,44.7756313258147,0 6.02183858544245,44.7754886460319,0 6.021339606053041,44.7753667469943,0 6.0212915598472,44.7753553533919,0 6.02128501259481,44.7753700375462,0 6.021271598965269,44.7753934681475,0 6.02124778298833,44.7754233990828,0 
						</coordinates>
					</LinearRing>
				</outerBoundaryIs>
			</Polygon>
		</Placemark>
		<Placemark id="parcelles-des-personnes-morales_05_groupe_personne_4.69651">
		<styleUrl>#COM</styleUrl>			<visibility>0</visibility>
			<ExtendedData>
				<SchemaData schemaUrl="#parcelles-des-personnes-morales_05_groupe_personne_4.schema">
					<SimpleData name="Numero de Parcelle">051420000D0431</SimpleData>
					<SimpleData name="Departement">05</SimpleData>
					<SimpleData name="Commune">SAINT-FIRMIN</SimpleData>
					<SimpleData name="Adresse">LOUPREYS</SimpleData>
					<SimpleData name="Groupe de personne">Commune</SimpleData>
					<SimpleData name="Forme Juridique Abregee">COM</SimpleData>
					<SimpleData name="Denomination">COMMUNE DE SAINT FIRMIN</SimpleData>
				</SchemaData>
			</ExtendedData>
	<Region>
		<LatLonAltBox>
			<north> 44.8032448205822 </north>
			<south> 44.803030882618 </south>
			<east> 6.038570859136769 </east>
			<west> 6.038259491749569 </west>
		</LatLonAltBox>
		<Lod>
			<minLodPixels>100</minLodPixels>
			<maxLodPixels>-1</maxLodPixels>
		</Lod>
	</Region>
			<Polygon><altitudeMode>relativeToGround</altitudeMode>
				<outerBoundaryIs>
					<LinearRing>
						<coordinates>							6.03843658072618,44.803030882618,0 6.03840612193819,44.8030386550471,0 6.03834524419634,44.8030736601035,0 6.038259491749569,44.8031120498296,0 6.038391295363191,44.8031740292512,0 6.03851370471448,44.8032424828256,0 6.03856318723251,44.8032448205822,0 6.038570859136769,44.8031994708496,0 6.03855661545995,44.8031420179022,0 6.03852287795099,44.8030961814101,0 6.03843658072618,44.803030882618,0 
						</coordinates>
					</LinearRing>
				</outerBoundaryIs>
			</Polygon>
		</Placemark>
		<Placemark id="parcelles-des-personnes-morales_05_groupe_personne_4.69707">
		<styleUrl>#COM</styleUrl>			<visibility>0</visibility>
			<ExtendedData>
				<SchemaData schemaUrl="#parcelles-des-personnes-morales_05_groupe_personne_4.schema">
					<SimpleData name="Numero de Parcelle">05142000AD0432</SimpleData>
					<SimpleData name="Departement">05</SimpleData>
					<SimpleData name="Commune">SAINT-FIRMIN</SimpleData>
					<SimpleData name="Adresse">LA FOUGEROUSE</SimpleData>
					<SimpleData name="Groupe de personne">Commune</SimpleData>
					<SimpleData name="Forme Juridique Abregee">CCOM</SimpleData>
					<SimpleData name="Denomination">COMMUNAUTE DE COMMUNES DU CHAMPSAUR</SimpleData>
				</SchemaData>
			</ExtendedData>
	<Region>
		<LatLonAltBox>
			<north> 44.7754886460319 </north>
			<south> 44.775167974117 </south>
			<east> 6.021852550489449 </east>
			<west> 6.0212915598472 </west>
		</LatLonAltBox>
		<Lod>
			<minLodPixels>100</minLodPixels>
			<maxLodPixels>-1</maxLodPixels>
		</Lod>
	</Region>
			<Polygon><altitudeMode>relativeToGround</altitudeMode>
				<outerBoundaryIs>
					<LinearRing>
						<coordinates>							6.02136548847585,44.7751940459091,0 6.0212915598472,44.7753553533919,0 6.021339606053041,44.7753667469943,0 6.02183858544245,44.7754886460319,0 6.02183982319292,44.7754528437229,0 6.021852550489449,44.7752142798717,0 6.02164426232128,44.775167974117,0 6.02137160913003,44.7751949601775,0 6.02136548847585,44.7751940459091,0 
						</coordinates>
					</LinearRing>
				</outerBoundaryIs>
			</Polygon>
		</Placemark>
		<Placemark id="parcelles-des-personnes-morales_05_groupe_personne_4.69744">
		<styleUrl>#COM</styleUrl>			<visibility>0</visibility>
			<ExtendedData>
				<SchemaData schemaUrl="#parcelles-des-personnes-morales_05_groupe_personne_4.schema">
					<SimpleData name="Numero de Parcelle">051420000D0432</SimpleData>
					<SimpleData name="Departement">05</SimpleData>
					<SimpleData name="Commune">SAINT-FIRMIN</SimpleData>
					<SimpleData name="Adresse">BOIS DU CLAP ET CHALAMEL</SimpleData>
					<SimpleData name="Groupe de personne">Commune</SimpleData>
					<SimpleData name="Forme Juridique Abregee">COM</SimpleData>
					<SimpleData name="Denomination">COMMUNE DE SAINT FIRMIN</SimpleData>
				</SchemaData>
			</ExtendedData>
	<Region>
		<LatLonAltBox>
			<north> 44.8003275189805 </north>
			<south> 44.7981391431135 </south>
			<east> 6.05032890384586 </east>
			<west> 6.04400757274056 </west>
		</LatLonAltBox>
		<Lod>
			<minLodPixels>100</minLodPixels>
			<maxLodPixels>-1</maxLodPixels>
		</Lod>
	</Region>
			<Polygon><altitudeMode>relativeToGround</altitudeMode>
				<outerBoundaryIs>
					<LinearRing>
						<coordinates>							6.0470150595435,44.7984735568916,0 6.04703163302634,44.7989075583647,0 6.04668115505655,44.7989715214859,0 6.04629123478799,44.799043234739,0 6.046146673639549,44.7990773905342,0 6.04569390580979,44.7991616405589,0 6.045524671737741,44.799177192277,0 6.04510655911813,44.7992377828064,0 6.04501811461239,44.7992449876436,0 6.044350709387831,44.7993266586656,0 6.04407782429864,44.7993583893837,0 6.04405771794513,44.7994170552702,0 6.04400757274056,44.7994468134326,0 6.04413511033936,44.7995935959382,0 6.04419457887097,44.7996705289965,0 6.04428020340233,44.7998378336424,0 6.044388068833921,44.7999811918235,0 6.044483992563481,44.8000863155837,0 6.04450193145211,44.8001207812557,0 6.045389558776739,44.8001048684635,0 6.046144638755711,44.8000879959445,0 6.04639323122796,44.8000819753161,0 6.04679054397368,44.8000741190503,0 6.04686517676117,44.8000875647272,0 6.04693981670779,44.8003275189805,0 6.04740015814402,44.800284771673,0 6.04790888479654,44.8002405118716,0 6.04813585632531,44.8002161610316,0 6.048354693994009,44.8002005027094,0 6.048510591589829,44.8001933323126,0 6.048531977766411,44.8002236481419,0 6.04957683675762,44.8002087836266,0 6.04996928556434,44.7996543284594,0 6.05032890384586,44.7991223089102,0 6.0502689764065,44.7990487252348,0 6.05022599374025,44.7990052188529,0 6.050144639117801,44.7988562712109,0 6.050069667918761,44.7987712984202,0 6.04996610025804,44.7986817064749,0 6.049871938052201,44.7986161824077,0 6.049716831413049,44.7985235934331,0 6.04958701431295,44.7984632847546,0 6.04948937623848,44.7984293005785,0 6.04933628298253,44.7983971121644,0 6.04930640600001,44.7983828875185,0 6.04926285118377,44.7982401975277,0 6.04922583159886,44.7981712990478,0 6.04918446283406,44.7981435152467,0 6.04914360520436,44.7981391431135,0 6.049074767647551,44.7981671653659,0 6.04886321834697,44.7982656961308,0 6.048804479589431,44.7982746097492,0 6.04875120493855,44.7982699483005,0 6.0486410954287,44.7982276569148,0 6.04857268698975,44.7982216096275,0 6.048422012271541,44.7982409801827,0 6.04810889476666,44.7982704036836,0 6.04802831910723,44.7982943331967,0 6.04787112288489,44.7984057832568,0 6.0477062427443,44.798517894842,0 6.04757423269777,44.7985781064586,0 6.04749424861774,44.798598955939,0 6.04744229149114,44.7985975912945,0 6.0473873978565,44.7985677459897,0 6.04728617462855,44.798488628799,0 6.04728069836927,44.7984459823506,0 6.04724806743886,44.7984603041347,0 6.047211612155059,44.7984997785443,0 6.04715029838123,44.7985615600352,0 6.04712775924254,44.7985659637774,0 6.04710124115365,44.7985529976998,0 6.0470150595435,44.7984735568916,0 
						</coordinates>
					</LinearRing>
				</outerBoundaryIs>
			</Polygon>
		</Placemark>
		<Placemark id="parcelles-des-personnes-morales_05_groupe_personne_4.69774">
		<styleUrl>#COM</styleUrl>			<visibility>0</visibility>
			<ExtendedData>
				<SchemaData schemaUrl="#parcelles-des-personnes-morales_05_groupe_personne_4.schema">
					<SimpleData name="Numero de Parcelle">05142000AC0433</SimpleData>
					<SimpleData name="Departement">05</SimpleData>
					<SimpleData name="Commune">SAINT-FIRMIN</SimpleData>
					<SimpleData name="Adresse">LA TRINITE</SimpleData>
					<SimpleData name="Groupe de personne">Commune</SimpleData>
					<SimpleData name="Forme Juridique Abregee">COM</SimpleData>
					<SimpleData name="Denomination">COMMUNE DE SAINT FIRMIN</SimpleData>
				</SchemaData>
			</ExtendedData>
	<Region>
		<LatLonAltBox>
			<north> 44.7780330585409 </north>
			<south> 44.7772615079415 </south>
			<east> 5.990546074981919 </east>
			<west> 5.98986707187551 </west>
		</LatLonAltBox>
		<Lod>
			<minLodPixels>100</minLodPixels>
			<maxLodPixels>-1</maxLodPixels>
		</Lod>
	</Region>
			<Polygon><altitudeMode>relativeToGround</altitudeMode>
				<outerBoundaryIs>
					<LinearRing>
						<coordinates>							5.990340833455899,44.7772615079415,0 5.99028613125286,44.7773531700428,0 5.99024652814558,44.7773838802816,0 5.990103781297361,44.7774540428031,0 5.99003566901634,44.7775052532371,0 5.990165713366741,44.7775482335224,0 5.99028136096904,44.7776487229117,0 5.99010844330706,44.7777509628505,0 5.989990816398269,44.777839187289,0 5.98991937079717,44.7779204894875,0 5.98986707187551,44.7779883913253,0 5.99003477576685,44.7780330585409,0 5.99001812073069,44.7779268345139,0 5.990041893773741,44.7778577202249,0 5.99008746251565,44.7778036043723,0 5.99017776567735,44.777729631527,0 5.99023005105577,44.7777019126272,0 5.99035713923165,44.7776821756988,0 5.990546074981919,44.7775291394969,0 5.990340833455899,44.7772615079415,0 
						</coordinates>
					</LinearRing>
				</outerBoundaryIs>
			</Polygon>
		</Placemark>
		<Placemark id="parcelles-des-personnes-morales_05_groupe_personne_4.69775">
		<styleUrl>#COM</styleUrl>			<visibility>0</visibility>
			<ExtendedData>
				<SchemaData schemaUrl="#parcelles-des-personnes-morales_05_groupe_personne_4.schema">
					<SimpleData name="Numero de Parcelle">05142000AD0433</SimpleData>
					<SimpleData name="Departement">05</SimpleData>
					<SimpleData name="Commune">SAINT-FIRMIN</SimpleData>
					<SimpleData name="Adresse">LA FOUGEROUSE</SimpleData>
					<SimpleData name="Groupe de personne">Commune</SimpleData>
					<SimpleData name="Forme Juridique Abregee">COM</SimpleData>
					<SimpleData name="Denomination">COMMUNE DE SAINT FIRMIN</SimpleData>
				</SchemaData>
			</ExtendedData>
	<Region>
		<LatLonAltBox>
			<north> 44.7752142798717 </north>
			<south> 44.7751470628885 </south>
			<east> 6.021856020750109 </east>
			<west> 6.02164426232128 </west>
		</LatLonAltBox>
		<Lod>
			<minLodPixels>100</minLodPixels>
			<maxLodPixels>-1</maxLodPixels>
		</Lod>
	</Region>
			<Polygon><altitudeMode>relativeToGround</altitudeMode>
				<outerBoundaryIs>
					<LinearRing>
						<coordinates>							6.02164426232128,44.775167974117,0 6.021852550489449,44.7752142798717,0 6.021856020750109,44.7751470628885,0 6.02164426232128,44.775167974117,0 
						</coordinates>
					</LinearRing>
				</outerBoundaryIs>
			</Polygon>
		</Placemark>
		<Placemark id="parcelles-des-personnes-morales_05_groupe_personne_4.69838">
		<styleUrl>#COM</styleUrl>			<visibility>0</visibility>
			<ExtendedData>
				<SchemaData schemaUrl="#parcelles-des-personnes-morales_05_groupe_personne_4.schema">
					<SimpleData name="Numero de Parcelle">05142000AD0434</SimpleData>
					<SimpleData name="Departement">05</SimpleData>
					<SimpleData name="Commune">SAINT-FIRMIN</SimpleData>
					<SimpleData name="Adresse">101, RUE DU PONT DES RICHARDS</SimpleData>
					<SimpleData name="Groupe de personne">Commune</SimpleData>
					<SimpleData name="Forme Juridique Abregee">CCOM</SimpleData>
					<SimpleData name="Denomination">COMMUNAUTE DE COMMUNES DU VALGAUDEMAR</SimpleData>
				</SchemaData>
			</ExtendedData>
	<Region>
		<LatLonAltBox>
			<north> 44.7752954343491 </north>
			<south> 44.7749740472886 </south>
			<east> 6.01992007919239 </east>
			<west> 6.019039449675961 </west>
		</LatLonAltBox>
		<Lod>
			<minLodPixels>100</minLodPixels>
			<maxLodPixels>-1</maxLodPixels>
		</Lod>
	</Region>
			<Polygon><altitudeMode>relativeToGround</altitudeMode>
				<outerBoundaryIs>
					<LinearRing>
						<coordinates>							6.019039449675961,44.7750806770134,0 6.019144056349011,44.7751207129309,0 6.01939607879288,44.7752300707306,0 6.01939083625554,44.7752502151227,0 6.019495564966971,44.7752901573038,0 6.01986064571847,44.7752954343491,0 6.01992007919239,44.7752339000076,0 6.019338688977709,44.7749740472886,0 6.019117405644689,44.7749895371205,0 6.019039449675961,44.7750806770134,0 
						</coordinates>
					</LinearRing>
				</outerBoundaryIs>
			</Polygon>
		</Placemark>
		<Placemark id="parcelles-des-personnes-morales_05_groupe_personne_4.69908">
		<styleUrl>#COM</styleUrl>			<visibility>0</visibility>
			<ExtendedData>
				<SchemaData schemaUrl="#parcelles-des-personnes-morales_05_groupe_personne_4.schema">
					<SimpleData name="Numero de Parcelle">05142000AD0435</SimpleData>
					<SimpleData name="Departement">05</SimpleData>
					<SimpleData name="Commune">SAINT-FIRMIN</SimpleData>
					<SimpleData name="Adresse">LA FOUGEROUSE</SimpleData>
					<SimpleData name="Groupe de personne">Commune</SimpleData>
					<SimpleData name="Forme Juridique Abregee">CCOM</SimpleData>
					<SimpleData name="Denomination">COMMUNAUTE DE COMMUNES DU VALGAUDEMAR</SimpleData>
				</SchemaData>
			</ExtendedData>
	<Region>
		<LatLonAltBox>
			<north> 44.7752901573038 </north>
			<south> 44.7752502151227 </south>
			<east> 6.019495564966971 </east>
			<west> 6.019386430201889 </west>
		</LatLonAltBox>
		<Lod>
			<minLodPixels>100</minLodPixels>
			<maxLodPixels>-1</maxLodPixels>
		</Lod>
	</Region>
			<Polygon><altitudeMode>relativeToGround</altitudeMode>
				<outerBoundaryIs>
					<LinearRing>
						<coordinates>							6.019495564966971,44.7752901573038,0 6.01939083625554,44.7752502151227,0 6.019386430201889,44.7752670932287,0 6.01943935984046,44.775289346403,0 6.019495564966971,44.7752901573038,0 
						</coordinates>
					</LinearRing>
				</outerBoundaryIs>
			</Polygon>
		</Placemark>
		<Placemark id="parcelles-des-personnes-morales_05_groupe_personne_4.69976">
		<styleUrl>#COM</styleUrl>			<visibility>0</visibility>
			<ExtendedData>
				<SchemaData schemaUrl="#parcelles-des-personnes-morales_05_groupe_personne_4.schema">
					<SimpleData name="Numero de Parcelle">05142000AD0436</SimpleData>
					<SimpleData name="Departement">05</SimpleData>
					<SimpleData name="Commune">SAINT-FIRMIN</SimpleData>
					<SimpleData name="Adresse">LA FOUGEROUSE</SimpleData>
					<SimpleData name="Groupe de personne">Commune</SimpleData>
					<SimpleData name="Forme Juridique Abregee">CCOM</SimpleData>
					<SimpleData name="Denomination">COMMUNAUTE DE COMMUNES DU CHAMPSAUR</SimpleData>
				</SchemaData>
			</ExtendedData>
	<Region>
		<LatLonAltBox>
			<north> 44.7752984917213 </north>
			<south> 44.7752339000076 </south>
			<east> 6.02007242785451 </east>
			<west> 6.01986064571847 </west>
		</LatLonAltBox>
		<Lod>
			<minLodPixels>100</minLodPixels>
			<maxLodPixels>-1</maxLodPixels>
		</Lod>
	</Region>
			<Polygon><altitudeMode>relativeToGround</altitudeMode>
				<outerBoundaryIs>
					<LinearRing>
						<coordinates>							6.01992007919239,44.7752339000076,0 6.01986064571847,44.7752954343491,0 6.02007242785451,44.7752984917213,0 6.01992007919239,44.7752339000076,0 
						</coordinates>
					</LinearRing>
				</outerBoundaryIs>
			</Polygon>
		</Placemark>
		<Placemark id="parcelles-des-personnes-morales_05_groupe_personne_4.70012">
		<styleUrl>#COM</styleUrl>			<visibility>0</visibility>
			<ExtendedData>
				<SchemaData schemaUrl="#parcelles-des-personnes-morales_05_groupe_personne_4.schema">
					<SimpleData name="Numero de Parcelle">051420000D0436</SimpleData>
					<SimpleData name="Departement">05</SimpleData>
					<SimpleData name="Commune">SAINT-FIRMIN</SimpleData>
					<SimpleData name="Adresse">BOIS DU CLAP ET CHALAMEL</SimpleData>
					<SimpleData name="Groupe de personne">Commune</SimpleData>
					<SimpleData name="Forme Juridique Abregee">COM</SimpleData>
					<SimpleData name="Denomination">COMMUNE DE SAINT FIRMIN</SimpleData>
				</SchemaData>
			</ExtendedData>
	<Region>
		<LatLonAltBox>
			<north> 44.7994208978326 </north>
			<south> 44.7993028364566 </south>
			<east> 6.04404118649827 </east>
			<west> 6.04395776803397 </west>
		</LatLonAltBox>
		<Lod>
			<minLodPixels>100</minLodPixels>
			<maxLodPixels>-1</maxLodPixels>
		</Lod>
	</Region>
			<Polygon><altitudeMode>relativeToGround</altitudeMode>
				<outerBoundaryIs>
					<LinearRing>
						<coordinates>							6.04402394354514,44.7993028364566,0 6.04395776803397,44.7993169972135,0 6.04398997099358,44.7994208978326,0 6.04403255492016,44.7993963928521,0 6.04404118649827,44.7993665133083,0 6.04402394354514,44.7993028364566,0 
						</coordinates>
					</LinearRing>
				</outerBoundaryIs>
			</Polygon>
		</Placemark>
		<Placemark id="parcelles-des-personnes-morales_05_groupe_personne_4.70043">
		<styleUrl>#COM</styleUrl>			<visibility>0</visibility>
			<ExtendedData>
				<SchemaData schemaUrl="#parcelles-des-personnes-morales_05_groupe_personne_4.schema">
					<SimpleData name="Numero de Parcelle">05142000AD0437</SimpleData>
					<SimpleData name="Departement">05</SimpleData>
					<SimpleData name="Commune">SAINT-FIRMIN</SimpleData>
					<SimpleData name="Adresse">LA FOUGEROUSE</SimpleData>
					<SimpleData name="Groupe de personne">Commune</SimpleData>
					<SimpleData name="Forme Juridique Abregee">COM</SimpleData>
					<SimpleData name="Denomination">COMMUNE DE SAINT FIRMIN</SimpleData>
				</SchemaData>
			</ExtendedData>
	<Region>
		<LatLonAltBox>
			<north> 44.7753004483543 </north>
			<south> 44.7746920085822 </south>
			<east> 6.02186137419244 </east>
			<west> 6.018771759217209 </west>
		</LatLonAltBox>
		<Lod>
			<minLodPixels>100</minLodPixels>
			<maxLodPixels>-1</maxLodPixels>
		</Lod>
	</Region>
			<Polygon><altitudeMode>relativeToGround</altitudeMode>
				<outerBoundaryIs>
					<LinearRing>
						<coordinates>							6.02153562484096,44.7748811844155,0 6.02145378636521,44.7748764785997,0 6.021303026318101,44.7748673452585,0 6.020961326547449,44.7748710759582,0 6.0206997700057,44.7748785671813,0 6.020168967934141,44.7748893425963,0 6.020013356630151,44.7748746636251,0 6.01980491643479,44.7748607935601,0 6.01941656066565,44.7747000125896,0 6.019293689732299,44.7746920085822,0 6.01909492917647,44.7748041893931,0 6.018771759217209,44.7749810253,0 6.01885284734453,44.7750094490395,0 6.019039449675961,44.7750806770134,0 6.019117405644689,44.7749895371205,0 6.019338688977709,44.7749740472886,0 6.01992007919239,44.7752339000076,0 6.02007242785451,44.7752984917213,0 6.02020888928839,44.7753004483543,0 6.02032274677481,44.7752677930244,0 6.02022071124562,44.775254446923,0 6.02011416907476,44.7752537470513,0 6.020064517664949,44.775268975302,0 6.01976598695329,44.7751344880706,0 6.01992000056746,44.7749569439237,0 6.01992811016072,44.7749501458162,0 6.01993859472118,44.7749451750156,0 6.0199506039492,44.7749426853753,0 6.019963117745519,44.774942524504,0 6.0200141917391,44.774946718475,0 6.0200519312862,44.774949924412,0 6.02008975847686,44.7749524071712,0 6.02012754217205,44.77495408023,0 6.02016540867451,44.7749549401457,0 6.02020335798259,44.7749549869182,0 6.020217013353499,44.774954884999,0 6.02056994572296,44.7749483276837,0 6.02076593072603,44.7749446065718,0 6.02106219586187,44.7749404034333,0 6.02120695869877,44.7749415017961,0 6.02123264138466,44.7749439549151,0 6.02125712812598,44.7749500445206,0 6.02127927735331,44.7749597116439,0 6.02129816625875,44.7749722606723,0 6.02131327028513,44.7749873455226,0 6.0213236666197,44.7750042705825,0 6.02132893766485,44.7750223264634,0 6.02132891843047,44.7750407968883,0 6.021323691699749,44.7750588687262,0 6.02127192008984,44.7751805599893,0 6.02136548847585,44.7751940459091,0 6.02140744153213,44.7750944258246,0 6.021431175365521,44.7751006260218,0 6.02164426232128,44.775167974117,0 6.021856020750109,44.7751470628885,0 6.02186137419244,44.7749266294815,0 6.02178801906344,44.7749150253638,0 6.02163494591198,44.7748887470086,0 6.02153562484096,44.7748811844155,0 
						</coordinates>
					</LinearRing>
				</outerBoundaryIs>
			</Polygon>
		</Placemark>
		<Placemark id="parcelles-des-personnes-morales_05_groupe_personne_4.70118">
		<styleUrl>#COM</styleUrl>			<visibility>0</visibility>
			<ExtendedData>
				<SchemaData schemaUrl="#parcelles-des-personnes-morales_05_groupe_personne_4.schema">
					<SimpleData name="Numero de Parcelle">05142000AE0438</SimpleData>
					<SimpleData name="Departement">05</SimpleData>
					<SimpleData name="Commune">SAINT-FIRMIN</SimpleData>
					<SimpleData name="Adresse">LE BOURG</SimpleData>
					<SimpleData name="Groupe de personne">Commune</SimpleData>
					<SimpleData name="Forme Juridique Abregee">COM</SimpleData>
					<SimpleData name="Denomination">COMMUNE DE SAINT FIRMIN</SimpleData>
				</SchemaData>
			</ExtendedData>
	<Region>
		<LatLonAltBox>
			<north> 44.7808078249118 </north>
			<south> 44.7804949553183 </south>
			<east> 6.02826713485817 </east>
			<west> 6.02810472617661 </west>
		</LatLonAltBox>
		<Lod>
			<minLodPixels>100</minLodPixels>
			<maxLodPixels>-1</maxLodPixels>
		</Lod>
	</Region>
			<Polygon><altitudeMode>relativeToGround</altitudeMode>
				<outerBoundaryIs>
					<LinearRing>
						<coordinates>							6.02822834312157,44.7807922169354,0 6.02826713485817,44.7808078249118,0 6.02820745938906,44.7807004376324,0 6.02815344330274,44.7805619021241,0 6.02812953810846,44.7805056137196,0 6.028114036666359,44.7804949553183,0 6.02810472617661,44.780509985735,0 6.028171180509069,44.7806398923906,0 6.02821269318735,44.7807271436793,0 6.02822834312157,44.7807922169354,0 
						</coordinates>
					</LinearRing>
				</outerBoundaryIs>
			</Polygon>
		</Placemark>
		<Placemark id="parcelles-des-personnes-morales_05_groupe_personne_4.70511">
		<styleUrl>#COM</styleUrl>			<visibility>0</visibility>
			<ExtendedData>
				<SchemaData schemaUrl="#parcelles-des-personnes-morales_05_groupe_personne_4.schema">
					<SimpleData name="Numero de Parcelle">05142000AE0441</SimpleData>
					<SimpleData name="Departement">05</SimpleData>
					<SimpleData name="Commune">SAINT-FIRMIN</SimpleData>
					<SimpleData name="Adresse">LE BOURG</SimpleData>
					<SimpleData name="Groupe de personne">Commune</SimpleData>
					<SimpleData name="Forme Juridique Abregee">COM</SimpleData>
					<SimpleData name="Denomination">COMMUNE DE SAINT FIRMIN</SimpleData>
				</SchemaData>
			</ExtendedData>
	<Region>
		<LatLonAltBox>
			<north> 44.7809440046904 </north>
			<south> 44.7806845271985 </south>
			<east> 6.02827877245184 </east>
			<west> 6.02783174998266 </west>
		</LatLonAltBox>
		<Lod>
			<minLodPixels>100</minLodPixels>
			<maxLodPixels>-1</maxLodPixels>
		</Lod>
	</Region>
			<Polygon><altitudeMode>relativeToGround</altitudeMode>
				<outerBoundaryIs>
					<LinearRing>
						<coordinates>							6.02822834312157,44.7807922169354,0 6.02800921926303,44.7807096388472,0 6.02794233814244,44.7806845271985,0 6.02786312241911,44.7807263346207,0 6.02783174998266,44.7807427787048,0 6.02787943515688,44.7807731901015,0 6.027946056350141,44.780816959085,0 6.02808459169123,44.7808900267978,0 6.02815649611718,44.7809191455898,0 6.028183827890119,44.7809286698298,0 6.028222275595339,44.7809378902993,0 6.02824475462267,44.7809418709892,0 6.02827877245184,44.7809440046904,0 6.02822834312157,44.7807922169354,0 
						</coordinates>
					</LinearRing>
				</outerBoundaryIs>
			</Polygon>
		</Placemark>
		<Placemark id="parcelles-des-personnes-morales_05_groupe_personne_4.70659">
		<styleUrl>#COM</styleUrl>			<visibility>0</visibility>
			<ExtendedData>
				<SchemaData schemaUrl="#parcelles-des-personnes-morales_05_groupe_personne_4.schema">
					<SimpleData name="Numero de Parcelle">05142000AD0443</SimpleData>
					<SimpleData name="Departement">05</SimpleData>
					<SimpleData name="Commune">SAINT-FIRMIN</SimpleData>
					<SimpleData name="Adresse">LA FOUGEROUSE</SimpleData>
					<SimpleData name="Groupe de personne">Commune</SimpleData>
					<SimpleData name="Forme Juridique Abregee">CCOM</SimpleData>
					<SimpleData name="Denomination">COMMUNAUTE DE COMMUNES DU CHAMPSAUR</SimpleData>
				</SchemaData>
			</ExtendedData>
	<Region>
		<LatLonAltBox>
			<north> 44.7751949601775 </north>
			<south> 44.7750944258246 </south>
			<east> 6.02164426232128 </east>
			<west> 6.02136548847585 </west>
		</LatLonAltBox>
		<Lod>
			<minLodPixels>100</minLodPixels>
			<maxLodPixels>-1</maxLodPixels>
		</Lod>
	</Region>
			<Polygon><altitudeMode>relativeToGround</altitudeMode>
				<outerBoundaryIs>
					<LinearRing>
						<coordinates>							6.02136548847585,44.7751940459091,0 6.02137160913003,44.7751949601775,0 6.02164426232128,44.775167974117,0 6.021431175365521,44.7751006260218,0 6.02140744153213,44.7750944258246,0 6.02136548847585,44.7751940459091,0 
						</coordinates>
					</LinearRing>
				</outerBoundaryIs>
			</Polygon>
		</Placemark>
		<Placemark id="parcelles-des-personnes-morales_05_groupe_personne_4.70733">
		<styleUrl>#COM</styleUrl>			<visibility>0</visibility>
			<ExtendedData>
				<SchemaData schemaUrl="#parcelles-des-personnes-morales_05_groupe_personne_4.schema">
					<SimpleData name="Numero de Parcelle">05142000AD0444</SimpleData>
					<SimpleData name="Departement">05</SimpleData>
					<SimpleData name="Commune">SAINT-FIRMIN</SimpleData>
					<SimpleData name="Adresse">LA FOUGEROUSE</SimpleData>
					<SimpleData name="Groupe de personne">Commune</SimpleData>
					<SimpleData name="Forme Juridique Abregee">CCOM</SimpleData>
					<SimpleData name="Denomination">COMMUNAUTE DE COMMUNES DU VALGAUDEMAR</SimpleData>
				</SchemaData>
			</ExtendedData>
	<Region>
		<LatLonAltBox>
			<north> 44.7754146057914 </north>
			<south> 44.775289346403 </south>
			<east> 6.019759151194391 </east>
			<west> 6.01943935984046 </west>
		</LatLonAltBox>
		<Lod>
			<minLodPixels>100</minLodPixels>
			<maxLodPixels>-1</maxLodPixels>
		</Lod>
	</Region>
			<Polygon><altitudeMode>relativeToGround</altitudeMode>
				<outerBoundaryIs>
					<LinearRing>
						<coordinates>							6.019759151194391,44.7754146057914,0 6.019495564966971,44.7752901573038,0 6.01943935984046,44.775289346403,0 6.01965354759164,44.775374867883,0 6.019759151194391,44.7754146057914,0 
						</coordinates>
					</LinearRing>
				</outerBoundaryIs>
			</Polygon>
		</Placemark>
		<Placemark id="parcelles-des-personnes-morales_05_groupe_personne_4.70777">
		<styleUrl>#COM</styleUrl>			<visibility>0</visibility>
			<ExtendedData>
				<SchemaData schemaUrl="#parcelles-des-personnes-morales_05_groupe_personne_4.schema">
					<SimpleData name="Numero de Parcelle">051420000D0444</SimpleData>
					<SimpleData name="Departement">05</SimpleData>
					<SimpleData name="Commune">SAINT-FIRMIN</SimpleData>
					<SimpleData name="Adresse">BOIS DU CLAP ET CHALAMEL</SimpleData>
					<SimpleData name="Groupe de personne">Commune</SimpleData>
					<SimpleData name="Forme Juridique Abregee">COM</SimpleData>
					<SimpleData name="Denomination">COMMUNE DE SAINT FIRMIN</SimpleData>
				</SchemaData>
			</ExtendedData>
	<Region>
		<LatLonAltBox>
			<north> 44.7984663758821 </north>
			<south> 44.7978389897708 </south>
			<east> 6.046855978959291 </east>
			<west> 6.046124153092189 </west>
		</LatLonAltBox>
		<Lod>
			<minLodPixels>100</minLodPixels>
			<maxLodPixels>-1</maxLodPixels>
		</Lod>
	</Region>
			<Polygon><altitudeMode>relativeToGround</altitudeMode>
				<outerBoundaryIs>
					<LinearRing>
						<coordinates>							6.046124153092189,44.7980479989082,0 6.04612983234739,44.7981410951745,0 6.046125939681191,44.7982186871807,0 6.046314273929269,44.7982497312725,0 6.046526270854,44.7984044611895,0 6.04654860914891,44.7984663758821,0 6.04681137032014,44.7984347370103,0 6.04675669902234,44.7984206526068,0 6.04667195237473,44.7983933393799,0 6.04665233477688,44.7983769399782,0 6.04665517453184,44.7983359570242,0 6.04668537087403,44.7982977360241,0 6.04670084262859,44.7982633434882,0 6.046815642543911,44.7980981001537,0 6.046855978959291,44.7980251826044,0 6.04685465388479,44.7979610686078,0 6.046837581260601,44.7979122537848,0 6.04678540518215,44.7978578266188,0 6.046746294587881,44.7978389897708,0 6.04670077922826,44.7978467279251,0 6.04655606550631,44.7979036835435,0 6.04634112551471,44.7979770748991,0 6.04619904458721,44.7980312547131,0 6.046124153092189,44.7980479989082,0 
						</coordinates>
					</LinearRing>
				</outerBoundaryIs>
			</Polygon>
		</Placemark>
		<Placemark id="parcelles-des-personnes-morales_05_groupe_personne_4.70819">
		<styleUrl>#COM</styleUrl>			<visibility>0</visibility>
			<ExtendedData>
				<SchemaData schemaUrl="#parcelles-des-personnes-morales_05_groupe_personne_4.schema">
					<SimpleData name="Numero de Parcelle">05142000AD0445</SimpleData>
					<SimpleData name="Departement">05</SimpleData>
					<SimpleData name="Commune">SAINT-FIRMIN</SimpleData>
					<SimpleData name="Adresse">LA FOUGEROUSE</SimpleData>
					<SimpleData name="Groupe de personne">Commune</SimpleData>
					<SimpleData name="Forme Juridique Abregee">CCOM</SimpleData>
					<SimpleData name="Denomination">COMMUNAUTE DE COMMUNES DU VALGAUDEMAR</SimpleData>
				</SchemaData>
			</ExtendedData>
	<Region>
		<LatLonAltBox>
			<north> 44.7754146057914 </north>
			<south> 44.7752901573038 </south>
			<east> 6.01986064571847 </east>
			<west> 6.019495564966971 </west>
		</LatLonAltBox>
		<Lod>
			<minLodPixels>100</minLodPixels>
			<maxLodPixels>-1</maxLodPixels>
		</Lod>
	</Region>
			<Polygon><altitudeMode>relativeToGround</altitudeMode>
				<outerBoundaryIs>
					<LinearRing>
						<coordinates>							6.019759151194391,44.7754146057914,0 6.01986064571847,44.7752954343491,0 6.019495564966971,44.7752901573038,0 6.019759151194391,44.7754146057914,0 
						</coordinates>
					</LinearRing>
				</outerBoundaryIs>
			</Polygon>
		</Placemark>
		<Placemark id="parcelles-des-personnes-morales_05_groupe_personne_4.70892">
		<styleUrl>#COM</styleUrl>			<visibility>0</visibility>
			<ExtendedData>
				<SchemaData schemaUrl="#parcelles-des-personnes-morales_05_groupe_personne_4.schema">
					<SimpleData name="Numero de Parcelle">05142000AD0446</SimpleData>
					<SimpleData name="Departement">05</SimpleData>
					<SimpleData name="Commune">SAINT-FIRMIN</SimpleData>
					<SimpleData name="Adresse">LA FOUGEROUSE</SimpleData>
					<SimpleData name="Groupe de personne">Commune</SimpleData>
					<SimpleData name="Forme Juridique Abregee">CCOM</SimpleData>
					<SimpleData name="Denomination">COMMUNAUTE DE COMMUNES DU CHAMPSAUR</SimpleData>
				</SchemaData>
			</ExtendedData>
	<Region>
		<LatLonAltBox>
			<north> 44.7756791336476 </north>
			<south> 44.7752954343491 </south>
			<east> 6.02044138288413 </east>
			<west> 6.019759151194391 </west>
		</LatLonAltBox>
		<Lod>
			<minLodPixels>100</minLodPixels>
			<maxLodPixels>-1</maxLodPixels>
		</Lod>
	</Region>
			<Polygon><altitudeMode>relativeToGround</altitudeMode>
				<outerBoundaryIs>
					<LinearRing>
						<coordinates>							6.02007242785451,44.7752984917213,0 6.01986064571847,44.7752954343491,0 6.019759151194391,44.7754146057914,0 6.01989379229139,44.7754650846294,0 6.02005367059278,44.7755497430079,0 6.020242193083339,44.7756283947804,0 6.02041024274103,44.7756791336476,0 6.020427817740091,44.775646039437,0 6.02044138288413,44.7756207127787,0 6.02041325718275,44.7755068760092,0 6.02036090677045,44.7755142494219,0 6.02032299403112,44.7753595050715,0 6.020243027660591,44.7753637570184,0 6.02021642685563,44.7753606980119,0 6.02017422475707,44.7753497753162,0 6.02007242785451,44.7752984917213,0 
						</coordinates>
					</LinearRing>
				</outerBoundaryIs>
			</Polygon>
		</Placemark>
		<Placemark id="parcelles-des-personnes-morales_05_groupe_personne_4.70895">
		<styleUrl>#COM</styleUrl>			<visibility>0</visibility>
			<ExtendedData>
				<SchemaData schemaUrl="#parcelles-des-personnes-morales_05_groupe_personne_4.schema">
					<SimpleData name="Numero de Parcelle">05142000AH0446</SimpleData>
					<SimpleData name="Departement">05</SimpleData>
					<SimpleData name="Commune">SAINT-FIRMIN</SimpleData>
					<SimpleData name="Adresse">94, TRA DES SAGNETTES</SimpleData>
					<SimpleData name="Groupe de personne">Commune</SimpleData>
					<SimpleData name="Forme Juridique Abregee">COM</SimpleData>
					<SimpleData name="Denomination">COMMUNE DE SAINT FIRMIN</SimpleData>
				</SchemaData>
			</ExtendedData>
	<Region>
		<LatLonAltBox>
			<north> 44.7786798024471 </north>
			<south> 44.7783576463749 </south>
			<east> 6.03425055131023 </east>
			<west> 6.03371412414263 </west>
		</LatLonAltBox>
		<Lod>
			<minLodPixels>100</minLodPixels>
			<maxLodPixels>-1</maxLodPixels>
		</Lod>
	</Region>
			<Polygon><altitudeMode>relativeToGround</altitudeMode>
				<outerBoundaryIs>
					<LinearRing>
						<coordinates>							6.033714319143339,44.7783576463749,0 6.03371412414263,44.7785298284634,0 6.03412519162775,44.7786671447936,0 6.034149909558321,44.7786798024471,0 6.03425055131023,44.7784468469177,0 6.03420563401883,44.7784068120938,0 6.033714319143339,44.7783576463749,0 
						</coordinates>
					</LinearRing>
				</outerBoundaryIs>
			</Polygon>
		</Placemark>
		<Placemark id="parcelles-des-personnes-morales_05_groupe_personne_4.70940">
		<styleUrl>#COM</styleUrl>			<visibility>0</visibility>
			<ExtendedData>
				<SchemaData schemaUrl="#parcelles-des-personnes-morales_05_groupe_personne_4.schema">
					<SimpleData name="Numero de Parcelle">051420000D0446</SimpleData>
					<SimpleData name="Departement">05</SimpleData>
					<SimpleData name="Commune">SAINT-FIRMIN</SimpleData>
					<SimpleData name="Adresse">BOIS DU CLAP ET CHALAMEL</SimpleData>
					<SimpleData name="Groupe de personne">Commune</SimpleData>
					<SimpleData name="Forme Juridique Abregee">COM</SimpleData>
					<SimpleData name="Denomination">COMMUNE DE SAINT FIRMIN</SimpleData>
				</SchemaData>
			</ExtendedData>
	<Region>
		<LatLonAltBox>
			<north> 44.7988437591667 </north>
			<south> 44.7961174033629 </south>
			<east> 6.05037583979232 </east>
			<west> 6.046469570459609 </west>
		</LatLonAltBox>
		<Lod>
			<minLodPixels>100</minLodPixels>
			<maxLodPixels>-1</maxLodPixels>
		</Lod>
	</Region>
			<Polygon><altitudeMode>relativeToGround</altitudeMode>
				<outerBoundaryIs>
					<LinearRing>
						<coordinates>							6.04674080951334,44.7977985059337,0 6.046800555286429,44.7978198389544,0 6.04683504144726,44.7978490741695,0 6.046895975843679,44.797932002119,0 6.046904151952021,44.7979894406768,0 6.04686555706101,44.7980944756851,0 6.046729922202381,44.7982792125134,0 6.04669395142856,44.7983369635046,0 6.04670315355042,44.7983736511316,0 6.04674108968375,44.798398827213,0 6.04681310973193,44.7984084704159,0 6.046858973911931,44.7983931543291,0 6.04689185727989,44.7983531475315,0 6.04692325991054,44.7983208398331,0 6.0469516732931,44.798310418231,0 6.04698306982697,44.7983200066791,0 6.04697816748292,44.7983976265061,0 6.04712922140701,44.7985392542996,0 6.04714166768435,44.7985400834455,0 6.04723714866245,44.7984433053005,0 6.047274676706529,44.7984212805841,0 6.04729308556737,44.7984200537191,0 6.04731993153322,44.7984670681344,0 6.04736325744114,44.7985146205777,0 6.047444121326041,44.7985636637844,0 6.04749868071741,44.798575678659,0 6.04761201426027,44.7985374241725,0 6.047751179972279,44.7984644920085,0 6.047976018380181,44.7982982940967,0 6.04805128350157,44.7982581126389,0 6.048121752278999,44.7982414887509,0 6.0486378513586,44.7981958510948,0 6.04871012857789,44.7982242265842,0 6.04879267745716,44.7982436700091,0 6.04885406098578,44.7982391886018,0 6.049101396166421,44.798133186357,0 6.049166416014901,44.798114098807,0 6.04922916943312,44.7981278696041,0 6.04928158791186,44.7981890464553,0 6.04933115753117,44.798344635332,0 6.04936853858375,44.7983805476,0 6.04943540232632,44.7983884388799,0 6.04960805101383,44.7984568495631,0 6.04983452245381,44.7985609900467,0 6.04993681583619,44.7986294438817,0 6.05002111810387,44.7986974916735,0 6.0501704078501,44.7988437591667,0 6.05017571662099,44.7985708831982,0 6.050175217907661,44.7984847622142,0 6.05018788025767,44.7983263800297,0 6.05020794738021,44.7981249069409,0 6.05024512114413,44.7980357671367,0 6.05027717652439,44.7979432543044,0 6.05031865410773,44.7978844495215,0 6.05037583979232,44.7978306183955,0 6.050336782349901,44.7978151149835,0 6.05031624522373,44.7977981108201,0 6.05033079282097,44.7977327490773,0 6.050307035248971,44.7977216899739,0 6.05025741671445,44.7977214336023,0 6.05023478530968,44.797668177142,0 6.05018403818549,44.7976634468433,0 6.05012061786876,44.7976630296048,0 6.0500967425657,44.7976474687463,0 6.05007909890413,44.7976184918531,0 6.05007689730752,44.7975429593446,0 6.05005994344569,44.7975127020833,0 6.05000556158671,44.7974899618172,0 6.0499302148417,44.7974866290749,0 6.049869697759561,44.7974930694403,0 6.049762423185259,44.7975123289224,0 6.049715584608829,44.797511995827,0 6.049683088760749,44.7974984740434,0 6.04965150998342,44.7974598794949,0 6.049658191383781,44.7973987887415,0 6.04964561484963,44.7973815654486,0 6.04961982302955,44.7973773195999,0 6.04956617107209,44.7973960045883,0 6.0495394416606,44.7973931360008,0 6.0495057406181,44.7973597354465,0 6.04951186479912,44.7973046966709,0 6.0494944949448,44.7972807577103,0 6.049464428696,44.7972653670475,0 6.04936112213079,44.7972341516481,0 6.04930298039994,44.7971957471665,0 6.04925733589181,44.7971287978876,0 6.04925434515394,44.7970410336537,0 6.04922975051897,44.7969632340206,0 6.04928953715844,44.7968733824329,0 6.04929881167486,44.7968227619666,0 6.04927472591809,44.7967590037906,0 6.04926282250509,44.7966912164256,0 6.04924546473228,44.7966558345378,0 6.049126481082,44.7965805413388,0 6.049056612815661,44.7965382246851,0 6.04901775584598,44.7964820807077,0 6.04906220375898,44.7964267085836,0 6.0491354694254,44.7963310803703,0 6.049156431127071,44.7962789671426,0 6.049130819107269,44.7962523717108,0 6.049017035584181,44.7962145967429,0 6.04875551598148,44.7961243031322,0 6.04869845231857,44.7961174033629,0 6.0486505428488,44.7961252983067,0 6.04844520848647,44.7962123049964,0 6.04802197317456,44.7963972944231,0 6.04782107991968,44.7965125589414,0 6.04750370317597,44.7965566040074,0 6.04705901002405,44.7966400074529,0 6.0468975614676,44.7967616641126,0 6.04667637373582,44.796918118912,0 6.04663621489157,44.7969522889925,0 6.04655935568478,44.7970377429335,0 6.046469570459609,44.7971788727775,0 6.046728913711689,44.7976327806501,0 6.04674080951334,44.7977985059337,0 
						</coordinates>
					</LinearRing>
				</outerBoundaryIs>
			</Polygon>
		</Placemark>
		<Placemark id="parcelles-des-personnes-morales_05_groupe_personne_4.70979">
		<styleUrl>#COM</styleUrl>			<visibility>0</visibility>
			<ExtendedData>
				<SchemaData schemaUrl="#parcelles-des-personnes-morales_05_groupe_personne_4.schema">
					<SimpleData name="Numero de Parcelle">05142000AD0447</SimpleData>
					<SimpleData name="Departement">05</SimpleData>
					<SimpleData name="Commune">SAINT-FIRMIN</SimpleData>
					<SimpleData name="Adresse">LA FOUGEROUSE</SimpleData>
					<SimpleData name="Groupe de personne">Commune</SimpleData>
					<SimpleData name="Forme Juridique Abregee">COM</SimpleData>
					<SimpleData name="Denomination">COMMUNE DE SAINT FIRMIN</SimpleData>
				</SchemaData>
			</ExtendedData>
	<Region>
		<LatLonAltBox>
			<north> 44.7753637570184 </north>
			<south> 44.7752984917213 </south>
			<east> 6.02056583222645 </east>
			<west> 6.02007242785451 </west>
		</LatLonAltBox>
		<Lod>
			<minLodPixels>100</minLodPixels>
			<maxLodPixels>-1</maxLodPixels>
		</Lod>
	</Region>
			<Polygon><altitudeMode>relativeToGround</altitudeMode>
				<outerBoundaryIs>
					<LinearRing>
						<coordinates>							6.02007242785451,44.7752984917213,0 6.02017422475707,44.7753497753162,0 6.02021642685563,44.7753606980119,0 6.020243027660591,44.7753637570184,0 6.02032299403112,44.7753595050715,0 6.02056583222645,44.7753096388742,0 6.02020888928839,44.7753004483543,0 6.02007242785451,44.7752984917213,0 
						</coordinates>
					</LinearRing>
				</outerBoundaryIs>
			</Polygon>
		</Placemark>
		<Placemark id="parcelles-des-personnes-morales_05_groupe_personne_4.70982">
		<styleUrl>#COM</styleUrl>			<visibility>0</visibility>
			<ExtendedData>
				<SchemaData schemaUrl="#parcelles-des-personnes-morales_05_groupe_personne_4.schema">
					<SimpleData name="Numero de Parcelle">05142000AH0447</SimpleData>
					<SimpleData name="Departement">05</SimpleData>
					<SimpleData name="Commune">SAINT-FIRMIN</SimpleData>
					<SimpleData name="Adresse">LA SAGNETTE</SimpleData>
					<SimpleData name="Groupe de personne">Commune</SimpleData>
					<SimpleData name="Forme Juridique Abregee">COM</SimpleData>
					<SimpleData name="Denomination">COMMUNE DE SAINT FIRMIN</SimpleData>
				</SchemaData>
			</ExtendedData>
	<Region>
		<LatLonAltBox>
			<north> 44.7784468469177 </north>
			<south> 44.7780203853362 </south>
			<east> 6.03429738468824 </east>
			<west> 6.033714319143339 </west>
		</LatLonAltBox>
		<Lod>
			<minLodPixels>100</minLodPixels>
			<maxLodPixels>-1</maxLodPixels>
		</Lod>
	</Region>
			<Polygon><altitudeMode>relativeToGround</altitudeMode>
				<outerBoundaryIs>
					<LinearRing>
						<coordinates>							6.03415289879329,44.7780203853362,0 6.034090564346099,44.7780326335898,0 6.03390466863791,44.7780641221416,0 6.03372410309047,44.7780631193685,0 6.03371448407075,44.778063022327,0 6.033714319143339,44.7783576463749,0 6.03420563401883,44.7784068120938,0 6.03425055131023,44.7784468469177,0 6.03428164704324,44.7782776928418,0 6.03429738468824,44.7781755415461,0 6.03427650261737,44.778044120175,0 6.03415289879329,44.7780203853362,0 
						</coordinates>
					</LinearRing>
				</outerBoundaryIs>
			</Polygon>
		</Placemark>
		<Placemark id="parcelles-des-personnes-morales_05_groupe_personne_4.71035">
		<styleUrl>#COM</styleUrl>			<visibility>0</visibility>
			<ExtendedData>
				<SchemaData schemaUrl="#parcelles-des-personnes-morales_05_groupe_personne_4.schema">
					<SimpleData name="Numero de Parcelle">051420000C0447</SimpleData>
					<SimpleData name="Departement">05</SimpleData>
					<SimpleData name="Commune">SAINT-FIRMIN</SimpleData>
					<SimpleData name="Adresse">LES CHANELLAS</SimpleData>
					<SimpleData name="Groupe de personne">Commune</SimpleData>
					<SimpleData name="Forme Juridique Abregee">COM</SimpleData>
					<SimpleData name="Denomination">COMMUNE DE SAINT FIRMIN</SimpleData>
				</SchemaData>
			</ExtendedData>
	<Region>
		<LatLonAltBox>
			<north> 44.7973388330876 </north>
			<south> 44.7966689730203 </south>
			<east> 6.02989589476553 </east>
			<west> 6.028780788503361 </west>
		</LatLonAltBox>
		<Lod>
			<minLodPixels>100</minLodPixels>
			<maxLodPixels>-1</maxLodPixels>
		</Lod>
	</Region>
			<Polygon><altitudeMode>relativeToGround</altitudeMode>
				<outerBoundaryIs>
					<LinearRing>
						<coordinates>							6.02900804130492,44.79719592426,0 6.0290173583527,44.797188011321,0 6.0291451477078,44.7971243336941,0 6.02921468622352,44.7971631576953,0 6.02928538903917,44.7972212308321,0 6.029332709240189,44.7971694826765,0 6.02936637575201,44.7971414430599,0 6.02936734778199,44.7971406957099,0 6.029403613570169,44.7971186216174,0 6.02944385398313,44.7971022051641,0 6.029504067676289,44.797087765558,0 6.029842637298719,44.7970727453681,0 6.02989589476553,44.7970278623225,0 6.02984035477601,44.797009288579,0 6.02973053455417,44.7969626462765,0 6.02968443965156,44.7969197580989,0 6.02967141947917,44.7968824529606,0 6.0296692266317,44.7968464736509,0 6.02968568550923,44.7968090835618,0 6.02970846588588,44.7967809809877,0 6.02982069217868,44.796675111518,0 6.02980628337371,44.7966730727167,0 6.02975190374688,44.7966689730203,0 6.029490246970741,44.7966764850399,0 6.02929954772619,44.7966740385213,0 6.028798972845851,44.79668600583,0 6.02882000047231,44.7968108477729,0 6.028862349328501,44.7969227636797,0 6.02886600663781,44.7969812274961,0 6.02885698663488,44.7970251715384,0 6.02883427334149,44.7970568760159,0 6.028780788503361,44.7970858173805,0 6.028867452336039,44.7972897739402,0 6.02889512567481,44.7973148759157,0 6.028931721688279,44.7973388330876,0 6.028996192057241,44.7972061588459,0 6.02900804130492,44.79719592426,0 
						</coordinates>
					</LinearRing>
				</outerBoundaryIs>
			</Polygon>
		</Placemark>
		<Placemark id="parcelles-des-personnes-morales_05_groupe_personne_4.71092">
		<styleUrl>#COM</styleUrl>			<visibility>0</visibility>
			<ExtendedData>
				<SchemaData schemaUrl="#parcelles-des-personnes-morales_05_groupe_personne_4.schema">
					<SimpleData name="Numero de Parcelle">051420000D0448</SimpleData>
					<SimpleData name="Departement">05</SimpleData>
					<SimpleData name="Commune">SAINT-FIRMIN</SimpleData>
					<SimpleData name="Adresse">LE DEVES</SimpleData>
					<SimpleData name="Groupe de personne">Commune</SimpleData>
					<SimpleData name="Forme Juridique Abregee">COM</SimpleData>
					<SimpleData name="Denomination">COMMUNE DE SAINT FIRMIN</SimpleData>
				</SchemaData>
			</ExtendedData>
	<Region>
		<LatLonAltBox>
			<north> 44.7959867404868 </north>
			<south> 44.7940550152649 </south>
			<east> 6.047620369935441 </east>
			<west> 6.04485457685987 </west>
		</LatLonAltBox>
		<Lod>
			<minLodPixels>100</minLodPixels>
			<maxLodPixels>-1</maxLodPixels>
		</Lod>
	</Region>
			<Polygon><altitudeMode>relativeToGround</altitudeMode>
				<outerBoundaryIs>
					<LinearRing>
						<coordinates>							6.047620369935441,44.7958799072045,0 6.04745684726673,44.7958069181189,0 6.04699786017791,44.7956149218966,0 6.04694185646332,44.795583214928,0 6.04686979860198,44.7954887899585,0 6.04683202486716,44.7954642402262,0 6.04675800764931,44.7954363619852,0 6.046562355736731,44.7954125477675,0 6.04628427965209,44.7952827898637,0 6.045986396508209,44.7948879644296,0 6.045560614866301,44.7945729663474,0 6.04510979467823,44.7942441487925,0 6.04485457685987,44.7940550152649,0 6.04486076659156,44.7941645854396,0 6.044908215741309,44.7945498955063,0 6.04512110162895,44.7945508945817,0 6.04519596828848,44.7949517592634,0 6.045264214749211,44.7950016009459,0 6.04532219097769,44.795039381234,0 6.045447921966111,44.7950922384656,0 6.045596511196399,44.7951372595855,0 6.045922826770531,44.7952185718734,0 6.045917763840751,44.7952488940931,0 6.045972561240629,44.7952793733173,0 6.046173790402361,44.795350066849,0 6.046190304831001,44.795358262479,0 6.046342006290769,44.7954326594166,0 6.04661047374089,44.7955765565281,0 6.046858967565609,44.7957347871971,0 6.04706194616952,44.7958867002744,0 6.047172270837529,44.7959867404868,0 6.04731762787945,44.7959650850158,0 6.04744037645649,44.7959372034224,0 6.047620369935441,44.7958799072045,0 
						</coordinates>
					</LinearRing>
				</outerBoundaryIs>
			</Polygon>
		</Placemark>
		<Placemark id="parcelles-des-personnes-morales_05_groupe_personne_4.71135">
		<styleUrl>#COM</styleUrl>			<visibility>0</visibility>
			<ExtendedData>
				<SchemaData schemaUrl="#parcelles-des-personnes-morales_05_groupe_personne_4.schema">
					<SimpleData name="Numero de Parcelle">05142000AH0449</SimpleData>
					<SimpleData name="Departement">05</SimpleData>
					<SimpleData name="Commune">SAINT-FIRMIN</SimpleData>
					<SimpleData name="Adresse">LA SAGNETTE</SimpleData>
					<SimpleData name="Groupe de personne">Commune</SimpleData>
					<SimpleData name="Forme Juridique Abregee">COM</SimpleData>
					<SimpleData name="Denomination">COMMUNE DE SAINT FIRMIN</SimpleData>
				</SchemaData>
			</ExtendedData>
	<Region>
		<LatLonAltBox>
			<north> 44.7786375677179 </north>
			<south> 44.7778781303707 </south>
			<east> 6.03415289879329 </east>
			<west> 6.032392264380771 </west>
		</LatLonAltBox>
		<Lod>
			<minLodPixels>100</minLodPixels>
			<maxLodPixels>-1</maxLodPixels>
		</Lod>
	</Region>
			<Polygon><altitudeMode>relativeToGround</altitudeMode>
				<outerBoundaryIs>
					<LinearRing>
						<coordinates>							6.03347795027388,44.7778781303707,0 6.03327056305122,44.7778981331191,0 6.032801599332369,44.7780755779848,0 6.03268298976806,44.7780599938158,0 6.032392264380771,44.7784556404189,0 6.033142093895759,44.7786375677179,0 6.033531815608639,44.7780441473713,0 6.03363193055585,44.7780615884356,0 6.03371448407075,44.778063022327,0 6.03372410309047,44.7780631193685,0 6.03390466863791,44.7780641221416,0 6.034090564346099,44.7780326335898,0 6.03415289879329,44.7780203853362,0 6.0336418063463,44.7779375238147,0 6.033546268242769,44.7779111278937,0 6.03347795027388,44.7778781303707,0 
						</coordinates>
					</LinearRing>
				</outerBoundaryIs>
			</Polygon>
		</Placemark>
		<Placemark id="parcelles-des-personnes-morales_05_groupe_personne_4.71271">
		<styleUrl>#COM</styleUrl>			<visibility>0</visibility>
			<ExtendedData>
				<SchemaData schemaUrl="#parcelles-des-personnes-morales_05_groupe_personne_4.schema">
					<SimpleData name="Numero de Parcelle">05142000AE0045</SimpleData>
					<SimpleData name="Departement">05</SimpleData>
					<SimpleData name="Commune">SAINT-FIRMIN</SimpleData>
					<SimpleData name="Adresse">LE BOURG</SimpleData>
					<SimpleData name="Groupe de personne">Commune</SimpleData>
					<SimpleData name="Forme Juridique Abregee">COM</SimpleData>
					<SimpleData name="Denomination">COMMUNE DE SAINT FIRMIN</SimpleData>
				</SchemaData>
			</ExtendedData>
	<Region>
		<LatLonAltBox>
			<north> 44.7821478062517 </north>
			<south> 44.7821019226919 </south>
			<east> 6.02554485079768 </east>
			<west> 6.025396164391421 </west>
		</LatLonAltBox>
		<Lod>
			<minLodPixels>100</minLodPixels>
			<maxLodPixels>-1</maxLodPixels>
		</Lod>
	</Region>
			<Polygon><altitudeMode>relativeToGround</altitudeMode>
				<outerBoundaryIs>
					<LinearRing>
						<coordinates>							6.025538292398359,44.7821019226919,0 6.025400639704421,44.7821204568078,0 6.025396164391421,44.7821242729843,0 6.025402111749629,44.7821478062517,0 6.02554485079768,44.7821321064839,0 6.025538292398359,44.7821019226919,0 
						</coordinates>
					</LinearRing>
				</outerBoundaryIs>
			</Polygon>
		</Placemark>
		<Placemark id="parcelles-des-personnes-morales_05_groupe_personne_4.71325">
		<styleUrl>#COM</styleUrl>			<visibility>0</visibility>
			<ExtendedData>
				<SchemaData schemaUrl="#parcelles-des-personnes-morales_05_groupe_personne_4.schema">
					<SimpleData name="Numero de Parcelle">051420000D0045</SimpleData>
					<SimpleData name="Departement">05</SimpleData>
					<SimpleData name="Commune">SAINT-FIRMIN</SimpleData>
					<SimpleData name="Adresse">LE RIOU ET LES COSSES</SimpleData>
					<SimpleData name="Groupe de personne">Commune</SimpleData>
					<SimpleData name="Forme Juridique Abregee">COM</SimpleData>
					<SimpleData name="Denomination">COMMUNE DE SAINT FIRMIN</SimpleData>
				</SchemaData>
			</ExtendedData>
	<Region>
		<LatLonAltBox>
			<north> 44.7977377440292 </north>
			<south> 44.7973908217087 </south>
			<east> 6.04177713899948 </east>
			<west> 6.041389293808779 </west>
		</LatLonAltBox>
		<Lod>
			<minLodPixels>100</minLodPixels>
			<maxLodPixels>-1</maxLodPixels>
		</Lod>
	</Region>
			<Polygon><altitudeMode>relativeToGround</altitudeMode>
				<outerBoundaryIs>
					<LinearRing>
						<coordinates>							6.041545924650791,44.7976241141097,0 6.04156367163377,44.7976153380664,0 6.0416338980147,44.7976386386935,0 6.04167429541429,44.797664920171,0 6.04170666565518,44.797701873352,0 6.04172923361756,44.7977377440292,0 6.04177713899948,44.7977157067564,0 6.041761254732611,44.7976934377764,0 6.04160914728864,44.7975951695096,0 6.041523390422741,44.7974930081973,0 6.04145845693117,44.7974272159132,0 6.041389293808779,44.7973908217087,0 6.04141826971468,44.7974562491686,0 6.04145259001703,44.7975081953816,0 6.041545924650791,44.7976241141097,0 
						</coordinates>
					</LinearRing>
				</outerBoundaryIs>
			</Polygon>
		</Placemark>
		<Placemark id="parcelles-des-personnes-morales_05_groupe_personne_4.71356">
		<styleUrl>#COM</styleUrl>			<visibility>0</visibility>
			<ExtendedData>
				<SchemaData schemaUrl="#parcelles-des-personnes-morales_05_groupe_personne_4.schema">
					<SimpleData name="Numero de Parcelle">05142000AD0450</SimpleData>
					<SimpleData name="Departement">05</SimpleData>
					<SimpleData name="Commune">SAINT-FIRMIN</SimpleData>
					<SimpleData name="Adresse">LA FOUGEROUSE</SimpleData>
					<SimpleData name="Groupe de personne">Commune</SimpleData>
					<SimpleData name="Forme Juridique Abregee">CCOM</SimpleData>
					<SimpleData name="Denomination">COMMUNAUTE DE COMMUNES DU CHAMPSAUR</SimpleData>
				</SchemaData>
			</ExtendedData>
	<Region>
		<LatLonAltBox>
			<north> 44.7759800011123 </north>
			<south> 44.7754233990828 </south>
			<east> 6.02184680259618 </east>
			<west> 6.02114376852066 </west>
		</LatLonAltBox>
		<Lod>
			<minLodPixels>100</minLodPixels>
			<maxLodPixels>-1</maxLodPixels>
		</Lod>
	</Region>
			<Polygon><altitudeMode>relativeToGround</altitudeMode>
				<outerBoundaryIs>
					<LinearRing>
						<coordinates>							6.02124778298833,44.7754233990828,0 6.02123537910393,44.7754303143807,0 6.02121535642614,44.7754437442094,0 6.02119320648308,44.7754552499007,0 6.021169177051711,44.7754647346003,0 6.02114376852066,44.7754720945666,0 6.02115364033226,44.7754886735594,0 6.02144668983429,44.7759800011123,0 6.02184680259618,44.7758580003124,0 6.021833226491571,44.7756313258147,0 6.02149270667892,44.7755017722383,0 6.02124778298833,44.7754233990828,0 
						</coordinates>
					</LinearRing>
				</outerBoundaryIs>
			</Polygon>
		</Placemark>
		<Placemark id="parcelles-des-personnes-morales_05_groupe_personne_4.71358">
		<styleUrl>#COM</styleUrl>			<visibility>0</visibility>
			<ExtendedData>
				<SchemaData schemaUrl="#parcelles-des-personnes-morales_05_groupe_personne_4.schema">
					<SimpleData name="Numero de Parcelle">05142000AH0450</SimpleData>
					<SimpleData name="Departement">05</SimpleData>
					<SimpleData name="Commune">SAINT-FIRMIN</SimpleData>
					<SimpleData name="Adresse">LA SAGNETTE</SimpleData>
					<SimpleData name="Groupe de personne">Commune</SimpleData>
					<SimpleData name="Forme Juridique Abregee">CCOM</SimpleData>
					<SimpleData name="Denomination">COMMUNAUTE DE COMMUNES DU VALGAUDEMAR</SimpleData>
				</SchemaData>
			</ExtendedData>
	<Region>
		<LatLonAltBox>
			<north> 44.7775540182407 </north>
			<south> 44.7772370516375 </south>
			<east> 6.03286971608947 </east>
			<west> 6.03266288023444 </west>
		</LatLonAltBox>
		<Lod>
			<minLodPixels>100</minLodPixels>
			<maxLodPixels>-1</maxLodPixels>
		</Lod>
	</Region>
			<Polygon><altitudeMode>relativeToGround</altitudeMode>
				<outerBoundaryIs>
					<LinearRing>
						<coordinates>							6.03286971608947,44.7773241010694,0 6.03266288023444,44.7772370516375,0 6.03267264337371,44.7775540182407,0 6.03286971608947,44.7773241010694,0 
						</coordinates>
					</LinearRing>
				</outerBoundaryIs>
			</Polygon>
		</Placemark>
		<Placemark id="parcelles-des-personnes-morales_05_groupe_personne_4.71436">
		<styleUrl>#COM</styleUrl>			<visibility>0</visibility>
			<ExtendedData>
				<SchemaData schemaUrl="#parcelles-des-personnes-morales_05_groupe_personne_4.schema">
					<SimpleData name="Numero de Parcelle">05142000AD0451</SimpleData>
					<SimpleData name="Departement">05</SimpleData>
					<SimpleData name="Commune">SAINT-FIRMIN</SimpleData>
					<SimpleData name="Adresse">LA FOUGEROUSE</SimpleData>
					<SimpleData name="Groupe de personne">Commune</SimpleData>
					<SimpleData name="Forme Juridique Abregee">COM</SimpleData>
					<SimpleData name="Denomination">COMMUNE DE SAINT FIRMIN</SimpleData>
				</SchemaData>
			</ExtendedData>
	<Region>
		<LatLonAltBox>
			<north> 44.7756207127787 </north>
			<south> 44.775395619345 </south>
			<east> 6.02124778298833 </east>
			<west> 6.02041325718275 </west>
		</LatLonAltBox>
		<Lod>
			<minLodPixels>100</minLodPixels>
			<maxLodPixels>-1</maxLodPixels>
		</Lod>
	</Region>
			<Polygon><altitudeMode>relativeToGround</altitudeMode>
				<outerBoundaryIs>
					<LinearRing>
						<coordinates>							6.02124778298833,44.7754233990828,0 6.02121161912324,44.7754118616474,0 6.021156355359621,44.775395619345,0 6.02112124008872,44.7754059468804,0 6.02109860606125,44.7754107985675,0 6.020915181058531,44.7754364317709,0 6.02060810393587,44.7754795808271,0 6.02041325718275,44.7755068760092,0 6.02044138288413,44.7756207127787,0 6.020602330488641,44.7755981257518,0 6.02065195389923,44.7755423543476,0 6.02082055749245,44.775518657314,0 6.02111722383356,44.7754771429806,0 6.02113063698772,44.7754748852264,0 6.02114376852066,44.7754720945666,0 6.021169177051711,44.7754647346003,0 6.02119320648308,44.7754552499007,0 6.02121535642614,44.7754437442094,0 6.02123537910393,44.7754303143807,0 6.02124778298833,44.7754233990828,0 
						</coordinates>
					</LinearRing>
				</outerBoundaryIs>
			</Polygon>
		</Placemark>
		<Placemark id="parcelles-des-personnes-morales_05_groupe_personne_4.71438">
		<styleUrl>#COM</styleUrl>			<visibility>0</visibility>
			<ExtendedData>
				<SchemaData schemaUrl="#parcelles-des-personnes-morales_05_groupe_personne_4.schema">
					<SimpleData name="Numero de Parcelle">05142000AH0451</SimpleData>
					<SimpleData name="Departement">05</SimpleData>
					<SimpleData name="Commune">SAINT-FIRMIN</SimpleData>
					<SimpleData name="Adresse">LA SAGNETTE</SimpleData>
					<SimpleData name="Groupe de personne">Commune</SimpleData>
					<SimpleData name="Forme Juridique Abregee">CCOM</SimpleData>
					<SimpleData name="Denomination">COMMUNAUTE DE COMMUNES DU VALGAUDEMAR</SimpleData>
				</SchemaData>
			</ExtendedData>
	<Region>
		<LatLonAltBox>
			<north> 44.777724624494 </north>
			<south> 44.7774202127937 </south>
			<east> 6.03343510056412 </east>
			<west> 6.0330976603607 </west>
		</LatLonAltBox>
		<Lod>
			<minLodPixels>100</minLodPixels>
			<maxLodPixels>-1</maxLodPixels>
		</Lod>
	</Region>
			<Polygon><altitudeMode>relativeToGround</altitudeMode>
				<outerBoundaryIs>
					<LinearRing>
						<coordinates>							6.0333159018605,44.7774443313474,0 6.03331377887754,44.7774448399516,0 6.0330976603607,44.7774202127937,0 6.033305633976649,44.7775166004694,0 6.033369503345681,44.7776265731832,0 6.03337846271986,44.777724624494,0 6.03343510056412,44.7776560413348,0 6.0333159018605,44.7774443313474,0 
						</coordinates>
					</LinearRing>
				</outerBoundaryIs>
			</Polygon>
		</Placemark>
		<Placemark id="parcelles-des-personnes-morales_05_groupe_personne_4.71505">
		<styleUrl>#COM</styleUrl>			<visibility>0</visibility>
			<ExtendedData>
				<SchemaData schemaUrl="#parcelles-des-personnes-morales_05_groupe_personne_4.schema">
					<SimpleData name="Numero de Parcelle">05142000AD0452</SimpleData>
					<SimpleData name="Departement">05</SimpleData>
					<SimpleData name="Commune">SAINT-FIRMIN</SimpleData>
					<SimpleData name="Adresse">LA FOUGEROUSE</SimpleData>
					<SimpleData name="Groupe de personne">Commune</SimpleData>
					<SimpleData name="Forme Juridique Abregee">CCOM</SimpleData>
					<SimpleData name="Denomination">COMMUNAUTE DE COMMUNES DU CHAMPSAUR</SimpleData>
				</SchemaData>
			</ExtendedData>
	<Region>
		<LatLonAltBox>
			<north> 44.7755142494219 </north>
			<south> 44.7753096388742 </south>
			<east> 6.02060810393587 </east>
			<west> 6.02032299403112 </west>
		</LatLonAltBox>
		<Lod>
			<minLodPixels>100</minLodPixels>
			<maxLodPixels>-1</maxLodPixels>
		</Lod>
	</Region>
			<Polygon><altitudeMode>relativeToGround</altitudeMode>
				<outerBoundaryIs>
					<LinearRing>
						<coordinates>							6.02060810393587,44.7754795808271,0 6.02060360541413,44.7754617741458,0 6.02056583222645,44.7753096388742,0 6.02032299403112,44.7753595050715,0 6.02036090677045,44.7755142494219,0 6.02041325718275,44.7755068760092,0 6.02060810393587,44.7754795808271,0 
						</coordinates>
					</LinearRing>
				</outerBoundaryIs>
			</Polygon>
		</Placemark>
		<Placemark id="parcelles-des-personnes-morales_05_groupe_personne_4.71570">
		<styleUrl>#COM</styleUrl>			<visibility>0</visibility>
			<ExtendedData>
				<SchemaData schemaUrl="#parcelles-des-personnes-morales_05_groupe_personne_4.schema">
					<SimpleData name="Numero de Parcelle">05142000AH0453</SimpleData>
					<SimpleData name="Departement">05</SimpleData>
					<SimpleData name="Commune">SAINT-FIRMIN</SimpleData>
					<SimpleData name="Adresse">LA SAGNETTE</SimpleData>
					<SimpleData name="Groupe de personne">Commune</SimpleData>
					<SimpleData name="Forme Juridique Abregee">CCOM</SimpleData>
					<SimpleData name="Denomination">COMMUNAUTE DE COMMUNES DU VALGAUDEMAR</SimpleData>
				</SchemaData>
			</ExtendedData>
	<Region>
		<LatLonAltBox>
			<north> 44.7780599938158 </north>
			<south> 44.7775540182407 </south>
			<east> 6.03268298976806 </east>
			<west> 6.03229545335621 </west>
		</LatLonAltBox>
		<Lod>
			<minLodPixels>100</minLodPixels>
			<maxLodPixels>-1</maxLodPixels>
		</Lod>
	</Region>
			<Polygon><altitudeMode>relativeToGround</altitudeMode>
				<outerBoundaryIs>
					<LinearRing>
						<coordinates>							6.03267264337371,44.7775540182407,0 6.03257566107744,44.7776673123963,0 6.03235692695895,44.7779271936222,0 6.03229545335621,44.7780023054579,0 6.03268298976806,44.7780599938158,0 6.03267490344208,44.7776287374362,0 6.03267264337371,44.7775540182407,0 
						</coordinates>
					</LinearRing>
				</outerBoundaryIs>
			</Polygon>
		</Placemark>
		<Placemark id="parcelles-des-personnes-morales_05_groupe_personne_4.71649">
		<styleUrl>#COM</styleUrl>			<visibility>0</visibility>
			<ExtendedData>
				<SchemaData schemaUrl="#parcelles-des-personnes-morales_05_groupe_personne_4.schema">
					<SimpleData name="Numero de Parcelle">05142000AH0454</SimpleData>
					<SimpleData name="Departement">05</SimpleData>
					<SimpleData name="Commune">SAINT-FIRMIN</SimpleData>
					<SimpleData name="Adresse">LA SAGNETTE</SimpleData>
					<SimpleData name="Groupe de personne">Commune</SimpleData>
					<SimpleData name="Forme Juridique Abregee">CCOM</SimpleData>
					<SimpleData name="Denomination">COMMUNAUTE DE COMMUNES DU VALGAUDEMAR</SimpleData>
				</SchemaData>
			</ExtendedData>
	<Region>
		<LatLonAltBox>
			<north> 44.7781689157555 </north>
			<south> 44.7766472528912 </south>
			<east> 6.0333159018605 </east>
			<west> 6.03140075508742 </west>
		</LatLonAltBox>
		<Lod>
			<minLodPixels>100</minLodPixels>
			<maxLodPixels>-1</maxLodPixels>
		</Lod>
	</Region>
			<Polygon><altitudeMode>relativeToGround</altitudeMode>
				<outerBoundaryIs>
					<LinearRing>
						<coordinates>							6.031794769645159,44.7768223925045,0 6.03150076117428,44.7777506032302,0 6.03140075508742,44.7780541750653,0 6.03192924982459,44.7781689157555,0 6.03207201242233,44.7779709391102,0 6.03229545335621,44.7780023054579,0 6.03235692695895,44.7779271936222,0 6.03257566107744,44.7776673123963,0 6.03267264337371,44.7775540182407,0 6.03266288023444,44.7772370516375,0 6.03286971608947,44.7773241010694,0 6.0330976603607,44.7774202127937,0 6.03331377887754,44.7774448399516,0 6.0333159018605,44.7774443313474,0 6.03303128941717,44.776881713896,0 6.03291377578796,44.7766472528912,0 6.03267858691664,44.7767427065386,0 6.031794769645159,44.7768223925045,0 
						</coordinates>
					</LinearRing>
				</outerBoundaryIs>
			</Polygon>
		</Placemark>
		<Placemark id="parcelles-des-personnes-morales_05_groupe_personne_4.71686">
		<styleUrl>#COM</styleUrl>			<visibility>0</visibility>
			<ExtendedData>
				<SchemaData schemaUrl="#parcelles-des-personnes-morales_05_groupe_personne_4.schema">
					<SimpleData name="Numero de Parcelle">051420000D0454</SimpleData>
					<SimpleData name="Departement">05</SimpleData>
					<SimpleData name="Commune">SAINT-FIRMIN</SimpleData>
					<SimpleData name="Adresse">SERET ET CROZET</SimpleData>
					<SimpleData name="Groupe de personne">Commune</SimpleData>
					<SimpleData name="Forme Juridique Abregee">COM</SimpleData>
					<SimpleData name="Denomination">COMMUNE DE SAINT FIRMIN</SimpleData>
				</SchemaData>
			</ExtendedData>
	<Region>
		<LatLonAltBox>
			<north> 44.7894849948336 </north>
			<south> 44.7887598480016 </south>
			<east> 6.047647295093739 </east>
			<west> 6.046262548011131 </west>
		</LatLonAltBox>
		<Lod>
			<minLodPixels>100</minLodPixels>
			<maxLodPixels>-1</maxLodPixels>
		</Lod>
	</Region>
			<Polygon><altitudeMode>relativeToGround</altitudeMode>
				<outerBoundaryIs>
					<LinearRing>
						<coordinates>							6.046262548011131,44.7894849948336,0 6.04691525434721,44.7893210929374,0 6.046978938201301,44.7892542008176,0 6.04709643318716,44.7891740262934,0 6.047449595774159,44.7889763702573,0 6.047602950203499,44.7888785408912,0 6.047647295093739,44.7888400206325,0 6.04764674331355,44.7887598480016,0 6.04716749126078,44.7887717643759,0 6.04712162723538,44.7887729352686,0 6.04708573869665,44.7887737417822,0 6.047045120562191,44.7888133306281,0 6.04670602597532,44.7890184372049,0 6.04667400301363,44.7890578797228,0 6.04662905458739,44.7891693059478,0 6.04644624408412,44.7893026315565,0 6.04628634900358,44.7894152350025,0 6.046262548011131,44.7894849948336,0 
						</coordinates>
					</LinearRing>
				</outerBoundaryIs>
			</Polygon>
		</Placemark>
		<Placemark id="parcelles-des-personnes-morales_05_groupe_personne_4.71884">
		<styleUrl>#COM</styleUrl>			<visibility>0</visibility>
			<ExtendedData>
				<SchemaData schemaUrl="#parcelles-des-personnes-morales_05_groupe_personne_4.schema">
					<SimpleData name="Numero de Parcelle">051420000D0457</SimpleData>
					<SimpleData name="Departement">05</SimpleData>
					<SimpleData name="Commune">SAINT-FIRMIN</SimpleData>
					<SimpleData name="Adresse">LOU FAVESTEY</SimpleData>
					<SimpleData name="Groupe de personne">Commune</SimpleData>
					<SimpleData name="Forme Juridique Abregee">COM</SimpleData>
					<SimpleData name="Denomination">COMMUNE DE SAINT FIRMIN</SimpleData>
				</SchemaData>
			</ExtendedData>
	<Region>
		<LatLonAltBox>
			<north> 44.7921525323381 </north>
			<south> 44.7914122455048 </south>
			<east> 6.045932845027011 </east>
			<west> 6.04553722750766 </west>
		</LatLonAltBox>
		<Lod>
			<minLodPixels>100</minLodPixels>
			<maxLodPixels>-1</maxLodPixels>
		</Lod>
	</Region>
			<Polygon><altitudeMode>relativeToGround</altitudeMode>
				<outerBoundaryIs>
					<LinearRing>
						<coordinates>							6.045932845027011,44.7914276632368,0 6.04581193441952,44.7914122455048,0 6.04580629225836,44.7914622251128,0 6.04577156794025,44.7915148959864,0 6.045792605991731,44.7915809007591,0 6.04579538128751,44.7916110976424,0 6.045764544771611,44.7916397855294,0 6.04569577368979,44.7916782554125,0 6.04558026283226,44.7917531480794,0 6.04553722750766,44.7917715394633,0 6.04567946905585,44.7921525323381,0 6.04580783522066,44.7917685181611,0 6.045855824965589,44.7916337632377,0 6.045932845027011,44.7914276632368,0 
						</coordinates>
					</LinearRing>
				</outerBoundaryIs>
			</Polygon>
		</Placemark>
		<Placemark id="parcelles-des-personnes-morales_05_groupe_personne_4.72321">
		<styleUrl>#COM</styleUrl>			<visibility>0</visibility>
			<ExtendedData>
				<SchemaData schemaUrl="#parcelles-des-personnes-morales_05_groupe_personne_4.schema">
					<SimpleData name="Numero de Parcelle">051420000C0461</SimpleData>
					<SimpleData name="Departement">05</SimpleData>
					<SimpleData name="Commune">SAINT-FIRMIN</SimpleData>
					<SimpleData name="Adresse">LES CHANELLAS</SimpleData>
					<SimpleData name="Groupe de personne">Commune</SimpleData>
					<SimpleData name="Forme Juridique Abregee">COM</SimpleData>
					<SimpleData name="Denomination">COMMUNE DE SAINT FIRMIN</SimpleData>
				</SchemaData>
			</ExtendedData>
	<Region>
		<LatLonAltBox>
			<north> 44.7966768293414 </north>
			<south> 44.7961128967629 </south>
			<east> 6.02999432062529 </east>
			<west> 6.028798478253639 </west>
		</LatLonAltBox>
		<Lod>
			<minLodPixels>100</minLodPixels>
			<maxLodPixels>-1</maxLodPixels>
		</Lod>
	</Region>
			<Polygon><altitudeMode>relativeToGround</altitudeMode>
				<outerBoundaryIs>
					<LinearRing>
						<coordinates>							6.02953048985742,44.796132003555,0 6.029366563349621,44.7961825239145,0 6.02923718505471,44.7961791221994,0 6.02905113448194,44.7963356614459,0 6.02893946607921,44.7964847619321,0 6.02884337851048,44.7965825311412,0 6.028813778758269,44.796617937612,0 6.02880055146568,44.7966519056243,0 6.028798478253639,44.7966768293414,0 6.029286531416841,44.7966485360936,0 6.02983316441096,44.7966529668588,0 6.02988852652668,44.7966001877478,0 6.02991444384186,44.7965457808299,0 6.029935262200529,44.7965024151576,0 6.02996989517204,44.7964735380437,0 6.02999432062529,44.7964665634949,0 6.02960224295876,44.796359792544,0 6.02970823275312,44.7962157118532,0 6.029689440811821,44.7962121710793,0 6.02960323116444,44.7961128967629,0 6.02953048985742,44.796132003555,0 
						</coordinates>
					</LinearRing>
				</outerBoundaryIs>
			</Polygon>
		</Placemark>
		<Placemark id="parcelles-des-personnes-morales_05_groupe_personne_4.72729">
		<styleUrl>#COM</styleUrl>			<visibility>0</visibility>
			<ExtendedData>
				<SchemaData schemaUrl="#parcelles-des-personnes-morales_05_groupe_personne_4.schema">
					<SimpleData name="Numero de Parcelle">051420000D0467</SimpleData>
					<SimpleData name="Departement">05</SimpleData>
					<SimpleData name="Commune">SAINT-FIRMIN</SimpleData>
					<SimpleData name="Adresse">LOU FAVESTEY</SimpleData>
					<SimpleData name="Groupe de personne">Commune</SimpleData>
					<SimpleData name="Forme Juridique Abregee">COM</SimpleData>
					<SimpleData name="Denomination">COMMUNE DE SAINT FIRMIN</SimpleData>
				</SchemaData>
			</ExtendedData>
	<Region>
		<LatLonAltBox>
			<north> 44.7903449426859 </north>
			<south> 44.7899230848311 </south>
			<east> 6.04273224140564 </east>
			<west> 6.04252219028945 </west>
		</LatLonAltBox>
		<Lod>
			<minLodPixels>100</minLodPixels>
			<maxLodPixels>-1</maxLodPixels>
		</Lod>
	</Region>
			<Polygon><altitudeMode>relativeToGround</altitudeMode>
				<outerBoundaryIs>
					<LinearRing>
						<coordinates>							6.04255768061651,44.7903449426859,0 6.04273224140564,44.7903114090973,0 6.04268473193987,44.7901466618882,0 6.04263666666617,44.7900417553202,0 6.042605917659609,44.7899996224913,0 6.04252219028945,44.7899230848311,0 6.042568872468351,44.790044517425,0 6.04255768061651,44.7903449426859,0 
						</coordinates>
					</LinearRing>
				</outerBoundaryIs>
			</Polygon>
		</Placemark>
		<Placemark id="parcelles-des-personnes-morales_05_groupe_personne_4.72791">
		<styleUrl>#COM</styleUrl>			<visibility>0</visibility>
			<ExtendedData>
				<SchemaData schemaUrl="#parcelles-des-personnes-morales_05_groupe_personne_4.schema">
					<SimpleData name="Numero de Parcelle">051420000D0468</SimpleData>
					<SimpleData name="Departement">05</SimpleData>
					<SimpleData name="Commune">SAINT-FIRMIN</SimpleData>
					<SimpleData name="Adresse">LOU FAVESTEY</SimpleData>
					<SimpleData name="Groupe de personne">Commune</SimpleData>
					<SimpleData name="Forme Juridique Abregee">COM</SimpleData>
					<SimpleData name="Denomination">COMMUNE DE SAINT FIRMIN</SimpleData>
				</SchemaData>
			</ExtendedData>
	<Region>
		<LatLonAltBox>
			<north> 44.7903084864594 </north>
			<south> 44.7896563300974 </south>
			<east> 6.042949551253781 </east>
			<west> 6.042529197645759 </west>
		</LatLonAltBox>
		<Lod>
			<minLodPixels>100</minLodPixels>
			<maxLodPixels>-1</maxLodPixels>
		</Lod>
	</Region>
			<Polygon><altitudeMode>relativeToGround</altitudeMode>
				<outerBoundaryIs>
					<LinearRing>
						<coordinates>							6.042949551253781,44.7901560596571,0 6.04283551934506,44.7899124106667,0 6.04276359991456,44.7897641910121,0 6.04281535972585,44.7897316860087,0 6.04275463531248,44.7896920880558,0 6.0426524925573,44.7896563300974,0 6.04254737194683,44.7897034542808,0 6.042529197645759,44.7898491919223,0 6.042536456195819,44.7898804370248,0 6.04261753252089,44.7899734453719,0 6.042684432542429,44.7900850427485,0 6.04276649804078,44.7903084864594,0 6.04292564117812,44.7902799708565,0 6.04291961188451,44.7902130130154,0 6.042949551253781,44.7901560596571,0 
						</coordinates>
					</LinearRing>
				</outerBoundaryIs>
			</Polygon>
		</Placemark>
		<Placemark id="parcelles-des-personnes-morales_05_groupe_personne_4.72880">
		<styleUrl>#COM</styleUrl>			<visibility>0</visibility>
			<ExtendedData>
				<SchemaData schemaUrl="#parcelles-des-personnes-morales_05_groupe_personne_4.schema">
					<SimpleData name="Numero de Parcelle">051420000C0469</SimpleData>
					<SimpleData name="Departement">05</SimpleData>
					<SimpleData name="Commune">SAINT-FIRMIN</SimpleData>
					<SimpleData name="Adresse">LES CHANELLAS</SimpleData>
					<SimpleData name="Groupe de personne">Commune</SimpleData>
					<SimpleData name="Forme Juridique Abregee">COM</SimpleData>
					<SimpleData name="Denomination">COMMUNE DE SAINT FIRMIN</SimpleData>
				</SchemaData>
			</ExtendedData>
	<Region>
		<LatLonAltBox>
			<north> 44.7952419209839 </north>
			<south> 44.7946139978546 </south>
			<east> 6.03048916547045 </east>
			<west> 6.029626427218009 </west>
		</LatLonAltBox>
		<Lod>
			<minLodPixels>100</minLodPixels>
			<maxLodPixels>-1</maxLodPixels>
		</Lod>
	</Region>
			<Polygon><altitudeMode>relativeToGround</altitudeMode>
				<outerBoundaryIs>
					<LinearRing>
						<coordinates>							6.02963722261147,44.7950159246429,0 6.02984843303694,44.7951172780219,0 6.030117334855949,44.7952419209839,0 6.03045776355057,44.7951254874363,0 6.03048916547045,44.7948607315783,0 6.0303570811793,44.7947226185083,0 6.03017010447466,44.794685834629,0 6.029978759422751,44.7946478183851,0 6.02983167473196,44.7946139978546,0 6.029829666248231,44.7948208277931,0 6.029626427218009,44.7948062912515,0 6.02963722261147,44.7950159246429,0 
						</coordinates>
					</LinearRing>
				</outerBoundaryIs>
			</Polygon>
		</Placemark>
		<Placemark id="parcelles-des-personnes-morales_05_groupe_personne_4.72905">
		<styleUrl>#COM</styleUrl>			<visibility>0</visibility>
			<ExtendedData>
				<SchemaData schemaUrl="#parcelles-des-personnes-morales_05_groupe_personne_4.schema">
					<SimpleData name="Numero de Parcelle">051420000A0047</SimpleData>
					<SimpleData name="Departement">05</SimpleData>
					<SimpleData name="Commune">SAINT-FIRMIN</SimpleData>
					<SimpleData name="Adresse">LES TIERES</SimpleData>
					<SimpleData name="Groupe de personne">Commune</SimpleData>
					<SimpleData name="Forme Juridique Abregee">COM</SimpleData>
					<SimpleData name="Denomination">COMMUNE DE SAINT FIRMIN</SimpleData>
				</SchemaData>
			</ExtendedData>
	<Region>
		<LatLonAltBox>
			<north> 44.7901377716459 </north>
			<south> 44.7893902523125 </south>
			<east> 5.99731947354353 </east>
			<west> 5.995706286983871 </west>
		</LatLonAltBox>
		<Lod>
			<minLodPixels>100</minLodPixels>
			<maxLodPixels>-1</maxLodPixels>
		</Lod>
	</Region>
			<Polygon><altitudeMode>relativeToGround</altitudeMode>
				<outerBoundaryIs>
					<LinearRing>
						<coordinates>							5.99713309721664,44.789534170762,0 5.997188825283289,44.7895210412998,0 5.997311122497319,44.7895082738683,0 5.99731947354353,44.7894821903355,0 5.997317606954221,44.7893902523125,0 5.99719423213923,44.7894160227906,0 5.99705175770942,44.7894608694823,0 5.99674929365621,44.7895258088806,0 5.99660998192234,44.7895635419513,0 5.99661677211929,44.7895746204185,0 5.99648348068808,44.7896612030188,0 5.99629761198189,44.7897915521878,0 5.99621946454463,44.7897615004015,0 5.99617691437779,44.7897322881836,0 5.99595945480131,44.7898776359037,0 5.995706286983871,44.7899987213379,0 5.99593511214743,44.7901377716459,0 5.9961469468447,44.7900743836182,0 5.99619435092754,44.7901044557011,0 5.99624909653791,44.7900728835167,0 5.99634452367132,44.7900259762583,0 5.99630626899565,44.7899824127135,0 5.99630115453682,44.7898817330546,0 5.99631218790621,44.7898632352913,0 5.99632629004662,44.7898548354621,0 5.99645061792224,44.789816066327,0 5.996505802777121,44.7897951135135,0 5.99660483231925,44.7897445948592,0 5.99663553768727,44.7897225019038,0 5.99665358839327,44.7896956155947,0 5.996665496447781,44.7896697963309,0 5.99667157527915,44.7896485494019,0 5.99666044643183,44.7896296597568,0 5.996678300248281,44.7896204376719,0 5.99670165227367,44.789600435541,0 5.996765079278861,44.7895703401896,0 5.99682669744807,44.7895490330666,0 5.99690163388493,44.7895283568443,0 5.99697866526879,44.7894995152394,0 5.99700190824943,44.7895391598504,0 5.99704836084632,44.7895395254573,0 5.99713309721664,44.789534170762,0 
						</coordinates>
					</LinearRing>
				</outerBoundaryIs>
			</Polygon>
		</Placemark>
		<Placemark id="parcelles-des-personnes-morales_05_groupe_personne_4.73204">
		<styleUrl>#COM</styleUrl>			<visibility>0</visibility>
			<ExtendedData>
				<SchemaData schemaUrl="#parcelles-des-personnes-morales_05_groupe_personne_4.schema">
					<SimpleData name="Numero de Parcelle">05142000AH0472</SimpleData>
					<SimpleData name="Departement">05</SimpleData>
					<SimpleData name="Commune">SAINT-FIRMIN</SimpleData>
					<SimpleData name="Adresse">LES VERNIS</SimpleData>
					<SimpleData name="Groupe de personne">Commune</SimpleData>
					<SimpleData name="Forme Juridique Abregee">COM</SimpleData>
					<SimpleData name="Denomination">COMMUNE DE SAINT FIRMIN</SimpleData>
				</SchemaData>
			</ExtendedData>
	<Region>
		<LatLonAltBox>
			<north> 44.7781797911419 </north>
			<south> 44.7780522661113 </south>
			<east> 6.03449088827936 </east>
			<west> 6.034337660949729 </west>
		</LatLonAltBox>
		<Lod>
			<minLodPixels>100</minLodPixels>
			<maxLodPixels>-1</maxLodPixels>
		</Lod>
	</Region>
			<Polygon><altitudeMode>relativeToGround</altitudeMode>
				<outerBoundaryIs>
					<LinearRing>
						<coordinates>							6.03434290015732,44.7781797911419,0 6.03441009321201,44.7781474080005,0 6.034456478494171,44.7781396507298,0 6.03449088827936,44.7781467271255,0 6.034337660949729,44.7780522661113,0 6.03434290015732,44.7781797911419,0 
						</coordinates>
					</LinearRing>
				</outerBoundaryIs>
			</Polygon>
		</Placemark>
		<Placemark id="parcelles-des-personnes-morales_05_groupe_personne_4.73617">
		<styleUrl>#COM</styleUrl>			<visibility>0</visibility>
			<ExtendedData>
				<SchemaData schemaUrl="#parcelles-des-personnes-morales_05_groupe_personne_4.schema">
					<SimpleData name="Numero de Parcelle">05142000AH0478</SimpleData>
					<SimpleData name="Departement">05</SimpleData>
					<SimpleData name="Commune">SAINT-FIRMIN</SimpleData>
					<SimpleData name="Adresse">LAPRA</SimpleData>
					<SimpleData name="Groupe de personne">Commune</SimpleData>
					<SimpleData name="Forme Juridique Abregee">CCOM</SimpleData>
					<SimpleData name="Denomination">COMMUNAUTE DE COMMUNES DU VALGAUDEMAR</SimpleData>
				</SchemaData>
			</ExtendedData>
	<Region>
		<LatLonAltBox>
			<north> 44.781970279115 </north>
			<south> 44.7809631896738 </south>
			<east> 6.037246634475059 </east>
			<west> 6.033833617902829 </west>
		</LatLonAltBox>
		<Lod>
			<minLodPixels>100</minLodPixels>
			<maxLodPixels>-1</maxLodPixels>
		</Lod>
	</Region>
			<Polygon><altitudeMode>relativeToGround</altitudeMode>
				<outerBoundaryIs>
					<LinearRing>
						<coordinates>							6.037246634475059,44.7809631896738,0 6.035887853386311,44.7810006036215,0 6.03520199568483,44.7810225447951,0 6.03440893311998,44.7810434530269,0 6.03430600941013,44.7812482706602,0 6.034079100456839,44.7815841515619,0 6.033833617902829,44.781824406068,0 6.0339230523168,44.781800874672,0 6.03402785795888,44.7818043120979,0 6.0341059033729,44.7818111850505,0 6.03419385973573,44.7818282379331,0 6.034347243738011,44.7818808898476,0 6.034439461315271,44.7818878249981,0 6.034729042642879,44.7818950315532,0 6.034748468631349,44.7817487212057,0 6.03495063945682,44.7814889282603,0 6.03567326631369,44.7814520163732,0 6.03568750581625,44.7813081003383,0 6.03571336605942,44.7810514237912,0 6.03655044608805,44.7810959725219,0 6.036496002765541,44.7816220145545,0 6.03645523199692,44.781970279115,0 6.036504802509481,44.7819675693611,0 6.03655398425668,44.7814307695954,0 6.03714973462105,44.7814595823297,0 6.037246634475059,44.7809631896738,0 
						</coordinates>
					</LinearRing>
				</outerBoundaryIs>
			</Polygon>
		</Placemark>
		<Placemark id="parcelles-des-personnes-morales_05_groupe_personne_4.73974">
		<styleUrl>#COM</styleUrl>			<visibility>0</visibility>
			<ExtendedData>
				<SchemaData schemaUrl="#parcelles-des-personnes-morales_05_groupe_personne_4.schema">
					<SimpleData name="Numero de Parcelle">05142000AH0481</SimpleData>
					<SimpleData name="Departement">05</SimpleData>
					<SimpleData name="Commune">SAINT-FIRMIN</SimpleData>
					<SimpleData name="Adresse">312, RUE DE LAPRA</SimpleData>
					<SimpleData name="Groupe de personne">Commune</SimpleData>
					<SimpleData name="Forme Juridique Abregee">CCOM</SimpleData>
					<SimpleData name="Denomination">COMMUNAUTE DE COMMUNES DU VALGAUDEMAR</SimpleData>
				</SchemaData>
			</ExtendedData>
	<Region>
		<LatLonAltBox>
			<north> 44.7819752252903 </north>
			<south> 44.7810514237912 </south>
			<east> 6.03655044608805 </east>
			<west> 6.03562522261927 </west>
		</LatLonAltBox>
		<Lod>
			<minLodPixels>100</minLodPixels>
			<maxLodPixels>-1</maxLodPixels>
		</Lod>
	</Region>
			<Polygon><altitudeMode>relativeToGround</altitudeMode>
				<outerBoundaryIs>
					<LinearRing>
						<coordinates>							6.03645523199692,44.781970279115,0 6.036496002765541,44.7816220145545,0 6.03655044608805,44.7810959725219,0 6.03571336605942,44.7810514237912,0 6.03568750581625,44.7813081003383,0 6.03567326631369,44.7814520163732,0 6.03562522261927,44.7819280583505,0 6.0358406988039,44.7819498155875,0 6.036151988262811,44.7819724611704,0 6.03624511954409,44.7819752252903,0 6.03645523199692,44.781970279115,0 
						</coordinates>
					</LinearRing>
				</outerBoundaryIs>
			</Polygon>
		</Placemark>
		<Placemark id="parcelles-des-personnes-morales_05_groupe_personne_4.74113">
		<styleUrl>#COM</styleUrl>			<visibility>0</visibility>
			<ExtendedData>
				<SchemaData schemaUrl="#parcelles-des-personnes-morales_05_groupe_personne_4.schema">
					<SimpleData name="Numero de Parcelle">05142000AH0483</SimpleData>
					<SimpleData name="Departement">05</SimpleData>
					<SimpleData name="Commune">SAINT-FIRMIN</SimpleData>
					<SimpleData name="Adresse">LE VILLARD</SimpleData>
					<SimpleData name="Groupe de personne">Commune</SimpleData>
					<SimpleData name="Forme Juridique Abregee">COM</SimpleData>
					<SimpleData name="Denomination">COMMUNE DE SAINT FIRMIN</SimpleData>
				</SchemaData>
			</ExtendedData>
	<Region>
		<LatLonAltBox>
			<north> 44.7866236898959 </north>
			<south> 44.7865856306254 </south>
			<east> 6.041725641159401 </east>
			<west> 6.041633773952739 </west>
		</LatLonAltBox>
		<Lod>
			<minLodPixels>100</minLodPixels>
			<maxLodPixels>-1</maxLodPixels>
		</Lod>
	</Region>
			<Polygon><altitudeMode>relativeToGround</altitudeMode>
				<outerBoundaryIs>
					<LinearRing>
						<coordinates>							6.0417144165977,44.7866236898959,0 6.041725641159401,44.7865856306254,0 6.041633773952739,44.7866180646394,0 6.0417144165977,44.7866236898959,0 
						</coordinates>
					</LinearRing>
				</outerBoundaryIs>
			</Polygon>
		</Placemark>
		<Placemark id="parcelles-des-personnes-morales_05_groupe_personne_4.74381">
		<styleUrl>#COM</styleUrl>			<visibility>0</visibility>
			<ExtendedData>
				<SchemaData schemaUrl="#parcelles-des-personnes-morales_05_groupe_personne_4.schema">
					<SimpleData name="Numero de Parcelle">05142000AH0487</SimpleData>
					<SimpleData name="Departement">05</SimpleData>
					<SimpleData name="Commune">SAINT-FIRMIN</SimpleData>
					<SimpleData name="Adresse">VIALARD</SimpleData>
					<SimpleData name="Groupe de personne">Commune</SimpleData>
					<SimpleData name="Forme Juridique Abregee">COM</SimpleData>
					<SimpleData name="Denomination">COMMUNE DE SAINT FIRMIN</SimpleData>
				</SchemaData>
			</ExtendedData>
	<Region>
		<LatLonAltBox>
			<north> 44.7849058851139 </north>
			<south> 44.7842607909562 </south>
			<east> 6.03598677197817 </east>
			<west> 6.03565805329696 </west>
		</LatLonAltBox>
		<Lod>
			<minLodPixels>100</minLodPixels>
			<maxLodPixels>-1</maxLodPixels>
		</Lod>
	</Region>
			<Polygon><altitudeMode>relativeToGround</altitudeMode>
				<outerBoundaryIs>
					<LinearRing>
						<coordinates>							6.03597591529414,44.7845516544543,0 6.035980739327231,44.7844770112434,0 6.03598677197817,44.7842607909562,0 6.035857315123481,44.7844756172296,0 6.035761182686741,44.7846492566721,0 6.03565805329696,44.7848784078645,0 6.03573051091046,44.7849058851139,0 6.035716896728049,44.7848622902155,0 6.03597591529414,44.7845516544543,0 
						</coordinates>
					</LinearRing>
				</outerBoundaryIs>
			</Polygon>
		</Placemark>
		<Placemark id="parcelles-des-personnes-morales_05_groupe_personne_4.74802">
		<styleUrl>#COM</styleUrl>			<visibility>0</visibility>
			<ExtendedData>
				<SchemaData schemaUrl="#parcelles-des-personnes-morales_05_groupe_personne_4.schema">
					<SimpleData name="Numero de Parcelle">051420000C0490</SimpleData>
					<SimpleData name="Departement">05</SimpleData>
					<SimpleData name="Commune">SAINT-FIRMIN</SimpleData>
					<SimpleData name="Adresse">LES GARES</SimpleData>
					<SimpleData name="Groupe de personne">Commune</SimpleData>
					<SimpleData name="Forme Juridique Abregee">COM</SimpleData>
					<SimpleData name="Denomination">COMMUNE DE SAINT FIRMIN</SimpleData>
				</SchemaData>
			</ExtendedData>
	<Region>
		<LatLonAltBox>
			<north> 44.7936164442835 </north>
			<south> 44.792304860122 </south>
			<east> 6.0321747531797 </east>
			<west> 6.03151406004944 </west>
		</LatLonAltBox>
		<Lod>
			<minLodPixels>100</minLodPixels>
			<maxLodPixels>-1</maxLodPixels>
		</Lod>
	</Region>
			<Polygon><altitudeMode>relativeToGround</altitudeMode>
				<outerBoundaryIs>
					<LinearRing>
						<coordinates>							6.03183838655587,44.7924446137777,0 6.031873019676939,44.7925096182049,0 6.03185805139444,44.7926074236747,0 6.031753149494239,44.7926541708988,0 6.03163318892271,44.7926915092179,0 6.03151406004944,44.7927161208279,0 6.03168187602392,44.7929583994888,0 6.03163522961923,44.7934681889835,0 6.03162374138296,44.7936164442835,0 6.031688577132921,44.7935282668213,0 6.03193310658208,44.7932528154651,0 6.03197849730512,44.7931912080813,0 6.03212407689574,44.7927609715276,0 6.0321584139499,44.7925038832992,0 6.0321747531797,44.792304860122,0 6.03200266073155,44.7923749791664,0 6.03183838655587,44.7924446137777,0 
						</coordinates>
					</LinearRing>
				</outerBoundaryIs>
			</Polygon>
		</Placemark>
		<Placemark id="parcelles-des-personnes-morales_05_groupe_personne_4.74950">
		<styleUrl>#COM</styleUrl>			<visibility>0</visibility>
			<ExtendedData>
				<SchemaData schemaUrl="#parcelles-des-personnes-morales_05_groupe_personne_4.schema">
					<SimpleData name="Numero de Parcelle">051420000C0492</SimpleData>
					<SimpleData name="Departement">05</SimpleData>
					<SimpleData name="Commune">SAINT-FIRMIN</SimpleData>
					<SimpleData name="Adresse">LES GARES</SimpleData>
					<SimpleData name="Groupe de personne">Commune</SimpleData>
					<SimpleData name="Forme Juridique Abregee">COM</SimpleData>
					<SimpleData name="Denomination">COMMUNE DE SAINT FIRMIN</SimpleData>
				</SchemaData>
			</ExtendedData>
	<Region>
		<LatLonAltBox>
			<north> 44.7929201120224 </north>
			<south> 44.7919072604873 </south>
			<east> 6.031873019676939 </east>
			<west> 6.02943970795309 </west>
		</LatLonAltBox>
		<Lod>
			<minLodPixels>100</minLodPixels>
			<maxLodPixels>-1</maxLodPixels>
		</Lod>
	</Region>
			<Polygon><altitudeMode>relativeToGround</altitudeMode>
				<outerBoundaryIs>
					<LinearRing>
						<coordinates>							6.02943970795309,44.7924364112964,0 6.029454554335289,44.792606200575,0 6.02947365215614,44.7928266889223,0 6.02949868715271,44.7928310501351,0 6.029499835618681,44.792906340659,0 6.02955966764089,44.7929201120224,0 6.02959357374258,44.7928989132031,0 6.03006533831059,44.7928788994094,0 6.03024141334943,44.7928731847649,0 6.03041345398362,44.792879473084,0 6.03062903180401,44.7928624966902,0 6.0310600084512,44.7928135011554,0 6.03105992577743,44.7928143142988,0 6.03111465425972,44.7927850674292,0 6.031198343600299,44.7927672818432,0 6.03147076252253,44.792725053487,0 6.03151406004944,44.7927161208279,0 6.03163318892271,44.7926915092179,0 6.031753149494239,44.7926541708988,0 6.03185805139444,44.7926074236747,0 6.031873019676939,44.7925096182049,0 6.03183838655587,44.7924446137777,0 6.03155435725202,44.7919103529015,0 6.03153324378672,44.7919083175479,0 6.03148624482338,44.7919072604873,0 6.03142808811314,44.7919175005401,0 6.03118606251494,44.7919671866979,0 6.03102146549114,44.7920050243209,0 6.030872388528199,44.7920467619946,0 6.03068081933185,44.7921147086192,0 6.03049752098292,44.7921741397428,0 6.029874300165501,44.7923629950374,0 6.02968540347777,44.7924101442954,0 6.02963636250661,44.792415809508,0 6.02943970795309,44.7924364112964,0 
						</coordinates>
					</LinearRing>
				</outerBoundaryIs>
			</Polygon>
		</Placemark>
		<Placemark id="parcelles-des-personnes-morales_05_groupe_personne_4.74978">
		<styleUrl>#COM</styleUrl>			<visibility>0</visibility>
			<ExtendedData>
				<SchemaData schemaUrl="#parcelles-des-personnes-morales_05_groupe_personne_4.schema">
					<SimpleData name="Numero de Parcelle">05142000AE0493</SimpleData>
					<SimpleData name="Departement">05</SimpleData>
					<SimpleData name="Commune">SAINT-FIRMIN</SimpleData>
					<SimpleData name="Adresse">LE BOURG</SimpleData>
					<SimpleData name="Groupe de personne">Commune</SimpleData>
					<SimpleData name="Forme Juridique Abregee">COM</SimpleData>
					<SimpleData name="Denomination">COMMUNE DE SAINT FIRMIN</SimpleData>
				</SchemaData>
			</ExtendedData>
	<Region>
		<LatLonAltBox>
			<north> 44.7814626492015 </north>
			<south> 44.7811466577083 </south>
			<east> 6.028220039018369 </east>
			<west> 6.02757609192638 </west>
		</LatLonAltBox>
		<Lod>
			<minLodPixels>100</minLodPixels>
			<maxLodPixels>-1</maxLodPixels>
		</Lod>
	</Region>
			<Polygon><altitudeMode>relativeToGround</altitudeMode>
				<outerBoundaryIs>
					<LinearRing>
						<coordinates>							6.02810849183316,44.7813172470209,0 6.02799786761415,44.7812738696111,0 6.028062222851731,44.781191023294,0 6.028173614558491,44.7812345598577,0 6.028220039018369,44.7811758089869,0 6.02794287329641,44.781147704067,0 6.027872354360371,44.7811466577083,0 6.027813820116459,44.781152041162,0 6.0277569567453,44.7811602620532,0 6.02770259450828,44.7811749916993,0 6.02765758395849,44.7811942409839,0 6.02757609192638,44.781247823056,0 6.02783597125594,44.7813871311209,0 6.027980459052621,44.7814626492015,0 6.02805249118128,44.7813767100012,0 6.02806089603941,44.7813777417023,0 6.02810849183316,44.7813172470209,0 
						</coordinates>
					</LinearRing>
				</outerBoundaryIs>
			</Polygon>
		</Placemark>
		<Placemark id="parcelles-des-personnes-morales_05_groupe_personne_4.75022">
		<styleUrl>#COM</styleUrl>			<visibility>0</visibility>
			<ExtendedData>
				<SchemaData schemaUrl="#parcelles-des-personnes-morales_05_groupe_personne_4.schema">
					<SimpleData name="Numero de Parcelle">051420000C0493</SimpleData>
					<SimpleData name="Departement">05</SimpleData>
					<SimpleData name="Commune">SAINT-FIRMIN</SimpleData>
					<SimpleData name="Adresse">LES GARES</SimpleData>
					<SimpleData name="Groupe de personne">Commune</SimpleData>
					<SimpleData name="Forme Juridique Abregee">COM</SimpleData>
					<SimpleData name="Denomination">COMMUNE DE SAINT FIRMIN</SimpleData>
				</SchemaData>
			</ExtendedData>
	<Region>
		<LatLonAltBox>
			<north> 44.7924230582483 </north>
			<south> 44.7905874809775 </south>
			<east> 6.032399422152969 </east>
			<west> 6.02930855559274 </west>
		</LatLonAltBox>
		<Lod>
			<minLodPixels>100</minLodPixels>
			<maxLodPixels>-1</maxLodPixels>
		</Lod>
	</Region>
			<Polygon><altitudeMode>relativeToGround</altitudeMode>
				<outerBoundaryIs>
					<LinearRing>
						<coordinates>							6.02930855559274,44.79150324757,0 6.02932044690791,44.7915407636917,0 6.02932116558403,44.7915893068366,0 6.029358386647909,44.7916859556785,0 6.02938616029419,44.7917927735086,0 6.02944074081266,44.7920072464745,0 6.02944076126029,44.7920428346081,0 6.02942764551578,44.7922267226369,0 6.02943709021695,44.7924230582483,0 6.02963741935147,44.7923931660279,0 6.02970352217656,44.7923800968877,0 6.02982535981866,44.7923353213308,0 6.02992041834648,44.7923312812018,0 6.03035623414893,44.7921468288307,0 6.03039142545262,44.7921447854876,0 6.030477459317731,44.7921470281825,0 6.03054465043296,44.7921306852444,0 6.030608683975871,44.7921027158616,0 6.03077307847968,44.7919954188345,0 6.0308214833871,44.7919779676602,0 6.03088492295124,44.7919601053312,0 6.03105224048474,44.7919304825299,0 6.03117362281922,44.7919031068133,0 6.03127505186867,44.7918881696114,0 6.03145001691092,44.7918666260644,0 6.03156522174575,44.7918537444595,0 6.03162405310093,44.7918536669585,0 6.03170626608936,44.7918718704562,0 6.03199801350218,44.7919370494698,0 6.03215527293053,44.7919672549595,0 6.032163110366169,44.7918146847111,0 6.032244411855041,44.7916330752308,0 6.032369239094841,44.7912427790186,0 6.032399422152969,44.7905874809775,0 6.03209692380235,44.7907497344788,0 6.031995992086769,44.7907738488824,0 6.03189094038014,44.7907872641331,0 6.031717206384331,44.7908362546863,0 6.03126117947903,44.7909788293312,0 6.031112922230349,44.7910145985063,0 6.0309567890057,44.7910380592408,0 6.03091182542899,44.7910536144239,0 6.03081894812925,44.7910910221682,0 6.03068615290807,44.7911202412767,0 6.030467903553559,44.7912001793867,0 6.03036870114563,44.7912141540156,0 6.030272895979961,44.7912207377365,0 6.02997562718406,44.7913252696508,0 6.029848662985421,44.7913453185286,0 6.02970531442753,44.7914017642137,0 6.02930855559274,44.79150324757,0 
						</coordinates>
					</LinearRing>
				</outerBoundaryIs>
				<innerBoundaryIs>
					<LinearRing>
						<coordinates>							6.03200500312216,44.7910511043171,0 6.03189317086898,44.7910865988697,0 6.031846768367419,44.7910402964525,0 6.03191943690336,44.7909801052603,0 6.03200500312216,44.7910511043171,0 
						</coordinates>
					</LinearRing>
				</innerBoundaryIs>
			</Polygon>
		</Placemark>
		<Placemark id="parcelles-des-personnes-morales_05_groupe_personne_4.75238">
		<styleUrl>#COM</styleUrl>			<visibility>0</visibility>
			<ExtendedData>
				<SchemaData schemaUrl="#parcelles-des-personnes-morales_05_groupe_personne_4.schema">
					<SimpleData name="Numero de Parcelle">051420000C0496</SimpleData>
					<SimpleData name="Departement">05</SimpleData>
					<SimpleData name="Commune">SAINT-FIRMIN</SimpleData>
					<SimpleData name="Adresse">LES GARES</SimpleData>
					<SimpleData name="Groupe de personne">Commune</SimpleData>
					<SimpleData name="Forme Juridique Abregee">COM</SimpleData>
					<SimpleData name="Denomination">COMMUNE DE SAINT FIRMIN</SimpleData>
				</SchemaData>
			</ExtendedData>
	<Region>
		<LatLonAltBox>
			<north> 44.79150324757 </north>
			<south> 44.789388688882 </south>
			<east> 6.032379431546559 </east>
			<west> 6.02929460819582 </west>
		</LatLonAltBox>
		<Lod>
			<minLodPixels>100</minLodPixels>
			<maxLodPixels>-1</maxLodPixels>
		</Lod>
	</Region>
			<Polygon><altitudeMode>relativeToGround</altitudeMode>
				<outerBoundaryIs>
					<LinearRing>
						<coordinates>							6.02930855559274,44.79150324757,0 6.02959736831882,44.7913826409114,0 6.03022594325753,44.7911994068519,0 6.03046554041769,44.7911633939288,0 6.03051131623576,44.7911417801586,0 6.030561324926529,44.7911141942598,0 6.03061196909665,44.7910983937962,0 6.03073298983667,44.7910760739007,0 6.03081427183712,44.7910535791837,0 6.03107540880227,44.7909571508281,0 6.03118953465475,44.7909242973212,0 6.03140112285856,44.7908710287436,0 6.03131310075402,44.7907755897666,0 6.031289733288001,44.7907059524309,0 6.03130936501604,44.7905679259611,0 6.03137232103852,44.7904942157827,0 6.03142586774514,44.7904454497743,0 6.03172297600554,44.7902348728453,0 6.032348106795451,44.7901147891159,0 6.03236796255409,44.7899176519793,0 6.032379431546559,44.7898042651732,0 6.032368491667409,44.7896671650201,0 6.03236869593159,44.789663915903,0 6.031066859385989,44.789388688882,0 6.031052007898941,44.7894159442365,0 6.031070586826179,44.7895047231963,0 6.03106689958045,44.7895559996729,0 6.03105133462852,44.7895723726878,0 6.031012848814469,44.7895954091061,0 6.03093646216793,44.7896171394569,0 6.03083079970168,44.7896356159376,0 6.030774354926441,44.789654097896,0 6.03076028124927,44.7896746646906,0 6.03076627412577,44.7897130627301,0 6.03078888290314,44.7897780357774,0 6.03079222174604,44.7898282191278,0 6.03077388652873,44.7898495331456,0 6.030728864236769,44.7898804065292,0 6.03067091162504,44.7899131651364,0 6.030586728457,44.7899569121291,0 6.030508041362501,44.7899946524084,0 6.03046524437452,44.7900245638528,0 6.03041840347312,44.7900662985824,0 6.03038540843709,44.7900832381751,0 6.03024915839741,44.7901351658522,0 6.03011713818593,44.7902608580165,0 6.03004903896564,44.7902931729028,0 6.0299018063717,44.7903455805815,0 6.029819188756239,44.7904160432484,0 6.02971970289353,44.7904575950383,0 6.02964342293678,44.7905118468909,0 6.029521490109691,44.7905735633338,0 6.02948204618879,44.7906375298348,0 6.029474770358649,44.7906527750617,0 6.02948619270949,44.7906675091986,0 6.029530068671991,44.7906904561379,0 6.02960396826893,44.7907258267703,0 6.02961813544573,44.7907468828187,0 6.02962224662411,44.7907902877378,0 6.029609070596629,44.7908627262434,0 6.02957076586082,44.7909055787251,0 6.02947148911102,44.7910261404349,0 6.02947051951662,44.7910504032795,0 6.02948872967904,44.7911159473139,0 6.029474694214031,44.7911348911255,0 6.029398568028689,44.7911943642674,0 6.029392170104411,44.7912235506727,0 6.0293836095826,44.7912548684393,0 6.02937320346262,44.7912777674447,0 6.02931238539735,44.7913207846821,0 6.029297755875799,44.7913498356743,0 6.02929460819582,44.791427586121,0 6.02930855559274,44.79150324757,0 
						</coordinates>
					</LinearRing>
				</outerBoundaryIs>
			</Polygon>
		</Placemark>
		<Placemark id="parcelles-des-personnes-morales_05_groupe_personne_4.75312">
		<styleUrl>#COM</styleUrl>			<visibility>0</visibility>
			<ExtendedData>
				<SchemaData schemaUrl="#parcelles-des-personnes-morales_05_groupe_personne_4.schema">
					<SimpleData name="Numero de Parcelle">051420000C0497</SimpleData>
					<SimpleData name="Departement">05</SimpleData>
					<SimpleData name="Commune">SAINT-FIRMIN</SimpleData>
					<SimpleData name="Adresse">LES GARES</SimpleData>
					<SimpleData name="Groupe de personne">Commune</SimpleData>
					<SimpleData name="Forme Juridique Abregee">COM</SimpleData>
					<SimpleData name="Denomination">COMMUNE DE SAINT FIRMIN</SimpleData>
				</SchemaData>
			</ExtendedData>
	<Region>
		<LatLonAltBox>
			<north> 44.789663915903 </north>
			<south> 44.7880194052564 </south>
			<east> 6.03297936897694 </east>
			<west> 6.031066859385989 </west>
		</LatLonAltBox>
		<Lod>
			<minLodPixels>100</minLodPixels>
			<maxLodPixels>-1</maxLodPixels>
		</Lod>
	</Region>
			<Polygon><altitudeMode>relativeToGround</altitudeMode>
				<outerBoundaryIs>
					<LinearRing>
						<coordinates>							6.031066859385989,44.789388688882,0 6.03236869593159,44.789663915903,0 6.03238411867622,44.7894901453618,0 6.03245105341818,44.7891173804935,0 6.032463819537939,44.7890022463476,0 6.032599821139751,44.7886831820798,0 6.03277242976255,44.7883438349408,0 6.03297936897694,44.7880194052564,0 6.032969262236809,44.7880220243902,0 6.03234944384465,44.7880337592048,0 6.032360938698479,44.788059212712,0 6.0323517103434,44.7880804580332,0 6.032324484694741,44.7880964295022,0 6.032279159950699,44.7881028952867,0 6.03221640676082,44.7880982152529,0 6.0321953139789,44.7880988824394,0 6.0321889529446,44.7881099583261,0 6.032190064703439,44.7881258752472,0 6.03220521373768,44.7881463635042,0 6.03220160263356,44.7881615086611,0 6.0321859900007,44.7881746396251,0 6.032093220512651,44.788209252567,0 6.03206175734416,44.7882311061694,0 6.032043772284439,44.7882635829797,0 6.03204750144405,44.7883045656247,0 6.03206572472371,44.7883492061472,0 6.032036491793429,44.7883701878442,0 6.03192181319866,44.7883973812998,0 6.031819776509879,44.7884408068268,0 6.031798973691081,44.7884632697058,0 6.0317942724284,44.788502771116,0 6.03184256928655,44.7886006477626,0 6.0318516924871,44.7886313918849,0 6.03184424754649,44.7886458310262,0 6.03181915006154,44.7886566986591,0 6.03174541553268,44.7886431287533,0 6.03170915851253,44.7886300652817,0 6.03166461585947,44.7886322748049,0 6.03163747240777,44.7886474329656,0 6.031590682705861,44.7886806976183,0 6.031558805115369,44.7887159869989,0 6.0315623058755,44.7887527413017,0 6.031604996424759,44.7888334725993,0 6.03160535308142,44.7888752682936,0 6.031585813202069,44.7889000391299,0 6.031562488271861,44.7889226610474,0 6.03150967888737,44.7889428459207,0 6.03139885806103,44.7889547968258,0 6.031302419282799,44.7889753640513,0 6.03128915806021,44.7889875295881,0 6.03129917665561,44.7889973465405,0 6.031373679775979,44.7890040482883,0 6.031409325035529,44.789012803907,0 6.031437511162389,44.7890287010803,0 6.03144011397785,44.7890511543755,0 6.03141987971804,44.7890677452596,0 6.0313418411838,44.7890987110828,0 6.03128561943751,44.789133044456,0 6.031228595045,44.7891783016033,0 6.03115485803559,44.7893148345319,0 6.031067904224079,44.7893869484461,0 6.031066859385989,44.789388688882,0 
						</coordinates>
					</LinearRing>
				</outerBoundaryIs>
			</Polygon>
		</Placemark>
		<Placemark id="parcelles-des-personnes-morales_05_groupe_personne_4.75374">
		<styleUrl>#COM</styleUrl>			<visibility>0</visibility>
			<ExtendedData>
				<SchemaData schemaUrl="#parcelles-des-personnes-morales_05_groupe_personne_4.schema">
					<SimpleData name="Numero de Parcelle">051420000C0498</SimpleData>
					<SimpleData name="Departement">05</SimpleData>
					<SimpleData name="Commune">SAINT-FIRMIN</SimpleData>
					<SimpleData name="Adresse">LES GARES</SimpleData>
					<SimpleData name="Groupe de personne">Commune</SimpleData>
					<SimpleData name="Forme Juridique Abregee">COM</SimpleData>
					<SimpleData name="Denomination">COMMUNE DE SAINT FIRMIN</SimpleData>
				</SchemaData>
			</ExtendedData>
	<Region>
		<LatLonAltBox>
			<north> 44.789940038197 </north>
			<south> 44.7878801478749 </south>
			<east> 6.03231271963996 </east>
			<west> 6.03026738193393 </west>
		</LatLonAltBox>
		<Lod>
			<minLodPixels>100</minLodPixels>
			<maxLodPixels>-1</maxLodPixels>
		</Lod>
	</Region>
			<Polygon><altitudeMode>relativeToGround</altitudeMode>
				<outerBoundaryIs>
					<LinearRing>
						<coordinates>							6.03026738193393,44.7878801478749,0 6.03034953144305,44.78804512335,0 6.030285574254511,44.7885015059881,0 6.0306046565537,44.788813529717,0 6.03077386192574,44.7893352547811,0 6.030526444370951,44.7899229718357,0 6.03054153527685,44.789940038197,0 6.030723299893309,44.789831185014,0 6.03073723718454,44.7898151268512,0 6.03074546524188,44.7897964317724,0 6.03074077773884,44.7897212380742,0 6.030726851316059,44.7896671096447,0 6.03073057124232,44.7896352033492,0 6.03075398898057,44.7896142909413,0 6.03079432065937,44.7895996733453,0 6.03094907832945,44.7895930085797,0 6.03099036260138,44.7895749411376,0 6.03101760483871,44.7895475271249,0 6.03102822476253,44.7895121885877,0 6.03103070187424,44.7894032825239,0 6.03105304209175,44.78936474032,0 6.03112382599255,44.7892790133731,0 6.03119314918686,44.7891662068464,0 6.03121800566703,44.789134443231,0 6.031285977359069,44.7890904183377,0 6.03134926812068,44.7890675142522,0 6.03136588234797,44.7890518332764,0 6.03135738062247,44.7890302621076,0 6.0313315123977,44.789012769852,0 6.031270220919669,44.7890070581987,0 6.03124920199259,44.7889903342731,0 6.03124944602651,44.7889760921239,0 6.03126030221248,44.7889615597269,0 6.031310064578501,44.7889482156599,0 6.03151623073694,44.788916538303,0 6.031551309523109,44.788896027535,0 6.03156791895539,44.7888779140134,0 6.031571482901121,44.7888454713627,0 6.03156168529577,44.7888022220505,0 6.03153257840973,44.7887528336615,0 6.03152556339862,44.7887330237998,0 6.031524219056791,44.7887104459874,0 6.03155042098853,44.7886801771546,0 6.0316226354844,44.7886116194411,0 6.03166384586621,44.7885945448273,0 6.03169305351178,44.7885918538091,0 6.031740622513839,44.7886011841232,0 6.03179352622552,44.7886179367117,0 6.03180528017208,44.7886177052733,0 6.031818798563231,44.7886079652807,0 6.03180896529089,44.7885875117477,0 6.03175530595145,44.7885356416372,0 6.031742873553241,44.788509222637,0 6.03174405581046,44.7884865757112,0 6.031751015145649,44.78846782516,0 6.031769364413659,44.7884420957844,0 6.031812893241501,44.788411713291,0 6.03188507067641,44.7883800064701,0 6.03202293185731,44.7883463224642,0 6.03203527902323,44.7883383263464,0 6.03203701430183,44.7883282779998,0 6.032008517741721,44.7883066232114,0 6.031995108726881,44.7882785190965,0 6.03199549934396,44.7882482354983,0 6.032010826717699,44.7882133987603,0 6.03205530838581,44.788170196189,0 6.03209196531841,44.7881554984289,0 6.032125886016299,44.7881510565851,0 6.03215763934883,44.7881509987297,0 6.03217457341797,44.7881412553387,0 6.0321668677888,44.7881297534242,0 6.032146257747,44.7881018463422,0 6.03214791034739,44.7880926111375,0 6.03215309070769,44.7880807566739,0 6.03217123955137,44.7880700790684,0 6.03220154021514,44.7880665471229,0 6.03227338463188,44.7880685457822,0 6.032301003573721,44.788057518953,0 6.03231271963996,44.7880378273348,0 6.03230798315642,44.7880203878255,0 6.03226612974164,44.7879927016015,0 6.032198543296199,44.7879664401931,0 6.03212593630343,44.7879620297076,0 6.031950459222349,44.7879785431552,0 6.031722306211571,44.7879942448476,0 6.0315732816904,44.7880015648693,0 6.031416240265259,44.788003337705,0 6.031262596329281,44.7879906918253,0 6.03115941789286,44.7879730615917,0 6.03097968966233,44.7879201341866,0 6.030888041907111,44.7879591302275,0 6.030772042247109,44.787982934906,0 6.030721960423751,44.7879903410223,0 6.0306484540225,44.7879927115083,0 6.030549697428931,44.7879749597949,0 6.030445456491161,44.7879423116127,0 6.03031315696821,44.7878914198823,0 6.03026738193393,44.7878801478749,0 
						</coordinates>
					</LinearRing>
				</outerBoundaryIs>
			</Polygon>
		</Placemark>
		<Placemark id="parcelles-des-personnes-morales_05_groupe_personne_4.75956">
		<styleUrl>#COM</styleUrl>			<visibility>0</visibility>
			<ExtendedData>
				<SchemaData schemaUrl="#parcelles-des-personnes-morales_05_groupe_personne_4.schema">
					<SimpleData name="Numero de Parcelle">051420000D0501</SimpleData>
					<SimpleData name="Departement">05</SimpleData>
					<SimpleData name="Commune">SAINT-FIRMIN</SimpleData>
					<SimpleData name="Adresse">SANTARIE</SimpleData>
					<SimpleData name="Groupe de personne">Commune</SimpleData>
					<SimpleData name="Forme Juridique Abregee">COM</SimpleData>
					<SimpleData name="Denomination">COMMUNE DE SAINT FIRMIN</SimpleData>
				</SchemaData>
			</ExtendedData>
	<Region>
		<LatLonAltBox>
			<north> 44.7888012100377 </north>
			<south> 44.7885754565382 </south>
			<east> 6.04423377650331 </east>
			<west> 6.0439209336454 </west>
		</LatLonAltBox>
		<Lod>
			<minLodPixels>100</minLodPixels>
			<maxLodPixels>-1</maxLodPixels>
		</Lod>
	</Region>
			<Polygon><altitudeMode>relativeToGround</altitudeMode>
				<outerBoundaryIs>
					<LinearRing>
						<coordinates>							6.04423377650331,44.7888012100377,0 6.04420660439613,44.7887667278779,0 6.04408772868359,44.7886719658791,0 6.04400156548827,44.7886182010928,0 6.0439209336454,44.7885754565382,0 6.04392460262445,44.7886759056807,0 6.04396354686554,44.7887034873867,0 6.04411039593163,44.788735403317,0 6.04423377650331,44.7888012100377,0 
						</coordinates>
					</LinearRing>
				</outerBoundaryIs>
			</Polygon>
		</Placemark>
		<Placemark id="parcelles-des-personnes-morales_05_groupe_personne_4.77437">
		<styleUrl>#COM</styleUrl>			<visibility>0</visibility>
			<ExtendedData>
				<SchemaData schemaUrl="#parcelles-des-personnes-morales_05_groupe_personne_4.schema">
					<SimpleData name="Numero de Parcelle">051420000C0052</SimpleData>
					<SimpleData name="Departement">05</SimpleData>
					<SimpleData name="Commune">SAINT-FIRMIN</SimpleData>
					<SimpleData name="Adresse">PRE FLOURET</SimpleData>
					<SimpleData name="Groupe de personne">Commune</SimpleData>
					<SimpleData name="Forme Juridique Abregee">COM</SimpleData>
					<SimpleData name="Denomination">COMMUNE DE SAINT FIRMIN</SimpleData>
				</SchemaData>
			</ExtendedData>
	<Region>
		<LatLonAltBox>
			<north> 44.8152005069035 </north>
			<south> 44.8146708451116 </south>
			<east> 6.02321878870991 </east>
			<west> 6.022347022816091 </west>
		</LatLonAltBox>
		<Lod>
			<minLodPixels>100</minLodPixels>
			<maxLodPixels>-1</maxLodPixels>
		</Lod>
	</Region>
			<Polygon><altitudeMode>relativeToGround</altitudeMode>
				<outerBoundaryIs>
					<LinearRing>
						<coordinates>							6.022967022878621,44.8146708451116,0 6.02258597660891,44.8148464734546,0 6.022347022816091,44.8149622763436,0 6.022415997322359,44.8149926514433,0 6.02292172848178,44.8152005069035,0 6.02297623543669,44.8151478450015,0 6.023042810452999,44.8150842224404,0 6.02311093993202,44.8150471364763,0 6.02321878870991,44.8149977953076,0 6.022967022878621,44.8146708451116,0 
						</coordinates>
					</LinearRing>
				</outerBoundaryIs>
			</Polygon>
		</Placemark>
		<Placemark id="parcelles-des-personnes-morales_05_groupe_personne_4.77940">
		<styleUrl>#COM</styleUrl>			<visibility>0</visibility>
			<ExtendedData>
				<SchemaData schemaUrl="#parcelles-des-personnes-morales_05_groupe_personne_4.schema">
					<SimpleData name="Numero de Parcelle">051420000D0527</SimpleData>
					<SimpleData name="Departement">05</SimpleData>
					<SimpleData name="Commune">SAINT-FIRMIN</SimpleData>
					<SimpleData name="Adresse">SERRE DE LA FONT</SimpleData>
					<SimpleData name="Groupe de personne">Commune</SimpleData>
					<SimpleData name="Forme Juridique Abregee">COM</SimpleData>
					<SimpleData name="Denomination">COMMUNE DE SAINT FIRMIN</SimpleData>
				</SchemaData>
			</ExtendedData>
	<Region>
		<LatLonAltBox>
			<north> 44.7878694919913 </north>
			<south> 44.7868059706932 </south>
			<east> 6.048649091008329 </east>
			<west> 6.0474780554409 </west>
		</LatLonAltBox>
		<Lod>
			<minLodPixels>100</minLodPixels>
			<maxLodPixels>-1</maxLodPixels>
		</Lod>
	</Region>
			<Polygon><altitudeMode>relativeToGround</altitudeMode>
				<outerBoundaryIs>
					<LinearRing>
						<coordinates>							6.0474780554409,44.7870581988718,0 6.0475081146516,44.7871599045053,0 6.047594887782989,44.7871525629444,0 6.04770079628442,44.7871504614062,0 6.04788490177482,44.787118188583,0 6.04796174640848,44.7871470691302,0 6.047959989793031,44.7872453249376,0 6.047931121809821,44.787261255436,0 6.04792742798698,44.7873004598252,0 6.048022727633781,44.7874853341101,0 6.04800003687918,44.7874868591506,0 6.04806179798212,44.7876155332768,0 6.048141487778289,44.7878694919913,0 6.048243797456881,44.7876540452477,0 6.04833248497764,44.7874090603393,0 6.04840231009918,44.7871452229874,0 6.04845740419928,44.7870576633397,0 6.048649091008329,44.7868059706932,0 6.04848226049773,44.7868184885308,0 6.04832896338718,44.7868379318584,0 6.04787609018952,44.7869743632343,0 6.04773166368459,44.7870337457415,0 6.04766008549204,44.7870459853783,0 6.0474780554409,44.7870581988718,0 
						</coordinates>
					</LinearRing>
				</outerBoundaryIs>
			</Polygon>
		</Placemark>
		<Placemark id="parcelles-des-personnes-morales_05_groupe_personne_4.78529">
		<styleUrl>#COM</styleUrl>			<visibility>0</visibility>
			<ExtendedData>
				<SchemaData schemaUrl="#parcelles-des-personnes-morales_05_groupe_personne_4.schema">
					<SimpleData name="Numero de Parcelle">051420000D0534</SimpleData>
					<SimpleData name="Departement">05</SimpleData>
					<SimpleData name="Commune">SAINT-FIRMIN</SimpleData>
					<SimpleData name="Adresse">SERRE DE LA FONT</SimpleData>
					<SimpleData name="Groupe de personne">Commune</SimpleData>
					<SimpleData name="Forme Juridique Abregee">COM</SimpleData>
					<SimpleData name="Denomination">COMMUNE DE SAINT FIRMIN</SimpleData>
				</SchemaData>
			</ExtendedData>
	<Region>
		<LatLonAltBox>
			<north> 44.7860823622809 </north>
			<south> 44.7856168774529 </south>
			<east> 6.0484908459065 </east>
			<west> 6.04771253205011 </west>
		</LatLonAltBox>
		<Lod>
			<minLodPixels>100</minLodPixels>
			<maxLodPixels>-1</maxLodPixels>
		</Lod>
	</Region>
			<Polygon><altitudeMode>relativeToGround</altitudeMode>
				<outerBoundaryIs>
					<LinearRing>
						<coordinates>							6.04786061333927,44.7860823622809,0 6.048332145261589,44.7860031707864,0 6.04841200591637,44.7859897117703,0 6.0484908459065,44.7856168774529,0 6.04816843894448,44.7856813365147,0 6.04805145793282,44.7857171696844,0 6.04788076371186,44.7857773650104,0 6.04778072710235,44.7858013794557,0 6.04771253205011,44.7858129855325,0 6.04786061333927,44.7860823622809,0 
						</coordinates>
					</LinearRing>
				</outerBoundaryIs>
			</Polygon>
		</Placemark>
		<Placemark id="parcelles-des-personnes-morales_05_groupe_personne_4.78556">
		<styleUrl>#COM</styleUrl>			<visibility>0</visibility>
			<ExtendedData>
				<SchemaData schemaUrl="#parcelles-des-personnes-morales_05_groupe_personne_4.schema">
					<SimpleData name="Numero de Parcelle">051420000A0535</SimpleData>
					<SimpleData name="Departement">05</SimpleData>
					<SimpleData name="Commune">SAINT-FIRMIN</SimpleData>
					<SimpleData name="Adresse">BOIS DE L AUBERIE</SimpleData>
					<SimpleData name="Groupe de personne">Commune</SimpleData>
					<SimpleData name="Forme Juridique Abregee">COM</SimpleData>
					<SimpleData name="Denomination">COMMUNE DE SAINT FIRMIN</SimpleData>
				</SchemaData>
			</ExtendedData>
	<Region>
		<LatLonAltBox>
			<north> 44.7862010823748 </north>
			<south> 44.7854779427772 </south>
			<east> 5.99276379349106 </east>
			<west> 5.991963764441939 </west>
		</LatLonAltBox>
		<Lod>
			<minLodPixels>100</minLodPixels>
			<maxLodPixels>-1</maxLodPixels>
		</Lod>
	</Region>
			<Polygon><altitudeMode>relativeToGround</altitudeMode>
				<outerBoundaryIs>
					<LinearRing>
						<coordinates>							5.99265828811429,44.7860740336546,0 5.99276379349106,44.7859503656418,0 5.99242527060777,44.7854779427772,0 5.991963764441939,44.7857656468305,0 5.992169054786621,44.7859193943621,0 5.99254435939644,44.7862010823748,0 5.99265828811429,44.7860740336546,0 
						</coordinates>
					</LinearRing>
				</outerBoundaryIs>
			</Polygon>
		</Placemark>
		<Placemark id="parcelles-des-personnes-morales_05_groupe_personne_4.79062">
		<styleUrl>#COM</styleUrl>			<visibility>0</visibility>
			<ExtendedData>
				<SchemaData schemaUrl="#parcelles-des-personnes-morales_05_groupe_personne_4.schema">
					<SimpleData name="Numero de Parcelle">051420000C0540</SimpleData>
					<SimpleData name="Departement">05</SimpleData>
					<SimpleData name="Commune">SAINT-FIRMIN</SimpleData>
					<SimpleData name="Adresse">CLAUZET</SimpleData>
					<SimpleData name="Groupe de personne">Commune</SimpleData>
					<SimpleData name="Forme Juridique Abregee">COM</SimpleData>
					<SimpleData name="Denomination">COMMUNE DE SAINT FIRMIN</SimpleData>
				</SchemaData>
			</ExtendedData>
	<Region>
		<LatLonAltBox>
			<north> 44.7901626562473 </north>
			<south> 44.7891001439453 </south>
			<east> 6.029213744489579 </east>
			<west> 6.02803113555332 </west>
		</LatLonAltBox>
		<Lod>
			<minLodPixels>100</minLodPixels>
			<maxLodPixels>-1</maxLodPixels>
		</Lod>
	</Region>
			<Polygon><altitudeMode>relativeToGround</altitudeMode>
				<outerBoundaryIs>
					<LinearRing>
						<coordinates>							6.02829663702455,44.7891465508291,0 6.02803113555332,44.7891689414293,0 6.02817761090726,44.7893608120843,0 6.02828008390771,44.7895109082233,0 6.028258088624781,44.7895347544463,0 6.02842112744305,44.7897498680166,0 6.028644602433251,44.7900674830311,0 6.02870945056357,44.7901626562473,0 6.02873638992948,44.7901601181156,0 6.02875416389864,44.7901260258966,0 6.02877436510635,44.7901111482876,0 6.02879841405901,44.7901019317879,0 6.028829800016269,44.7900950375172,0 6.02890827548176,44.7900909107521,0 6.02903153054206,44.7901053816513,0 6.02905785245076,44.7900209613439,0 6.02918537975767,44.7899386402801,0 6.029213744489579,44.7899202959427,0 6.02913602937722,44.789863405887,0 6.029088237254391,44.7898875068434,0 6.02900959211036,44.7898908275001,0 6.02875583149037,44.7895935019784,0 6.02887973578876,44.7894909181573,0 6.028685077445801,44.7892008970486,0 6.0286120186499,44.7891059482506,0 6.02858703414901,44.7891001439453,0 6.02855646577647,44.7891010693614,0 6.02833454774093,44.7891433526132,0 6.02829663702455,44.7891465508291,0 
						</coordinates>
					</LinearRing>
				</outerBoundaryIs>
			</Polygon>
		</Placemark>
		<Placemark id="parcelles-des-personnes-morales_05_groupe_personne_4.79179">
		<styleUrl>#COM</styleUrl>			<visibility>0</visibility>
			<ExtendedData>
				<SchemaData schemaUrl="#parcelles-des-personnes-morales_05_groupe_personne_4.schema">
					<SimpleData name="Numero de Parcelle">051420000C0542</SimpleData>
					<SimpleData name="Departement">05</SimpleData>
					<SimpleData name="Commune">SAINT-FIRMIN</SimpleData>
					<SimpleData name="Adresse">CLAUZET</SimpleData>
					<SimpleData name="Groupe de personne">Commune</SimpleData>
					<SimpleData name="Forme Juridique Abregee">COM</SimpleData>
					<SimpleData name="Denomination">COMMUNE DE SAINT FIRMIN</SimpleData>
				</SchemaData>
			</ExtendedData>
	<Region>
		<LatLonAltBox>
			<north> 44.7900729427433 </north>
			<south> 44.7899098322886 </south>
			<east> 6.02947213143923 </east>
			<west> 6.029328100022859 </west>
		</LatLonAltBox>
		<Lod>
			<minLodPixels>100</minLodPixels>
			<maxLodPixels>-1</maxLodPixels>
		</Lod>
	</Region>
			<Polygon><altitudeMode>relativeToGround</altitudeMode>
				<outerBoundaryIs>
					<LinearRing>
						<coordinates>							6.02940416638741,44.7900729427433,0 6.02947213143923,44.7900240539128,0 6.02933616137001,44.7899098322886,0 6.029328100022859,44.7899105031165,0 6.029343925586151,44.7899599847899,0 6.029372432406861,44.7900193910059,0 6.02940416638741,44.7900729427433,0 
						</coordinates>
					</LinearRing>
				</outerBoundaryIs>
			</Polygon>
		</Placemark>
		<Placemark id="parcelles-des-personnes-morales_05_groupe_personne_4.80070">
		<styleUrl>#COM</styleUrl>			<visibility>0</visibility>
			<ExtendedData>
				<SchemaData schemaUrl="#parcelles-des-personnes-morales_05_groupe_personne_4.schema">
					<SimpleData name="Numero de Parcelle">051420000D0553</SimpleData>
					<SimpleData name="Departement">05</SimpleData>
					<SimpleData name="Commune">SAINT-FIRMIN</SimpleData>
					<SimpleData name="Adresse">LE VILLARD</SimpleData>
					<SimpleData name="Groupe de personne">Commune</SimpleData>
					<SimpleData name="Forme Juridique Abregee">COM</SimpleData>
					<SimpleData name="Denomination">COMMUNE DE SAINT FIRMIN</SimpleData>
				</SchemaData>
			</ExtendedData>
	<Region>
		<LatLonAltBox>
			<north> 44.7863400977493 </north>
			<south> 44.7862857985019 </south>
			<east> 6.04524819387254 </east>
			<west> 6.045176064893539 </west>
		</LatLonAltBox>
		<Lod>
			<minLodPixels>100</minLodPixels>
			<maxLodPixels>-1</maxLodPixels>
		</Lod>
	</Region>
			<Polygon><altitudeMode>relativeToGround</altitudeMode>
				<outerBoundaryIs>
					<LinearRing>
						<coordinates>							6.04524819387254,44.7863277075324,0 6.045199491702459,44.7862857985019,0 6.045176064893539,44.7862994163952,0 6.045191781971639,44.7863209685545,0 6.04521698303659,44.7863400977493,0 6.04524819387254,44.7863277075324,0 
						</coordinates>
					</LinearRing>
				</outerBoundaryIs>
			</Polygon>
		</Placemark>
		<Placemark id="parcelles-des-personnes-morales_05_groupe_personne_4.80174">
		<styleUrl>#COM</styleUrl>			<visibility>0</visibility>
			<ExtendedData>
				<SchemaData schemaUrl="#parcelles-des-personnes-morales_05_groupe_personne_4.schema">
					<SimpleData name="Numero de Parcelle">05142000AC0555</SimpleData>
					<SimpleData name="Departement">05</SimpleData>
					<SimpleData name="Commune">SAINT-FIRMIN</SimpleData>
					<SimpleData name="Adresse">LA BROUE</SimpleData>
					<SimpleData name="Groupe de personne">Commune</SimpleData>
					<SimpleData name="Forme Juridique Abregee">COM</SimpleData>
					<SimpleData name="Denomination">COMMUNE DE SAINT FIRMIN</SimpleData>
				</SchemaData>
			</ExtendedData>
	<Region>
		<LatLonAltBox>
			<north> 44.7814076031125 </north>
			<south> 44.7813404700542 </south>
			<east> 5.9925013978268 </east>
			<west> 5.99232518312279 </west>
		</LatLonAltBox>
		<Lod>
			<minLodPixels>100</minLodPixels>
			<maxLodPixels>-1</maxLodPixels>
		</Lod>
	</Region>
			<Polygon><altitudeMode>relativeToGround</altitudeMode>
				<outerBoundaryIs>
					<LinearRing>
						<coordinates>							5.9923377421214,44.7814076031125,0 5.9925013978268,44.7813807499527,0 5.99247496506473,44.7813404700542,0 5.99243581352676,44.7813440499789,0 5.99236456999809,44.7813697591291,0 5.99232518312279,44.7813950585076,0 5.9923377421214,44.7814076031125,0 
						</coordinates>
					</LinearRing>
				</outerBoundaryIs>
			</Polygon>
		</Placemark>
		<Placemark id="parcelles-des-personnes-morales_05_groupe_personne_4.80608">
		<styleUrl>#COM</styleUrl>			<visibility>0</visibility>
			<ExtendedData>
				<SchemaData schemaUrl="#parcelles-des-personnes-morales_05_groupe_personne_4.schema">
					<SimpleData name="Numero de Parcelle">051420000C0056</SimpleData>
					<SimpleData name="Departement">05</SimpleData>
					<SimpleData name="Commune">SAINT-FIRMIN</SimpleData>
					<SimpleData name="Adresse">PRE FLOURET</SimpleData>
					<SimpleData name="Groupe de personne">Commune</SimpleData>
					<SimpleData name="Forme Juridique Abregee">COM</SimpleData>
					<SimpleData name="Denomination">COMMUNE DE SAINT FIRMIN</SimpleData>
				</SchemaData>
			</ExtendedData>
	<Region>
		<LatLonAltBox>
			<north> 44.8146377990268 </north>
			<south> 44.8144989821143 </south>
			<east> 6.02489883694738 </east>
			<west> 6.024391712900699 </west>
		</LatLonAltBox>
		<Lod>
			<minLodPixels>100</minLodPixels>
			<maxLodPixels>-1</maxLodPixels>
		</Lod>
	</Region>
			<Polygon><altitudeMode>relativeToGround</altitudeMode>
				<outerBoundaryIs>
					<LinearRing>
						<coordinates>							6.024391712900699,44.8145893774353,0 6.024453052334211,44.8146377990268,0 6.02486368462991,44.8146262371075,0 6.02488793452473,44.8146158449218,0 6.02489883694738,44.8145973476088,0 6.02456114507561,44.8144989821143,0 6.024391712900699,44.8145893774353,0 
						</coordinates>
					</LinearRing>
				</outerBoundaryIs>
			</Polygon>
		</Placemark>
		<Placemark id="parcelles-des-personnes-morales_05_groupe_personne_4.81338">
		<styleUrl>#COM</styleUrl>			<visibility>0</visibility>
			<ExtendedData>
				<SchemaData schemaUrl="#parcelles-des-personnes-morales_05_groupe_personne_4.schema">
					<SimpleData name="Numero de Parcelle">05142000AD0057</SimpleData>
					<SimpleData name="Departement">05</SimpleData>
					<SimpleData name="Commune">SAINT-FIRMIN</SimpleData>
					<SimpleData name="Adresse">LE FORT</SimpleData>
					<SimpleData name="Groupe de personne">Commune</SimpleData>
					<SimpleData name="Forme Juridique Abregee">COM</SimpleData>
					<SimpleData name="Denomination">COMMUNE DE SAINT FIRMIN</SimpleData>
				</SchemaData>
			</ExtendedData>
	<Region>
		<LatLonAltBox>
			<north> 44.7781130555492 </north>
			<south> 44.7772506215517 </south>
			<east> 6.01793242609204 </east>
			<west> 6.01344314037176 </west>
		</LatLonAltBox>
		<Lod>
			<minLodPixels>100</minLodPixels>
			<maxLodPixels>-1</maxLodPixels>
		</Lod>
	</Region>
			<Polygon><altitudeMode>relativeToGround</altitudeMode>
				<outerBoundaryIs>
					<LinearRing>
						<coordinates>							6.01346730654097,44.7780603174215,0 6.01368104346733,44.7780595500526,0 6.013929502864929,44.7780670277311,0 6.01408321673043,44.7780697841854,0 6.0144719730268,44.7780774987608,0 6.01447496678355,44.7780484061259,0 6.01493140126208,44.7780821178786,0 6.01532747542728,44.7781130555492,0 6.01531861665415,44.7780658155416,0 6.01561204805378,44.7779212434383,0 6.01560805532548,44.7776039406819,0 6.01566487384791,44.7775524806873,0 6.01593136946398,44.7775731576963,0 6.01609164698649,44.7775851027649,0 6.01601593814047,44.7777560050949,0 6.01572947989199,44.7779008390173,0 6.01592236822512,44.7779335200932,0 6.015924817615411,44.7780145406654,0 6.015982676303859,44.7780178311295,0 6.01603420840617,44.7779409272954,0 6.01629577591961,44.778015885885,0 6.01651455084642,44.7780571412867,0 6.01658712126469,44.7780564270669,0 6.016548360230289,44.7778786397988,0 6.0168444273006,44.7778893197491,0 6.01689075710945,44.7779677041041,0 6.01731697710237,44.7779051041148,0 6.01739835423684,44.7778917161671,0 6.017498814491849,44.7778308679624,0 6.01764688999326,44.7777804355793,0 6.01780917897901,44.7777638527593,0 6.01793242609204,44.7778635671122,0 6.017918593980211,44.7777897038964,0 6.01780888495081,44.7773554510642,0 6.017380605282889,44.7773418871058,0 6.01688931572154,44.7773327399515,0 6.01630517644916,44.7773188202768,0 6.01622933740865,44.7773340388186,0 6.01584563349117,44.7773402481486,0 6.01581675397615,44.7772805791311,0 6.015866508851501,44.7772695845905,0 6.01576214572728,44.7772506215517,0 6.01531396881944,44.7773589516718,0 6.014990826654141,44.7774400923516,0 6.01512806838962,44.7778763011389,0 6.01502559363738,44.7778854863222,0 6.0149563733521,44.7778920547674,0 6.014203220978321,44.7780194893723,0 6.01413283618307,44.7779194142993,0 6.01344314037176,44.7780035829415,0 6.01346730654097,44.7780603174215,0 
						</coordinates>
					</LinearRing>
				</outerBoundaryIs>
			</Polygon>
		</Placemark>
		<Placemark id="parcelles-des-personnes-morales_05_groupe_personne_4.81340">
		<styleUrl>#COM</styleUrl>			<visibility>0</visibility>
			<ExtendedData>
				<SchemaData schemaUrl="#parcelles-des-personnes-morales_05_groupe_personne_4.schema">
					<SimpleData name="Numero de Parcelle">05142000AH0057</SimpleData>
					<SimpleData name="Departement">05</SimpleData>
					<SimpleData name="Commune">SAINT-FIRMIN</SimpleData>
					<SimpleData name="Adresse">LE VILLARD</SimpleData>
					<SimpleData name="Groupe de personne">Commune</SimpleData>
					<SimpleData name="Forme Juridique Abregee">COM</SimpleData>
					<SimpleData name="Denomination">COMMUNE DE SAINT FIRMIN</SimpleData>
				</SchemaData>
			</ExtendedData>
	<Region>
		<LatLonAltBox>
			<north> 44.7865624310646 </north>
			<south> 44.7864759588654 </south>
			<east> 6.04056407225172 </east>
			<west> 6.040466429948199 </west>
		</LatLonAltBox>
		<Lod>
			<minLodPixels>100</minLodPixels>
			<maxLodPixels>-1</maxLodPixels>
		</Lod>
	</Region>
			<Polygon><altitudeMode>relativeToGround</altitudeMode>
				<outerBoundaryIs>
					<LinearRing>
						<coordinates>							6.04051159964508,44.7864759588654,0 6.040466429948199,44.7865624310646,0 6.04056407225172,44.7865548869108,0 6.04055200121559,44.7864814276019,0 6.04051159964508,44.7864759588654,0 
						</coordinates>
					</LinearRing>
				</outerBoundaryIs>
			</Polygon>
		</Placemark>
		<Placemark id="parcelles-des-personnes-morales_05_groupe_personne_4.82107">
		<styleUrl>#COM</styleUrl>			<visibility>0</visibility>
			<ExtendedData>
				<SchemaData schemaUrl="#parcelles-des-personnes-morales_05_groupe_personne_4.schema">
					<SimpleData name="Numero de Parcelle">05142000AH0058</SimpleData>
					<SimpleData name="Departement">05</SimpleData>
					<SimpleData name="Commune">SAINT-FIRMIN</SimpleData>
					<SimpleData name="Adresse">LE VILLARD</SimpleData>
					<SimpleData name="Groupe de personne">Commune</SimpleData>
					<SimpleData name="Forme Juridique Abregee">COM</SimpleData>
					<SimpleData name="Denomination">COMMUNE DE SAINT FIRMIN</SimpleData>
				</SchemaData>
			</ExtendedData>
	<Region>
		<LatLonAltBox>
			<north> 44.7867107808099 </north>
			<south> 44.7866274774818 </south>
			<east> 6.04044574353033 </east>
			<west> 6.04034293488669 </west>
		</LatLonAltBox>
		<Lod>
			<minLodPixels>100</minLodPixels>
			<maxLodPixels>-1</maxLodPixels>
		</Lod>
	</Region>
			<Polygon><altitudeMode>relativeToGround</altitudeMode>
				<outerBoundaryIs>
					<LinearRing>
						<coordinates>							6.04041885015018,44.7867049203913,0 6.04044574353033,44.7867015697351,0 6.04043329080864,44.7866514563369,0 6.040427186020951,44.7866274774818,0 6.04034293488669,44.7866393392525,0 6.04034875271391,44.7866603527409,0 6.04034919983397,44.7866616018505,0 6.04036615654671,44.7867107808099,0 6.04041885015018,44.7867049203913,0 
						</coordinates>
					</LinearRing>
				</outerBoundaryIs>
			</Polygon>
		</Placemark>
		<Placemark id="parcelles-des-personnes-morales_05_groupe_personne_4.82603">
		<styleUrl>#COM</styleUrl>			<visibility>0</visibility>
			<ExtendedData>
				<SchemaData schemaUrl="#parcelles-des-personnes-morales_05_groupe_personne_4.schema">
					<SimpleData name="Numero de Parcelle">051420000D0586</SimpleData>
					<SimpleData name="Departement">05</SimpleData>
					<SimpleData name="Commune">SAINT-FIRMIN</SimpleData>
					<SimpleData name="Adresse">MOULINAS ET LOUSSOURIS</SimpleData>
					<SimpleData name="Groupe de personne">Commune</SimpleData>
					<SimpleData name="Forme Juridique Abregee">COM</SimpleData>
					<SimpleData name="Denomination">COMMUNE DE SAINT FIRMIN</SimpleData>
				</SchemaData>
			</ExtendedData>
	<Region>
		<LatLonAltBox>
			<north> 44.7900854491234 </north>
			<south> 44.7868225520172 </south>
			<east> 6.043318732857201 </east>
			<west> 6.04203452684152 </west>
		</LatLonAltBox>
		<Lod>
			<minLodPixels>100</minLodPixels>
			<maxLodPixels>-1</maxLodPixels>
		</Lod>
	</Region>
			<Polygon><altitudeMode>relativeToGround</altitudeMode>
				<outerBoundaryIs>
					<LinearRing>
						<coordinates>							6.04273485906011,44.7869290420038,0 6.04294680276325,44.7871889230162,0 6.04306875548008,44.787331263621,0 6.04313368458823,44.7874368780875,0 6.04321143415656,44.7875245712954,0 6.04325681684575,44.7875986473968,0 6.0432761045808,44.7876534381966,0 6.04327372016142,44.7876981924929,0 6.04326744604075,44.7877949502962,0 6.04327363231369,44.787906862876,0 6.04329623141776,44.788013459454,0 6.04329926591636,44.7882424063725,0 6.04325469504215,44.7883165199077,0 6.04324400504087,44.788385468464,0 6.04324557715233,44.7884402051532,0 6.04323711507548,44.7884568354318,0 6.04321154011569,44.7885125878451,0 6.043195412490381,44.7885792530505,0 6.04311749682882,44.7886754552578,0 6.04307917876222,44.7888206649068,0 6.04305813344566,44.7888502544568,0 6.04297392378134,44.7889026613247,0 6.04289006189659,44.7889404626276,0 6.04281860716555,44.788957380781,0 6.04262736059093,44.7889583966575,0 6.04253591637023,44.7890197413393,0 6.04243595452837,44.7890850137987,0 6.0423411217806,44.7891351890268,0 6.042315761149241,44.7891248030805,0 6.04227755232067,44.7891879297384,0 6.0422474310954,44.7892695748543,0 6.042210705552831,44.7893040094701,0 6.04207828792179,44.7894008059384,0 6.04207705951949,44.7894505739892,0 6.0421033519171,44.7896160839236,0 6.04210614810863,44.7898009792711,0 6.0420834967867,44.7899832394703,0 6.04206949319642,44.7900284027662,0 6.04203452684152,44.7900696365124,0 6.04204272116799,44.7900854491234,0 6.042129964180231,44.7900212469554,0 6.042179024211041,44.7899996281812,0 6.04227721974134,44.7899788230089,0 6.04237136612774,44.7899463260006,0 6.04237089662225,44.7898815580972,0 6.042356418163859,44.789735635647,0 6.04232896552929,44.7896258384327,0 6.04227108566467,44.7894775034242,0 6.04226664078537,44.7894468117686,0 6.04228508098657,44.7894064820779,0 6.04234998712392,44.7893153227369,0 6.04238246933391,44.7892702828417,0 6.04242355345305,44.7892368997973,0 6.04247129031529,44.7892095509001,0 6.04256370440156,44.7891684518025,0 6.04263587496679,44.7891226826669,0 6.04273580681896,44.7890521851353,0 6.04277393918885,44.7890414076034,0 6.04288749329049,44.7890285593382,0 6.04296376031614,44.7889883537113,0 6.04302549658967,44.7889321490797,0 6.043125207383801,44.7887781359781,0 6.043158744008959,44.7886684662936,0 6.043262401180919,44.7884915497901,0 6.04327536197342,44.7883640649802,0 6.043318732857201,44.7882561073702,0 6.04331637183262,44.7881190423676,0 6.04331589118734,44.7880167037347,0 6.04329420658312,44.7878826020244,0 6.043291396837819,44.7876975268988,0 6.04330124162535,44.787631664905,0 6.04327022777612,44.7876009820903,0 6.043249758920339,44.7875430702792,0 6.043177442138661,44.7874599130347,0 6.043104965907049,44.7873457662756,0 6.043017845994081,44.7872368868769,0 6.04283373882328,44.7870191285373,0 6.04278582263573,44.7869589970158,0 6.042767183386171,44.7869161714438,0 6.04276463191933,44.7868363242306,0 6.04272150300067,44.7868225520172,0 6.04276151405944,44.7869236250668,0 6.04273485906011,44.7869290420038,0 
						</coordinates>
					</LinearRing>
				</outerBoundaryIs>
			</Polygon>
		</Placemark>
		<Placemark id="parcelles-des-personnes-morales_05_groupe_personne_4.82669">
		<styleUrl>#COM</styleUrl>			<visibility>0</visibility>
			<ExtendedData>
				<SchemaData schemaUrl="#parcelles-des-personnes-morales_05_groupe_personne_4.schema">
					<SimpleData name="Numero de Parcelle">051420000D0587</SimpleData>
					<SimpleData name="Departement">05</SimpleData>
					<SimpleData name="Commune">SAINT-FIRMIN</SimpleData>
					<SimpleData name="Adresse">MOULINAS ET LOUSSOURIS</SimpleData>
					<SimpleData name="Groupe de personne">Commune</SimpleData>
					<SimpleData name="Forme Juridique Abregee">COM</SimpleData>
					<SimpleData name="Denomination">COMMUNE DE SAINT FIRMIN</SimpleData>
				</SchemaData>
			</ExtendedData>
	<Region>
		<LatLonAltBox>
			<north> 44.7900696365124 </north>
			<south> 44.7886527504522 </south>
			<east> 6.04210614810863 </east>
			<west> 6.04145598490879 </west>
		</LatLonAltBox>
		<Lod>
			<minLodPixels>100</minLodPixels>
			<maxLodPixels>-1</maxLodPixels>
		</Lod>
	</Region>
			<Polygon><altitudeMode>relativeToGround</altitudeMode>
				<outerBoundaryIs>
					<LinearRing>
						<coordinates>							6.04203452684152,44.7900696365124,0 6.04206949319642,44.7900284027662,0 6.0420834967867,44.7899832394703,0 6.04210614810863,44.7898009792711,0 6.0421033519171,44.7896160839236,0 6.04207705951949,44.7894505739892,0 6.04200562148258,44.7894514536187,0 6.04196286568629,44.7894446083855,0 6.04185399296319,44.7893990335135,0 6.041792046898361,44.7892012557821,0 6.0417498089303,44.7891735835288,0 6.041676578969399,44.7890922522928,0 6.04167193379678,44.7890040833447,0 6.041608793730049,44.7889431977948,0 6.04148181388398,44.7886799012439,0 6.041456685079661,44.7886527504522,0 6.04145598490879,44.7887403452928,0 6.04147028888827,44.7888690637362,0 6.041488000736141,44.7889672354072,0 6.04156378145768,44.7892313064018,0 6.04159932659338,44.7893316916185,0 6.04166085391925,44.7894819990792,0 6.041722797169751,44.7895675143436,0 6.04180843545119,44.7896700385527,0 6.04192472060319,44.7898595675374,0 6.04203452684152,44.7900696365124,0 
						</coordinates>
					</LinearRing>
				</outerBoundaryIs>
			</Polygon>
		</Placemark>
		<Placemark id="parcelles-des-personnes-morales_05_groupe_personne_4.82765">
		<styleUrl>#COM</styleUrl>			<visibility>0</visibility>
			<ExtendedData>
				<SchemaData schemaUrl="#parcelles-des-personnes-morales_05_groupe_personne_4.schema">
					<SimpleData name="Numero de Parcelle">05142000AC0589</SimpleData>
					<SimpleData name="Departement">05</SimpleData>
					<SimpleData name="Commune">SAINT-FIRMIN</SimpleData>
					<SimpleData name="Adresse">LA TRINITE</SimpleData>
					<SimpleData name="Groupe de personne">Commune</SimpleData>
					<SimpleData name="Forme Juridique Abregee">COM</SimpleData>
					<SimpleData name="Denomination">COMMUNE DE SAINT FIRMIN</SimpleData>
				</SchemaData>
			</ExtendedData>
	<Region>
		<LatLonAltBox>
			<north> 44.7784235538674 </north>
			<south> 44.7782225951051 </south>
			<east> 5.98933602209191 </east>
			<west> 5.98918247610506 </west>
		</LatLonAltBox>
		<Lod>
			<minLodPixels>100</minLodPixels>
			<maxLodPixels>-1</maxLodPixels>
		</Lod>
	</Region>
			<Polygon><altitudeMode>relativeToGround</altitudeMode>
				<outerBoundaryIs>
					<LinearRing>
						<coordinates>							5.98918247610506,44.7784235538674,0 5.98924512707658,44.7783933034438,0 5.98933602209191,44.7782400310665,0 5.98927766625551,44.7782225951051,0 5.98918247610506,44.7784235538674,0 
						</coordinates>
					</LinearRing>
				</outerBoundaryIs>
			</Polygon>
		</Placemark>
		<Placemark id="parcelles-des-personnes-morales_05_groupe_personne_4.83034">
		<styleUrl>#COM</styleUrl>			<visibility>0</visibility>
			<ExtendedData>
				<SchemaData schemaUrl="#parcelles-des-personnes-morales_05_groupe_personne_4.schema">
					<SimpleData name="Numero de Parcelle">05142000AC0591</SimpleData>
					<SimpleData name="Departement">05</SimpleData>
					<SimpleData name="Commune">SAINT-FIRMIN</SimpleData>
					<SimpleData name="Adresse">SOUS LA BROUE</SimpleData>
					<SimpleData name="Groupe de personne">Commune</SimpleData>
					<SimpleData name="Forme Juridique Abregee">COM</SimpleData>
					<SimpleData name="Denomination">COMMUNE DE SAINT FIRMIN</SimpleData>
				</SchemaData>
			</ExtendedData>
	<Region>
		<LatLonAltBox>
			<north> 44.7784221837156 </north>
			<south> 44.7782400310665 </south>
			<east> 5.98945236928543 </east>
			<west> 5.98924512707658 </west>
		</LatLonAltBox>
		<Lod>
			<minLodPixels>100</minLodPixels>
			<maxLodPixels>-1</maxLodPixels>
		</Lod>
	</Region>
			<Polygon><altitudeMode>relativeToGround</altitudeMode>
				<outerBoundaryIs>
					<LinearRing>
						<coordinates>							5.98933602209191,44.7782400310665,0 5.98924512707658,44.7783933034438,0 5.989356840169411,44.7784221837156,0 5.98945236928543,44.7782751830207,0 5.98933602209191,44.7782400310665,0 
						</coordinates>
					</LinearRing>
				</outerBoundaryIs>
			</Polygon>
		</Placemark>
		<Placemark id="parcelles-des-personnes-morales_05_groupe_personne_4.83657">
		<styleUrl>#COM</styleUrl>			<visibility>0</visibility>
			<ExtendedData>
				<SchemaData schemaUrl="#parcelles-des-personnes-morales_05_groupe_personne_4.schema">
					<SimpleData name="Numero de Parcelle">051420000C0006</SimpleData>
					<SimpleData name="Departement">05</SimpleData>
					<SimpleData name="Commune">SAINT-FIRMIN</SimpleData>
					<SimpleData name="Adresse">COMBE FROIDE</SimpleData>
					<SimpleData name="Groupe de personne">Commune</SimpleData>
					<SimpleData name="Forme Juridique Abregee">COM</SimpleData>
					<SimpleData name="Denomination">COMMUNE DE SAINT FIRMIN</SimpleData>
				</SchemaData>
			</ExtendedData>
	<Region>
		<LatLonAltBox>
			<north> 44.8183726470465 </north>
			<south> 44.8163446758512 </south>
			<east> 6.029028181495551 </east>
			<west> 6.02629471778852 </west>
		</LatLonAltBox>
		<Lod>
			<minLodPixels>100</minLodPixels>
			<maxLodPixels>-1</maxLodPixels>
		</Lod>
	</Region>
			<Polygon><altitudeMode>relativeToGround</altitudeMode>
				<outerBoundaryIs>
					<LinearRing>
						<coordinates>							6.02699685766496,44.8163446758512,0 6.02679645629649,44.8163748334413,0 6.02667566213334,44.8163929969821,0 6.026682988743539,44.8164209077495,0 6.02643864500233,44.8164789333057,0 6.02645398218618,44.8165427549721,0 6.02629471778852,44.8165987283007,0 6.02645725806008,44.8167280884221,0 6.026903525317651,44.8170627867264,0 6.02696106581768,44.8171251859921,0 6.02712709768709,44.8173004903188,0 6.027176241890779,44.8174678133122,0 6.027193589489549,44.8173246234939,0 6.02753804874518,44.81740252469,0 6.027480624223821,44.8172365991925,0 6.02762166818654,44.8171478752658,0 6.02783730250749,44.8174402138557,0 6.02793575823012,44.8174350026091,0 6.02807324594535,44.8176936154794,0 6.02831908453333,44.817569323041,0 6.028435722954539,44.817675967842,0 6.02859270944157,44.8175706795764,0 6.02888509571379,44.8176476563714,0 6.02883881489594,44.817763616199,0 6.02845371713302,44.8177397167621,0 6.02831058149303,44.8178366077656,0 6.02850326715132,44.8178064780796,0 6.02887119464836,44.8178288641974,0 6.02889191601761,44.8179807452156,0 6.02862329744708,44.8180112376669,0 6.02850188482924,44.8180532060758,0 6.02842990119459,44.8181197728239,0 6.02827839621759,44.8180402988999,0 6.028306685985,44.8179991620937,0 6.028207984461021,44.8179059024905,0 6.027772192341391,44.8179701500969,0 6.02771731066543,44.817863169847,0 6.02759068056146,44.8180479058913,0 6.02750738012373,44.8180665782154,0 6.02752178363225,44.8180754651205,0 6.02768490165131,44.8181566952353,0 6.027841987471089,44.8182340353986,0 6.02794205860704,44.8183010392192,0 6.0279507871555,44.8183220641621,0 6.02837755936955,44.8183675321834,0 6.028718102448489,44.8183726470465,0 6.02895820122199,44.8183719452439,0 6.029028181495551,44.8172963272018,0 6.028594730104899,44.8171902277246,0 6.02722417695783,44.8168704121872,0 6.02695849353703,44.8165864665779,0 6.02699685766496,44.8163446758512,0 
						</coordinates>
					</LinearRing>
				</outerBoundaryIs>
			</Polygon>
		</Placemark>
		<Placemark id="parcelles-des-personnes-morales_05_groupe_personne_4.84204">
		<styleUrl>#COM</styleUrl>			<visibility>0</visibility>
			<ExtendedData>
				<SchemaData schemaUrl="#parcelles-des-personnes-morales_05_groupe_personne_4.schema">
					<SimpleData name="Numero de Parcelle">05142000AC0603</SimpleData>
					<SimpleData name="Departement">05</SimpleData>
					<SimpleData name="Commune">SAINT-FIRMIN</SimpleData>
					<SimpleData name="Adresse">LA TRINITE</SimpleData>
					<SimpleData name="Groupe de personne">Commune</SimpleData>
					<SimpleData name="Forme Juridique Abregee">COM</SimpleData>
					<SimpleData name="Denomination">COMMUNE DE SAINT FIRMIN</SimpleData>
				</SchemaData>
			</ExtendedData>
	<Region>
		<LatLonAltBox>
			<north> 44.7771681001337 </north>
			<south> 44.7768066049927 </south>
			<east> 5.98665684564854 </east>
			<west> 5.98544761482374 </west>
		</LatLonAltBox>
		<Lod>
			<minLodPixels>100</minLodPixels>
			<maxLodPixels>-1</maxLodPixels>
		</Lod>
	</Region>
			<Polygon><altitudeMode>relativeToGround</altitudeMode>
				<outerBoundaryIs>
					<LinearRing>
						<coordinates>							5.986536182396381,44.7768066049927,0 5.985953189298259,44.7769234037547,0 5.98544761482374,44.7769212596078,0 5.98546350036659,44.7771560711717,0 5.98585813603253,44.7771509338251,0 5.985932430612801,44.7771112718906,0 5.98598035092192,44.7771323242932,0 5.986036895862531,44.7771681001337,0 5.98616880936616,44.7771582385991,0 5.9863272830449,44.7770911711505,0 5.986434357912399,44.7769804409346,0 5.98665684564854,44.7768897544729,0 5.98659231097069,44.7768631137621,0 5.98655099565216,44.7768330542345,0 5.986536182396381,44.7768066049927,0 
						</coordinates>
					</LinearRing>
				</outerBoundaryIs>
			</Polygon>
		</Placemark>
		<Placemark id="parcelles-des-personnes-morales_05_groupe_personne_4.84660">
		<styleUrl>#COM</styleUrl>			<visibility>0</visibility>
			<ExtendedData>
				<SchemaData schemaUrl="#parcelles-des-personnes-morales_05_groupe_personne_4.schema">
					<SimpleData name="Numero de Parcelle">051420000D0609</SimpleData>
					<SimpleData name="Departement">05</SimpleData>
					<SimpleData name="Commune">SAINT-FIRMIN</SimpleData>
					<SimpleData name="Adresse">LES SAGNES</SimpleData>
					<SimpleData name="Groupe de personne">Commune</SimpleData>
					<SimpleData name="Forme Juridique Abregee">COM</SimpleData>
					<SimpleData name="Denomination">COMMUNE DE SAINT FIRMIN</SimpleData>
				</SchemaData>
			</ExtendedData>
	<Region>
		<LatLonAltBox>
			<north> 44.7894179618189 </north>
			<south> 44.7888972320146 </south>
			<east> 6.03900975358618 </east>
			<west> 6.038485643404799 </west>
		</LatLonAltBox>
		<Lod>
			<minLodPixels>100</minLodPixels>
			<maxLodPixels>-1</maxLodPixels>
		</Lod>
	</Region>
			<Polygon><altitudeMode>relativeToGround</altitudeMode>
				<outerBoundaryIs>
					<LinearRing>
						<coordinates>							6.03853678518579,44.7891785582553,0 6.03866511568313,44.7892307205805,0 6.0387371014052,44.7892095559682,0 6.03870711436319,44.7892633559349,0 6.03870099679648,44.7893491170286,0 6.03867435353058,44.7894179618189,0 6.03894146024864,44.7893948709454,0 6.03900975358618,44.7892235234516,0 6.038982407911561,44.7891623757554,0 6.03896861605835,44.7891319403167,0 6.038980650211201,44.7891041303614,0 6.03890026499233,44.7890705654964,0 6.038485643404799,44.7888972320146,0 6.03851634395035,44.7890110854125,0 6.03853678518579,44.7891785582553,0 
						</coordinates>
					</LinearRing>
				</outerBoundaryIs>
			</Polygon>
		</Placemark>
		<Placemark id="parcelles-des-personnes-morales_05_groupe_personne_4.84760">
		<styleUrl>#COM</styleUrl>			<visibility>0</visibility>
			<ExtendedData>
				<SchemaData schemaUrl="#parcelles-des-personnes-morales_05_groupe_personne_4.schema">
					<SimpleData name="Numero de Parcelle">05142000AC0061</SimpleData>
					<SimpleData name="Departement">05</SimpleData>
					<SimpleData name="Commune">SAINT-FIRMIN</SimpleData>
					<SimpleData name="Adresse">LA BROUE</SimpleData>
					<SimpleData name="Groupe de personne">Commune</SimpleData>
					<SimpleData name="Forme Juridique Abregee">COM</SimpleData>
					<SimpleData name="Denomination">COMMUNE DE SAINT FIRMIN</SimpleData>
				</SchemaData>
			</ExtendedData>
	<Region>
		<LatLonAltBox>
			<north> 44.7803766441589 </north>
			<south> 44.7802912026955 </south>
			<east> 5.99163674691639 </east>
			<west> 5.991509793317659 </west>
		</LatLonAltBox>
		<Lod>
			<minLodPixels>100</minLodPixels>
			<maxLodPixels>-1</maxLodPixels>
		</Lod>
	</Region>
			<Polygon><altitudeMode>relativeToGround</altitudeMode>
				<outerBoundaryIs>
					<LinearRing>
						<coordinates>							5.99156434897511,44.7802912026955,0 5.99152271312025,44.7803289056483,0 5.991509793317659,44.7803309662502,0 5.99162329101843,44.7803766441589,0 5.99163674691639,44.7803537569065,0 5.991631636556291,44.7803219108075,0 5.99156434897511,44.7802912026955,0 
						</coordinates>
					</LinearRing>
				</outerBoundaryIs>
			</Polygon>
		</Placemark>
		<Placemark id="parcelles-des-personnes-morales_05_groupe_personne_4.85619">
		<styleUrl>#COM</styleUrl>			<visibility>0</visibility>
			<ExtendedData>
				<SchemaData schemaUrl="#parcelles-des-personnes-morales_05_groupe_personne_4.schema">
					<SimpleData name="Numero de Parcelle">051420000A0620</SimpleData>
					<SimpleData name="Departement">05</SimpleData>
					<SimpleData name="Commune">SAINT-FIRMIN</SimpleData>
					<SimpleData name="Adresse">LES CHENAUX</SimpleData>
					<SimpleData name="Groupe de personne">Commune</SimpleData>
					<SimpleData name="Forme Juridique Abregee">COM</SimpleData>
					<SimpleData name="Denomination">COMMUNE DE SAINT FIRMIN</SimpleData>
				</SchemaData>
			</ExtendedData>
	<Region>
		<LatLonAltBox>
			<north> 44.7814485678387 </north>
			<south> 44.7806093502882 </south>
			<east> 5.990555595712961 </east>
			<west> 5.98983772790062 </west>
		</LatLonAltBox>
		<Lod>
			<minLodPixels>100</minLodPixels>
			<maxLodPixels>-1</maxLodPixels>
		</Lod>
	</Region>
			<Polygon><altitudeMode>relativeToGround</altitudeMode>
				<outerBoundaryIs>
					<LinearRing>
						<coordinates>							5.98990151456594,44.7808406172433,0 5.99007959065462,44.7808541920167,0 5.99009996626041,44.781046988037,0 5.99004182431652,44.7811216246181,0 5.990024370266511,44.7812572394215,0 5.990011292642649,44.7813039015753,0 5.98999686276233,44.7813465458977,0 5.99050981597672,44.7814485678387,0 5.99051956524266,44.781310818349,0 5.990555595712961,44.7810060425463,0 5.99045488206329,44.7811031809538,0 5.990433905251849,44.7811012243407,0 5.990395625842819,44.7810593716675,0 5.99034693018019,44.7809691482704,0 5.9903030941298,44.7808775323824,0 5.990266656969339,44.7808227462478,0 5.99020431371932,44.7807518112142,0 5.99015619139944,44.7807104042635,0 5.99011911556148,44.7806887906131,0 5.9900801565379,44.780676958121,0 5.9900365266178,44.7806676842356,0 5.989907685844851,44.7806474653455,0 5.989873731800119,44.7806345967846,0 5.98983772790062,44.7806093502882,0 5.98990151456594,44.7808406172433,0 
						</coordinates>
					</LinearRing>
				</outerBoundaryIs>
			</Polygon>
		</Placemark>
		<Placemark id="parcelles-des-personnes-morales_05_groupe_personne_4.85759">
		<styleUrl>#COM</styleUrl>			<visibility>0</visibility>
			<ExtendedData>
				<SchemaData schemaUrl="#parcelles-des-personnes-morales_05_groupe_personne_4.schema">
					<SimpleData name="Numero de Parcelle">051420000A0622</SimpleData>
					<SimpleData name="Departement">05</SimpleData>
					<SimpleData name="Commune">SAINT-FIRMIN</SimpleData>
					<SimpleData name="Adresse">LES CHENAUX</SimpleData>
					<SimpleData name="Groupe de personne">Commune</SimpleData>
					<SimpleData name="Forme Juridique Abregee">COM</SimpleData>
					<SimpleData name="Denomination">COMMUNE DE SAINT FIRMIN</SimpleData>
				</SchemaData>
			</ExtendedData>
	<Region>
		<LatLonAltBox>
			<north> 44.7804298243763 </north>
			<south> 44.7803068032255 </south>
			<east> 5.98961846200335 </east>
			<west> 5.98934216705362 </west>
		</LatLonAltBox>
		<Lod>
			<minLodPixels>100</minLodPixels>
			<maxLodPixels>-1</maxLodPixels>
		</Lod>
	</Region>
			<Polygon><altitudeMode>relativeToGround</altitudeMode>
				<outerBoundaryIs>
					<LinearRing>
						<coordinates>							5.98961846200335,44.7804016486487,0 5.98954738494692,44.7803068032255,0 5.9893717029918,44.7803263183383,0 5.989374446454841,44.7803636341084,0 5.98936333128719,44.7803924943395,0 5.98934216705362,44.7804298243763,0 5.98961846200335,44.7804016486487,0 
						</coordinates>
					</LinearRing>
				</outerBoundaryIs>
			</Polygon>
		</Placemark>
		<Placemark id="parcelles-des-personnes-morales_05_groupe_personne_4.86055">
		<styleUrl>#COM</styleUrl>			<visibility>0</visibility>
			<ExtendedData>
				<SchemaData schemaUrl="#parcelles-des-personnes-morales_05_groupe_personne_4.schema">
					<SimpleData name="Numero de Parcelle">051420000C0627</SimpleData>
					<SimpleData name="Departement">05</SimpleData>
					<SimpleData name="Commune">SAINT-FIRMIN</SimpleData>
					<SimpleData name="Adresse">LE SERRE</SimpleData>
					<SimpleData name="Groupe de personne">Commune</SimpleData>
					<SimpleData name="Forme Juridique Abregee">COM</SimpleData>
					<SimpleData name="Denomination">COMMUNE DE SAINT FIRMIN</SimpleData>
				</SchemaData>
			</ExtendedData>
	<Region>
		<LatLonAltBox>
			<north> 44.7942744002375 </north>
			<south> 44.7941655553135 </south>
			<east> 6.02625776146901 </east>
			<west> 6.02607943607888 </west>
		</LatLonAltBox>
		<Lod>
			<minLodPixels>100</minLodPixels>
			<maxLodPixels>-1</maxLodPixels>
		</Lod>
	</Region>
			<Polygon><altitudeMode>relativeToGround</altitudeMode>
				<outerBoundaryIs>
					<LinearRing>
						<coordinates>							6.02608240607997,44.7942744002375,0 6.02625776146901,44.7941823979207,0 6.026194853368161,44.7941655553135,0 6.02607943607888,44.7942215938687,0 6.02608240607997,44.7942744002375,0 
						</coordinates>
					</LinearRing>
				</outerBoundaryIs>
			</Polygon>
		</Placemark>
		<Placemark id="parcelles-des-personnes-morales_05_groupe_personne_4.86630">
		<styleUrl>#COM</styleUrl>			<visibility>0</visibility>
			<ExtendedData>
				<SchemaData schemaUrl="#parcelles-des-personnes-morales_05_groupe_personne_4.schema">
					<SimpleData name="Numero de Parcelle">05142000AE0634</SimpleData>
					<SimpleData name="Departement">05</SimpleData>
					<SimpleData name="Commune">SAINT-FIRMIN</SimpleData>
					<SimpleData name="Adresse">29, RUE DU REVEREND PERE HOSTACHY</SimpleData>
					<SimpleData name="Groupe de personne">Commune</SimpleData>
					<SimpleData name="Forme Juridique Abregee">COM</SimpleData>
					<SimpleData name="Denomination">COMMUNE DE SAINT FIRMIN</SimpleData>
				</SchemaData>
			</ExtendedData>
	<Region>
		<LatLonAltBox>
			<north> 44.7816270815116 </north>
			<south> 44.7815767838954 </south>
			<east> 6.028587562409801 </east>
			<west> 6.02851527054254 </west>
		</LatLonAltBox>
		<Lod>
			<minLodPixels>100</minLodPixels>
			<maxLodPixels>-1</maxLodPixels>
		</Lod>
	</Region>
			<Polygon><altitudeMode>relativeToGround</altitudeMode>
				<outerBoundaryIs>
					<LinearRing>
						<coordinates>							6.02851527054254,44.7815767838954,0 6.028519521934781,44.781613427526,0 6.02852101662198,44.7816270815116,0 6.02857062599232,44.7816250950265,0 6.028587562409801,44.7816248123518,0 6.02858514469652,44.7816104628122,0 6.02858006690909,44.7815772654769,0 6.02851527054254,44.7815767838954,0 
						</coordinates>
					</LinearRing>
				</outerBoundaryIs>
			</Polygon>
		</Placemark>
		<Placemark id="parcelles-des-personnes-morales_05_groupe_personne_4.87480">
		<styleUrl>#COM</styleUrl>			<visibility>0</visibility>
			<ExtendedData>
				<SchemaData schemaUrl="#parcelles-des-personnes-morales_05_groupe_personne_4.schema">
					<SimpleData name="Numero de Parcelle">051420000D0646</SimpleData>
					<SimpleData name="Departement">05</SimpleData>
					<SimpleData name="Commune">SAINT-FIRMIN</SimpleData>
					<SimpleData name="Adresse">PIERRE GROSSE</SimpleData>
					<SimpleData name="Groupe de personne">Commune</SimpleData>
					<SimpleData name="Forme Juridique Abregee">COM</SimpleData>
					<SimpleData name="Denomination">COMMUNE DE SAINT FIRMIN</SimpleData>
				</SchemaData>
			</ExtendedData>
	<Region>
		<LatLonAltBox>
			<north> 44.7875250403389 </north>
			<south> 44.7873098349987 </south>
			<east> 6.03738109229219 </east>
			<west> 6.03707062632288 </west>
		</LatLonAltBox>
		<Lod>
			<minLodPixels>100</minLodPixels>
			<maxLodPixels>-1</maxLodPixels>
		</Lod>
	</Region>
			<Polygon><altitudeMode>relativeToGround</altitudeMode>
				<outerBoundaryIs>
					<LinearRing>
						<coordinates>							6.03717484934542,44.7874685248252,0 6.0373399417875,44.7875127434979,0 6.03738109229219,44.7875250403389,0 6.037295353603609,44.7874227861427,0 6.037229509112629,44.7873726040098,0 6.0371583690333,44.7873391450252,0 6.03707062632288,44.7873098349987,0 6.037080311037129,44.7873438969935,0 6.03717484934542,44.7874685248252,0 
						</coordinates>
					</LinearRing>
				</outerBoundaryIs>
			</Polygon>
		</Placemark>
		<Placemark id="parcelles-des-personnes-morales_05_groupe_personne_4.87935">
		<styleUrl>#COM</styleUrl>			<visibility>0</visibility>
			<ExtendedData>
				<SchemaData schemaUrl="#parcelles-des-personnes-morales_05_groupe_personne_4.schema">
					<SimpleData name="Numero de Parcelle">051420000D0651</SimpleData>
					<SimpleData name="Departement">05</SimpleData>
					<SimpleData name="Commune">SAINT-FIRMIN</SimpleData>
					<SimpleData name="Adresse">PIERRE GROSSE</SimpleData>
					<SimpleData name="Groupe de personne">Commune</SimpleData>
					<SimpleData name="Forme Juridique Abregee">COM</SimpleData>
					<SimpleData name="Denomination">COMMUNE DE SAINT FIRMIN</SimpleData>
				</SchemaData>
			</ExtendedData>
	<Region>
		<LatLonAltBox>
			<north> 44.7908189219017 </north>
			<south> 44.7894572637802 </south>
			<east> 6.03584428004984 </east>
			<west> 6.034819805626279 </west>
		</LatLonAltBox>
		<Lod>
			<minLodPixels>100</minLodPixels>
			<maxLodPixels>-1</maxLodPixels>
		</Lod>
	</Region>
			<Polygon><altitudeMode>relativeToGround</altitudeMode>
				<outerBoundaryIs>
					<LinearRing>
						<coordinates>							6.034819805626279,44.7894572637802,0 6.03487958090633,44.789552031953,0 6.03495708650974,44.7897174020038,0 6.03505848043829,44.7898260768165,0 6.0351776443463,44.7899685923056,0 6.03538749939842,44.7902464741257,0 6.03555737042021,44.7905195943656,0 6.03560103507442,44.7906369676479,0 6.03570110537367,44.7907538771747,0 6.0357243568265,44.7908189219017,0 6.03574623760076,44.790774264568,0 6.035762087802591,44.7906624690602,0 6.03578683535252,44.7906076421988,0 6.03582303105559,44.7905516007736,0 6.03584428004984,44.7905233585953,0 6.03577559531843,44.790439376362,0 6.035616671344459,44.7903010137684,0 6.03552271482475,44.7902106058206,0 6.03539163495536,44.7900630111105,0 6.035303835968251,44.7899038696753,0 6.03524075040847,44.7898368524754,0 6.03515832085985,44.7897771223501,0 6.03502379236482,44.789701520029,0 6.03499984741017,44.7896282952762,0 6.03496781186276,44.789583312589,0 6.03491789013883,44.7895327831053,0 6.034819805626279,44.7894572637802,0 
						</coordinates>
					</LinearRing>
				</outerBoundaryIs>
			</Polygon>
		</Placemark>
		<Placemark id="parcelles-des-personnes-morales_05_groupe_personne_4.88212">
		<styleUrl>#COM</styleUrl>			<visibility>0</visibility>
			<ExtendedData>
				<SchemaData schemaUrl="#parcelles-des-personnes-morales_05_groupe_personne_4.schema">
					<SimpleData name="Numero de Parcelle">051420000D0655</SimpleData>
					<SimpleData name="Departement">05</SimpleData>
					<SimpleData name="Commune">SAINT-FIRMIN</SimpleData>
					<SimpleData name="Adresse">PIERRE GROSSE</SimpleData>
					<SimpleData name="Groupe de personne">Commune</SimpleData>
					<SimpleData name="Forme Juridique Abregee">COM</SimpleData>
					<SimpleData name="Denomination">COMMUNE DE SAINT FIRMIN</SimpleData>
				</SchemaData>
			</ExtendedData>
	<Region>
		<LatLonAltBox>
			<north> 44.7883670777881 </north>
			<south> 44.7880161331699 </south>
			<east> 6.037657151756719 </east>
			<west> 6.03722560193256 </west>
		</LatLonAltBox>
		<Lod>
			<minLodPixels>100</minLodPixels>
			<maxLodPixels>-1</maxLodPixels>
		</Lod>
	</Region>
			<Polygon><altitudeMode>relativeToGround</altitudeMode>
				<outerBoundaryIs>
					<LinearRing>
						<coordinates>							6.03742150774208,44.7883595032056,0 6.03746994651524,44.7883474539721,0 6.037531286442101,44.7883517192957,0 6.03760208236687,44.7883670777881,0 6.03763688541672,44.7883181015543,0 6.037647053964019,44.7882838558277,0 6.037657151756719,44.7881780740697,0 6.03728693231832,44.7880161331699,0 6.03728356153437,44.7882136306587,0 6.037255147900121,44.7882661256965,0 6.03722560193256,44.7883140567506,0 6.03730647986236,44.788321660983,0 6.03742150774208,44.7883595032056,0 
						</coordinates>
					</LinearRing>
				</outerBoundaryIs>
			</Polygon>
		</Placemark>
		<Placemark id="parcelles-des-personnes-morales_05_groupe_personne_4.88280">
		<styleUrl>#COM</styleUrl>			<visibility>0</visibility>
			<ExtendedData>
				<SchemaData schemaUrl="#parcelles-des-personnes-morales_05_groupe_personne_4.schema">
					<SimpleData name="Numero de Parcelle">051420000C0656</SimpleData>
					<SimpleData name="Departement">05</SimpleData>
					<SimpleData name="Commune">SAINT-FIRMIN</SimpleData>
					<SimpleData name="Adresse">LE SERRE</SimpleData>
					<SimpleData name="Groupe de personne">Commune</SimpleData>
					<SimpleData name="Forme Juridique Abregee">COM</SimpleData>
					<SimpleData name="Denomination">COMMUNE DE SAINT FIRMIN</SimpleData>
				</SchemaData>
			</ExtendedData>
	<Region>
		<LatLonAltBox>
			<north> 44.7968842877896 </north>
			<south> 44.7954019304865 </south>
			<east> 6.02588511348335 </east>
			<west> 6.025255912305189 </west>
		</LatLonAltBox>
		<Lod>
			<minLodPixels>100</minLodPixels>
			<maxLodPixels>-1</maxLodPixels>
		</Lod>
	</Region>
			<Polygon><altitudeMode>relativeToGround</altitudeMode>
				<outerBoundaryIs>
					<LinearRing>
						<coordinates>							6.02566665497552,44.7962821390456,0 6.02569575290878,44.7958472530115,0 6.025761765971439,44.795736072168,0 6.02588511348335,44.7954770972277,0 6.025876131264589,44.7954019304865,0 6.025857343070101,44.7954078492556,0 6.02584131761881,44.7954274775817,0 6.0257868877082,44.7955540193139,0 6.025554056582921,44.7960897901646,0 6.025255912305189,44.7967545613505,0 6.02533680093247,44.7967880324341,0 6.0255205294591,44.7968842877896,0 6.0257409658807,44.7966352766258,0 6.0257133626295,44.7965526895228,0 6.025653691772769,44.7963515980014,0 6.02561747036037,44.7963369096721,0 6.02565853413336,44.7962840725769,0 6.02566665497552,44.7962821390456,0 
						</coordinates>
					</LinearRing>
				</outerBoundaryIs>
			</Polygon>
		</Placemark>
		<Placemark id="parcelles-des-personnes-morales_05_groupe_personne_4.88629">
		<styleUrl>#COM</styleUrl>			<visibility>0</visibility>
			<ExtendedData>
				<SchemaData schemaUrl="#parcelles-des-personnes-morales_05_groupe_personne_4.schema">
					<SimpleData name="Numero de Parcelle">051420000D0660</SimpleData>
					<SimpleData name="Departement">05</SimpleData>
					<SimpleData name="Commune">SAINT-FIRMIN</SimpleData>
					<SimpleData name="Adresse">PIERRE GROSSE</SimpleData>
					<SimpleData name="Groupe de personne">Commune</SimpleData>
					<SimpleData name="Forme Juridique Abregee">COM</SimpleData>
					<SimpleData name="Denomination">COMMUNE DE SAINT FIRMIN</SimpleData>
				</SchemaData>
			</ExtendedData>
	<Region>
		<LatLonAltBox>
			<north> 44.7873595894856 </north>
			<south> 44.7871242139835 </south>
			<east> 6.037277009279821 </east>
			<west> 6.03712052609763 </west>
		</LatLonAltBox>
		<Lod>
			<minLodPixels>100</minLodPixels>
			<maxLodPixels>-1</maxLodPixels>
		</Lod>
	</Region>
			<Polygon><altitudeMode>relativeToGround</altitudeMode>
				<outerBoundaryIs>
					<LinearRing>
						<coordinates>							6.037277009279821,44.7873595894856,0 6.03726432478688,44.7872700191545,0 6.03724331337397,44.7872183380556,0 6.037272610294451,44.7871494209551,0 6.03723898609346,44.7871242139835,0 6.03719423191778,44.7871552629689,0 6.03714236063017,44.7872278620253,0 6.03712052609763,44.7872733292647,0 6.03712651779871,44.7872975816639,0 6.03714935974915,44.7873082179612,0 6.03721377943223,44.7873250127691,0 6.037277009279821,44.7873595894856,0 
						</coordinates>
					</LinearRing>
				</outerBoundaryIs>
			</Polygon>
		</Placemark>
		<Placemark id="parcelles-des-personnes-morales_05_groupe_personne_4.88834">
		<styleUrl>#COM</styleUrl>			<visibility>0</visibility>
			<ExtendedData>
				<SchemaData schemaUrl="#parcelles-des-personnes-morales_05_groupe_personne_4.schema">
					<SimpleData name="Numero de Parcelle">051420000C0663</SimpleData>
					<SimpleData name="Departement">05</SimpleData>
					<SimpleData name="Commune">SAINT-FIRMIN</SimpleData>
					<SimpleData name="Adresse">LE SERRE</SimpleData>
					<SimpleData name="Groupe de personne">Commune</SimpleData>
					<SimpleData name="Forme Juridique Abregee">COM</SimpleData>
					<SimpleData name="Denomination">COMMUNE DE SAINT FIRMIN</SimpleData>
				</SchemaData>
			</ExtendedData>
	<Region>
		<LatLonAltBox>
			<north> 44.7970478933547 </north>
			<south> 44.7967946428565 </south>
			<east> 6.025472315596629 </east>
			<west> 6.025120413825271 </west>
		</LatLonAltBox>
		<Lod>
			<minLodPixels>100</minLodPixels>
			<maxLodPixels>-1</maxLodPixels>
		</Lod>
	</Region>
			<Polygon><altitudeMode>relativeToGround</altitudeMode>
				<outerBoundaryIs>
					<LinearRing>
						<coordinates>							6.025472315596629,44.7969147955043,0 6.0254112601733,44.7968760079956,0 6.025239848501649,44.7967946428565,0 6.025120413825271,44.7970441400649,0 6.02522058194408,44.7970478933547,0 6.02543889766245,44.7969286817274,0 6.025472315596629,44.7969147955043,0 
						</coordinates>
					</LinearRing>
				</outerBoundaryIs>
			</Polygon>
		</Placemark>
		<Placemark id="parcelles-des-personnes-morales_05_groupe_personne_4.88901">
		<styleUrl>#COM</styleUrl>			<visibility>0</visibility>
			<ExtendedData>
				<SchemaData schemaUrl="#parcelles-des-personnes-morales_05_groupe_personne_4.schema">
					<SimpleData name="Numero de Parcelle">051420000C0664</SimpleData>
					<SimpleData name="Departement">05</SimpleData>
					<SimpleData name="Commune">SAINT-FIRMIN</SimpleData>
					<SimpleData name="Adresse">LES LISTES</SimpleData>
					<SimpleData name="Groupe de personne">Commune</SimpleData>
					<SimpleData name="Forme Juridique Abregee">COM</SimpleData>
					<SimpleData name="Denomination">COMMUNE DE SAINT FIRMIN</SimpleData>
				</SchemaData>
			</ExtendedData>
	<Region>
		<LatLonAltBox>
			<north> 44.796974354033 </north>
			<south> 44.7967103196137 </south>
			<east> 6.02504839214644 </east>
			<west> 6.02490938967805 </west>
		</LatLonAltBox>
		<Lod>
			<minLodPixels>100</minLodPixels>
			<maxLodPixels>-1</maxLodPixels>
		</Lod>
	</Region>
			<Polygon><altitudeMode>relativeToGround</altitudeMode>
				<outerBoundaryIs>
					<LinearRing>
						<coordinates>							6.02496552879144,44.7967103196137,0 6.02491688370259,44.796836252529,0 6.02490938967805,44.7968380787995,0 6.02493077105035,44.796974354033,0 6.02495122183292,44.7969687504546,0 6.02504839214644,44.7967334658488,0 6.02496552879144,44.7967103196137,0 
						</coordinates>
					</LinearRing>
				</outerBoundaryIs>
			</Polygon>
		</Placemark>
		<Placemark id="parcelles-des-personnes-morales_05_groupe_personne_4.88950">
		<styleUrl>#COM</styleUrl>			<visibility>0</visibility>
			<ExtendedData>
				<SchemaData schemaUrl="#parcelles-des-personnes-morales_05_groupe_personne_4.schema">
					<SimpleData name="Numero de Parcelle">051420000D0665</SimpleData>
					<SimpleData name="Departement">05</SimpleData>
					<SimpleData name="Commune">SAINT-FIRMIN</SimpleData>
					<SimpleData name="Adresse">PIERRE GROSSE</SimpleData>
					<SimpleData name="Groupe de personne">Commune</SimpleData>
					<SimpleData name="Forme Juridique Abregee">COM</SimpleData>
					<SimpleData name="Denomination">COMMUNE DE SAINT FIRMIN</SimpleData>
				</SchemaData>
			</ExtendedData>
	<Region>
		<LatLonAltBox>
			<north> 44.7878573598843 </north>
			<south> 44.7874623366042 </south>
			<east> 6.03874712728084 </east>
			<west> 6.03837518311311 </west>
		</LatLonAltBox>
		<Lod>
			<minLodPixels>100</minLodPixels>
			<maxLodPixels>-1</maxLodPixels>
		</Lod>
	</Region>
			<Polygon><altitudeMode>relativeToGround</altitudeMode>
				<outerBoundaryIs>
					<LinearRing>
						<coordinates>							6.03863808639294,44.787506891109,0 6.03852141616087,44.7877241632675,0 6.03837518311311,44.7878439486142,0 6.03839210261757,44.7878573598843,0 6.038466495128069,44.7878058564262,0 6.03857509403213,44.7877481893794,0 6.03865369500635,44.7877136890675,0 6.038681635250071,44.7876524670893,0 6.03874712728084,44.787543995093,0 6.03872719395153,44.7875076013685,0 6.038675910494401,44.7874623366042,0 6.03863808639294,44.787506891109,0 
						</coordinates>
					</LinearRing>
				</outerBoundaryIs>
			</Polygon>
		</Placemark>
		<Placemark id="parcelles-des-personnes-morales_05_groupe_personne_4.88961">
		<styleUrl>#COM</styleUrl>			<visibility>0</visibility>
			<ExtendedData>
				<SchemaData schemaUrl="#parcelles-des-personnes-morales_05_groupe_personne_4.schema">
					<SimpleData name="Numero de Parcelle">051420000C0665</SimpleData>
					<SimpleData name="Departement">05</SimpleData>
					<SimpleData name="Commune">SAINT-FIRMIN</SimpleData>
					<SimpleData name="Adresse">LES LISTES</SimpleData>
					<SimpleData name="Groupe de personne">Commune</SimpleData>
					<SimpleData name="Forme Juridique Abregee">COM</SimpleData>
					<SimpleData name="Denomination">COMMUNE DE SAINT FIRMIN</SimpleData>
				</SchemaData>
			</ExtendedData>
	<Region>
		<LatLonAltBox>
			<north> 44.7974460923984 </north>
			<south> 44.7969687504546 </south>
			<east> 6.02495122183292 </east>
			<west> 6.02466385666408 </west>
		</LatLonAltBox>
		<Lod>
			<minLodPixels>100</minLodPixels>
			<maxLodPixels>-1</maxLodPixels>
		</Lod>
	</Region>
			<Polygon><altitudeMode>relativeToGround</altitudeMode>
				<outerBoundaryIs>
					<LinearRing>
						<coordinates>							6.02493077105035,44.796974354033,0 6.024785890090289,44.7970144369401,0 6.02481243714836,44.7971761590424,0 6.02466385666408,44.7974460923984,0 6.02474467788326,44.7974289307497,0 6.02490368675694,44.7971599740634,0 6.02493810923316,44.7970001920729,0 6.02495122183292,44.7969687504546,0 6.02493077105035,44.796974354033,0 
						</coordinates>
					</LinearRing>
				</outerBoundaryIs>
			</Polygon>
		</Placemark>
		<Placemark id="parcelles-des-personnes-morales_05_groupe_personne_4.89017">
		<styleUrl>#COM</styleUrl>			<visibility>0</visibility>
			<ExtendedData>
				<SchemaData schemaUrl="#parcelles-des-personnes-morales_05_groupe_personne_4.schema">
					<SimpleData name="Numero de Parcelle">051420000D0666</SimpleData>
					<SimpleData name="Departement">05</SimpleData>
					<SimpleData name="Commune">SAINT-FIRMIN</SimpleData>
					<SimpleData name="Adresse">LES BLACHES</SimpleData>
					<SimpleData name="Groupe de personne">Commune</SimpleData>
					<SimpleData name="Forme Juridique Abregee">COM</SimpleData>
					<SimpleData name="Denomination">COMMUNE DE SAINT FIRMIN</SimpleData>
				</SchemaData>
			</ExtendedData>
	<Region>
		<LatLonAltBox>
			<north> 44.788120643113 </north>
			<south> 44.7877456205932 </south>
			<east> 6.03864846384964 </east>
			<west> 6.03797703400732 </west>
		</LatLonAltBox>
		<Lod>
			<minLodPixels>100</minLodPixels>
			<maxLodPixels>-1</maxLodPixels>
		</Lod>
	</Region>
			<Polygon><altitudeMode>relativeToGround</altitudeMode>
				<outerBoundaryIs>
					<LinearRing>
						<coordinates>							6.038499960702279,44.788120643113,0 6.03861309263317,44.7879572566284,0 6.03863784016797,44.7878861212929,0 6.03864846384964,44.7877479797232,0 6.03862277942049,44.7877456205932,0 6.03848090271446,44.7878219493985,0 6.03829884013118,44.7879553306964,0 6.03797703400732,44.7881109224023,0 6.038499960702279,44.788120643113,0 
						</coordinates>
					</LinearRing>
				</outerBoundaryIs>
			</Polygon>
		</Placemark>
		<Placemark id="parcelles-des-personnes-morales_05_groupe_personne_4.89416">
		<styleUrl>#COM</styleUrl>			<visibility>0</visibility>
			<ExtendedData>
				<SchemaData schemaUrl="#parcelles-des-personnes-morales_05_groupe_personne_4.schema">
					<SimpleData name="Numero de Parcelle">051420000D0670</SimpleData>
					<SimpleData name="Departement">05</SimpleData>
					<SimpleData name="Commune">SAINT-FIRMIN</SimpleData>
					<SimpleData name="Adresse">LES BLACHES</SimpleData>
					<SimpleData name="Groupe de personne">Commune</SimpleData>
					<SimpleData name="Forme Juridique Abregee">COM</SimpleData>
					<SimpleData name="Denomination">COMMUNE DE SAINT FIRMIN</SimpleData>
				</SchemaData>
			</ExtendedData>
	<Region>
		<LatLonAltBox>
			<north> 44.7894474757186 </north>
			<south> 44.7888931605703 </south>
			<east> 6.03853678518579 </east>
			<west> 6.0381553149104 </west>
		</LatLonAltBox>
		<Lod>
			<minLodPixels>100</minLodPixels>
			<maxLodPixels>-1</maxLodPixels>
		</Lod>
	</Region>
			<Polygon><altitudeMode>relativeToGround</altitudeMode>
				<outerBoundaryIs>
					<LinearRing>
						<coordinates>							6.03831749861688,44.7894238710221,0 6.038347115858239,44.7894474757186,0 6.03849847641398,44.7892703374839,0 6.03852945912339,44.7892045272122,0 6.03853678518579,44.7891785582553,0 6.03851634395035,44.7890110854125,0 6.038485643404799,44.7888972320146,0 6.03844025500944,44.7888931605703,0 6.038442725282989,44.7889294925415,0 6.03843606395765,44.7889373335163,0 6.038356001950529,44.7889425016612,0 6.03826856296743,44.7889282305616,0 6.03819929776326,44.7889341837894,0 6.0381553149104,44.7890614369384,0 6.038156769463759,44.7890977066587,0 6.0382022280388,44.7892458434049,0 6.03825905862143,44.7893258244094,0 6.03831563622873,44.7893964421071,0 6.03831749861688,44.7894238710221,0 
						</coordinates>
					</LinearRing>
				</outerBoundaryIs>
			</Polygon>
		</Placemark>
		<Placemark id="parcelles-des-personnes-morales_05_groupe_personne_4.89865">
		<styleUrl>#COM</styleUrl>			<visibility>0</visibility>
			<ExtendedData>
				<SchemaData schemaUrl="#parcelles-des-personnes-morales_05_groupe_personne_4.schema">
					<SimpleData name="Numero de Parcelle">051420000C0677</SimpleData>
					<SimpleData name="Departement">05</SimpleData>
					<SimpleData name="Commune">SAINT-FIRMIN</SimpleData>
					<SimpleData name="Adresse">LA TURGE</SimpleData>
					<SimpleData name="Groupe de personne">Commune</SimpleData>
					<SimpleData name="Forme Juridique Abregee">COM</SimpleData>
					<SimpleData name="Denomination">COMMUNE DE SAINT FIRMIN</SimpleData>
				</SchemaData>
			</ExtendedData>
	<Region>
		<LatLonAltBox>
			<north> 44.7966840642776 </north>
			<south> 44.7955342177306 </south>
			<east> 6.025604622044711 </east>
			<west> 6.024902577416709 </west>
		</LatLonAltBox>
		<Lod>
			<minLodPixels>100</minLodPixels>
			<maxLodPixels>-1</maxLodPixels>
		</Lod>
	</Region>
			<Polygon><altitudeMode>relativeToGround</altitudeMode>
				<outerBoundaryIs>
					<LinearRing>
						<coordinates>							6.02506698776333,44.7961457002503,0 6.02491054230193,44.7962412388844,0 6.024902577416709,44.7965751788331,0 6.02504713927416,44.7965197878118,0 6.02498766430179,44.7966607923711,0 6.025082428978231,44.7966840642776,0 6.025604622044711,44.7955342177306,0 6.0255544810556,44.7955594623277,0 6.02536275902307,44.7957259706063,0 6.02520354516364,44.7961132321194,0 6.02506698776333,44.7961457002503,0 
						</coordinates>
					</LinearRing>
				</outerBoundaryIs>
			</Polygon>
		</Placemark>
		<Placemark id="parcelles-des-personnes-morales_05_groupe_personne_4.90263">
		<styleUrl>#COM</styleUrl>			<visibility>0</visibility>
			<ExtendedData>
				<SchemaData schemaUrl="#parcelles-des-personnes-morales_05_groupe_personne_4.schema">
					<SimpleData name="Numero de Parcelle">05142000AE0682</SimpleData>
					<SimpleData name="Departement">05</SimpleData>
					<SimpleData name="Commune">SAINT-FIRMIN</SimpleData>
					<SimpleData name="Adresse">LE BOURG</SimpleData>
					<SimpleData name="Groupe de personne">Commune</SimpleData>
					<SimpleData name="Forme Juridique Abregee">COM</SimpleData>
					<SimpleData name="Denomination">COMMUNE DE SAINT FIRMIN</SimpleData>
				</SchemaData>
			</ExtendedData>
	<Region>
		<LatLonAltBox>
			<north> 44.7810868719604 </north>
			<south> 44.7809325913382 </south>
			<east> 6.027431130875441 </east>
			<west> 6.02725089854108 </west>
		</LatLonAltBox>
		<Lod>
			<minLodPixels>100</minLodPixels>
			<maxLodPixels>-1</maxLodPixels>
		</Lod>
	</Region>
			<Polygon><altitudeMode>relativeToGround</altitudeMode>
				<outerBoundaryIs>
					<LinearRing>
						<coordinates>							6.027431130875441,44.7810249178528,0 6.02738032859039,44.7809812569852,0 6.02737373653494,44.7809763015166,0 6.027311546396,44.7809325913382,0 6.02725089854108,44.7810067766469,0 6.02729194556396,44.7810478209509,0 6.02733010221661,44.7810868719604,0 6.027431130875441,44.7810249178528,0 
						</coordinates>
					</LinearRing>
				</outerBoundaryIs>
			</Polygon>
		</Placemark>
		<Placemark id="parcelles-des-personnes-morales_05_groupe_personne_4.90292">
		<styleUrl>#COM</styleUrl>			<visibility>0</visibility>
			<ExtendedData>
				<SchemaData schemaUrl="#parcelles-des-personnes-morales_05_groupe_personne_4.schema">
					<SimpleData name="Numero de Parcelle">051420000D0682</SimpleData>
					<SimpleData name="Departement">05</SimpleData>
					<SimpleData name="Commune">SAINT-FIRMIN</SimpleData>
					<SimpleData name="Adresse">LES BLACHES</SimpleData>
					<SimpleData name="Groupe de personne">Commune</SimpleData>
					<SimpleData name="Forme Juridique Abregee">COM</SimpleData>
					<SimpleData name="Denomination">COMMUNE DE SAINT FIRMIN</SimpleData>
				</SchemaData>
			</ExtendedData>
	<Region>
		<LatLonAltBox>
			<north> 44.7922402976535 </north>
			<south> 44.7911626977563 </south>
			<east> 6.03756026688564 </east>
			<west> 6.03572419311248 </west>
		</LatLonAltBox>
		<Lod>
			<minLodPixels>100</minLodPixels>
			<maxLodPixels>-1</maxLodPixels>
		</Lod>
	</Region>
			<Polygon><altitudeMode>relativeToGround</altitudeMode>
				<outerBoundaryIs>
					<LinearRing>
						<coordinates>							6.03672403407889,44.7915025915908,0 6.036164726262331,44.7912509534293,0 6.03614679957527,44.7911626977563,0 6.035752123841701,44.7912041420534,0 6.0357256799754,44.7912182008841,0 6.03572419311248,44.7912351800719,0 6.03610204919829,44.7914608873759,0 6.036240178885581,44.7915117030197,0 6.0363086268652,44.7915491107451,0 6.03632126119634,44.7915675050623,0 6.03630814159991,44.7915963355182,0 6.03625962207335,44.7916116299228,0 6.03617313206407,44.7916126477626,0 6.03597220652855,44.7916290535553,0 6.03595551992501,44.7916433857585,0 6.03595502444385,44.7916646625128,0 6.03610421481833,44.7917750005992,0 6.036201765937779,44.7918686433651,0 6.03629643592538,44.7919698431398,0 6.03631158269679,44.791994926005,0 6.03640832566864,44.7919471364856,0 6.036539182863691,44.7920202251151,0 6.03667213911962,44.7920689295573,0 6.036883375235661,44.7921613490456,0 6.03708970861817,44.7922402976535,0 6.03721999364052,44.7921412233514,0 6.03756026688564,44.7918773706319,0 6.03672403407889,44.7915025915908,0 
						</coordinates>
					</LinearRing>
				</outerBoundaryIs>
			</Polygon>
		</Placemark>
		<Placemark id="parcelles-des-personnes-morales_05_groupe_personne_4.90351">
		<styleUrl>#COM</styleUrl>			<visibility>0</visibility>
			<ExtendedData>
				<SchemaData schemaUrl="#parcelles-des-personnes-morales_05_groupe_personne_4.schema">
					<SimpleData name="Numero de Parcelle">051420000D0683</SimpleData>
					<SimpleData name="Departement">05</SimpleData>
					<SimpleData name="Commune">SAINT-FIRMIN</SimpleData>
					<SimpleData name="Adresse">LES BLACHES</SimpleData>
					<SimpleData name="Groupe de personne">Commune</SimpleData>
					<SimpleData name="Forme Juridique Abregee">COM</SimpleData>
					<SimpleData name="Denomination">COMMUNE DE SAINT FIRMIN</SimpleData>
				</SchemaData>
			</ExtendedData>
	<Region>
		<LatLonAltBox>
			<north> 44.7916168426908 </north>
			<south> 44.7905233585953 </south>
			<east> 6.03625962634972 </east>
			<west> 6.035592342727929 </west>
		</LatLonAltBox>
		<Lod>
			<minLodPixels>100</minLodPixels>
			<maxLodPixels>-1</maxLodPixels>
		</Lod>
	</Region>
			<Polygon><altitudeMode>relativeToGround</altitudeMode>
				<outerBoundaryIs>
					<LinearRing>
						<coordinates>							6.03584428004984,44.7905233585953,0 6.03582303105559,44.7905516007736,0 6.03578683535252,44.7906076421988,0 6.035762087802591,44.7906624690602,0 6.03574623760076,44.790774264568,0 6.0357243568265,44.7908189219017,0 6.035654851118119,44.7909071397099,0 6.03561622569766,44.7911313708579,0 6.035592342727929,44.7912139242461,0 6.03559657520469,44.7912805710917,0 6.03563559506213,44.7913822143391,0 6.035693143391259,44.7914848817675,0 6.03575739748472,44.791533666967,0 6.03586634707005,44.7915666319792,0 6.035927894807871,44.7916168426908,0 6.03600621133329,44.7915910016243,0 6.03621434303265,44.7915768310127,0 6.03625962634972,44.7915672113728,0 6.03625535005513,44.7915559761413,0 6.03610880398079,44.7915016069382,0 6.0358012706581,44.7913222661355,0 6.03565413757291,44.7912288999207,0 6.03567964358882,44.7911998203947,0 6.0357323467032,44.7911823393938,0 6.03584305437826,44.7911705675394,0 6.03596709564998,44.7911503215005,0 6.03616922449649,44.7911281164232,0 6.036245484833601,44.7911063859174,0 6.03624176712951,44.7910750434817,0 6.03621232977529,44.7910571094707,0 6.03615166246311,44.7910559783476,0 6.03611338624197,44.7910383765391,0 6.036046639353581,44.7909598373374,0 6.035897723090411,44.7908076861925,0 6.035876176344491,44.7906360086356,0 6.03584428004984,44.7905233585953,0 
						</coordinates>
					</LinearRing>
				</outerBoundaryIs>
			</Polygon>
		</Placemark>
		<Placemark id="parcelles-des-personnes-morales_05_groupe_personne_4.90417">
		<styleUrl>#COM</styleUrl>			<visibility>0</visibility>
			<ExtendedData>
				<SchemaData schemaUrl="#parcelles-des-personnes-morales_05_groupe_personne_4.schema">
					<SimpleData name="Numero de Parcelle">051420000D0684</SimpleData>
					<SimpleData name="Departement">05</SimpleData>
					<SimpleData name="Commune">SAINT-FIRMIN</SimpleData>
					<SimpleData name="Adresse">LES OULES</SimpleData>
					<SimpleData name="Groupe de personne">Commune</SimpleData>
					<SimpleData name="Forme Juridique Abregee">COM</SimpleData>
					<SimpleData name="Denomination">COMMUNE DE SAINT FIRMIN</SimpleData>
				</SchemaData>
			</ExtendedData>
	<Region>
		<LatLonAltBox>
			<north> 44.7916548294462 </north>
			<south> 44.7899221767065 </south>
			<east> 6.03575739748472 </east>
			<west> 6.034996269196269 </west>
		</LatLonAltBox>
		<Lod>
			<minLodPixels>100</minLodPixels>
			<maxLodPixels>-1</maxLodPixels>
		</Lod>
	</Region>
			<Polygon><altitudeMode>relativeToGround</altitudeMode>
				<outerBoundaryIs>
					<LinearRing>
						<coordinates>							6.0357243568265,44.7908189219017,0 6.03559972314694,44.7906735834428,0 6.03553553818011,44.7905370406778,0 6.035467543909019,44.7904377226657,0 6.03533143941977,44.7902533252307,0 6.03525695401558,44.7901603115638,0 6.03520339688431,44.790110422326,0 6.03514743950035,44.7900512285901,0 6.035059752638171,44.7899339795449,0 6.03503343089869,44.7899221767065,0 6.03502264356049,44.7899332838848,0 6.03499702446487,44.790128957808,0 6.034996269196269,44.7903539535565,0 6.03500219136207,44.7904776763421,0 6.03503105873774,44.7905834719614,0 6.035044872710369,44.7906612087838,0 6.03503659162414,44.7907819868916,0 6.035039210372379,44.7908234504336,0 6.0350814601922,44.7909357270574,0 6.0351283653114,44.7910475157983,0 6.03513830170888,44.7911495051253,0 6.03512820824628,44.7912718645636,0 6.03512582680645,44.7913308539893,0 6.03516209047133,44.7914611339849,0 6.03534238788681,44.7915219681461,0 6.035606794740469,44.7916548294462,0 6.03575739748472,44.791533666967,0 6.035693143391259,44.7914848817675,0 6.03563559506213,44.7913822143391,0 6.03559657520469,44.7912805710917,0 6.035592342727929,44.7912139242461,0 6.03561622569766,44.7911313708579,0 6.035654851118119,44.7909071397099,0 6.0357243568265,44.7908189219017,0 
						</coordinates>
					</LinearRing>
				</outerBoundaryIs>
			</Polygon>
		</Placemark>
		<Placemark id="parcelles-des-personnes-morales_05_groupe_personne_4.90669">
		<styleUrl>#COM</styleUrl>			<visibility>0</visibility>
			<ExtendedData>
				<SchemaData schemaUrl="#parcelles-des-personnes-morales_05_groupe_personne_4.schema">
					<SimpleData name="Numero de Parcelle">051420000D0688</SimpleData>
					<SimpleData name="Departement">05</SimpleData>
					<SimpleData name="Commune">SAINT-FIRMIN</SimpleData>
					<SimpleData name="Adresse">LES OULES</SimpleData>
					<SimpleData name="Groupe de personne">Commune</SimpleData>
					<SimpleData name="Forme Juridique Abregee">COM</SimpleData>
					<SimpleData name="Denomination">COMMUNE DE SAINT FIRMIN</SimpleData>
				</SchemaData>
			</ExtendedData>
	<Region>
		<LatLonAltBox>
			<north> 44.7899817197022 </north>
			<south> 44.7891402373039 </south>
			<east> 6.03423618594195 </east>
			<west> 6.033389649669019 </west>
		</LatLonAltBox>
		<Lod>
			<minLodPixels>100</minLodPixels>
			<maxLodPixels>-1</maxLodPixels>
		</Lod>
	</Region>
			<Polygon><altitudeMode>relativeToGround</altitudeMode>
				<outerBoundaryIs>
					<LinearRing>
						<coordinates>							6.033977699386531,44.7899546859454,0 6.03416902155987,44.7897862807508,0 6.03423618594195,44.7897062368609,0 6.03411674175761,44.7896194087432,0 6.03403611655092,44.78955557402,0 6.03409573449849,44.7894833951424,0 6.03423133976772,44.7891430763033,0 6.034057949345821,44.7891467419557,0 6.033855195596791,44.7891525626006,0 6.03363400231665,44.7891402373039,0 6.03342510172524,44.789149378844,0 6.033389649669019,44.789160620339,0 6.03383574333402,44.7893641047476,0 6.03384251163212,44.7893769836941,0 6.0338379602421,44.7894872081223,0 6.03380930671807,44.7896314285984,0 6.0338050964745,44.7897057846598,0 6.033815113219729,44.7897952481541,0 6.03382969875501,44.7898451236284,0 6.0339248799871,44.7899817197022,0 6.033977699386531,44.7899546859454,0 
						</coordinates>
					</LinearRing>
				</outerBoundaryIs>
			</Polygon>
		</Placemark>
		<Placemark id="parcelles-des-personnes-morales_05_groupe_personne_4.90737">
		<styleUrl>#COM</styleUrl>			<visibility>0</visibility>
			<ExtendedData>
				<SchemaData schemaUrl="#parcelles-des-personnes-morales_05_groupe_personne_4.schema">
					<SimpleData name="Numero de Parcelle">051420000D0689</SimpleData>
					<SimpleData name="Departement">05</SimpleData>
					<SimpleData name="Commune">SAINT-FIRMIN</SimpleData>
					<SimpleData name="Adresse">LES OULES</SimpleData>
					<SimpleData name="Groupe de personne">Commune</SimpleData>
					<SimpleData name="Forme Juridique Abregee">COM</SimpleData>
					<SimpleData name="Denomination">COMMUNE DE SAINT FIRMIN</SimpleData>
				</SchemaData>
			</ExtendedData>
	<Region>
		<LatLonAltBox>
			<north> 44.7891360239163 </north>
			<south> 44.7888409954479 </south>
			<east> 6.03445669877573 </east>
			<west> 6.03343249785655 </west>
		</LatLonAltBox>
		<Lod>
			<minLodPixels>100</minLodPixels>
			<maxLodPixels>-1</maxLodPixels>
		</Lod>
	</Region>
			<Polygon><altitudeMode>relativeToGround</altitudeMode>
				<outerBoundaryIs>
					<LinearRing>
						<coordinates>							6.03358408622084,44.7889725796582,0 6.03344657553551,44.7891041925721,0 6.03343249785655,44.7891316973912,0 6.03361592711871,44.7891264965636,0 6.03392616735675,44.7891360239163,0 6.03418164664501,44.7891272280244,0 6.03440282570192,44.7891252270245,0 6.034433782983801,44.7891104142413,0 6.03445669877573,44.7890825772019,0 6.0344366311761,44.7890694317298,0 6.034237766171611,44.789023069925,0 6.03411341462813,44.7889835876014,0 6.033955707022641,44.7889074473781,0 6.03386263873872,44.7888544946774,0 6.03379624543976,44.7888409954479,0 6.0337231122042,44.7888432676331,0 6.03368860787302,44.788855654562,0 6.03385237016947,44.7889033386203,0 6.033944339441931,44.7889898378956,0 6.03396759467313,44.7889940665811,0 6.033994089828101,44.7890372190293,0 6.03391186001287,44.7890467680016,0 6.03387579162902,44.7890372138762,0 6.03378739115621,44.7890355793171,0 6.03374447156614,44.7890256721019,0 6.03368617764988,44.7890262766862,0 6.033647393151449,44.78901562556,0 6.03358408622084,44.7889725796582,0 
						</coordinates>
					</LinearRing>
				</outerBoundaryIs>
			</Polygon>
		</Placemark>
		<Placemark id="parcelles-des-personnes-morales_05_groupe_personne_4.90999">
		<styleUrl>#COM</styleUrl>			<visibility>0</visibility>
			<ExtendedData>
				<SchemaData schemaUrl="#parcelles-des-personnes-morales_05_groupe_personne_4.schema">
					<SimpleData name="Numero de Parcelle">051420000D0691</SimpleData>
					<SimpleData name="Departement">05</SimpleData>
					<SimpleData name="Commune">SAINT-FIRMIN</SimpleData>
					<SimpleData name="Adresse">LES OULES</SimpleData>
					<SimpleData name="Groupe de personne">Commune</SimpleData>
					<SimpleData name="Forme Juridique Abregee">COM</SimpleData>
					<SimpleData name="Denomination">COMMUNE DE SAINT FIRMIN</SimpleData>
				</SchemaData>
			</ExtendedData>
	<Region>
		<LatLonAltBox>
			<north> 44.7890617781271 </north>
			<south> 44.7885323778275 </south>
			<east> 6.034472656265561 </east>
			<west> 6.03352188953966 </west>
		</LatLonAltBox>
		<Lod>
			<minLodPixels>100</minLodPixels>
			<maxLodPixels>-1</maxLodPixels>
		</Lod>
	</Region>
			<Polygon><altitudeMode>relativeToGround</altitudeMode>
				<outerBoundaryIs>
					<LinearRing>
						<coordinates>							6.03399132301521,44.7885758125279,0 6.03412897883272,44.7887586371336,0 6.03415562913474,44.7888163811789,0 6.03413498709582,44.7888535261036,0 6.03410421899494,44.7888835601974,0 6.03407449656208,44.7888743729986,0 6.0340140661472,44.7888260229047,0 6.03386646129829,44.7887401457103,0 6.03377911212526,44.7886970372788,0 6.03366488932375,44.7887584573234,0 6.033554587176,44.7888292302252,0 6.03356691746363,44.7888842129237,0 6.03352188953966,44.7890016718652,0 6.03364488108716,44.7888682939187,0 6.03369815172496,44.7888332292031,0 6.033762723619459,44.7888223617774,0 6.03385441303643,44.7888333666104,0 6.033901370151051,44.788850100804,0 6.034057192090071,44.7889311580138,0 6.034208991511779,44.7889986302375,0 6.034472656265561,44.7890617781271,0 6.034421462751129,44.7889923626778,0 6.03424382613244,44.7887767560912,0 6.034073873694741,44.7885323778275,0 6.03399132301521,44.7885758125279,0 
						</coordinates>
					</LinearRing>
				</outerBoundaryIs>
			</Polygon>
		</Placemark>
		<Placemark id="parcelles-des-personnes-morales_05_groupe_personne_4.91122">
		<styleUrl>#COM</styleUrl>			<visibility>0</visibility>
			<ExtendedData>
				<SchemaData schemaUrl="#parcelles-des-personnes-morales_05_groupe_personne_4.schema">
					<SimpleData name="Numero de Parcelle">051420000D0693</SimpleData>
					<SimpleData name="Departement">05</SimpleData>
					<SimpleData name="Commune">SAINT-FIRMIN</SimpleData>
					<SimpleData name="Adresse">LES OULES</SimpleData>
					<SimpleData name="Groupe de personne">Commune</SimpleData>
					<SimpleData name="Forme Juridique Abregee">COM</SimpleData>
					<SimpleData name="Denomination">COMMUNE DE SAINT FIRMIN</SimpleData>
				</SchemaData>
			</ExtendedData>
	<Region>
		<LatLonAltBox>
			<north> 44.7885758125279 </north>
			<south> 44.7877992184756 </south>
			<east> 6.034073873694741 </east>
			<west> 6.03358864634656 </west>
		</LatLonAltBox>
		<Lod>
			<minLodPixels>100</minLodPixels>
			<maxLodPixels>-1</maxLodPixels>
		</Lod>
	</Region>
			<Polygon><altitudeMode>relativeToGround</altitudeMode>
				<outerBoundaryIs>
					<LinearRing>
						<coordinates>							6.03360354600246,44.7879946635914,0 6.03358864634656,44.7880561578806,0 6.03360068562494,44.7880916873509,0 6.03380000042474,44.7882402090309,0 6.03381653339585,44.7883097626295,0 6.03391622270173,44.7883916357506,0 6.03399132301521,44.7885758125279,0 6.034073873694741,44.7885323778275,0 6.03401179385861,44.7883995609359,0 6.0339226361889,44.7882338787139,0 6.03381519968338,44.7880670750473,0 6.033627410033089,44.7877992184756,0 6.03360354600246,44.7879946635914,0 
						</coordinates>
					</LinearRing>
				</outerBoundaryIs>
			</Polygon>
		</Placemark>
		<Placemark id="parcelles-des-personnes-morales_05_groupe_personne_4.91188">
		<styleUrl>#COM</styleUrl>			<visibility>0</visibility>
			<ExtendedData>
				<SchemaData schemaUrl="#parcelles-des-personnes-morales_05_groupe_personne_4.schema">
					<SimpleData name="Numero de Parcelle">051420000D0694</SimpleData>
					<SimpleData name="Departement">05</SimpleData>
					<SimpleData name="Commune">SAINT-FIRMIN</SimpleData>
					<SimpleData name="Adresse">LES OULES</SimpleData>
					<SimpleData name="Groupe de personne">Commune</SimpleData>
					<SimpleData name="Forme Juridique Abregee">COM</SimpleData>
					<SimpleData name="Denomination">COMMUNE DE SAINT FIRMIN</SimpleData>
				</SchemaData>
			</ExtendedData>
	<Region>
		<LatLonAltBox>
			<north> 44.7893809119426 </north>
			<south> 44.7876034397533 </south>
			<east> 6.033627410033089 </east>
			<west> 6.03256320094352 </west>
		</LatLonAltBox>
		<Lod>
			<minLodPixels>100</minLodPixels>
			<maxLodPixels>-1</maxLodPixels>
		</Lod>
	</Region>
			<Polygon><altitudeMode>relativeToGround</altitudeMode>
				<outerBoundaryIs>
					<LinearRing>
						<coordinates>							6.033007609969861,44.7887631121698,0 6.033085770630051,44.7886852007328,0 6.033232915275101,44.7885844084281,0 6.03337422420094,44.7884716124078,0 6.03346783424701,44.7882955214838,0 6.03354407352184,44.7881023368296,0 6.03360354600246,44.7879946635914,0 6.033627410033089,44.7877992184756,0 6.03361423341233,44.7877754328858,0 6.033568006655591,44.7876034397533,0 6.03343949861164,44.787718949019,0 6.033261444987089,44.7879174429432,0 6.03306846700424,44.7881441852814,0 6.03297702506449,44.7882760684806,0 6.03283560728256,44.7885251852236,0 6.03278657380105,44.7886528444057,0 6.03265114543891,44.7889965800974,0 6.0326239643541,44.7890837278386,0 6.03258404132628,44.7892911446726,0 6.03256320094352,44.7893809119426,0 6.0326658002674,44.7891884482411,0 6.03269989368555,44.789142646523,0 6.03286578815105,44.7890047618849,0 6.032914138277801,44.7889464968256,0 6.03296156714726,44.7888430277524,0 6.033007609969861,44.7887631121698,0 
						</coordinates>
					</LinearRing>
				</outerBoundaryIs>
			</Polygon>
		</Placemark>
		<Placemark id="parcelles-des-personnes-morales_05_groupe_personne_4.91441">
		<styleUrl>#COM</styleUrl>			<visibility>0</visibility>
			<ExtendedData>
				<SchemaData schemaUrl="#parcelles-des-personnes-morales_05_groupe_personne_4.schema">
					<SimpleData name="Numero de Parcelle">051420000D0698</SimpleData>
					<SimpleData name="Departement">05</SimpleData>
					<SimpleData name="Commune">SAINT-FIRMIN</SimpleData>
					<SimpleData name="Adresse">LES OULES</SimpleData>
					<SimpleData name="Groupe de personne">Commune</SimpleData>
					<SimpleData name="Forme Juridique Abregee">COM</SimpleData>
					<SimpleData name="Denomination">COMMUNE DE SAINT FIRMIN</SimpleData>
				</SchemaData>
			</ExtendedData>
	<Region>
		<LatLonAltBox>
			<north> 44.7908825616718 </north>
			<south> 44.789160620339 </south>
			<east> 6.03430565249494 </east>
			<west> 6.03266028452391 </west>
		</LatLonAltBox>
		<Lod>
			<minLodPixels>100</minLodPixels>
			<maxLodPixels>-1</maxLodPixels>
		</Lod>
	</Region>
			<Polygon><altitudeMode>relativeToGround</altitudeMode>
				<outerBoundaryIs>
					<LinearRing>
						<coordinates>							6.0339248799871,44.7899817197022,0 6.03382969875501,44.7898451236284,0 6.033815113219729,44.7897952481541,0 6.0338050964745,44.7897057846598,0 6.03380930671807,44.7896314285984,0 6.0338379602421,44.7894872081223,0 6.03384251163212,44.7893769836941,0 6.03383574333402,44.7893641047476,0 6.033389649669019,44.789160620339,0 6.03321762499142,44.789271644152,0 6.03310325890338,44.789346852502,0 6.0330565613232,44.789391197326,0 6.03302614139808,44.7894394213766,0 6.032922827225499,44.7896608264805,0 6.03274871294323,44.7900215683559,0 6.032699515523089,44.7901907672066,0 6.03266028452391,44.7904438449067,0 6.032739726282359,44.7904576185073,0 6.03296426547783,44.7905177863377,0 6.03324850431295,44.7905939791217,0 6.03375926723685,44.7907342474612,0 6.034044319641791,44.7908137496315,0 6.034139048896959,44.7908435016201,0 6.03425250053651,44.7908825616718,0 6.034253727766131,44.7907623371694,0 6.03430565249494,44.7905640512194,0 6.03428495440962,44.7904736187726,0 6.03423112681286,44.7903765250673,0 6.034188115171121,44.7903086874232,0 6.03405559421558,44.7902069906039,0 6.033973740081441,44.7900993116709,0 6.0339248799871,44.7899817197022,0 
						</coordinates>
					</LinearRing>
				</outerBoundaryIs>
				<innerBoundaryIs>
					<LinearRing>
						<coordinates>							6.03311444357397,44.7894814231706,0 6.03314733448466,44.7894860190182,0 6.03323990882946,44.7893868102638,0 6.033307424912281,44.7894046939178,0 6.03329099451614,44.7894519044828,0 6.03318300060783,44.7895912685175,0 6.03306285122457,44.7895616708729,0 6.03311444357397,44.7894814231706,0 
						</coordinates>
					</LinearRing>
				</innerBoundaryIs>
			</Polygon>
		</Placemark>
		<Placemark id="parcelles-des-personnes-morales_05_groupe_personne_4.91995">
		<styleUrl>#COM</styleUrl>			<visibility>0</visibility>
			<ExtendedData>
				<SchemaData schemaUrl="#parcelles-des-personnes-morales_05_groupe_personne_4.schema">
					<SimpleData name="Numero de Parcelle">051420000D0701</SimpleData>
					<SimpleData name="Departement">05</SimpleData>
					<SimpleData name="Commune">SAINT-FIRMIN</SimpleData>
					<SimpleData name="Adresse">LES OULES</SimpleData>
					<SimpleData name="Groupe de personne">Commune</SimpleData>
					<SimpleData name="Forme Juridique Abregee">COM</SimpleData>
					<SimpleData name="Denomination">COMMUNE DE SAINT FIRMIN</SimpleData>
				</SchemaData>
			</ExtendedData>
	<Region>
		<LatLonAltBox>
			<north> 44.7904434531658 </north>
			<south> 44.7902027564051 </south>
			<east> 6.03265313871302 </east>
			<west> 6.03242598414545 </west>
		</LatLonAltBox>
		<Lod>
			<minLodPixels>100</minLodPixels>
			<maxLodPixels>-1</maxLodPixels>
		</Lod>
	</Region>
			<Polygon><altitudeMode>relativeToGround</altitudeMode>
				<outerBoundaryIs>
					<LinearRing>
						<coordinates>							6.03242598414545,44.7902027564051,0 6.03245256797641,44.7903014972832,0 6.03246321156394,44.7904424797891,0 6.03263179527709,44.7904434531658,0 6.03265313871302,44.7903090735613,0 6.03258610768677,44.7902908158151,0 6.03254160942851,44.7902563545408,0 6.03242598414545,44.7902027564051,0 
						</coordinates>
					</LinearRing>
				</outerBoundaryIs>
			</Polygon>
		</Placemark>
		<Placemark id="parcelles-des-personnes-morales_05_groupe_personne_4.92104">
		<styleUrl>#COM</styleUrl>			<visibility>0</visibility>
			<ExtendedData>
				<SchemaData schemaUrl="#parcelles-des-personnes-morales_05_groupe_personne_4.schema">
					<SimpleData name="Numero de Parcelle">051420000D0703</SimpleData>
					<SimpleData name="Departement">05</SimpleData>
					<SimpleData name="Commune">SAINT-FIRMIN</SimpleData>
					<SimpleData name="Adresse">LES OULES</SimpleData>
					<SimpleData name="Groupe de personne">Commune</SimpleData>
					<SimpleData name="Forme Juridique Abregee">COM</SimpleData>
					<SimpleData name="Denomination">COMMUNE DE SAINT FIRMIN</SimpleData>
				</SchemaData>
			</ExtendedData>
	<Region>
		<LatLonAltBox>
			<north> 44.791101490441 </north>
			<south> 44.7904872911069 </south>
			<east> 6.03425045925571 </east>
			<west> 6.03246394502113 </west>
		</LatLonAltBox>
		<Lod>
			<minLodPixels>100</minLodPixels>
			<maxLodPixels>-1</maxLodPixels>
		</Lod>
	</Region>
			<Polygon><altitudeMode>relativeToGround</altitudeMode>
				<outerBoundaryIs>
					<LinearRing>
						<coordinates>							6.03425045925571,44.7909009975742,0 6.033796774335899,44.7907657462161,0 6.0334524117481,44.7906750728069,0 6.03314763242665,44.7906004337335,0 6.032792805787881,44.7904986923503,0 6.032659592311399,44.7904872911069,0 6.032627488888399,44.7905606083631,0 6.03253592958693,44.7907044774235,0 6.03246412562257,44.7907900530367,0 6.032470780095261,44.7908383437179,0 6.03246394502113,44.7909836786942,0 6.03247216683105,44.7910727409166,0 6.032685902872441,44.791101490441,0 6.03293447970583,44.7910255832691,0 6.03323989407887,44.7910674099088,0 6.033369431164721,44.7910645855182,0 6.03399573598115,44.7910458208801,0 6.03415606556844,44.7910532347114,0 6.034208025005361,44.7910594706132,0 6.03421702098437,44.7909917408345,0 6.03425045925571,44.7909009975742,0 
						</coordinates>
					</LinearRing>
				</outerBoundaryIs>
			</Polygon>
		</Placemark>
		<Placemark id="parcelles-des-personnes-morales_05_groupe_personne_4.92223">
		<styleUrl>#COM</styleUrl>			<visibility>0</visibility>
			<ExtendedData>
				<SchemaData schemaUrl="#parcelles-des-personnes-morales_05_groupe_personne_4.schema">
					<SimpleData name="Numero de Parcelle">051420000D0705</SimpleData>
					<SimpleData name="Departement">05</SimpleData>
					<SimpleData name="Commune">SAINT-FIRMIN</SimpleData>
					<SimpleData name="Adresse">LES OULES</SimpleData>
					<SimpleData name="Groupe de personne">Commune</SimpleData>
					<SimpleData name="Forme Juridique Abregee">COM</SimpleData>
					<SimpleData name="Denomination">COMMUNE DE SAINT FIRMIN</SimpleData>
				</SchemaData>
			</ExtendedData>
	<Region>
		<LatLonAltBox>
			<north> 44.7918734493848 </north>
			<south> 44.7915016759374 </south>
			<east> 6.032423570469789 </east>
			<west> 6.03221597894623 </west>
		</LatLonAltBox>
		<Lod>
			<minLodPixels>100</minLodPixels>
			<maxLodPixels>-1</maxLodPixels>
		</Lod>
	</Region>
			<Polygon><altitudeMode>relativeToGround</altitudeMode>
				<outerBoundaryIs>
					<LinearRing>
						<coordinates>							6.03240978804511,44.7917058548625,0 6.032423570469789,44.7915016759374,0 6.03232917781013,44.7916165206604,0 6.0322560062027,44.7917142967816,0 6.03223409316654,44.7917584136492,0 6.03221597894623,44.7918213471797,0 6.03226881936302,44.7918110719562,0 6.032284205111691,44.7918734493848,0 6.03240439625197,44.791845113812,0 6.03240978804511,44.7917058548625,0 
						</coordinates>
					</LinearRing>
				</outerBoundaryIs>
			</Polygon>
		</Placemark>
		<Placemark id="parcelles-des-personnes-morales_05_groupe_personne_4.92307">
		<styleUrl>#COM</styleUrl>			<visibility>0</visibility>
			<ExtendedData>
				<SchemaData schemaUrl="#parcelles-des-personnes-morales_05_groupe_personne_4.schema">
					<SimpleData name="Numero de Parcelle">05142000AE0707</SimpleData>
					<SimpleData name="Departement">05</SimpleData>
					<SimpleData name="Commune">SAINT-FIRMIN</SimpleData>
					<SimpleData name="Adresse">LE BOURG</SimpleData>
					<SimpleData name="Groupe de personne">Commune</SimpleData>
					<SimpleData name="Forme Juridique Abregee">COM</SimpleData>
					<SimpleData name="Denomination">COMMUNE DE SAINT FIRMIN</SimpleData>
				</SchemaData>
			</ExtendedData>
	<Region>
		<LatLonAltBox>
			<north> 44.7814769849501 </north>
			<south> 44.7814446621512 </south>
			<east> 6.02900181253325 </east>
			<west> 6.02884715455212 </west>
		</LatLonAltBox>
		<Lod>
			<minLodPixels>100</minLodPixels>
			<maxLodPixels>-1</maxLodPixels>
		</Lod>
	</Region>
			<Polygon><altitudeMode>relativeToGround</altitudeMode>
				<outerBoundaryIs>
					<LinearRing>
						<coordinates>							6.02900126634391,44.7814446621512,0 6.02884885708853,44.7814592792853,0 6.02884715455212,44.7814769849501,0 6.02900181253325,44.781468883479,0 6.02900126634391,44.7814446621512,0 
						</coordinates>
					</LinearRing>
				</outerBoundaryIs>
			</Polygon>
		</Placemark>
		<Placemark id="parcelles-des-personnes-morales_05_groupe_personne_4.92329">
		<styleUrl>#COM</styleUrl>			<visibility>0</visibility>
			<ExtendedData>
				<SchemaData schemaUrl="#parcelles-des-personnes-morales_05_groupe_personne_4.schema">
					<SimpleData name="Numero de Parcelle">051420000D0707</SimpleData>
					<SimpleData name="Departement">05</SimpleData>
					<SimpleData name="Commune">SAINT-FIRMIN</SimpleData>
					<SimpleData name="Adresse">LES OULES</SimpleData>
					<SimpleData name="Groupe de personne">Commune</SimpleData>
					<SimpleData name="Forme Juridique Abregee">COM</SimpleData>
					<SimpleData name="Denomination">COMMUNE DE SAINT FIRMIN</SimpleData>
				</SchemaData>
			</ExtendedData>
	<Region>
		<LatLonAltBox>
			<north> 44.7924538918597 </north>
			<south> 44.7919130342978 </south>
			<east> 6.0327077467151 </east>
			<west> 6.03223073032573 </west>
		</LatLonAltBox>
		<Lod>
			<minLodPixels>100</minLodPixels>
			<maxLodPixels>-1</maxLodPixels>
		</Lod>
	</Region>
			<Polygon><altitudeMode>relativeToGround</altitudeMode>
				<outerBoundaryIs>
					<LinearRing>
						<coordinates>							6.0327077467151,44.7924277673208,0 6.03264423054635,44.7923293161367,0 6.03257934346753,44.7923391102544,0 6.03253171726571,44.7923381608862,0 6.032439366818059,44.7922305877249,0 6.03238353407542,44.7921291331598,0 6.03229292039686,44.7919130342978,0 6.03223073032573,44.791928250418,0 6.03224377354378,44.7919964582181,0 6.03225908242626,44.7921277627898,0 6.0322846627423,44.7921961681892,0 6.032321838838569,44.7922402902507,0 6.0324948764659,44.7923799832999,0 6.03257617403332,44.7924538918597,0 6.0327077467151,44.7924277673208,0 
						</coordinates>
					</LinearRing>
				</outerBoundaryIs>
			</Polygon>
		</Placemark>
		<Placemark id="parcelles-des-personnes-morales_05_groupe_personne_4.92411">
		<styleUrl>#COM</styleUrl>			<visibility>0</visibility>
			<ExtendedData>
				<SchemaData schemaUrl="#parcelles-des-personnes-morales_05_groupe_personne_4.schema">
					<SimpleData name="Numero de Parcelle">05142000AE0709</SimpleData>
					<SimpleData name="Departement">05</SimpleData>
					<SimpleData name="Commune">SAINT-FIRMIN</SimpleData>
					<SimpleData name="Adresse">LE BOURG</SimpleData>
					<SimpleData name="Groupe de personne">Commune</SimpleData>
					<SimpleData name="Forme Juridique Abregee">COM</SimpleData>
					<SimpleData name="Denomination">COMMUNE DE SAINT FIRMIN</SimpleData>
				</SchemaData>
			</ExtendedData>
	<Region>
		<LatLonAltBox>
			<north> 44.781468883479 </north>
			<south> 44.7812134489852 </south>
			<east> 6.02915676613436 </east>
			<west> 6.02900126634391 </west>
		</LatLonAltBox>
		<Lod>
			<minLodPixels>100</minLodPixels>
			<maxLodPixels>-1</maxLodPixels>
		</Lod>
	</Region>
			<Polygon><altitudeMode>relativeToGround</altitudeMode>
				<outerBoundaryIs>
					<LinearRing>
						<coordinates>							6.02900126634391,44.7814446621512,0 6.02900181253325,44.781468883479,0 6.02909946692252,44.7814617092947,0 6.0291304838763,44.7814527526679,0 6.0291500308843,44.7814375324388,0 6.02915676613436,44.7814240138826,0 6.02911746150539,44.7812134489852,0 6.029055317151341,44.7812222653892,0 6.02909565863046,44.78124314649,0 6.02911944969367,44.7814170152398,0 6.029099168747361,44.7814350485513,0 6.02900126634391,44.7814446621512,0 
						</coordinates>
					</LinearRing>
				</outerBoundaryIs>
			</Polygon>
		</Placemark>
		<Placemark id="parcelles-des-personnes-morales_05_groupe_personne_4.92689">
		<styleUrl>#COM</styleUrl>			<visibility>0</visibility>
			<ExtendedData>
				<SchemaData schemaUrl="#parcelles-des-personnes-morales_05_groupe_personne_4.schema">
					<SimpleData name="Numero de Parcelle">051420000D0711</SimpleData>
					<SimpleData name="Departement">05</SimpleData>
					<SimpleData name="Commune">SAINT-FIRMIN</SimpleData>
					<SimpleData name="Adresse">LES OULES</SimpleData>
					<SimpleData name="Groupe de personne">Commune</SimpleData>
					<SimpleData name="Forme Juridique Abregee">COM</SimpleData>
					<SimpleData name="Denomination">COMMUNE DE SAINT FIRMIN</SimpleData>
				</SchemaData>
			</ExtendedData>
	<Region>
		<LatLonAltBox>
			<north> 44.7933205996004 </north>
			<south> 44.7910255832691 </south>
			<east> 6.03506981356561 </east>
			<west> 6.03240978804511 </west>
		</LatLonAltBox>
		<Lod>
			<minLodPixels>100</minLodPixels>
			<maxLodPixels>-1</maxLodPixels>
		</Lod>
	</Region>
			<Polygon><altitudeMode>relativeToGround</altitudeMode>
				<outerBoundaryIs>
					<LinearRing>
						<coordinates>							6.034208025005361,44.7910594706132,0 6.03415606556844,44.7910532347114,0 6.03399573598115,44.7910458208801,0 6.033369431164721,44.7910645855182,0 6.03323989407887,44.7910674099088,0 6.03293447970583,44.7910255832691,0 6.032685902872441,44.791101490441,0 6.03247216683105,44.7910727409166,0 6.03247311536015,44.7911442528242,0 6.032461079482521,44.7913151377653,0 6.032423570469789,44.7915016759374,0 6.03240978804511,44.7917058548625,0 6.03247649647118,44.7916993446233,0 6.03250491738553,44.7917172173189,0 6.03255440682741,44.7917597410184,0 6.03259198589999,44.791808987546,0 6.03260717842886,44.7918560535511,0 6.03257294736196,44.7918993362557,0 6.03255364884308,44.7919426608735,0 6.03255554026214,44.7920128856334,0 6.03251374595163,44.7920942164531,0 6.03250932259736,44.7921201055322,0 6.032526707024681,44.7921608948141,0 6.03264423054635,44.7923293161367,0 6.0327077467151,44.7924277673208,0 6.032747510032689,44.7925385811683,0 6.03278197873729,44.7926098967113,0 6.03281375197647,44.7926523645057,0 6.032853912703501,44.7926908186636,0 6.03292926247445,44.7926779450526,0 6.033004251269171,44.792803742295,0 6.033042106951749,44.7928862273615,0 6.03308904170616,44.793043155333,0 6.03311315872006,44.793159442763,0 6.033171688725351,44.7931936100234,0 6.03323194459245,44.7932105212764,0 6.03328780317915,44.7932162905675,0 6.03345425699165,44.7932198439601,0 6.03390599218118,44.7932084708677,0 6.03404437317865,44.7932146838548,0 6.0341964866818,44.7932291701702,0 6.034595442139969,44.7933205996004,0 6.03466909356789,44.7931755071248,0 6.03472657716738,44.7930496878001,0 6.03480319690616,44.7929103703417,0 6.0348491585795,44.7927680180611,0 6.03486657107965,44.7926476205618,0 6.034771171895441,44.7926758205736,0 6.034665149844559,44.7927181864745,0 6.034542333218021,44.7927869603623,0 6.03449724425705,44.7927275587279,0 6.034452626048261,44.7927049943528,0 6.03440072830531,44.7926952430012,0 6.034331312079591,44.7927102076358,0 6.03424965977579,44.7927328952502,0 6.03422133455975,44.7927332201803,0 6.03413790058513,44.7926830670548,0 6.034138294705301,44.7926622435859,0 6.034158845172679,44.7926514999245,0 6.03422495216173,44.7926361754989,0 6.03426499768495,44.7926537295461,0 6.03429184094832,44.7926447056498,0 6.03434073700861,44.7925848032284,0 6.03443196688898,44.7925590602876,0 6.034246374824561,44.7925197227751,0 6.03427826807848,44.7924565918221,0 6.0343440725645,44.7922552228581,0 6.034225644168519,44.7921287236259,0 6.03412406600619,44.7920963660833,0 6.0340367890707,44.7920570398025,0 6.033918649713961,44.7920577509582,0 6.03388961090268,44.7920448509178,0 6.03377719936954,44.7919313408855,0 6.033954915920259,44.7918389009043,0 6.03400658445999,44.791846766651,0 6.03417692566663,44.7918872427768,0 6.03427473803944,44.7918967283211,0 6.03430707176201,44.7918956629392,0 6.034335489439099,44.7918689366819,0 6.03443139533695,44.7917118827699,0 6.03451531084417,44.7916702124083,0 6.03457733010823,44.7916448185668,0 6.034756233731071,44.7916423528256,0 6.034907138386501,44.7916274991384,0 6.03496978422636,44.791606682922,0 6.03506981356561,44.7914299641934,0 6.03488209696119,44.7913441953701,0 6.03462921391397,44.7912489482473,0 6.03462635603603,44.791289750864,0 6.0346149902786,44.7912901521544,0 6.03461014160992,44.7912378477812,0 6.03459090395632,44.7912354012624,0 6.03435936885612,44.7911207385421,0 6.0342754264158,44.7910939349482,0 6.034208025005361,44.7910594706132,0 
						</coordinates>
					</LinearRing>
				</outerBoundaryIs>
				<innerBoundaryIs>
					<LinearRing>
						<coordinates>							6.03399062296298,44.7923362563764,0 6.03423761355202,44.7925144666329,0 6.03423024162292,44.7925279128775,0 6.034170684438771,44.7925731507994,0 6.03407391347897,44.792648599202,0 6.03381019256581,44.7924558001204,0 6.03385248057938,44.7923859878088,0 6.03390827088669,44.7923740993942,0 6.03399062296298,44.7923362563764,0 
						</coordinates>
					</LinearRing>
					<LinearRing>
						<coordinates>							6.033017085037951,44.7915996802517,0 6.03297901788344,44.7915929735233,0 6.03296814855753,44.791574440458,0 6.0329499409745,44.7914668209898,0 6.032976614163161,44.7914499635257,0 6.03299613890853,44.7914436629536,0 6.0331093319207,44.7915177794326,0 6.033119714940289,44.7915460563881,0 6.033126828770749,44.7915489250453,0 6.03313063801928,44.7915585513957,0 6.03306410825439,44.7915965013827,0 6.033017085037951,44.7915996802517,0 
						</coordinates>
					</LinearRing>
					<LinearRing>
						<coordinates>							6.03450629429681,44.7915454030163,0 6.03448333991952,44.7915045863197,0 6.03417612689473,44.7915584063819,0 6.03424158856232,44.7916577044335,0 6.03412099561517,44.7916785748851,0 6.03409078144538,44.7916485884306,0 6.03406815656978,44.7916537126883,0 6.03407543493582,44.7916854081897,0 6.03404766405711,44.7916913040001,0 6.03402622691767,44.7916176499561,0 6.03398927861252,44.7915613589654,0 6.03403822163294,44.7915398372054,0 6.034114420269601,44.7915145960614,0 6.0343061138114,44.7914771832186,0 6.03426170256518,44.7913740653952,0 6.03429147553779,44.7913560415642,0 6.034375273657859,44.7913309525753,0 6.034481662183479,44.7913118221962,0 6.03454760234849,44.7912934387698,0 6.034586451466459,44.7913216570088,0 6.03457723728171,44.7913853383928,0 6.034663095017909,44.7914007369669,0 6.03459730489344,44.7914500200224,0 6.03461718859533,44.7914714595666,0 6.03470491318409,44.7914347302571,0 6.03476629062162,44.7914138587846,0 6.034845562906569,44.7915345821078,0 6.03479424881331,44.7915613948499,0 6.03467860712181,44.7916317744399,0 6.03462201127732,44.7916310715751,0 6.034601218841971,44.7916092064188,0 6.034633805333739,44.7915917361493,0 6.0346201511071,44.7915731893828,0 6.03450629429681,44.7915454030163,0 
						</coordinates>
					</LinearRing>
				</innerBoundaryIs>
			</Polygon>
		</Placemark>
		<Placemark id="parcelles-des-personnes-morales_05_groupe_personne_4.92806">
		<styleUrl>#COM</styleUrl>			<visibility>0</visibility>
			<ExtendedData>
				<SchemaData schemaUrl="#parcelles-des-personnes-morales_05_groupe_personne_4.schema">
					<SimpleData name="Numero de Parcelle">051420000D0713</SimpleData>
					<SimpleData name="Departement">05</SimpleData>
					<SimpleData name="Commune">SAINT-FIRMIN</SimpleData>
					<SimpleData name="Adresse">LES OULES</SimpleData>
					<SimpleData name="Groupe de personne">Commune</SimpleData>
					<SimpleData name="Forme Juridique Abregee">COM</SimpleData>
					<SimpleData name="Denomination">COMMUNE DE SAINT FIRMIN</SimpleData>
				</SchemaData>
			</ExtendedData>
	<Region>
		<LatLonAltBox>
			<north> 44.7927869603623 </north>
			<south> 44.7925590602876 </south>
			<east> 6.03496901650927 </east>
			<west> 6.03413790058513 </west>
		</LatLonAltBox>
		<Lod>
			<minLodPixels>100</minLodPixels>
			<maxLodPixels>-1</maxLodPixels>
		</Lod>
	</Region>
			<Polygon><altitudeMode>relativeToGround</altitudeMode>
				<outerBoundaryIs>
					<LinearRing>
						<coordinates>							6.03486657107965,44.7926476205618,0 6.03496901650927,44.7925905762905,0 6.03478045916066,44.7925970907436,0 6.034652186759219,44.7926093423741,0 6.03443196688898,44.7925590602876,0 6.03434073700861,44.7925848032284,0 6.03429184094832,44.7926447056498,0 6.03426499768495,44.7926537295461,0 6.03422495216173,44.7926361754989,0 6.034158845172679,44.7926514999245,0 6.034138294705301,44.7926622435859,0 6.03413790058513,44.7926830670548,0 6.03422133455975,44.7927332201803,0 6.03424965977579,44.7927328952502,0 6.034331312079591,44.7927102076358,0 6.03440072830531,44.7926952430012,0 6.034452626048261,44.7927049943528,0 6.03449724425705,44.7927275587279,0 6.034542333218021,44.7927869603623,0 6.034665149844559,44.7927181864745,0 6.034771171895441,44.7926758205736,0 6.03486657107965,44.7926476205618,0 
						</coordinates>
					</LinearRing>
				</outerBoundaryIs>
			</Polygon>
		</Placemark>
		<Placemark id="parcelles-des-personnes-morales_05_groupe_personne_4.92871">
		<styleUrl>#COM</styleUrl>			<visibility>0</visibility>
			<ExtendedData>
				<SchemaData schemaUrl="#parcelles-des-personnes-morales_05_groupe_personne_4.schema">
					<SimpleData name="Numero de Parcelle">051420000D0714</SimpleData>
					<SimpleData name="Departement">05</SimpleData>
					<SimpleData name="Commune">SAINT-FIRMIN</SimpleData>
					<SimpleData name="Adresse">LES OULES</SimpleData>
					<SimpleData name="Groupe de personne">Commune</SimpleData>
					<SimpleData name="Forme Juridique Abregee">COM</SimpleData>
					<SimpleData name="Denomination">COMMUNE DE SAINT FIRMIN</SimpleData>
				</SchemaData>
			</ExtendedData>
	<Region>
		<LatLonAltBox>
			<north> 44.7926093423741 </north>
			<south> 44.7920851328932 </south>
			<east> 6.03509388916165 </east>
			<west> 6.034246374824561 </west>
		</LatLonAltBox>
		<Lod>
			<minLodPixels>100</minLodPixels>
			<maxLodPixels>-1</maxLodPixels>
		</Lod>
	</Region>
			<Polygon><altitudeMode>relativeToGround</altitudeMode>
				<outerBoundaryIs>
					<LinearRing>
						<coordinates>							6.0343440725645,44.7922552228581,0 6.03427826807848,44.7924565918221,0 6.034246374824561,44.7925197227751,0 6.03443196688898,44.7925590602876,0 6.034652186759219,44.7926093423741,0 6.03478045916066,44.7925970907436,0 6.03496901650927,44.7925905762905,0 6.035022819470989,44.7925606319899,0 6.03508018914761,44.7925287880291,0 6.03508080707629,44.7924277710071,0 6.03509388916165,44.7923279443455,0 6.03506797963432,44.7922792800188,0 6.03496131876007,44.7921575047888,0 6.034669304475199,44.7920851328932,0 6.0343440725645,44.7922552228581,0 
						</coordinates>
					</LinearRing>
				</outerBoundaryIs>
			</Polygon>
		</Placemark>
		<Placemark id="parcelles-des-personnes-morales_05_groupe_personne_4.93264">
		<styleUrl>#COM</styleUrl>			<visibility>0</visibility>
			<ExtendedData>
				<SchemaData schemaUrl="#parcelles-des-personnes-morales_05_groupe_personne_4.schema">
					<SimpleData name="Numero de Parcelle">05142000AH0072</SimpleData>
					<SimpleData name="Departement">05</SimpleData>
					<SimpleData name="Commune">SAINT-FIRMIN</SimpleData>
					<SimpleData name="Adresse">LE VILLARD</SimpleData>
					<SimpleData name="Groupe de personne">Commune</SimpleData>
					<SimpleData name="Forme Juridique Abregee">COM</SimpleData>
					<SimpleData name="Denomination">COMMUNE DE SAINT FIRMIN</SimpleData>
				</SchemaData>
			</ExtendedData>
	<Region>
		<LatLonAltBox>
			<north> 44.7866719080593 </north>
			<south> 44.7866180646394 </south>
			<east> 6.0417144165977 </east>
			<west> 6.041618901647659 </west>
		</LatLonAltBox>
		<Lod>
			<minLodPixels>100</minLodPixels>
			<maxLodPixels>-1</maxLodPixels>
		</Lod>
	</Region>
			<Polygon><altitudeMode>relativeToGround</altitudeMode>
				<outerBoundaryIs>
					<LinearRing>
						<coordinates>							6.0417144165977,44.7866236898959,0 6.041633773952739,44.7866180646394,0 6.041618901647659,44.7866682070897,0 6.041707284277531,44.7866719080593,0 6.0417144165977,44.7866236898959,0 
						</coordinates>
					</LinearRing>
				</outerBoundaryIs>
			</Polygon>
		</Placemark>
		<Placemark id="parcelles-des-personnes-morales_05_groupe_personne_4.93608">
		<styleUrl>#COM</styleUrl>			<visibility>0</visibility>
			<ExtendedData>
				<SchemaData schemaUrl="#parcelles-des-personnes-morales_05_groupe_personne_4.schema">
					<SimpleData name="Numero de Parcelle">051420000D0725</SimpleData>
					<SimpleData name="Departement">05</SimpleData>
					<SimpleData name="Commune">SAINT-FIRMIN</SimpleData>
					<SimpleData name="Adresse">LA CROIX</SimpleData>
					<SimpleData name="Groupe de personne">Commune</SimpleData>
					<SimpleData name="Forme Juridique Abregee">COM</SimpleData>
					<SimpleData name="Denomination">COMMUNE DE SAINT FIRMIN</SimpleData>
				</SchemaData>
			</ExtendedData>
	<Region>
		<LatLonAltBox>
			<north> 44.7934591728555 </north>
			<south> 44.7924947748579 </south>
			<east> 6.036226920150639 </east>
			<west> 6.03465750140433 </west>
		</LatLonAltBox>
		<Lod>
			<minLodPixels>100</minLodPixels>
			<maxLodPixels>-1</maxLodPixels>
		</Lod>
	</Region>
			<Polygon><altitudeMode>relativeToGround</altitudeMode>
				<outerBoundaryIs>
					<LinearRing>
						<coordinates>							6.03486657107965,44.7926476205618,0 6.03487659033358,44.7927113159522,0 6.03487416481687,44.7927718382691,0 6.03486248700587,44.7928367584449,0 6.03483412670182,44.7929207857357,0 6.034735770091181,44.7931238572281,0 6.03465786644043,44.7933003302578,0 6.03465750140433,44.7933380914081,0 6.03477959856237,44.7933707877144,0 6.03491431074148,44.79341917596,0 6.0350033981041,44.7934591728555,0 6.03513591012919,44.7933965299485,0 6.0353240525315,44.7932979459092,0 6.035636585032229,44.7931175693125,0 6.035939887623331,44.7929443821742,0 6.03605011250397,44.792902530601,0 6.036226920150639,44.7928471422185,0 6.03622148670664,44.79279341229,0 6.03619646042039,44.7927470665467,0 6.03609163303775,44.7926241608884,0 6.03606830283218,44.79257641719,0 6.03596809784368,44.7925250129338,0 6.03577269895941,44.7925500965249,0 6.03561203449068,44.7925646780474,0 6.03554876580915,44.7925528961059,0 6.03549966214441,44.7925292837144,0 6.035427316283691,44.7925134255881,0 6.03535266711011,44.7925064601204,0 6.03526283254029,44.7924947748579,0 6.03514325862174,44.7925181412324,0 6.03508018914761,44.7925287880291,0 6.035022819470989,44.7925606319899,0 6.03523898247305,44.7925803005187,0 6.03533144604378,44.7926031760867,0 6.03539578375942,44.7926300653794,0 6.03535756477297,44.7926955322823,0 6.035290991204169,44.7927888952383,0 6.03523416589069,44.7927699089963,0 6.03510092164863,44.7928377077005,0 6.03498217413869,44.7927451849384,0 6.0349257961208,44.7927180774552,0 6.03496901650927,44.7925905762905,0 6.03486657107965,44.7926476205618,0 
						</coordinates>
					</LinearRing>
				</outerBoundaryIs>
			</Polygon>
		</Placemark>
		<Placemark id="parcelles-des-personnes-morales_05_groupe_personne_4.93662">
		<styleUrl>#COM</styleUrl>			<visibility>0</visibility>
			<ExtendedData>
				<SchemaData schemaUrl="#parcelles-des-personnes-morales_05_groupe_personne_4.schema">
					<SimpleData name="Numero de Parcelle">051420000D0726</SimpleData>
					<SimpleData name="Departement">05</SimpleData>
					<SimpleData name="Commune">SAINT-FIRMIN</SimpleData>
					<SimpleData name="Adresse">LA CROIX</SimpleData>
					<SimpleData name="Groupe de personne">Commune</SimpleData>
					<SimpleData name="Forme Juridique Abregee">COM</SimpleData>
					<SimpleData name="Denomination">COMMUNE DE SAINT FIRMIN</SimpleData>
				</SchemaData>
			</ExtendedData>
	<Region>
		<LatLonAltBox>
			<north> 44.793600474008 </north>
			<south> 44.7928471422185 </south>
			<east> 6.0363872871818 </east>
			<west> 6.03505147666367 </west>
		</LatLonAltBox>
		<Lod>
			<minLodPixels>100</minLodPixels>
			<maxLodPixels>-1</maxLodPixels>
		</Lod>
	</Region>
			<Polygon><altitudeMode>relativeToGround</altitudeMode>
				<outerBoundaryIs>
					<LinearRing>
						<coordinates>							6.0363872871818,44.7930401544257,0 6.036355024779249,44.7929769783638,0 6.036305696261211,44.7929094045034,0 6.036226920150639,44.7928471422185,0 6.035945165185051,44.7929811779072,0 6.03580441360144,44.7930599047978,0 6.035687244255991,44.7931348321808,0 6.03555419407356,44.7932062300447,0 6.0352000154049,44.7934237861424,0 6.03505147666367,44.7935270518002,0 6.03511098954784,44.793600474008,0 6.035261807303551,44.7935276891694,0 6.03560310905429,44.7933809423925,0 6.0363872871818,44.7930401544257,0 
						</coordinates>
					</LinearRing>
				</outerBoundaryIs>
			</Polygon>
		</Placemark>
		<Placemark id="parcelles-des-personnes-morales_05_groupe_personne_4.93686">
		<styleUrl>#COM</styleUrl>			<visibility>0</visibility>
			<ExtendedData>
				<SchemaData schemaUrl="#parcelles-des-personnes-morales_05_groupe_personne_4.schema">
					<SimpleData name="Numero de Parcelle">05142000AE0727</SimpleData>
					<SimpleData name="Departement">05</SimpleData>
					<SimpleData name="Commune">SAINT-FIRMIN</SimpleData>
					<SimpleData name="Adresse">LE BOURG</SimpleData>
					<SimpleData name="Groupe de personne">Commune</SimpleData>
					<SimpleData name="Forme Juridique Abregee">COM</SimpleData>
					<SimpleData name="Denomination">COMMUNE DE SAINT FIRMIN</SimpleData>
				</SchemaData>
			</ExtendedData>
	<Region>
		<LatLonAltBox>
			<north> 44.7824706909431 </north>
			<south> 44.7823865827587 </south>
			<east> 6.03000725686517 </east>
			<west> 6.02953676729298 </west>
		</LatLonAltBox>
		<Lod>
			<minLodPixels>100</minLodPixels>
			<maxLodPixels>-1</maxLodPixels>
		</Lod>
	</Region>
			<Polygon><altitudeMode>relativeToGround</altitudeMode>
				<outerBoundaryIs>
					<LinearRing>
						<coordinates>							6.02953676729298,44.7824024475197,0 6.029652366286811,44.7824347856799,0 6.02969301144693,44.7824425040395,0 6.02983992914768,44.7824667779523,0 6.0299670264089,44.7824706909431,0 6.02996767856724,44.7824593208036,0 6.030006828258289,44.7824580701705,0 6.03000725686517,44.7824472467291,0 6.02989850500153,44.7824457153246,0 6.02984309922793,44.7824434460786,0 6.02954033995378,44.7823865827587,0 6.02953676729298,44.7824024475197,0 
						</coordinates>
					</LinearRing>
				</outerBoundaryIs>
			</Polygon>
		</Placemark>
		<Placemark id="parcelles-des-personnes-morales_05_groupe_personne_4.93712">
		<styleUrl>#COM</styleUrl>			<visibility>0</visibility>
			<ExtendedData>
				<SchemaData schemaUrl="#parcelles-des-personnes-morales_05_groupe_personne_4.schema">
					<SimpleData name="Numero de Parcelle">051420000D0727</SimpleData>
					<SimpleData name="Departement">05</SimpleData>
					<SimpleData name="Commune">SAINT-FIRMIN</SimpleData>
					<SimpleData name="Adresse">LA CROIX</SimpleData>
					<SimpleData name="Groupe de personne">Commune</SimpleData>
					<SimpleData name="Forme Juridique Abregee">COM</SimpleData>
					<SimpleData name="Denomination">COMMUNE DE SAINT FIRMIN</SimpleData>
				</SchemaData>
			</ExtendedData>
	<Region>
		<LatLonAltBox>
			<north> 44.7940706220285 </north>
			<south> 44.7935276891694 </south>
			<east> 6.03584079185623 </east>
			<west> 6.03511098954784 </west>
		</LatLonAltBox>
		<Lod>
			<minLodPixels>100</minLodPixels>
			<maxLodPixels>-1</maxLodPixels>
		</Lod>
	</Region>
			<Polygon><altitudeMode>relativeToGround</altitudeMode>
				<outerBoundaryIs>
					<LinearRing>
						<coordinates>							6.03511098954784,44.793600474008,0 6.03516546841105,44.7936415986673,0 6.03533380389188,44.7937385296507,0 6.03564815709259,44.7939384981411,0 6.03584079185623,44.7940706220285,0 6.03572266228492,44.7939076261282,0 6.0355669844178,44.7937053845488,0 6.0355057165634,44.7936557064719,0 6.035404523718951,44.7935954089748,0 6.035261807303551,44.7935276891694,0 6.03511098954784,44.793600474008,0 
						</coordinates>
					</LinearRing>
				</outerBoundaryIs>
			</Polygon>
		</Placemark>
		<Placemark id="parcelles-des-personnes-morales_05_groupe_personne_4.94370">
		<styleUrl>#COM</styleUrl>			<visibility>0</visibility>
			<ExtendedData>
				<SchemaData schemaUrl="#parcelles-des-personnes-morales_05_groupe_personne_4.schema">
					<SimpleData name="Numero de Parcelle">051420000D0737</SimpleData>
					<SimpleData name="Departement">05</SimpleData>
					<SimpleData name="Commune">SAINT-FIRMIN</SimpleData>
					<SimpleData name="Adresse">LOUBESSA</SimpleData>
					<SimpleData name="Groupe de personne">Commune</SimpleData>
					<SimpleData name="Forme Juridique Abregee">COM</SimpleData>
					<SimpleData name="Denomination">COMMUNE DE SAINT FIRMIN</SimpleData>
				</SchemaData>
			</ExtendedData>
	<Region>
		<LatLonAltBox>
			<north> 44.792749673207 </north>
			<south> 44.7922487995204 </south>
			<east> 6.03940098240489 </east>
			<west> 6.037024664779109 </west>
		</LatLonAltBox>
		<Lod>
			<minLodPixels>100</minLodPixels>
			<maxLodPixels>-1</maxLodPixels>
		</Lod>
	</Region>
			<Polygon><altitudeMode>relativeToGround</altitudeMode>
				<outerBoundaryIs>
					<LinearRing>
						<coordinates>							6.03778514609211,44.79251009458,0 6.03780548240618,44.792509447106,0 6.03787239123341,44.7925230200654,0 6.03792484748459,44.792515005122,0 6.03809229058748,44.7925134788798,0 6.038179958715939,44.7925295459734,0 6.03829671236952,44.7924938200272,0 6.038470641912921,44.7924788709425,0 6.03858332236535,44.7924286604142,0 6.03884249802982,44.7923990302002,0 6.03905767105987,44.7923512347531,0 6.03913808663766,44.7923291180345,0 6.03937619984349,44.7923498885024,0 6.03940098240489,44.7922793826448,0 6.03925457876186,44.7922487995204,0 6.038976577303619,44.792250836206,0 6.03875041133943,44.7922731647582,0 6.03852815245094,44.7923022332089,0 6.03829502372581,44.7923455644229,0 6.03814119779181,44.7923649175904,0 6.037788208486601,44.7924145965096,0 6.0376077391933,44.792453689909,0 6.037353951753801,44.7924870437822,0 6.03722320150501,44.7924862119577,0 6.03714119496279,44.792474223599,0 6.0370651535699,44.7925609095684,0 6.03704728158215,44.7925860862181,0 6.037024664779109,44.7927154564225,0 6.03705846654888,44.7927181341528,0 6.037289694962971,44.7927402690571,0 6.037331199063481,44.792749673207,0 6.037521925193011,44.7926428155442,0 6.037668159918281,44.7925742974238,0 6.03775928997418,44.7925209843484,0 6.03778514609211,44.79251009458,0 
						</coordinates>
					</LinearRing>
				</outerBoundaryIs>
			</Polygon>
		</Placemark>
		<Placemark id="parcelles-des-personnes-morales_05_groupe_personne_4.94595">
		<styleUrl>#COM</styleUrl>			<visibility>0</visibility>
			<ExtendedData>
				<SchemaData schemaUrl="#parcelles-des-personnes-morales_05_groupe_personne_4.schema">
					<SimpleData name="Numero de Parcelle">05142000AC0074</SimpleData>
					<SimpleData name="Departement">05</SimpleData>
					<SimpleData name="Commune">SAINT-FIRMIN</SimpleData>
					<SimpleData name="Adresse">LA BROUE</SimpleData>
					<SimpleData name="Groupe de personne">Commune</SimpleData>
					<SimpleData name="Forme Juridique Abregee">COM</SimpleData>
					<SimpleData name="Denomination">COMMUNE DE SAINT FIRMIN</SimpleData>
				</SchemaData>
			</ExtendedData>
	<Region>
		<LatLonAltBox>
			<north> 44.7809606428764 </north>
			<south> 44.7807367151824 </south>
			<east> 5.99205040537165 </east>
			<west> 5.99174141352878 </west>
		</LatLonAltBox>
		<Lod>
			<minLodPixels>100</minLodPixels>
			<maxLodPixels>-1</maxLodPixels>
		</Lod>
	</Region>
			<Polygon><altitudeMode>relativeToGround</altitudeMode>
				<outerBoundaryIs>
					<LinearRing>
						<coordinates>							5.99185193650983,44.7809339314528,0 5.991910410222381,44.7809606428764,0 5.991993071012081,44.7808903886235,0 5.99205040537165,44.7808386571333,0 5.99186180629864,44.7807367151824,0 5.99179326027595,44.7808178502628,0 5.99174141352878,44.7808847497773,0 5.99185193650983,44.7809339314528,0 
						</coordinates>
					</LinearRing>
				</outerBoundaryIs>
			</Polygon>
		</Placemark>
		<Placemark id="parcelles-des-personnes-morales_05_groupe_personne_4.94765">
		<styleUrl>#COM</styleUrl>			<visibility>0</visibility>
			<ExtendedData>
				<SchemaData schemaUrl="#parcelles-des-personnes-morales_05_groupe_personne_4.schema">
					<SimpleData name="Numero de Parcelle">051420000D0741</SimpleData>
					<SimpleData name="Departement">05</SimpleData>
					<SimpleData name="Commune">SAINT-FIRMIN</SimpleData>
					<SimpleData name="Adresse">LOUBESSA</SimpleData>
					<SimpleData name="Groupe de personne">Commune</SimpleData>
					<SimpleData name="Forme Juridique Abregee">COM</SimpleData>
					<SimpleData name="Denomination">COMMUNE DE SAINT FIRMIN</SimpleData>
				</SchemaData>
			</ExtendedData>
	<Region>
		<LatLonAltBox>
			<north> 44.7938594412703 </north>
			<south> 44.7933051882638 </south>
			<east> 6.03990235956173 </east>
			<west> 6.03714919826434 </west>
		</LatLonAltBox>
		<Lod>
			<minLodPixels>100</minLodPixels>
			<maxLodPixels>-1</maxLodPixels>
		</Lod>
	</Region>
			<Polygon><altitudeMode>relativeToGround</altitudeMode>
				<outerBoundaryIs>
					<LinearRing>
						<coordinates>							6.037162533861339,44.7938594412703,0 6.037485614492139,44.793848515629,0 6.03761345153808,44.793830506412,0 6.037956717024059,44.7937950600405,0 6.03828805186779,44.7937542634366,0 6.03867937976856,44.7936927202547,0 6.03895795484476,44.7936567016758,0 6.03915936309552,44.7936420793692,0 6.039496783006651,44.7936412961631,0 6.03977260558648,44.7936526526885,0 6.03984210010897,44.7936484943032,0 6.03987499687844,44.7936274100211,0 6.039884257184321,44.7936044512336,0 6.039888877600179,44.7934676451485,0 6.03990235956173,44.7933051882638,0 6.03965184279924,44.7933101667229,0 6.03928982020436,44.7933613594208,0 6.039167669812629,44.7933721870071,0 6.038526005090911,44.7934022130947,0 6.03831885412167,44.7934252807412,0 6.03817854457739,44.7934536336041,0 6.0380724986722,44.7934814976189,0 6.037945061963469,44.793520939829,0 6.03777414376202,44.7935822962279,0 6.03766912321125,44.7936221148265,0 6.03759810816065,44.7936426213211,0 6.0375633959732,44.793609064951,0 6.03736974611224,44.793715732458,0 6.03724236308252,44.7937959869179,0 6.037225977117771,44.7937994992736,0 6.03714919826434,44.7938163792811,0 6.037162533861339,44.7938594412703,0 
						</coordinates>
					</LinearRing>
				</outerBoundaryIs>
			</Polygon>
		</Placemark>
		<Placemark id="parcelles-des-personnes-morales_05_groupe_personne_4.94774">
		<styleUrl>#COM</styleUrl>			<visibility>0</visibility>
			<ExtendedData>
				<SchemaData schemaUrl="#parcelles-des-personnes-morales_05_groupe_personne_4.schema">
					<SimpleData name="Numero de Parcelle">051420000C0741</SimpleData>
					<SimpleData name="Departement">05</SimpleData>
					<SimpleData name="Commune">SAINT-FIRMIN</SimpleData>
					<SimpleData name="Adresse">LES PREAUX</SimpleData>
					<SimpleData name="Groupe de personne">Commune</SimpleData>
					<SimpleData name="Forme Juridique Abregee">COM</SimpleData>
					<SimpleData name="Denomination">COMMUNE DE SAINT FIRMIN</SimpleData>
				</SchemaData>
			</ExtendedData>
	<Region>
		<LatLonAltBox>
			<north> 44.7936163229648 </north>
			<south> 44.7932841457284 </south>
			<east> 6.02484134429835 </east>
			<west> 6.02460520905003 </west>
		</LatLonAltBox>
		<Lod>
			<minLodPixels>100</minLodPixels>
			<maxLodPixels>-1</maxLodPixels>
		</Lod>
	</Region>
			<Polygon><altitudeMode>relativeToGround</altitudeMode>
				<outerBoundaryIs>
					<LinearRing>
						<coordinates>							6.02463952266711,44.7932841457284,0 6.02462655147238,44.7933417117881,0 6.02460520905003,44.7934412215592,0 6.02461876356673,44.7936084335686,0 6.02462020042999,44.7936163229648,0 6.02465714881198,44.7935552194682,0 6.02476664887475,44.793415102449,0 6.02482657462925,44.7933671568036,0 6.02484134429835,44.7933571132688,0 6.02463952266711,44.7932841457284,0 
						</coordinates>
					</LinearRing>
				</outerBoundaryIs>
			</Polygon>
		</Placemark>
		<Placemark id="parcelles-des-personnes-morales_05_groupe_personne_4.94810">
		<styleUrl>#COM</styleUrl>			<visibility>0</visibility>
			<ExtendedData>
				<SchemaData schemaUrl="#parcelles-des-personnes-morales_05_groupe_personne_4.schema">
					<SimpleData name="Numero de Parcelle">051420000D0742</SimpleData>
					<SimpleData name="Departement">05</SimpleData>
					<SimpleData name="Commune">SAINT-FIRMIN</SimpleData>
					<SimpleData name="Adresse">LOUBESSA</SimpleData>
					<SimpleData name="Groupe de personne">Commune</SimpleData>
					<SimpleData name="Forme Juridique Abregee">COM</SimpleData>
					<SimpleData name="Denomination">COMMUNE DE SAINT FIRMIN</SimpleData>
				</SchemaData>
			</ExtendedData>
	<Region>
		<LatLonAltBox>
			<north> 44.7943809207458 </north>
			<south> 44.7936730028991 </south>
			<east> 6.03984203396001 </east>
			<west> 6.037162533861339 </west>
		</LatLonAltBox>
		<Lod>
			<minLodPixels>100</minLodPixels>
			<maxLodPixels>-1</maxLodPixels>
		</Lod>
	</Region>
			<Polygon><altitudeMode>relativeToGround</altitudeMode>
				<outerBoundaryIs>
					<LinearRing>
						<coordinates>							6.037162533861339,44.7938594412703,0 6.037188987640439,44.7939860253665,0 6.03722913041994,44.7941036750153,0 6.03734438394624,44.7941431333026,0 6.037461367422909,44.7941771381649,0 6.03759689139286,44.7943809207458,0 6.03766404879972,44.7943569160588,0 6.03790125852793,44.7943116725636,0 6.03834284192185,44.7942340672186,0 6.03854497068354,44.7942023076352,0 6.03879364306111,44.7941654875077,0 6.03890649786369,44.7941348232874,0 6.03902093077753,44.7940865464846,0 6.039183950922021,44.7940008078458,0 6.03960327885799,44.7937925341589,0 6.03984203396001,44.7936730028991,0 6.039384770625441,44.7936781547069,0 6.03911169503337,44.7936895167981,0 6.03890443022674,44.7936917759041,0 6.03875165103746,44.7937211921556,0 6.03859299617687,44.7937425703162,0 6.03837788018355,44.7937821642094,0 6.038171529379729,44.7938013353782,0 6.037947708995301,44.7938273819635,0 6.03774378267005,44.7938445938104,0 6.03751510250653,44.7938720340807,0 6.03733352877249,44.7938697119416,0 6.037162533861339,44.7938594412703,0 
						</coordinates>
					</LinearRing>
				</outerBoundaryIs>
			</Polygon>
		</Placemark>
		<Placemark id="parcelles-des-personnes-morales_05_groupe_personne_4.94825">
		<styleUrl>#COM</styleUrl>			<visibility>0</visibility>
			<ExtendedData>
				<SchemaData schemaUrl="#parcelles-des-personnes-morales_05_groupe_personne_4.schema">
					<SimpleData name="Numero de Parcelle">051420000C0742</SimpleData>
					<SimpleData name="Departement">05</SimpleData>
					<SimpleData name="Commune">SAINT-FIRMIN</SimpleData>
					<SimpleData name="Adresse">LES PREAUX</SimpleData>
					<SimpleData name="Groupe de personne">Commune</SimpleData>
					<SimpleData name="Forme Juridique Abregee">COM</SimpleData>
					<SimpleData name="Denomination">COMMUNE DE SAINT FIRMIN</SimpleData>
				</SchemaData>
			</ExtendedData>
	<Region>
		<LatLonAltBox>
			<north> 44.7937118418398 </north>
			<south> 44.7935519383586 </south>
			<east> 6.024603950669019 </east>
			<west> 6.02440428897075 </west>
		</LatLonAltBox>
		<Lod>
			<minLodPixels>100</minLodPixels>
			<maxLodPixels>-1</maxLodPixels>
		</Lod>
	</Region>
			<Polygon><altitudeMode>relativeToGround</altitudeMode>
				<outerBoundaryIs>
					<LinearRing>
						<coordinates>							6.024513294114669,44.7935601360651,0 6.024478554295909,44.793558831576,0 6.02446679536574,44.7935542871625,0 6.02440428897075,44.7935519383586,0 6.02441277507679,44.7936179286733,0 6.02443490220975,44.7936811141315,0 6.02448096854399,44.7937118418398,0 6.02456659501265,44.7936712137478,0 6.024603950669019,44.7936153248287,0 6.024599378330331,44.7935632829783,0 6.024513294114669,44.7935601360651,0 
						</coordinates>
					</LinearRing>
				</outerBoundaryIs>
			</Polygon>
		</Placemark>
		<Placemark id="parcelles-des-personnes-morales_05_groupe_personne_4.94882">
		<styleUrl>#COM</styleUrl>			<visibility>0</visibility>
			<ExtendedData>
				<SchemaData schemaUrl="#parcelles-des-personnes-morales_05_groupe_personne_4.schema">
					<SimpleData name="Numero de Parcelle">051420000C0743</SimpleData>
					<SimpleData name="Departement">05</SimpleData>
					<SimpleData name="Commune">SAINT-FIRMIN</SimpleData>
					<SimpleData name="Adresse">LES PREAUX</SimpleData>
					<SimpleData name="Groupe de personne">Commune</SimpleData>
					<SimpleData name="Forme Juridique Abregee">COM</SimpleData>
					<SimpleData name="Denomination">COMMUNE DE SAINT FIRMIN</SimpleData>
				</SchemaData>
			</ExtendedData>
	<Region>
		<LatLonAltBox>
			<north> 44.7935601360651 </north>
			<south> 44.7934577914276 </south>
			<east> 6.024513294114669 </east>
			<west> 6.02439674931886 </west>
		</LatLonAltBox>
		<Lod>
			<minLodPixels>100</minLodPixels>
			<maxLodPixels>-1</maxLodPixels>
		</Lod>
	</Region>
			<Polygon><altitudeMode>relativeToGround</altitudeMode>
				<outerBoundaryIs>
					<LinearRing>
						<coordinates>							6.0244899451897,44.7934577914276,0 6.02439712191726,44.7934751904174,0 6.02439674931886,44.7934917785757,0 6.02440428897075,44.7935519383586,0 6.02446679536574,44.7935542871625,0 6.024478554295909,44.793558831576,0 6.024513294114669,44.7935601360651,0 6.0244899451897,44.7934577914276,0 
						</coordinates>
					</LinearRing>
				</outerBoundaryIs>
			</Polygon>
		</Placemark>
		<Placemark id="parcelles-des-personnes-morales_05_groupe_personne_4.94896">
		<styleUrl>#COM</styleUrl>			<visibility>0</visibility>
			<ExtendedData>
				<SchemaData schemaUrl="#parcelles-des-personnes-morales_05_groupe_personne_4.schema">
					<SimpleData name="Numero de Parcelle">051420000A0744</SimpleData>
					<SimpleData name="Departement">05</SimpleData>
					<SimpleData name="Commune">SAINT-FIRMIN</SimpleData>
					<SimpleData name="Adresse">SERRE DE L AIGLE</SimpleData>
					<SimpleData name="Groupe de personne">Commune</SimpleData>
					<SimpleData name="Forme Juridique Abregee">COM</SimpleData>
					<SimpleData name="Denomination">COMMUNE DE SAINT FIRMIN</SimpleData>
				</SchemaData>
			</ExtendedData>
	<Region>
		<LatLonAltBox>
			<north> 44.7932159573931 </north>
			<south> 44.7878363842647 </south>
			<east> 5.996300414049521 </east>
			<west> 5.98886853932684 </west>
		</LatLonAltBox>
		<Lod>
			<minLodPixels>100</minLodPixels>
			<maxLodPixels>-1</maxLodPixels>
		</Lod>
	</Region>
			<Polygon><altitudeMode>relativeToGround</altitudeMode>
				<outerBoundaryIs>
					<LinearRing>
						<coordinates>							5.995602245767681,44.7885238624099,0 5.995154724214,44.7887109245718,0 5.99529030808302,44.7884964348987,0 5.99523532806484,44.7884428718972,0 5.995207033339171,44.7884033635012,0 5.9951655832091,44.7883330372863,0 5.995350983052361,44.7882437866297,0 5.99547438074502,44.7881971151924,0 5.99574268408927,44.7881203989355,0 5.995869926608409,44.7880295659919,0 5.996300414049521,44.7878363842647,0 5.99625389408303,44.7878371013608,0 5.99605263484902,44.7878400195109,0 5.99561030364597,44.7878917087123,0 5.9951328248279,44.7879462380128,0 5.99483473657987,44.7879887101717,0 5.994690109536181,44.7880026188882,0 5.99467085215072,44.7880044906801,0 5.994280618846431,44.7881982001025,0 5.99419837836005,44.7882147472713,0 5.993757938000681,44.7882853881973,0 5.99285373923759,44.7884283755532,0 5.99249372159716,44.7885244090635,0 5.99216184771725,44.7886120233846,0 5.99141734607779,44.7892192776214,0 5.991240059948771,44.7893470438651,0 5.990858994506759,44.7896135613528,0 5.99033729968143,44.7900168537811,0 5.990070325157319,44.7902567750045,0 5.98886853932684,44.789995927287,0 5.98892108376049,44.7901274921885,0 5.988970924070849,44.7902153432785,0 5.989045430266309,44.7903435228957,0 5.98909392060942,44.7904131208353,0 5.98915677366198,44.7904958458265,0 5.98919092574271,44.7905289811012,0 5.98922426532482,44.7905515970293,0 5.98929999720568,44.7905791060431,0 5.989391560118009,44.7906069087886,0 5.98949640331372,44.790646516242,0 5.98958801333144,44.7906704434253,0 5.98986558838962,44.7906416031348,0 5.98992470949852,44.7906422606772,0 5.98996968424664,44.7906505075091,0 5.990010486039641,44.7906754445985,0 5.99003552309052,44.790720357843,0 5.990075485711981,44.7908698305057,0 5.99010882352374,44.7909494771343,0 5.99016038054387,44.7910267402135,0 5.99038990279296,44.7913146219253,0 5.99042254409877,44.7913668980264,0 5.99046016832225,44.7914771517528,0 5.99046955969126,44.79152762255,0 5.990465842707009,44.791624215917,0 5.99045915785148,44.7916769223926,0 5.99041200763218,44.7918655947321,0 5.99040375172948,44.7920290718917,0 5.990405710862,44.7920825362112,0 5.990414458927959,44.7921232939851,0 5.990459098229871,44.7922060593171,0 5.990495305466821,44.7922540046931,0 5.9905617716976,44.7923141975924,0 5.99070317217184,44.7924130019786,0 5.99076682171622,44.792465432394,0 5.99084959345152,44.7925110400463,0 5.99100046546965,44.7925857129881,0 5.99147338256985,44.7928083718794,0 5.99163171726808,44.7928805901919,0 5.9918639498673,44.7929766712503,0 5.99193768573431,44.7930022503667,0 5.992057613265559,44.792992345904,0 5.992179550362499,44.7929726566536,0 5.99226267263067,44.7929630247744,0 5.99232513451957,44.7929574643617,0 5.992369580939259,44.7929604989601,0 5.992495974166641,44.7929722227845,0 5.992822828890521,44.7930322313298,0 5.99306635928583,44.7930743074318,0 5.993144477616341,44.7930823788154,0 5.99331191704717,44.7930831727777,0 5.99347778668306,44.7930972530576,0 5.9936186828732,44.7931128184615,0 5.993801202588229,44.7931378007159,0 5.99394338732662,44.7931656741215,0 5.99400931563436,44.7931776780317,0 5.994330369489851,44.7931999983927,0 5.9944666361902,44.7932141561589,0 5.994546698386409,44.7932159573931,0 5.99475633871322,44.7932013737924,0 5.99491636438245,44.7931936262944,0 5.99544781532538,44.7930944842183,0 5.99554314487881,44.7930836189994,0 5.99571983180501,44.7930774922609,0 5.99577793603809,44.793042405919,0 5.995921194368259,44.7930097029245,0 5.996071079365959,44.7928473519038,0 5.99607452029128,44.7928050937177,0 5.99603520539442,44.7925874020774,0 5.99578788893109,44.7926285939071,0 5.99494096877052,44.7927744633109,0 5.99492501217389,44.792577132712,0 5.99491076869134,44.7925377850375,0 5.994893609414199,44.7925054535763,0 5.99482553307533,44.792434134682,0 5.99480676605876,44.7924143700594,0 5.99470218347123,44.792139969023,0 5.99463638303676,44.7919736268998,0 5.994584151419221,44.7918054766132,0 5.99451633711555,44.7916630644208,0 5.9945076576278,44.7915642829504,0 5.994501515199789,44.7913848867431,0 5.99439996262118,44.7913572678974,0 5.99426938519805,44.7915756755012,0 5.99366749847411,44.7911764995867,0 5.993739016382941,44.790431272864,0 5.993697099991011,44.7901716662334,0 5.99371082044531,44.7898995650748,0 5.99362050556035,44.7895389163427,0 5.99383664430474,44.7896085788714,0 5.99393615692225,44.7893675859669,0 5.993710016462259,44.7892360273617,0 5.99394817322829,44.7890326436211,0 5.99385202829173,44.7889330715773,0 5.99396344828063,44.7888443801677,0 5.99409443036823,44.788913909884,0 5.99439472645314,44.7890956299794,0 5.9945384422066,44.7890693130474,0 5.99465724688072,44.7890812392025,0 5.994841078892591,44.7890479816642,0 5.99485051672536,44.7890256530308,0 5.9949740510592,44.7889743835888,0 5.99506703642052,44.7889434003694,0 5.995281460961461,44.7888479597269,0 5.995539557098991,44.788760077652,0 5.99556197838374,44.7886276606454,0 5.995602245767681,44.7885238624099,0 
						</coordinates>
					</LinearRing>
				</outerBoundaryIs>
			</Polygon>
		</Placemark>
		<Placemark id="parcelles-des-personnes-morales_05_groupe_personne_4.94932">
		<styleUrl>#COM</styleUrl>			<visibility>0</visibility>
			<ExtendedData>
				<SchemaData schemaUrl="#parcelles-des-personnes-morales_05_groupe_personne_4.schema">
					<SimpleData name="Numero de Parcelle">051420000C0744</SimpleData>
					<SimpleData name="Departement">05</SimpleData>
					<SimpleData name="Commune">SAINT-FIRMIN</SimpleData>
					<SimpleData name="Adresse">LES PREAUX</SimpleData>
					<SimpleData name="Groupe de personne">Commune</SimpleData>
					<SimpleData name="Forme Juridique Abregee">COM</SimpleData>
					<SimpleData name="Denomination">COMMUNE DE SAINT FIRMIN</SimpleData>
				</SchemaData>
			</ExtendedData>
	<Region>
		<LatLonAltBox>
			<north> 44.7935632829783 </north>
			<south> 44.7934399155988 </south>
			<east> 6.024599378330331 </east>
			<west> 6.0244899451897 </west>
		</LatLonAltBox>
		<Lod>
			<minLodPixels>100</minLodPixels>
			<maxLodPixels>-1</maxLodPixels>
		</Lod>
	</Region>
			<Polygon><altitudeMode>relativeToGround</altitudeMode>
				<outerBoundaryIs>
					<LinearRing>
						<coordinates>							6.02459033461592,44.7934399155988,0 6.0244899451897,44.7934577914276,0 6.024513294114669,44.7935601360651,0 6.024599378330331,44.7935632829783,0 6.02459162029291,44.7934755592388,0 6.02459033461592,44.7934399155988,0 
						</coordinates>
					</LinearRing>
				</outerBoundaryIs>
			</Polygon>
		</Placemark>
		<Placemark id="parcelles-des-personnes-morales_05_groupe_personne_4.94966">
		<styleUrl>#COM</styleUrl>			<visibility>0</visibility>
			<ExtendedData>
				<SchemaData schemaUrl="#parcelles-des-personnes-morales_05_groupe_personne_4.schema">
					<SimpleData name="Numero de Parcelle">051420000D0745</SimpleData>
					<SimpleData name="Departement">05</SimpleData>
					<SimpleData name="Commune">SAINT-FIRMIN</SimpleData>
					<SimpleData name="Adresse">LOUBESSA</SimpleData>
					<SimpleData name="Groupe de personne">Commune</SimpleData>
					<SimpleData name="Forme Juridique Abregee">COM</SimpleData>
					<SimpleData name="Denomination">COMMUNE DE SAINT FIRMIN</SimpleData>
				</SchemaData>
			</ExtendedData>
	<Region>
		<LatLonAltBox>
			<north> 44.7933101667229 </north>
			<south> 44.7922793826448 </south>
			<east> 6.04005462694963 </east>
			<west> 6.03937619984349 </west>
		</LatLonAltBox>
		<Lod>
			<minLodPixels>100</minLodPixels>
			<maxLodPixels>-1</maxLodPixels>
		</Lod>
	</Region>
			<Polygon><altitudeMode>relativeToGround</altitudeMode>
				<outerBoundaryIs>
					<LinearRing>
						<coordinates>							6.03965184279924,44.7933101667229,0 6.03990235956173,44.7933051882638,0 6.03991296484145,44.7930825344202,0 6.0399240530841,44.7930091604648,0 6.03995551162166,44.792933425842,0 6.04003428928524,44.7927804403643,0 6.04005462694963,44.7927353739099,0 6.04002412079494,44.7926860258029,0 6.03992587829875,44.7926124970732,0 6.03981872358851,44.7925332661973,0 6.03971395039771,44.7924559520798,0 6.03953745734753,44.792360332578,0 6.039451025242709,44.7923016161148,0 6.03940098240489,44.7922793826448,0 6.03937619984349,44.7923498885024,0 6.039384196606701,44.7925375243866,0 6.03943218884943,44.7926271176182,0 6.039442731607149,44.7926676430889,0 6.03949077486102,44.7927885891559,0 6.03951787919335,44.7929083975582,0 6.03961450812647,44.7931790161827,0 6.03965184279924,44.7933101667229,0 
						</coordinates>
					</LinearRing>
				</outerBoundaryIs>
			</Polygon>
		</Placemark>
		<Placemark id="parcelles-des-personnes-morales_05_groupe_personne_4.95019">
		<styleUrl>#COM</styleUrl>			<visibility>0</visibility>
			<ExtendedData>
				<SchemaData schemaUrl="#parcelles-des-personnes-morales_05_groupe_personne_4.schema">
					<SimpleData name="Numero de Parcelle">051420000D0746</SimpleData>
					<SimpleData name="Departement">05</SimpleData>
					<SimpleData name="Commune">SAINT-FIRMIN</SimpleData>
					<SimpleData name="Adresse">LE CREST</SimpleData>
					<SimpleData name="Groupe de personne">Commune</SimpleData>
					<SimpleData name="Forme Juridique Abregee">COM</SimpleData>
					<SimpleData name="Denomination">COMMUNE DE SAINT FIRMIN</SimpleData>
				</SchemaData>
			</ExtendedData>
	<Region>
		<LatLonAltBox>
			<north> 44.7926803199867 </north>
			<south> 44.7919581138694 </south>
			<east> 6.04088325211408 </east>
			<west> 6.039920623699549 </west>
		</LatLonAltBox>
		<Lod>
			<minLodPixels>100</minLodPixels>
			<maxLodPixels>-1</maxLodPixels>
		</Lod>
	</Region>
			<Polygon><altitudeMode>relativeToGround</altitudeMode>
				<outerBoundaryIs>
					<LinearRing>
						<coordinates>							6.040283859743311,44.7919581138694,0 6.04020362289645,44.7920723972322,0 6.040163671270139,44.7921501668553,0 6.0400586468201,44.7923886549613,0 6.04000121870785,44.7924427574928,0 6.039920623699549,44.7925293902401,0 6.04001916440187,44.7926271472689,0 6.040071206463029,44.7926676156258,0 6.04010732221962,44.7926803199867,0 6.04017858918356,44.7926762028409,0 6.04057109855929,44.7926202965393,0 6.0408089064366,44.7925792648053,0 6.04088325211408,44.7925548806788,0 6.040787073354771,44.7924750792762,0 6.04064644689336,44.7923455014467,0 6.04056601227335,44.7922573392914,0 6.040478617514349,44.7921481047872,0 6.0403468654844,44.7920164812185,0 6.040283859743311,44.7919581138694,0 
						</coordinates>
					</LinearRing>
				</outerBoundaryIs>
			</Polygon>
		</Placemark>
		<Placemark id="parcelles-des-personnes-morales_05_groupe_personne_4.95028">
		<styleUrl>#COM</styleUrl>			<visibility>0</visibility>
			<ExtendedData>
				<SchemaData schemaUrl="#parcelles-des-personnes-morales_05_groupe_personne_4.schema">
					<SimpleData name="Numero de Parcelle">051420000C0746</SimpleData>
					<SimpleData name="Departement">05</SimpleData>
					<SimpleData name="Commune">SAINT-FIRMIN</SimpleData>
					<SimpleData name="Adresse">LES PREAUX</SimpleData>
					<SimpleData name="Groupe de personne">Commune</SimpleData>
					<SimpleData name="Forme Juridique Abregee">COM</SimpleData>
					<SimpleData name="Denomination">COMMUNE DE SAINT FIRMIN</SimpleData>
				</SchemaData>
			</ExtendedData>
	<Region>
		<LatLonAltBox>
			<north> 44.7934644725887 </north>
			<south> 44.7933773400661 </south>
			<east> 6.02433769130193 </east>
			<west> 6.024127485243219 </west>
		</LatLonAltBox>
		<Lod>
			<minLodPixels>100</minLodPixels>
			<maxLodPixels>-1</maxLodPixels>
		</Lod>
	</Region>
			<Polygon><altitudeMode>relativeToGround</altitudeMode>
				<outerBoundaryIs>
					<LinearRing>
						<coordinates>							6.02414272351872,44.7934644725887,0 6.02433769130193,44.7934500530117,0 6.024334537426479,44.7933773400661,0 6.02432519754309,44.7933777751085,0 6.024127485243219,44.7933882151521,0 6.02414272351872,44.7934644725887,0 
						</coordinates>
					</LinearRing>
				</outerBoundaryIs>
			</Polygon>
		</Placemark>
		<Placemark id="parcelles-des-personnes-morales_05_groupe_personne_4.95068">
		<styleUrl>#COM</styleUrl>			<visibility>0</visibility>
			<ExtendedData>
				<SchemaData schemaUrl="#parcelles-des-personnes-morales_05_groupe_personne_4.schema">
					<SimpleData name="Numero de Parcelle">051420000D0747</SimpleData>
					<SimpleData name="Departement">05</SimpleData>
					<SimpleData name="Commune">SAINT-FIRMIN</SimpleData>
					<SimpleData name="Adresse">LE CREST</SimpleData>
					<SimpleData name="Groupe de personne">Commune</SimpleData>
					<SimpleData name="Forme Juridique Abregee">COM</SimpleData>
					<SimpleData name="Denomination">COMMUNE DE SAINT FIRMIN</SimpleData>
				</SchemaData>
			</ExtendedData>
	<Region>
		<LatLonAltBox>
			<north> 44.7925367334205 </north>
			<south> 44.7917826551244 </south>
			<east> 6.04154477777668 </east>
			<west> 6.04030232345053 </west>
		</LatLonAltBox>
		<Lod>
			<minLodPixels>100</minLodPixels>
			<maxLodPixels>-1</maxLodPixels>
		</Lod>
	</Region>
			<Polygon><altitudeMode>relativeToGround</altitudeMode>
				<outerBoundaryIs>
					<LinearRing>
						<coordinates>							6.040498702707239,44.7917826551244,0 6.0404424033824,44.7918412318579,0 6.04030232345053,44.7919392273169,0 6.04042548294719,44.7920593738397,0 6.04052601367432,44.7921307670678,0 6.04072315757506,44.7923601552738,0 6.040810949654001,44.7924486560671,0 6.04092402512993,44.7925367334205,0 6.04102740141913,44.792522724914,0 6.041145179062479,44.7924919232401,0 6.04136134102758,44.7923899469499,0 6.04154477777668,44.7923168888983,0 6.04150303759052,44.7922844275805,0 6.041427150316999,44.7922452449066,0 6.041316023278571,44.7922048667998,0 6.04103474218231,44.7921088814138,0 6.040945274322291,44.7920759274426,0 6.04088907796245,44.7920405288947,0 6.04078776323282,44.7919546516484,0 6.04067739735028,44.7918838888756,0 6.04053549454681,44.7918078644649,0 6.040498702707239,44.7917826551244,0 
						</coordinates>
					</LinearRing>
				</outerBoundaryIs>
			</Polygon>
		</Placemark>
		<Placemark id="parcelles-des-personnes-morales_05_groupe_personne_4.95117">
		<styleUrl>#COM</styleUrl>			<visibility>0</visibility>
			<ExtendedData>
				<SchemaData schemaUrl="#parcelles-des-personnes-morales_05_groupe_personne_4.schema">
					<SimpleData name="Numero de Parcelle">051420000D0748</SimpleData>
					<SimpleData name="Departement">05</SimpleData>
					<SimpleData name="Commune">SAINT-FIRMIN</SimpleData>
					<SimpleData name="Adresse">LE CREST</SimpleData>
					<SimpleData name="Groupe de personne">Commune</SimpleData>
					<SimpleData name="Forme Juridique Abregee">COM</SimpleData>
					<SimpleData name="Denomination">COMMUNE DE SAINT FIRMIN</SimpleData>
				</SchemaData>
			</ExtendedData>
	<Region>
		<LatLonAltBox>
			<north> 44.792287411857 </north>
			<south> 44.7916945105048 </south>
			<east> 6.04184772067947 </east>
			<west> 6.040498702707239 </west>
		</LatLonAltBox>
		<Lod>
			<minLodPixels>100</minLodPixels>
			<maxLodPixels>-1</maxLodPixels>
		</Lod>
	</Region>
			<Polygon><altitudeMode>relativeToGround</altitudeMode>
				<outerBoundaryIs>
					<LinearRing>
						<coordinates>							6.040565422402391,44.7916945105048,0 6.040526767148221,44.7917517923615,0 6.040498702707239,44.7917826551244,0 6.04061652990137,44.7918299679723,0 6.040737881545911,44.7918909690712,0 6.040796051102499,44.7919324402467,0 6.040910170548279,44.7920234621771,0 6.04099237933383,44.7920649043992,0 6.04114642399786,44.7921127546868,0 6.04134659484196,44.7921735746295,0 6.04142741853917,44.7922081169694,0 6.04155370022054,44.7922783521889,0 6.04160113302821,44.792287411857,0 6.04165293759712,44.7922813951809,0 6.04184108642492,44.7922019004132,0 6.04184772067947,44.7921701838619,0 6.04181915535442,44.7921497045771,0 6.04170182236365,44.7921045417571,0 6.041600326572609,44.7920644402158,0 6.04141049537742,44.7919936063731,0 6.04124396179145,44.7919394318583,0 6.04105476294209,44.7918662375224,0 6.04087806393904,44.7918065750943,0 6.040565422402391,44.7916945105048,0 
						</coordinates>
					</LinearRing>
				</outerBoundaryIs>
			</Polygon>
		</Placemark>
		<Placemark id="parcelles-des-personnes-morales_05_groupe_personne_4.95127">
		<styleUrl>#COM</styleUrl>			<visibility>0</visibility>
			<ExtendedData>
				<SchemaData schemaUrl="#parcelles-des-personnes-morales_05_groupe_personne_4.schema">
					<SimpleData name="Numero de Parcelle">051420000C0748</SimpleData>
					<SimpleData name="Departement">05</SimpleData>
					<SimpleData name="Commune">SAINT-FIRMIN</SimpleData>
					<SimpleData name="Adresse">LES PREAUX</SimpleData>
					<SimpleData name="Groupe de personne">Commune</SimpleData>
					<SimpleData name="Forme Juridique Abregee">COM</SimpleData>
					<SimpleData name="Denomination">COMMUNE DE SAINT FIRMIN</SimpleData>
				</SchemaData>
			</ExtendedData>
	<Region>
		<LatLonAltBox>
			<north> 44.79374493026 </north>
			<south> 44.7936272033381 </south>
			<east> 6.02434819298202 </east>
			<west> 6.02423049472991 </west>
		</LatLonAltBox>
		<Lod>
			<minLodPixels>100</minLodPixels>
			<maxLodPixels>-1</maxLodPixels>
		</Lod>
	</Region>
			<Polygon><altitudeMode>relativeToGround</altitudeMode>
				<outerBoundaryIs>
					<LinearRing>
						<coordinates>							6.0242410539376,44.7936340566287,0 6.02423246005279,44.7936460038232,0 6.02423049472991,44.7936565087889,0 6.02424079372541,44.7936715444042,0 6.024315465875391,44.7936859948484,0 6.02429858329705,44.7937390726033,0 6.024328253913369,44.79374493026,0 6.02434819298202,44.7936922195897,0 6.024345895103261,44.793640115673,0 6.02433059801055,44.793638010329,0 6.02425447707809,44.7936272033381,0 6.02425565682653,44.793632667113,0 6.0242410539376,44.7936340566287,0 
						</coordinates>
					</LinearRing>
				</outerBoundaryIs>
			</Polygon>
		</Placemark>
		<Placemark id="parcelles-des-personnes-morales_05_groupe_personne_4.95168">
		<styleUrl>#COM</styleUrl>			<visibility>0</visibility>
			<ExtendedData>
				<SchemaData schemaUrl="#parcelles-des-personnes-morales_05_groupe_personne_4.schema">
					<SimpleData name="Numero de Parcelle">051420000D0749</SimpleData>
					<SimpleData name="Departement">05</SimpleData>
					<SimpleData name="Commune">SAINT-FIRMIN</SimpleData>
					<SimpleData name="Adresse">LE CREST</SimpleData>
					<SimpleData name="Groupe de personne">Commune</SimpleData>
					<SimpleData name="Forme Juridique Abregee">COM</SimpleData>
					<SimpleData name="Denomination">COMMUNE DE SAINT FIRMIN</SimpleData>
				</SchemaData>
			</ExtendedData>
	<Region>
		<LatLonAltBox>
			<north> 44.7921303587531 </north>
			<south> 44.7916491596093 </south>
			<east> 6.04202908098684 </east>
			<west> 6.04057624792239 </west>
		</LatLonAltBox>
		<Lod>
			<minLodPixels>100</minLodPixels>
			<maxLodPixels>-1</maxLodPixels>
		</Lod>
	</Region>
			<Polygon><altitudeMode>relativeToGround</altitudeMode>
				<outerBoundaryIs>
					<LinearRing>
						<coordinates>							6.04059940890142,44.7916491596093,0 6.04057624792239,44.7916841224998,0 6.04089657629962,44.7917909306463,0 6.04125142255713,44.7919089540535,0 6.04156341622571,44.7920277018544,0 6.041787870703299,44.7921023604638,0 6.0418773239612,44.7921303587531,0 6.04190959437005,44.7921281216111,0 6.04193312125564,44.7921116185704,0 6.04195355481601,44.792070693629,0 6.0419764762463,44.7919869036118,0 6.04202908098684,44.7918437348663,0 6.04144872388237,44.7917671309536,0 6.04059940890142,44.7916491596093,0 
						</coordinates>
					</LinearRing>
				</outerBoundaryIs>
			</Polygon>
		</Placemark>
		<Placemark id="parcelles-des-personnes-morales_05_groupe_personne_4.95418">
		<styleUrl>#COM</styleUrl>			<visibility>0</visibility>
			<ExtendedData>
				<SchemaData schemaUrl="#parcelles-des-personnes-morales_05_groupe_personne_4.schema">
					<SimpleData name="Numero de Parcelle">051420000D0751</SimpleData>
					<SimpleData name="Departement">05</SimpleData>
					<SimpleData name="Commune">SAINT-FIRMIN</SimpleData>
					<SimpleData name="Adresse">LE CREST</SimpleData>
					<SimpleData name="Groupe de personne">Commune</SimpleData>
					<SimpleData name="Forme Juridique Abregee">COM</SimpleData>
					<SimpleData name="Denomination">COMMUNE DE SAINT FIRMIN</SimpleData>
				</SchemaData>
			</ExtendedData>
	<Region>
		<LatLonAltBox>
			<north> 44.7925293902401 </north>
			<south> 44.7910860403704 </south>
			<east> 6.040795969953361 </east>
			<west> 6.0397853137187 </west>
		</LatLonAltBox>
		<Lod>
			<minLodPixels>100</minLodPixels>
			<maxLodPixels>-1</maxLodPixels>
		</Lod>
	</Region>
			<Polygon><altitudeMode>relativeToGround</altitudeMode>
				<outerBoundaryIs>
					<LinearRing>
						<coordinates>							6.0397853137187,44.7924442642699,0 6.03986484494672,44.7924876728293,0 6.039920623699549,44.7925293902401,0 6.04000121870785,44.7924427574928,0 6.0400586468201,44.7923886549613,0 6.040163671270139,44.7921501668553,0 6.04020362289645,44.7920723972322,0 6.040283859743311,44.7919581138694,0 6.04020768408144,44.791883169237,0 6.04028445460359,44.7919246710349,0 6.04030232345053,44.7919392273169,0 6.0404424033824,44.7918412318579,0 6.040498702707239,44.7917826551244,0 6.040526767148221,44.7917517923615,0 6.040565422402391,44.7916945105048,0 6.04057624792239,44.7916841224998,0 6.04059940890142,44.7916491596093,0 6.040619999234291,44.7916134563504,0 6.04070992806742,44.7913860134312,0 6.040795969953361,44.7911709304638,0 6.040650087756889,44.7911335775639,0 6.040520735909851,44.7910860403704,0 6.040347653637171,44.791348109492,0 6.04022361301017,44.7915367543765,0 6.040147289876981,44.7916695807128,0 6.04005089601323,44.7919038677324,0 6.039946391879779,44.7921472968533,0 6.03986974953043,44.7923186938652,0 6.0397853137187,44.7924442642699,0 
						</coordinates>
					</LinearRing>
				</outerBoundaryIs>
			</Polygon>
		</Placemark>
		<Placemark id="parcelles-des-personnes-morales_05_groupe_personne_4.95460">
		<styleUrl>#COM</styleUrl>			<visibility>0</visibility>
			<ExtendedData>
				<SchemaData schemaUrl="#parcelles-des-personnes-morales_05_groupe_personne_4.schema">
					<SimpleData name="Numero de Parcelle">051420000D0752</SimpleData>
					<SimpleData name="Departement">05</SimpleData>
					<SimpleData name="Commune">SAINT-FIRMIN</SimpleData>
					<SimpleData name="Adresse">LE CREST</SimpleData>
					<SimpleData name="Groupe de personne">Commune</SimpleData>
					<SimpleData name="Forme Juridique Abregee">COM</SimpleData>
					<SimpleData name="Denomination">COMMUNE DE SAINT FIRMIN</SimpleData>
				</SchemaData>
			</ExtendedData>
	<Region>
		<LatLonAltBox>
			<north> 44.7924338949268 </north>
			<south> 44.7915051018877 </south>
			<east> 6.03981858785631 </east>
			<west> 6.03947892972752 </west>
		</LatLonAltBox>
		<Lod>
			<minLodPixels>100</minLodPixels>
			<maxLodPixels>-1</maxLodPixels>
		</Lod>
	</Region>
			<Polygon><altitudeMode>relativeToGround</altitudeMode>
				<outerBoundaryIs>
					<LinearRing>
						<coordinates>							6.03947892972752,44.7915051018877,0 6.03949214220507,44.7915762776685,0 6.03955052477998,44.7917597386777,0 6.03958830402849,44.7919388993997,0 6.0396287587989,44.7920879839823,0 6.03964885623469,44.7922115884204,0 6.03968102473872,44.7923408083092,0 6.03970436295443,44.7923909837627,0 6.03972359306927,44.7924143324522,0 6.03976261012393,44.7924338949268,0 6.03981858785631,44.792219637314,0 6.03977728214043,44.7919425462771,0 6.03973993940553,44.791825271232,0 6.039645035279219,44.7915280265613,0 6.03947892972752,44.7915051018877,0 
						</coordinates>
					</LinearRing>
				</outerBoundaryIs>
			</Polygon>
		</Placemark>
		<Placemark id="parcelles-des-personnes-morales_05_groupe_personne_4.95518">
		<styleUrl>#COM</styleUrl>			<visibility>0</visibility>
			<ExtendedData>
				<SchemaData schemaUrl="#parcelles-des-personnes-morales_05_groupe_personne_4.schema">
					<SimpleData name="Numero de Parcelle">051420000D0753</SimpleData>
					<SimpleData name="Departement">05</SimpleData>
					<SimpleData name="Commune">SAINT-FIRMIN</SimpleData>
					<SimpleData name="Adresse">LE CREST</SimpleData>
					<SimpleData name="Groupe de personne">Commune</SimpleData>
					<SimpleData name="Forme Juridique Abregee">COM</SimpleData>
					<SimpleData name="Denomination">COMMUNE DE SAINT FIRMIN</SimpleData>
				</SchemaData>
			</ExtendedData>
	<Region>
		<LatLonAltBox>
			<north> 44.7924667796017 </north>
			<south> 44.7915216355864 </south>
			<east> 6.03964120066117 </east>
			<west> 6.03715954820656 </west>
		</LatLonAltBox>
		<Lod>
			<minLodPixels>100</minLodPixels>
			<maxLodPixels>-1</maxLodPixels>
		</Lod>
	</Region>
			<Polygon><altitudeMode>relativeToGround</altitudeMode>
				<outerBoundaryIs>
					<LinearRing>
						<coordinates>							6.03878345661023,44.7918032066706,0 6.038788486610819,44.791814331057,0 6.03828004597291,44.7920217110443,0 6.03775513867541,44.7922405319221,0 6.03760268454329,44.7922969672552,0 6.03752680155811,44.7923022904376,0 6.03724095547452,44.7924190526988,0 6.03715954820656,44.7924579534779,0 6.03721557175814,44.7924667796017,0 6.037301120317669,44.7924647056034,0 6.03738940425885,44.7924500329116,0 6.03749026447082,44.792445647096,0 6.03759891874569,44.7924332991272,0 6.037726766575109,44.7924015043589,0 6.037907687990079,44.7923731200695,0 6.03819914393747,44.7923367501948,0 6.03859867379621,44.7922656120001,0 6.038774496871379,44.7922365551607,0 6.03917779426646,44.7922117122178,0 6.03928470419901,44.7922139162477,0 6.03938737283915,44.7922289403555,0 6.03943064132409,44.7922452329104,0 6.03951095067566,44.7923053786706,0 6.039569076806911,44.7923577535809,0 6.039616238066621,44.7923781739383,0 6.03964120066117,44.792381183386,0 6.039601893348649,44.792110614667,0 6.03956064250024,44.7919725439112,0 6.039542707404991,44.7918444653537,0 6.03949166159805,44.7916516130974,0 6.03945426531188,44.7915216355864,0 6.03909976305439,44.7916719101109,0 6.03894233171932,44.7917392055344,0 6.03878345661023,44.7918032066706,0 
						</coordinates>
					</LinearRing>
				</outerBoundaryIs>
			</Polygon>
		</Placemark>
		<Placemark id="parcelles-des-personnes-morales_05_groupe_personne_4.95751">
		<styleUrl>#COM</styleUrl>			<visibility>0</visibility>
			<ExtendedData>
				<SchemaData schemaUrl="#parcelles-des-personnes-morales_05_groupe_personne_4.schema">
					<SimpleData name="Numero de Parcelle">051420000D0757</SimpleData>
					<SimpleData name="Departement">05</SimpleData>
					<SimpleData name="Commune">SAINT-FIRMIN</SimpleData>
					<SimpleData name="Adresse">LE CREST</SimpleData>
					<SimpleData name="Groupe de personne">Commune</SimpleData>
					<SimpleData name="Forme Juridique Abregee">COM</SimpleData>
					<SimpleData name="Denomination">COMMUNE DE SAINT FIRMIN</SimpleData>
				</SchemaData>
			</ExtendedData>
	<Region>
		<LatLonAltBox>
			<north> 44.7904592533 </north>
			<south> 44.7892796381032 </south>
			<east> 6.040456542929 </east>
			<west> 6.03922983499603 </west>
		</LatLonAltBox>
		<Lod>
			<minLodPixels>100</minLodPixels>
			<maxLodPixels>-1</maxLodPixels>
		</Lod>
	</Region>
			<Polygon><altitudeMode>relativeToGround</altitudeMode>
				<outerBoundaryIs>
					<LinearRing>
						<coordinates>							6.04010385554038,44.7893766872048,0 6.040099038947671,44.7894209675128,0 6.04000578920835,44.7894302827064,0 6.03988142846905,44.7895240623996,0 6.03984805939649,44.789501281785,0 6.03978199520682,44.7894354299194,0 6.03959846151252,44.7892796381032,0 6.03948998703574,44.7893373027177,0 6.03942525819144,44.7893897131206,0 6.039447630795731,44.7894103627716,0 6.03939470002987,44.7894680356957,0 6.03940293437434,44.7895828654277,0 6.03929843706189,44.7896883530741,0 6.03938512703514,44.7898127440951,0 6.03927142957277,44.7899703806456,0 6.03922983499603,44.7900364821537,0 6.03929328776189,44.7902154793802,0 6.03934389029517,44.7902785120291,0 6.03940288310579,44.7904592533,0 6.04001746398207,44.7903221163721,0 6.040456542929,44.7902245686296,0 6.04027571703481,44.7897914708129,0 6.04010385554038,44.7893766872048,0 
						</coordinates>
					</LinearRing>
				</outerBoundaryIs>
			</Polygon>
		</Placemark>
		<Placemark id="parcelles-des-personnes-morales_05_groupe_personne_4.95849">
		<styleUrl>#COM</styleUrl>			<visibility>0</visibility>
			<ExtendedData>
				<SchemaData schemaUrl="#parcelles-des-personnes-morales_05_groupe_personne_4.schema">
					<SimpleData name="Numero de Parcelle">051420000D0759</SimpleData>
					<SimpleData name="Departement">05</SimpleData>
					<SimpleData name="Commune">SAINT-FIRMIN</SimpleData>
					<SimpleData name="Adresse">LE CREST</SimpleData>
					<SimpleData name="Groupe de personne">Commune</SimpleData>
					<SimpleData name="Forme Juridique Abregee">COM</SimpleData>
					<SimpleData name="Denomination">COMMUNE DE SAINT FIRMIN</SimpleData>
				</SchemaData>
			</ExtendedData>
	<Region>
		<LatLonAltBox>
			<north> 44.7906401331194 </north>
			<south> 44.7896030683824 </south>
			<east> 6.03940288310579 </east>
			<west> 6.03844682227071 </west>
		</LatLonAltBox>
		<Lod>
			<minLodPixels>100</minLodPixels>
			<maxLodPixels>-1</maxLodPixels>
		</Lod>
	</Region>
			<Polygon><altitudeMode>relativeToGround</altitudeMode>
				<outerBoundaryIs>
					<LinearRing>
						<coordinates>							6.03934389029517,44.7902785120291,0 6.03909366048774,44.7903821393895,0 6.03900613165873,44.7903685920483,0 6.03890816463336,44.7903421764897,0 6.03884991292249,44.7902570089996,0 6.03890080026894,44.79005388361,0 6.03894342126566,44.7899201803604,0 6.03902480217211,44.7897709084657,0 6.03895104156357,44.7896212054408,0 6.03890932031613,44.7896030683824,0 6.03889147928111,44.7896287850934,0 6.03883753749279,44.7896116137729,0 6.0388162684952,44.7896815726253,0 6.038799554742841,44.7897913201225,0 6.03876348261762,44.7898238435556,0 6.03871197411591,44.7898750801574,0 6.03866060331122,44.7898703619174,0 6.03863574857036,44.7899512308381,0 6.03855433364871,44.7900343712049,0 6.03853677505179,44.7900770185905,0 6.038516609241311,44.7901603717829,0 6.03848256151566,44.7903497007552,0 6.03844682227071,44.7904398778634,0 6.03857949313366,44.7906401331194,0 6.03865397840595,44.7906207020401,0 6.03878029600014,44.7905934528173,0 6.03900971421474,44.7905471587979,0 6.03940288310579,44.7904592533,0 6.03934389029517,44.7902785120291,0 
						</coordinates>
					</LinearRing>
				</outerBoundaryIs>
			</Polygon>
		</Placemark>
		<Placemark id="parcelles-des-personnes-morales_05_groupe_personne_4.95945">
		<styleUrl>#COM</styleUrl>			<visibility>0</visibility>
			<ExtendedData>
				<SchemaData schemaUrl="#parcelles-des-personnes-morales_05_groupe_personne_4.schema">
					<SimpleData name="Numero de Parcelle">05142000AC0076</SimpleData>
					<SimpleData name="Departement">05</SimpleData>
					<SimpleData name="Commune">SAINT-FIRMIN</SimpleData>
					<SimpleData name="Adresse">51, RUE DE L ECOLE</SimpleData>
					<SimpleData name="Groupe de personne">Commune</SimpleData>
					<SimpleData name="Forme Juridique Abregee">COM</SimpleData>
					<SimpleData name="Denomination">COMMUNE DE SAINT FIRMIN</SimpleData>
				</SchemaData>
			</ExtendedData>
	<Region>
		<LatLonAltBox>
			<north> 44.7811900566227 </north>
			<south> 44.7808847497773 </south>
			<east> 5.99189371336832 </east>
			<west> 5.99151267558145 </west>
		</LatLonAltBox>
		<Lod>
			<minLodPixels>100</minLodPixels>
			<maxLodPixels>-1</maxLodPixels>
		</Lod>
	</Region>
			<Polygon><altitudeMode>relativeToGround</altitudeMode>
				<outerBoundaryIs>
					<LinearRing>
						<coordinates>							5.99189371336832,44.7810842548802,0 5.991823007685489,44.7810368813209,0 5.99178527430651,44.781010060388,0 5.991808199474579,44.7809868273662,0 5.99185193650983,44.7809339314528,0 5.99174141352878,44.7808847497773,0 5.99170555088222,44.7809263512545,0 5.991649051154941,44.7809414810611,0 5.99155821484644,44.781022136594,0 5.99151267558145,44.7811053532807,0 5.9915652855024,44.781119339459,0 5.99168272539186,44.7811582438387,0 5.99182255829465,44.7811900566227,0 5.99189371336832,44.7810842548802,0 
						</coordinates>
					</LinearRing>
				</outerBoundaryIs>
			</Polygon>
		</Placemark>
		<Placemark id="parcelles-des-personnes-morales_05_groupe_personne_4.95977">
		<styleUrl>#COM</styleUrl>			<visibility>0</visibility>
			<ExtendedData>
				<SchemaData schemaUrl="#parcelles-des-personnes-morales_05_groupe_personne_4.schema">
					<SimpleData name="Numero de Parcelle">051420000C0076</SimpleData>
					<SimpleData name="Departement">05</SimpleData>
					<SimpleData name="Commune">SAINT-FIRMIN</SimpleData>
					<SimpleData name="Adresse">PRE DU MOULIN</SimpleData>
					<SimpleData name="Groupe de personne">Commune</SimpleData>
					<SimpleData name="Forme Juridique Abregee">COM</SimpleData>
					<SimpleData name="Denomination">COMMUNE DE SAINT FIRMIN</SimpleData>
				</SchemaData>
			</ExtendedData>
	<Region>
		<LatLonAltBox>
			<north> 44.8153389867796 </north>
			<south> 44.8146093093752 </south>
			<east> 6.02713044658119 </east>
			<west> 6.02450381516369 </west>
		</LatLonAltBox>
		<Lod>
			<minLodPixels>100</minLodPixels>
			<maxLodPixels>-1</maxLodPixels>
		</Lod>
	</Region>
			<Polygon><altitudeMode>relativeToGround</altitudeMode>
				<outerBoundaryIs>
					<LinearRing>
						<coordinates>							6.02450381516369,44.8146543439511,0 6.024601279972261,44.8146966444471,0 6.02467432476253,44.8146991568159,0 6.0247761607949,44.8147121460276,0 6.02498372479339,44.8147751385583,0 6.02520821159233,44.814863256965,0 6.0257665318211,44.8151260665299,0 6.02627761345857,44.8153389867796,0 6.026336645543411,44.815302237175,0 6.026737351757109,44.815096957198,0 6.0269293202179,44.8150278369473,0 6.02704490860611,44.814953053089,0 6.02709037202362,44.8149158626021,0 6.027119924324009,44.8148793767788,0 6.02713044658119,44.8148303461974,0 6.02671905885727,44.8147856255206,0 6.026358060922849,44.8147575477107,0 6.02592364781729,44.8147623760507,0 6.025779566943841,44.8147500001102,0 6.025400173157891,44.8146764709831,0 6.02527913053866,44.8146617539209,0 6.02493264468917,44.8146093093752,0 6.024904765058949,44.8146369192981,0 6.024866917970959,44.8146486735107,0 6.02450381516369,44.8146543439511,0 
						</coordinates>
					</LinearRing>
				</outerBoundaryIs>
			</Polygon>
		</Placemark>
		<Placemark id="parcelles-des-personnes-morales_05_groupe_personne_4.96260">
		<styleUrl>#COM</styleUrl>			<visibility>0</visibility>
			<ExtendedData>
				<SchemaData schemaUrl="#parcelles-des-personnes-morales_05_groupe_personne_4.schema">
					<SimpleData name="Numero de Parcelle">05142000AE0766</SimpleData>
					<SimpleData name="Departement">05</SimpleData>
					<SimpleData name="Commune">SAINT-FIRMIN</SimpleData>
					<SimpleData name="Adresse">1, PL DE LA PISCINE</SimpleData>
					<SimpleData name="Groupe de personne">Commune</SimpleData>
					<SimpleData name="Forme Juridique Abregee">COM</SimpleData>
					<SimpleData name="Denomination">COMMUNE DE SAINT FIRMIN</SimpleData>
				</SchemaData>
			</ExtendedData>
	<Region>
		<LatLonAltBox>
			<north> 44.7818215630391 </north>
			<south> 44.7814123341613 </south>
			<east> 6.025799593577571 </east>
			<west> 6.02525232874144 </west>
		</LatLonAltBox>
		<Lod>
			<minLodPixels>100</minLodPixels>
			<maxLodPixels>-1</maxLodPixels>
		</Lod>
	</Region>
			<Polygon><altitudeMode>relativeToGround</altitudeMode>
				<outerBoundaryIs>
					<LinearRing>
						<coordinates>							6.025799593577571,44.7816825022106,0 6.0257454031657,44.7816252382983,0 6.02572433618684,44.7816028386592,0 6.02573465641436,44.781597151026,0 6.025574657980131,44.7814143871067,0 6.025524451826721,44.7814123341613,0 6.025410429761,44.7814162580515,0 6.02531653437584,44.7814556713373,0 6.025280414366449,44.7814708928212,0 6.02528032194179,44.7814715260266,0 6.025277619975979,44.7814753838834,0 6.025282259447079,44.7814769690767,0 6.02525232874144,44.7815202220832,0 6.025314240396189,44.7815940335516,0 6.025382354943229,44.7815950570963,0 6.02551477139058,44.781754248035,0 6.025478029331061,44.7817696667593,0 6.02552092474367,44.7818215630391,0 6.025557540505919,44.7818061477492,0 6.025562121072679,44.781811338439,0 6.025566450245451,44.7818095083897,0 6.02574190035734,44.7817364241262,0 6.02575303179362,44.7817317054146,0 6.02576700077106,44.7817256478599,0 6.02575447823756,44.7817115741832,0 6.02578964583399,44.7816974597193,0 6.02578300096933,44.7816891719918,0 6.025799593577571,44.7816825022106,0 
						</coordinates>
					</LinearRing>
				</outerBoundaryIs>
			</Polygon>
		</Placemark>
		<Placemark id="parcelles-des-personnes-morales_05_groupe_personne_4.96305">
		<styleUrl>#COM</styleUrl>			<visibility>0</visibility>
			<ExtendedData>
				<SchemaData schemaUrl="#parcelles-des-personnes-morales_05_groupe_personne_4.schema">
					<SimpleData name="Numero de Parcelle">05142000AE0767</SimpleData>
					<SimpleData name="Departement">05</SimpleData>
					<SimpleData name="Commune">SAINT-FIRMIN</SimpleData>
					<SimpleData name="Adresse">LA VILLETTE</SimpleData>
					<SimpleData name="Groupe de personne">Commune</SimpleData>
					<SimpleData name="Forme Juridique Abregee">COM</SimpleData>
					<SimpleData name="Denomination">COMMUNE DE SAINT FIRMIN</SimpleData>
				</SchemaData>
			</ExtendedData>
	<Region>
		<LatLonAltBox>
			<north> 44.7820453986638 </north>
			<south> 44.7813232548617 </south>
			<east> 6.02586129868689 </east>
			<west> 6.024957169658201 </west>
		</LatLonAltBox>
		<Lod>
			<minLodPixels>100</minLodPixels>
			<maxLodPixels>-1</maxLodPixels>
		</Lod>
	</Region>
			<Polygon><altitudeMode>relativeToGround</altitudeMode>
				<outerBoundaryIs>
					<LinearRing>
						<coordinates>							6.025610541828379,44.7813877295945,0 6.02525614938239,44.7813232548617,0 6.0252377968871,44.7813630383678,0 6.025115963261981,44.7816261152585,0 6.02505174799989,44.7817140013816,0 6.02502529095921,44.7817301302645,0 6.02502537948435,44.781776437935,0 6.024957169658201,44.7818935345167,0 6.02504311595244,44.7819414627843,0 6.02505799137292,44.7819734017034,0 6.025072563087909,44.7819926451706,0 6.02509453486266,44.7820083530224,0 6.0251185576861,44.7820198603968,0 6.025152584436629,44.7820292026258,0 6.02521823433754,44.7820408349706,0 6.02525238345084,44.7820453986638,0 6.02532586675964,44.7820215889869,0 6.02548956652094,44.7819417082314,0 6.02562271338456,44.781877077011,0 6.02579236586959,44.7817855908816,0 6.02586129868689,44.781747759781,0 6.025799593577571,44.7816825022106,0 6.02578300096933,44.7816891719918,0 6.02578964583399,44.7816974597193,0 6.02575447823756,44.7817115741832,0 6.02576700077106,44.7817256478599,0 6.02575303179362,44.7817317054146,0 6.02574190035734,44.7817364241262,0 6.025566450245451,44.7818095083897,0 6.025562121072679,44.781811338439,0 6.025557540505919,44.7818061477492,0 6.02552092474367,44.7818215630391,0 6.025478029331061,44.7817696667593,0 6.02551477139058,44.781754248035,0 6.025382354943229,44.7815950570963,0 6.025314240396189,44.7815940335516,0 6.02525232874144,44.7815202220832,0 6.025282259447079,44.7814769690767,0 6.025277619975979,44.7814753838834,0 6.02528032194179,44.7814715260266,0 6.025280414366449,44.7814708928212,0 6.02531653437584,44.7814556713373,0 6.025410429761,44.7814162580515,0 6.025524451826721,44.7814123341613,0 6.025574657980131,44.7814143871067,0 6.02561303749178,44.7813964910061,0 6.025610541828379,44.7813877295945,0 
						</coordinates>
					</LinearRing>
				</outerBoundaryIs>
			</Polygon>
		</Placemark>
		<Placemark id="parcelles-des-personnes-morales_05_groupe_personne_4.96373">
		<styleUrl>#COM</styleUrl>			<visibility>0</visibility>
			<ExtendedData>
				<SchemaData schemaUrl="#parcelles-des-personnes-morales_05_groupe_personne_4.schema">
					<SimpleData name="Numero de Parcelle">051420000D0768</SimpleData>
					<SimpleData name="Departement">05</SimpleData>
					<SimpleData name="Commune">SAINT-FIRMIN</SimpleData>
					<SimpleData name="Adresse">LE CREST</SimpleData>
					<SimpleData name="Groupe de personne">Commune</SimpleData>
					<SimpleData name="Forme Juridique Abregee">COM</SimpleData>
					<SimpleData name="Denomination">COMMUNE DE SAINT FIRMIN</SimpleData>
				</SchemaData>
			</ExtendedData>
	<Region>
		<LatLonAltBox>
			<north> 44.7883473874035 </north>
			<south> 44.7880285659881 </south>
			<east> 6.040046706628211 </east>
			<west> 6.03945732799274 </west>
		</LatLonAltBox>
		<Lod>
			<minLodPixels>100</minLodPixels>
			<maxLodPixels>-1</maxLodPixels>
		</Lod>
	</Region>
			<Polygon><altitudeMode>relativeToGround</altitudeMode>
				<outerBoundaryIs>
					<LinearRing>
						<coordinates>							6.03967002673211,44.788041256368,0 6.039626829700959,44.7880285659881,0 6.03959021108234,44.7880743491502,0 6.039549358831391,44.7881681806952,0 6.03949170027331,44.7882764383764,0 6.03946008780655,44.7882767647618,0 6.03945732799274,44.7883473874035,0 6.03958821139669,44.7883064070725,0 6.03977194128482,44.7882717255862,0 6.039857185463559,44.7882501064594,0 6.03995609638914,44.7882098224397,0 6.040046706628211,44.7881517463588,0 6.03967002673211,44.788041256368,0 
						</coordinates>
					</LinearRing>
				</outerBoundaryIs>
			</Polygon>
		</Placemark>
		<Placemark id="parcelles-des-personnes-morales_05_groupe_personne_4.96433">
		<styleUrl>#COM</styleUrl>			<visibility>0</visibility>
			<ExtendedData>
				<SchemaData schemaUrl="#parcelles-des-personnes-morales_05_groupe_personne_4.schema">
					<SimpleData name="Numero de Parcelle">051420000D0769</SimpleData>
					<SimpleData name="Departement">05</SimpleData>
					<SimpleData name="Commune">SAINT-FIRMIN</SimpleData>
					<SimpleData name="Adresse">LE CREST</SimpleData>
					<SimpleData name="Groupe de personne">Commune</SimpleData>
					<SimpleData name="Forme Juridique Abregee">COM</SimpleData>
					<SimpleData name="Denomination">COMMUNE DE SAINT FIRMIN</SimpleData>
				</SchemaData>
			</ExtendedData>
	<Region>
		<LatLonAltBox>
			<north> 44.7882767647618 </north>
			<south> 44.7879524686218 </south>
			<east> 6.039683338931221 </east>
			<west> 6.03946008780655 </west>
		</LatLonAltBox>
		<Lod>
			<minLodPixels>100</minLodPixels>
			<maxLodPixels>-1</maxLodPixels>
		</Lod>
	</Region>
			<Polygon><altitudeMode>relativeToGround</altitudeMode>
				<outerBoundaryIs>
					<LinearRing>
						<coordinates>							6.039626829700959,44.7880285659881,0 6.039683338931221,44.7879575503438,0 6.03964852420175,44.7879524686218,0 6.03960096909567,44.7880112555975,0 6.03949610514547,44.7881075634952,0 6.03948364397451,44.7881368267934,0 6.039462692253031,44.7882079483481,0 6.03946008780655,44.7882767647618,0 6.03949170027331,44.7882764383764,0 6.039549358831391,44.7881681806952,0 6.03959021108234,44.7880743491502,0 6.039626829700959,44.7880285659881,0 
						</coordinates>
					</LinearRing>
				</outerBoundaryIs>
			</Polygon>
		</Placemark>
		<Placemark id="parcelles-des-personnes-morales_05_groupe_personne_4.96658">
		<styleUrl>#COM</styleUrl>			<visibility>0</visibility>
			<ExtendedData>
				<SchemaData schemaUrl="#parcelles-des-personnes-morales_05_groupe_personne_4.schema">
					<SimpleData name="Numero de Parcelle">051420000D0771</SimpleData>
					<SimpleData name="Departement">05</SimpleData>
					<SimpleData name="Commune">SAINT-FIRMIN</SimpleData>
					<SimpleData name="Adresse">LE CREST</SimpleData>
					<SimpleData name="Groupe de personne">Commune</SimpleData>
					<SimpleData name="Forme Juridique Abregee">COM</SimpleData>
					<SimpleData name="Denomination">COMMUNE DE SAINT FIRMIN</SimpleData>
				</SchemaData>
			</ExtendedData>
	<Region>
		<LatLonAltBox>
			<north> 44.7902245686296 </north>
			<south> 44.7874914312333 </south>
			<east> 6.04201535608526 </east>
			<west> 6.040047909269679 </west>
		</LatLonAltBox>
		<Lod>
			<minLodPixels>100</minLodPixels>
			<maxLodPixels>-1</maxLodPixels>
		</Lod>
	</Region>
			<Polygon><altitudeMode>relativeToGround</altitudeMode>
				<outerBoundaryIs>
					<LinearRing>
						<coordinates>							6.04201535608526,44.7900988140037,0 6.04180041281801,44.7897111634232,0 6.04174076846153,44.7896330632665,0 6.04165624072408,44.7895533935308,0 6.04162191509704,44.7894989250401,0 6.04155777225479,44.789335354774,0 6.041504224327899,44.7891431127394,0 6.041442393659531,44.7889193833691,0 6.04141894416173,44.7886894651205,0 6.04140337606128,44.7885981721989,0 6.04138025405166,44.7885239349709,0 6.04131686317861,44.7884256653486,0 6.04129952124941,44.7883764069413,0 6.04131664354283,44.7882275450754,0 6.04131394895224,44.788201130102,0 6.04128188434616,44.7881510143359,0 6.04113758140498,44.78799072484,0 6.041020956589971,44.78788832974,0 6.04075070307672,44.7876356311092,0 6.04059791105793,44.7874914312333,0 6.04063274423444,44.787541291004,0 6.04064272974646,44.7875995809435,0 6.040631421083089,44.7876314256159,0 6.04059529257577,44.7876581849431,0 6.04059934809528,44.7876933922158,0 6.040487200623891,44.7877088124523,0 6.04048166220579,44.7877724837033,0 6.04046975013314,44.7877955152774,0 6.04040381944933,44.7877975943155,0 6.04036861192405,44.7879138860158,0 6.04034155896619,44.7879330082203,0 6.040282028651971,44.7879504986063,0 6.040279560294701,44.7880077787444,0 6.04029627610471,44.7880197537534,0 6.040185417869311,44.7881806470642,0 6.040171955505961,44.7882615642457,0 6.04014041554993,44.7883755028067,0 6.04012344474459,44.7884547142584,0 6.04005433362833,44.7884939107158,0 6.04011199325836,44.7885283684105,0 6.04019097045597,44.7885756659583,0 6.04027912208432,44.788628838466,0 6.040358573079401,44.7886451290805,0 6.040303654812229,44.7887385359305,0 6.04026669134603,44.7887849594778,0 6.04021672374976,44.7888155220365,0 6.0401828973069,44.788840416098,0 6.04015823639176,44.788882718002,0 6.04018631473793,44.7889761005389,0 6.04018279292668,44.7890466540437,0 6.04016110633368,44.7890971634068,0 6.040098304712171,44.7891758300715,0 6.040147631043699,44.7892012362312,0 6.040142420895431,44.7892452570403,0 6.04005555355748,44.7892813366124,0 6.040047909269679,44.7893294786094,0 6.04010385554038,44.7893766872048,0 6.04027571703481,44.7897914708129,0 6.040456542929,44.7902245686296,0 6.040999654633639,44.7901790346388,0 6.04201535608526,44.7900988140037,0 
						</coordinates>
					</LinearRing>
				</outerBoundaryIs>
			</Polygon>
		</Placemark>
		<Placemark id="parcelles-des-personnes-morales_05_groupe_personne_4.96812">
		<styleUrl>#COM</styleUrl>			<visibility>0</visibility>
			<ExtendedData>
				<SchemaData schemaUrl="#parcelles-des-personnes-morales_05_groupe_personne_4.schema">
					<SimpleData name="Numero de Parcelle">051420000D0774</SimpleData>
					<SimpleData name="Departement">05</SimpleData>
					<SimpleData name="Commune">SAINT-FIRMIN</SimpleData>
					<SimpleData name="Adresse">CLOT EYRAUD</SimpleData>
					<SimpleData name="Groupe de personne">Commune</SimpleData>
					<SimpleData name="Forme Juridique Abregee">COM</SimpleData>
					<SimpleData name="Denomination">COMMUNE DE SAINT FIRMIN</SimpleData>
				</SchemaData>
			</ExtendedData>
	<Region>
		<LatLonAltBox>
			<north> 44.7916919094865 </north>
			<south> 44.7910741570337 </south>
			<east> 6.04247266164901 </east>
			<west> 6.04227590571039 </west>
		</LatLonAltBox>
		<Lod>
			<minLodPixels>100</minLodPixels>
			<maxLodPixels>-1</maxLodPixels>
		</Lod>
	</Region>
			<Polygon><altitudeMode>relativeToGround</altitudeMode>
				<outerBoundaryIs>
					<LinearRing>
						<coordinates>							6.04231644473317,44.7916453791224,0 6.0423204836635,44.7916124723999,0 6.04234714614968,44.791530021186,0 6.04235131341878,44.7914737754272,0 6.04235549275795,44.7913569831438,0 6.042377220369509,44.7912932276768,0 6.04242159020859,44.791215335897,0 6.04247266164901,44.7911443779155,0 6.04241449167112,44.7911029076307,0 6.04235574507835,44.7910741570337,0 6.04230112370905,44.7913249588994,0 6.04227590571039,44.7915392746547,0 6.042298592539141,44.7916919094865,0 6.04231644473317,44.7916453791224,0 
						</coordinates>
					</LinearRing>
				</outerBoundaryIs>
			</Polygon>
		</Placemark>
		<Placemark id="parcelles-des-personnes-morales_05_groupe_personne_4.97218">
		<styleUrl>#COM</styleUrl>			<visibility>0</visibility>
			<ExtendedData>
				<SchemaData schemaUrl="#parcelles-des-personnes-morales_05_groupe_personne_4.schema">
					<SimpleData name="Numero de Parcelle">051420000A0780</SimpleData>
					<SimpleData name="Departement">05</SimpleData>
					<SimpleData name="Commune">SAINT-FIRMIN</SimpleData>
					<SimpleData name="Adresse">BOIS DE L AUBERIE</SimpleData>
					<SimpleData name="Groupe de personne">Commune</SimpleData>
					<SimpleData name="Forme Juridique Abregee">COM</SimpleData>
					<SimpleData name="Denomination">COMMUNE DE SAINT FIRMIN</SimpleData>
				</SchemaData>
			</ExtendedData>
	<Region>
		<LatLonAltBox>
			<north> 44.7854779427772 </north>
			<south> 44.7851388736083 </south>
			<east> 5.9927218739012 </east>
			<west> 5.99220332548087 </west>
		</LatLonAltBox>
		<Lod>
			<minLodPixels>100</minLodPixels>
			<maxLodPixels>-1</maxLodPixels>
		</Lod>
	</Region>
			<Polygon><altitudeMode>relativeToGround</altitudeMode>
				<outerBoundaryIs>
					<LinearRing>
						<coordinates>							5.99220332548087,44.7853178882309,0 5.99241706336631,44.7854663617898,0 5.99242527060777,44.7854779427772,0 5.99244523009104,44.785465511149,0 5.9927218739012,44.7852200970248,0 5.99251007191774,44.7851388736083,0 5.99220332548087,44.7853178882309,0 
						</coordinates>
					</LinearRing>
				</outerBoundaryIs>
			</Polygon>
		</Placemark>
		<Placemark id="parcelles-des-personnes-morales_05_groupe_personne_4.97302">
		<styleUrl>#COM</styleUrl>			<visibility>0</visibility>
			<ExtendedData>
				<SchemaData schemaUrl="#parcelles-des-personnes-morales_05_groupe_personne_4.schema">
					<SimpleData name="Numero de Parcelle">051420000A0782</SimpleData>
					<SimpleData name="Departement">05</SimpleData>
					<SimpleData name="Commune">SAINT-FIRMIN</SimpleData>
					<SimpleData name="Adresse">BOIS DE L AUBERIE</SimpleData>
					<SimpleData name="Groupe de personne">Commune</SimpleData>
					<SimpleData name="Forme Juridique Abregee">COM</SimpleData>
					<SimpleData name="Denomination">COMMUNE DE SAINT FIRMIN</SimpleData>
				</SchemaData>
			</ExtendedData>
	<Region>
		<LatLonAltBox>
			<north> 44.7852517898331 </north>
			<south> 44.7849395541631 </south>
			<east> 5.9927960520613 </east>
			<west> 5.99251007191774 </west>
		</LatLonAltBox>
		<Lod>
			<minLodPixels>100</minLodPixels>
			<maxLodPixels>-1</maxLodPixels>
		</Lod>
	</Region>
			<Polygon><altitudeMode>relativeToGround</altitudeMode>
				<outerBoundaryIs>
					<LinearRing>
						<coordinates>							5.99251007191774,44.7851388736083,0 5.9927218739012,44.7852200970248,0 5.9927960520613,44.7852517898331,0 5.99279540799718,44.7851018872331,0 5.9927859402328,44.7849715935958,0 5.99270124365427,44.7849395541631,0 5.99263339200926,44.7850670705345,0 5.99251007191774,44.7851388736083,0 
						</coordinates>
					</LinearRing>
				</outerBoundaryIs>
			</Polygon>
		</Placemark>
		<Placemark id="parcelles-des-personnes-morales_05_groupe_personne_4.97405">
		<styleUrl>#COM</styleUrl>			<visibility>0</visibility>
			<ExtendedData>
				<SchemaData schemaUrl="#parcelles-des-personnes-morales_05_groupe_personne_4.schema">
					<SimpleData name="Numero de Parcelle">051420000A0784</SimpleData>
					<SimpleData name="Departement">05</SimpleData>
					<SimpleData name="Commune">SAINT-FIRMIN</SimpleData>
					<SimpleData name="Adresse">BOIS DE L AUBERIE</SimpleData>
					<SimpleData name="Groupe de personne">Commune</SimpleData>
					<SimpleData name="Forme Juridique Abregee">COM</SimpleData>
					<SimpleData name="Denomination">COMMUNE DE SAINT FIRMIN</SimpleData>
				</SchemaData>
			</ExtendedData>
	<Region>
		<LatLonAltBox>
			<north> 44.7849715935958 </north>
			<south> 44.7848484142483 </south>
			<east> 5.9927859402328 </east>
			<west> 5.99270124365427 </west>
		</LatLonAltBox>
		<Lod>
			<minLodPixels>100</minLodPixels>
			<maxLodPixels>-1</maxLodPixels>
		</Lod>
	</Region>
			<Polygon><altitudeMode>relativeToGround</altitudeMode>
				<outerBoundaryIs>
					<LinearRing>
						<coordinates>							5.99270124365427,44.7849395541631,0 5.9927859402328,44.7849715935958,0 5.992773924151711,44.7848956066575,0 5.992749904705151,44.7848484142483,0 5.99270124365427,44.7849395541631,0 
						</coordinates>
					</LinearRing>
				</outerBoundaryIs>
			</Polygon>
		</Placemark>
		<Placemark id="parcelles-des-personnes-morales_05_groupe_personne_4.97921">
		<styleUrl>#COM</styleUrl>			<visibility>0</visibility>
			<ExtendedData>
				<SchemaData schemaUrl="#parcelles-des-personnes-morales_05_groupe_personne_4.schema">
					<SimpleData name="Numero de Parcelle">051420000D0792</SimpleData>
					<SimpleData name="Departement">05</SimpleData>
					<SimpleData name="Commune">SAINT-FIRMIN</SimpleData>
					<SimpleData name="Adresse">CLOT EYRAUD</SimpleData>
					<SimpleData name="Groupe de personne">Commune</SimpleData>
					<SimpleData name="Forme Juridique Abregee">COM</SimpleData>
					<SimpleData name="Denomination">COMMUNE DE SAINT FIRMIN</SimpleData>
				</SchemaData>
			</ExtendedData>
	<Region>
		<LatLonAltBox>
			<north> 44.7960720691487 </north>
			<south> 44.7949942122368 </south>
			<east> 6.046173790402361 </east>
			<west> 6.04335451131616 </west>
		</LatLonAltBox>
		<Lod>
			<minLodPixels>100</minLodPixels>
			<maxLodPixels>-1</maxLodPixels>
		</Lod>
	</Region>
			<Polygon><altitudeMode>relativeToGround</altitudeMode>
				<outerBoundaryIs>
					<LinearRing>
						<coordinates>							6.04519864834853,44.7949942122368,0 6.04522630904099,44.7951637389185,0 6.045296869452729,44.7951885596659,0 6.045428555815,44.795253236445,0 6.04547931509313,44.7952862595217,0 6.04544487963617,44.7952836017135,0 6.04537424549916,44.795255089031,0 6.04527450499668,44.7952125096886,0 6.045196904799111,44.7951978832944,0 6.045123642283,44.7952002564397,0 6.04498292226524,44.7952210608846,0 6.04487239298224,44.7952315754308,0 6.04476907347475,44.7952607224506,0 6.04465487668794,44.79531098096,0 6.04458826026193,44.7953332632036,0 6.044562911064909,44.7953535109123,0 6.04462103822927,44.7953637172129,0 6.044872624015341,44.7953642845187,0 6.04509001806304,44.7953666915761,0 6.04521944460006,44.7953733170002,0 6.045505743855741,44.7953816687424,0 6.04553422190162,44.7953864723949,0 6.045281078794491,44.7954015364576,0 6.045061842598409,44.7953978288974,0 6.04496761330872,44.7953869027265,0 6.04476039276409,44.7953994426529,0 6.04459044200537,44.7953922179393,0 6.04448282208882,44.795395714571,0 6.0443806621099,44.7954159095952,0 6.04421745515935,44.7954630989019,0 6.04410185502203,44.7954944746344,0 6.04396825852181,44.7955183256802,0 6.04359526601827,44.7955610938741,0 6.04341328092819,44.79557699276,0 6.04335451131616,44.7955946439558,0 6.04339139950251,44.7956215617145,0 6.043746730740709,44.7957643419239,0 6.04396486851387,44.7958552077382,0 6.04425378345549,44.7959818806693,0 6.04451056696976,44.7960433029656,0 6.044607903168339,44.7960578382639,0 6.04490983542817,44.7960720691487,0 6.04516224385606,44.7960620717303,0 6.04522815442185,44.7960290867924,0 6.0452955790752,44.795984347375,0 6.04540215940951,44.7958939332267,0 6.04557774256825,44.7957295440042,0 6.04573241904722,44.7956206892189,0 6.04584051374782,44.7955278904419,0 6.0459501441198,44.7954634304696,0 6.046101656408251,44.7953849352851,0 6.046173790402361,44.795350066849,0 6.045972561240629,44.7952793733173,0 6.045917763840751,44.7952488940931,0 6.0458160895629,44.7952103327129,0 6.045494915044369,44.7951258155026,0 6.04538275398105,44.7950851993098,0 6.04519864834853,44.7949942122368,0 
						</coordinates>
					</LinearRing>
				</outerBoundaryIs>
			</Polygon>
		</Placemark>
		<Placemark id="parcelles-des-personnes-morales_05_groupe_personne_4.98027">
		<styleUrl>#COM</styleUrl>			<visibility>0</visibility>
			<ExtendedData>
				<SchemaData schemaUrl="#parcelles-des-personnes-morales_05_groupe_personne_4.schema">
					<SimpleData name="Numero de Parcelle">051420000D0794</SimpleData>
					<SimpleData name="Departement">05</SimpleData>
					<SimpleData name="Commune">SAINT-FIRMIN</SimpleData>
					<SimpleData name="Adresse">LE MALARD</SimpleData>
					<SimpleData name="Groupe de personne">Commune</SimpleData>
					<SimpleData name="Forme Juridique Abregee">COM</SimpleData>
					<SimpleData name="Denomination">COMMUNE DE SAINT FIRMIN</SimpleData>
				</SchemaData>
			</ExtendedData>
	<Region>
		<LatLonAltBox>
			<north> 44.7979220416706 </north>
			<south> 44.7958799072045 </south>
			<east> 6.047620369935441 </east>
			<west> 6.0448520595092 </west>
		</LatLonAltBox>
		<Lod>
			<minLodPixels>100</minLodPixels>
			<maxLodPixels>-1</maxLodPixels>
		</Lod>
	</Region>
			<Polygon><altitudeMode>relativeToGround</altitudeMode>
				<outerBoundaryIs>
					<LinearRing>
						<coordinates>							6.04760602640592,44.7960027459484,0 6.047620369935441,44.7958799072045,0 6.04744037645649,44.7959372034224,0 6.04731762787945,44.7959650850158,0 6.047172270837529,44.7959867404868,0 6.04710791186039,44.7959969790477,0 6.04678491296227,44.7960072995043,0 6.046529197874201,44.796028653868,0 6.046316624715109,44.7960405328771,0 6.046001547270591,44.7960802758421,0 6.04578421036916,44.7964595274547,0 6.0455987687377,44.7968062775672,0 6.045404909130499,44.79696738478,0 6.04522119562524,44.7971289336816,0 6.04516653357801,44.7971873778287,0 6.04504621982845,44.7972672670303,0 6.0450434907969,44.797279955832,0 6.045107999222919,44.7973658498355,0 6.04496153474803,44.7975913362149,0 6.0448520595092,44.7977731895947,0 6.04488125764179,44.7979220416706,0 6.0453782919875,44.7974639298449,0 6.04570611658539,44.7971642638718,0 6.04611635870207,44.7967883608384,0 6.04646657413835,44.7971399423217,0 6.04651892918417,44.7970459718535,0 6.046540019011741,44.7969891705196,0 6.04661838254771,44.7969174603707,0 6.04683393968121,44.7967691792615,0 6.04700893679132,44.796645348284,0 6.04718283940918,44.7964966798141,0 6.04721379738926,44.7964585278178,0 6.04727795969734,44.7963419779445,0 6.04731268656806,44.796293991627,0 6.047474111080569,44.7962069329498,0 6.047545099739451,44.7961556070123,0 6.04760602640592,44.7960027459484,0 
						</coordinates>
					</LinearRing>
				</outerBoundaryIs>
			</Polygon>
		</Placemark>
		<Placemark id="parcelles-des-personnes-morales_05_groupe_personne_4.98539">
		<styleUrl>#COM</styleUrl>			<visibility>0</visibility>
			<ExtendedData>
				<SchemaData schemaUrl="#parcelles-des-personnes-morales_05_groupe_personne_4.schema">
					<SimpleData name="Numero de Parcelle">051420000A0080</SimpleData>
					<SimpleData name="Departement">05</SimpleData>
					<SimpleData name="Commune">SAINT-FIRMIN</SimpleData>
					<SimpleData name="Adresse">LA GOURGONA</SimpleData>
					<SimpleData name="Groupe de personne">Commune</SimpleData>
					<SimpleData name="Forme Juridique Abregee">COM</SimpleData>
					<SimpleData name="Denomination">COMMUNE DE SAINT FIRMIN</SimpleData>
				</SchemaData>
			</ExtendedData>
	<Region>
		<LatLonAltBox>
			<north> 44.7938375783086 </north>
			<south> 44.7933909742291 </south>
			<east> 5.99943486080562 </east>
			<west> 5.99692233782033 </west>
		</LatLonAltBox>
		<Lod>
			<minLodPixels>100</minLodPixels>
			<maxLodPixels>-1</maxLodPixels>
		</Lod>
	</Region>
			<Polygon><altitudeMode>relativeToGround</altitudeMode>
				<outerBoundaryIs>
					<LinearRing>
						<coordinates>							5.99692233782033,44.7936560198166,0 5.99720607515513,44.7938207925956,0 5.997385384033351,44.7938353145813,0 5.99747825155928,44.7938375783086,0 5.997568593600769,44.7938233324791,0 5.99774295676473,44.7937783436725,0 5.99792875981787,44.793739081642,0 5.99818640380804,44.7937230130105,0 5.99826678984564,44.7937213791495,0 5.99844382441897,44.7937359609428,0 5.99873253835941,44.7937662611861,0 5.998904707363691,44.7937607922305,0 5.999076716132819,44.7937475790273,0 5.99921232474224,44.7937161599136,0 5.99928692165989,44.7936866618876,0 5.99943486080562,44.7936136445479,0 5.99921941414527,44.7935739757013,0 5.999030844415101,44.7935281734295,0 5.99892712648295,44.7934956618165,0 5.998776595835471,44.7934513526252,0 5.99870564743881,44.7934377754912,0 5.998589529194369,44.7934265915765,0 5.99851543042885,44.7934227398928,0 5.99840211295817,44.793423733159,0 5.99824955910471,44.7934268688329,0 5.99795806502556,44.7934440334119,0 5.99787461344698,44.7934451192966,0 5.99783502033317,44.7934429466834,0 5.99764131506155,44.7933909742291,0 5.997638036667699,44.7934172810069,0 5.9972321615888,44.7935554734722,0 5.99692233782033,44.7936560198166,0 
						</coordinates>
					</LinearRing>
				</outerBoundaryIs>
			</Polygon>
		</Placemark>
		<Placemark id="parcelles-des-personnes-morales_05_groupe_personne_4.98688">
		<styleUrl>#COM</styleUrl>			<visibility>0</visibility>
			<ExtendedData>
				<SchemaData schemaUrl="#parcelles-des-personnes-morales_05_groupe_personne_4.schema">
					<SimpleData name="Numero de Parcelle">051420000D0800</SimpleData>
					<SimpleData name="Departement">05</SimpleData>
					<SimpleData name="Commune">SAINT-FIRMIN</SimpleData>
					<SimpleData name="Adresse">LE MALARD</SimpleData>
					<SimpleData name="Groupe de personne">Commune</SimpleData>
					<SimpleData name="Forme Juridique Abregee">COM</SimpleData>
					<SimpleData name="Denomination">COMMUNE DE SAINT FIRMIN</SimpleData>
				</SchemaData>
			</ExtendedData>
	<Region>
		<LatLonAltBox>
			<north> 44.796604951127 </north>
			<south> 44.7961077256075 </south>
			<east> 6.04550895563943 </east>
			<west> 6.04463007758031 </west>
		</LatLonAltBox>
		<Lod>
			<minLodPixels>100</minLodPixels>
			<maxLodPixels>-1</maxLodPixels>
		</Lod>
	</Region>
			<Polygon><altitudeMode>relativeToGround</altitudeMode>
				<outerBoundaryIs>
					<LinearRing>
						<coordinates>							6.04482254936678,44.7961192459829,0 6.04463529691465,44.796477036103,0 6.04463007758031,44.7965068219582,0 6.044650390649791,44.7965641074077,0 6.04482317886101,44.796604951127,0 6.044949821896081,44.7964854250231,0 6.04500698573611,44.7965105239205,0 6.04506035084755,44.7964585124941,0 6.04506906649453,44.7963858336445,0 6.04508188046784,44.7963514242846,0 6.04514198782989,44.796311751323,0 6.04523534444003,44.7962691826926,0 6.04550895563943,44.7961180478846,0 6.045241906233,44.7961077256075,0 6.04496403938967,44.7961266215584,0 6.04482254936678,44.7961192459829,0 
						</coordinates>
					</LinearRing>
				</outerBoundaryIs>
			</Polygon>
		</Placemark>
		<Placemark id="parcelles-des-personnes-morales_05_groupe_personne_4.99519">
		<styleUrl>#COM</styleUrl>			<visibility>0</visibility>
			<ExtendedData>
				<SchemaData schemaUrl="#parcelles-des-personnes-morales_05_groupe_personne_4.schema">
					<SimpleData name="Numero de Parcelle">051420000C0813</SimpleData>
					<SimpleData name="Departement">05</SimpleData>
					<SimpleData name="Commune">SAINT-FIRMIN</SimpleData>
					<SimpleData name="Adresse">TRAI LE CROS</SimpleData>
					<SimpleData name="Groupe de personne">Commune</SimpleData>
					<SimpleData name="Forme Juridique Abregee">COM</SimpleData>
					<SimpleData name="Denomination">COMMUNE DE SAINT FIRMIN</SimpleData>
				</SchemaData>
			</ExtendedData>
	<Region>
		<LatLonAltBox>
			<north> 44.7886360437698 </north>
			<south> 44.7882537182866 </south>
			<east> 6.02033717904175 </east>
			<west> 6.01954283866913 </west>
		</LatLonAltBox>
		<Lod>
			<minLodPixels>100</minLodPixels>
			<maxLodPixels>-1</maxLodPixels>
		</Lod>
	</Region>
			<Polygon><altitudeMode>relativeToGround</altitudeMode>
				<outerBoundaryIs>
					<LinearRing>
						<coordinates>							6.02032540648147,44.7883838067772,0 6.01999699503492,44.7883750069934,0 6.01996845355313,44.7882864981691,0 6.01995796237958,44.7882537182866,0 6.01982561097029,44.7882982288573,0 6.01965748360527,44.7883738966592,0 6.01954283866913,44.788364136293,0 6.01954819540015,44.788390839377,0 6.01955576399015,44.7884139683997,0 6.019629057346729,44.7886360437698,0 6.02033717904175,44.7884945761021,0 6.02032540648147,44.7883838067772,0 
						</coordinates>
					</LinearRing>
				</outerBoundaryIs>
			</Polygon>
		</Placemark>
		<Placemark id="parcelles-des-personnes-morales_05_groupe_personne_4.100413">
		<styleUrl>#COM</styleUrl>			<visibility>0</visibility>
			<ExtendedData>
				<SchemaData schemaUrl="#parcelles-des-personnes-morales_05_groupe_personne_4.schema">
					<SimpleData name="Numero de Parcelle">051420000D0828</SimpleData>
					<SimpleData name="Departement">05</SimpleData>
					<SimpleData name="Commune">SAINT-FIRMIN</SimpleData>
					<SimpleData name="Adresse">LES BLACHES</SimpleData>
					<SimpleData name="Groupe de personne">Commune</SimpleData>
					<SimpleData name="Forme Juridique Abregee">COM</SimpleData>
					<SimpleData name="Denomination">COMMUNE DE SAINT FIRMIN</SimpleData>
				</SchemaData>
			</ExtendedData>
	<Region>
		<LatLonAltBox>
			<north> 44.7903394757605 </north>
			<south> 44.7873117517958 </south>
			<east> 6.05190367757487 </east>
			<west> 6.048933931922839 </west>
		</LatLonAltBox>
		<Lod>
			<minLodPixels>100</minLodPixels>
			<maxLodPixels>-1</maxLodPixels>
		</Lod>
	</Region>
			<Polygon><altitudeMode>relativeToGround</altitudeMode>
				<outerBoundaryIs>
					<LinearRing>
						<coordinates>							6.05143698028736,44.7876438370938,0 6.05108504911388,44.7877682221487,0 6.05099891248106,44.7878478982216,0 6.05104339637143,44.7878842447887,0 6.051073079340819,44.7879182958471,0 6.0508802647024,44.7878041329008,0 6.050699094736709,44.7876970372039,0 6.050564176973451,44.7876425471764,0 6.05014133677622,44.7874838085841,0 6.05004702583184,44.7874478418994,0 6.04996147996207,44.7874288427766,0 6.04988725876216,44.7874040359188,0 6.04977372517554,44.7873635524805,0 6.04970017867095,44.7873931465524,0 6.04967718963507,44.7873868415593,0 6.0496997079896,44.7873378389012,0 6.049663462285519,44.7873250511996,0 6.04962052109166,44.787312447728,0 6.04959669777241,44.7873117517958,0 6.04955262038956,44.7873411655548,0 6.049480237856221,44.7874015412029,0 6.049358011743491,44.7875179781511,0 6.04925915290277,44.7876593600643,0 6.04919711180923,44.7877494538465,0 6.04909329260472,44.7879370125076,0 6.04902317244378,44.7880554392493,0 6.048960833703249,44.7881843736151,0 6.048933931922839,44.7882552104865,0 6.0489437594169,44.7883477417855,0 6.04897597612066,44.7885171420301,0 6.04899276182013,44.7886096621079,0 6.04902532724672,44.7886921976067,0 6.04903250553074,44.788759213765,0 6.04902346655613,44.7888351453597,0 6.04902618619172,44.7888899406594,0 6.04904912322927,44.7890212141649,0 6.049078195868141,44.7893075589918,0 6.04908216073977,44.7893876377882,0 6.04911257063566,44.7894957305446,0 6.04914731623737,44.7896091099417,0 6.049188602639,44.7897637548114,0 6.04924559624777,44.7899677020525,0 6.049274910786249,44.7901045664459,0 6.04932978920807,44.7903394757605,0 6.049698660392499,44.7900629042297,0 6.049930276116411,44.7898940825913,0 6.05079548477684,44.7897315175533,0 6.051517913171081,44.7896518035259,0 6.05190367757487,44.7896050518758,0 6.05182311392929,44.7891862383373,0 6.0517277525599,44.7886719671383,0 6.051858373084231,44.7883396898082,0 6.051735057105119,44.7881377502713,0 6.051630006843189,44.7879529670558,0 6.05143698028736,44.7876438370938,0 
						</coordinates>
					</LinearRing>
				</outerBoundaryIs>
				<innerBoundaryIs>
					<LinearRing>
						<coordinates>							6.04953915405225,44.7875266889249,0 6.04952934142199,44.7875557004177,0 6.04949357317325,44.7875680370562,0 6.04942913340958,44.787525301401,0 6.0494448990952,44.7874800885496,0 6.04946293417066,44.7874557161493,0 6.04948516312763,44.7874340214071,0 6.049529470781279,44.7874508219722,0 6.049540006578811,44.7874771111816,0 6.04953915405225,44.7875266889249,0 
						</coordinates>
					</LinearRing>
				</innerBoundaryIs>
			</Polygon>
		</Placemark>
		<Placemark id="parcelles-des-personnes-morales_05_groupe_personne_4.100780">
		<styleUrl>#COM</styleUrl>			<visibility>0</visibility>
			<ExtendedData>
				<SchemaData schemaUrl="#parcelles-des-personnes-morales_05_groupe_personne_4.schema">
					<SimpleData name="Numero de Parcelle">051420000D0833</SimpleData>
					<SimpleData name="Departement">05</SimpleData>
					<SimpleData name="Commune">SAINT-FIRMIN</SimpleData>
					<SimpleData name="Adresse">LES BLACHES</SimpleData>
					<SimpleData name="Groupe de personne">Commune</SimpleData>
					<SimpleData name="Forme Juridique Abregee">COM</SimpleData>
					<SimpleData name="Denomination">COMMUNE DE SAINT FIRMIN</SimpleData>
				</SchemaData>
			</ExtendedData>
	<Region>
		<LatLonAltBox>
			<north> 44.7878478982216 </north>
			<south> 44.7866168198044 </south>
			<east> 6.05195656885526 </east>
			<west> 6.04989020719674 </west>
		</LatLonAltBox>
		<Lod>
			<minLodPixels>100</minLodPixels>
			<maxLodPixels>-1</maxLodPixels>
		</Lod>
	</Region>
			<Polygon><altitudeMode>relativeToGround</altitudeMode>
				<outerBoundaryIs>
					<LinearRing>
						<coordinates>							6.05143698028736,44.7876438370938,0 6.05152973271528,44.7876114605617,0 6.05195656885526,44.7876270070461,0 6.051915990379399,44.787588030525,0 6.051882018759509,44.7875612155911,0 6.051791566376679,44.7875147827379,0 6.05173889793588,44.7874884826112,0 6.05170200199364,44.7874637303254,0 6.05167983453506,44.787425958639,0 6.05168874774748,44.7873314698717,0 6.05172928568672,44.7871972777059,0 6.05172903854612,44.787132143089,0 6.051705293929939,44.7870839633854,0 6.051661333084889,44.7870409353874,0 6.05160298118568,44.7870008264023,0 6.05154535803912,44.7869601567308,0 6.051487226561941,44.786891480312,0 6.0514550490738,44.7868324506121,0 6.0514349181913,44.7867785852416,0 6.05142365545251,44.7867272687581,0 6.05140519911634,44.7866669602678,0 6.05139703669343,44.7866168198044,0 6.05134637956878,44.7866205571319,0 6.05127436707396,44.7867948987487,0 6.051268349275731,44.7868378613413,0 6.05128147025831,44.7869840006707,0 6.05128083869029,44.7870189763786,0 6.05104023036098,44.7870288441793,0 6.05095405893131,44.7870309461619,0 6.050822435382,44.7870604279361,0 6.050784201441751,44.7870622913285,0 6.05068620126532,44.7870562494391,0 6.05060020368374,44.7870545622129,0 6.05052910937566,44.787057059736,0 6.050563462168099,44.7870955773966,0 6.050590276791591,44.7871443936029,0 6.05067157073919,44.7872528872251,0 6.050692550098541,44.7873200639857,0 6.05061925512673,44.7872167561153,0 6.05056201483105,44.7871341794934,0 6.05054610253033,44.7870997492814,0 6.050515575067111,44.7870664421469,0 6.050485540803601,44.7870422214015,0 6.05044056806977,44.7870458018397,0 6.05044990529483,44.7871315891192,0 6.05030899322408,44.7871507843844,0 6.05012912382521,44.7871748357989,0 6.05011534046523,44.7871423291108,0 6.05008737516343,44.7871515680401,0 6.05005162436172,44.7871735449494,0 6.05001745109653,44.7872082724484,0 6.049971824348921,44.787276741763,0 6.04995896962306,44.7873219646878,0 6.04995336573214,44.7873725741875,0 6.04989020719674,44.7873814301012,0 6.04992715787027,44.7873955498113,0 6.04997623629073,44.7874093357504,0 6.05006062014446,44.7874255737807,0 6.05010564688891,44.7874416335402,0 6.05015227384457,44.7874638660534,0 6.05026078397322,44.787505027971,0 6.05058297022893,44.7876204962788,0 6.050681514842,44.7876598598401,0 6.050751663759341,44.7876982030012,0 6.05099891248106,44.7878478982216,0 6.05108504911388,44.7877682221487,0 6.05143698028736,44.7876438370938,0 
						</coordinates>
					</LinearRing>
				</outerBoundaryIs>
				<innerBoundaryIs>
					<LinearRing>
						<coordinates>							6.05124908476683,44.7870493129282,0 6.05125002023779,44.7870758663074,0 6.0512078358933,44.7870772079173,0 6.051207031655819,44.7870507410239,0 6.05124908476683,44.7870493129282,0 
						</coordinates>
					</LinearRing>
					<LinearRing>
						<coordinates>							6.05069983218514,44.7871348908143,0 6.05070074206869,44.7871936101467,0 6.05067345054206,44.7871966138658,0 6.050651818816349,44.7871966687225,0 6.050641131176461,44.7871675907272,0 6.05061781655489,44.7871249851008,0 6.0506718570509,44.787125299528,0 6.05069564738664,44.7871300505785,0 6.05069983218514,44.7871348908143,0 
						</coordinates>
					</LinearRing>
				</innerBoundaryIs>
			</Polygon>
		</Placemark>
		<Placemark id="parcelles-des-personnes-morales_05_groupe_personne_4.100949">
		<styleUrl>#COM</styleUrl>			<visibility>0</visibility>
			<ExtendedData>
				<SchemaData schemaUrl="#parcelles-des-personnes-morales_05_groupe_personne_4.schema">
					<SimpleData name="Numero de Parcelle">051420000D0836</SimpleData>
					<SimpleData name="Departement">05</SimpleData>
					<SimpleData name="Commune">SAINT-FIRMIN</SimpleData>
					<SimpleData name="Adresse">LES BLACHES</SimpleData>
					<SimpleData name="Groupe de personne">Commune</SimpleData>
					<SimpleData name="Forme Juridique Abregee">COM</SimpleData>
					<SimpleData name="Denomination">COMMUNE DE SAINT FIRMIN</SimpleData>
				</SchemaData>
			</ExtendedData>
	<Region>
		<LatLonAltBox>
			<north> 44.7876901090988 </north>
			<south> 44.7859549774163 </south>
			<east> 6.05369546992955 </east>
			<west> 6.051426560659889 </west>
		</LatLonAltBox>
		<Lod>
			<minLodPixels>100</minLodPixels>
			<maxLodPixels>-1</maxLodPixels>
		</Lod>
	</Region>
			<Polygon><altitudeMode>relativeToGround</altitudeMode>
				<outerBoundaryIs>
					<LinearRing>
						<coordinates>							6.05369546992955,44.7876901090988,0 6.05365847993754,44.7875425552467,0 6.053598684866049,44.7873268843064,0 6.05356410240149,44.7871700740352,0 6.053540217525411,44.787007563088,0 6.05355032470997,44.7867977146627,0 6.053556908121451,44.7867209492443,0 6.053567572384011,44.7865819031802,0 6.05359883704088,44.7863190342894,0 6.05361319129919,44.7861570915561,0 6.053631237925869,44.7860095530001,0 6.05364016535369,44.7859549774163,0 6.05352588000449,44.7859635323225,0 6.053382299390219,44.7860127179312,0 6.053337830312119,44.7860232233037,0 6.053254566034771,44.7860252470221,0 6.05307784794222,44.786058316504,0 6.05273528506659,44.7861243352898,0 6.05252371603263,44.7861633193004,0 6.05249708039965,44.7861481054625,0 6.05238549216393,44.7862249698674,0 6.052303679313741,44.786304978433,0 6.05219290704833,44.7864155171037,0 6.052188616625311,44.7865135726444,0 6.052181017244491,44.786594960944,0 6.052140149300639,44.7867253782282,0 6.05211550724831,44.786814443787,0 6.05207780441055,44.7868866601608,0 6.052052197093309,44.7869323246702,0 6.05200162108553,44.7869981381245,0 6.05196023154627,44.7870420748631,0 6.052009557861741,44.7869229573596,0 6.05206194993761,44.7868370018574,0 6.05208984312846,44.7867495586539,0 6.05212750906614,44.7866021108053,0 6.05213821364749,44.7865382963549,0 6.052144635660289,44.7864515345595,0 6.052157872333459,44.7863900830413,0 6.052104614289771,44.7863715478556,0 6.0519964615346,44.7863532630278,0 6.05189606711663,44.7863473782736,0 6.05188778695016,44.7863113865898,0 6.051866079600689,44.786200532197,0 6.051798029557241,44.7861915041888,0 6.05173686540515,44.7861858003754,0 6.051593954910361,44.7862240632115,0 6.05149262409002,44.7861706317464,0 6.05145490556739,44.7862402354506,0 6.051441314504111,44.7862881818074,0 6.051448040641489,44.786379446838,0 6.05143362849252,44.7864448949605,0 6.051426560659889,44.7865197814308,0 6.05143521550125,44.7865929736138,0 6.05145280973626,44.7866630365008,0 6.051461181533401,44.7867659690714,0 6.05147453462523,44.7868208319473,0 6.05149954511213,44.7868620392275,0 6.051565384668089,44.7869375311017,0 6.05162855231806,44.7869801203637,0 6.051709632919831,44.7870333885886,0 6.05173613250334,44.7870647340543,0 6.05176185024143,44.7871143009989,0 6.05176631244766,44.7871708502617,0 6.05176155475278,44.7872183732351,0 6.05173998340762,44.7873267253864,0 6.05173191515657,44.7873855117709,0 6.05174639248462,44.7874284506389,0 6.05179057772691,44.7874732744159,0 6.051857783844261,44.7875156622714,0 6.05194076039649,44.787568878155,0 6.051982343951319,44.7876053943208,0 6.05200457664462,44.7876327126979,0 6.05369546992955,44.7876901090988,0 
						</coordinates>
					</LinearRing>
				</outerBoundaryIs>
			</Polygon>
		</Placemark>
		<Placemark id="parcelles-des-personnes-morales_05_groupe_personne_4.100995">
		<styleUrl>#COM</styleUrl>			<visibility>0</visibility>
			<ExtendedData>
				<SchemaData schemaUrl="#parcelles-des-personnes-morales_05_groupe_personne_4.schema">
					<SimpleData name="Numero de Parcelle">051420000D0837</SimpleData>
					<SimpleData name="Departement">05</SimpleData>
					<SimpleData name="Commune">SAINT-FIRMIN</SimpleData>
					<SimpleData name="Adresse">LES BLACHES</SimpleData>
					<SimpleData name="Groupe de personne">Commune</SimpleData>
					<SimpleData name="Forme Juridique Abregee">COM</SimpleData>
					<SimpleData name="Denomination">COMMUNE DE SAINT FIRMIN</SimpleData>
				</SchemaData>
			</ExtendedData>
	<Region>
		<LatLonAltBox>
			<north> 44.7877705101983 </north>
			<south> 44.7865117833272 </south>
			<east> 6.055828795060869 </east>
			<west> 6.05357776177493 </west>
		</LatLonAltBox>
		<Lod>
			<minLodPixels>100</minLodPixels>
			<maxLodPixels>-1</maxLodPixels>
		</Lod>
	</Region>
			<Polygon><altitudeMode>relativeToGround</altitudeMode>
				<outerBoundaryIs>
					<LinearRing>
						<coordinates>							6.053730844099179,44.7876938195421,0 6.055828795060869,44.7877705101983,0 6.05577815825751,44.7876978450342,0 6.055683967949159,44.7875757450864,0 6.05554778441893,44.7873770474593,0 6.05541323178798,44.787157131489,0 6.05537276277063,44.7870899521949,0 6.05531258153172,44.7870092608987,0 6.055255460884351,44.786926683223,0 6.055211057251889,44.7868476291979,0 6.055115920078801,44.7866917678839,0 6.0549937891687,44.7865117833272,0 6.054593641321411,44.7865704754365,0 6.054351825622649,44.7866093055106,0 6.05434468403234,44.7866990606268,0 6.05435261586729,44.7868217369088,0 6.054369353060089,44.786962100199,0 6.054348410408079,44.7870027713904,0 6.054334696754431,44.7868807950404,0 6.05431927043094,44.7866062383846,0 6.05359353141999,44.7867127322471,0 6.05357776177493,44.7868556130437,0 6.05358940325297,44.7869604376533,0 6.05359670484124,44.7870925016033,0 6.053601174178559,44.7871957218601,0 6.05362995079396,44.7873085436466,0 6.05368912601265,44.7875454048885,0 6.053730844099179,44.7876938195421,0 
						</coordinates>
					</LinearRing>
				</outerBoundaryIs>
			</Polygon>
		</Placemark>
		<Placemark id="parcelles-des-personnes-morales_05_groupe_personne_4.101050">
		<styleUrl>#COM</styleUrl>			<visibility>0</visibility>
			<ExtendedData>
				<SchemaData schemaUrl="#parcelles-des-personnes-morales_05_groupe_personne_4.schema">
					<SimpleData name="Numero de Parcelle">051420000D0838</SimpleData>
					<SimpleData name="Departement">05</SimpleData>
					<SimpleData name="Commune">SAINT-FIRMIN</SimpleData>
					<SimpleData name="Adresse">LES BLACHES</SimpleData>
					<SimpleData name="Groupe de personne">Commune</SimpleData>
					<SimpleData name="Forme Juridique Abregee">COM</SimpleData>
					<SimpleData name="Denomination">COMMUNE DE SAINT FIRMIN</SimpleData>
				</SchemaData>
			</ExtendedData>
	<Region>
		<LatLonAltBox>
			<north> 44.7878065948626 </north>
			<south> 44.7863348213259 </south>
			<east> 6.05690529526774 </east>
			<west> 6.05504617135002 </west>
		</LatLonAltBox>
		<Lod>
			<minLodPixels>100</minLodPixels>
			<maxLodPixels>-1</maxLodPixels>
		</Lod>
	</Region>
			<Polygon><altitudeMode>relativeToGround</altitudeMode>
				<outerBoundaryIs>
					<LinearRing>
						<coordinates>							6.05586394036987,44.7877723341981,0 6.05690529526774,44.7878065948626,0 6.05686968506367,44.7877706364811,0 6.056835998772061,44.7877467883931,0 6.05677556463272,44.7877243087413,0 6.0566805132731,44.7876957561094,0 6.05656185964072,44.7876473117701,0 6.056442514108429,44.7875931200556,0 6.05635215117555,44.7875623655764,0 6.056307278796651,44.7875352218671,0 6.0562407234008,44.7874746186732,0 6.05618274419368,44.787427473991,0 6.05605598956471,44.7873463664097,0 6.05602123026272,44.7873097536276,0 6.05599706121254,44.7872538379285,0 6.05598482949043,44.7871684910899,0 6.05597129856655,44.7870778642392,0 6.05593429088998,44.7868835501492,0 6.05593227601855,44.7868208968307,0 6.055958929896141,44.7867759232718,0 6.056005212499651,44.7867150015206,0 6.05605892330781,44.7866650471824,0 6.056131516243521,44.7866040305394,0 6.056173839448821,44.7865587149198,0 6.05614657397952,44.7864854054633,0 6.056111455827811,44.786409609583,0 6.05607247052861,44.7863348213259,0 6.05561467328944,44.7864151989635,0 6.05528531698234,44.7864797803422,0 6.05504617135002,44.7865095284517,0 6.05505902909006,44.7865552145517,0 6.055118536266389,44.7866281760246,0 6.055178214802801,44.7867322168764,0 6.05522020170454,44.7867924167572,0 6.05527838663833,44.7868899215243,0 6.05548094401201,44.7872087834477,0 6.055622928569871,44.787435071667,0 6.05586394036987,44.7877723341981,0 
						</coordinates>
					</LinearRing>
				</outerBoundaryIs>
			</Polygon>
		</Placemark>
		<Placemark id="parcelles-des-personnes-morales_05_groupe_personne_4.101851">
		<styleUrl>#COM</styleUrl>			<visibility>0</visibility>
			<ExtendedData>
				<SchemaData schemaUrl="#parcelles-des-personnes-morales_05_groupe_personne_4.schema">
					<SimpleData name="Numero de Parcelle">051420000D0085</SimpleData>
					<SimpleData name="Departement">05</SimpleData>
					<SimpleData name="Commune">SAINT-FIRMIN</SimpleData>
					<SimpleData name="Adresse">LES COUNIATS</SimpleData>
					<SimpleData name="Groupe de personne">Commune</SimpleData>
					<SimpleData name="Forme Juridique Abregee">COM</SimpleData>
					<SimpleData name="Denomination">COMMUNE DE SAINT FIRMIN</SimpleData>
				</SchemaData>
			</ExtendedData>
	<Region>
		<LatLonAltBox>
			<north> 44.8026062756316 </north>
			<south> 44.8018318524615 </south>
			<east> 6.03914089587367 </east>
			<west> 6.038627123777381 </west>
		</LatLonAltBox>
		<Lod>
			<minLodPixels>100</minLodPixels>
			<maxLodPixels>-1</maxLodPixels>
		</Lod>
	</Region>
			<Polygon><altitudeMode>relativeToGround</altitudeMode>
				<outerBoundaryIs>
					<LinearRing>
						<coordinates>							6.03914089587367,44.8021519443093,0 6.03910685545173,44.8020794471065,0 6.03905730301613,44.8020313414062,0 6.038993554258249,44.801985156546,0 6.03895644447569,44.8020243757139,0 6.03892587066501,44.8020487296099,0 6.038893473365709,44.8020580870057,0 6.038871748310539,44.8019746204945,0 6.03882255401016,44.8018956911366,0 6.03872575611368,44.8019263652696,0 6.03865378215639,44.8018404018887,0 6.038627123777381,44.8018318524615,0 6.03866322792524,44.802146118034,0 6.03865708942889,44.8022315196392,0 6.03867599216285,44.8023447060211,0 6.03872799653899,44.8024358118531,0 6.038754697645339,44.8025059875943,0 6.038748665480119,44.8025793130789,0 6.03872810346534,44.8026062756316,0 6.03880164563521,44.80256209352,0 6.03887157981217,44.8024909806556,0 6.03893372201474,44.8023249371343,0 6.039134962972479,44.8021732801546,0 6.03914089587367,44.8021519443093,0 
						</coordinates>
					</LinearRing>
				</outerBoundaryIs>
			</Polygon>
		</Placemark>
		<Placemark id="parcelles-des-personnes-morales_05_groupe_personne_4.101994">
		<styleUrl>#COM</styleUrl>			<visibility>0</visibility>
			<ExtendedData>
				<SchemaData schemaUrl="#parcelles-des-personnes-morales_05_groupe_personne_4.schema">
					<SimpleData name="Numero de Parcelle">051420000C0852</SimpleData>
					<SimpleData name="Departement">05</SimpleData>
					<SimpleData name="Commune">SAINT-FIRMIN</SimpleData>
					<SimpleData name="Adresse">VERS LA COSTE</SimpleData>
					<SimpleData name="Groupe de personne">Commune</SimpleData>
					<SimpleData name="Forme Juridique Abregee">COM</SimpleData>
					<SimpleData name="Denomination">COMMUNE DE SAINT FIRMIN</SimpleData>
				</SchemaData>
			</ExtendedData>
	<Region>
		<LatLonAltBox>
			<north> 44.7920394268211 </north>
			<south> 44.7916503046026 </south>
			<east> 6.01411732504371 </east>
			<west> 6.01365572405717 </west>
		</LatLonAltBox>
		<Lod>
			<minLodPixels>100</minLodPixels>
			<maxLodPixels>-1</maxLodPixels>
		</Lod>
	</Region>
			<Polygon><altitudeMode>relativeToGround</altitudeMode>
				<outerBoundaryIs>
					<LinearRing>
						<coordinates>							6.01411732504371,44.7919078563604,0 6.013980148809351,44.7916503046026,0 6.013841858368901,44.79174001787,0 6.01378598935034,44.7917953251094,0 6.01371384453479,44.79190576391,0 6.01365572405717,44.7920394268211,0 6.01374438440398,44.7920080948768,0 6.013830149316171,44.7919746792566,0 6.01393171001482,44.7919456091951,0 6.01411732504371,44.7919078563604,0 
						</coordinates>
					</LinearRing>
				</outerBoundaryIs>
			</Polygon>
		</Placemark>
		<Placemark id="parcelles-des-personnes-morales_05_groupe_personne_4.102269">
		<styleUrl>#COM</styleUrl>			<visibility>0</visibility>
			<ExtendedData>
				<SchemaData schemaUrl="#parcelles-des-personnes-morales_05_groupe_personne_4.schema">
					<SimpleData name="Numero de Parcelle">051420000C0857</SimpleData>
					<SimpleData name="Departement">05</SimpleData>
					<SimpleData name="Commune">SAINT-FIRMIN</SimpleData>
					<SimpleData name="Adresse">ROCHASSON</SimpleData>
					<SimpleData name="Groupe de personne">Commune</SimpleData>
					<SimpleData name="Forme Juridique Abregee">COM</SimpleData>
					<SimpleData name="Denomination">COMMUNE DE SAINT FIRMIN</SimpleData>
				</SchemaData>
			</ExtendedData>
	<Region>
		<LatLonAltBox>
			<north> 44.7920722792689 </north>
			<south> 44.7910790938045 </south>
			<east> 6.0187587883643 </east>
			<west> 6.017072197855331 </west>
		</LatLonAltBox>
		<Lod>
			<minLodPixels>100</minLodPixels>
			<maxLodPixels>-1</maxLodPixels>
		</Lod>
	</Region>
			<Polygon><altitudeMode>relativeToGround</altitudeMode>
				<outerBoundaryIs>
					<LinearRing>
						<coordinates>							6.01732497044503,44.7918334639411,0 6.01733599756484,44.7918291093614,0 6.01823179326344,44.7917604812287,0 6.01837070614913,44.7920287926767,0 6.01855207856078,44.7919191599977,0 6.018656337284579,44.7920722792689,0 6.018675306807399,44.7920438324067,0 6.018691970417949,44.7920077900577,0 6.01870298627963,44.7918783803394,0 6.01871924999882,44.7918631613961,0 6.0187587883643,44.7918360463523,0 6.01843915759131,44.7915859014323,0 6.0185397399511,44.7915198236562,0 6.01856342182294,44.7915107996262,0 6.01826874050735,44.7911833018968,0 6.01817482923948,44.7910790938045,0 6.01784945922295,44.7911154333152,0 6.01767065350732,44.7911950826234,0 6.01764200493562,44.7912058634409,0 6.01710707909033,44.791406657627,0 6.017087853558319,44.7914138481822,0 6.017072197855331,44.7914262573051,0 6.01746802377097,44.7915733323885,0 6.01732497044503,44.7918334639411,0 
						</coordinates>
					</LinearRing>
				</outerBoundaryIs>
			</Polygon>
		</Placemark>
		<Placemark id="parcelles-des-personnes-morales_05_groupe_personne_4.103103">
		<styleUrl>#COM</styleUrl>			<visibility>0</visibility>
			<ExtendedData>
				<SchemaData schemaUrl="#parcelles-des-personnes-morales_05_groupe_personne_4.schema">
					<SimpleData name="Numero de Parcelle">051420000D0087</SimpleData>
					<SimpleData name="Departement">05</SimpleData>
					<SimpleData name="Commune">SAINT-FIRMIN</SimpleData>
					<SimpleData name="Adresse">LES COUNIATS</SimpleData>
					<SimpleData name="Groupe de personne">Commune</SimpleData>
					<SimpleData name="Forme Juridique Abregee">COM</SimpleData>
					<SimpleData name="Denomination">COMMUNE DE SAINT FIRMIN</SimpleData>
				</SchemaData>
			</ExtendedData>
	<Region>
		<LatLonAltBox>
			<north> 44.8033083974824 </north>
			<south> 44.80095531141 </south>
			<east> 6.0387221605141 </east>
			<west> 6.0372419746888 </west>
		</LatLonAltBox>
		<Lod>
			<minLodPixels>100</minLodPixels>
			<maxLodPixels>-1</maxLodPixels>
		</Lod>
	</Region>
			<Polygon><altitudeMode>relativeToGround</altitudeMode>
				<outerBoundaryIs>
					<LinearRing>
						<coordinates>							6.0372419746888,44.80095531141,0 6.03726150929498,44.8010193768587,0 6.037403924447379,44.8011747690259,0 6.03747542173186,44.8013292211135,0 6.03758886457525,44.801547935386,0 6.03765418411676,44.8016630033947,0 6.03776182962649,44.8018680913226,0 6.03786298095208,44.8020302900024,0 6.03790404323093,44.8021156594143,0 6.037994320921129,44.8022265294716,0 6.0380276690726,44.8022815668171,0 6.03813251891352,44.8024091561717,0 6.038167112383371,44.8024825394821,0 6.03830080642179,44.8026707854768,0 6.03851072257747,44.8030071366803,0 6.03858455336426,44.8030735880092,0 6.03863688988212,44.8031848669255,0 6.0387221605141,44.8033083974824,0 6.03869392267588,44.8032285331683,0 6.038641222280649,44.8031315899401,0 6.03851220142824,44.8029408736103,0 6.03851212596064,44.8028926728817,0 6.0385506868683,44.8027983638036,0 6.03860673001096,44.8027067289726,0 6.03869430973764,44.8025944980485,0 6.0385022077643,44.8024635344313,0 6.03835039947026,44.8023685867898,0 6.03821619192055,44.802203600415,0 6.03812667177769,44.8019826993241,0 6.03803264572319,44.8018422896631,0 6.03789155272259,44.8016575798897,0 6.03785266582169,44.8015164699375,0 6.03776742825186,44.8013747380891,0 6.037721823362121,44.8013106663215,0 6.03756205270609,44.8011853925295,0 6.037458477023081,44.8011187646151,0 6.03732945771285,44.8010098567394,0 6.0372419746888,44.80095531141,0 
						</coordinates>
					</LinearRing>
				</outerBoundaryIs>
			</Polygon>
		</Placemark>
		<Placemark id="parcelles-des-personnes-morales_05_groupe_personne_4.103610">
		<styleUrl>#COM</styleUrl>			<visibility>0</visibility>
			<ExtendedData>
				<SchemaData schemaUrl="#parcelles-des-personnes-morales_05_groupe_personne_4.schema">
					<SimpleData name="Numero de Parcelle">051420000A0088</SimpleData>
					<SimpleData name="Departement">05</SimpleData>
					<SimpleData name="Commune">SAINT-FIRMIN</SimpleData>
					<SimpleData name="Adresse">JOUAR</SimpleData>
					<SimpleData name="Groupe de personne">Commune</SimpleData>
					<SimpleData name="Forme Juridique Abregee">COM</SimpleData>
					<SimpleData name="Denomination">COMMUNE DE SAINT FIRMIN</SimpleData>
				</SchemaData>
			</ExtendedData>
	<Region>
		<LatLonAltBox>
			<north> 44.794298330257 </north>
			<south> 44.7936849028702 </south>
			<east> 5.999702883424601 </east>
			<west> 5.997401264230009 </west>
		</LatLonAltBox>
		<Lod>
			<minLodPixels>100</minLodPixels>
			<maxLodPixels>-1</maxLodPixels>
		</Lod>
	</Region>
			<Polygon><altitudeMode>relativeToGround</altitudeMode>
				<outerBoundaryIs>
					<LinearRing>
						<coordinates>							5.99970243175397,44.7941770761058,0 5.99968855558118,44.7941731269943,0 5.99938184581517,44.7937701355861,0 5.99937856216263,44.7936849028702,0 5.99929058683536,44.7937150332645,0 5.99925249934051,44.7937363356458,0 5.99919307316828,44.7937513680637,0 5.99902638742965,44.793776600474,0 5.9988545976504,44.7937891769949,0 5.99874356658036,44.7937927215337,0 5.99836483345962,44.7937590001968,0 5.99827331265645,44.7937558899153,0 5.99811735934035,44.7937617301426,0 5.99802361886457,44.7937715635146,0 5.99775923363219,44.793810698627,0 5.997482809822629,44.7938589881306,0 5.9974162738849,44.7938593459094,0 5.997401264230009,44.7939005655759,0 5.99778565146383,44.7939382817402,0 5.99910092572422,44.7940779392141,0 5.99910211592396,44.7940860157127,0 5.9991341336872,44.7942757939998,0 5.99925022703188,44.794298330257,0 5.9994300710055,44.7942849045329,0 5.999702883424601,44.7942613944185,0 5.99970243175397,44.7941770761058,0 
						</coordinates>
					</LinearRing>
				</outerBoundaryIs>
			</Polygon>
		</Placemark>
		<Placemark id="parcelles-des-personnes-morales_05_groupe_personne_4.104309">
		<styleUrl>#COM</styleUrl>			<visibility>0</visibility>
			<ExtendedData>
				<SchemaData schemaUrl="#parcelles-des-personnes-morales_05_groupe_personne_4.schema">
					<SimpleData name="Numero de Parcelle">051420000D0089</SimpleData>
					<SimpleData name="Departement">05</SimpleData>
					<SimpleData name="Commune">SAINT-FIRMIN</SimpleData>
					<SimpleData name="Adresse">LES COUNIATS</SimpleData>
					<SimpleData name="Groupe de personne">Commune</SimpleData>
					<SimpleData name="Forme Juridique Abregee">COM</SimpleData>
					<SimpleData name="Denomination">COMMUNE DE SAINT FIRMIN</SimpleData>
				</SchemaData>
			</ExtendedData>
	<Region>
		<LatLonAltBox>
			<north> 44.8018404018887 </north>
			<south> 44.8014772011393 </south>
			<east> 6.038736192573039 </east>
			<west> 6.03858037516776 </west>
		</LatLonAltBox>
		<Lod>
			<minLodPixels>100</minLodPixels>
			<maxLodPixels>-1</maxLodPixels>
		</Lod>
	</Region>
			<Polygon><altitudeMode>relativeToGround</altitudeMode>
				<outerBoundaryIs>
					<LinearRing>
						<coordinates>							6.038736192573039,44.8016162298911,0 6.038650972215381,44.8014772011393,0 6.038636230580041,44.8015486029617,0 6.03858037516776,44.8016741097516,0 6.03858080892007,44.8016961720319,0 6.03861744394132,44.8017722021878,0 6.038627123777381,44.8018318524615,0 6.03865378215639,44.8018404018887,0 6.03870500555793,44.8017953900303,0 6.03867818493125,44.8017534184611,0 6.03865592880394,44.8017256474548,0 6.03865162684121,44.8016250350811,0 6.038736192573039,44.8016162298911,0 
						</coordinates>
					</LinearRing>
				</outerBoundaryIs>
			</Polygon>
		</Placemark>
		<Placemark id="parcelles-des-personnes-morales_05_groupe_personne_4.104473">
		<styleUrl>#COM</styleUrl>			<visibility>0</visibility>
			<ExtendedData>
				<SchemaData schemaUrl="#parcelles-des-personnes-morales_05_groupe_personne_4.schema">
					<SimpleData name="Numero de Parcelle">051420000C0893</SimpleData>
					<SimpleData name="Departement">05</SimpleData>
					<SimpleData name="Commune">SAINT-FIRMIN</SimpleData>
					<SimpleData name="Adresse">ROCHASSON</SimpleData>
					<SimpleData name="Groupe de personne">Commune</SimpleData>
					<SimpleData name="Forme Juridique Abregee">COM</SimpleData>
					<SimpleData name="Denomination">COMMUNE DE SAINT FIRMIN</SimpleData>
				</SchemaData>
			</ExtendedData>
	<Region>
		<LatLonAltBox>
			<north> 44.7919559397393 </north>
			<south> 44.7917137078164 </south>
			<east> 6.01960734405059 </east>
			<west> 6.01912955608223 </west>
		</LatLonAltBox>
		<Lod>
			<minLodPixels>100</minLodPixels>
			<maxLodPixels>-1</maxLodPixels>
		</Lod>
	</Region>
			<Polygon><altitudeMode>relativeToGround</altitudeMode>
				<outerBoundaryIs>
					<LinearRing>
						<coordinates>							6.019390039392949,44.7917137078164,0 6.01912955608223,44.791787385661,0 6.01916246832904,44.7919030753032,0 6.01918542209374,44.791941732554,0 6.01920630320644,44.7919559397393,0 6.01960734405059,44.7919267247485,0 6.019593163833189,44.7919124251763,0 6.01950041230527,44.7918180972115,0 6.019388153256859,44.7917162819288,0 6.019390039392949,44.7917137078164,0 
						</coordinates>
					</LinearRing>
				</outerBoundaryIs>
			</Polygon>
		</Placemark>
		<Placemark id="parcelles-des-personnes-morales_05_groupe_personne_4.104717">
		<styleUrl>#COM</styleUrl>			<visibility>0</visibility>
			<ExtendedData>
				<SchemaData schemaUrl="#parcelles-des-personnes-morales_05_groupe_personne_4.schema">
					<SimpleData name="Numero de Parcelle">051420000C0898</SimpleData>
					<SimpleData name="Departement">05</SimpleData>
					<SimpleData name="Commune">SAINT-FIRMIN</SimpleData>
					<SimpleData name="Adresse">ROCHASSON</SimpleData>
					<SimpleData name="Groupe de personne">Commune</SimpleData>
					<SimpleData name="Forme Juridique Abregee">COM</SimpleData>
					<SimpleData name="Denomination">COMMUNE DE SAINT FIRMIN</SimpleData>
				</SchemaData>
			</ExtendedData>
	<Region>
		<LatLonAltBox>
			<north> 44.7944251320429 </north>
			<south> 44.7911212558317 </south>
			<east> 6.01770048337552 </east>
			<west> 6.01301446819086 </west>
		</LatLonAltBox>
		<Lod>
			<minLodPixels>100</minLodPixels>
			<maxLodPixels>-1</maxLodPixels>
		</Lod>
	</Region>
			<Polygon><altitudeMode>relativeToGround</altitudeMode>
				<outerBoundaryIs>
					<LinearRing>
						<coordinates>							6.01621434514188,44.793778983878,0 6.01629371579863,44.7936900601553,0 6.01647616917217,44.7935013861982,0 6.017124200004959,44.7929605522937,0 6.017437539188871,44.7927140750623,0 6.01770048337552,44.7924551840686,0 6.01753164286544,44.7922515656711,0 6.017206393591069,44.7918802089886,0 6.01732497044503,44.7918334639411,0 6.01746802377097,44.7915733323885,0 6.017072197855331,44.7914262573051,0 6.017087853558319,44.7914138481822,0 6.01703370918825,44.791348019302,0 6.01701122233109,44.7913133132361,0 6.01655886085354,44.791458879951,0 6.0164411857969,44.7913974827909,0 6.016333975046461,44.7914438274709,0 6.01617083187076,44.7912849207191,0 6.01602411308147,44.7911420546364,0 6.01597225121301,44.7911682426545,0 6.01580081719119,44.7911283093103,0 6.01579183496596,44.7911212558317,0 6.015184751832169,44.7914605914654,0 6.01510117290274,44.7913932199105,0 6.01505185676571,44.7914857399465,0 6.01501294515061,44.7915222066944,0 6.014657054513109,44.7916760429538,0 6.01414241455916,44.7919179857386,0 6.01396734869946,44.7919566230168,0 6.01377359617393,44.792026671491,0 6.01364908174211,44.792076006722,0 6.01359339548743,44.792222036836,0 6.01349164076967,44.7924221164627,0 6.01341334803973,44.792531190552,0 6.013310921550981,44.7926574085025,0 6.01302589580096,44.7929862636933,0 6.01301446819086,44.7931035205964,0 6.01342021540986,44.7933813420137,0 6.013832089133519,44.7935468243303,0 6.014117485663861,44.7937580903704,0 6.01441700891376,44.7939873514203,0 6.01467977746671,44.7941116569036,0 6.01476053237985,44.7941640594828,0 6.014866812685791,44.7942606362186,0 6.01502330125051,44.7944251320429,0 6.01513622169578,44.7943176375089,0 6.015236805705449,44.7942443550687,0 6.015347817555421,44.7941720502132,0 6.01554702677077,44.7940503149101,0 6.01571000052655,44.7939630813609,0 6.015869594478001,44.7938954005656,0 6.01599076238669,44.7938473251939,0 6.016110125005959,44.7938056957269,0 6.01621434514188,44.793778983878,0 
						</coordinates>
					</LinearRing>
				</outerBoundaryIs>
			</Polygon>
		</Placemark>
		<Placemark id="parcelles-des-personnes-morales_05_groupe_personne_4.104761">
		<styleUrl>#COM</styleUrl>			<visibility>0</visibility>
			<ExtendedData>
				<SchemaData schemaUrl="#parcelles-des-personnes-morales_05_groupe_personne_4.schema">
					<SimpleData name="Numero de Parcelle">051420000C0899</SimpleData>
					<SimpleData name="Departement">05</SimpleData>
					<SimpleData name="Commune">SAINT-FIRMIN</SimpleData>
					<SimpleData name="Adresse">ROCHASSON</SimpleData>
					<SimpleData name="Groupe de personne">Commune</SimpleData>
					<SimpleData name="Forme Juridique Abregee">COM</SimpleData>
					<SimpleData name="Denomination">COMMUNE DE SAINT FIRMIN</SimpleData>
				</SchemaData>
			</ExtendedData>
	<Region>
		<LatLonAltBox>
			<north> 44.7939256499664 </north>
			<south> 44.792049526942 </south>
			<east> 6.02054212498501 </east>
			<west> 6.01621434514188 </west>
		</LatLonAltBox>
		<Lod>
			<minLodPixels>100</minLodPixels>
			<maxLodPixels>-1</maxLodPixels>
		</Lod>
	</Region>
			<Polygon><altitudeMode>relativeToGround</altitudeMode>
				<outerBoundaryIs>
					<LinearRing>
						<coordinates>							6.01621434514188,44.793778983878,0 6.01660377613764,44.7936793695638,0 6.01692168904144,44.7935957557165,0 6.018108322246801,44.7935702979419,0 6.01903032193355,44.7935532070962,0 6.01913732130411,44.7935547073825,0 6.01919285774662,44.7935615736894,0 6.01927343569521,44.7935823536426,0 6.01992074330901,44.7939256499664,0 6.019965755839221,44.7938402723981,0 6.01997367606306,44.793825190498,0 6.02030276208875,44.7936317037219,0 6.02033671725179,44.7936772688247,0 6.02053921418222,44.7936804901327,0 6.02054212498501,44.7936805009065,0 6.02044031780768,44.7935425427928,0 6.02032585070507,44.7933926763123,0 6.02018961694805,44.7932144815241,0 6.02012211487684,44.7931262232549,0 6.020245547258249,44.793005012259,0 6.02023451492169,44.7929927893165,0 6.019679449492299,44.7928118606621,0 6.019684716094229,44.7923494266691,0 6.01954114000994,44.7922040466146,0 6.01952145931342,44.7921886355155,0 6.01935830104768,44.7920602765776,0 6.01934279324941,44.792049526942,0 6.01872878554363,44.7922644661923,0 6.018295896305941,44.7923014827337,0 6.018389687726451,44.7925353443749,0 6.01831998682296,44.7925780566532,0 6.01820630304549,44.7926075509917,0 6.01805691074071,44.7927213577119,0 6.017809737296219,44.7924350909011,0 6.01778572004441,44.7924119590978,0 6.01770048337552,44.7924551840686,0 6.017437539188871,44.7927140750623,0 6.017124200004959,44.7929605522937,0 6.01647616917217,44.7935013861982,0 6.01629371579863,44.7936900601553,0 6.01621434514188,44.793778983878,0 
						</coordinates>
					</LinearRing>
				</outerBoundaryIs>
			</Polygon>
		</Placemark>
		<Placemark id="parcelles-des-personnes-morales_05_groupe_personne_4.105171">
		<styleUrl>#COM</styleUrl>			<visibility>0</visibility>
			<ExtendedData>
				<SchemaData schemaUrl="#parcelles-des-personnes-morales_05_groupe_personne_4.schema">
					<SimpleData name="Numero de Parcelle">051420000C0900</SimpleData>
					<SimpleData name="Departement">05</SimpleData>
					<SimpleData name="Commune">SAINT-FIRMIN</SimpleData>
					<SimpleData name="Adresse">ROCHASSON</SimpleData>
					<SimpleData name="Groupe de personne">Commune</SimpleData>
					<SimpleData name="Forme Juridique Abregee">COM</SimpleData>
					<SimpleData name="Denomination">COMMUNE DE SAINT FIRMIN</SimpleData>
				</SchemaData>
			</ExtendedData>
	<Region>
		<LatLonAltBox>
			<north> 44.7929927893165 </north>
			<south> 44.7921589621077 </south>
			<east> 6.02063445755944 </east>
			<west> 6.01952145931342 </west>
		</LatLonAltBox>
		<Lod>
			<minLodPixels>100</minLodPixels>
			<maxLodPixels>-1</maxLodPixels>
		</Lod>
	</Region>
			<Polygon><altitudeMode>relativeToGround</altitudeMode>
				<outerBoundaryIs>
					<LinearRing>
						<coordinates>							6.01952145931342,44.7921886355155,0 6.01954114000994,44.7922040466146,0 6.019684716094229,44.7923494266691,0 6.019679449492299,44.7928118606621,0 6.02023451492169,44.7929927893165,0 6.02018032103021,44.7928578583032,0 6.02063445755944,44.7926040212162,0 6.02006390076795,44.7921842176602,0 6.019674735264871,44.7921589621077,0 6.01952145931342,44.7921886355155,0 
						</coordinates>
					</LinearRing>
				</outerBoundaryIs>
			</Polygon>
		</Placemark>
		<Placemark id="parcelles-des-personnes-morales_05_groupe_personne_4.106737">
		<styleUrl>#COM</styleUrl>			<visibility>0</visibility>
			<ExtendedData>
				<SchemaData schemaUrl="#parcelles-des-personnes-morales_05_groupe_personne_4.schema">
					<SimpleData name="Numero de Parcelle">051420000D0093</SimpleData>
					<SimpleData name="Departement">05</SimpleData>
					<SimpleData name="Commune">SAINT-FIRMIN</SimpleData>
					<SimpleData name="Adresse">DERRIERE MAISON</SimpleData>
					<SimpleData name="Groupe de personne">Commune</SimpleData>
					<SimpleData name="Forme Juridique Abregee">COM</SimpleData>
					<SimpleData name="Denomination">COMMUNE DE SAINT FIRMIN</SimpleData>
				</SchemaData>
			</ExtendedData>
	<Region>
		<LatLonAltBox>
			<north> 44.80095531141 </north>
			<south> 44.8001558773422 </south>
			<east> 6.03774216470836 </east>
			<west> 6.036955245371491 </west>
		</LatLonAltBox>
		<Lod>
			<minLodPixels>100</minLodPixels>
			<maxLodPixels>-1</maxLodPixels>
		</Lod>
	</Region>
			<Polygon><altitudeMode>relativeToGround</altitudeMode>
				<outerBoundaryIs>
					<LinearRing>
						<coordinates>							6.0372419746888,44.80095531141,0 6.037251671111931,44.8008162939422,0 6.037411992509541,44.8007504539502,0 6.03774216470836,44.8004954374443,0 6.03768754087008,44.8004447672455,0 6.03759673392693,44.8003849073926,0 6.03742857450582,44.8003057235655,0 6.037113344869079,44.8001558773422,0 6.03706495631695,44.8002463105414,0 6.036955245371491,44.8003939244591,0 6.03703120979683,44.8004788784653,0 6.03712200343549,44.800599375462,0 6.03714948853261,44.8006536726413,0 6.037169316474701,44.8007840425983,0 6.0372419746888,44.80095531141,0 
						</coordinates>
					</LinearRing>
				</outerBoundaryIs>
			</Polygon>
		</Placemark>
		<Placemark id="parcelles-des-personnes-morales_05_groupe_personne_4.106872">
		<styleUrl>#COM</styleUrl>			<visibility>0</visibility>
			<ExtendedData>
				<SchemaData schemaUrl="#parcelles-des-personnes-morales_05_groupe_personne_4.schema">
					<SimpleData name="Numero de Parcelle">051420000D0932</SimpleData>
					<SimpleData name="Departement">05</SimpleData>
					<SimpleData name="Commune">SAINT-FIRMIN</SimpleData>
					<SimpleData name="Adresse">LA FAURIE</SimpleData>
					<SimpleData name="Groupe de personne">Commune</SimpleData>
					<SimpleData name="Forme Juridique Abregee">COM</SimpleData>
					<SimpleData name="Denomination">COMMUNE DE SAINT FIRMIN</SimpleData>
				</SchemaData>
			</ExtendedData>
	<Region>
		<LatLonAltBox>
			<north> 44.7825847737658 </north>
			<south> 44.7808097409595 </south>
			<east> 6.05951639477846 </east>
			<west> 6.05631910851956 </west>
		</LatLonAltBox>
		<Lod>
			<minLodPixels>100</minLodPixels>
			<maxLodPixels>-1</maxLodPixels>
		</Lod>
	</Region>
			<Polygon><altitudeMode>relativeToGround</altitudeMode>
				<outerBoundaryIs>
					<LinearRing>
						<coordinates>							6.05631910851956,44.7813033851501,0 6.05637580391534,44.7813247065412,0 6.056580499346411,44.7813830307919,0 6.05661728092748,44.7814057122334,0 6.05664698430091,44.7814424641248,0 6.056661930274491,44.7815242219931,0 6.05667708282915,44.7815609247487,0 6.05672107346491,44.7816068330058,0 6.056800487216891,44.7816667205229,0 6.056881095372689,44.7817625244804,0 6.05693511658422,44.7818277074172,0 6.05697650036675,44.7818908062834,0 6.057046191574151,44.7819975429675,0 6.05707160243577,44.7820135102493,0 6.057166162296509,44.782051806468,0 6.057276398598081,44.7820852552714,0 6.057371446923659,44.7821046170824,0 6.05743292437274,44.7821138228853,0 6.05755939910912,44.782113216507,0 6.05767019543229,44.782124395051,0 6.0577976009927,44.78214322408,0 6.057925270453089,44.7821413229348,0 6.05796790121511,44.7821482554455,0 6.05808059112972,44.7821802842775,0 6.05831704864422,44.7822084468109,0 6.05840194515423,44.7822202493194,0 6.058573347112831,44.7822455216168,0 6.058664126771261,44.7822677932248,0 6.05875672488416,44.7822932581295,0 6.05889230559048,44.7823414127271,0 6.059084632038281,44.7824210670317,0 6.05922827626041,44.7824871986356,0 6.05935495575789,44.7825321746623,0 6.05947964672779,44.7825847737658,0 6.05951400581456,44.7825048083454,0 6.05951639477846,44.7824673513098,0 6.05950150355651,44.7824331644294,0 6.05945327003215,44.7823907079836,0 6.05927998766979,44.7822634969005,0 6.059158208693319,44.7821667588236,0 6.05894321933584,44.7820077223975,0 6.05856082339563,44.7817270776513,0 6.0582691062224,44.7815016825854,0 6.05798013795547,44.781280265426,0 6.057874602629351,44.7812146124427,0 6.05778902985203,44.7811717441305,0 6.05763502483584,44.7811104016557,0 6.057471679512029,44.7810540919264,0 6.05713124552505,44.7809539241733,0 6.05689128594542,44.7808868431034,0 6.05663243884552,44.7808097409595,0 6.0565104583596,44.7810115932242,0 6.05634772672494,44.781257366238,0 6.05631910851956,44.7813033851501,0 
						</coordinates>
					</LinearRing>
				</outerBoundaryIs>
			</Polygon>
		</Placemark>
		<Placemark id="parcelles-des-personnes-morales_05_groupe_personne_4.107585">
		<styleUrl>#COM</styleUrl>			<visibility>0</visibility>
			<ExtendedData>
				<SchemaData schemaUrl="#parcelles-des-personnes-morales_05_groupe_personne_4.schema">
					<SimpleData name="Numero de Parcelle">051420000D0946</SimpleData>
					<SimpleData name="Departement">05</SimpleData>
					<SimpleData name="Commune">SAINT-FIRMIN</SimpleData>
					<SimpleData name="Adresse">LA GARDETTE</SimpleData>
					<SimpleData name="Groupe de personne">Commune</SimpleData>
					<SimpleData name="Forme Juridique Abregee">COM</SimpleData>
					<SimpleData name="Denomination">COMMUNE DE SAINT FIRMIN</SimpleData>
				</SchemaData>
			</ExtendedData>
	<Region>
		<LatLonAltBox>
			<north> 44.7847412992685 </north>
			<south> 44.7843965460176 </south>
			<east> 6.058625951509099 </east>
			<west> 6.05821363807084 </west>
		</LatLonAltBox>
		<Lod>
			<minLodPixels>100</minLodPixels>
			<maxLodPixels>-1</maxLodPixels>
		</Lod>
	</Region>
			<Polygon><altitudeMode>relativeToGround</altitudeMode>
				<outerBoundaryIs>
					<LinearRing>
						<coordinates>							6.058535611840879,44.7847395116112,0 6.05859162817289,44.7847412992685,0 6.058625951509099,44.7845443866051,0 6.05824355469415,44.7843965460176,0 6.05821363807084,44.7847046992675,0 6.058535611840879,44.7847395116112,0 
						</coordinates>
					</LinearRing>
				</outerBoundaryIs>
			</Polygon>
		</Placemark>
		<Placemark id="parcelles-des-personnes-morales_05_groupe_personne_4.107655">
		<styleUrl>#COM</styleUrl>			<visibility>0</visibility>
			<ExtendedData>
				<SchemaData schemaUrl="#parcelles-des-personnes-morales_05_groupe_personne_4.schema">
					<SimpleData name="Numero de Parcelle">051420000C0948</SimpleData>
					<SimpleData name="Departement">05</SimpleData>
					<SimpleData name="Commune">SAINT-FIRMIN</SimpleData>
					<SimpleData name="Adresse">BOIS DE LARIMA</SimpleData>
					<SimpleData name="Groupe de personne">Commune</SimpleData>
					<SimpleData name="Forme Juridique Abregee">COM</SimpleData>
					<SimpleData name="Denomination">COMMUNE DE SAINT FIRMIN</SimpleData>
				</SchemaData>
			</ExtendedData>
	<Region>
		<LatLonAltBox>
			<north> 44.7978982091215 </north>
			<south> 44.7958762922311 </south>
			<east> 6.02009705837419 </east>
			<west> 6.01941370268355 </west>
		</LatLonAltBox>
		<Lod>
			<minLodPixels>100</minLodPixels>
			<maxLodPixels>-1</maxLodPixels>
		</Lod>
	</Region>
			<Polygon><altitudeMode>relativeToGround</altitudeMode>
				<outerBoundaryIs>
					<LinearRing>
						<coordinates>							6.01971006666674,44.7978982091215,0 6.01976138782647,44.7978924863279,0 6.02009705837419,44.7978610871835,0 6.01989592965864,44.7975845610164,0 6.01985213176115,44.7972240119608,0 6.01982754650742,44.7971362058146,0 6.019806922722291,44.7970632479605,0 6.019797824733501,44.7970305200655,0 6.019786932071341,44.7969855877776,0 6.01975268673817,44.7968428149203,0 6.0197340474522,44.7967643971413,0 6.01973083741255,44.7967564658985,0 6.01963053182813,44.7965028705872,0 6.019624219486981,44.7964843022336,0 6.01956111213717,44.7962942034676,0 6.019560806922111,44.7962908781689,0 6.01953390447854,44.7960492483496,0 6.01948966373832,44.7959417957594,0 6.019476527393769,44.7958762922311,0 6.01941370268355,44.7959080962228,0 6.01951078406297,44.7963160266318,0 6.01966497093664,44.7969389061022,0 6.019691367873161,44.7970463042099,0 6.01975633630045,44.7973110432718,0 6.01975985339599,44.7973505904422,0 6.01977268089636,44.7974974606242,0 6.0196419318731,44.7976240058678,0 6.01971006666674,44.7978982091215,0 
						</coordinates>
					</LinearRing>
				</outerBoundaryIs>
			</Polygon>
		</Placemark>
		<Placemark id="parcelles-des-personnes-morales_05_groupe_personne_4.107829">
		<styleUrl>#COM</styleUrl>			<visibility>0</visibility>
			<ExtendedData>
				<SchemaData schemaUrl="#parcelles-des-personnes-morales_05_groupe_personne_4.schema">
					<SimpleData name="Numero de Parcelle">051420000C0095</SimpleData>
					<SimpleData name="Departement">05</SimpleData>
					<SimpleData name="Commune">SAINT-FIRMIN</SimpleData>
					<SimpleData name="Adresse">LE GRAND PRE</SimpleData>
					<SimpleData name="Groupe de personne">Commune</SimpleData>
					<SimpleData name="Forme Juridique Abregee">COM</SimpleData>
					<SimpleData name="Denomination">COMMUNE DE SAINT FIRMIN</SimpleData>
				</SchemaData>
			</ExtendedData>
	<Region>
		<LatLonAltBox>
			<north> 44.8150962156256 </north>
			<south> 44.8126022578562 </south>
			<east> 6.022207209280639 </east>
			<west> 6.01926291639348 </west>
		</LatLonAltBox>
		<Lod>
			<minLodPixels>100</minLodPixels>
			<maxLodPixels>-1</maxLodPixels>
		</Lod>
	</Region>
			<Polygon><altitudeMode>relativeToGround</altitudeMode>
				<outerBoundaryIs>
					<LinearRing>
						<coordinates>							6.020488272099661,44.8126022578562,0 6.02046044555923,44.8126450016608,0 6.02043288413809,44.8126597176987,0 6.02050234867504,44.8128428870502,0 6.02055312464234,44.8129091675458,0 6.02057368701362,44.8129643781619,0 6.02045511602458,44.8130143692515,0 6.020160427929751,44.8131481736929,0 6.01994523942257,44.8132398084371,0 6.019281084981,44.8134491743044,0 6.01927600622758,44.8135124714151,0 6.019300770541309,44.8137259604108,0 6.01926291639348,44.813810602306,0 6.01938651107359,44.813915264421,0 6.01950573934196,44.814042299576,0 6.019593950494119,44.8141974790774,0 6.01962534367903,44.8142681621076,0 6.01965400374752,44.8143774815981,0 6.019659050834621,44.8144596038116,0 6.020022419190001,44.8144753853532,0 6.02002445978685,44.8146381372727,0 6.02048584227464,44.814671159402,0 6.02043679208723,44.8148889115738,0 6.02056427785702,44.8149481471163,0 6.02070843899926,44.8150962156256,0 6.02092953276636,44.8150130680509,0 6.02085460773599,44.814726074085,0 6.020919192304181,44.8144723997421,0 6.02098207077892,44.8144412244639,0 6.02097697940786,44.8143912685455,0 6.02098686287757,44.8143326155883,0 6.02105650702841,44.8142107071721,0 6.02118046744337,44.8138701819242,0 6.02139454570254,44.8132848365777,0 6.02120187075674,44.8132043132581,0 6.02127671530667,44.8130214466862,0 6.02161813004103,44.8130834106797,0 6.021609685549421,44.8131452680148,0 6.02168833716724,44.8131508730303,0 6.02176762311117,44.8131070868554,0 6.021982856553409,44.8131575322322,0 6.02220429977462,44.8132622273051,0 6.022207209280639,44.8132104315848,0 6.021960736696509,44.813063982421,0 6.02171920213702,44.8130846205385,0 6.02141873912228,44.8128991875041,0 6.0212399004842,44.812798195346,0 6.02108272769149,44.8127376072753,0 6.020488272099661,44.8126022578562,0 
						</coordinates>
					</LinearRing>
				</outerBoundaryIs>
			</Polygon>
		</Placemark>
		<Placemark id="parcelles-des-personnes-morales_05_groupe_personne_4.107982">
		<styleUrl>#COM</styleUrl>			<visibility>0</visibility>
			<ExtendedData>
				<SchemaData schemaUrl="#parcelles-des-personnes-morales_05_groupe_personne_4.schema">
					<SimpleData name="Numero de Parcelle">051420000C0953</SimpleData>
					<SimpleData name="Departement">05</SimpleData>
					<SimpleData name="Commune">SAINT-FIRMIN</SimpleData>
					<SimpleData name="Adresse">BOIS DE LARIMA</SimpleData>
					<SimpleData name="Groupe de personne">Commune</SimpleData>
					<SimpleData name="Forme Juridique Abregee">COM</SimpleData>
					<SimpleData name="Denomination">COMMUNE DE SAINT FIRMIN</SimpleData>
				</SchemaData>
			</ExtendedData>
	<Region>
		<LatLonAltBox>
			<north> 44.7978610871835 </north>
			<south> 44.7975439167815 </south>
			<east> 6.02074940991375 </east>
			<west> 6.01989592965864 </west>
		</LatLonAltBox>
		<Lod>
			<minLodPixels>100</minLodPixels>
			<maxLodPixels>-1</maxLodPixels>
		</Lod>
	</Region>
			<Polygon><altitudeMode>relativeToGround</altitudeMode>
				<outerBoundaryIs>
					<LinearRing>
						<coordinates>							6.02009705837419,44.7978610871835,0 6.020541780249671,44.7978197779408,0 6.02056378127329,44.7978171061723,0 6.02074940991375,44.7975439167815,0 6.01989592965864,44.7975845610164,0 6.02009705837419,44.7978610871835,0 
						</coordinates>
					</LinearRing>
				</outerBoundaryIs>
			</Polygon>
		</Placemark>
		<Placemark id="parcelles-des-personnes-morales_05_groupe_personne_4.108425">
		<styleUrl>#COM</styleUrl>			<visibility>0</visibility>
			<ExtendedData>
				<SchemaData schemaUrl="#parcelles-des-personnes-morales_05_groupe_personne_4.schema">
					<SimpleData name="Numero de Parcelle">051420000C0962</SimpleData>
					<SimpleData name="Departement">05</SimpleData>
					<SimpleData name="Commune">SAINT-FIRMIN</SimpleData>
					<SimpleData name="Adresse">BOIS DE LARIMA</SimpleData>
					<SimpleData name="Groupe de personne">Commune</SimpleData>
					<SimpleData name="Forme Juridique Abregee">COM</SimpleData>
					<SimpleData name="Denomination">COMMUNE DE SAINT FIRMIN</SimpleData>
				</SchemaData>
			</ExtendedData>
	<Region>
		<LatLonAltBox>
			<north> 44.79789069559 </north>
			<south> 44.795322965666 </south>
			<east> 6.02279339982717 </east>
			<west> 6.02056378127329 </west>
		</LatLonAltBox>
		<Lod>
			<minLodPixels>100</minLodPixels>
			<maxLodPixels>-1</maxLodPixels>
		</Lod>
	</Region>
			<Polygon><altitudeMode>relativeToGround</altitudeMode>
				<outerBoundaryIs>
					<LinearRing>
						<coordinates>							6.02151554674021,44.7967519790243,0 6.02151958027284,44.7966740246163,0 6.021528490570081,44.7965079117742,0 6.02166339833907,44.7963976485893,0 6.02188755315415,44.7962080987893,0 6.02190695444239,44.7962018036041,0 6.02204659799909,44.7961561010039,0 6.02202796822856,44.7960661507756,0 6.02204481382158,44.7960170387115,0 6.022126669343359,44.795936782316,0 6.02228480504947,44.7957996665715,0 6.022368634784569,44.7957114275531,0 6.02247768382562,44.795630969977,0 6.02254301477413,44.7955328739998,0 6.022601848387829,44.7954974830057,0 6.02267989896438,44.7954312049876,0 6.02279339982717,44.795322965666,0 6.022453430199411,44.795335299805,0 6.02207671190813,44.7953489952321,0 6.022104286610339,44.79572998755,0 6.021657443181051,44.7957950570491,0 6.02135729757869,44.7959903717551,0 6.021182559522061,44.7960282004525,0 6.021044217176059,44.7960580993883,0 6.021002586376689,44.7962016785082,0 6.021022099618059,44.796270431827,0 6.02102522154765,44.7962814287592,0 6.020935911438,44.7964654998365,0 6.02092688416045,44.796476467492,0 6.020752215446,44.7966874613884,0 6.02074605517532,44.7967729518082,0 6.020852707674001,44.7967678829282,0 6.02088155709968,44.7968714298641,0 6.02087111811731,44.7968726153353,0 6.020887036668889,44.7969545308325,0 6.02091627732629,44.7971053684202,0 6.02094547461275,44.7972553963145,0 6.02074940991375,44.7975439167815,0 6.02056378127329,44.7978171061723,0 6.02080588693558,44.79789069559,0 6.02082566684234,44.7976842831773,0 6.020963584856381,44.7974322151135,0 6.02101076658804,44.7974201175035,0 6.02116006916558,44.7970361961876,0 6.021159535327859,44.7970333276097,0 6.02113122509838,44.7968903933151,0 6.021325412819,44.7967435569348,0 6.02151186798415,44.7967518090096,0 6.02151554674021,44.7967519790243,0 
						</coordinates>
					</LinearRing>
				</outerBoundaryIs>
			</Polygon>
		</Placemark>
		<Placemark id="parcelles-des-personnes-morales_05_groupe_personne_4.108996">
		<styleUrl>#COM</styleUrl>			<visibility>0</visibility>
			<ExtendedData>
				<SchemaData schemaUrl="#parcelles-des-personnes-morales_05_groupe_personne_4.schema">
					<SimpleData name="Numero de Parcelle">051420000C0974</SimpleData>
					<SimpleData name="Departement">05</SimpleData>
					<SimpleData name="Commune">SAINT-FIRMIN</SimpleData>
					<SimpleData name="Adresse">BOIS DE LARIMA</SimpleData>
					<SimpleData name="Groupe de personne">Commune</SimpleData>
					<SimpleData name="Forme Juridique Abregee">COM</SimpleData>
					<SimpleData name="Denomination">COMMUNE DE SAINT FIRMIN</SimpleData>
				</SchemaData>
			</ExtendedData>
	<Region>
		<LatLonAltBox>
			<north> 44.7972551332137 </north>
			<south> 44.7971703296465 </south>
			<east> 6.021861602045871 </east>
			<west> 6.02169789621494 </west>
		</LatLonAltBox>
		<Lod>
			<minLodPixels>100</minLodPixels>
			<maxLodPixels>-1</maxLodPixels>
		</Lod>
	</Region>
			<Polygon><altitudeMode>relativeToGround</altitudeMode>
				<outerBoundaryIs>
					<LinearRing>
						<coordinates>							6.02169789621494,44.7971921813089,0 6.021784797379091,44.7972551332137,0 6.02179335592148,44.7972330962356,0 6.021861602045871,44.7971703296465,0 6.02183107214503,44.7971744054619,0 6.02169789621494,44.7971921813089,0 
						</coordinates>
					</LinearRing>
				</outerBoundaryIs>
			</Polygon>
		</Placemark>
		<Placemark id="parcelles-des-personnes-morales_05_groupe_personne_4.109128">
		<styleUrl>#COM</styleUrl>			<visibility>0</visibility>
			<ExtendedData>
				<SchemaData schemaUrl="#parcelles-des-personnes-morales_05_groupe_personne_4.schema">
					<SimpleData name="Numero de Parcelle">051420000C0978</SimpleData>
					<SimpleData name="Departement">05</SimpleData>
					<SimpleData name="Commune">SAINT-FIRMIN</SimpleData>
					<SimpleData name="Adresse">BOIS DE LARIMA</SimpleData>
					<SimpleData name="Groupe de personne">Commune</SimpleData>
					<SimpleData name="Forme Juridique Abregee">COM</SimpleData>
					<SimpleData name="Denomination">COMMUNE DE SAINT FIRMIN</SimpleData>
				</SchemaData>
			</ExtendedData>
	<Region>
		<LatLonAltBox>
			<north> 44.7984015060752 </north>
			<south> 44.796411251744 </south>
			<east> 6.02217877108528 </east>
			<west> 6.02110435615636 </west>
		</LatLonAltBox>
		<Lod>
			<minLodPixels>100</minLodPixels>
			<maxLodPixels>-1</maxLodPixels>
		</Lod>
	</Region>
			<Polygon><altitudeMode>relativeToGround</altitudeMode>
				<outerBoundaryIs>
					<LinearRing>
						<coordinates>							6.02151554674021,44.7967519790243,0 6.0216911210685,44.7967602571046,0 6.02167903456401,44.7968014008734,0 6.0216295548655,44.796970782022,0 6.021629224179259,44.7969716920141,0 6.02142976921528,44.7974065348732,0 6.021315951517311,44.7978761634961,0 6.02125959080958,44.7978822946652,0 6.02110435615636,44.7981394300858,0 6.02113147980941,44.7984015060752,0 6.021270386411759,44.7982195968114,0 6.021186642224399,44.7982177348087,0 6.02133699451485,44.7979145121765,0 6.02141656602543,44.7979070275224,0 6.02150813957557,44.7976332469972,0 6.02162623194455,44.7972808089328,0 6.02161528821203,44.7971808284331,0 6.021623809062721,44.7971345561973,0 6.021624013395911,44.7971336496495,0 6.021672218041489,44.7970511575053,0 6.02174281085298,44.7969308446425,0 6.02177455330234,44.7968763711396,0 6.02184112794946,44.7968507704073,0 6.021851795143709,44.7968302976997,0 6.02193537557335,44.7967773841616,0 6.02199292418355,44.7966968895696,0 6.02207153674612,44.7965868992758,0 6.02212851703827,44.7965852556551,0 6.02212691482769,44.7965178161056,0 6.02217877108528,44.7964420715951,0 6.022122828928619,44.796411251744,0 6.02207877918595,44.7964180387912,0 6.0219854067299,44.7964323872752,0 6.021658472542129,44.7967249278135,0 6.02151958027284,44.7966740246163,0 6.02151554674021,44.7967519790243,0 
						</coordinates>
					</LinearRing>
				</outerBoundaryIs>
			</Polygon>
		</Placemark>
		<Placemark id="parcelles-des-personnes-morales_05_groupe_personne_4.109405">
		<styleUrl>#COM</styleUrl>			<visibility>0</visibility>
			<ExtendedData>
				<SchemaData schemaUrl="#parcelles-des-personnes-morales_05_groupe_personne_4.schema">
					<SimpleData name="Numero de Parcelle">051420000C0983</SimpleData>
					<SimpleData name="Departement">05</SimpleData>
					<SimpleData name="Commune">SAINT-FIRMIN</SimpleData>
					<SimpleData name="Adresse">BOIS DE LARIMA</SimpleData>
					<SimpleData name="Groupe de personne">Commune</SimpleData>
					<SimpleData name="Forme Juridique Abregee">COM</SimpleData>
					<SimpleData name="Denomination">COMMUNE DE SAINT FIRMIN</SimpleData>
				</SchemaData>
			</ExtendedData>
	<Region>
		<LatLonAltBox>
			<north> 44.7989798539099 </north>
			<south> 44.7984015060752 </south>
			<east> 6.02113147980941 </east>
			<west> 6.02070231132353 </west>
		</LatLonAltBox>
		<Lod>
			<minLodPixels>100</minLodPixels>
			<maxLodPixels>-1</maxLodPixels>
		</Lod>
	</Region>
			<Polygon><altitudeMode>relativeToGround</altitudeMode>
				<outerBoundaryIs>
					<LinearRing>
						<coordinates>							6.02113147980941,44.7984015060752,0 6.02070262897197,44.7984132835017,0 6.02070876408126,44.7984426683838,0 6.02070396693511,44.7985182109441,0 6.02070231132353,44.7985674494446,0 6.02075709847344,44.7986897507924,0 6.02083226554895,44.7988780790039,0 6.02090456396359,44.7989612511418,0 6.02096250857302,44.7989798539099,0 6.02101328767198,44.7988369263853,0 6.02109456403801,44.7986869509172,0 6.02113017966085,44.7985444366044,0 6.02113147980941,44.7984015060752,0 
						</coordinates>
					</LinearRing>
				</outerBoundaryIs>
			</Polygon>
		</Placemark>
		<Placemark id="parcelles-des-personnes-morales_05_groupe_personne_4.109822">
		<styleUrl>#COM</styleUrl>			<visibility>0</visibility>
			<ExtendedData>
				<SchemaData schemaUrl="#parcelles-des-personnes-morales_05_groupe_personne_4.schema">
					<SimpleData name="Numero de Parcelle">051420000C0992</SimpleData>
					<SimpleData name="Departement">05</SimpleData>
					<SimpleData name="Commune">SAINT-FIRMIN</SimpleData>
					<SimpleData name="Adresse">LE BRASQUE</SimpleData>
					<SimpleData name="Groupe de personne">Commune</SimpleData>
					<SimpleData name="Forme Juridique Abregee">COM</SimpleData>
					<SimpleData name="Denomination">COMMUNE DE SAINT FIRMIN</SimpleData>
				</SchemaData>
			</ExtendedData>
	<Region>
		<LatLonAltBox>
			<north> 44.8032730402377 </north>
			<south> 44.7978197779408 </south>
			<east> 6.02201719302238 </east>
			<west> 6.0175851988438 </west>
		</LatLonAltBox>
		<Lod>
			<minLodPixels>100</minLodPixels>
			<maxLodPixels>-1</maxLodPixels>
		</Lod>
	</Region>
			<Polygon><altitudeMode>relativeToGround</altitudeMode>
				<outerBoundaryIs>
					<LinearRing>
						<coordinates>							6.0175851988438,44.7992085216413,0 6.01765910695288,44.7992439903023,0 6.0177808756004,44.7993105911359,0 6.017926397297391,44.7994165485351,0 6.0180309729842,44.7995117276743,0 6.01807885696987,44.799562140044,0 6.01810369109592,44.7996569674487,0 6.01813863751507,44.7998034158013,0 6.018173163407,44.7998642827859,0 6.01824871553826,44.7999468274346,0 6.01894829467028,44.8004939514369,0 6.0192903745719,44.8008076352639,0 6.01926289115837,44.8008237004443,0 6.0197830476129,44.8012790316206,0 6.019873806605549,44.8013783697506,0 6.01989391665794,44.8014346736415,0 6.01988582275192,44.8014936379181,0 6.01987397892269,44.8015275670553,0 6.01964972112624,44.8015179088877,0 6.01961276281143,44.8015248620724,0 6.01978057224899,44.8016144431426,0 6.01984426180945,44.8016928051357,0 6.0199563648843,44.8018360701219,0 6.02027693727143,44.8021872774589,0 6.020405563587041,44.8023977553998,0 6.02063687521016,44.8026350775039,0 6.02065977394475,44.8029574545277,0 6.02089398283925,44.8031309079586,0 6.02101001430809,44.803177660267,0 6.0210696901173,44.8031907199739,0 6.02113793233679,44.8031936354221,0 6.02118897338046,44.8031802613948,0 6.02134020676104,44.8031167652073,0 6.02139849842405,44.8031064369961,0 6.02142628594348,44.803100724263,0 6.02145694428746,44.8031013302318,0 6.021708780012199,44.8032730402377,0 6.02201719302238,44.8031530919497,0 6.02184916909596,44.8030126144942,0 6.021047381092491,44.8022673738085,0 6.02094082944939,44.8022556816441,0 6.020863159421801,44.8022162630782,0 6.02078367831465,44.8021149064671,0 6.02073782346131,44.8019822705369,0 6.02073782382857,44.8019069487008,0 6.02075887267049,44.8018347473188,0 6.020848009319869,44.8016425722159,0 6.02090456161657,44.8014563304824,0 6.02093794769346,44.800980424727,0 6.020888371048301,44.7999311448552,0 6.020877229315491,44.7995308735921,0 6.020875603301569,44.7993923474744,0 6.02096093541363,44.7990117914034,0 6.020891821655309,44.7989972771248,0 6.020846137474681,44.7989642849467,0 6.02078295872589,44.7988718544724,0 6.02075863843745,44.7988031419337,0 6.02071838054919,44.7986686418378,0 6.02066488659673,44.7985633337134,0 6.020665724400049,44.7983905934593,0 6.02063514281447,44.7981465410996,0 6.020541780249671,44.7978197779408,0 6.02009705837419,44.7978610871835,0 6.01976138782647,44.7978924863279,0 6.01971006666674,44.7978982091215,0 6.019081436419779,44.7980800310546,0 6.019100462131459,44.7987638949877,0 6.0175851988438,44.7992085216413,0 
						</coordinates>
					</LinearRing>
				</outerBoundaryIs>
			</Polygon>
		</Placemark>
		<Placemark id="parcelles-des-personnes-morales_05_groupe_personne_4.109854">
		<styleUrl>#COM</styleUrl>			<visibility>0</visibility>
			<ExtendedData>
				<SchemaData schemaUrl="#parcelles-des-personnes-morales_05_groupe_personne_4.schema">
					<SimpleData name="Numero de Parcelle">051420000C0993</SimpleData>
					<SimpleData name="Departement">05</SimpleData>
					<SimpleData name="Commune">SAINT-FIRMIN</SimpleData>
					<SimpleData name="Adresse">LE BRASQUE</SimpleData>
					<SimpleData name="Groupe de personne">Commune</SimpleData>
					<SimpleData name="Forme Juridique Abregee">COM</SimpleData>
					<SimpleData name="Denomination">COMMUNE DE SAINT FIRMIN</SimpleData>
				</SchemaData>
			</ExtendedData>
	<Region>
		<LatLonAltBox>
			<north> 44.8053780438926 </north>
			<south> 44.8015248620724 </south>
			<east> 6.024292063240809 </east>
			<west> 6.019477955306921 </west>
		</LatLonAltBox>
		<Lod>
			<minLodPixels>100</minLodPixels>
			<maxLodPixels>-1</maxLodPixels>
		</Lod>
	</Region>
			<Polygon><altitudeMode>relativeToGround</altitudeMode>
				<outerBoundaryIs>
					<LinearRing>
						<coordinates>							6.02201719302238,44.8031530919497,0 6.021708780012199,44.8032730402377,0 6.02145694428746,44.8031013302318,0 6.02142628594348,44.803100724263,0 6.02139849842405,44.8031064369961,0 6.02134020676104,44.8031167652073,0 6.02118897338046,44.8031802613948,0 6.02113793233679,44.8031936354221,0 6.0210696901173,44.8031907199739,0 6.02101001430809,44.803177660267,0 6.02089398283925,44.8031309079586,0 6.02065977394475,44.8029574545277,0 6.02063687521016,44.8026350775039,0 6.020405563587041,44.8023977553998,0 6.02027693727143,44.8021872774589,0 6.0199563648843,44.8018360701219,0 6.01984426180945,44.8016928051357,0 6.01978057224899,44.8016144431426,0 6.01961276281143,44.8015248620724,0 6.019477955306921,44.8015501575413,0 6.01953885520614,44.8016778791856,0 6.01964041754206,44.8018322433221,0 6.019741850937401,44.8019111990135,0 6.019779246434729,44.8019406334078,0 6.01981207293718,44.8020239806649,0 6.01982896872013,44.8022088516706,0 6.019853971484179,44.8022714192563,0 6.0199145727547,44.8023252686639,0 6.020137503267361,44.8024373137228,0 6.020215033226961,44.8024906116825,0 6.02032258906815,44.8025821940114,0 6.02042735343915,44.8026995302032,0 6.020472164344899,44.8027915605841,0 6.02049066265151,44.8028814247554,0 6.02047938455305,44.8030718386109,0 6.020485786044689,44.8031061716889,0 6.02051709773393,44.8031354112494,0 6.02056781626168,44.8031654734895,0 6.02075600452599,44.8032620662655,0 6.02092353498464,44.80334868022,0 6.02106411621976,44.8033953941812,0 6.02133826720366,44.8034454953718,0 6.02150590387456,44.8034822814252,0 6.02162189112686,44.8035752545942,0 6.02185622794662,44.8037651005264,0 6.022183954577001,44.8040700681081,0 6.02253046892405,44.8042748741958,0 6.0226644003731,44.804426101071,0 6.022842047756879,44.8045947861095,0 6.0230975914971,44.8047740505754,0 6.02313434776467,44.8048315218978,0 6.02316601248287,44.8049237297178,0 6.02318438234723,44.8053780438926,0 6.02339706346983,44.8053674687122,0 6.023831456534879,44.8053212938183,0 6.02405295576533,44.8053029086084,0 6.024292063240809,44.8052895385893,0 6.02420699736009,44.8050399447777,0 6.024142810659461,44.8049196127706,0 6.023863509554139,44.8046964000507,0 6.023099548138701,44.8040577176705,0 6.02201719302238,44.8031530919497,0 
						</coordinates>
					</LinearRing>
				</outerBoundaryIs>
			</Polygon>
		</Placemark>
		<Placemark id="parcelles-des-personnes-morales_05_groupe_personne_4.109891">
		<styleUrl>#COM</styleUrl>			<visibility>0</visibility>
			<ExtendedData>
				<SchemaData schemaUrl="#parcelles-des-personnes-morales_05_groupe_personne_4.schema">
					<SimpleData name="Numero de Parcelle">051420000C0994</SimpleData>
					<SimpleData name="Departement">05</SimpleData>
					<SimpleData name="Commune">SAINT-FIRMIN</SimpleData>
					<SimpleData name="Adresse">LE BRASQUE</SimpleData>
					<SimpleData name="Groupe de personne">Commune</SimpleData>
					<SimpleData name="Forme Juridique Abregee">COM</SimpleData>
					<SimpleData name="Denomination">COMMUNE DE SAINT FIRMIN</SimpleData>
				</SchemaData>
			</ExtendedData>
	<Region>
		<LatLonAltBox>
			<north> 44.8015501575413 </north>
			<south> 44.7992085216413 </south>
			<east> 6.01989391665794 </east>
			<west> 6.016302871732999 </west>
		</LatLonAltBox>
		<Lod>
			<minLodPixels>100</minLodPixels>
			<maxLodPixels>-1</maxLodPixels>
		</Lod>
	</Region>
			<Polygon><altitudeMode>relativeToGround</altitudeMode>
				<outerBoundaryIs>
					<LinearRing>
						<coordinates>							6.0175851988438,44.7992085216413,0 6.01755480205024,44.7992174578937,0 6.01743725676408,44.7992577778721,0 6.01697772020149,44.7993510133681,0 6.016595958321629,44.7994221287825,0 6.01644579737658,44.7994465770959,0 6.01632539674419,44.7994337258758,0 6.016302871732999,44.7994313655741,0 6.01631207349111,44.7994542702746,0 6.01640704575829,44.7995992658769,0 6.016589721609201,44.799772688169,0 6.01680658641767,44.7999087803114,0 6.01713588691206,44.8001379460837,0 6.01716041996304,44.8002130504867,0 6.01719305617629,44.8004178551824,0 6.017209613369671,44.8004952489206,0 6.017319045508989,44.8005889451383,0 6.01736713465268,44.8006219634027,0 6.01758110282284,44.8007134445941,0 6.01780518619951,44.8007717643584,0 6.01801215866351,44.8008272159188,0 6.018299678278101,44.8008956104284,0 6.01845447434153,44.8009338315951,0 6.018624810663611,44.8010610964535,0 6.018679543036259,44.8010834819456,0 6.018975767286221,44.8011913708485,0 6.01916180967684,44.8012646891234,0 6.019308276441979,44.8013221466337,0 6.01937157184463,44.8013649309676,0 6.01941476434583,44.8013962798188,0 6.01944996376226,44.8014555063972,0 6.019477955306921,44.8015501575413,0 6.01961276281143,44.8015248620724,0 6.01964972112624,44.8015179088877,0 6.01987397892269,44.8015275670553,0 6.01988582275192,44.8014936379181,0 6.01989391665794,44.8014346736415,0 6.019873806605549,44.8013783697506,0 6.0197830476129,44.8012790316206,0 6.01926289115837,44.8008237004443,0 6.0192903745719,44.8008076352639,0 6.01894829467028,44.8004939514369,0 6.01824871553826,44.7999468274346,0 6.018173163407,44.7998642827859,0 6.01813863751507,44.7998034158013,0 6.01810369109592,44.7996569674487,0 6.01807885696987,44.799562140044,0 6.0180309729842,44.7995117276743,0 6.017926397297391,44.7994165485351,0 6.0177808756004,44.7993105911359,0 6.01765910695288,44.7992439903023,0 6.0175851988438,44.7992085216413,0 
						</coordinates>
					</LinearRing>
				</outerBoundaryIs>
			</Polygon>
		</Placemark>
		<Placemark id="parcelles-des-personnes-morales_05_groupe_personne_4.109922">
		<styleUrl>#COM</styleUrl>			<visibility>0</visibility>
			<ExtendedData>
				<SchemaData schemaUrl="#parcelles-des-personnes-morales_05_groupe_personne_4.schema">
					<SimpleData name="Numero de Parcelle">051420000C0995</SimpleData>
					<SimpleData name="Departement">05</SimpleData>
					<SimpleData name="Commune">SAINT-FIRMIN</SimpleData>
					<SimpleData name="Adresse">CHIOURE</SimpleData>
					<SimpleData name="Groupe de personne">Commune</SimpleData>
					<SimpleData name="Forme Juridique Abregee">COM</SimpleData>
					<SimpleData name="Denomination">COMMUNE DE SAINT FIRMIN</SimpleData>
				</SchemaData>
			</ExtendedData>
	<Region>
		<LatLonAltBox>
			<north> 44.7994465770959 </north>
			<south> 44.7935784368514 </south>
			<east> 6.01990053187984 </east>
			<west> 6.01355129737762 </west>
		</LatLonAltBox>
		<Lod>
			<minLodPixels>100</minLodPixels>
			<maxLodPixels>-1</maxLodPixels>
		</Lod>
	</Region>
			<Polygon><altitudeMode>relativeToGround</altitudeMode>
				<outerBoundaryIs>
					<LinearRing>
						<coordinates>							6.0175851988438,44.7992085216413,0 6.019100462131459,44.7987638949877,0 6.019081436419779,44.7980800310546,0 6.01885290052484,44.7976795543868,0 6.0188365956716,44.7974184449278,0 6.01883553170231,44.7974009949589,0 6.01889016288249,44.7971129965594,0 6.0190350078541,44.7963490779817,0 6.019155763807081,44.7960389163883,0 6.01941370268355,44.7959080962228,0 6.019476527393769,44.7958762922311,0 6.01941467854991,44.7956059722812,0 6.019405017616541,44.7955721785462,0 6.019300014421,44.795207530648,0 6.019514186198841,44.7948297735429,0 6.019537457411251,44.7947824690323,0 6.01955672693215,44.7947431120229,0 6.01973225315357,44.7943455947022,0 6.01989523655052,44.7939760787892,0 6.01990053187984,44.7939639515344,0 6.01945445588028,44.7937133797144,0 6.019255407025711,44.7936165412311,0 6.01917121952056,44.7935921655852,0 6.01906331008372,44.7935784368514,0 6.01780267941338,44.7936137580749,0 6.016994133667459,44.7936394632442,0 6.01677995724824,44.7936732230233,0 6.016300928985721,44.7937843760696,0 6.01601408338492,44.7938739901388,0 6.01579193718139,44.7939596807516,0 6.015545122236061,44.7940902798784,0 6.01529647888978,44.7942481375865,0 6.01506731450498,44.794436548451,0 6.01457873687805,44.7949005947566,0 6.01410732497789,44.7952625421318,0 6.01399654862798,44.7953699772461,0 6.013808390248179,44.7955587118729,0 6.013686198533071,44.7957010544309,0 6.013643731601089,44.7957727552894,0 6.01357880193644,44.7959352543195,0 6.01355129737762,44.7960570929813,0 6.01412571555209,44.7961385996379,0 6.01407718554972,44.7964865240339,0 6.01454317721654,44.7966130524435,0 6.01466774617353,44.7967037263407,0 6.01479032923419,44.7967644516699,0 6.014935515731839,44.7968101464793,0 6.015534480890121,44.7969857610265,0 6.0156665583461,44.797027667056,0 6.01576466517797,44.7970732000958,0 6.01585072978349,44.7971324852239,0 6.015914473265401,44.797193188486,0 6.01607194351248,44.7974182021341,0 6.01630363835248,44.7978142732872,0 6.01648311713991,44.7981828437289,0 6.01656348464184,44.7983976116638,0 6.01658743227207,44.7985325568402,0 6.01658810356137,44.7986605672546,0 6.016577214269151,44.7987853784703,0 6.01655133200517,44.7989538445434,0 6.016436871676511,44.7992402261574,0 6.01642161459564,44.7992883930615,0 6.01632539674419,44.7994337258758,0 6.01644579737658,44.7994465770959,0 6.016595958321629,44.7994221287825,0 6.01697772020149,44.7993510133681,0 6.01743725676408,44.7992577778721,0 6.01755480205024,44.7992174578937,0 6.0175851988438,44.7992085216413,0 
						</coordinates>
					</LinearRing>
				</outerBoundaryIs>
			</Polygon>
		</Placemark>
		<Placemark id="parcelles-des-personnes-morales_05_groupe_personne_4.109956">
		<styleUrl>#COM</styleUrl>			<visibility>0</visibility>
			<ExtendedData>
				<SchemaData schemaUrl="#parcelles-des-personnes-morales_05_groupe_personne_4.schema">
					<SimpleData name="Numero de Parcelle">051420000C0996</SimpleData>
					<SimpleData name="Departement">05</SimpleData>
					<SimpleData name="Commune">SAINT-FIRMIN</SimpleData>
					<SimpleData name="Adresse">CHIOURE</SimpleData>
					<SimpleData name="Groupe de personne">Commune</SimpleData>
					<SimpleData name="Forme Juridique Abregee">COM</SimpleData>
					<SimpleData name="Denomination">COMMUNE DE SAINT FIRMIN</SimpleData>
				</SchemaData>
			</ExtendedData>
	<Region>
		<LatLonAltBox>
			<north> 44.7994337258758 </north>
			<south> 44.7960570929813 </south>
			<east> 6.01658810356137 </east>
			<west> 6.01355129737762 </west>
		</LatLonAltBox>
		<Lod>
			<minLodPixels>100</minLodPixels>
			<maxLodPixels>-1</maxLodPixels>
		</Lod>
	</Region>
			<Polygon><altitudeMode>relativeToGround</altitudeMode>
				<outerBoundaryIs>
					<LinearRing>
						<coordinates>							6.01355129737762,44.7960570929813,0 6.0135823266389,44.7963549222271,0 6.013637782158881,44.7964876596474,0 6.01365536470959,44.7965370955758,0 6.01374432485088,44.7966032410219,0 6.0138321407744,44.7966504069597,0 6.01397052330407,44.7966943058546,0 6.01404762416649,44.7967280681731,0 6.01427049883365,44.7968467926198,0 6.01449418214935,44.7969758558647,0 6.01455399027919,44.7970033308244,0 6.01469812737628,44.7970624790216,0 6.0149453412947,44.7971442309551,0 6.01535122990389,44.797284824398,0 6.01549287126322,44.7973422375515,0 6.015526242275611,44.7973722331613,0 6.01559322414037,44.7974414077764,0 6.015638703426771,44.7974918864767,0 6.01567874607363,44.7975660285232,0 6.015754345301801,44.7977580418425,0 6.01584938033529,44.7981141345619,0 6.01595710361328,44.7985179941558,0 6.01608541458209,44.7988385839982,0 6.01616357144466,44.7990357532758,0 6.01626200999794,44.799330216654,0 6.016302871732999,44.7994313655741,0 6.01632539674419,44.7994337258758,0 6.01642161459564,44.7992883930615,0 6.016436871676511,44.7992402261574,0 6.01655133200517,44.7989538445434,0 6.016577214269151,44.7987853784703,0 6.01658810356137,44.7986605672546,0 6.01658743227207,44.7985325568402,0 6.01656348464184,44.7983976116638,0 6.01648311713991,44.7981828437289,0 6.01630363835248,44.7978142732872,0 6.01607194351248,44.7974182021341,0 6.015914473265401,44.797193188486,0 6.01585072978349,44.7971324852239,0 6.01576466517797,44.7970732000958,0 6.0156665583461,44.797027667056,0 6.015534480890121,44.7969857610265,0 6.014935515731839,44.7968101464793,0 6.01479032923419,44.7967644516699,0 6.01466774617353,44.7967037263407,0 6.01454317721654,44.7966130524435,0 6.01407718554972,44.7964865240339,0 6.01412571555209,44.7961385996379,0 6.01355129737762,44.7960570929813,0 
						</coordinates>
					</LinearRing>
				</outerBoundaryIs>
			</Polygon>
		</Placemark>
</Document></Document></kml>