<?xml version="1.0" encoding="UTF-8"?>
<kml xmlns="http://www.opengis.net/kml/2.2" xmlns:gx="http://www.google.com/kml/ext/2.2" xmlns:kml="http://www.opengis.net/kml/2.2" xmlns:atom="http://www.w3.org/2005/Atom">
<Document id="root_doc">
	<name>UPAIX_ETAT</name>
	<visibility>0</visibility>
	<atom:link rel="app" href="https://www.google.com/earth/about/versions/#earth-pro" title="Google Earth Pro 7.3.6.10201"></atom:link>
	<Document id="parcelles-des-personnes-morales_05_groupe_personne_1">
		<name>UPAIX_ETAT</name>
		<visibility>0</visibility>
		<Schema name="UPAIX_ETAT" id="UPAIX_ETAT.schema">
			<SimpleField type="string" name="Numero de Parcelle"></SimpleField>
			<SimpleField type="string" name="Departement"></SimpleField>
			<SimpleField type="string" name="Commune"></SimpleField>
			<SimpleField type="string" name="Adresse"></SimpleField>
			<SimpleField type="string" name="Groupe de personne"></SimpleField>
			<SimpleField type="string" name="Forme Juridique Abregee"></SimpleField>
			<SimpleField type="string" name="Denomination"></SimpleField>
		</Schema>
		<Style id="ETAT">
			<LineStyle>
				<color>BF119ff7</color>
				<width>1.5</width>
			</LineStyle>
			<PolyStyle>
				<color>4C119ff7</color>
				<fill>1</fill>
				<outline>1</outline>
			</PolyStyle>
		</Style>
		<Placemark id="parcelles-des-personnes-morales_05_groupe_personne_1.50">
		<styleUrl>#ETAT</styleUrl>			<visibility>0</visibility>
			<ExtendedData>
				<SchemaData schemaUrl="#parcelles-des-personnes-morales_05_groupe_personne_1.schema">
					<SimpleData name="Numero de Parcelle">051730000A1095</SimpleData>
					<SimpleData name="Departement">05</SimpleData>
					<SimpleData name="Commune">UPAIX</SimpleData>
					<SimpleData name="Adresse">BEYNON</SimpleData>
					<SimpleData name="Groupe de personne">Etat</SimpleData>
					<SimpleData name="Forme Juridique Abregee">ETAT</SimpleData>
					<SimpleData name="Denomination">ETAT PAR DIRECTION DE L IMMOBILIER DE L ETAT</SimpleData>
				</SchemaData>
			</ExtendedData>
	<Region>
		<LatLonAltBox>
			<north> 44.3440952702886 </north>
			<south> 44.3437699868917 </south>
			<east> 5.90618805050692 </east>
			<west> 5.90578103093981 </west>
		</LatLonAltBox>
		<Lod>
			<minLodPixels>100</minLodPixels>
			<maxLodPixels>-1</maxLodPixels>
		</Lod>
	</Region>
			<Polygon><altitudeMode>relativeToGround</altitudeMode>
				<outerBoundaryIs>
					<LinearRing>
						<coordinates>							5.90610762987652,44.3440952702886,0 5.90618805050692,44.3440431529803,0 5.905901346416639,44.3437737439432,0 5.90578103093981,44.3437699868917,0 5.90578433083121,44.3437731424525,0 5.90610762987652,44.3440952702886,0 
						</coordinates>
					</LinearRing>
				</outerBoundaryIs>
			</Polygon>
		</Placemark>
		<Placemark id="parcelles-des-personnes-morales_05_groupe_personne_1.76">
		<styleUrl>#ETAT</styleUrl>			<visibility>0</visibility>
			<ExtendedData>
				<SchemaData schemaUrl="#parcelles-des-personnes-morales_05_groupe_personne_1.schema">
					<SimpleData name="Numero de Parcelle">051730000B1197</SimpleData>
					<SimpleData name="Departement">05</SimpleData>
					<SimpleData name="Commune">UPAIX</SimpleData>
					<SimpleData name="Adresse">CURATTES</SimpleData>
					<SimpleData name="Groupe de personne">Etat</SimpleData>
					<SimpleData name="Forme Juridique Abregee">ETAT</SimpleData>
					<SimpleData name="Denomination">ETAT PAR DIRECTION DE L IMMOBILIER DE L ETAT</SimpleData>
				</SchemaData>
			</ExtendedData>
	<Region>
		<LatLonAltBox>
			<north> 44.3259374852535 </north>
			<south> 44.3257189807911 </south>
			<east> 5.893867104159111 </east>
			<west> 5.893570596231609 </west>
		</LatLonAltBox>
		<Lod>
			<minLodPixels>100</minLodPixels>
			<maxLodPixels>-1</maxLodPixels>
		</Lod>
	</Region>
			<Polygon><altitudeMode>relativeToGround</altitudeMode>
				<outerBoundaryIs>
					<LinearRing>
						<coordinates>							5.893570596231609,44.3258366088699,0 5.89359951118682,44.3259236709918,0 5.893605110423099,44.3259374852535,0 5.893867104159111,44.325885732611,0 5.893839615181091,44.325831510382,0 5.89378242106496,44.3257189807911,0 5.89370720438999,44.3257252839994,0 5.893570596231609,44.3258366088699,0 
						</coordinates>
					</LinearRing>
				</outerBoundaryIs>
			</Polygon>
		</Placemark>
		<Placemark id="parcelles-des-personnes-morales_05_groupe_personne_1.106">
		<styleUrl>#ETAT</styleUrl>			<visibility>0</visibility>
			<ExtendedData>
				<SchemaData schemaUrl="#parcelles-des-personnes-morales_05_groupe_personne_1.schema">
					<SimpleData name="Numero de Parcelle">051730000B0013</SimpleData>
					<SimpleData name="Departement">05</SimpleData>
					<SimpleData name="Commune">UPAIX</SimpleData>
					<SimpleData name="Adresse">LES PLAINES</SimpleData>
					<SimpleData name="Groupe de personne">Etat</SimpleData>
					<SimpleData name="Forme Juridique Abregee">ETAT</SimpleData>
					<SimpleData name="Denomination">ETAT PAR DIRECTION DE L IMMOBILIER DE L ETAT</SimpleData>
				</SchemaData>
			</ExtendedData>
	<Region>
		<LatLonAltBox>
			<north> 44.3433318279839 </north>
			<south> 44.3428421625486 </south>
			<east> 5.90608219922291 </east>
			<west> 5.90539191095799 </west>
		</LatLonAltBox>
		<Lod>
			<minLodPixels>100</minLodPixels>
			<maxLodPixels>-1</maxLodPixels>
		</Lod>
	</Region>
			<Polygon><altitudeMode>relativeToGround</altitudeMode>
				<outerBoundaryIs>
					<LinearRing>
						<coordinates>							5.90571774194776,44.3428421625486,0 5.90539191095799,44.3430430831684,0 5.90583323619386,44.3433318279839,0 5.90608219922291,44.3431837401438,0 5.90571774194776,44.3428421625486,0 
						</coordinates>
					</LinearRing>
				</outerBoundaryIs>
			</Polygon>
		</Placemark>
		<Placemark id="parcelles-des-personnes-morales_05_groupe_personne_1.112">
		<styleUrl>#ETAT</styleUrl>			<visibility>0</visibility>
			<ExtendedData>
				<SchemaData schemaUrl="#parcelles-des-personnes-morales_05_groupe_personne_1.schema">
					<SimpleData name="Numero de Parcelle">051730000B1333</SimpleData>
					<SimpleData name="Departement">05</SimpleData>
					<SimpleData name="Commune">UPAIX</SimpleData>
					<SimpleData name="Adresse">LES PLAINES</SimpleData>
					<SimpleData name="Groupe de personne">Etat</SimpleData>
					<SimpleData name="Forme Juridique Abregee">ETAT</SimpleData>
					<SimpleData name="Denomination">ETAT PAR DIRECTION DE L IMMOBILIER DE L ETAT</SimpleData>
				</SchemaData>
			</ExtendedData>
	<Region>
		<LatLonAltBox>
			<north> 44.3439830354956 </north>
			<south> 44.3423653150204 </south>
			<east> 5.90792405416912 </east>
			<west> 5.90571774194776 </west>
		</LatLonAltBox>
		<Lod>
			<minLodPixels>100</minLodPixels>
			<maxLodPixels>-1</maxLodPixels>
		</Lod>
	</Region>
			<Polygon><altitudeMode>relativeToGround</altitudeMode>
				<outerBoundaryIs>
					<LinearRing>
						<coordinates>							5.90792405416912,44.3439830354956,0 5.90636812282538,44.3428851484764,0 5.90616053616382,44.3427387654542,0 5.90657661046334,44.3424326806014,0 5.90654435475585,44.3424009254629,0 5.90650801022457,44.3423653150204,0 5.90571774194776,44.3428421625486,0 5.90608219922291,44.3431837401438,0 5.90583323619386,44.3433318279839,0 5.906486107339961,44.3435137352337,0 5.907137161761031,44.3436992898084,0 5.907580443975271,44.3438278206588,0 5.90792405416912,44.3439830354956,0 
						</coordinates>
					</LinearRing>
				</outerBoundaryIs>
			</Polygon>
		</Placemark>
		<Placemark id="parcelles-des-personnes-morales_05_groupe_personne_1.114">
		<styleUrl>#ETAT</styleUrl>			<visibility>0</visibility>
			<ExtendedData>
				<SchemaData schemaUrl="#parcelles-des-personnes-morales_05_groupe_personne_1.schema">
					<SimpleData name="Numero de Parcelle">051730000B1338</SimpleData>
					<SimpleData name="Departement">05</SimpleData>
					<SimpleData name="Commune">UPAIX</SimpleData>
					<SimpleData name="Adresse">LES PLAINES</SimpleData>
					<SimpleData name="Groupe de personne">Etat</SimpleData>
					<SimpleData name="Forme Juridique Abregee">ETAT</SimpleData>
					<SimpleData name="Denomination">ETAT PAR DIRECTION DE L IMMOBILIER DE L ETAT</SimpleData>
				</SchemaData>
			</ExtendedData>
	<Region>
		<LatLonAltBox>
			<north> 44.3424582920022 </north>
			<south> 44.3415888002508 </south>
			<east> 5.9054370056761 </east>
			<west> 5.90464597975877 </west>
		</LatLonAltBox>
		<Lod>
			<minLodPixels>100</minLodPixels>
			<maxLodPixels>-1</maxLodPixels>
		</Lod>
	</Region>
			<Polygon><altitudeMode>relativeToGround</altitudeMode>
				<outerBoundaryIs>
					<LinearRing>
						<coordinates>							5.90540567767836,44.3415888002508,0 5.90535029507986,44.3416444891459,0 5.90529053065809,44.3416979517856,0 5.9052280792678,44.3417479724014,0 5.90510232015645,44.3418827154493,0 5.90498488249105,44.3420230934945,0 5.90470739274223,44.3423882951093,0 5.90464597975877,44.342439008561,0 5.90466617276258,44.3424582920022,0 5.904727478854151,44.3424079416665,0 5.90487205464614,44.342233789184,0 5.90490082778249,44.3421927651771,0 5.904968371870261,44.3420731615456,0 5.905007884683621,44.3420261790404,0 5.905135840588471,44.3418902070874,0 5.9054370056761,44.3416294076507,0 5.90540567767836,44.3415888002508,0 
						</coordinates>
					</LinearRing>
				</outerBoundaryIs>
			</Polygon>
		</Placemark>
		<Placemark id="parcelles-des-personnes-morales_05_groupe_personne_1.127">
		<styleUrl>#ETAT</styleUrl>			<visibility>0</visibility>
			<ExtendedData>
				<SchemaData schemaUrl="#parcelles-des-personnes-morales_05_groupe_personne_1.schema">
					<SimpleData name="Numero de Parcelle">051730000B0139</SimpleData>
					<SimpleData name="Departement">05</SimpleData>
					<SimpleData name="Commune">UPAIX</SimpleData>
					<SimpleData name="Adresse">ROUREBEAU</SimpleData>
					<SimpleData name="Groupe de personne">Etat</SimpleData>
					<SimpleData name="Forme Juridique Abregee">ETAT</SimpleData>
					<SimpleData name="Denomination">ETAT PAR DIRECTION DE L IMMOBILIER DE L ETAT</SimpleData>
				</SchemaData>
			</ExtendedData>
	<Region>
		<LatLonAltBox>
			<north> 44.3186292199506 </north>
			<south> 44.3182863716346 </south>
			<east> 5.89391142147039 </east>
			<west> 5.893198952175171 </west>
		</LatLonAltBox>
		<Lod>
			<minLodPixels>100</minLodPixels>
			<maxLodPixels>-1</maxLodPixels>
		</Lod>
	</Region>
			<Polygon><altitudeMode>relativeToGround</altitudeMode>
				<outerBoundaryIs>
					<LinearRing>
						<coordinates>							5.89322722338457,44.3183089080121,0 5.89321468014456,44.3183089678931,0 5.893198952175171,44.3183203709126,0 5.893208969313159,44.3183322673629,0 5.893263923431409,44.3184698963252,0 5.893288427951219,44.3184559203761,0 5.89341277467201,44.3183849116404,0 5.89349582441649,44.3183602071601,0 5.893500810755681,44.3184529428661,0 5.8935039725006,44.3184853765926,0 5.89351225297295,44.3185173152968,0 5.893525879804359,44.3185483026133,0 5.89354445415014,44.3185778986646,0 5.893567581756979,44.3186057535267,0 5.89371805787971,44.3186262931409,0 5.89391142147039,44.3186292199506,0 5.89362416976625,44.3183355714436,0 5.893542810857711,44.318295107562,0 5.8934914268101,44.3182863716346,0 5.893372479889301,44.3183083278279,0 5.89322722338457,44.3183089080121,0 
						</coordinates>
					</LinearRing>
				</outerBoundaryIs>
			</Polygon>
		</Placemark>
		<Placemark id="parcelles-des-personnes-morales_05_groupe_personne_1.130">
		<styleUrl>#ETAT</styleUrl>			<visibility>0</visibility>
			<ExtendedData>
				<SchemaData schemaUrl="#parcelles-des-personnes-morales_05_groupe_personne_1.schema">
					<SimpleData name="Numero de Parcelle">051730000B1394</SimpleData>
					<SimpleData name="Departement">05</SimpleData>
					<SimpleData name="Commune">UPAIX</SimpleData>
					<SimpleData name="Adresse">RIBAOUS</SimpleData>
					<SimpleData name="Groupe de personne">Etat</SimpleData>
					<SimpleData name="Forme Juridique Abregee">ETAT</SimpleData>
					<SimpleData name="Denomination">ETAT PAR DIRECTION DE L IMMOBILIER DE L ETAT</SimpleData>
				</SchemaData>
			</ExtendedData>
	<Region>
		<LatLonAltBox>
			<north> 44.333626405173 </north>
			<south> 44.332818790681 </south>
			<east> 5.898560297350671 </east>
			<west> 5.89755234747556 </west>
		</LatLonAltBox>
		<Lod>
			<minLodPixels>100</minLodPixels>
			<maxLodPixels>-1</maxLodPixels>
		</Lod>
	</Region>
			<Polygon><altitudeMode>relativeToGround</altitudeMode>
				<outerBoundaryIs>
					<LinearRing>
						<coordinates>							5.89755234747556,44.3328322917919,0 5.89758615765777,44.3329240884941,0 5.8977659278923,44.3334969150824,0 5.898176206340429,44.3335882483087,0 5.898560297350671,44.333626405173,0 5.89835408864557,44.3333930503301,0 5.89801677227732,44.3333688828504,0 5.897746802197471,44.332818790681,0 5.89755234747556,44.3328322917919,0 
						</coordinates>
					</LinearRing>
				</outerBoundaryIs>
			</Polygon>
		</Placemark>
		<Placemark id="parcelles-des-personnes-morales_05_groupe_personne_1.131">
		<styleUrl>#ETAT</styleUrl>			<visibility>0</visibility>
			<ExtendedData>
				<SchemaData schemaUrl="#parcelles-des-personnes-morales_05_groupe_personne_1.schema">
					<SimpleData name="Numero de Parcelle">051730000B1398</SimpleData>
					<SimpleData name="Departement">05</SimpleData>
					<SimpleData name="Commune">UPAIX</SimpleData>
					<SimpleData name="Adresse">RIBAOUS</SimpleData>
					<SimpleData name="Groupe de personne">Etat</SimpleData>
					<SimpleData name="Forme Juridique Abregee">ETAT</SimpleData>
					<SimpleData name="Denomination">ETAT PAR DIRECTION DE L IMMOBILIER DE L ETAT</SimpleData>
				</SchemaData>
			</ExtendedData>
	<Region>
		<LatLonAltBox>
			<north> 44.3333930503301 </north>
			<south> 44.3327910444577 </south>
			<east> 5.89835408864557 </east>
			<west> 5.897746802197471 </west>
		</LatLonAltBox>
		<Lod>
			<minLodPixels>100</minLodPixels>
			<maxLodPixels>-1</maxLodPixels>
		</Lod>
	</Region>
			<Polygon><altitudeMode>relativeToGround</altitudeMode>
				<outerBoundaryIs>
					<LinearRing>
						<coordinates>							5.898150230811569,44.3327910444577,0 5.897746802197471,44.332818790681,0 5.89801677227732,44.3333688828504,0 5.89835408864557,44.3333930503301,0 5.89834068824756,44.3333396284666,0 5.898150230811569,44.3327910444577,0 
						</coordinates>
					</LinearRing>
				</outerBoundaryIs>
			</Polygon>
		</Placemark>
		<Placemark id="parcelles-des-personnes-morales_05_groupe_personne_1.137">
		<styleUrl>#ETAT</styleUrl>			<visibility>0</visibility>
			<ExtendedData>
				<SchemaData schemaUrl="#parcelles-des-personnes-morales_05_groupe_personne_1.schema">
					<SimpleData name="Numero de Parcelle">051730000B1413</SimpleData>
					<SimpleData name="Departement">05</SimpleData>
					<SimpleData name="Commune">UPAIX</SimpleData>
					<SimpleData name="Adresse">PRES ST MARTIN</SimpleData>
					<SimpleData name="Groupe de personne">Etat</SimpleData>
					<SimpleData name="Forme Juridique Abregee">ETAT</SimpleData>
					<SimpleData name="Denomination">ETAT PAR DIRECTION DE L IMMOBILIER DE L ETAT</SimpleData>
				</SchemaData>
			</ExtendedData>
	<Region>
		<LatLonAltBox>
			<north> 44.3047039017427 </north>
			<south> 44.3046795603991 </south>
			<east> 5.90169750388054 </east>
			<west> 5.9013876458168 </west>
		</LatLonAltBox>
		<Lod>
			<minLodPixels>100</minLodPixels>
			<maxLodPixels>-1</maxLodPixels>
		</Lod>
	</Region>
			<Polygon><altitudeMode>relativeToGround</altitudeMode>
				<outerBoundaryIs>
					<LinearRing>
						<coordinates>							5.9013876458168,44.3046909142935,0 5.90169750388054,44.3047039017427,0 5.901696919013581,44.3046924777373,0 5.901387817201289,44.3046795603991,0 5.9013876458168,44.3046909142935,0 
						</coordinates>
					</LinearRing>
				</outerBoundaryIs>
			</Polygon>
		</Placemark>
		<Placemark id="parcelles-des-personnes-morales_05_groupe_personne_1.699">
		<styleUrl>#ETAT</styleUrl>			<visibility>0</visibility>
			<ExtendedData>
				<SchemaData schemaUrl="#parcelles-des-personnes-morales_05_groupe_personne_1.schema">
					<SimpleData name="Numero de Parcelle">051730000B0007</SimpleData>
					<SimpleData name="Departement">05</SimpleData>
					<SimpleData name="Commune">UPAIX</SimpleData>
					<SimpleData name="Adresse">LES PLAINES</SimpleData>
					<SimpleData name="Groupe de personne">Etat</SimpleData>
					<SimpleData name="Forme Juridique Abregee">ETAT</SimpleData>
					<SimpleData name="Denomination">ETAT PAR DIRECTION DE L IMMOBILIER DE L ETAT</SimpleData>
				</SchemaData>
			</ExtendedData>
	<Region>
		<LatLonAltBox>
			<north> 44.3417952733455 </north>
			<south> 44.3414029019532 </south>
			<east> 5.904364357389 </east>
			<west> 5.903775434769891 </west>
		</LatLonAltBox>
		<Lod>
			<minLodPixels>100</minLodPixels>
			<maxLodPixels>-1</maxLodPixels>
		</Lod>
	</Region>
			<Polygon><altitudeMode>relativeToGround</altitudeMode>
				<outerBoundaryIs>
					<LinearRing>
						<coordinates>							5.904008669458721,44.3414218550029,0 5.903775434769891,44.3415633075689,0 5.904016894673461,44.3417952733455,0 5.904364357389,44.3415927947646,0 5.90431260355608,44.3415944317086,0 5.90403054142872,44.3414029019532,0 5.904008669458721,44.3414218550029,0 
						</coordinates>
					</LinearRing>
				</outerBoundaryIs>
			</Polygon>
		</Placemark>
		<Placemark id="parcelles-des-personnes-morales_05_groupe_personne_1.839">
		<styleUrl>#ETAT</styleUrl>			<visibility>0</visibility>
			<ExtendedData>
				<SchemaData schemaUrl="#parcelles-des-personnes-morales_05_groupe_personne_1.schema">
					<SimpleData name="Numero de Parcelle">051730000B0892</SimpleData>
					<SimpleData name="Departement">05</SimpleData>
					<SimpleData name="Commune">UPAIX</SimpleData>
					<SimpleData name="Adresse">CURATTES</SimpleData>
					<SimpleData name="Groupe de personne">Etat</SimpleData>
					<SimpleData name="Forme Juridique Abregee">ETAT</SimpleData>
					<SimpleData name="Denomination">ETAT PAR DIRECTION DE L IMMOBILIER DE L ETAT</SimpleData>
				</SchemaData>
			</ExtendedData>
	<Region>
		<LatLonAltBox>
			<north> 44.3269868589929 </north>
			<south> 44.3267359047605 </south>
			<east> 5.8953195628111 </east>
			<west> 5.89497502032228 </west>
		</LatLonAltBox>
		<Lod>
			<minLodPixels>100</minLodPixels>
			<maxLodPixels>-1</maxLodPixels>
		</Lod>
	</Region>
			<Polygon><altitudeMode>relativeToGround</altitudeMode>
				<outerBoundaryIs>
					<LinearRing>
						<coordinates>							5.89497502032228,44.3268494639994,0 5.89531594920112,44.3269868589929,0 5.8953195628111,44.3267359047605,0 5.89497502032228,44.3268494639994,0 
						</coordinates>
					</LinearRing>
				</outerBoundaryIs>
			</Polygon>
		</Placemark>
		<Placemark id="parcelles-des-personnes-morales_05_groupe_personne_1.1243">
		<styleUrl>#ETAT</styleUrl>			<visibility>0</visibility>
			<ExtendedData>
				<SchemaData schemaUrl="#parcelles-des-personnes-morales_05_groupe_personne_1.schema">
					<SimpleData name="Numero de Parcelle">051730000B1028</SimpleData>
					<SimpleData name="Departement">05</SimpleData>
					<SimpleData name="Commune">UPAIX</SimpleData>
					<SimpleData name="Adresse">ROUREBEAU</SimpleData>
					<SimpleData name="Groupe de personne">Etat</SimpleData>
					<SimpleData name="Forme Juridique Abregee">ETAT</SimpleData>
					<SimpleData name="Denomination">ETAT PAR DIRECTION DE L IMMOBILIER DE L ETAT</SimpleData>
				</SchemaData>
			</ExtendedData>
	<Region>
		<LatLonAltBox>
			<north> 44.3124727338838 </north>
			<south> 44.3116572301696 </south>
			<east> 5.89890713953325 </east>
			<west> 5.898003350284259 </west>
		</LatLonAltBox>
		<Lod>
			<minLodPixels>100</minLodPixels>
			<maxLodPixels>-1</maxLodPixels>
		</Lod>
	</Region>
			<Polygon><altitudeMode>relativeToGround</altitudeMode>
				<outerBoundaryIs>
					<LinearRing>
						<coordinates>							5.898003350284259,44.3124727338838,0 5.89804063894704,44.3124585999302,0 5.8980897764758,44.3124063222594,0 5.89817008193346,44.3123723186323,0 5.89828165023247,44.312341273801,0 5.89844862590092,44.3123069664137,0 5.898478631061401,44.3123000501726,0 5.898509827095911,44.3122967955795,0 5.89854134164402,44.3122973157111,0 5.89857217246385,44.3123016369951,0 5.898601683954309,44.3123095960434,0 5.89862874398993,44.3123211326358,0 5.89864074020555,44.3123275718973,0 5.8986676473702,44.3123385720643,0 5.898696889926601,44.3123461778813,0 5.89872745181796,44.3123501459162,0 5.898758446868391,44.3123503193873,0 5.89878911878375,44.3123466281636,0 5.89886520103535,44.3123674106642,0 5.898892894651619,44.3122000423441,0 5.8988944042068,44.3121314557732,0 5.89890713953325,44.311853149763,0 5.89887317412916,44.3117581160764,0 5.898815199704829,44.3116572301696,0 5.898633831149569,44.3119423249764,0 5.89861083661724,44.3119612164656,0 5.89846407644395,44.3120105739831,0 5.898003350284259,44.3124727338838,0 
						</coordinates>
					</LinearRing>
				</outerBoundaryIs>
			</Polygon>
		</Placemark>
		<Placemark id="parcelles-des-personnes-morales_05_groupe_personne_1.1244">
		<styleUrl>#ETAT</styleUrl>			<visibility>0</visibility>
			<ExtendedData>
				<SchemaData schemaUrl="#parcelles-des-personnes-morales_05_groupe_personne_1.schema">
					<SimpleData name="Numero de Parcelle">051730000B1029</SimpleData>
					<SimpleData name="Departement">05</SimpleData>
					<SimpleData name="Commune">UPAIX</SimpleData>
					<SimpleData name="Adresse">ROUREBEAU</SimpleData>
					<SimpleData name="Groupe de personne">Etat</SimpleData>
					<SimpleData name="Forme Juridique Abregee">ETAT</SimpleData>
					<SimpleData name="Denomination">ETAT PAR DIRECTION DE L IMMOBILIER DE L ETAT</SimpleData>
				</SchemaData>
			</ExtendedData>
	<Region>
		<LatLonAltBox>
			<north> 44.3119747776606 </north>
			<south> 44.3111023002981 </south>
			<east> 5.89921747527177 </east>
			<west> 5.89849962950028 </west>
		</LatLonAltBox>
		<Lod>
			<minLodPixels>100</minLodPixels>
			<maxLodPixels>-1</maxLodPixels>
		</Lod>
	</Region>
			<Polygon><altitudeMode>relativeToGround</altitudeMode>
				<outerBoundaryIs>
					<LinearRing>
						<coordinates>							5.89849962950028,44.3119747776606,0 5.89859984090937,44.3119375465795,0 5.898770273258549,44.3116740879023,0 5.89880798306841,44.3116068886527,0 5.8991877471589,44.3112127051141,0 5.89921747527177,44.3111023002981,0 5.89920677853642,44.3111065457066,0 5.89895291666567,44.3113771594785,0 5.8988375506777,44.3115374720996,0 5.898827568071729,44.3115532281799,0 5.89876221418395,44.3116514214886,0 5.89869213729717,44.3117480278866,0 5.89849962950028,44.3119747776606,0 
						</coordinates>
					</LinearRing>
				</outerBoundaryIs>
			</Polygon>
		</Placemark>
		<Placemark id="parcelles-des-personnes-morales_05_groupe_personne_1.1285">
		<styleUrl>#ETAT</styleUrl>			<visibility>0</visibility>
			<ExtendedData>
				<SchemaData schemaUrl="#parcelles-des-personnes-morales_05_groupe_personne_1.schema">
					<SimpleData name="Numero de Parcelle">051730000B1032</SimpleData>
					<SimpleData name="Departement">05</SimpleData>
					<SimpleData name="Commune">UPAIX</SimpleData>
					<SimpleData name="Adresse">ROUREBEAU</SimpleData>
					<SimpleData name="Groupe de personne">Etat</SimpleData>
					<SimpleData name="Forme Juridique Abregee">ETAT</SimpleData>
					<SimpleData name="Denomination">ETAT PAR DIRECTION DE L IMMOBILIER DE L ETAT</SimpleData>
				</SchemaData>
			</ExtendedData>
	<Region>
		<LatLonAltBox>
			<north> 44.3116142054975 </north>
			<south> 44.3107378111289 </south>
			<east> 5.899957829966491 </east>
			<west> 5.898841350286921 </west>
		</LatLonAltBox>
		<Lod>
			<minLodPixels>100</minLodPixels>
			<maxLodPixels>-1</maxLodPixels>
		</Lod>
	</Region>
			<Polygon><altitudeMode>relativeToGround</altitudeMode>
				<outerBoundaryIs>
					<LinearRing>
						<coordinates>							5.899957829966491,44.3112143697658,0 5.89952662071189,44.3107378111289,0 5.89925233543791,44.3110676929647,0 5.89921342157968,44.311219233916,0 5.898841350286921,44.3116142054975,0 5.89898712379114,44.3115578476554,0 5.899359429942291,44.3113955319712,0 5.899459768625761,44.3113608188061,0 5.899957829966491,44.3112143697658,0 
						</coordinates>
					</LinearRing>
				</outerBoundaryIs>
			</Polygon>
		</Placemark>
		<Placemark id="parcelles-des-personnes-morales_05_groupe_personne_1.1423">
		<styleUrl>#ETAT</styleUrl>			<visibility>0</visibility>
			<ExtendedData>
				<SchemaData schemaUrl="#parcelles-des-personnes-morales_05_groupe_personne_1.schema">
					<SimpleData name="Numero de Parcelle">051730000A1053</SimpleData>
					<SimpleData name="Departement">05</SimpleData>
					<SimpleData name="Commune">UPAIX</SimpleData>
					<SimpleData name="Adresse">BEYNON</SimpleData>
					<SimpleData name="Groupe de personne">Etat</SimpleData>
					<SimpleData name="Forme Juridique Abregee">ETAT</SimpleData>
					<SimpleData name="Denomination">ETAT PAR DIRECTION DE L IMMOBILIER DE L ETAT</SimpleData>
				</SchemaData>
			</ExtendedData>
	<Region>
		<LatLonAltBox>
			<north> 44.3443899808199 </north>
			<south> 44.3440431529803 </south>
			<east> 5.90654318887791 </east>
			<west> 5.90606854850144 </west>
		</LatLonAltBox>
		<Lod>
			<minLodPixels>100</minLodPixels>
			<maxLodPixels>-1</maxLodPixels>
		</Lod>
	</Region>
			<Polygon><altitudeMode>relativeToGround</altitudeMode>
				<outerBoundaryIs>
					<LinearRing>
						<coordinates>							5.90610762987652,44.3440952702886,0 5.906097738801289,44.3441030980457,0 5.90606854850144,44.3441262082464,0 5.90635250989732,44.3443225474947,0 5.90644923260332,44.3443899808199,0 5.9065225094187,44.3443185054901,0 5.90654318887791,44.3442983223683,0 5.90646203560689,44.3442529967615,0 5.906383993885719,44.3442047064343,0 5.90633015065218,44.3441681170642,0 5.90626872544462,44.3441183066556,0 5.906211191565039,44.3440660514098,0 5.90618805050692,44.3440431529803,0 5.90610762987652,44.3440952702886,0 
						</coordinates>
					</LinearRing>
				</outerBoundaryIs>
			</Polygon>
		</Placemark>
		<Placemark id="parcelles-des-personnes-morales_05_groupe_personne_1.1432">
		<styleUrl>#ETAT</styleUrl>			<visibility>0</visibility>
			<ExtendedData>
				<SchemaData schemaUrl="#parcelles-des-personnes-morales_05_groupe_personne_1.schema">
					<SimpleData name="Numero de Parcelle">051730000B1058</SimpleData>
					<SimpleData name="Departement">05</SimpleData>
					<SimpleData name="Commune">UPAIX</SimpleData>
					<SimpleData name="Adresse">ST MARTIN</SimpleData>
					<SimpleData name="Groupe de personne">Etat</SimpleData>
					<SimpleData name="Forme Juridique Abregee">ETAT</SimpleData>
					<SimpleData name="Denomination">ETAT PAR DIRECTION DE L IMMOBILIER DE L ETAT</SimpleData>
				</SchemaData>
			</ExtendedData>
	<Region>
		<LatLonAltBox>
			<north> 44.3096783295143 </north>
			<south> 44.30911224225 </south>
			<east> 5.900781961812 </east>
			<west> 5.90027187145237 </west>
		</LatLonAltBox>
		<Lod>
			<minLodPixels>100</minLodPixels>
			<maxLodPixels>-1</maxLodPixels>
		</Lod>
	</Region>
			<Polygon><altitudeMode>relativeToGround</altitudeMode>
				<outerBoundaryIs>
					<LinearRing>
						<coordinates>							5.90072100444169,44.3091669245924,0 5.90056767396989,44.30911224225,0 5.90051238369264,44.3092133236829,0 5.90038964377869,44.3094450815325,0 5.90027187145237,44.3096783295143,0 5.90034406129685,44.3095986003275,0 5.900408891952081,44.3095196957983,0 5.90046912046772,44.3094391111768,0 5.90057094210559,44.3093403147945,0 5.900781961812,44.3091888253785,0 5.90072100444169,44.3091669245924,0 
						</coordinates>
					</LinearRing>
				</outerBoundaryIs>
			</Polygon>
		</Placemark>
		<Placemark id="parcelles-des-personnes-morales_05_groupe_personne_1.1470">
		<styleUrl>#ETAT</styleUrl>			<visibility>0</visibility>
			<ExtendedData>
				<SchemaData schemaUrl="#parcelles-des-personnes-morales_05_groupe_personne_1.schema">
					<SimpleData name="Numero de Parcelle">051730000B1061</SimpleData>
					<SimpleData name="Departement">05</SimpleData>
					<SimpleData name="Commune">UPAIX</SimpleData>
					<SimpleData name="Adresse">ST MARTIN</SimpleData>
					<SimpleData name="Groupe de personne">Etat</SimpleData>
					<SimpleData name="Forme Juridique Abregee">ETAT</SimpleData>
					<SimpleData name="Denomination">ETAT PAR DIRECTION DE L IMMOBILIER DE L ETAT</SimpleData>
				</SchemaData>
			</ExtendedData>
	<Region>
		<LatLonAltBox>
			<north> 44.3089432036027 </north>
			<south> 44.3085307981595 </south>
			<east> 5.900671962472501 </east>
			<west> 5.90045211365748 </west>
		</LatLonAltBox>
		<Lod>
			<minLodPixels>100</minLodPixels>
			<maxLodPixels>-1</maxLodPixels>
		</Lod>
	</Region>
			<Polygon><altitudeMode>relativeToGround</altitudeMode>
				<outerBoundaryIs>
					<LinearRing>
						<coordinates>							5.900671962472501,44.3085714750988,0 5.900539792083421,44.3085478505176,0 5.90045211365748,44.3085307981595,0 5.90052552936192,44.3089432036027,0 5.900671962472501,44.3085714750988,0 
						</coordinates>
					</LinearRing>
				</outerBoundaryIs>
			</Polygon>
		</Placemark>
		<Placemark id="parcelles-des-personnes-morales_05_groupe_personne_1.1582">
		<styleUrl>#ETAT</styleUrl>			<visibility>0</visibility>
			<ExtendedData>
				<SchemaData schemaUrl="#parcelles-des-personnes-morales_05_groupe_personne_1.schema">
					<SimpleData name="Numero de Parcelle">051730000A1080</SimpleData>
					<SimpleData name="Departement">05</SimpleData>
					<SimpleData name="Commune">UPAIX</SimpleData>
					<SimpleData name="Adresse">BEYNON</SimpleData>
					<SimpleData name="Groupe de personne">Etat</SimpleData>
					<SimpleData name="Forme Juridique Abregee">ETAT</SimpleData>
					<SimpleData name="Denomination">ETAT PAR DIRECTION DE L IMMOBILIER DE L ETAT</SimpleData>
				</SchemaData>
			</ExtendedData>
	<Region>
		<LatLonAltBox>
			<north> 44.3452907098633 </north>
			<south> 44.3444265021225 </south>
			<east> 5.908575100417 </east>
			<west> 5.90653458182558 </west>
		</LatLonAltBox>
		<Lod>
			<minLodPixels>100</minLodPixels>
			<maxLodPixels>-1</maxLodPixels>
		</Lod>
	</Region>
			<Polygon><altitudeMode>relativeToGround</altitudeMode>
				<outerBoundaryIs>
					<LinearRing>
						<coordinates>							5.90653458182558,44.3445023924754,0 5.9066350102063,44.3446004437482,0 5.90698291859965,44.3449445281868,0 5.907326420078861,44.3452907098633,0 5.907405091928151,44.345285207359,0 5.90742574821597,44.3452816888036,0 5.908575100417,44.3450848391051,0 5.90830583391079,44.3450355716988,0 5.9080353829734,44.3449901181717,0 5.90794945098965,44.3449764466706,0 5.90785024815171,44.344953667946,0 5.90774039241038,44.3449238745849,0 5.90762503585573,44.3448749501988,0 5.9070824143635,44.3445890694243,0 5.90678173055605,44.3444265021225,0 5.90675320796937,44.3444528376112,0 5.90672581098509,44.3444399601525,0 5.906708405947111,44.3444554628816,0 5.906669760010209,44.3444899926045,0 5.906616823961379,44.344461306097,0 5.90653458182558,44.3445023924754,0 
						</coordinates>
					</LinearRing>
				</outerBoundaryIs>
			</Polygon>
		</Placemark>
		<Placemark id="parcelles-des-personnes-morales_05_groupe_personne_1.1607">
		<styleUrl>#ETAT</styleUrl>			<visibility>0</visibility>
			<ExtendedData>
				<SchemaData schemaUrl="#parcelles-des-personnes-morales_05_groupe_personne_1.schema">
					<SimpleData name="Numero de Parcelle">051730000A1088</SimpleData>
					<SimpleData name="Departement">05</SimpleData>
					<SimpleData name="Commune">UPAIX</SimpleData>
					<SimpleData name="Adresse">BEYNON</SimpleData>
					<SimpleData name="Groupe de personne">Etat</SimpleData>
					<SimpleData name="Forme Juridique Abregee">ETAT</SimpleData>
					<SimpleData name="Denomination">ETAT PAR DIRECTION DE L IMMOBILIER DE L ETAT</SimpleData>
				</SchemaData>
			</ExtendedData>
	<Region>
		<LatLonAltBox>
			<north> 44.3445023924754 </north>
			<south> 44.3443225474947 </south>
			<east> 5.906616823961379 </east>
			<west> 5.90635250989732 </west>
		</LatLonAltBox>
		<Lod>
			<minLodPixels>100</minLodPixels>
			<maxLodPixels>-1</maxLodPixels>
		</Lod>
	</Region>
			<Polygon><altitudeMode>relativeToGround</altitudeMode>
				<outerBoundaryIs>
					<LinearRing>
						<coordinates>							5.90635250989732,44.3443225474947,0 5.90653458182558,44.3445023924754,0 5.906616823961379,44.344461306097,0 5.906514646512609,44.3444074384259,0 5.90649531037605,44.3444220013128,0 5.90644923260332,44.3443899808199,0 5.90635250989732,44.3443225474947,0 
						</coordinates>
					</LinearRing>
				</outerBoundaryIs>
			</Polygon>
		</Placemark>
		<Placemark id="parcelles-des-personnes-morales_05_groupe_personne_1.1953">
		<styleUrl>#ETAT</styleUrl>			<visibility>0</visibility>
			<ExtendedData>
				<SchemaData schemaUrl="#parcelles-des-personnes-morales_05_groupe_personne_1.schema">
					<SimpleData name="Numero de Parcelle">051730000B1138</SimpleData>
					<SimpleData name="Departement">05</SimpleData>
					<SimpleData name="Commune">UPAIX</SimpleData>
					<SimpleData name="Adresse">CURATTES</SimpleData>
					<SimpleData name="Groupe de personne">Etat</SimpleData>
					<SimpleData name="Forme Juridique Abregee">ETAT</SimpleData>
					<SimpleData name="Denomination">ETAT PAR DIRECTION DE L IMMOBILIER DE L ETAT</SimpleData>
				</SchemaData>
			</ExtendedData>
	<Region>
		<LatLonAltBox>
			<north> 44.3212340823485 </north>
			<south> 44.3206591880272 </south>
			<east> 5.892774051761359 </east>
			<west> 5.89240709754777 </west>
		</LatLonAltBox>
		<Lod>
			<minLodPixels>100</minLodPixels>
			<maxLodPixels>-1</maxLodPixels>
		</Lod>
	</Region>
			<Polygon><altitudeMode>relativeToGround</altitudeMode>
				<outerBoundaryIs>
					<LinearRing>
						<coordinates>							5.89240709754777,44.3206591880272,0 5.89240909170045,44.3212340823485,0 5.892774051761359,44.3211990790678,0 5.89274745239266,44.3211450135168,0 5.89270137826886,44.3210609250431,0 5.89265036573553,44.3209784076868,0 5.892518869977409,44.3208185619574,0 5.89248356826532,44.3207586903162,0 5.89244760729949,44.3207080236299,0 5.89240709754777,44.3206591880272,0 
						</coordinates>
					</LinearRing>
				</outerBoundaryIs>
			</Polygon>
		</Placemark>
		<Placemark id="parcelles-des-personnes-morales_05_groupe_personne_1.1993">
		<styleUrl>#ETAT</styleUrl>			<visibility>0</visibility>
			<ExtendedData>
				<SchemaData schemaUrl="#parcelles-des-personnes-morales_05_groupe_personne_1.schema">
					<SimpleData name="Numero de Parcelle">051730000B1141</SimpleData>
					<SimpleData name="Departement">05</SimpleData>
					<SimpleData name="Commune">UPAIX</SimpleData>
					<SimpleData name="Adresse">CURATTES</SimpleData>
					<SimpleData name="Groupe de personne">Etat</SimpleData>
					<SimpleData name="Forme Juridique Abregee">ETAT</SimpleData>
					<SimpleData name="Denomination">ETAT PAR DIRECTION DE L IMMOBILIER DE L ETAT</SimpleData>
				</SchemaData>
			</ExtendedData>
	<Region>
		<LatLonAltBox>
			<north> 44.3216790438842 </north>
			<south> 44.3211990790678 </south>
			<east> 5.893012597019579 </east>
			<west> 5.89240909170045 </west>
		</LatLonAltBox>
		<Lod>
			<minLodPixels>100</minLodPixels>
			<maxLodPixels>-1</maxLodPixels>
		</Lod>
	</Region>
			<Polygon><altitudeMode>relativeToGround</altitudeMode>
				<outerBoundaryIs>
					<LinearRing>
						<coordinates>							5.89240909170045,44.3212340823485,0 5.89243088176927,44.3215896645106,0 5.89245388851402,44.3216790438842,0 5.89298511808941,44.3216566896101,0 5.89300971414135,44.3215781277355,0 5.893012597019579,44.3215240070272,0 5.89298941456459,44.3214754362375,0 5.89293117508936,44.3213939198152,0 5.892774051761359,44.3211990790678,0 5.89240909170045,44.3212340823485,0 
						</coordinates>
					</LinearRing>
				</outerBoundaryIs>
			</Polygon>
		</Placemark>
		<Placemark id="parcelles-des-personnes-morales_05_groupe_personne_1.1996">
		<styleUrl>#ETAT</styleUrl>			<visibility>0</visibility>
			<ExtendedData>
				<SchemaData schemaUrl="#parcelles-des-personnes-morales_05_groupe_personne_1.schema">
					<SimpleData name="Numero de Parcelle">051730000B1142</SimpleData>
					<SimpleData name="Departement">05</SimpleData>
					<SimpleData name="Commune">UPAIX</SimpleData>
					<SimpleData name="Adresse">CURATTES</SimpleData>
					<SimpleData name="Groupe de personne">Etat</SimpleData>
					<SimpleData name="Forme Juridique Abregee">ETAT</SimpleData>
					<SimpleData name="Denomination">ETAT PAR DIRECTION DE L IMMOBILIER DE L ETAT</SimpleData>
				</SchemaData>
			</ExtendedData>
	<Region>
		<LatLonAltBox>
			<north> 44.3220738569311 </north>
			<south> 44.3216566896101 </south>
			<east> 5.89300038122966 </east>
			<west> 5.89245388851402 </west>
		</LatLonAltBox>
		<Lod>
			<minLodPixels>100</minLodPixels>
			<maxLodPixels>-1</maxLodPixels>
		</Lod>
	</Region>
			<Polygon><altitudeMode>relativeToGround</altitudeMode>
				<outerBoundaryIs>
					<LinearRing>
						<coordinates>							5.89245388851402,44.3216790438842,0 5.89255258806235,44.3220738569311,0 5.89300018255712,44.3220475779641,0 5.89300038122966,44.3220318096519,0 5.892997730562131,44.3219897244099,0 5.89298958035961,44.3219480541057,0 5.892925304443599,44.3217851788358,0 5.89298511808941,44.3216566896101,0 5.89245388851402,44.3216790438842,0 
						</coordinates>
					</LinearRing>
				</outerBoundaryIs>
			</Polygon>
		</Placemark>
		<Placemark id="parcelles-des-personnes-morales_05_groupe_personne_1.2004">
		<styleUrl>#ETAT</styleUrl>			<visibility>0</visibility>
			<ExtendedData>
				<SchemaData schemaUrl="#parcelles-des-personnes-morales_05_groupe_personne_1.schema">
					<SimpleData name="Numero de Parcelle">051730000B1145</SimpleData>
					<SimpleData name="Departement">05</SimpleData>
					<SimpleData name="Commune">UPAIX</SimpleData>
					<SimpleData name="Adresse">CURATTES</SimpleData>
					<SimpleData name="Groupe de personne">Etat</SimpleData>
					<SimpleData name="Forme Juridique Abregee">ETAT</SimpleData>
					<SimpleData name="Denomination">ETAT PAR DIRECTION DE L IMMOBILIER DE L ETAT</SimpleData>
				</SchemaData>
			</ExtendedData>
	<Region>
		<LatLonAltBox>
			<north> 44.3225281455323 </north>
			<south> 44.3220475779641 </south>
			<east> 5.89300018255712 </east>
			<west> 5.89255258806235 </west>
		</LatLonAltBox>
		<Lod>
			<minLodPixels>100</minLodPixels>
			<maxLodPixels>-1</maxLodPixels>
		</Lod>
	</Region>
			<Polygon><altitudeMode>relativeToGround</altitudeMode>
				<outerBoundaryIs>
					<LinearRing>
						<coordinates>							5.89300018255712,44.3220475779641,0 5.89255258806235,44.3220738569311,0 5.89266398670871,44.3225281455323,0 5.892834627056339,44.3225158192824,0 5.89283444520649,44.3224827666226,0 5.89283890741256,44.322434999655,0 5.892848413905589,44.3223877304857,0 5.892904738844571,44.3222498752322,0 5.89292170842511,44.3222185330684,0 5.892963293510521,44.322133579225,0 5.89300018255712,44.3220475779641,0 
						</coordinates>
					</LinearRing>
				</outerBoundaryIs>
			</Polygon>
		</Placemark>
		<Placemark id="parcelles-des-personnes-morales_05_groupe_personne_1.2008">
		<styleUrl>#ETAT</styleUrl>			<visibility>0</visibility>
			<ExtendedData>
				<SchemaData schemaUrl="#parcelles-des-personnes-morales_05_groupe_personne_1.schema">
					<SimpleData name="Numero de Parcelle">051730000B1146</SimpleData>
					<SimpleData name="Departement">05</SimpleData>
					<SimpleData name="Commune">UPAIX</SimpleData>
					<SimpleData name="Adresse">CURATTES</SimpleData>
					<SimpleData name="Groupe de personne">Etat</SimpleData>
					<SimpleData name="Forme Juridique Abregee">ETAT</SimpleData>
					<SimpleData name="Denomination">ETAT PAR DIRECTION DE L IMMOBILIER DE L ETAT</SimpleData>
				</SchemaData>
			</ExtendedData>
	<Region>
		<LatLonAltBox>
			<north> 44.3231510153438 </north>
			<south> 44.3225158192824 </south>
			<east> 5.89313531158593 </east>
			<west> 5.89266398670871 </west>
		</LatLonAltBox>
		<Lod>
			<minLodPixels>100</minLodPixels>
			<maxLodPixels>-1</maxLodPixels>
		</Lod>
	</Region>
			<Polygon><altitudeMode>relativeToGround</altitudeMode>
				<outerBoundaryIs>
					<LinearRing>
						<coordinates>							5.89313531158593,44.3231262708302,0 5.893067773192501,44.322776666207,0 5.89301915409461,44.3227361508491,0 5.892959821196211,44.3226922243183,0 5.89289673255569,44.3226509186758,0 5.892855613565709,44.3226098456084,0 5.892834627056339,44.3225158192824,0 5.89266398670871,44.3225281455323,0 5.89281109635397,44.3231510153438,0 5.89313531158593,44.3231262708302,0 
						</coordinates>
					</LinearRing>
				</outerBoundaryIs>
			</Polygon>
		</Placemark>
		<Placemark id="parcelles-des-personnes-morales_05_groupe_personne_1.2019">
		<styleUrl>#ETAT</styleUrl>			<visibility>0</visibility>
			<ExtendedData>
				<SchemaData schemaUrl="#parcelles-des-personnes-morales_05_groupe_personne_1.schema">
					<SimpleData name="Numero de Parcelle">051730000B1149</SimpleData>
					<SimpleData name="Departement">05</SimpleData>
					<SimpleData name="Commune">UPAIX</SimpleData>
					<SimpleData name="Adresse">CURATTES</SimpleData>
					<SimpleData name="Groupe de personne">Etat</SimpleData>
					<SimpleData name="Forme Juridique Abregee">ETAT</SimpleData>
					<SimpleData name="Denomination">ETAT PAR DIRECTION DE L IMMOBILIER DE L ETAT</SimpleData>
				</SchemaData>
			</ExtendedData>
	<Region>
		<LatLonAltBox>
			<north> 44.3242056074824 </north>
			<south> 44.3231262708302 </south>
			<east> 5.893831275067219 </east>
			<west> 5.89281109635397 </west>
		</LatLonAltBox>
		<Lod>
			<minLodPixels>100</minLodPixels>
			<maxLodPixels>-1</maxLodPixels>
		</Lod>
	</Region>
			<Polygon><altitudeMode>relativeToGround</altitudeMode>
				<outerBoundaryIs>
					<LinearRing>
						<coordinates>							5.89313531158593,44.3231262708302,0 5.89281109635397,44.3231510153438,0 5.89295658463228,44.3237396093772,0 5.893135548063279,44.3239491883289,0 5.893285959855799,44.3240566528935,0 5.893468479794989,44.3242056074824,0 5.89360834281636,44.3241286056703,0 5.89382466009092,44.3240253612595,0 5.893831275067219,44.32402221468,0 5.89313531158593,44.3231262708302,0 
						</coordinates>
					</LinearRing>
				</outerBoundaryIs>
			</Polygon>
		</Placemark>
		<Placemark id="parcelles-des-personnes-morales_05_groupe_personne_1.2057">
		<styleUrl>#ETAT</styleUrl>			<visibility>0</visibility>
			<ExtendedData>
				<SchemaData schemaUrl="#parcelles-des-personnes-morales_05_groupe_personne_1.schema">
					<SimpleData name="Numero de Parcelle">051730000B1150</SimpleData>
					<SimpleData name="Departement">05</SimpleData>
					<SimpleData name="Commune">UPAIX</SimpleData>
					<SimpleData name="Adresse">CURATTES</SimpleData>
					<SimpleData name="Groupe de personne">Etat</SimpleData>
					<SimpleData name="Forme Juridique Abregee">ETAT</SimpleData>
					<SimpleData name="Denomination">ETAT PAR DIRECTION DE L IMMOBILIER DE L ETAT</SimpleData>
				</SchemaData>
			</ExtendedData>
	<Region>
		<LatLonAltBox>
			<north> 44.3249344246796 </north>
			<south> 44.324083785382 </south>
			<east> 5.89364827329206 </east>
			<west> 5.893062037185791 </west>
		</LatLonAltBox>
		<Lod>
			<minLodPixels>100</minLodPixels>
			<maxLodPixels>-1</maxLodPixels>
		</Lod>
	</Region>
			<Polygon><altitudeMode>relativeToGround</altitudeMode>
				<outerBoundaryIs>
					<LinearRing>
						<coordinates>							5.89364827329206,44.3247433968423,0 5.89345615140564,44.3243597798285,0 5.893515937544959,44.3243044317266,0 5.89344640343722,44.3242573509948,0 5.89323728054203,44.324083785382,0 5.893062037185791,44.3241731571955,0 5.89310587870971,44.3245083431437,0 5.89323132543082,44.3248665126695,0 5.8933821040807,44.3249344246796,0 5.89361634729824,44.324904480348,0 5.89364827329206,44.3247433968423,0 
						</coordinates>
					</LinearRing>
				</outerBoundaryIs>
			</Polygon>
		</Placemark>
		<Placemark id="parcelles-des-personnes-morales_05_groupe_personne_1.2070">
		<styleUrl>#ETAT</styleUrl>			<visibility>0</visibility>
			<ExtendedData>
				<SchemaData schemaUrl="#parcelles-des-personnes-morales_05_groupe_personne_1.schema">
					<SimpleData name="Numero de Parcelle">051730000B1153</SimpleData>
					<SimpleData name="Departement">05</SimpleData>
					<SimpleData name="Commune">UPAIX</SimpleData>
					<SimpleData name="Adresse">CURATTES</SimpleData>
					<SimpleData name="Groupe de personne">Etat</SimpleData>
					<SimpleData name="Forme Juridique Abregee">ETAT</SimpleData>
					<SimpleData name="Denomination">ETAT PAR DIRECTION DE L IMMOBILIER DE L ETAT</SimpleData>
				</SchemaData>
			</ExtendedData>
	<Region>
		<LatLonAltBox>
			<north> 44.3258366088699 </north>
			<south> 44.3248956176753 </south>
			<east> 5.89378242106496 </east>
			<west> 5.89324460655361 </west>
		</LatLonAltBox>
		<Lod>
			<minLodPixels>100</minLodPixels>
			<maxLodPixels>-1</maxLodPixels>
		</Lod>
	</Region>
			<Polygon><altitudeMode>relativeToGround</altitudeMode>
				<outerBoundaryIs>
					<LinearRing>
						<coordinates>							5.89338368152338,44.3249530286741,0 5.89324460655361,44.3248956176753,0 5.89350116394995,44.3256269401287,0 5.893570596231609,44.3258366088699,0 5.89370720438999,44.3257252839994,0 5.89378242106496,44.3257189807911,0 5.89369704759658,44.3255509860527,0 5.89338368152338,44.3249530286741,0 
						</coordinates>
					</LinearRing>
				</outerBoundaryIs>
			</Polygon>
		</Placemark>
		<Placemark id="parcelles-des-personnes-morales_05_groupe_personne_1.2075">
		<styleUrl>#ETAT</styleUrl>			<visibility>0</visibility>
			<ExtendedData>
				<SchemaData schemaUrl="#parcelles-des-personnes-morales_05_groupe_personne_1.schema">
					<SimpleData name="Numero de Parcelle">051730000B1154</SimpleData>
					<SimpleData name="Departement">05</SimpleData>
					<SimpleData name="Commune">UPAIX</SimpleData>
					<SimpleData name="Adresse">CURATTES</SimpleData>
					<SimpleData name="Groupe de personne">Etat</SimpleData>
					<SimpleData name="Forme Juridique Abregee">ETAT</SimpleData>
					<SimpleData name="Denomination">ETAT PAR DIRECTION DE L IMMOBILIER DE L ETAT</SimpleData>
				</SchemaData>
			</ExtendedData>
	<Region>
		<LatLonAltBox>
			<north> 44.325885732611 </north>
			<south> 44.3257017044235 </south>
			<east> 5.89424090580148 </east>
			<west> 5.89378242106496 </west>
		</LatLonAltBox>
		<Lod>
			<minLodPixels>100</minLodPixels>
			<maxLodPixels>-1</maxLodPixels>
		</Lod>
	</Region>
			<Polygon><altitudeMode>relativeToGround</altitudeMode>
				<outerBoundaryIs>
					<LinearRing>
						<coordinates>							5.89378242106496,44.3257189807911,0 5.893839615181091,44.325831510382,0 5.893867104159111,44.325885732611,0 5.89387644403718,44.325881883788,0 5.89399739450974,44.3258570823236,0 5.89424090580148,44.3258070762988,0 5.8941826956811,44.3257557345504,0 5.89398707389395,44.3257017044235,0 5.89378242106496,44.3257189807911,0 
						</coordinates>
					</LinearRing>
				</outerBoundaryIs>
			</Polygon>
		</Placemark>
		<Placemark id="parcelles-des-personnes-morales_05_groupe_personne_1.2080">
		<styleUrl>#ETAT</styleUrl>			<visibility>0</visibility>
			<ExtendedData>
				<SchemaData schemaUrl="#parcelles-des-personnes-morales_05_groupe_personne_1.schema">
					<SimpleData name="Numero de Parcelle">051730000B1155</SimpleData>
					<SimpleData name="Departement">05</SimpleData>
					<SimpleData name="Commune">UPAIX</SimpleData>
					<SimpleData name="Adresse">CURATTES</SimpleData>
					<SimpleData name="Groupe de personne">Etat</SimpleData>
					<SimpleData name="Forme Juridique Abregee">ETAT</SimpleData>
					<SimpleData name="Denomination">ETAT PAR DIRECTION DE L IMMOBILIER DE L ETAT</SimpleData>
				</SchemaData>
			</ExtendedData>
	<Region>
		<LatLonAltBox>
			<north> 44.3258070762988 </north>
			<south> 44.3254877720419 </south>
			<east> 5.89438735631323 </east>
			<west> 5.89369704759658 </west>
		</LatLonAltBox>
		<Lod>
			<minLodPixels>100</minLodPixels>
			<maxLodPixels>-1</maxLodPixels>
		</Lod>
	</Region>
			<Polygon><altitudeMode>relativeToGround</altitudeMode>
				<outerBoundaryIs>
					<LinearRing>
						<coordinates>							5.89438735631323,44.3257779100765,0 5.894158341958869,44.3254877720419,0 5.89369704759658,44.3255509860527,0 5.89378242106496,44.3257189807911,0 5.89398707389395,44.3257017044235,0 5.8941826956811,44.3257557345504,0 5.89424090580148,44.3258070762988,0 5.89438735631323,44.3257779100765,0 
						</coordinates>
					</LinearRing>
				</outerBoundaryIs>
			</Polygon>
		</Placemark>
		<Placemark id="parcelles-des-personnes-morales_05_groupe_personne_1.2084">
		<styleUrl>#ETAT</styleUrl>			<visibility>0</visibility>
			<ExtendedData>
				<SchemaData schemaUrl="#parcelles-des-personnes-morales_05_groupe_personne_1.schema">
					<SimpleData name="Numero de Parcelle">051730000B1156</SimpleData>
					<SimpleData name="Departement">05</SimpleData>
					<SimpleData name="Commune">UPAIX</SimpleData>
					<SimpleData name="Adresse">CURATTES</SimpleData>
					<SimpleData name="Groupe de personne">Etat</SimpleData>
					<SimpleData name="Forme Juridique Abregee">ETAT</SimpleData>
					<SimpleData name="Denomination">ETAT PAR DIRECTION DE L IMMOBILIER DE L ETAT</SimpleData>
				</SchemaData>
			</ExtendedData>
	<Region>
		<LatLonAltBox>
			<north> 44.3269223573773 </north>
			<south> 44.3257779100765 </south>
			<east> 5.89497502032228 </east>
			<west> 5.89424090580148 </west>
		</LatLonAltBox>
		<Lod>
			<minLodPixels>100</minLodPixels>
			<maxLodPixels>-1</maxLodPixels>
		</Lod>
	</Region>
			<Polygon><altitudeMode>relativeToGround</altitudeMode>
				<outerBoundaryIs>
					<LinearRing>
						<coordinates>							5.89438735631323,44.3257779100765,0 5.89424090580148,44.3258070762988,0 5.89434705542332,44.3259101201564,0 5.89442453480006,44.3261003906702,0 5.89461023270683,44.3267952048492,0 5.894704739591169,44.3269085533145,0 5.8947483597603,44.3269223573773,0 5.89497502032228,44.3268494639994,0 5.894912688806301,44.3266831151658,0 5.89438735631323,44.3257779100765,0 
						</coordinates>
					</LinearRing>
				</outerBoundaryIs>
			</Polygon>
		</Placemark>
		<Placemark id="parcelles-des-personnes-morales_05_groupe_personne_1.2090">
		<styleUrl>#ETAT</styleUrl>			<visibility>0</visibility>
			<ExtendedData>
				<SchemaData schemaUrl="#parcelles-des-personnes-morales_05_groupe_personne_1.schema">
					<SimpleData name="Numero de Parcelle">051730000B1159</SimpleData>
					<SimpleData name="Departement">05</SimpleData>
					<SimpleData name="Commune">UPAIX</SimpleData>
					<SimpleData name="Adresse">CURATTES</SimpleData>
					<SimpleData name="Groupe de personne">Etat</SimpleData>
					<SimpleData name="Forme Juridique Abregee">ETAT</SimpleData>
					<SimpleData name="Denomination">ETAT PAR DIRECTION DE L IMMOBILIER DE L ETAT</SimpleData>
				</SchemaData>
			</ExtendedData>
	<Region>
		<LatLonAltBox>
			<north> 44.3271009651846 </north>
			<south> 44.3268494639994 </south>
			<east> 5.89531594920112 </east>
			<west> 5.8947483597603 </west>
		</LatLonAltBox>
		<Lod>
			<minLodPixels>100</minLodPixels>
			<maxLodPixels>-1</maxLodPixels>
		</Lod>
	</Region>
			<Polygon><altitudeMode>relativeToGround</altitudeMode>
				<outerBoundaryIs>
					<LinearRing>
						<coordinates>							5.89497502032228,44.3268494639994,0 5.8947483597603,44.3269223573773,0 5.89531324758617,44.3271009651846,0 5.89531594920112,44.3269868589929,0 5.89497502032228,44.3268494639994,0 
						</coordinates>
					</LinearRing>
				</outerBoundaryIs>
			</Polygon>
		</Placemark>
		<Placemark id="parcelles-des-personnes-morales_05_groupe_personne_1.2129">
		<styleUrl>#ETAT</styleUrl>			<visibility>0</visibility>
			<ExtendedData>
				<SchemaData schemaUrl="#parcelles-des-personnes-morales_05_groupe_personne_1.schema">
					<SimpleData name="Numero de Parcelle">051730000B1160</SimpleData>
					<SimpleData name="Departement">05</SimpleData>
					<SimpleData name="Commune">UPAIX</SimpleData>
					<SimpleData name="Adresse">CURATTES</SimpleData>
					<SimpleData name="Groupe de personne">Etat</SimpleData>
					<SimpleData name="Forme Juridique Abregee">ETAT</SimpleData>
					<SimpleData name="Denomination">ETAT PAR DIRECTION DE L IMMOBILIER DE L ETAT</SimpleData>
				</SchemaData>
			</ExtendedData>
	<Region>
		<LatLonAltBox>
			<north> 44.3271353451559 </north>
			<south> 44.3269868589929 </south>
			<east> 5.89544214144369 </east>
			<west> 5.89531324758617 </west>
		</LatLonAltBox>
		<Lod>
			<minLodPixels>100</minLodPixels>
			<maxLodPixels>-1</maxLodPixels>
		</Lod>
	</Region>
			<Polygon><altitudeMode>relativeToGround</altitudeMode>
				<outerBoundaryIs>
					<LinearRing>
						<coordinates>							5.89531594920112,44.3269868589929,0 5.89531324758617,44.3271009651846,0 5.89542379796032,44.3271353451559,0 5.89544214144369,44.3270375810135,0 5.89531594920112,44.3269868589929,0 
						</coordinates>
					</LinearRing>
				</outerBoundaryIs>
			</Polygon>
		</Placemark>
		<Placemark id="parcelles-des-personnes-morales_05_groupe_personne_1.2132">
		<styleUrl>#ETAT</styleUrl>			<visibility>0</visibility>
			<ExtendedData>
				<SchemaData schemaUrl="#parcelles-des-personnes-morales_05_groupe_personne_1.schema">
					<SimpleData name="Numero de Parcelle">051730000B1161</SimpleData>
					<SimpleData name="Departement">05</SimpleData>
					<SimpleData name="Commune">UPAIX</SimpleData>
					<SimpleData name="Adresse">CURATTES</SimpleData>
					<SimpleData name="Groupe de personne">Etat</SimpleData>
					<SimpleData name="Forme Juridique Abregee">ETAT</SimpleData>
					<SimpleData name="Denomination">ETAT PAR DIRECTION DE L IMMOBILIER DE L ETAT</SimpleData>
				</SchemaData>
			</ExtendedData>
	<Region>
		<LatLonAltBox>
			<north> 44.3271992130731 </north>
			<south> 44.3271009651846 </south>
			<east> 5.89542379796032 </east>
			<west> 5.89531073941133 </west>
		</LatLonAltBox>
		<Lod>
			<minLodPixels>100</minLodPixels>
			<maxLodPixels>-1</maxLodPixels>
		</Lod>
	</Region>
			<Polygon><altitudeMode>relativeToGround</altitudeMode>
				<outerBoundaryIs>
					<LinearRing>
						<coordinates>							5.89531324758617,44.3271009651846,0 5.89531073941133,44.3271992130731,0 5.895416529063319,44.3271748093095,0 5.89542379796032,44.3271353451559,0 5.89531324758617,44.3271009651846,0 
						</coordinates>
					</LinearRing>
				</outerBoundaryIs>
			</Polygon>
		</Placemark>
		<Placemark id="parcelles-des-personnes-morales_05_groupe_personne_1.2136">
		<styleUrl>#ETAT</styleUrl>			<visibility>0</visibility>
			<ExtendedData>
				<SchemaData schemaUrl="#parcelles-des-personnes-morales_05_groupe_personne_1.schema">
					<SimpleData name="Numero de Parcelle">051730000B1162</SimpleData>
					<SimpleData name="Departement">05</SimpleData>
					<SimpleData name="Commune">UPAIX</SimpleData>
					<SimpleData name="Adresse">CURATTES</SimpleData>
					<SimpleData name="Groupe de personne">Etat</SimpleData>
					<SimpleData name="Forme Juridique Abregee">ETAT</SimpleData>
					<SimpleData name="Denomination">ETAT PAR DIRECTION DE L IMMOBILIER DE L ETAT</SimpleData>
				</SchemaData>
			</ExtendedData>
	<Region>
		<LatLonAltBox>
			<north> 44.3271748093095 </north>
			<south> 44.3271353451559 </south>
			<east> 5.89549608764915 </east>
			<west> 5.895416529063319 </west>
		</LatLonAltBox>
		<Lod>
			<minLodPixels>100</minLodPixels>
			<maxLodPixels>-1</maxLodPixels>
		</Lod>
	</Region>
			<Polygon><altitudeMode>relativeToGround</altitudeMode>
				<outerBoundaryIs>
					<LinearRing>
						<coordinates>							5.89549608764915,44.3271576716975,0 5.89542379796032,44.3271353451559,0 5.895416529063319,44.3271748093095,0 5.89549608764915,44.3271576716975,0 
						</coordinates>
					</LinearRing>
				</outerBoundaryIs>
			</Polygon>
		</Placemark>
		<Placemark id="parcelles-des-personnes-morales_05_groupe_personne_1.2235">
		<styleUrl>#ETAT</styleUrl>			<visibility>0</visibility>
			<ExtendedData>
				<SchemaData schemaUrl="#parcelles-des-personnes-morales_05_groupe_personne_1.schema">
					<SimpleData name="Numero de Parcelle">051730000B1180</SimpleData>
					<SimpleData name="Departement">05</SimpleData>
					<SimpleData name="Commune">UPAIX</SimpleData>
					<SimpleData name="Adresse">RIBAOUS</SimpleData>
					<SimpleData name="Groupe de personne">Etat</SimpleData>
					<SimpleData name="Forme Juridique Abregee">ETAT</SimpleData>
					<SimpleData name="Denomination">ETAT PAR DIRECTION DE L IMMOBILIER DE L ETAT</SimpleData>
				</SchemaData>
			</ExtendedData>
	<Region>
		<LatLonAltBox>
			<north> 44.3328322917919 </north>
			<south> 44.331804464253 </south>
			<east> 5.897746802197471 </east>
			<west> 5.897181399290771 </west>
		</LatLonAltBox>
		<Lod>
			<minLodPixels>100</minLodPixels>
			<maxLodPixels>-1</maxLodPixels>
		</Lod>
	</Region>
			<Polygon><altitudeMode>relativeToGround</altitudeMode>
				<outerBoundaryIs>
					<LinearRing>
						<coordinates>							5.89728141931476,44.331804464253,0 5.897181399290771,44.3318216016898,0 5.89755234747556,44.3328322917919,0 5.897746802197471,44.332818790681,0 5.89728141931476,44.331804464253,0 
						</coordinates>
					</LinearRing>
				</outerBoundaryIs>
			</Polygon>
		</Placemark>
		<Placemark id="parcelles-des-personnes-morales_05_groupe_personne_1.2240">
		<styleUrl>#ETAT</styleUrl>			<visibility>0</visibility>
			<ExtendedData>
				<SchemaData schemaUrl="#parcelles-des-personnes-morales_05_groupe_personne_1.schema">
					<SimpleData name="Numero de Parcelle">051730000B1182</SimpleData>
					<SimpleData name="Departement">05</SimpleData>
					<SimpleData name="Commune">UPAIX</SimpleData>
					<SimpleData name="Adresse">RIBAOUS</SimpleData>
					<SimpleData name="Groupe de personne">Etat</SimpleData>
					<SimpleData name="Forme Juridique Abregee">ETAT</SimpleData>
					<SimpleData name="Denomination">ETAT PAR DIRECTION DE L IMMOBILIER DE L ETAT</SimpleData>
				</SchemaData>
			</ExtendedData>
	<Region>
		<LatLonAltBox>
			<north> 44.3318216016898 </north>
			<south> 44.3308614604731 </south>
			<east> 5.89728141931476 </east>
			<west> 5.89690745395908 </west>
		</LatLonAltBox>
		<Lod>
			<minLodPixels>100</minLodPixels>
			<maxLodPixels>-1</maxLodPixels>
		</Lod>
	</Region>
			<Polygon><altitudeMode>relativeToGround</altitudeMode>
				<outerBoundaryIs>
					<LinearRing>
						<coordinates>							5.89728141931476,44.331804464253,0 5.89707306639547,44.3308614604731,0 5.89690745395908,44.3308891532022,0 5.897033129419659,44.3313271212066,0 5.897181399290771,44.3318216016898,0 5.89728141931476,44.331804464253,0 
						</coordinates>
					</LinearRing>
				</outerBoundaryIs>
			</Polygon>
		</Placemark>
		<Placemark id="parcelles-des-personnes-morales_05_groupe_personne_1.2246">
		<styleUrl>#ETAT</styleUrl>			<visibility>0</visibility>
			<ExtendedData>
				<SchemaData schemaUrl="#parcelles-des-personnes-morales_05_groupe_personne_1.schema">
					<SimpleData name="Numero de Parcelle">051730000B1184</SimpleData>
					<SimpleData name="Departement">05</SimpleData>
					<SimpleData name="Commune">UPAIX</SimpleData>
					<SimpleData name="Adresse">RIBAOUS</SimpleData>
					<SimpleData name="Groupe de personne">Etat</SimpleData>
					<SimpleData name="Forme Juridique Abregee">ETAT</SimpleData>
					<SimpleData name="Denomination">ETAT PAR DIRECTION DE L IMMOBILIER DE L ETAT</SimpleData>
				</SchemaData>
			</ExtendedData>
	<Region>
		<LatLonAltBox>
			<north> 44.3308568300165 </north>
			<south> 44.3296637414859 </south>
			<east> 5.89723244182392 </east>
			<west> 5.89636141327457 </west>
		</LatLonAltBox>
		<Lod>
			<minLodPixels>100</minLodPixels>
			<maxLodPixels>-1</maxLodPixels>
		</Lod>
	</Region>
			<Polygon><altitudeMode>relativeToGround</altitudeMode>
				<outerBoundaryIs>
					<LinearRing>
						<coordinates>							5.89650447069006,44.329663756305,0 5.89636141327457,44.3296637414859,0 5.89657522566093,44.3300560617578,0 5.89662327661754,44.3301491047651,0 5.89666624477155,44.3302433625609,0 5.896696272708799,44.3303176943023,0 5.89679693719469,44.3305856285618,0 5.89689061444933,44.3308494232531,0 5.89689325202695,44.3308568300165,0 5.89713208677274,44.3308131563719,0 5.89722785091376,44.3307913570845,0 5.89723244182392,44.3307903353691,0 5.89722870488097,44.3307712477875,0 5.897010919649169,44.3306842082517,0 5.89662228158522,44.3300142883049,0 5.89650447069006,44.329663756305,0 
						</coordinates>
					</LinearRing>
				</outerBoundaryIs>
			</Polygon>
		</Placemark>
		<Placemark id="parcelles-des-personnes-morales_05_groupe_personne_1.2254">
		<styleUrl>#ETAT</styleUrl>			<visibility>0</visibility>
			<ExtendedData>
				<SchemaData schemaUrl="#parcelles-des-personnes-morales_05_groupe_personne_1.schema">
					<SimpleData name="Numero de Parcelle">051730000B1186</SimpleData>
					<SimpleData name="Departement">05</SimpleData>
					<SimpleData name="Commune">UPAIX</SimpleData>
					<SimpleData name="Adresse">RIBAOUS</SimpleData>
					<SimpleData name="Groupe de personne">Etat</SimpleData>
					<SimpleData name="Forme Juridique Abregee">ETAT</SimpleData>
					<SimpleData name="Denomination">ETAT PAR DIRECTION DE L IMMOBILIER DE L ETAT</SimpleData>
				</SchemaData>
			</ExtendedData>
	<Region>
		<LatLonAltBox>
			<north> 44.3293305365215 </north>
			<south> 44.3286924191774 </south>
			<east> 5.89667866140332 </east>
			<west> 5.89583290119803 </west>
		</LatLonAltBox>
		<Lod>
			<minLodPixels>100</minLodPixels>
			<maxLodPixels>-1</maxLodPixels>
		</Lod>
	</Region>
			<Polygon><altitudeMode>relativeToGround</altitudeMode>
				<outerBoundaryIs>
					<LinearRing>
						<coordinates>							5.89667866140332,44.3291903259942,0 5.896438195762899,44.3288976108276,0 5.89597847513628,44.3286950705951,0 5.89583290119803,44.3286924191774,0 5.896042273478129,44.3290078427533,0 5.896124619369829,44.3291556490906,0 5.896215000945091,44.3293305365215,0 5.89657701327218,44.3292246201606,0 5.89667866140332,44.3291903259942,0 
						</coordinates>
					</LinearRing>
				</outerBoundaryIs>
			</Polygon>
		</Placemark>
		<Placemark id="parcelles-des-personnes-morales_05_groupe_personne_1.2260">
		<styleUrl>#ETAT</styleUrl>			<visibility>0</visibility>
			<ExtendedData>
				<SchemaData schemaUrl="#parcelles-des-personnes-morales_05_groupe_personne_1.schema">
					<SimpleData name="Numero de Parcelle">051730000B1188</SimpleData>
					<SimpleData name="Departement">05</SimpleData>
					<SimpleData name="Commune">UPAIX</SimpleData>
					<SimpleData name="Adresse">RIBAOUS</SimpleData>
					<SimpleData name="Groupe de personne">Etat</SimpleData>
					<SimpleData name="Forme Juridique Abregee">ETAT</SimpleData>
					<SimpleData name="Denomination">ETAT PAR DIRECTION DE L IMMOBILIER DE L ETAT</SimpleData>
				</SchemaData>
			</ExtendedData>
	<Region>
		<LatLonAltBox>
			<north> 44.3286950705951 </north>
			<south> 44.3278833493423 </south>
			<east> 5.89597847513628 </east>
			<west> 5.89521898326743 </west>
		</LatLonAltBox>
		<Lod>
			<minLodPixels>100</minLodPixels>
			<maxLodPixels>-1</maxLodPixels>
		</Lod>
	</Region>
			<Polygon><altitudeMode>relativeToGround</altitudeMode>
				<outerBoundaryIs>
					<LinearRing>
						<coordinates>							5.89597847513628,44.3286950705951,0 5.895856898245399,44.3286414351567,0 5.895368288592571,44.3278833493423,0 5.89521898326743,44.3279034042791,0 5.89583290119803,44.3286924191774,0 5.89597847513628,44.3286950705951,0 
						</coordinates>
					</LinearRing>
				</outerBoundaryIs>
			</Polygon>
		</Placemark>
		<Placemark id="parcelles-des-personnes-morales_05_groupe_personne_1.2301">
		<styleUrl>#ETAT</styleUrl>			<visibility>0</visibility>
			<ExtendedData>
				<SchemaData schemaUrl="#parcelles-des-personnes-morales_05_groupe_personne_1.schema">
					<SimpleData name="Numero de Parcelle">051730000B1190</SimpleData>
					<SimpleData name="Departement">05</SimpleData>
					<SimpleData name="Commune">UPAIX</SimpleData>
					<SimpleData name="Adresse">RIBAOUS</SimpleData>
					<SimpleData name="Groupe de personne">Etat</SimpleData>
					<SimpleData name="Forme Juridique Abregee">ETAT</SimpleData>
					<SimpleData name="Denomination">ETAT PAR DIRECTION DE L IMMOBILIER DE L ETAT</SimpleData>
				</SchemaData>
			</ExtendedData>
	<Region>
		<LatLonAltBox>
			<north> 44.3279034042791 </north>
			<south> 44.3275373674478 </south>
			<east> 5.895368288592571 </east>
			<west> 5.89491537146428 </west>
		</LatLonAltBox>
		<Lod>
			<minLodPixels>100</minLodPixels>
			<maxLodPixels>-1</maxLodPixels>
		</Lod>
	</Region>
			<Polygon><altitudeMode>relativeToGround</altitudeMode>
				<outerBoundaryIs>
					<LinearRing>
						<coordinates>							5.895368288592571,44.3278833493423,0 5.89520721159758,44.3276337591455,0 5.89519360401692,44.3276326762472,0 5.89506410359128,44.3275589817788,0 5.89499745490792,44.327541460546,0 5.89498671121066,44.3275399419183,0 5.89495106782936,44.3275373674478,0 5.89491537146428,44.3275386675894,0 5.89521898326743,44.3279034042791,0 5.895368288592571,44.3278833493423,0 
						</coordinates>
					</LinearRing>
				</outerBoundaryIs>
			</Polygon>
		</Placemark>
		<Placemark id="parcelles-des-personnes-morales_05_groupe_personne_1.2307">
		<styleUrl>#ETAT</styleUrl>			<visibility>0</visibility>
			<ExtendedData>
				<SchemaData schemaUrl="#parcelles-des-personnes-morales_05_groupe_personne_1.schema">
					<SimpleData name="Numero de Parcelle">051730000B1192</SimpleData>
					<SimpleData name="Departement">05</SimpleData>
					<SimpleData name="Commune">UPAIX</SimpleData>
					<SimpleData name="Adresse">RIBAOUS</SimpleData>
					<SimpleData name="Groupe de personne">Etat</SimpleData>
					<SimpleData name="Forme Juridique Abregee">ETAT</SimpleData>
					<SimpleData name="Denomination">ETAT PAR DIRECTION DE L IMMOBILIER DE L ETAT</SimpleData>
				</SchemaData>
			</ExtendedData>
	<Region>
		<LatLonAltBox>
			<north> 44.3275970263161 </north>
			<south> 44.3272314958709 </south>
			<east> 5.89540173295675 </east>
			<west> 5.89479595905519 </west>
		</LatLonAltBox>
		<Lod>
			<minLodPixels>100</minLodPixels>
			<maxLodPixels>-1</maxLodPixels>
		</Lod>
	</Region>
			<Polygon><altitudeMode>relativeToGround</altitudeMode>
				<outerBoundaryIs>
					<LinearRing>
						<coordinates>							5.89540173295675,44.3272314958709,0 5.89531843798432,44.3272393639906,0 5.895188866034461,44.3272649343264,0 5.89492666048331,44.3273494829196,0 5.89479595905519,44.3273775145473,0 5.89480331556789,44.3273864184502,0 5.894904121479869,44.3275100496834,0 5.89499482983437,44.3275097331566,0 5.89508576853899,44.3275409367718,0 5.895186010002831,44.3275970263161,0 5.89511129298007,44.3274707267357,0 5.89539845808697,44.3272656304935,0 5.89540173295675,44.3272314958709,0 
						</coordinates>
					</LinearRing>
				</outerBoundaryIs>
			</Polygon>
		</Placemark>
		<Placemark id="parcelles-des-personnes-morales_05_groupe_personne_1.2314">
		<styleUrl>#ETAT</styleUrl>			<visibility>0</visibility>
			<ExtendedData>
				<SchemaData schemaUrl="#parcelles-des-personnes-morales_05_groupe_personne_1.schema">
					<SimpleData name="Numero de Parcelle">051730000B1194</SimpleData>
					<SimpleData name="Departement">05</SimpleData>
					<SimpleData name="Commune">UPAIX</SimpleData>
					<SimpleData name="Adresse">CURATTES</SimpleData>
					<SimpleData name="Groupe de personne">Etat</SimpleData>
					<SimpleData name="Forme Juridique Abregee">ETAT</SimpleData>
					<SimpleData name="Denomination">ETAT PAR DIRECTION DE L IMMOBILIER DE L ETAT</SimpleData>
				</SchemaData>
			</ExtendedData>
	<Region>
		<LatLonAltBox>
			<north> 44.3273288340446 </north>
			<south> 44.3269223573773 </south>
			<east> 5.89531324758617 </east>
			<west> 5.89451798975556 </west>
		</LatLonAltBox>
		<Lod>
			<minLodPixels>100</minLodPixels>
			<maxLodPixels>-1</maxLodPixels>
		</Lod>
	</Region>
			<Polygon><altitudeMode>relativeToGround</altitudeMode>
				<outerBoundaryIs>
					<LinearRing>
						<coordinates>							5.89451798975556,44.3269963387529,0 5.89475173514353,44.3273175178751,0 5.89475984230795,44.3273288340446,0 5.895090324689291,44.3272445598504,0 5.89531073941133,44.3271992130731,0 5.89531324758617,44.3271009651846,0 5.8947483597603,44.3269223573773,0 5.89451798975556,44.3269963387529,0 
						</coordinates>
					</LinearRing>
				</outerBoundaryIs>
			</Polygon>
		</Placemark>
		<Placemark id="parcelles-des-personnes-morales_05_groupe_personne_1.2321">
		<styleUrl>#ETAT</styleUrl>			<visibility>0</visibility>
			<ExtendedData>
				<SchemaData schemaUrl="#parcelles-des-personnes-morales_05_groupe_personne_1.schema">
					<SimpleData name="Numero de Parcelle">051730000B1196</SimpleData>
					<SimpleData name="Departement">05</SimpleData>
					<SimpleData name="Commune">UPAIX</SimpleData>
					<SimpleData name="Adresse">CURATTES</SimpleData>
					<SimpleData name="Groupe de personne">Etat</SimpleData>
					<SimpleData name="Forme Juridique Abregee">ETAT</SimpleData>
					<SimpleData name="Denomination">ETAT PAR DIRECTION DE L IMMOBILIER DE L ETAT</SimpleData>
				</SchemaData>
			</ExtendedData>
	<Region>
		<LatLonAltBox>
			<north> 44.3269963387529 </north>
			<south> 44.3258070762988 </south>
			<east> 5.8947483597603 </east>
			<west> 5.893605110423099 </west>
		</LatLonAltBox>
		<Lod>
			<minLodPixels>100</minLodPixels>
			<maxLodPixels>-1</maxLodPixels>
		</Lod>
	</Region>
			<Polygon><altitudeMode>relativeToGround</altitudeMode>
				<outerBoundaryIs>
					<LinearRing>
						<coordinates>							5.893605110423099,44.3259374852535,0 5.893623614030219,44.3259828464411,0 5.89364102630512,44.32601175263,0 5.89366202970403,44.3260249813369,0 5.89368601429354,44.326035159107,0 5.89371296628845,44.326042016076,0 5.89375113121704,44.3260399307323,0 5.89393606785421,44.3260174085917,0 5.8939632374998,44.3260162430981,0 5.8940014019854,44.3260239758515,0 5.89403785681557,44.3260350863667,0 5.89406863462608,44.3260480577233,0 5.8940934614176,44.3260722649367,0 5.89414133733147,44.3261300939405,0 5.89416051767861,44.3261690419171,0 5.894219575760131,44.326332774979,0 5.89427353772136,44.3264974528526,0 5.89430224110563,44.3265926271754,0 5.89437421984885,44.3267587223444,0 5.894418719201441,44.326841320713,0 5.89446803697971,44.3269224411006,0 5.89451798975556,44.3269963387529,0 5.8947483597603,44.3269223573773,0 5.894704739591169,44.3269085533145,0 5.89461023270683,44.3267952048492,0 5.89442453480006,44.3261003906702,0 5.89434705542332,44.3259101201564,0 5.89424090580148,44.3258070762988,0 5.89399739450974,44.3258570823236,0 5.89387644403718,44.325881883788,0 5.893867104159111,44.325885732611,0 5.893605110423099,44.3259374852535,0 
						</coordinates>
					</LinearRing>
				</outerBoundaryIs>
			</Polygon>
		</Placemark>
		<Placemark id="parcelles-des-personnes-morales_05_groupe_personne_1.2689">
		<styleUrl>#ETAT</styleUrl>			<visibility>0</visibility>
			<ExtendedData>
				<SchemaData schemaUrl="#parcelles-des-personnes-morales_05_groupe_personne_1.schema">
					<SimpleData name="Numero de Parcelle">051730000B1243</SimpleData>
					<SimpleData name="Departement">05</SimpleData>
					<SimpleData name="Commune">UPAIX</SimpleData>
					<SimpleData name="Adresse">LES PLAINES</SimpleData>
					<SimpleData name="Groupe de personne">Etat</SimpleData>
					<SimpleData name="Forme Juridique Abregee">ETAT</SimpleData>
					<SimpleData name="Denomination">ETAT PAR DIRECTION DE L IMMOBILIER DE L ETAT</SimpleData>
				</SchemaData>
			</ExtendedData>
	<Region>
		<LatLonAltBox>
			<north> 44.3388916628862 </north>
			<south> 44.3375702543784 </south>
			<east> 5.901247305441809 </east>
			<west> 5.9004658620074 </west>
		</LatLonAltBox>
		<Lod>
			<minLodPixels>100</minLodPixels>
			<maxLodPixels>-1</maxLodPixels>
		</Lod>
	</Region>
			<Polygon><altitudeMode>relativeToGround</altitudeMode>
				<outerBoundaryIs>
					<LinearRing>
						<coordinates>							5.900891217125181,44.3375757394014,0 5.90075426013241,44.3375702543784,0 5.90057775877816,44.3376430071196,0 5.900482293218531,44.3376585860209,0 5.90051340427495,44.3377514442566,0 5.9005004526576,44.3378563638094,0 5.9004823299069,44.3379607892207,0 5.9004658620074,44.3380362566655,0 5.900659073325199,44.3383559739358,0 5.901102692713669,44.3388916628862,0 5.90119108834058,44.3388090734267,0 5.901247305441809,44.3387475998664,0 5.90089399235314,44.3383087929745,0 5.90090824299936,44.3380626002323,0 5.90093338852396,44.3376272312253,0 5.900891217125181,44.3375757394014,0 
						</coordinates>
					</LinearRing>
				</outerBoundaryIs>
			</Polygon>
		</Placemark>
		<Placemark id="parcelles-des-personnes-morales_05_groupe_personne_1.2695">
		<styleUrl>#ETAT</styleUrl>			<visibility>0</visibility>
			<ExtendedData>
				<SchemaData schemaUrl="#parcelles-des-personnes-morales_05_groupe_personne_1.schema">
					<SimpleData name="Numero de Parcelle">051730000B1244</SimpleData>
					<SimpleData name="Departement">05</SimpleData>
					<SimpleData name="Commune">UPAIX</SimpleData>
					<SimpleData name="Adresse">LES PLAINES</SimpleData>
					<SimpleData name="Groupe de personne">Etat</SimpleData>
					<SimpleData name="Forme Juridique Abregee">ETAT</SimpleData>
					<SimpleData name="Denomination">ETAT PAR DIRECTION DE L IMMOBILIER DE L ETAT</SimpleData>
				</SchemaData>
			</ExtendedData>
	<Region>
		<LatLonAltBox>
			<north> 44.3399990768166 </north>
			<south> 44.338778661971 </south>
			<east> 5.90224897621646 </east>
			<west> 5.9011329868512 </west>
		</LatLonAltBox>
		<Lod>
			<minLodPixels>100</minLodPixels>
			<maxLodPixels>-1</maxLodPixels>
		</Lod>
	</Region>
			<Polygon><altitudeMode>relativeToGround</altitudeMode>
				<outerBoundaryIs>
					<LinearRing>
						<coordinates>							5.90224897621646,44.3399990768166,0 5.90200428493705,44.3397086436811,0 5.901271738985181,44.338778661971,0 5.901228603371921,44.3388284408883,0 5.90118286047654,44.3388738748536,0 5.9011329868512,44.3389170757962,0 5.90224897621646,44.3399990768166,0 
						</coordinates>
					</LinearRing>
				</outerBoundaryIs>
			</Polygon>
		</Placemark>
		<Placemark id="parcelles-des-personnes-morales_05_groupe_personne_1.3125">
		<styleUrl>#ETAT</styleUrl>			<visibility>0</visibility>
			<ExtendedData>
				<SchemaData schemaUrl="#parcelles-des-personnes-morales_05_groupe_personne_1.schema">
					<SimpleData name="Numero de Parcelle">051730000B1318</SimpleData>
					<SimpleData name="Departement">05</SimpleData>
					<SimpleData name="Commune">UPAIX</SimpleData>
					<SimpleData name="Adresse">LES PLAINES</SimpleData>
					<SimpleData name="Groupe de personne">Etat</SimpleData>
					<SimpleData name="Forme Juridique Abregee">ETAT</SimpleData>
					<SimpleData name="Denomination">ETAT PAR DIRECTION DE L IMMOBILIER DE L ETAT</SimpleData>
				</SchemaData>
			</ExtendedData>
	<Region>
		<LatLonAltBox>
			<north> 44.3412996057356 </north>
			<south> 44.3395084134429 </south>
			<east> 5.90384053318863 </east>
			<west> 5.90200428493705 </west>
		</LatLonAltBox>
		<Lod>
			<minLodPixels>100</minLodPixels>
			<maxLodPixels>-1</maxLodPixels>
		</Lod>
	</Region>
			<Polygon><altitudeMode>relativeToGround</altitudeMode>
				<outerBoundaryIs>
					<LinearRing>
						<coordinates>							5.903321683921221,44.3403852026963,0 5.90327073992234,44.3403707842733,0 5.90231458031438,44.3395084134429,0 5.90200428493705,44.3397086436811,0 5.90224897621646,44.3399990768166,0 5.902278949844419,44.3400280108729,0 5.90257984181848,44.3403864088086,0 5.90284682930066,44.3406954385934,0 5.90297675880451,44.3408109994278,0 5.903100091410829,44.3409153846919,0 5.90350436032045,44.3412996057356,0 5.90383158438127,44.341101446358,0 5.90384053318863,44.3410654498896,0 5.90382651133218,44.341044111793,0 5.90376519272317,44.3409840287258,0 5.90373842183925,44.3409392471614,0 5.90367618326236,44.3408416266417,0 5.9036090141573,44.3407457576399,0 5.903321683921221,44.3403852026963,0 
						</coordinates>
					</LinearRing>
				</outerBoundaryIs>
			</Polygon>
		</Placemark>
		<Placemark id="parcelles-des-personnes-morales_05_groupe_personne_1.3154">
		<styleUrl>#ETAT</styleUrl>			<visibility>0</visibility>
			<ExtendedData>
				<SchemaData schemaUrl="#parcelles-des-personnes-morales_05_groupe_personne_1.schema">
					<SimpleData name="Numero de Parcelle">051730000B1320</SimpleData>
					<SimpleData name="Departement">05</SimpleData>
					<SimpleData name="Commune">UPAIX</SimpleData>
					<SimpleData name="Adresse">LES PLAINES</SimpleData>
					<SimpleData name="Groupe de personne">Etat</SimpleData>
					<SimpleData name="Forme Juridique Abregee">ETAT</SimpleData>
					<SimpleData name="Denomination">ETAT PAR DIRECTION DE L IMMOBILIER DE L ETAT</SimpleData>
				</SchemaData>
			</ExtendedData>
	<Region>
		<LatLonAltBox>
			<north> 44.3387475998664 </north>
			<south> 44.3380626002323 </south>
			<east> 5.90137012601707 </east>
			<west> 5.90089399235314 </west>
		</LatLonAltBox>
		<Lod>
			<minLodPixels>100</minLodPixels>
			<maxLodPixels>-1</maxLodPixels>
		</Lod>
	</Region>
			<Polygon><altitudeMode>relativeToGround</altitudeMode>
				<outerBoundaryIs>
					<LinearRing>
						<coordinates>							5.901247305441809,44.3387475998664,0 5.90137012601707,44.3385946536152,0 5.90090824299936,44.3380626002323,0 5.90089399235314,44.3383087929745,0 5.901247305441809,44.3387475998664,0 
						</coordinates>
					</LinearRing>
				</outerBoundaryIs>
			</Polygon>
		</Placemark>
		<Placemark id="parcelles-des-personnes-morales_05_groupe_personne_1.3155">
		<styleUrl>#ETAT</styleUrl>			<visibility>0</visibility>
			<ExtendedData>
				<SchemaData schemaUrl="#parcelles-des-personnes-morales_05_groupe_personne_1.schema">
					<SimpleData name="Numero de Parcelle">051730000B1322</SimpleData>
					<SimpleData name="Departement">05</SimpleData>
					<SimpleData name="Commune">UPAIX</SimpleData>
					<SimpleData name="Adresse">LES PLAINES</SimpleData>
					<SimpleData name="Groupe de personne">Etat</SimpleData>
					<SimpleData name="Forme Juridique Abregee">ETAT</SimpleData>
					<SimpleData name="Denomination">ETAT PAR DIRECTION DE L IMMOBILIER DE L ETAT</SimpleData>
				</SchemaData>
			</ExtendedData>
	<Region>
		<LatLonAltBox>
			<north> 44.3397086436811 </north>
			<south> 44.3386249431479 </south>
			<east> 5.90231458031438 </east>
			<west> 5.901271738985181 </west>
		</LatLonAltBox>
		<Lod>
			<minLodPixels>100</minLodPixels>
			<maxLodPixels>-1</maxLodPixels>
		</Lod>
	</Region>
			<Polygon><altitudeMode>relativeToGround</altitudeMode>
				<outerBoundaryIs>
					<LinearRing>
						<coordinates>							5.90231458031438,44.3395084134429,0 5.90163057528573,44.3388939498409,0 5.90139652812646,44.3386249431479,0 5.901271738985181,44.338778661971,0 5.90200428493705,44.3397086436811,0 5.90231458031438,44.3395084134429,0 
						</coordinates>
					</LinearRing>
				</outerBoundaryIs>
			</Polygon>
		</Placemark>
		<Placemark id="parcelles-des-personnes-morales_05_groupe_personne_1.3156">
		<styleUrl>#ETAT</styleUrl>			<visibility>0</visibility>
			<ExtendedData>
				<SchemaData schemaUrl="#parcelles-des-personnes-morales_05_groupe_personne_1.schema">
					<SimpleData name="Numero de Parcelle">051730000B1324</SimpleData>
					<SimpleData name="Departement">05</SimpleData>
					<SimpleData name="Commune">UPAIX</SimpleData>
					<SimpleData name="Adresse">LES PLAINES</SimpleData>
					<SimpleData name="Groupe de personne">Etat</SimpleData>
					<SimpleData name="Forme Juridique Abregee">ETAT</SimpleData>
					<SimpleData name="Denomination">ETAT PAR DIRECTION DE L IMMOBILIER DE L ETAT</SimpleData>
				</SchemaData>
			</ExtendedData>
	<Region>
		<LatLonAltBox>
			<north> 44.3414218550029 </north>
			<south> 44.3403852026963 </south>
			<east> 5.90442752050895 </east>
			<west> 5.903321683921221 </west>
		</LatLonAltBox>
		<Lod>
			<minLodPixels>100</minLodPixels>
			<maxLodPixels>-1</maxLodPixels>
		</Lod>
	</Region>
			<Polygon><altitudeMode>relativeToGround</altitudeMode>
				<outerBoundaryIs>
					<LinearRing>
						<coordinates>							5.90442752050895,44.3409936521347,0 5.904153502658831,44.3407019259732,0 5.903664121330199,44.3404814609003,0 5.903321683921221,44.3403852026963,0 5.9036090141573,44.3407457576399,0 5.90367618326236,44.3408416266417,0 5.90373842183925,44.3409392471614,0 5.90376519272317,44.3409840287258,0 5.90382651133218,44.341044111793,0 5.90384053318863,44.3410654498896,0 5.90383158438127,44.341101446358,0 5.90382071472295,44.3411342508059,0 5.90381527637127,44.3411677225321,0 5.903815662151981,44.3412070755764,0 5.903865641368881,44.3412761053344,0 5.90393542899028,44.3413471341764,0 5.904008669458721,44.3414218550029,0 5.90401794927085,44.3413678345611,0 5.90403159900852,44.341323156716,0 5.90405020173806,44.341279609148,0 5.90414262842751,44.3412046573071,0 5.90442752050895,44.3409936521347,0 
						</coordinates>
					</LinearRing>
				</outerBoundaryIs>
			</Polygon>
		</Placemark>
		<Placemark id="parcelles-des-personnes-morales_05_groupe_personne_1.3158">
		<styleUrl>#ETAT</styleUrl>			<visibility>0</visibility>
			<ExtendedData>
				<SchemaData schemaUrl="#parcelles-des-personnes-morales_05_groupe_personne_1.schema">
					<SimpleData name="Numero de Parcelle">051730000B1325</SimpleData>
					<SimpleData name="Departement">05</SimpleData>
					<SimpleData name="Commune">UPAIX</SimpleData>
					<SimpleData name="Adresse">LES PLAINES</SimpleData>
					<SimpleData name="Groupe de personne">Etat</SimpleData>
					<SimpleData name="Forme Juridique Abregee">ETAT</SimpleData>
					<SimpleData name="Denomination">ETAT PAR DIRECTION DE L IMMOBILIER DE L ETAT</SimpleData>
				</SchemaData>
			</ExtendedData>
	<Region>
		<LatLonAltBox>
			<north> 44.3416534639079 </north>
			<south> 44.3409229674499 </south>
			<east> 5.905457142927269 </east>
			<west> 5.90468557642244 </west>
		</LatLonAltBox>
		<Lod>
			<minLodPixels>100</minLodPixels>
			<maxLodPixels>-1</maxLodPixels>
		</Lod>
	</Region>
			<Polygon><altitudeMode>relativeToGround</altitudeMode>
				<outerBoundaryIs>
					<LinearRing>
						<coordinates>							5.90540567767836,44.3415888002508,0 5.905457142927269,44.3415301522276,0 5.905455281742781,44.3414547176052,0 5.90543942278011,44.3414122603366,0 5.90543720083531,44.3412881941473,0 5.90542879114744,44.3412661675154,0 5.90541185872865,44.3412125691695,0 5.90540028846762,44.34115828871,0 5.90539383888891,44.3411035126695,0 5.905354153854671,44.3410223215749,0 5.90527914654858,44.3409229674499,0 5.90524045679321,44.3409394825931,0 5.90514544213058,44.3409835175848,0 5.90505347632299,44.3410307146958,0 5.904985704151439,44.3410699765126,0 5.904882043248769,44.3411338762373,0 5.90478204399242,44.3412006516586,0 5.90468557642244,44.3412702161431,0 5.90504123454954,44.3416534639079,0 5.90540567767836,44.3415888002508,0 
						</coordinates>
					</LinearRing>
				</outerBoundaryIs>
			</Polygon>
		</Placemark>
		<Placemark id="parcelles-des-personnes-morales_05_groupe_personne_1.3160">
		<styleUrl>#ETAT</styleUrl>			<visibility>0</visibility>
			<ExtendedData>
				<SchemaData schemaUrl="#parcelles-des-personnes-morales_05_groupe_personne_1.schema">
					<SimpleData name="Numero de Parcelle">051730000B1326</SimpleData>
					<SimpleData name="Departement">05</SimpleData>
					<SimpleData name="Commune">UPAIX</SimpleData>
					<SimpleData name="Adresse">LES PLAINES</SimpleData>
					<SimpleData name="Groupe de personne">Etat</SimpleData>
					<SimpleData name="Forme Juridique Abregee">ETAT</SimpleData>
					<SimpleData name="Denomination">ETAT PAR DIRECTION DE L IMMOBILIER DE L ETAT</SimpleData>
				</SchemaData>
			</ExtendedData>
	<Region>
		<LatLonAltBox>
			<north> 44.3412445453938 </north>
			<south> 44.3406314064253 </south>
			<east> 5.905233007727629 </east>
			<west> 5.90445964346813 </west>
		</LatLonAltBox>
		<Lod>
			<minLodPixels>100</minLodPixels>
			<maxLodPixels>-1</maxLodPixels>
		</Lod>
	</Region>
			<Polygon><altitudeMode>relativeToGround</altitudeMode>
				<outerBoundaryIs>
					<LinearRing>
						<coordinates>							5.90466166739844,44.3412445453938,0 5.90481155671888,44.3411251090094,0 5.90484328516452,44.3411025626407,0 5.90492628959002,44.3410470451864,0 5.90501282116037,44.3409942268578,0 5.905102898332471,44.3409444674633,0 5.905233007727629,44.3408750047391,0 5.90519058934183,44.3408065865378,0 5.90515323639047,44.340707228499,0 5.90510466489431,44.3406314064253,0 5.90486017046546,44.3407979297442,0 5.904615760368741,44.3409294106783,0 5.90445964346813,44.3410277533035,0 5.90466166739844,44.3412445453938,0 
						</coordinates>
					</LinearRing>
				</outerBoundaryIs>
			</Polygon>
		</Placemark>
		<Placemark id="parcelles-des-personnes-morales_05_groupe_personne_1.3161">
		<styleUrl>#ETAT</styleUrl>			<visibility>0</visibility>
			<ExtendedData>
				<SchemaData schemaUrl="#parcelles-des-personnes-morales_05_groupe_personne_1.schema">
					<SimpleData name="Numero de Parcelle">051730000B1327</SimpleData>
					<SimpleData name="Departement">05</SimpleData>
					<SimpleData name="Commune">UPAIX</SimpleData>
					<SimpleData name="Adresse">LES PLAINES</SimpleData>
					<SimpleData name="Groupe de personne">Etat</SimpleData>
					<SimpleData name="Forme Juridique Abregee">ETAT</SimpleData>
					<SimpleData name="Denomination">ETAT PAR DIRECTION DE L IMMOBILIER DE L ETAT</SimpleData>
				</SchemaData>
			</ExtendedData>
	<Region>
		<LatLonAltBox>
			<north> 44.342439008561 </north>
			<south> 44.3410277533035 </south>
			<east> 5.90540567767836 </east>
			<west> 5.90403054142872 </west>
		</LatLonAltBox>
		<Lod>
			<minLodPixels>100</minLodPixels>
			<maxLodPixels>-1</maxLodPixels>
		</Lod>
	</Region>
			<Polygon><altitudeMode>relativeToGround</altitudeMode>
				<outerBoundaryIs>
					<LinearRing>
						<coordinates>							5.90540567767836,44.3415888002508,0 5.90504123454954,44.3416534639079,0 5.90468557642244,44.3412702161431,0 5.904370735161811,44.3415115578662,0 5.90466166739844,44.3412445453938,0 5.90445964346813,44.3410277533035,0 5.90434099421519,44.3411126757527,0 5.904247700564149,44.3411853987605,0 5.90415830537905,44.3412607210224,0 5.90405757723213,44.3413793988182,0 5.90403054142872,44.3414029019532,0 5.90431260355608,44.3415944317086,0 5.904364357389,44.3415927947646,0 5.90459256990486,44.3415859571504,0 5.90483252933186,44.3417885960463,0 5.90475326483291,44.3419317487726,0 5.90461291807221,44.3421785708965,0 5.90449559030636,44.34224769528,0 5.904647790470129,44.3423959944258,0 5.904622069462239,44.3424157698654,0 5.90464597975877,44.342439008561,0 5.90470739274223,44.3423882951093,0 5.90498488249105,44.3420230934945,0 5.90510232015645,44.3418827154493,0 5.9052280792678,44.3417479724014,0 5.90529053065809,44.3416979517856,0 5.90535029507986,44.3416444891459,0 5.90540567767836,44.3415888002508,0 
						</coordinates>
					</LinearRing>
				</outerBoundaryIs>
			</Polygon>
		</Placemark>
		<Placemark id="parcelles-des-personnes-morales_05_groupe_personne_1.3162">
		<styleUrl>#ETAT</styleUrl>			<visibility>0</visibility>
			<ExtendedData>
				<SchemaData schemaUrl="#parcelles-des-personnes-morales_05_groupe_personne_1.schema">
					<SimpleData name="Numero de Parcelle">051730000B1328</SimpleData>
					<SimpleData name="Departement">05</SimpleData>
					<SimpleData name="Commune">UPAIX</SimpleData>
					<SimpleData name="Adresse">LES PLAINES</SimpleData>
					<SimpleData name="Groupe de personne">Etat</SimpleData>
					<SimpleData name="Forme Juridique Abregee">ETAT</SimpleData>
					<SimpleData name="Denomination">ETAT PAR DIRECTION DE L IMMOBILIER DE L ETAT</SimpleData>
				</SchemaData>
			</ExtendedData>
	<Region>
		<LatLonAltBox>
			<north> 44.3419468648946 </north>
			<south> 44.3415760672699 </south>
			<east> 5.90588776433883 </east>
			<west> 5.90546187416595 </west>
		</LatLonAltBox>
		<Lod>
			<minLodPixels>100</minLodPixels>
			<maxLodPixels>-1</maxLodPixels>
		</Lod>
	</Region>
			<Polygon><altitudeMode>relativeToGround</altitudeMode>
				<outerBoundaryIs>
					<LinearRing>
						<coordinates>							5.905573968015479,44.3415760672699,0 5.905532633385571,44.3416022004569,0 5.90546187416595,44.3416615383837,0 5.90569503356673,44.3419468648946,0 5.90579029237446,44.3418977787244,0 5.90588776433883,44.3417915257099,0 5.90560325443956,44.3416135758972,0 5.905573968015479,44.3415760672699,0 
						</coordinates>
					</LinearRing>
				</outerBoundaryIs>
			</Polygon>
		</Placemark>
		<Placemark id="parcelles-des-personnes-morales_05_groupe_personne_1.3163">
		<styleUrl>#ETAT</styleUrl>			<visibility>0</visibility>
			<ExtendedData>
				<SchemaData schemaUrl="#parcelles-des-personnes-morales_05_groupe_personne_1.schema">
					<SimpleData name="Numero de Parcelle">051730000B1329</SimpleData>
					<SimpleData name="Departement">05</SimpleData>
					<SimpleData name="Commune">UPAIX</SimpleData>
					<SimpleData name="Adresse">LES PLAINES</SimpleData>
					<SimpleData name="Groupe de personne">Etat</SimpleData>
					<SimpleData name="Forme Juridique Abregee">ETAT</SimpleData>
					<SimpleData name="Denomination">ETAT PAR DIRECTION DE L IMMOBILIER DE L ETAT</SimpleData>
				</SchemaData>
			</ExtendedData>
	<Region>
		<LatLonAltBox>
			<north> 44.3425645955124 </north>
			<south> 44.3416615383837 </south>
			<east> 5.90569503356673 </east>
			<west> 5.90468464941057 </west>
		</LatLonAltBox>
		<Lod>
			<minLodPixels>100</minLodPixels>
			<maxLodPixels>-1</maxLodPixels>
		</Lod>
	</Region>
			<Polygon><altitudeMode>relativeToGround</altitudeMode>
				<outerBoundaryIs>
					<LinearRing>
						<coordinates>							5.90569503356673,44.3419468648946,0 5.90546187416595,44.3416615383837,0 5.90515523534917,44.3419086107575,0 5.90512491919075,44.3419415687414,0 5.90506478659676,44.3420123355941,0 5.90500901713135,44.3420849688401,0 5.90486222090209,44.3423088121075,0 5.9047272054555,44.3424491136799,0 5.90468464941057,44.3424734772683,0 5.90473336867026,44.342483630214,0 5.90481571814467,44.3425645955124,0 5.90490823200236,44.3424962162676,0 5.90502839058826,44.3424015251143,0 5.90514452460282,44.3423042378482,0 5.90525651331802,44.342204447748,0 5.90535324859241,44.3421131673325,0 5.90569503356673,44.3419468648946,0 
						</coordinates>
					</LinearRing>
				</outerBoundaryIs>
			</Polygon>
		</Placemark>
		<Placemark id="parcelles-des-personnes-morales_05_groupe_personne_1.3196">
		<styleUrl>#ETAT</styleUrl>			<visibility>0</visibility>
			<ExtendedData>
				<SchemaData schemaUrl="#parcelles-des-personnes-morales_05_groupe_personne_1.schema">
					<SimpleData name="Numero de Parcelle">051730000B1331</SimpleData>
					<SimpleData name="Departement">05</SimpleData>
					<SimpleData name="Commune">UPAIX</SimpleData>
					<SimpleData name="Adresse">LES PLAINES</SimpleData>
					<SimpleData name="Groupe de personne">Etat</SimpleData>
					<SimpleData name="Forme Juridique Abregee">ETAT</SimpleData>
					<SimpleData name="Denomination">ETAT PAR DIRECTION DE L IMMOBILIER DE L ETAT</SimpleData>
				</SchemaData>
			</ExtendedData>
	<Region>
		<LatLonAltBox>
			<north> 44.343025458768 </north>
			<south> 44.3419468648946 </south>
			<east> 5.9064885825568 </east>
			<west> 5.90481571814467 </west>
		</LatLonAltBox>
		<Lod>
			<minLodPixels>100</minLodPixels>
			<maxLodPixels>-1</maxLodPixels>
		</Lod>
	</Region>
			<Polygon><altitudeMode>relativeToGround</altitudeMode>
				<outerBoundaryIs>
					<LinearRing>
						<coordinates>							5.9064885825568,44.3423462819053,0 5.906455004240709,44.3423132105544,0 5.906417178900689,44.342324568919,0 5.90608241459274,44.3424246622674,0 5.90573118436802,44.3419909478551,0 5.90569503356673,44.3419468648946,0 5.90535324859241,44.3421131673325,0 5.90525651331802,44.342204447748,0 5.90514452460282,44.3423042378482,0 5.90502839058826,44.3424015251143,0 5.90490823200236,44.3424962162676,0 5.90481571814467,44.3425645955124,0 5.90516796714275,44.3428934372968,0 5.90537029637175,44.343025458768,0 5.90558253851984,44.3429029329184,0 5.90595921809007,44.3426680606031,0 5.906339426613859,44.3424359761246,0 5.9064885825568,44.3423462819053,0 
						</coordinates>
					</LinearRing>
				</outerBoundaryIs>
			</Polygon>
		</Placemark>
		<Placemark id="parcelles-des-personnes-morales_05_groupe_personne_1.3197">
		<styleUrl>#ETAT</styleUrl>			<visibility>0</visibility>
			<ExtendedData>
				<SchemaData schemaUrl="#parcelles-des-personnes-morales_05_groupe_personne_1.schema">
					<SimpleData name="Numero de Parcelle">051730000B1334</SimpleData>
					<SimpleData name="Departement">05</SimpleData>
					<SimpleData name="Commune">UPAIX</SimpleData>
					<SimpleData name="Adresse">LES PLAINES</SimpleData>
					<SimpleData name="Groupe de personne">Etat</SimpleData>
					<SimpleData name="Forme Juridique Abregee">ETAT</SimpleData>
					<SimpleData name="Denomination">ETAT PAR DIRECTION DE L IMMOBILIER DE L ETAT</SimpleData>
				</SchemaData>
			</ExtendedData>
	<Region>
		<LatLonAltBox>
			<north> 44.3389170757962 </north>
			<south> 44.3387618947056 </south>
			<east> 5.901271738985181 </east>
			<west> 5.901117505697821 </west>
		</LatLonAltBox>
		<Lod>
			<minLodPixels>100</minLodPixels>
			<maxLodPixels>-1</maxLodPixels>
		</Lod>
	</Region>
			<Polygon><altitudeMode>relativeToGround</altitudeMode>
				<outerBoundaryIs>
					<LinearRing>
						<coordinates>							5.901271738985181,44.338778661971,0 5.90125858033204,44.3387618947056,0 5.90124198098168,44.3387833202847,0 5.901204743735501,44.3388257375201,0 5.90116313431466,44.3388661082618,0 5.901117505697821,44.338903972814,0 5.9011329868512,44.3389170757962,0 5.90118286047654,44.3388738748536,0 5.901228603371921,44.3388284408883,0 5.901271738985181,44.338778661971,0 
						</coordinates>
					</LinearRing>
				</outerBoundaryIs>
			</Polygon>
		</Placemark>
		<Placemark id="parcelles-des-personnes-morales_05_groupe_personne_1.3201">
		<styleUrl>#ETAT</styleUrl>			<visibility>0</visibility>
			<ExtendedData>
				<SchemaData schemaUrl="#parcelles-des-personnes-morales_05_groupe_personne_1.schema">
					<SimpleData name="Numero de Parcelle">051730000B1335</SimpleData>
					<SimpleData name="Departement">05</SimpleData>
					<SimpleData name="Commune">UPAIX</SimpleData>
					<SimpleData name="Adresse">LES PLAINES</SimpleData>
					<SimpleData name="Groupe de personne">Etat</SimpleData>
					<SimpleData name="Forme Juridique Abregee">ETAT</SimpleData>
					<SimpleData name="Denomination">ETAT PAR DIRECTION DE L IMMOBILIER DE L ETAT</SimpleData>
				</SchemaData>
			</ExtendedData>
	<Region>
		<LatLonAltBox>
			<north> 44.3424734772683 </north>
			<south> 44.3416294076507 </south>
			<east> 5.90546187416595 </east>
			<west> 5.90466617276258 </west>
		</LatLonAltBox>
		<Lod>
			<minLodPixels>100</minLodPixels>
			<maxLodPixels>-1</maxLodPixels>
		</Lod>
	</Region>
			<Polygon><altitudeMode>relativeToGround</altitudeMode>
				<outerBoundaryIs>
					<LinearRing>
						<coordinates>							5.90546187416595,44.3416615383837,0 5.9054370056761,44.3416294076507,0 5.905135840588471,44.3418902070874,0 5.905007884683621,44.3420261790404,0 5.904968371870261,44.3420731615456,0 5.90490082778249,44.3421927651771,0 5.90487205464614,44.342233789184,0 5.904727478854151,44.3424079416665,0 5.90466617276258,44.3424582920022,0 5.90468464941057,44.3424734772683,0 5.9047272054555,44.3424491136799,0 5.90486222090209,44.3423088121075,0 5.90500901713135,44.3420849688401,0 5.90506478659676,44.3420123355941,0 5.90512491919075,44.3419415687414,0 5.90515523534917,44.3419086107575,0 5.90546187416595,44.3416615383837,0 
						</coordinates>
					</LinearRing>
				</outerBoundaryIs>
			</Polygon>
		</Placemark>
		<Placemark id="parcelles-des-personnes-morales_05_groupe_personne_1.3204">
		<styleUrl>#ETAT</styleUrl>			<visibility>0</visibility>
			<ExtendedData>
				<SchemaData schemaUrl="#parcelles-des-personnes-morales_05_groupe_personne_1.schema">
					<SimpleData name="Numero de Parcelle">051730000B1336</SimpleData>
					<SimpleData name="Departement">05</SimpleData>
					<SimpleData name="Commune">UPAIX</SimpleData>
					<SimpleData name="Adresse">LES PLAINES</SimpleData>
					<SimpleData name="Groupe de personne">Etat</SimpleData>
					<SimpleData name="Forme Juridique Abregee">ETAT</SimpleData>
					<SimpleData name="Denomination">ETAT PAR DIRECTION DE L IMMOBILIER DE L ETAT</SimpleData>
				</SchemaData>
			</ExtendedData>
	<Region>
		<LatLonAltBox>
			<north> 44.3414029019532 </north>
			<south> 44.341004991414 </south>
			<east> 5.90445964346813 </east>
			<west> 5.90403054142872 </west>
		</LatLonAltBox>
		<Lod>
			<minLodPixels>100</minLodPixels>
			<maxLodPixels>-1</maxLodPixels>
		</Lod>
	</Region>
			<Polygon><altitudeMode>relativeToGround</altitudeMode>
				<outerBoundaryIs>
					<LinearRing>
						<coordinates>							5.90445964346813,44.3410277533035,0 5.90443814305743,44.341004991414,0 5.9043095975992,44.3411000835451,0 5.9041969259799,44.3411889914734,0 5.904088152710589,44.3412804986232,0 5.90407927598021,44.3412958657982,0 5.90405236493323,44.3413487304395,0 5.90403054142872,44.3414029019532,0 5.90405757723213,44.3413793988182,0 5.90415830537905,44.3412607210224,0 5.904247700564149,44.3411853987605,0 5.90434099421519,44.3411126757527,0 5.90445964346813,44.3410277533035,0 
						</coordinates>
					</LinearRing>
				</outerBoundaryIs>
			</Polygon>
		</Placemark>
		<Placemark id="parcelles-des-personnes-morales_05_groupe_personne_1.3206">
		<styleUrl>#ETAT</styleUrl>			<visibility>0</visibility>
			<ExtendedData>
				<SchemaData schemaUrl="#parcelles-des-personnes-morales_05_groupe_personne_1.schema">
					<SimpleData name="Numero de Parcelle">051730000B1337</SimpleData>
					<SimpleData name="Departement">05</SimpleData>
					<SimpleData name="Commune">UPAIX</SimpleData>
					<SimpleData name="Adresse">LES PLAINES</SimpleData>
					<SimpleData name="Groupe de personne">Etat</SimpleData>
					<SimpleData name="Forme Juridique Abregee">ETAT</SimpleData>
					<SimpleData name="Denomination">ETAT PAR DIRECTION DE L IMMOBILIER DE L ETAT</SimpleData>
				</SchemaData>
			</ExtendedData>
	<Region>
		<LatLonAltBox>
			<north> 44.3415115578662 </north>
			<south> 44.3412445453938 </south>
			<east> 5.90468557642244 </east>
			<west> 5.904370735161811 </west>
		</LatLonAltBox>
		<Lod>
			<minLodPixels>100</minLodPixels>
			<maxLodPixels>-1</maxLodPixels>
		</Lod>
	</Region>
			<Polygon><altitudeMode>relativeToGround</altitudeMode>
				<outerBoundaryIs>
					<LinearRing>
						<coordinates>							5.90468557642244,44.3412702161431,0 5.90466166739844,44.3412445453938,0 5.904370735161811,44.3415115578662,0 5.90468557642244,44.3412702161431,0 
						</coordinates>
					</LinearRing>
				</outerBoundaryIs>
			</Polygon>
		</Placemark>
		<Placemark id="parcelles-des-personnes-morales_05_groupe_personne_1.3211">
		<styleUrl>#ETAT</styleUrl>			<visibility>0</visibility>
			<ExtendedData>
				<SchemaData schemaUrl="#parcelles-des-personnes-morales_05_groupe_personne_1.schema">
					<SimpleData name="Numero de Parcelle">051730000B1339</SimpleData>
					<SimpleData name="Departement">05</SimpleData>
					<SimpleData name="Commune">UPAIX</SimpleData>
					<SimpleData name="Adresse">LES PLAINES</SimpleData>
					<SimpleData name="Groupe de personne">Etat</SimpleData>
					<SimpleData name="Forme Juridique Abregee">ETAT</SimpleData>
					<SimpleData name="Denomination">ETAT PAR DIRECTION DE L IMMOBILIER DE L ETAT</SimpleData>
				</SchemaData>
			</ExtendedData>
	<Region>
		<LatLonAltBox>
			<north> 44.3387618947056 </north>
			<south> 44.3385946536152 </south>
			<east> 5.90138146634929 </east>
			<west> 5.901247305441809 </west>
		</LatLonAltBox>
		<Lod>
			<minLodPixels>100</minLodPixels>
			<maxLodPixels>-1</maxLodPixels>
		</Lod>
	</Region>
			<Polygon><altitudeMode>relativeToGround</altitudeMode>
				<outerBoundaryIs>
					<LinearRing>
						<coordinates>							5.901247305441809,44.3387475998664,0 5.90125858033204,44.3387618947056,0 5.90138146634929,44.3386077757285,0 5.90137012601707,44.3385946536152,0 5.901247305441809,44.3387475998664,0 
						</coordinates>
					</LinearRing>
				</outerBoundaryIs>
			</Polygon>
		</Placemark>
		<Placemark id="parcelles-des-personnes-morales_05_groupe_personne_1.3243">
		<styleUrl>#ETAT</styleUrl>			<visibility>0</visibility>
			<ExtendedData>
				<SchemaData schemaUrl="#parcelles-des-personnes-morales_05_groupe_personne_1.schema">
					<SimpleData name="Numero de Parcelle">051730000B1340</SimpleData>
					<SimpleData name="Departement">05</SimpleData>
					<SimpleData name="Commune">UPAIX</SimpleData>
					<SimpleData name="Adresse">LES PLAINES</SimpleData>
					<SimpleData name="Groupe de personne">Etat</SimpleData>
					<SimpleData name="Forme Juridique Abregee">ETAT</SimpleData>
					<SimpleData name="Denomination">ETAT PAR DIRECTION DE L IMMOBILIER DE L ETAT</SimpleData>
				</SchemaData>
			</ExtendedData>
	<Region>
		<LatLonAltBox>
			<north> 44.338778661971 </north>
			<south> 44.3386077757285 </south>
			<east> 5.90139652812646 </east>
			<west> 5.90125858033204 </west>
		</LatLonAltBox>
		<Lod>
			<minLodPixels>100</minLodPixels>
			<maxLodPixels>-1</maxLodPixels>
		</Lod>
	</Region>
			<Polygon><altitudeMode>relativeToGround</altitudeMode>
				<outerBoundaryIs>
					<LinearRing>
						<coordinates>							5.901271738985181,44.338778661971,0 5.90139652812646,44.3386249431479,0 5.90138146634929,44.3386077757285,0 5.90125858033204,44.3387618947056,0 5.901271738985181,44.338778661971,0 
						</coordinates>
					</LinearRing>
				</outerBoundaryIs>
			</Polygon>
		</Placemark>
		<Placemark id="parcelles-des-personnes-morales_05_groupe_personne_1.3246">
		<styleUrl>#ETAT</styleUrl>			<visibility>0</visibility>
			<ExtendedData>
				<SchemaData schemaUrl="#parcelles-des-personnes-morales_05_groupe_personne_1.schema">
					<SimpleData name="Numero de Parcelle">051730000B1341</SimpleData>
					<SimpleData name="Departement">05</SimpleData>
					<SimpleData name="Commune">UPAIX</SimpleData>
					<SimpleData name="Adresse">LES PLAINES</SimpleData>
					<SimpleData name="Groupe de personne">Etat</SimpleData>
					<SimpleData name="Forme Juridique Abregee">ETAT</SimpleData>
					<SimpleData name="Denomination">ETAT PAR DIRECTION DE L IMMOBILIER DE L ETAT</SimpleData>
				</SchemaData>
			</ExtendedData>
	<Region>
		<LatLonAltBox>
			<north> 44.3414218550029 </north>
			<south> 44.3409936521347 </south>
			<east> 5.90443814305743 </east>
			<west> 5.904008669458721 </west>
		</LatLonAltBox>
		<Lod>
			<minLodPixels>100</minLodPixels>
			<maxLodPixels>-1</maxLodPixels>
		</Lod>
	</Region>
			<Polygon><altitudeMode>relativeToGround</altitudeMode>
				<outerBoundaryIs>
					<LinearRing>
						<coordinates>							5.90442752050895,44.3409936521347,0 5.90414262842751,44.3412046573071,0 5.90405020173806,44.341279609148,0 5.90403159900852,44.341323156716,0 5.90401794927085,44.3413678345611,0 5.904008669458721,44.3414218550029,0 5.90403054142872,44.3414029019532,0 5.90405236493323,44.3413487304395,0 5.90407927598021,44.3412958657982,0 5.904088152710589,44.3412804986232,0 5.9041969259799,44.3411889914734,0 5.9043095975992,44.3411000835451,0 5.90443814305743,44.341004991414,0 5.90442752050895,44.3409936521347,0 
						</coordinates>
					</LinearRing>
				</outerBoundaryIs>
			</Polygon>
		</Placemark>
		<Placemark id="parcelles-des-personnes-morales_05_groupe_personne_1.3250">
		<styleUrl>#ETAT</styleUrl>			<visibility>0</visibility>
			<ExtendedData>
				<SchemaData schemaUrl="#parcelles-des-personnes-morales_05_groupe_personne_1.schema">
					<SimpleData name="Numero de Parcelle">051730000B1342</SimpleData>
					<SimpleData name="Departement">05</SimpleData>
					<SimpleData name="Commune">UPAIX</SimpleData>
					<SimpleData name="Adresse">LES PLAINES</SimpleData>
					<SimpleData name="Groupe de personne">Etat</SimpleData>
					<SimpleData name="Forme Juridique Abregee">ETAT</SimpleData>
					<SimpleData name="Denomination">ETAT PAR DIRECTION DE L IMMOBILIER DE L ETAT</SimpleData>
				</SchemaData>
			</ExtendedData>
	<Region>
		<LatLonAltBox>
			<north> 44.3391347422094 </north>
			<south> 44.3387475998664 </south>
			<east> 5.90125858033204 </east>
			<west> 5.900832858830979 </west>
		</LatLonAltBox>
		<Lod>
			<minLodPixels>100</minLodPixels>
			<maxLodPixels>-1</maxLodPixels>
		</Lod>
	</Region>
			<Polygon><altitudeMode>relativeToGround</altitudeMode>
				<outerBoundaryIs>
					<LinearRing>
						<coordinates>							5.901102692713669,44.3388916628862,0 5.90102108090548,44.3389694794536,0 5.900832858830979,44.3391124405678,0 5.900865001780229,44.3391347422094,0 5.90097730312939,44.3390459376528,0 5.9011329868512,44.3389170757962,0 5.901117505697821,44.338903972814,0 5.90116313431466,44.3388661082618,0 5.901204743735501,44.3388257375201,0 5.90124198098168,44.3387833202847,0 5.90125858033204,44.3387618947056,0 5.901247305441809,44.3387475998664,0 5.90119108834058,44.3388090734267,0 5.901102692713669,44.3388916628862,0 
						</coordinates>
					</LinearRing>
				</outerBoundaryIs>
			</Polygon>
		</Placemark>
		<Placemark id="parcelles-des-personnes-morales_05_groupe_personne_1.3255">
		<styleUrl>#ETAT</styleUrl>			<visibility>0</visibility>
			<ExtendedData>
				<SchemaData schemaUrl="#parcelles-des-personnes-morales_05_groupe_personne_1.schema">
					<SimpleData name="Numero de Parcelle">051730000B1344</SimpleData>
					<SimpleData name="Departement">05</SimpleData>
					<SimpleData name="Commune">UPAIX</SimpleData>
					<SimpleData name="Adresse">CURATTES</SimpleData>
					<SimpleData name="Groupe de personne">Etat</SimpleData>
					<SimpleData name="Forme Juridique Abregee">ETAT</SimpleData>
					<SimpleData name="Denomination">ETAT PAR DIRECTION DE L IMMOBILIER DE L ETAT</SimpleData>
				</SchemaData>
			</ExtendedData>
	<Region>
		<LatLonAltBox>
			<north> 44.3211990790678 </north>
			<south> 44.3205582371994 </south>
			<east> 5.893164633768381 </east>
			<west> 5.89240709754777 </west>
		</LatLonAltBox>
		<Lod>
			<minLodPixels>100</minLodPixels>
			<maxLodPixels>-1</maxLodPixels>
		</Lod>
	</Region>
			<Polygon><altitudeMode>relativeToGround</altitudeMode>
				<outerBoundaryIs>
					<LinearRing>
						<coordinates>							5.89240709754777,44.3206591880272,0 5.89244760729949,44.3207080236299,0 5.89248356826532,44.3207586903162,0 5.892518869977409,44.3208185619574,0 5.89265036573553,44.3209784076868,0 5.89270137826886,44.3210609250431,0 5.89274745239266,44.3211450135168,0 5.892774051761359,44.3211990790678,0 5.892991886403849,44.3211650637264,0 5.89296756252155,44.3210990484834,0 5.893164633768381,44.3206190787473,0 5.89298917988079,44.3206009069146,0 5.89241649867454,44.3205582371994,0 5.89240709754777,44.3206591880272,0 
						</coordinates>
					</LinearRing>
				</outerBoundaryIs>
			</Polygon>
		</Placemark>
		<Placemark id="parcelles-des-personnes-morales_05_groupe_personne_1.3259">
		<styleUrl>#ETAT</styleUrl>			<visibility>0</visibility>
			<ExtendedData>
				<SchemaData schemaUrl="#parcelles-des-personnes-morales_05_groupe_personne_1.schema">
					<SimpleData name="Numero de Parcelle">051730000B1345</SimpleData>
					<SimpleData name="Departement">05</SimpleData>
					<SimpleData name="Commune">UPAIX</SimpleData>
					<SimpleData name="Adresse">CURATTES</SimpleData>
					<SimpleData name="Groupe de personne">Etat</SimpleData>
					<SimpleData name="Forme Juridique Abregee">ETAT</SimpleData>
					<SimpleData name="Denomination">ETAT PAR DIRECTION DE L IMMOBILIER DE L ETAT</SimpleData>
				</SchemaData>
			</ExtendedData>
	<Region>
		<LatLonAltBox>
			<north> 44.3206190787473 </north>
			<south> 44.3205582371994 </south>
			<east> 5.893166219311711 </east>
			<west> 5.89241649867454 </west>
		</LatLonAltBox>
		<Lod>
			<minLodPixels>100</minLodPixels>
			<maxLodPixels>-1</maxLodPixels>
		</Lod>
	</Region>
			<Polygon><altitudeMode>relativeToGround</altitudeMode>
				<outerBoundaryIs>
					<LinearRing>
						<coordinates>							5.893164633768381,44.3206190787473,0 5.893166219311711,44.3206132722408,0 5.89288755646005,44.320578900539,0 5.89241649867454,44.3205582371994,0 5.89298917988079,44.3206009069146,0 5.893164633768381,44.3206190787473,0 
						</coordinates>
					</LinearRing>
				</outerBoundaryIs>
			</Polygon>
		</Placemark>
		<Placemark id="parcelles-des-personnes-morales_05_groupe_personne_1.3262">
		<styleUrl>#ETAT</styleUrl>			<visibility>0</visibility>
			<ExtendedData>
				<SchemaData schemaUrl="#parcelles-des-personnes-morales_05_groupe_personne_1.schema">
					<SimpleData name="Numero de Parcelle">051730000B1346</SimpleData>
					<SimpleData name="Departement">05</SimpleData>
					<SimpleData name="Commune">UPAIX</SimpleData>
					<SimpleData name="Adresse">CURATTES</SimpleData>
					<SimpleData name="Groupe de personne">Etat</SimpleData>
					<SimpleData name="Forme Juridique Abregee">ETAT</SimpleData>
					<SimpleData name="Denomination">ETAT PAR DIRECTION DE L IMMOBILIER DE L ETAT</SimpleData>
				</SchemaData>
			</ExtendedData>
	<Region>
		<LatLonAltBox>
			<north> 44.3244374158699 </north>
			<south> 44.3242880217996 </south>
			<east> 5.893725448741129 </east>
			<west> 5.893515937544959 </west>
		</LatLonAltBox>
		<Lod>
			<minLodPixels>100</minLodPixels>
			<maxLodPixels>-1</maxLodPixels>
		</Lod>
	</Region>
			<Polygon><altitudeMode>relativeToGround</altitudeMode>
				<outerBoundaryIs>
					<LinearRing>
						<coordinates>							5.893515937544959,44.3243044317266,0 5.89352073931461,44.3243075480527,0 5.89371659021833,44.3244374158699,0 5.893725448741129,44.3244216898383,0 5.893533669987871,44.3242880217996,0 5.893515937544959,44.3243044317266,0 
						</coordinates>
					</LinearRing>
				</outerBoundaryIs>
			</Polygon>
		</Placemark>
		<Placemark id="parcelles-des-personnes-morales_05_groupe_personne_1.3265">
		<styleUrl>#ETAT</styleUrl>			<visibility>0</visibility>
			<ExtendedData>
				<SchemaData schemaUrl="#parcelles-des-personnes-morales_05_groupe_personne_1.schema">
					<SimpleData name="Numero de Parcelle">051730000B1347</SimpleData>
					<SimpleData name="Departement">05</SimpleData>
					<SimpleData name="Commune">UPAIX</SimpleData>
					<SimpleData name="Adresse">CURATTES</SimpleData>
					<SimpleData name="Groupe de personne">Etat</SimpleData>
					<SimpleData name="Forme Juridique Abregee">ETAT</SimpleData>
					<SimpleData name="Denomination">ETAT PAR DIRECTION DE L IMMOBILIER DE L ETAT</SimpleData>
				</SchemaData>
			</ExtendedData>
	<Region>
		<LatLonAltBox>
			<north> 44.3243044317266 </north>
			<south> 44.3240742317897 </south>
			<east> 5.893533669987871 </east>
			<west> 5.89323728054203 </west>
		</LatLonAltBox>
		<Lod>
			<minLodPixels>100</minLodPixels>
			<maxLodPixels>-1</maxLodPixels>
		</Lod>
	</Region>
			<Polygon><altitudeMode>relativeToGround</altitudeMode>
				<outerBoundaryIs>
					<LinearRing>
						<coordinates>							5.893515937544959,44.3243044317266,0 5.893533669987871,44.3242880217996,0 5.893438824755359,44.3242219708625,0 5.89325461025305,44.3240742317897,0 5.89323728054203,44.324083785382,0 5.89344640343722,44.3242573509948,0 5.893515937544959,44.3243044317266,0 
						</coordinates>
					</LinearRing>
				</outerBoundaryIs>
			</Polygon>
		</Placemark>
		<Placemark id="parcelles-des-personnes-morales_05_groupe_personne_1.3269">
		<styleUrl>#ETAT</styleUrl>			<visibility>0</visibility>
			<ExtendedData>
				<SchemaData schemaUrl="#parcelles-des-personnes-morales_05_groupe_personne_1.schema">
					<SimpleData name="Numero de Parcelle">051730000B1348</SimpleData>
					<SimpleData name="Departement">05</SimpleData>
					<SimpleData name="Commune">UPAIX</SimpleData>
					<SimpleData name="Adresse">CURATTES</SimpleData>
					<SimpleData name="Groupe de personne">Etat</SimpleData>
					<SimpleData name="Forme Juridique Abregee">ETAT</SimpleData>
					<SimpleData name="Denomination">ETAT PAR DIRECTION DE L IMMOBILIER DE L ETAT</SimpleData>
				</SchemaData>
			</ExtendedData>
	<Region>
		<LatLonAltBox>
			<north> 44.3242219708625 </north>
			<south> 44.3240566528935 </south>
			<east> 5.893468479794989 </east>
			<west> 5.89325461025305 </west>
		</LatLonAltBox>
		<Lod>
			<minLodPixels>100</minLodPixels>
			<maxLodPixels>-1</maxLodPixels>
		</Lod>
	</Region>
			<Polygon><altitudeMode>relativeToGround</altitudeMode>
				<outerBoundaryIs>
					<LinearRing>
						<coordinates>							5.893468479794989,44.3242056074824,0 5.893285959855799,44.3240566528935,0 5.89325461025305,44.3240742317897,0 5.893438824755359,44.3242219708625,0 5.893468479794989,44.3242056074824,0 
						</coordinates>
					</LinearRing>
				</outerBoundaryIs>
			</Polygon>
		</Placemark>
		<Placemark id="parcelles-des-personnes-morales_05_groupe_personne_1.3272">
		<styleUrl>#ETAT</styleUrl>			<visibility>0</visibility>
			<ExtendedData>
				<SchemaData schemaUrl="#parcelles-des-personnes-morales_05_groupe_personne_1.schema">
					<SimpleData name="Numero de Parcelle">051730000B1349</SimpleData>
					<SimpleData name="Departement">05</SimpleData>
					<SimpleData name="Commune">UPAIX</SimpleData>
					<SimpleData name="Adresse">CURATTES</SimpleData>
					<SimpleData name="Groupe de personne">Etat</SimpleData>
					<SimpleData name="Forme Juridique Abregee">ETAT</SimpleData>
					<SimpleData name="Denomination">ETAT PAR DIRECTION DE L IMMOBILIER DE L ETAT</SimpleData>
				</SchemaData>
			</ExtendedData>
	<Region>
		<LatLonAltBox>
			<north> 44.3242880217996 </north>
			<south> 44.3242056074824 </south>
			<east> 5.893550441303561 </east>
			<west> 5.893438824755359 </west>
		</LatLonAltBox>
		<Lod>
			<minLodPixels>100</minLodPixels>
			<maxLodPixels>-1</maxLodPixels>
		</Lod>
	</Region>
			<Polygon><altitudeMode>relativeToGround</altitudeMode>
				<outerBoundaryIs>
					<LinearRing>
						<coordinates>							5.893468479794989,44.3242056074824,0 5.893438824755359,44.3242219708625,0 5.893533669987871,44.3242880217996,0 5.893550441303561,44.3242724478382,0 5.893468479794989,44.3242056074824,0 
						</coordinates>
					</LinearRing>
				</outerBoundaryIs>
			</Polygon>
		</Placemark>
		<Placemark id="parcelles-des-personnes-morales_05_groupe_personne_1.3308">
		<styleUrl>#ETAT</styleUrl>			<visibility>0</visibility>
			<ExtendedData>
				<SchemaData schemaUrl="#parcelles-des-personnes-morales_05_groupe_personne_1.schema">
					<SimpleData name="Numero de Parcelle">051730000B1350</SimpleData>
					<SimpleData name="Departement">05</SimpleData>
					<SimpleData name="Commune">UPAIX</SimpleData>
					<SimpleData name="Adresse">CURATTES</SimpleData>
					<SimpleData name="Groupe de personne">Etat</SimpleData>
					<SimpleData name="Forme Juridique Abregee">ETAT</SimpleData>
					<SimpleData name="Denomination">ETAT PAR DIRECTION DE L IMMOBILIER DE L ETAT</SimpleData>
				</SchemaData>
			</ExtendedData>
	<Region>
		<LatLonAltBox>
			<north> 44.3247959986166 </north>
			<south> 44.3242724478382 </south>
			<east> 5.894765001370601 </east>
			<west> 5.893533669987871 </west>
		</LatLonAltBox>
		<Lod>
			<minLodPixels>100</minLodPixels>
			<maxLodPixels>-1</maxLodPixels>
		</Lod>
	</Region>
			<Polygon><altitudeMode>relativeToGround</altitudeMode>
				<outerBoundaryIs>
					<LinearRing>
						<coordinates>							5.89475864852952,44.3247316425392,0 5.894613606572179,44.3247711308539,0 5.89456873436714,44.3247769960976,0 5.89452998636445,44.324777475748,0 5.894483025587179,44.3247743884461,0 5.89443688347121,44.3247676765747,0 5.89432259283635,44.324733664473,0 5.894250393138449,44.3247056601899,0 5.89415084694813,44.324663062967,0 5.894054026782091,44.3246173313568,0 5.89374935042734,44.3244204302385,0 5.893550441303561,44.3242724478382,0 5.893533669987871,44.3242880217996,0 5.893725448741129,44.3244216898383,0 5.89403148212028,44.3246328772141,0 5.89414987671788,44.3246907415097,0 5.89439939740511,44.3247781212769,0 5.894449288366501,44.3247869863473,0 5.89461675919841,44.3247959986166,0 5.894765001370601,44.3247700273609,0 5.89475864852952,44.3247316425392,0 
						</coordinates>
					</LinearRing>
				</outerBoundaryIs>
			</Polygon>
		</Placemark>
		<Placemark id="parcelles-des-personnes-morales_05_groupe_personne_1.3314">
		<styleUrl>#ETAT</styleUrl>			<visibility>0</visibility>
			<ExtendedData>
				<SchemaData schemaUrl="#parcelles-des-personnes-morales_05_groupe_personne_1.schema">
					<SimpleData name="Numero de Parcelle">051730000B1352</SimpleData>
					<SimpleData name="Departement">05</SimpleData>
					<SimpleData name="Commune">UPAIX</SimpleData>
					<SimpleData name="Adresse">CURATTES</SimpleData>
					<SimpleData name="Groupe de personne">Etat</SimpleData>
					<SimpleData name="Forme Juridique Abregee">ETAT</SimpleData>
					<SimpleData name="Denomination">ETAT PAR DIRECTION DE L IMMOBILIER DE L ETAT</SimpleData>
				</SchemaData>
			</ExtendedData>
	<Region>
		<LatLonAltBox>
			<north> 44.324777475748 </north>
			<south> 44.3240752938479 </south>
			<east> 5.89456873436714 </east>
			<west> 5.893550441303561 </west>
		</LatLonAltBox>
		<Lod>
			<minLodPixels>100</minLodPixels>
			<maxLodPixels>-1</maxLodPixels>
		</Lod>
	</Region>
			<Polygon><altitudeMode>relativeToGround</altitudeMode>
				<outerBoundaryIs>
					<LinearRing>
						<coordinates>							5.89456873436714,44.3247769960976,0 5.89443331375082,44.3245406015494,0 5.89385770097424,44.3240752938479,0 5.89370128498737,44.3241328250975,0 5.893550441303561,44.3242724478382,0 5.89374935042734,44.3244204302385,0 5.894054026782091,44.3246173313568,0 5.89415084694813,44.324663062967,0 5.894250393138449,44.3247056601899,0 5.89432259283635,44.324733664473,0 5.89443688347121,44.3247676765747,0 5.894483025587179,44.3247743884461,0 5.89452998636445,44.324777475748,0 5.89456873436714,44.3247769960976,0 
						</coordinates>
					</LinearRing>
				</outerBoundaryIs>
			</Polygon>
		</Placemark>
		<Placemark id="parcelles-des-personnes-morales_05_groupe_personne_1.3320">
		<styleUrl>#ETAT</styleUrl>			<visibility>0</visibility>
			<ExtendedData>
				<SchemaData schemaUrl="#parcelles-des-personnes-morales_05_groupe_personne_1.schema">
					<SimpleData name="Numero de Parcelle">051730000B1354</SimpleData>
					<SimpleData name="Departement">05</SimpleData>
					<SimpleData name="Commune">UPAIX</SimpleData>
					<SimpleData name="Adresse">CURATTES</SimpleData>
					<SimpleData name="Groupe de personne">Etat</SimpleData>
					<SimpleData name="Forme Juridique Abregee">ETAT</SimpleData>
					<SimpleData name="Denomination">ETAT PAR DIRECTION DE L IMMOBILIER DE L ETAT</SimpleData>
				</SchemaData>
			</ExtendedData>
	<Region>
		<LatLonAltBox>
			<north> 44.3216566896101 </north>
			<south> 44.3211650637264 </south>
			<east> 5.893131602031 </east>
			<west> 5.892774051761359 </west>
		</LatLonAltBox>
		<Lod>
			<minLodPixels>100</minLodPixels>
			<maxLodPixels>-1</maxLodPixels>
		</Lod>
	</Region>
			<Polygon><altitudeMode>relativeToGround</altitudeMode>
				<outerBoundaryIs>
					<LinearRing>
						<coordinates>							5.892774051761359,44.3211990790678,0 5.89293117508936,44.3213939198152,0 5.89298941456459,44.3214754362375,0 5.893012597019579,44.3215240070272,0 5.89300971414135,44.3215781277355,0 5.89298511808941,44.3216566896101,0 5.893131602031,44.3216504930355,0 5.892991886403849,44.3211650637264,0 5.892774051761359,44.3211990790678,0 
						</coordinates>
					</LinearRing>
				</outerBoundaryIs>
			</Polygon>
		</Placemark>
		<Placemark id="parcelles-des-personnes-morales_05_groupe_personne_1.3327">
		<styleUrl>#ETAT</styleUrl>			<visibility>0</visibility>
			<ExtendedData>
				<SchemaData schemaUrl="#parcelles-des-personnes-morales_05_groupe_personne_1.schema">
					<SimpleData name="Numero de Parcelle">051730000B1356</SimpleData>
					<SimpleData name="Departement">05</SimpleData>
					<SimpleData name="Commune">UPAIX</SimpleData>
					<SimpleData name="Adresse">CURATTES</SimpleData>
					<SimpleData name="Groupe de personne">Etat</SimpleData>
					<SimpleData name="Forme Juridique Abregee">ETAT</SimpleData>
					<SimpleData name="Denomination">ETAT PAR DIRECTION DE L IMMOBILIER DE L ETAT</SimpleData>
				</SchemaData>
			</ExtendedData>
	<Region>
		<LatLonAltBox>
			<north> 44.3220475779641 </north>
			<south> 44.3216504930355 </south>
			<east> 5.89323618225393 </east>
			<west> 5.892925304443599 </west>
		</LatLonAltBox>
		<Lod>
			<minLodPixels>100</minLodPixels>
			<maxLodPixels>-1</maxLodPixels>
		</Lod>
	</Region>
			<Polygon><altitudeMode>relativeToGround</altitudeMode>
				<outerBoundaryIs>
					<LinearRing>
						<coordinates>							5.89298511808941,44.3216566896101,0 5.892925304443599,44.3217851788358,0 5.89298958035961,44.3219480541057,0 5.892997730562131,44.3219897244099,0 5.89300038122966,44.3220318096519,0 5.89300018255712,44.3220475779641,0 5.89323618225393,44.3220350624622,0 5.893131602031,44.3216504930355,0 5.89298511808941,44.3216566896101,0 
						</coordinates>
					</LinearRing>
				</outerBoundaryIs>
			</Polygon>
		</Placemark>
		<Placemark id="parcelles-des-personnes-morales_05_groupe_personne_1.3333">
		<styleUrl>#ETAT</styleUrl>			<visibility>0</visibility>
			<ExtendedData>
				<SchemaData schemaUrl="#parcelles-des-personnes-morales_05_groupe_personne_1.schema">
					<SimpleData name="Numero de Parcelle">051730000B1358</SimpleData>
					<SimpleData name="Departement">05</SimpleData>
					<SimpleData name="Commune">UPAIX</SimpleData>
					<SimpleData name="Adresse">CURATTES</SimpleData>
					<SimpleData name="Groupe de personne">Etat</SimpleData>
					<SimpleData name="Forme Juridique Abregee">ETAT</SimpleData>
					<SimpleData name="Denomination">ETAT PAR DIRECTION DE L IMMOBILIER DE L ETAT</SimpleData>
				</SchemaData>
			</ExtendedData>
	<Region>
		<LatLonAltBox>
			<north> 44.3225158192824 </north>
			<south> 44.3220350624622 </south>
			<east> 5.893874859893309 </east>
			<west> 5.89283444520649 </west>
		</LatLonAltBox>
		<Lod>
			<minLodPixels>100</minLodPixels>
			<maxLodPixels>-1</maxLodPixels>
		</Lod>
	</Region>
			<Polygon><altitudeMode>relativeToGround</altitudeMode>
				<outerBoundaryIs>
					<LinearRing>
						<coordinates>							5.89300018255712,44.3220475779641,0 5.892963293510521,44.322133579225,0 5.89292170842511,44.3222185330684,0 5.892904738844571,44.3222498752322,0 5.892848413905589,44.3223877304857,0 5.89283890741256,44.322434999655,0 5.89283444520649,44.3224827666226,0 5.892834627056339,44.3225158192824,0 5.89383471500887,44.3224435623185,0 5.893874859893309,44.3224041337811,0 5.893253852012289,44.3221009825795,0 5.89323618225393,44.3220350624622,0 5.89300018255712,44.3220475779641,0 
						</coordinates>
					</LinearRing>
				</outerBoundaryIs>
			</Polygon>
		</Placemark>
		<Placemark id="parcelles-des-personnes-morales_05_groupe_personne_1.3336">
		<styleUrl>#ETAT</styleUrl>			<visibility>0</visibility>
			<ExtendedData>
				<SchemaData schemaUrl="#parcelles-des-personnes-morales_05_groupe_personne_1.schema">
					<SimpleData name="Numero de Parcelle">051730000B1359</SimpleData>
					<SimpleData name="Departement">05</SimpleData>
					<SimpleData name="Commune">UPAIX</SimpleData>
					<SimpleData name="Adresse">CURATTES</SimpleData>
					<SimpleData name="Groupe de personne">Etat</SimpleData>
					<SimpleData name="Forme Juridique Abregee">ETAT</SimpleData>
					<SimpleData name="Denomination">ETAT PAR DIRECTION DE L IMMOBILIER DE L ETAT</SimpleData>
				</SchemaData>
			</ExtendedData>
	<Region>
		<LatLonAltBox>
			<north> 44.3273474745354 </north>
			<south> 44.3271992130731 </south>
			<east> 5.89531073941133 </east>
			<west> 5.89475984230795 </west>
		</LatLonAltBox>
		<Lod>
			<minLodPixels>100</minLodPixels>
			<maxLodPixels>-1</maxLodPixels>
		</Lod>
	</Region>
			<Polygon><altitudeMode>relativeToGround</altitudeMode>
				<outerBoundaryIs>
					<LinearRing>
						<coordinates>							5.89475984230795,44.3273288340446,0 5.89477371947511,44.3273474745354,0 5.895174901413061,44.3272445847618,0 5.89531028494143,44.3272173301329,0 5.89531073941133,44.3271992130731,0 5.895090324689291,44.3272445598504,0 5.89475984230795,44.3273288340446,0 
						</coordinates>
					</LinearRing>
				</outerBoundaryIs>
			</Polygon>
		</Placemark>
		<Placemark id="parcelles-des-personnes-morales_05_groupe_personne_1.3364">
		<styleUrl>#ETAT</styleUrl>			<visibility>0</visibility>
			<ExtendedData>
				<SchemaData schemaUrl="#parcelles-des-personnes-morales_05_groupe_personne_1.schema">
					<SimpleData name="Numero de Parcelle">051730000B0136</SimpleData>
					<SimpleData name="Departement">05</SimpleData>
					<SimpleData name="Commune">UPAIX</SimpleData>
					<SimpleData name="Adresse">ROUREBEAU</SimpleData>
					<SimpleData name="Groupe de personne">Etat</SimpleData>
					<SimpleData name="Forme Juridique Abregee">ETAT</SimpleData>
					<SimpleData name="Denomination">ETAT PAR DIRECTION DE L IMMOBILIER DE L ETAT</SimpleData>
				</SchemaData>
			</ExtendedData>
	<Region>
		<LatLonAltBox>
			<north> 44.3189382689572 </north>
			<south> 44.3186116168205 </south>
			<east> 5.89370668660157 </east>
			<west> 5.89326501269545 </west>
		</LatLonAltBox>
		<Lod>
			<minLodPixels>100</minLodPixels>
			<maxLodPixels>-1</maxLodPixels>
		</Lod>
	</Region>
			<Polygon><altitudeMode>relativeToGround</altitudeMode>
				<outerBoundaryIs>
					<LinearRing>
						<coordinates>							5.89370668660157,44.3188532202843,0 5.893629598495781,44.3188349825361,0 5.89356681633896,44.3188094324516,0 5.89351786856068,44.3187820770209,0 5.89347214763676,44.3187515741031,0 5.89343018690453,44.3187185401881,0 5.89338328179025,44.3186722152673,0 5.89334480678173,44.3186116168205,0 5.89333229103352,44.3186122164374,0 5.89326501269545,44.3187271208031,0 5.89328144039087,44.3187441629445,0 5.893328624913011,44.3187885889888,0 5.89337982943919,44.318830657349,0 5.89343517008124,44.3188701848141,0 5.89355884153329,44.3189382689572,0 5.8935903339246,44.3189260005869,0 5.89370668660157,44.3188532202843,0 
						</coordinates>
					</LinearRing>
				</outerBoundaryIs>
			</Polygon>
		</Placemark>
		<Placemark id="parcelles-des-personnes-morales_05_groupe_personne_1.3373">
		<styleUrl>#ETAT</styleUrl>			<visibility>0</visibility>
			<ExtendedData>
				<SchemaData schemaUrl="#parcelles-des-personnes-morales_05_groupe_personne_1.schema">
					<SimpleData name="Numero de Parcelle">051730000B1361</SimpleData>
					<SimpleData name="Departement">05</SimpleData>
					<SimpleData name="Commune">UPAIX</SimpleData>
					<SimpleData name="Adresse">CURATTES</SimpleData>
					<SimpleData name="Groupe de personne">Etat</SimpleData>
					<SimpleData name="Forme Juridique Abregee">ETAT</SimpleData>
					<SimpleData name="Denomination">ETAT PAR DIRECTION DE L IMMOBILIER DE L ETAT</SimpleData>
				</SchemaData>
			</ExtendedData>
	<Region>
		<LatLonAltBox>
			<north> 44.3231262708302 </north>
			<south> 44.3224435623185 </south>
			<east> 5.89383471500887 </east>
			<west> 5.892834627056339 </west>
		</LatLonAltBox>
		<Lod>
			<minLodPixels>100</minLodPixels>
			<maxLodPixels>-1</maxLodPixels>
		</Lod>
	</Region>
			<Polygon><altitudeMode>relativeToGround</altitudeMode>
				<outerBoundaryIs>
					<LinearRing>
						<coordinates>							5.893140936543371,44.3231258525882,0 5.89383471500887,44.3224435623185,0 5.892834627056339,44.3225158192824,0 5.892855613565709,44.3226098456084,0 5.89289673255569,44.3226509186758,0 5.892959821196211,44.3226922243183,0 5.89301915409461,44.3227361508491,0 5.893067773192501,44.322776666207,0 5.89313531158593,44.3231262708302,0 5.893140936543371,44.3231258525882,0 
						</coordinates>
					</LinearRing>
				</outerBoundaryIs>
			</Polygon>
		</Placemark>
		<Placemark id="parcelles-des-personnes-morales_05_groupe_personne_1.3381">
		<styleUrl>#ETAT</styleUrl>			<visibility>0</visibility>
			<ExtendedData>
				<SchemaData schemaUrl="#parcelles-des-personnes-morales_05_groupe_personne_1.schema">
					<SimpleData name="Numero de Parcelle">051730000B1363</SimpleData>
					<SimpleData name="Departement">05</SimpleData>
					<SimpleData name="Commune">UPAIX</SimpleData>
					<SimpleData name="Adresse">CURATTES</SimpleData>
					<SimpleData name="Groupe de personne">Etat</SimpleData>
					<SimpleData name="Forme Juridique Abregee">ETAT</SimpleData>
					<SimpleData name="Denomination">ETAT PAR DIRECTION DE L IMMOBILIER DE L ETAT</SimpleData>
				</SchemaData>
			</ExtendedData>
	<Region>
		<LatLonAltBox>
			<north> 44.3249736085225 </north>
			<south> 44.3244374158699 </south>
			<east> 5.894809030726709 </east>
			<west> 5.89363462357919 </west>
		</LatLonAltBox>
		<Lod>
			<minLodPixels>100</minLodPixels>
			<maxLodPixels>-1</maxLodPixels>
		</Lod>
	</Region>
			<Polygon><altitudeMode>relativeToGround</altitudeMode>
				<outerBoundaryIs>
					<LinearRing>
						<coordinates>							5.894809030726709,44.3249736085225,0 5.8947688829369,44.3247944255542,0 5.89471702408864,44.3248133555252,0 5.894646440553719,44.3248194473509,0 5.894448907166741,44.3248065426461,0 5.894377462174029,44.3247908588405,0 5.89430796366493,44.3247715207522,0 5.89424477324084,44.3247503952202,0 5.89416605415667,44.3247200403984,0 5.894090056438,44.3246864612677,0 5.89402992914468,44.3246565177212,0 5.89371659021833,44.3244374158699,0 5.89363462357919,44.3245842334179,0 5.893635941769561,44.3245928459162,0 5.893721143217859,44.3246690587731,0 5.89382792476224,44.3247378578937,0 5.89398880284814,44.3248143306038,0 5.894150606508549,44.3248696111186,0 5.89424117750304,44.3248937090276,0 5.894333569712701,44.3249141559239,0 5.89442741178946,44.3249310516531,0 5.89447039833035,44.3249373962305,0 5.89470062013023,44.3249662843183,0 5.894809030726709,44.3249736085225,0 
						</coordinates>
					</LinearRing>
				</outerBoundaryIs>
			</Polygon>
		</Placemark>
		<Placemark id="parcelles-des-personnes-morales_05_groupe_personne_1.3385">
		<styleUrl>#ETAT</styleUrl>			<visibility>0</visibility>
			<ExtendedData>
				<SchemaData schemaUrl="#parcelles-des-personnes-morales_05_groupe_personne_1.schema">
					<SimpleData name="Numero de Parcelle">051730000B1364</SimpleData>
					<SimpleData name="Departement">05</SimpleData>
					<SimpleData name="Commune">UPAIX</SimpleData>
					<SimpleData name="Adresse">CURATTES</SimpleData>
					<SimpleData name="Groupe de personne">Etat</SimpleData>
					<SimpleData name="Forme Juridique Abregee">ETAT</SimpleData>
					<SimpleData name="Denomination">ETAT PAR DIRECTION DE L IMMOBILIER DE L ETAT</SimpleData>
				</SchemaData>
			</ExtendedData>
	<Region>
		<LatLonAltBox>
			<north> 44.3248194473509 </north>
			<south> 44.3244216898383 </south>
			<east> 5.8947688829369 </east>
			<west> 5.89371659021833 </west>
		</LatLonAltBox>
		<Lod>
			<minLodPixels>100</minLodPixels>
			<maxLodPixels>-1</maxLodPixels>
		</Lod>
	</Region>
			<Polygon><altitudeMode>relativeToGround</altitudeMode>
				<outerBoundaryIs>
					<LinearRing>
						<coordinates>							5.89371659021833,44.3244374158699,0 5.89402992914468,44.3246565177212,0 5.894090056438,44.3246864612677,0 5.89416605415667,44.3247200403984,0 5.89424477324084,44.3247503952202,0 5.89430796366493,44.3247715207522,0 5.894377462174029,44.3247908588405,0 5.894448907166741,44.3248065426461,0 5.894646440553719,44.3248194473509,0 5.89471702408864,44.3248133555252,0 5.8947688829369,44.3247944255542,0 5.894765001370601,44.3247700273609,0 5.89461675919841,44.3247959986166,0 5.894449288366501,44.3247869863473,0 5.89439939740511,44.3247781212769,0 5.89414987671788,44.3246907415097,0 5.89403148212028,44.3246328772141,0 5.893725448741129,44.3244216898383,0 5.89371659021833,44.3244374158699,0 
						</coordinates>
					</LinearRing>
				</outerBoundaryIs>
			</Polygon>
		</Placemark>
		<Placemark id="parcelles-des-personnes-morales_05_groupe_personne_1.3391">
		<styleUrl>#ETAT</styleUrl>			<visibility>0</visibility>
			<ExtendedData>
				<SchemaData schemaUrl="#parcelles-des-personnes-morales_05_groupe_personne_1.schema">
					<SimpleData name="Numero de Parcelle">051730000B1366</SimpleData>
					<SimpleData name="Departement">05</SimpleData>
					<SimpleData name="Commune">UPAIX</SimpleData>
					<SimpleData name="Adresse">CURATTES</SimpleData>
					<SimpleData name="Groupe de personne">Etat</SimpleData>
					<SimpleData name="Forme Juridique Abregee">ETAT</SimpleData>
					<SimpleData name="Denomination">ETAT PAR DIRECTION DE L IMMOBILIER DE L ETAT</SimpleData>
				</SchemaData>
			</ExtendedData>
	<Region>
		<LatLonAltBox>
			<north> 44.3254626411654 </north>
			<south> 44.3251282982967 </south>
			<east> 5.894948704531719 </east>
			<west> 5.89465220643391 </west>
		</LatLonAltBox>
		<Lod>
			<minLodPixels>100</minLodPixels>
			<maxLodPixels>-1</maxLodPixels>
		</Lod>
	</Region>
			<Polygon><altitudeMode>relativeToGround</altitudeMode>
				<outerBoundaryIs>
					<LinearRing>
						<coordinates>							5.89465220643391,44.3253228146192,0 5.894948704531719,44.3254626411654,0 5.89483864194845,44.3251282982967,0 5.89465220643391,44.3253228146192,0 
						</coordinates>
					</LinearRing>
				</outerBoundaryIs>
			</Polygon>
		</Placemark>
		<Placemark id="parcelles-des-personnes-morales_05_groupe_personne_1.3399">
		<styleUrl>#ETAT</styleUrl>			<visibility>0</visibility>
			<ExtendedData>
				<SchemaData schemaUrl="#parcelles-des-personnes-morales_05_groupe_personne_1.schema">
					<SimpleData name="Numero de Parcelle">051730000B1368</SimpleData>
					<SimpleData name="Departement">05</SimpleData>
					<SimpleData name="Commune">UPAIX</SimpleData>
					<SimpleData name="Adresse">CURATTES</SimpleData>
					<SimpleData name="Groupe de personne">Etat</SimpleData>
					<SimpleData name="Forme Juridique Abregee">ETAT</SimpleData>
					<SimpleData name="Denomination">ETAT PAR DIRECTION DE L IMMOBILIER DE L ETAT</SimpleData>
				</SchemaData>
			</ExtendedData>
	<Region>
		<LatLonAltBox>
			<north> 44.3271576716975 </north>
			<south> 44.3265692743499 </south>
			<east> 5.8958909340708 </east>
			<west> 5.89530213834276 </west>
		</LatLonAltBox>
		<Lod>
			<minLodPixels>100</minLodPixels>
			<maxLodPixels>-1</maxLodPixels>
		</Lod>
	</Region>
			<Polygon><altitudeMode>relativeToGround</altitudeMode>
				<outerBoundaryIs>
					<LinearRing>
						<coordinates>							5.89530213834276,44.3265692743499,0 5.8953195628111,44.3267359047605,0 5.89531594920112,44.3269868589929,0 5.89544214144369,44.3270375810135,0 5.89542379796032,44.3271353451559,0 5.89549608764915,44.3271576716975,0 5.895767249582151,44.3270814429635,0 5.89579363349322,44.3270648948809,0 5.8958909340708,44.3269824356338,0 5.895410392824361,44.3268730392176,0 5.89530213834276,44.3265692743499,0 
						</coordinates>
					</LinearRing>
				</outerBoundaryIs>
			</Polygon>
		</Placemark>
		<Placemark id="parcelles-des-personnes-morales_05_groupe_personne_1.3429">
		<styleUrl>#ETAT</styleUrl>			<visibility>0</visibility>
			<ExtendedData>
				<SchemaData schemaUrl="#parcelles-des-personnes-morales_05_groupe_personne_1.schema">
					<SimpleData name="Numero de Parcelle">051730000B0137</SimpleData>
					<SimpleData name="Departement">05</SimpleData>
					<SimpleData name="Commune">UPAIX</SimpleData>
					<SimpleData name="Adresse">ROUREBEAU</SimpleData>
					<SimpleData name="Groupe de personne">Etat</SimpleData>
					<SimpleData name="Forme Juridique Abregee">ETAT</SimpleData>
					<SimpleData name="Denomination">ETAT PAR DIRECTION DE L IMMOBILIER DE L ETAT</SimpleData>
				</SchemaData>
			</ExtendedData>
	<Region>
		<LatLonAltBox>
			<north> 44.3188532202843 </north>
			<south> 44.31860260535 </south>
			<east> 5.89380819852017 </east>
			<west> 5.89334480678173 </west>
		</LatLonAltBox>
		<Lod>
			<minLodPixels>100</minLodPixels>
			<maxLodPixels>-1</maxLodPixels>
		</Lod>
	</Region>
			<Polygon><altitudeMode>relativeToGround</altitudeMode>
				<outerBoundaryIs>
					<LinearRing>
						<coordinates>							5.89370668660157,44.3188532202843,0 5.89380819852017,44.3187895677421,0 5.893567581756979,44.3186057535267,0 5.89354345743959,44.31860260535,0 5.89334480678173,44.3186116168205,0 5.89338328179025,44.3186722152673,0 5.89343018690453,44.3187185401881,0 5.89347214763676,44.3187515741031,0 5.89351786856068,44.3187820770209,0 5.89356681633896,44.3188094324516,0 5.893629598495781,44.3188349825361,0 5.89370668660157,44.3188532202843,0 
						</coordinates>
					</LinearRing>
				</outerBoundaryIs>
			</Polygon>
		</Placemark>
		<Placemark id="parcelles-des-personnes-morales_05_groupe_personne_1.3434">
		<styleUrl>#ETAT</styleUrl>			<visibility>0</visibility>
			<ExtendedData>
				<SchemaData schemaUrl="#parcelles-des-personnes-morales_05_groupe_personne_1.schema">
					<SimpleData name="Numero de Parcelle">051730000B1370</SimpleData>
					<SimpleData name="Departement">05</SimpleData>
					<SimpleData name="Commune">UPAIX</SimpleData>
					<SimpleData name="Adresse">RIBAOUS</SimpleData>
					<SimpleData name="Groupe de personne">Etat</SimpleData>
					<SimpleData name="Forme Juridique Abregee">ETAT</SimpleData>
					<SimpleData name="Denomination">ETAT PAR DIRECTION DE L IMMOBILIER DE L ETAT</SimpleData>
				</SchemaData>
			</ExtendedData>
	<Region>
		<LatLonAltBox>
			<north> 44.3275457958973 </north>
			<south> 44.3269997054781 </south>
			<east> 5.89607339917612 </east>
			<west> 5.895592217453109 </west>
		</LatLonAltBox>
		<Lod>
			<minLodPixels>100</minLodPixels>
			<maxLodPixels>-1</maxLodPixels>
		</Lod>
	</Region>
			<Polygon><altitudeMode>relativeToGround</altitudeMode>
				<outerBoundaryIs>
					<LinearRing>
						<coordinates>							5.895592217453109,44.3275457958973,0 5.8960315441139,44.3274845940575,0 5.89607339917612,44.3274933098272,0 5.89596710621153,44.3269997054781,0 5.89585218792346,44.327110642158,0 5.89568655726315,44.3273980202812,0 5.895592217453109,44.3275457958973,0 
						</coordinates>
					</LinearRing>
				</outerBoundaryIs>
			</Polygon>
		</Placemark>
		<Placemark id="parcelles-des-personnes-morales_05_groupe_personne_1.3437">
		<styleUrl>#ETAT</styleUrl>			<visibility>0</visibility>
			<ExtendedData>
				<SchemaData schemaUrl="#parcelles-des-personnes-morales_05_groupe_personne_1.schema">
					<SimpleData name="Numero de Parcelle">051730000B1371</SimpleData>
					<SimpleData name="Departement">05</SimpleData>
					<SimpleData name="Commune">UPAIX</SimpleData>
					<SimpleData name="Adresse">CURATTES</SimpleData>
					<SimpleData name="Groupe de personne">Etat</SimpleData>
					<SimpleData name="Forme Juridique Abregee">ETAT</SimpleData>
					<SimpleData name="Denomination">ETAT PAR DIRECTION DE L IMMOBILIER DE L ETAT</SimpleData>
				</SchemaData>
			</ExtendedData>
	<Region>
		<LatLonAltBox>
			<north> 44.3271704554012 </north>
			<south> 44.3269824356338 </south>
			<east> 5.89590997480269 </east>
			<west> 5.89549608764915 </west>
		</LatLonAltBox>
		<Lod>
			<minLodPixels>100</minLodPixels>
			<maxLodPixels>-1</maxLodPixels>
		</Lod>
	</Region>
			<Polygon><altitudeMode>relativeToGround</altitudeMode>
				<outerBoundaryIs>
					<LinearRing>
						<coordinates>							5.8958909340708,44.3269824356338,0 5.89579363349322,44.3270648948809,0 5.895767249582151,44.3270814429635,0 5.89549608764915,44.3271576716975,0 5.89553739738185,44.3271704554012,0 5.8958124119694,44.3270836763859,0 5.89582241526399,44.3270805305256,0 5.89590997480269,44.3269867081228,0 5.8958909340708,44.3269824356338,0 
						</coordinates>
					</LinearRing>
				</outerBoundaryIs>
			</Polygon>
		</Placemark>
		<Placemark id="parcelles-des-personnes-morales_05_groupe_personne_1.3441">
		<styleUrl>#ETAT</styleUrl>			<visibility>0</visibility>
			<ExtendedData>
				<SchemaData schemaUrl="#parcelles-des-personnes-morales_05_groupe_personne_1.schema">
					<SimpleData name="Numero de Parcelle">051730000B1372</SimpleData>
					<SimpleData name="Departement">05</SimpleData>
					<SimpleData name="Commune">UPAIX</SimpleData>
					<SimpleData name="Adresse">CURATTES</SimpleData>
					<SimpleData name="Groupe de personne">Etat</SimpleData>
					<SimpleData name="Forme Juridique Abregee">ETAT</SimpleData>
					<SimpleData name="Denomination">ETAT PAR DIRECTION DE L IMMOBILIER DE L ETAT</SimpleData>
				</SchemaData>
			</ExtendedData>
	<Region>
		<LatLonAltBox>
			<north> 44.3271962637127 </north>
			<south> 44.3271576716975 </south>
			<east> 5.89553739738185 </east>
			<west> 5.89541248069953 </west>
		</LatLonAltBox>
		<Lod>
			<minLodPixels>100</minLodPixels>
			<maxLodPixels>-1</maxLodPixels>
		</Lod>
	</Region>
			<Polygon><altitudeMode>relativeToGround</altitudeMode>
				<outerBoundaryIs>
					<LinearRing>
						<coordinates>							5.89549608764915,44.3271576716975,0 5.895416529063319,44.3271748093095,0 5.89541248069953,44.3271962637127,0 5.89553739738185,44.3271704554012,0 5.89549608764915,44.3271576716975,0 
						</coordinates>
					</LinearRing>
				</outerBoundaryIs>
			</Polygon>
		</Placemark>
		<Placemark id="parcelles-des-personnes-morales_05_groupe_personne_1.3445">
		<styleUrl>#ETAT</styleUrl>			<visibility>0</visibility>
			<ExtendedData>
				<SchemaData schemaUrl="#parcelles-des-personnes-morales_05_groupe_personne_1.schema">
					<SimpleData name="Numero de Parcelle">051730000B1373</SimpleData>
					<SimpleData name="Departement">05</SimpleData>
					<SimpleData name="Commune">UPAIX</SimpleData>
					<SimpleData name="Adresse">CURATTES</SimpleData>
					<SimpleData name="Groupe de personne">Etat</SimpleData>
					<SimpleData name="Forme Juridique Abregee">ETAT</SimpleData>
					<SimpleData name="Denomination">ETAT PAR DIRECTION DE L IMMOBILIER DE L ETAT</SimpleData>
				</SchemaData>
			</ExtendedData>
	<Region>
		<LatLonAltBox>
			<north> 44.3272173301329 </north>
			<south> 44.3271748093095 </south>
			<east> 5.895416529063319 </east>
			<west> 5.89531028494143 </west>
		</LatLonAltBox>
		<Lod>
			<minLodPixels>100</minLodPixels>
			<maxLodPixels>-1</maxLodPixels>
		</Lod>
	</Region>
			<Polygon><altitudeMode>relativeToGround</altitudeMode>
				<outerBoundaryIs>
					<LinearRing>
						<coordinates>							5.89531073941133,44.3271992130731,0 5.89531028494143,44.3272173301329,0 5.895405156122189,44.327197807719,0 5.89541248069953,44.3271962637127,0 5.895416529063319,44.3271748093095,0 5.89531073941133,44.3271992130731,0 
						</coordinates>
					</LinearRing>
				</outerBoundaryIs>
			</Polygon>
		</Placemark>
		<Placemark id="parcelles-des-personnes-morales_05_groupe_personne_1.3447">
		<styleUrl>#ETAT</styleUrl>			<visibility>0</visibility>
			<ExtendedData>
				<SchemaData schemaUrl="#parcelles-des-personnes-morales_05_groupe_personne_1.schema">
					<SimpleData name="Numero de Parcelle">051730000B1374</SimpleData>
					<SimpleData name="Departement">05</SimpleData>
					<SimpleData name="Commune">UPAIX</SimpleData>
					<SimpleData name="Adresse">CURATTES</SimpleData>
					<SimpleData name="Groupe de personne">Etat</SimpleData>
					<SimpleData name="Forme Juridique Abregee">ETAT</SimpleData>
					<SimpleData name="Denomination">ETAT PAR DIRECTION DE L IMMOBILIER DE L ETAT</SimpleData>
				</SchemaData>
			</ExtendedData>
	<Region>
		<LatLonAltBox>
			<north> 44.3275457958973 </north>
			<south> 44.3269867081228 </south>
			<east> 5.89596710621153 </east>
			<west> 5.895592217453109 </west>
		</LatLonAltBox>
		<Lod>
			<minLodPixels>100</minLodPixels>
			<maxLodPixels>-1</maxLodPixels>
		</Lod>
	</Region>
			<Polygon><altitudeMode>relativeToGround</altitudeMode>
				<outerBoundaryIs>
					<LinearRing>
						<coordinates>							5.895592217453109,44.3275457958973,0 5.89568655726315,44.3273980202812,0 5.89585218792346,44.327110642158,0 5.89596710621153,44.3269997054781,0 5.89590997480269,44.3269867081228,0 5.89582241526399,44.3270805305256,0 5.8958124119694,44.3270836763859,0 5.89576057184553,44.3272233069698,0 5.895611633029061,44.3274763771298,0 5.895592217453109,44.3275457958973,0 
						</coordinates>
					</LinearRing>
				</outerBoundaryIs>
			</Polygon>
		</Placemark>
		<Placemark id="parcelles-des-personnes-morales_05_groupe_personne_1.3450">
		<styleUrl>#ETAT</styleUrl>			<visibility>0</visibility>
			<ExtendedData>
				<SchemaData schemaUrl="#parcelles-des-personnes-morales_05_groupe_personne_1.schema">
					<SimpleData name="Numero de Parcelle">051730000B1375</SimpleData>
					<SimpleData name="Departement">05</SimpleData>
					<SimpleData name="Commune">UPAIX</SimpleData>
					<SimpleData name="Adresse">CURATTES</SimpleData>
					<SimpleData name="Groupe de personne">Etat</SimpleData>
					<SimpleData name="Forme Juridique Abregee">ETAT</SimpleData>
					<SimpleData name="Denomination">ETAT PAR DIRECTION DE L IMMOBILIER DE L ETAT</SimpleData>
				</SchemaData>
			</ExtendedData>
	<Region>
		<LatLonAltBox>
			<north> 44.3274763771298 </north>
			<south> 44.3270836763859 </south>
			<east> 5.8958124119694 </east>
			<west> 5.89540173295675 </west>
		</LatLonAltBox>
		<Lod>
			<minLodPixels>100</minLodPixels>
			<maxLodPixels>-1</maxLodPixels>
		</Lod>
	</Region>
			<Polygon><altitudeMode>relativeToGround</altitudeMode>
				<outerBoundaryIs>
					<LinearRing>
						<coordinates>							5.895611633029061,44.3274763771298,0 5.89576057184553,44.3272233069698,0 5.8958124119694,44.3270836763859,0 5.89553739738185,44.3271704554012,0 5.89541248069953,44.3271962637127,0 5.895405156122189,44.327197807719,0 5.89540173295675,44.3272314958709,0 5.895581575422459,44.3271927115139,0 5.89577690739997,44.3271304596902,0 5.89561993179475,44.3274472444711,0 5.895611633029061,44.3274763771298,0 
						</coordinates>
					</LinearRing>
				</outerBoundaryIs>
			</Polygon>
		</Placemark>
		<Placemark id="parcelles-des-personnes-morales_05_groupe_personne_1.3454">
		<styleUrl>#ETAT</styleUrl>			<visibility>0</visibility>
			<ExtendedData>
				<SchemaData schemaUrl="#parcelles-des-personnes-morales_05_groupe_personne_1.schema">
					<SimpleData name="Numero de Parcelle">051730000B1376</SimpleData>
					<SimpleData name="Departement">05</SimpleData>
					<SimpleData name="Commune">UPAIX</SimpleData>
					<SimpleData name="Adresse">CURATTES</SimpleData>
					<SimpleData name="Groupe de personne">Etat</SimpleData>
					<SimpleData name="Forme Juridique Abregee">ETAT</SimpleData>
					<SimpleData name="Denomination">ETAT PAR DIRECTION DE L IMMOBILIER DE L ETAT</SimpleData>
				</SchemaData>
			</ExtendedData>
	<Region>
		<LatLonAltBox>
			<north> 44.3273775145473 </north>
			<south> 44.327197807719 </south>
			<east> 5.895405156122189 </east>
			<west> 5.89477371947511 </west>
		</LatLonAltBox>
		<Lod>
			<minLodPixels>100</minLodPixels>
			<maxLodPixels>-1</maxLodPixels>
		</Lod>
	</Region>
			<Polygon><altitudeMode>relativeToGround</altitudeMode>
				<outerBoundaryIs>
					<LinearRing>
						<coordinates>							5.89540173295675,44.3272314958709,0 5.895405156122189,44.327197807719,0 5.89531028494143,44.3272173301329,0 5.895174901413061,44.3272445847618,0 5.89477371947511,44.3273474745354,0 5.89479595905519,44.3273775145473,0 5.89492666048331,44.3273494829196,0 5.895188866034461,44.3272649343264,0 5.89531843798432,44.3272393639906,0 5.89540173295675,44.3272314958709,0 
						</coordinates>
					</LinearRing>
				</outerBoundaryIs>
			</Polygon>
		</Placemark>
		<Placemark id="parcelles-des-personnes-morales_05_groupe_personne_1.3458">
		<styleUrl>#ETAT</styleUrl>			<visibility>0</visibility>
			<ExtendedData>
				<SchemaData schemaUrl="#parcelles-des-personnes-morales_05_groupe_personne_1.schema">
					<SimpleData name="Numero de Parcelle">051730000B1377</SimpleData>
					<SimpleData name="Departement">05</SimpleData>
					<SimpleData name="Commune">UPAIX</SimpleData>
					<SimpleData name="Adresse">CURATTES</SimpleData>
					<SimpleData name="Groupe de personne">Etat</SimpleData>
					<SimpleData name="Forme Juridique Abregee">ETAT</SimpleData>
					<SimpleData name="Denomination">ETAT PAR DIRECTION DE L IMMOBILIER DE L ETAT</SimpleData>
				</SchemaData>
			</ExtendedData>
	<Region>
		<LatLonAltBox>
			<north> 44.3293535540585 </north>
			<south> 44.3291903259942 </south>
			<east> 5.89668507573835 </east>
			<west> 5.896215000945091 </west>
		</LatLonAltBox>
		<Lod>
			<minLodPixels>100</minLodPixels>
			<maxLodPixels>-1</maxLodPixels>
		</Lod>
	</Region>
			<Polygon><altitudeMode>relativeToGround</altitudeMode>
				<outerBoundaryIs>
					<LinearRing>
						<coordinates>							5.89667866140332,44.3291903259942,0 5.89657701327218,44.3292246201606,0 5.896215000945091,44.3293305365215,0 5.8962268440732,44.3293535540585,0 5.896667658787731,44.3292156567594,0 5.89668507573835,44.3292102437917,0 5.89667866140332,44.3291903259942,0 
						</coordinates>
					</LinearRing>
				</outerBoundaryIs>
			</Polygon>
		</Placemark>
		<Placemark id="parcelles-des-personnes-morales_05_groupe_personne_1.3463">
		<styleUrl>#ETAT</styleUrl>			<visibility>0</visibility>
			<ExtendedData>
				<SchemaData schemaUrl="#parcelles-des-personnes-morales_05_groupe_personne_1.schema">
					<SimpleData name="Numero de Parcelle">051730000B1379</SimpleData>
					<SimpleData name="Departement">05</SimpleData>
					<SimpleData name="Commune">UPAIX</SimpleData>
					<SimpleData name="Adresse">RIBAOUS</SimpleData>
					<SimpleData name="Groupe de personne">Etat</SimpleData>
					<SimpleData name="Forme Juridique Abregee">ETAT</SimpleData>
					<SimpleData name="Denomination">ETAT PAR DIRECTION DE L IMMOBILIER DE L ETAT</SimpleData>
				</SchemaData>
			</ExtendedData>
	<Region>
		<LatLonAltBox>
			<north> 44.3279250730008 </north>
			<south> 44.3275172942149 </south>
			<east> 5.89654746473033 </east>
			<west> 5.8957431436138 </west>
		</LatLonAltBox>
		<Lod>
			<minLodPixels>100</minLodPixels>
			<maxLodPixels>-1</maxLodPixels>
		</Lod>
	</Region>
			<Polygon><altitudeMode>relativeToGround</altitudeMode>
				<outerBoundaryIs>
					<LinearRing>
						<coordinates>							5.89612871604864,44.3279249340995,0 5.89654746473033,44.3279250730008,0 5.89636929135854,44.3275522615569,0 5.895980136095301,44.3275172942149,0 5.8957431436138,44.3275501080998,0 5.89599676529407,44.327798431101,0 5.89612871604864,44.3279249340995,0 
						</coordinates>
					</LinearRing>
				</outerBoundaryIs>
			</Polygon>
		</Placemark>
		<Placemark id="parcelles-des-personnes-morales_05_groupe_personne_1.3494">
		<styleUrl>#ETAT</styleUrl>			<visibility>0</visibility>
			<ExtendedData>
				<SchemaData schemaUrl="#parcelles-des-personnes-morales_05_groupe_personne_1.schema">
					<SimpleData name="Numero de Parcelle">051730000B1381</SimpleData>
					<SimpleData name="Departement">05</SimpleData>
					<SimpleData name="Commune">UPAIX</SimpleData>
					<SimpleData name="Adresse">RIBAOUS</SimpleData>
					<SimpleData name="Groupe de personne">Etat</SimpleData>
					<SimpleData name="Forme Juridique Abregee">ETAT</SimpleData>
					<SimpleData name="Denomination">ETAT PAR DIRECTION DE L IMMOBILIER DE L ETAT</SimpleData>
				</SchemaData>
			</ExtendedData>
	<Region>
		<LatLonAltBox>
			<north> 44.3291903259942 </north>
			<south> 44.3279249340995 </south>
			<east> 5.89705935503188 </east>
			<west> 5.89597847513628 </west>
		</LatLonAltBox>
		<Lod>
			<minLodPixels>100</minLodPixels>
			<maxLodPixels>-1</maxLodPixels>
		</Lod>
	</Region>
			<Polygon><altitudeMode>relativeToGround</altitudeMode>
				<outerBoundaryIs>
					<LinearRing>
						<coordinates>							5.89667866140332,44.3291903259942,0 5.89689246329351,44.3291161461532,0 5.896966728399121,44.3290788800548,0 5.89705935503188,44.3290105045455,0 5.89654746473033,44.3279250730008,0 5.89612871604864,44.3279249340995,0 5.89613136031181,44.3279275667055,0 5.896911760368581,44.3287695687247,0 5.89666003072673,44.3287645808585,0 5.89597847513628,44.3286950705951,0 5.896438195762899,44.3288976108276,0 5.89667866140332,44.3291903259942,0 
						</coordinates>
					</LinearRing>
				</outerBoundaryIs>
			</Polygon>
		</Placemark>
		<Placemark id="parcelles-des-personnes-morales_05_groupe_personne_1.3496">
		<styleUrl>#ETAT</styleUrl>			<visibility>0</visibility>
			<ExtendedData>
				<SchemaData schemaUrl="#parcelles-des-personnes-morales_05_groupe_personne_1.schema">
					<SimpleData name="Numero de Parcelle">051730000B1382</SimpleData>
					<SimpleData name="Departement">05</SimpleData>
					<SimpleData name="Commune">UPAIX</SimpleData>
					<SimpleData name="Adresse">RIBAOUS</SimpleData>
					<SimpleData name="Groupe de personne">Etat</SimpleData>
					<SimpleData name="Forme Juridique Abregee">ETAT</SimpleData>
					<SimpleData name="Denomination">ETAT PAR DIRECTION DE L IMMOBILIER DE L ETAT</SimpleData>
				</SchemaData>
			</ExtendedData>
	<Region>
		<LatLonAltBox>
			<north> 44.3292102437917 </north>
			<south> 44.3290105045455 </south>
			<east> 5.897073325480499 </east>
			<west> 5.89667866140332 </west>
		</LatLonAltBox>
		<Lod>
			<minLodPixels>100</minLodPixels>
			<maxLodPixels>-1</maxLodPixels>
		</Lod>
	</Region>
			<Polygon><altitudeMode>relativeToGround</altitudeMode>
				<outerBoundaryIs>
					<LinearRing>
						<coordinates>							5.89667866140332,44.3291903259942,0 5.89668507573835,44.3292102437917,0 5.89687987199851,44.329154579706,0 5.89694556501603,44.329126366834,0 5.897073325480499,44.3290407620401,0 5.89705935503188,44.3290105045455,0 5.896966728399121,44.3290788800548,0 5.89689246329351,44.3291161461532,0 5.89667866140332,44.3291903259942,0 
						</coordinates>
					</LinearRing>
				</outerBoundaryIs>
			</Polygon>
		</Placemark>
		<Placemark id="parcelles-des-personnes-morales_05_groupe_personne_1.3499">
		<styleUrl>#ETAT</styleUrl>			<visibility>0</visibility>
			<ExtendedData>
				<SchemaData schemaUrl="#parcelles-des-personnes-morales_05_groupe_personne_1.schema">
					<SimpleData name="Numero de Parcelle">051730000B1383</SimpleData>
					<SimpleData name="Departement">05</SimpleData>
					<SimpleData name="Commune">UPAIX</SimpleData>
					<SimpleData name="Adresse">RIBAOUS</SimpleData>
					<SimpleData name="Groupe de personne">Etat</SimpleData>
					<SimpleData name="Forme Juridique Abregee">ETAT</SimpleData>
					<SimpleData name="Denomination">ETAT PAR DIRECTION DE L IMMOBILIER DE L ETAT</SimpleData>
				</SchemaData>
			</ExtendedData>
	<Region>
		<LatLonAltBox>
			<north> 44.3293757752112 </north>
			<south> 44.3292156567594 </south>
			<east> 5.896667658787731 </east>
			<west> 5.8962268440732 </west>
		</LatLonAltBox>
		<Lod>
			<minLodPixels>100</minLodPixels>
			<maxLodPixels>-1</maxLodPixels>
		</Lod>
	</Region>
			<Polygon><altitudeMode>relativeToGround</altitudeMode>
				<outerBoundaryIs>
					<LinearRing>
						<coordinates>							5.896655265042461,44.3292481401142,0 5.896667658787731,44.3292156567594,0 5.8962268440732,44.3293535540585,0 5.89623814454799,44.3293757752112,0 5.896655265042461,44.3292481401142,0 
						</coordinates>
					</LinearRing>
				</outerBoundaryIs>
			</Polygon>
		</Placemark>
		<Placemark id="parcelles-des-personnes-morales_05_groupe_personne_1.3501">
		<styleUrl>#ETAT</styleUrl>			<visibility>0</visibility>
			<ExtendedData>
				<SchemaData schemaUrl="#parcelles-des-personnes-morales_05_groupe_personne_1.schema">
					<SimpleData name="Numero de Parcelle">051730000B1384</SimpleData>
					<SimpleData name="Departement">05</SimpleData>
					<SimpleData name="Commune">UPAIX</SimpleData>
					<SimpleData name="Adresse">RIBAOUS</SimpleData>
					<SimpleData name="Groupe de personne">Etat</SimpleData>
					<SimpleData name="Forme Juridique Abregee">ETAT</SimpleData>
					<SimpleData name="Denomination">ETAT PAR DIRECTION DE L IMMOBILIER DE L ETAT</SimpleData>
				</SchemaData>
			</ExtendedData>
	<Region>
		<LatLonAltBox>
			<north> 44.3292481401142 </north>
			<south> 44.3290407620401 </south>
			<east> 5.89709235018944 </east>
			<west> 5.896655265042461 </west>
		</LatLonAltBox>
		<Lod>
			<minLodPixels>100</minLodPixels>
			<maxLodPixels>-1</maxLodPixels>
		</Lod>
	</Region>
			<Polygon><altitudeMode>relativeToGround</altitudeMode>
				<outerBoundaryIs>
					<LinearRing>
						<coordinates>							5.89709235018944,44.3290815152441,0 5.897073325480499,44.3290407620401,0 5.89694556501603,44.329126366834,0 5.89687987199851,44.329154579706,0 5.89668507573835,44.3292102437917,0 5.896667658787731,44.3292156567594,0 5.896655265042461,44.3292481401142,0 5.89670556141349,44.3292329435258,0 5.89700225161905,44.3291428883813,0 5.89709235018944,44.3290815152441,0 
						</coordinates>
					</LinearRing>
				</outerBoundaryIs>
			</Polygon>
		</Placemark>
		<Placemark id="parcelles-des-personnes-morales_05_groupe_personne_1.3503">
		<styleUrl>#ETAT</styleUrl>			<visibility>0</visibility>
			<ExtendedData>
				<SchemaData schemaUrl="#parcelles-des-personnes-morales_05_groupe_personne_1.schema">
					<SimpleData name="Numero de Parcelle">051730000B1385</SimpleData>
					<SimpleData name="Departement">05</SimpleData>
					<SimpleData name="Commune">UPAIX</SimpleData>
					<SimpleData name="Adresse">RIBAOUS</SimpleData>
					<SimpleData name="Groupe de personne">Etat</SimpleData>
					<SimpleData name="Forme Juridique Abregee">ETAT</SimpleData>
					<SimpleData name="Denomination">ETAT PAR DIRECTION DE L IMMOBILIER DE L ETAT</SimpleData>
				</SchemaData>
			</ExtendedData>
	<Region>
		<LatLonAltBox>
			<north> 44.3308204336746 </north>
			<south> 44.3306618057326 </south>
			<east> 5.89755179568082 </east>
			<west> 5.89722785091376 </west>
		</LatLonAltBox>
		<Lod>
			<minLodPixels>100</minLodPixels>
			<maxLodPixels>-1</maxLodPixels>
		</Lod>
	</Region>
			<Polygon><altitudeMode>relativeToGround</altitudeMode>
				<outerBoundaryIs>
					<LinearRing>
						<coordinates>							5.89723244182392,44.3307903353691,0 5.89722785091376,44.3307913570845,0 5.89723536146284,44.3308204336746,0 5.89746657783759,44.3307897507212,0 5.89752344601246,44.3307680753351,0 5.89752414455086,44.3307424755337,0 5.89753013420838,44.3307172767586,0 5.89754118733846,44.3306929353841,0 5.89755179568082,44.3306770728102,0 5.89751587747288,44.3306618057326,0 5.897511547716901,44.3306703869061,0 5.89750320789333,44.330750233258,0 5.89748388090839,44.3307600202951,0 5.89741391576831,44.3307685294654,0 5.89723244182392,44.3307903353691,0 
						</coordinates>
					</LinearRing>
				</outerBoundaryIs>
			</Polygon>
		</Placemark>
		<Placemark id="parcelles-des-personnes-morales_05_groupe_personne_1.3505">
		<styleUrl>#ETAT</styleUrl>			<visibility>0</visibility>
			<ExtendedData>
				<SchemaData schemaUrl="#parcelles-des-personnes-morales_05_groupe_personne_1.schema">
					<SimpleData name="Numero de Parcelle">051730000B1386</SimpleData>
					<SimpleData name="Departement">05</SimpleData>
					<SimpleData name="Commune">UPAIX</SimpleData>
					<SimpleData name="Adresse">RIBAOUS</SimpleData>
					<SimpleData name="Groupe de personne">Etat</SimpleData>
					<SimpleData name="Forme Juridique Abregee">ETAT</SimpleData>
					<SimpleData name="Denomination">ETAT PAR DIRECTION DE L IMMOBILIER DE L ETAT</SimpleData>
				</SchemaData>
			</ExtendedData>
	<Region>
		<LatLonAltBox>
			<north> 44.3308747259052 </north>
			<south> 44.3307913570845 </south>
			<east> 5.89723536146284 </east>
			<west> 5.89689325202695 </west>
		</LatLonAltBox>
		<Lod>
			<minLodPixels>100</minLodPixels>
			<maxLodPixels>-1</maxLodPixels>
		</Lod>
	</Region>
			<Polygon><altitudeMode>relativeToGround</altitudeMode>
				<outerBoundaryIs>
					<LinearRing>
						<coordinates>							5.89722785091376,44.3307913570845,0 5.89713208677274,44.3308131563719,0 5.89689325202695,44.3308568300165,0 5.896901194619479,44.3308747259052,0 5.897069958469549,44.3308473104567,0 5.89723536146284,44.3308204336746,0 5.89722785091376,44.3307913570845,0 
						</coordinates>
					</LinearRing>
				</outerBoundaryIs>
			</Polygon>
		</Placemark>
		<Placemark id="parcelles-des-personnes-morales_05_groupe_personne_1.3507">
		<styleUrl>#ETAT</styleUrl>			<visibility>0</visibility>
			<ExtendedData>
				<SchemaData schemaUrl="#parcelles-des-personnes-morales_05_groupe_personne_1.schema">
					<SimpleData name="Numero de Parcelle">051730000B1387</SimpleData>
					<SimpleData name="Departement">05</SimpleData>
					<SimpleData name="Commune">UPAIX</SimpleData>
					<SimpleData name="Adresse">RIBAOUS</SimpleData>
					<SimpleData name="Groupe de personne">Etat</SimpleData>
					<SimpleData name="Forme Juridique Abregee">ETAT</SimpleData>
					<SimpleData name="Denomination">ETAT PAR DIRECTION DE L IMMOBILIER DE L ETAT</SimpleData>
				</SchemaData>
			</ExtendedData>
	<Region>
		<LatLonAltBox>
			<north> 44.3308891532022 </north>
			<south> 44.3308473104567 </south>
			<east> 5.89707306639547 </east>
			<west> 5.896901194619479 </west>
		</LatLonAltBox>
		<Lod>
			<minLodPixels>100</minLodPixels>
			<maxLodPixels>-1</maxLodPixels>
		</Lod>
	</Region>
			<Polygon><altitudeMode>relativeToGround</altitudeMode>
				<outerBoundaryIs>
					<LinearRing>
						<coordinates>							5.89707306639547,44.3308614604731,0 5.897069958469549,44.3308473104567,0 5.896901194619479,44.3308747259052,0 5.89690745395908,44.3308891532022,0 5.89707306639547,44.3308614604731,0 
						</coordinates>
					</LinearRing>
				</outerBoundaryIs>
			</Polygon>
		</Placemark>
		<Placemark id="parcelles-des-personnes-morales_05_groupe_personne_1.3512">
		<styleUrl>#ETAT</styleUrl>			<visibility>0</visibility>
			<ExtendedData>
				<SchemaData schemaUrl="#parcelles-des-personnes-morales_05_groupe_personne_1.schema">
					<SimpleData name="Numero de Parcelle">051730000B1389</SimpleData>
					<SimpleData name="Departement">05</SimpleData>
					<SimpleData name="Commune">UPAIX</SimpleData>
					<SimpleData name="Adresse">RIBAOUS</SimpleData>
					<SimpleData name="Groupe de personne">Etat</SimpleData>
					<SimpleData name="Forme Juridique Abregee">ETAT</SimpleData>
					<SimpleData name="Denomination">ETAT PAR DIRECTION DE L IMMOBILIER DE L ETAT</SimpleData>
				</SchemaData>
			</ExtendedData>
	<Region>
		<LatLonAltBox>
			<north> 44.331804464253 </north>
			<south> 44.3306849696021 </south>
			<east> 5.89777653777625 </east>
			<west> 5.89707306639547 </west>
		</LatLonAltBox>
		<Lod>
			<minLodPixels>100</minLodPixels>
			<maxLodPixels>-1</maxLodPixels>
		</Lod>
	</Region>
			<Polygon><altitudeMode>relativeToGround</altitudeMode>
				<outerBoundaryIs>
					<LinearRing>
						<coordinates>							5.89777653777625,44.3317195374915,0 5.89754994148416,44.3310922789062,0 5.89760949535752,44.330890021717,0 5.897656617408909,44.3307219604357,0 5.89757001923792,44.3306849696021,0 5.89756875942178,44.3306995950036,0 5.89757824279,44.3307696939392,0 5.897529666684349,44.3307964652954,0 5.89707306639547,44.3308614604731,0 5.89728141931476,44.331804464253,0 5.89777653777625,44.3317195374915,0 
						</coordinates>
					</LinearRing>
				</outerBoundaryIs>
			</Polygon>
		</Placemark>
		<Placemark id="parcelles-des-personnes-morales_05_groupe_personne_1.3547">
		<styleUrl>#ETAT</styleUrl>			<visibility>0</visibility>
			<ExtendedData>
				<SchemaData schemaUrl="#parcelles-des-personnes-morales_05_groupe_personne_1.schema">
					<SimpleData name="Numero de Parcelle">051730000B1390</SimpleData>
					<SimpleData name="Departement">05</SimpleData>
					<SimpleData name="Commune">UPAIX</SimpleData>
					<SimpleData name="Adresse">RIBAOUS</SimpleData>
					<SimpleData name="Groupe de personne">Etat</SimpleData>
					<SimpleData name="Forme Juridique Abregee">ETAT</SimpleData>
					<SimpleData name="Denomination">ETAT PAR DIRECTION DE L IMMOBILIER DE L ETAT</SimpleData>
				</SchemaData>
			</ExtendedData>
	<Region>
		<LatLonAltBox>
			<north> 44.3308614604731 </north>
			<south> 44.3306770728102 </south>
			<east> 5.89757824279 </east>
			<west> 5.897069958469549 </west>
		</LatLonAltBox>
		<Lod>
			<minLodPixels>100</minLodPixels>
			<maxLodPixels>-1</maxLodPixels>
		</Lod>
	</Region>
			<Polygon><altitudeMode>relativeToGround</altitudeMode>
				<outerBoundaryIs>
					<LinearRing>
						<coordinates>							5.89707306639547,44.3308614604731,0 5.897529666684349,44.3307964652954,0 5.89757824279,44.3307696939392,0 5.89756875942178,44.3306995950036,0 5.89757001923792,44.3306849696021,0 5.89755179568082,44.3306770728102,0 5.89754118733846,44.3306929353841,0 5.89753013420838,44.3307172767586,0 5.89752414455086,44.3307424755337,0 5.89752344601246,44.3307680753351,0 5.89746657783759,44.3307897507212,0 5.89723536146284,44.3308204336746,0 5.897069958469549,44.3308473104567,0 5.89707306639547,44.3308614604731,0 
						</coordinates>
					</LinearRing>
				</outerBoundaryIs>
			</Polygon>
		</Placemark>
		<Placemark id="parcelles-des-personnes-morales_05_groupe_personne_1.3555">
		<styleUrl>#ETAT</styleUrl>			<visibility>0</visibility>
			<ExtendedData>
				<SchemaData schemaUrl="#parcelles-des-personnes-morales_05_groupe_personne_1.schema">
					<SimpleData name="Numero de Parcelle">051730000B1392</SimpleData>
					<SimpleData name="Departement">05</SimpleData>
					<SimpleData name="Commune">UPAIX</SimpleData>
					<SimpleData name="Adresse">RIBAOUS</SimpleData>
					<SimpleData name="Groupe de personne">Etat</SimpleData>
					<SimpleData name="Forme Juridique Abregee">ETAT</SimpleData>
					<SimpleData name="Denomination">ETAT PAR DIRECTION DE L IMMOBILIER DE L ETAT</SimpleData>
				</SchemaData>
			</ExtendedData>
	<Region>
		<LatLonAltBox>
			<north> 44.332818790681 </north>
			<south> 44.3317195374915 </south>
			<east> 5.898150230811569 </east>
			<west> 5.89728141931476 </west>
		</LatLonAltBox>
		<Lod>
			<minLodPixels>100</minLodPixels>
			<maxLodPixels>-1</maxLodPixels>
		</Lod>
	</Region>
			<Polygon><altitudeMode>relativeToGround</altitudeMode>
				<outerBoundaryIs>
					<LinearRing>
						<coordinates>							5.898150230811569,44.3327910444577,0 5.89777653777625,44.3317195374915,0 5.89728141931476,44.331804464253,0 5.897746802197471,44.332818790681,0 5.898150230811569,44.3327910444577,0 
						</coordinates>
					</LinearRing>
				</outerBoundaryIs>
			</Polygon>
		</Placemark>
		<Placemark id="parcelles-des-personnes-morales_05_groupe_personne_1.3566">
		<styleUrl>#ETAT</styleUrl>			<visibility>0</visibility>
			<ExtendedData>
				<SchemaData schemaUrl="#parcelles-des-personnes-morales_05_groupe_personne_1.schema">
					<SimpleData name="Numero de Parcelle">051730000B1396</SimpleData>
					<SimpleData name="Departement">05</SimpleData>
					<SimpleData name="Commune">UPAIX</SimpleData>
					<SimpleData name="Adresse">RIBAOUS</SimpleData>
					<SimpleData name="Groupe de personne">Etat</SimpleData>
					<SimpleData name="Forme Juridique Abregee">ETAT</SimpleData>
					<SimpleData name="Denomination">ETAT PAR DIRECTION DE L IMMOBILIER DE L ETAT</SimpleData>
				</SchemaData>
			</ExtendedData>
	<Region>
		<LatLonAltBox>
			<north> 44.3338547887564 </north>
			<south> 44.3334969150824 </south>
			<east> 5.898855984258291 </east>
			<west> 5.8977659278923 </west>
		</LatLonAltBox>
		<Lod>
			<minLodPixels>100</minLodPixels>
			<maxLodPixels>-1</maxLodPixels>
		</Lod>
	</Region>
			<Polygon><altitudeMode>relativeToGround</altitudeMode>
				<outerBoundaryIs>
					<LinearRing>
						<coordinates>							5.898560297350671,44.333626405173,0 5.898176206340429,44.3335882483087,0 5.8977659278923,44.3334969150824,0 5.89783064829882,44.3337022930583,0 5.89811685881864,44.3337209623298,0 5.89825806099809,44.3337409307164,0 5.898855984258291,44.3338547887564,0 5.898560297350671,44.333626405173,0 
						</coordinates>
					</LinearRing>
				</outerBoundaryIs>
			</Polygon>
		</Placemark>
		<Placemark id="parcelles-des-personnes-morales_05_groupe_personne_1.3680">
		<styleUrl>#ETAT</styleUrl>			<visibility>0</visibility>
			<ExtendedData>
				<SchemaData schemaUrl="#parcelles-des-personnes-morales_05_groupe_personne_1.schema">
					<SimpleData name="Numero de Parcelle">051730000B1400</SimpleData>
					<SimpleData name="Departement">05</SimpleData>
					<SimpleData name="Commune">UPAIX</SimpleData>
					<SimpleData name="Adresse">BLACHES CARGAS</SimpleData>
					<SimpleData name="Groupe de personne">Etat</SimpleData>
					<SimpleData name="Forme Juridique Abregee">ETAT</SimpleData>
					<SimpleData name="Denomination">ETAT PAR DIRECTION DE L IMMOBILIER DE L ETAT</SimpleData>
				</SchemaData>
			</ExtendedData>
	<Region>
		<LatLonAltBox>
			<north> 44.3371422251335 </north>
			<south> 44.3365366376473 </south>
			<east> 5.90004005548424 </east>
			<west> 5.89968512734347 </west>
		</LatLonAltBox>
		<Lod>
			<minLodPixels>100</minLodPixels>
			<maxLodPixels>-1</maxLodPixels>
		</Lod>
	</Region>
			<Polygon><altitudeMode>relativeToGround</altitudeMode>
				<outerBoundaryIs>
					<LinearRing>
						<coordinates>							5.89968512734347,44.3365366376473,0 5.89970378447726,44.3369035643885,0 5.90004005548424,44.3371422251335,0 5.89968512734347,44.3365366376473,0 
						</coordinates>
					</LinearRing>
				</outerBoundaryIs>
			</Polygon>
		</Placemark>
		<Placemark id="parcelles-des-personnes-morales_05_groupe_personne_1.3684">
		<styleUrl>#ETAT</styleUrl>			<visibility>0</visibility>
			<ExtendedData>
				<SchemaData schemaUrl="#parcelles-des-personnes-morales_05_groupe_personne_1.schema">
					<SimpleData name="Numero de Parcelle">051730000B1401</SimpleData>
					<SimpleData name="Departement">05</SimpleData>
					<SimpleData name="Commune">UPAIX</SimpleData>
					<SimpleData name="Adresse">BLACHES CARGAS</SimpleData>
					<SimpleData name="Groupe de personne">Etat</SimpleData>
					<SimpleData name="Forme Juridique Abregee">ETAT</SimpleData>
					<SimpleData name="Denomination">ETAT PAR DIRECTION DE L IMMOBILIER DE L ETAT</SimpleData>
				</SchemaData>
			</ExtendedData>
	<Region>
		<LatLonAltBox>
			<north> 44.3361679085772 </north>
			<south> 44.3348811627428 </south>
			<east> 5.89966650369329 </east>
			<west> 5.89898380653255 </west>
		</LatLonAltBox>
		<Lod>
			<minLodPixels>100</minLodPixels>
			<maxLodPixels>-1</maxLodPixels>
		</Lod>
	</Region>
			<Polygon><altitudeMode>relativeToGround</altitudeMode>
				<outerBoundaryIs>
					<LinearRing>
						<coordinates>							5.89898380653255,44.3348811627428,0 5.89909120672936,44.335356362499,0 5.89921808993778,44.3358885169028,0 5.89966650369329,44.3361679085772,0 5.89953218608915,44.3359196887534,0 5.899303303036301,44.3354887666112,0 5.89907962292881,44.335056445949,0 5.89898380653255,44.3348811627428,0 
						</coordinates>
					</LinearRing>
				</outerBoundaryIs>
			</Polygon>
		</Placemark>
		<Placemark id="parcelles-des-personnes-morales_05_groupe_personne_1.3691">
		<styleUrl>#ETAT</styleUrl>			<visibility>0</visibility>
			<ExtendedData>
				<SchemaData schemaUrl="#parcelles-des-personnes-morales_05_groupe_personne_1.schema">
					<SimpleData name="Numero de Parcelle">051730000B1403</SimpleData>
					<SimpleData name="Departement">05</SimpleData>
					<SimpleData name="Commune">UPAIX</SimpleData>
					<SimpleData name="Adresse">PRES ST MARTIN</SimpleData>
					<SimpleData name="Groupe de personne">Etat</SimpleData>
					<SimpleData name="Forme Juridique Abregee">ETAT</SimpleData>
					<SimpleData name="Denomination">ETAT PAR DIRECTION DE L IMMOBILIER DE L ETAT</SimpleData>
				</SchemaData>
			</ExtendedData>
	<Region>
		<LatLonAltBox>
			<north> 44.3015728534787 </north>
			<south> 44.3005553774385 </south>
			<east> 5.900959477362551 </east>
			<west> 5.900191640128549 </west>
		</LatLonAltBox>
		<Lod>
			<minLodPixels>100</minLodPixels>
			<maxLodPixels>-1</maxLodPixels>
		</Lod>
	</Region>
			<Polygon><altitudeMode>relativeToGround</altitudeMode>
				<outerBoundaryIs>
					<LinearRing>
						<coordinates>							5.90091712281108,44.3013942754134,0 5.900959477362551,44.3005553774385,0 5.9002868847786,44.3005761014698,0 5.900261872669319,44.3006755728638,0 5.90024735495558,44.3011737958328,0 5.900191640128549,44.3015728534787,0 5.90025472406027,44.3015580379465,0 5.90091712281108,44.3013942754134,0 
						</coordinates>
					</LinearRing>
				</outerBoundaryIs>
			</Polygon>
		</Placemark>
		<Placemark id="parcelles-des-personnes-morales_05_groupe_personne_1.3699">
		<styleUrl>#ETAT</styleUrl>			<visibility>0</visibility>
			<ExtendedData>
				<SchemaData schemaUrl="#parcelles-des-personnes-morales_05_groupe_personne_1.schema">
					<SimpleData name="Numero de Parcelle">051730000B1405</SimpleData>
					<SimpleData name="Departement">05</SimpleData>
					<SimpleData name="Commune">UPAIX</SimpleData>
					<SimpleData name="Adresse">PRES ST MARTIN</SimpleData>
					<SimpleData name="Groupe de personne">Etat</SimpleData>
					<SimpleData name="Forme Juridique Abregee">ETAT</SimpleData>
					<SimpleData name="Denomination">ETAT PAR DIRECTION DE L IMMOBILIER DE L ETAT</SimpleData>
				</SchemaData>
			</ExtendedData>
	<Region>
		<LatLonAltBox>
			<north> 44.3032243467466 </north>
			<south> 44.3013942754134 </south>
			<east> 5.90091712281108 </east>
			<west> 5.90019555940479 </west>
		</LatLonAltBox>
		<Lod>
			<minLodPixels>100</minLodPixels>
			<maxLodPixels>-1</maxLodPixels>
		</Lod>
	</Region>
			<Polygon><altitudeMode>relativeToGround</altitudeMode>
				<outerBoundaryIs>
					<LinearRing>
						<coordinates>							5.90084592252548,44.3029464223804,0 5.90091712281108,44.3013942754134,0 5.90025472406027,44.3015580379465,0 5.90024902999453,44.3016085396757,0 5.90023384468968,44.3017726051978,0 5.90022394314767,44.3019369816689,0 5.9002026736052,44.3025753584297,0 5.90019737455299,44.3027610511733,0 5.90019555940479,44.3029927700119,0 5.900199130459439,44.3032243467466,0 5.90084592252548,44.3029464223804,0 
						</coordinates>
					</LinearRing>
				</outerBoundaryIs>
			</Polygon>
		</Placemark>
		<Placemark id="parcelles-des-personnes-morales_05_groupe_personne_1.3703">
		<styleUrl>#ETAT</styleUrl>			<visibility>0</visibility>
			<ExtendedData>
				<SchemaData schemaUrl="#parcelles-des-personnes-morales_05_groupe_personne_1.schema">
					<SimpleData name="Numero de Parcelle">051730000B1407</SimpleData>
					<SimpleData name="Departement">05</SimpleData>
					<SimpleData name="Commune">UPAIX</SimpleData>
					<SimpleData name="Adresse">PRES ST MARTIN</SimpleData>
					<SimpleData name="Groupe de personne">Etat</SimpleData>
					<SimpleData name="Forme Juridique Abregee">ETAT</SimpleData>
					<SimpleData name="Denomination">ETAT PAR DIRECTION DE L IMMOBILIER DE L ETAT</SimpleData>
				</SchemaData>
			</ExtendedData>
	<Region>
		<LatLonAltBox>
			<north> 44.3044073920716 </north>
			<south> 44.3029464223804 </south>
			<east> 5.90102092105875 </east>
			<west> 5.900199130459439 </west>
		</LatLonAltBox>
		<Lod>
			<minLodPixels>100</minLodPixels>
			<maxLodPixels>-1</maxLodPixels>
		</Lod>
	</Region>
			<Polygon><altitudeMode>relativeToGround</altitudeMode>
				<outerBoundaryIs>
					<LinearRing>
						<coordinates>							5.90084592252548,44.3029464223804,0 5.900199130459439,44.3032243467466,0 5.900205280088519,44.3035038650487,0 5.9002166421272,44.3037773910188,0 5.90032176186269,44.3043339784799,0 5.90044794081647,44.3044073920716,0 5.90102092105875,44.3038413753642,0 5.900802257965401,44.3038161611787,0 5.90084592252548,44.3029464223804,0 
						</coordinates>
					</LinearRing>
				</outerBoundaryIs>
			</Polygon>
		</Placemark>
		<Placemark id="parcelles-des-personnes-morales_05_groupe_personne_1.3707">
		<styleUrl>#ETAT</styleUrl>			<visibility>0</visibility>
			<ExtendedData>
				<SchemaData schemaUrl="#parcelles-des-personnes-morales_05_groupe_personne_1.schema">
					<SimpleData name="Numero de Parcelle">051730000B1408</SimpleData>
					<SimpleData name="Departement">05</SimpleData>
					<SimpleData name="Commune">UPAIX</SimpleData>
					<SimpleData name="Adresse">PRES ST MARTIN</SimpleData>
					<SimpleData name="Groupe de personne">Etat</SimpleData>
					<SimpleData name="Forme Juridique Abregee">ETAT</SimpleData>
					<SimpleData name="Denomination">ETAT PAR DIRECTION DE L IMMOBILIER DE L ETAT</SimpleData>
				</SchemaData>
			</ExtendedData>
	<Region>
		<LatLonAltBox>
			<north> 44.3044217512703 </north>
			<south> 44.3043339784799 </south>
			<east> 5.90044794081647 </east>
			<west> 5.90032176186269 </west>
		</LatLonAltBox>
		<Lod>
			<minLodPixels>100</minLodPixels>
			<maxLodPixels>-1</maxLodPixels>
		</Lod>
	</Region>
			<Polygon><altitudeMode>relativeToGround</altitudeMode>
				<outerBoundaryIs>
					<LinearRing>
						<coordinates>							5.90044794081647,44.3044073920716,0 5.90032176186269,44.3043339784799,0 5.90032985402436,44.3043425922231,0 5.900357563954161,44.3043791517633,0 5.90043287111799,44.3044217512703,0 5.90044794081647,44.3044073920716,0 
						</coordinates>
					</LinearRing>
				</outerBoundaryIs>
			</Polygon>
		</Placemark>
		<Placemark id="parcelles-des-personnes-morales_05_groupe_personne_1.3745">
		<styleUrl>#ETAT</styleUrl>			<visibility>0</visibility>
			<ExtendedData>
				<SchemaData schemaUrl="#parcelles-des-personnes-morales_05_groupe_personne_1.schema">
					<SimpleData name="Numero de Parcelle">051730000B1411</SimpleData>
					<SimpleData name="Departement">05</SimpleData>
					<SimpleData name="Commune">UPAIX</SimpleData>
					<SimpleData name="Adresse">PRES ST MARTIN</SimpleData>
					<SimpleData name="Groupe de personne">Etat</SimpleData>
					<SimpleData name="Forme Juridique Abregee">ETAT</SimpleData>
					<SimpleData name="Denomination">ETAT PAR DIRECTION DE L IMMOBILIER DE L ETAT</SimpleData>
				</SchemaData>
			</ExtendedData>
	<Region>
		<LatLonAltBox>
			<north> 44.3022892921381 </north>
			<south> 44.3020125900026 </south>
			<east> 5.898696247075321 </east>
			<west> 5.89861355827984 </west>
		</LatLonAltBox>
		<Lod>
			<minLodPixels>100</minLodPixels>
			<maxLodPixels>-1</maxLodPixels>
		</Lod>
	</Region>
			<Polygon><altitudeMode>relativeToGround</altitudeMode>
				<outerBoundaryIs>
					<LinearRing>
						<coordinates>							5.898696247075321,44.3022387698963,0 5.89863149887085,44.3020125900026,0 5.89861355827984,44.3020149547228,0 5.898693186590399,44.3022892921381,0 5.898696247075321,44.3022387698963,0 
						</coordinates>
					</LinearRing>
				</outerBoundaryIs>
			</Polygon>
		</Placemark>
		<Placemark id="parcelles-des-personnes-morales_05_groupe_personne_1.3747">
		<styleUrl>#ETAT</styleUrl>			<visibility>0</visibility>
			<ExtendedData>
				<SchemaData schemaUrl="#parcelles-des-personnes-morales_05_groupe_personne_1.schema">
					<SimpleData name="Numero de Parcelle">051730000B1412</SimpleData>
					<SimpleData name="Departement">05</SimpleData>
					<SimpleData name="Commune">UPAIX</SimpleData>
					<SimpleData name="Adresse">PRES ST MARTIN</SimpleData>
					<SimpleData name="Groupe de personne">Etat</SimpleData>
					<SimpleData name="Forme Juridique Abregee">ETAT</SimpleData>
					<SimpleData name="Denomination">ETAT PAR DIRECTION DE L IMMOBILIER DE L ETAT</SimpleData>
				</SchemaData>
			</ExtendedData>
	<Region>
		<LatLonAltBox>
			<north> 44.3060374275115 </north>
			<south> 44.3046354180769 </south>
			<east> 5.90562968240847 </east>
			<west> 5.9007949136841 </west>
		</LatLonAltBox>
		<Lod>
			<minLodPixels>100</minLodPixels>
			<maxLodPixels>-1</maxLodPixels>
		</Lod>
	</Region>
			<Polygon><altitudeMode>relativeToGround</altitudeMode>
				<outerBoundaryIs>
					<LinearRing>
						<coordinates>							5.90225253957446,44.3047894998294,0 5.90213030329565,44.3047221091652,0 5.9020537778995,44.3047071957758,0 5.9018058959629,44.3046968966422,0 5.901696919013581,44.3046924777373,0 5.90169750388054,44.3047039017427,0 5.9013876458168,44.3046909142935,0 5.90087087124608,44.304669065531,0 5.90081132442452,44.3046354180769,0 5.9007949136841,44.304650533316,0 5.90080317918633,44.3046551791829,0 5.90087331074587,44.3046946723333,0 5.901320330072619,44.3047113366585,0 5.901704467079,44.3047296593312,0 5.90206235964812,44.3047474125879,0 5.902130166371251,44.3047659790138,0 5.90231107006804,44.3048645175252,0 5.902487193971901,44.3049554355835,0 5.903200747989481,44.3053023822877,0 5.903597394556131,44.3055035795605,0 5.903606156866861,44.305508122029,0 5.90374166087636,44.3055210258747,0 5.903958720383811,44.3055098867094,0 5.90405998873606,44.3055131559785,0 5.90413511559623,44.3055252225884,0 5.90418077440306,44.3055325732381,0 5.904253542420409,44.3055646986406,0 5.90434306444645,44.3056080008993,0 5.90442923589003,44.3056544541635,0 5.90451548904703,44.3056927084222,0 5.90517086583669,44.3059418281354,0 5.905379753724901,44.305998818429,0 5.90562633417395,44.3060374275115,0 5.90562968240847,44.3060122081836,0 5.90557041121642,44.3060035966251,0 5.90547356768829,44.3059863402652,0 5.90537791770435,44.3059654492885,0 5.90528409222563,44.305940997095,0 5.90519221192307,44.3059128904259,0 5.905102541176719,44.3058813925225,0 5.90453821349286,44.3056490522748,0 5.90420846790649,44.3055026573463,0 5.904110142838299,44.3054662530986,0 5.90399221457614,44.3054487419095,0 5.90391461988047,44.3054497111363,0 5.903648725853979,44.3054747507761,0 5.90360539022877,44.3054711216644,0 5.903481463740619,44.3054124242008,0 5.902422399040081,44.3048830154053,0 5.90225253957446,44.3047894998294,0 
						</coordinates>
					</LinearRing>
				</outerBoundaryIs>
			</Polygon>
		</Placemark>
		<Placemark id="parcelles-des-personnes-morales_05_groupe_personne_1.3750">
		<styleUrl>#ETAT</styleUrl>			<visibility>0</visibility>
			<ExtendedData>
				<SchemaData schemaUrl="#parcelles-des-personnes-morales_05_groupe_personne_1.schema">
					<SimpleData name="Numero de Parcelle">051730000B1414</SimpleData>
					<SimpleData name="Departement">05</SimpleData>
					<SimpleData name="Commune">UPAIX</SimpleData>
					<SimpleData name="Adresse">PRES ST MARTIN</SimpleData>
					<SimpleData name="Groupe de personne">Etat</SimpleData>
					<SimpleData name="Forme Juridique Abregee">ETAT</SimpleData>
					<SimpleData name="Denomination">ETAT PAR DIRECTION DE L IMMOBILIER DE L ETAT</SimpleData>
				</SchemaData>
			</ExtendedData>
	<Region>
		<LatLonAltBox>
			<north> 44.304650533316 </north>
			<south> 44.3043791517633 </south>
			<east> 5.90081132442452 </east>
			<west> 5.900357563954161 </west>
		</LatLonAltBox>
		<Lod>
			<minLodPixels>100</minLodPixels>
			<maxLodPixels>-1</maxLodPixels>
		</Lod>
	</Region>
			<Polygon><altitudeMode>relativeToGround</altitudeMode>
				<outerBoundaryIs>
					<LinearRing>
						<coordinates>							5.9007949136841,44.304650533316,0 5.90081132442452,44.3046354180769,0 5.90043287111799,44.3044217512703,0 5.900357563954161,44.3043791517633,0 5.90039011943588,44.3044221588542,0 5.9007949136841,44.304650533316,0 
						</coordinates>
					</LinearRing>
				</outerBoundaryIs>
			</Polygon>
		</Placemark>
		<Placemark id="parcelles-des-personnes-morales_05_groupe_personne_1.3752">
		<styleUrl>#ETAT</styleUrl>			<visibility>0</visibility>
			<ExtendedData>
				<SchemaData schemaUrl="#parcelles-des-personnes-morales_05_groupe_personne_1.schema">
					<SimpleData name="Numero de Parcelle">051730000B1415</SimpleData>
					<SimpleData name="Departement">05</SimpleData>
					<SimpleData name="Commune">UPAIX</SimpleData>
					<SimpleData name="Adresse">PRES ST MARTIN</SimpleData>
					<SimpleData name="Groupe de personne">Etat</SimpleData>
					<SimpleData name="Forme Juridique Abregee">ETAT</SimpleData>
					<SimpleData name="Denomination">ETAT PAR DIRECTION DE L IMMOBILIER DE L ETAT</SimpleData>
				</SchemaData>
			</ExtendedData>
	<Region>
		<LatLonAltBox>
			<north> 44.3046909142935 </north>
			<south> 44.3044073920716 </south>
			<east> 5.901387817201289 </east>
			<west> 5.90043287111799 </west>
		</LatLonAltBox>
		<Lod>
			<minLodPixels>100</minLodPixels>
			<maxLodPixels>-1</maxLodPixels>
		</Lod>
	</Region>
			<Polygon><altitudeMode>relativeToGround</altitudeMode>
				<outerBoundaryIs>
					<LinearRing>
						<coordinates>							5.90081132442452,44.3046354180769,0 5.90087087124608,44.304669065531,0 5.9013876458168,44.3046909142935,0 5.901387817201289,44.3046795603991,0 5.900893494347951,44.3046650456081,0 5.90044794081647,44.3044073920716,0 5.90043287111799,44.3044217512703,0 5.90081132442452,44.3046354180769,0 
						</coordinates>
					</LinearRing>
				</outerBoundaryIs>
			</Polygon>
		</Placemark>
		<Placemark id="parcelles-des-personnes-morales_05_groupe_personne_1.3754">
		<styleUrl>#ETAT</styleUrl>			<visibility>0</visibility>
			<ExtendedData>
				<SchemaData schemaUrl="#parcelles-des-personnes-morales_05_groupe_personne_1.schema">
					<SimpleData name="Numero de Parcelle">051730000B1416</SimpleData>
					<SimpleData name="Departement">05</SimpleData>
					<SimpleData name="Commune">UPAIX</SimpleData>
					<SimpleData name="Adresse">PRES ST MARTIN</SimpleData>
					<SimpleData name="Groupe de personne">Etat</SimpleData>
					<SimpleData name="Forme Juridique Abregee">ETAT</SimpleData>
					<SimpleData name="Denomination">ETAT PAR DIRECTION DE L IMMOBILIER DE L ETAT</SimpleData>
				</SchemaData>
			</ExtendedData>
	<Region>
		<LatLonAltBox>
			<north> 44.3023572314374 </north>
			<south> 44.3020149547228 </south>
			<east> 5.898693186590399 </east>
			<west> 5.89798495273326 </west>
		</LatLonAltBox>
		<Lod>
			<minLodPixels>100</minLodPixels>
			<maxLodPixels>-1</maxLodPixels>
		</Lod>
	</Region>
			<Polygon><altitudeMode>relativeToGround</altitudeMode>
				<outerBoundaryIs>
					<LinearRing>
						<coordinates>							5.898693186590399,44.3022892921381,0 5.89861355827984,44.3020149547228,0 5.89830925515895,44.3020538753593,0 5.89798495273326,44.3020917011541,0 5.89798804307743,44.3021006270788,0 5.89859418856844,44.3020286163978,0 5.898688884552439,44.3023572314374,0 5.898693186590399,44.3022892921381,0 
						</coordinates>
					</LinearRing>
				</outerBoundaryIs>
			</Polygon>
		</Placemark>
		<Placemark id="parcelles-des-personnes-morales_05_groupe_personne_1.3755">
		<styleUrl>#ETAT</styleUrl>			<visibility>0</visibility>
			<ExtendedData>
				<SchemaData schemaUrl="#parcelles-des-personnes-morales_05_groupe_personne_1.schema">
					<SimpleData name="Numero de Parcelle">051730000B1417</SimpleData>
					<SimpleData name="Departement">05</SimpleData>
					<SimpleData name="Commune">UPAIX</SimpleData>
					<SimpleData name="Adresse">PRES ST MARTIN</SimpleData>
					<SimpleData name="Groupe de personne">Etat</SimpleData>
					<SimpleData name="Forme Juridique Abregee">ETAT</SimpleData>
					<SimpleData name="Denomination">ETAT PAR DIRECTION DE L IMMOBILIER DE L ETAT</SimpleData>
				</SchemaData>
			</ExtendedData>
	<Region>
		<LatLonAltBox>
			<north> 44.3023797431392 </north>
			<south> 44.3020917011541 </south>
			<east> 5.89798804307743 </east>
			<west> 5.89687441351271 </west>
		</LatLonAltBox>
		<Lod>
			<minLodPixels>100</minLodPixels>
			<maxLodPixels>-1</maxLodPixels>
		</Lod>
	</Region>
			<Polygon><altitudeMode>relativeToGround</altitudeMode>
				<outerBoundaryIs>
					<LinearRing>
						<coordinates>							5.89688876436244,44.3023797431392,0 5.89694319967077,44.3023012049116,0 5.89697993235006,44.3022615949088,0 5.89706648233721,44.3022175191457,0 5.89721271999515,44.3021927670893,0 5.89798804307743,44.3021006270788,0 5.89798495273326,44.3020917011541,0 5.89709751186481,44.3022012985467,0 5.89704682241937,44.3022156954462,0 5.89696577921525,44.3022595359679,0 5.89687441351271,44.3023738162117,0 5.89688876436244,44.3023797431392,0 
						</coordinates>
					</LinearRing>
				</outerBoundaryIs>
			</Polygon>
		</Placemark>
		<Placemark id="parcelles-des-personnes-morales_05_groupe_personne_1.3756">
		<styleUrl>#ETAT</styleUrl>			<visibility>0</visibility>
			<ExtendedData>
				<SchemaData schemaUrl="#parcelles-des-personnes-morales_05_groupe_personne_1.schema">
					<SimpleData name="Numero de Parcelle">051730000B1419</SimpleData>
					<SimpleData name="Departement">05</SimpleData>
					<SimpleData name="Commune">UPAIX</SimpleData>
					<SimpleData name="Adresse">PRES ST MARTIN</SimpleData>
					<SimpleData name="Groupe de personne">Etat</SimpleData>
					<SimpleData name="Forme Juridique Abregee">ETAT</SimpleData>
					<SimpleData name="Denomination">ETAT PAR DIRECTION DE L IMMOBILIER DE L ETAT</SimpleData>
				</SchemaData>
			</ExtendedData>
	<Region>
		<LatLonAltBox>
			<north> 44.3046795603991 </north>
			<south> 44.3038413753642 </south>
			<east> 5.9016806146718 </east>
			<west> 5.90044794081647 </west>
		</LatLonAltBox>
		<Lod>
			<minLodPixels>100</minLodPixels>
			<maxLodPixels>-1</maxLodPixels>
		</Lod>
	</Region>
			<Polygon><altitudeMode>relativeToGround</altitudeMode>
				<outerBoundaryIs>
					<LinearRing>
						<coordinates>							5.90102092105875,44.3038413753642,0 5.90044794081647,44.3044073920716,0 5.900893494347951,44.3046650456081,0 5.901387817201289,44.3046795603991,0 5.901393680641621,44.3043677483302,0 5.9016806146718,44.3043789089183,0 5.90165810466081,44.3039147195242,0 5.90102092105875,44.3038413753642,0 
						</coordinates>
					</LinearRing>
				</outerBoundaryIs>
			</Polygon>
		</Placemark>
		<Placemark id="parcelles-des-personnes-morales_05_groupe_personne_1.3793">
		<styleUrl>#ETAT</styleUrl>			<visibility>0</visibility>
			<ExtendedData>
				<SchemaData schemaUrl="#parcelles-des-personnes-morales_05_groupe_personne_1.schema">
					<SimpleData name="Numero de Parcelle">051730000B1425</SimpleData>
					<SimpleData name="Departement">05</SimpleData>
					<SimpleData name="Commune">UPAIX</SimpleData>
					<SimpleData name="Adresse">ROUREBEAU</SimpleData>
					<SimpleData name="Groupe de personne">Etat</SimpleData>
					<SimpleData name="Forme Juridique Abregee">ETAT</SimpleData>
					<SimpleData name="Denomination">ETAT PAR DIRECTION DE L IMMOBILIER DE L ETAT</SimpleData>
				</SchemaData>
			</ExtendedData>
	<Region>
		<LatLonAltBox>
			<north> 44.3186292199506 </north>
			<south> 44.3165963704431 </south>
			<east> 5.895219618900521 </east>
			<west> 5.89322722338457 </west>
		</LatLonAltBox>
		<Lod>
			<minLodPixels>100</minLodPixels>
			<maxLodPixels>-1</maxLodPixels>
		</Lod>
	</Region>
			<Polygon><altitudeMode>relativeToGround</altitudeMode>
				<outerBoundaryIs>
					<LinearRing>
						<coordinates>							5.894528996064929,44.3165963704431,0 5.8942523705557,44.3168348751267,0 5.893988965177261,44.3171504952159,0 5.89402661676201,44.317295695117,0 5.89405705966342,44.3174815282938,0 5.89404690349828,44.3175504325155,0 5.894031162999891,44.317622996656,0 5.89401011879934,44.3176948897432,0 5.89398377631011,44.3177465654376,0 5.89393844427117,44.3178268442932,0 5.893888147553231,44.3179057225495,0 5.893813502704659,44.3180016352802,0 5.893785497752491,44.3180281337911,0 5.893692959083279,44.3180881272973,0 5.893575123291821,44.3181514888005,0 5.89322722338457,44.3183089080121,0 5.893372479889301,44.3183083278279,0 5.8934914268101,44.3182863716346,0 5.893542810857711,44.318295107562,0 5.89362416976625,44.3183355714436,0 5.89391142147039,44.3186292199506,0 5.894153293119401,44.3186214115831,0 5.89428098018849,44.3184414136299,0 5.894508699491049,44.3181270926496,0 5.894740898039261,44.3178145448019,0 5.89497795625465,44.3175038501128,0 5.895219618900521,44.317194925196,0 5.895112541422151,44.317093078404,0 5.895032358243649,44.3169945766385,0 5.89481449027513,44.316823767592,0 5.894764697434579,44.3167626570437,0 5.89468573917695,44.3167126730279,0 5.89461027205012,44.3166598047236,0 5.894528996064929,44.3165963704431,0 
						</coordinates>
					</LinearRing>
				</outerBoundaryIs>
			</Polygon>
		</Placemark>
		<Placemark id="parcelles-des-personnes-morales_05_groupe_personne_1.3798">
		<styleUrl>#ETAT</styleUrl>			<visibility>0</visibility>
			<ExtendedData>
				<SchemaData schemaUrl="#parcelles-des-personnes-morales_05_groupe_personne_1.schema">
					<SimpleData name="Numero de Parcelle">051730000B1427</SimpleData>
					<SimpleData name="Departement">05</SimpleData>
					<SimpleData name="Commune">UPAIX</SimpleData>
					<SimpleData name="Adresse">ROUREBEAU</SimpleData>
					<SimpleData name="Groupe de personne">Etat</SimpleData>
					<SimpleData name="Forme Juridique Abregee">ETAT</SimpleData>
					<SimpleData name="Denomination">ETAT PAR DIRECTION DE L IMMOBILIER DE L ETAT</SimpleData>
				</SchemaData>
			</ExtendedData>
	<Region>
		<LatLonAltBox>
			<north> 44.3194883053372 </north>
			<south> 44.3186057535267 </south>
			<east> 5.894153293119401 </east>
			<west> 5.893410721238399 </west>
		</LatLonAltBox>
		<Lod>
			<minLodPixels>100</minLodPixels>
			<maxLodPixels>-1</maxLodPixels>
		</Lod>
	</Region>
			<Polygon><altitudeMode>relativeToGround</altitudeMode>
				<outerBoundaryIs>
					<LinearRing>
						<coordinates>							5.89391142147039,44.3186292199506,0 5.89371805787971,44.3186262931409,0 5.893567581756979,44.3186057535267,0 5.89380819852017,44.3187895677421,0 5.89370668660157,44.3188532202843,0 5.8935903339246,44.3189260005869,0 5.89355884153329,44.3189382689572,0 5.893513154517369,44.3190288254967,0 5.893459397604821,44.3191456259877,0 5.893410721238399,44.3192636438601,0 5.89342927810106,44.3193887195554,0 5.893423802758591,44.3194584013069,0 5.89341346049448,44.3194819127671,0 5.893670238611321,44.3194883053372,0 5.893875651803419,44.319007304152,0 5.894153293119401,44.3186214115831,0 5.89391142147039,44.3186292199506,0 
						</coordinates>
					</LinearRing>
				</outerBoundaryIs>
			</Polygon>
		</Placemark>
		<Placemark id="parcelles-des-personnes-morales_05_groupe_personne_1.3802">
		<styleUrl>#ETAT</styleUrl>			<visibility>0</visibility>
			<ExtendedData>
				<SchemaData schemaUrl="#parcelles-des-personnes-morales_05_groupe_personne_1.schema">
					<SimpleData name="Numero de Parcelle">051730000B1429</SimpleData>
					<SimpleData name="Departement">05</SimpleData>
					<SimpleData name="Commune">UPAIX</SimpleData>
					<SimpleData name="Adresse">ROUREBEAU</SimpleData>
					<SimpleData name="Groupe de personne">Etat</SimpleData>
					<SimpleData name="Forme Juridique Abregee">ETAT</SimpleData>
					<SimpleData name="Denomination">ETAT PAR DIRECTION DE L IMMOBILIER DE L ETAT</SimpleData>
				</SchemaData>
			</ExtendedData>
	<Region>
		<LatLonAltBox>
			<north> 44.3205996934327 </north>
			<south> 44.3194819127671 </south>
			<east> 5.893670238611321 </east>
			<west> 5.89241649867454 </west>
		</LatLonAltBox>
		<Lod>
			<minLodPixels>100</minLodPixels>
			<maxLodPixels>-1</maxLodPixels>
		</Lod>
	</Region>
			<Polygon><altitudeMode>relativeToGround</altitudeMode>
				<outerBoundaryIs>
					<LinearRing>
						<coordinates>							5.893670238611321,44.3194883053372,0 5.89341346049448,44.3194819127671,0 5.893402667559031,44.3195064269088,0 5.89320305185071,44.3197546116977,0 5.893118688161989,44.3198814051036,0 5.893066989379149,44.3199820278786,0 5.8929997433757,44.3201541286749,0 5.89295602304134,44.3203299339662,0 5.89291258646104,44.3203736822779,0 5.892588836184141,44.3205202853264,0 5.89241649867454,44.3205582371994,0 5.89288755646005,44.320578900539,0 5.89301192330388,44.3205843652143,0 5.89316878815243,44.3205996934327,0 5.89346077640723,44.3199760782508,0 5.893670238611321,44.3194883053372,0 
						</coordinates>
					</LinearRing>
				</outerBoundaryIs>
			</Polygon>
		</Placemark>
		<Placemark id="parcelles-des-personnes-morales_05_groupe_personne_1.3833">
		<styleUrl>#ETAT</styleUrl>			<visibility>0</visibility>
			<ExtendedData>
				<SchemaData schemaUrl="#parcelles-des-personnes-morales_05_groupe_personne_1.schema">
					<SimpleData name="Numero de Parcelle">051730000B1430</SimpleData>
					<SimpleData name="Departement">05</SimpleData>
					<SimpleData name="Commune">UPAIX</SimpleData>
					<SimpleData name="Adresse">ROUREBEAU</SimpleData>
					<SimpleData name="Groupe de personne">Etat</SimpleData>
					<SimpleData name="Forme Juridique Abregee">ETAT</SimpleData>
					<SimpleData name="Denomination">ETAT PAR DIRECTION DE L IMMOBILIER DE L ETAT</SimpleData>
				</SchemaData>
			</ExtendedData>
	<Region>
		<LatLonAltBox>
			<north> 44.3206132722408 </north>
			<south> 44.320578900539 </south>
			<east> 5.89316878815243 </east>
			<west> 5.89288755646005 </west>
		</LatLonAltBox>
		<Lod>
			<minLodPixels>100</minLodPixels>
			<maxLodPixels>-1</maxLodPixels>
		</Lod>
	</Region>
			<Polygon><altitudeMode>relativeToGround</altitudeMode>
				<outerBoundaryIs>
					<LinearRing>
						<coordinates>							5.89316878815243,44.3205996934327,0 5.89301192330388,44.3205843652143,0 5.89288755646005,44.320578900539,0 5.893166219311711,44.3206132722408,0 5.89316878815243,44.3205996934327,0 
						</coordinates>
					</LinearRing>
				</outerBoundaryIs>
			</Polygon>
		</Placemark>
		<Placemark id="parcelles-des-personnes-morales_05_groupe_personne_1.3837">
		<styleUrl>#ETAT</styleUrl>			<visibility>0</visibility>
			<ExtendedData>
				<SchemaData schemaUrl="#parcelles-des-personnes-morales_05_groupe_personne_1.schema">
					<SimpleData name="Numero de Parcelle">051730000B1431</SimpleData>
					<SimpleData name="Departement">05</SimpleData>
					<SimpleData name="Commune">UPAIX</SimpleData>
					<SimpleData name="Adresse">ROUREBEAU</SimpleData>
					<SimpleData name="Groupe de personne">Etat</SimpleData>
					<SimpleData name="Forme Juridique Abregee">ETAT</SimpleData>
					<SimpleData name="Denomination">ETAT PAR DIRECTION DE L IMMOBILIER DE L ETAT</SimpleData>
				</SchemaData>
			</ExtendedData>
	<Region>
		<LatLonAltBox>
			<north> 44.317194925196 </north>
			<south> 44.3167626570437 </south>
			<east> 5.89523240009092 </east>
			<west> 5.894764697434579 </west>
		</LatLonAltBox>
		<Lod>
			<minLodPixels>100</minLodPixels>
			<maxLodPixels>-1</maxLodPixels>
		</Lod>
	</Region>
			<Polygon><altitudeMode>relativeToGround</altitudeMode>
				<outerBoundaryIs>
					<LinearRing>
						<coordinates>							5.895219618900521,44.317194925196,0 5.89523240009092,44.3171823384366,0 5.89507875221227,44.3170235298734,0 5.894764697434579,44.3167626570437,0 5.89481449027513,44.316823767592,0 5.895032358243649,44.3169945766385,0 5.895112541422151,44.317093078404,0 5.895219618900521,44.317194925196,0 
						</coordinates>
					</LinearRing>
				</outerBoundaryIs>
			</Polygon>
		</Placemark>
		<Placemark id="parcelles-des-personnes-morales_05_groupe_personne_1.3841">
		<styleUrl>#ETAT</styleUrl>			<visibility>0</visibility>
			<ExtendedData>
				<SchemaData schemaUrl="#parcelles-des-personnes-morales_05_groupe_personne_1.schema">
					<SimpleData name="Numero de Parcelle">051730000B1433</SimpleData>
					<SimpleData name="Departement">05</SimpleData>
					<SimpleData name="Commune">UPAIX</SimpleData>
					<SimpleData name="Adresse">ROUREBEAU</SimpleData>
					<SimpleData name="Groupe de personne">Etat</SimpleData>
					<SimpleData name="Forme Juridique Abregee">ETAT</SimpleData>
					<SimpleData name="Denomination">ETAT PAR DIRECTION DE L IMMOBILIER DE L ETAT</SimpleData>
				</SchemaData>
			</ExtendedData>
	<Region>
		<LatLonAltBox>
			<north> 44.3164089621726 </north>
			<south> 44.3151047323578 </south>
			<east> 5.8961321984311 </east>
			<west> 5.89534519034204 </west>
		</LatLonAltBox>
		<Lod>
			<minLodPixels>100</minLodPixels>
			<maxLodPixels>-1</maxLodPixels>
		</Lod>
	</Region>
			<Polygon><altitudeMode>relativeToGround</altitudeMode>
				<outerBoundaryIs>
					<LinearRing>
						<coordinates>							5.89608291532513,44.3153243946774,0 5.895859543030041,44.3151047323578,0 5.89552686776462,44.3155129762339,0 5.89548440010509,44.315484730491,0 5.89534519034204,44.3156501710384,0 5.895813953976729,44.3159286747246,0 5.8957962750718,44.3160810963127,0 5.89577178532855,44.3161542514896,0 5.89574377160377,44.3162026388899,0 5.895709302512301,44.3162523672937,0 5.89567009650317,44.3163002388176,0 5.895820431872381,44.3164089621726,0 5.8961321984311,44.3160064024097,0 5.89584944786643,44.3157836203456,0 5.89608291532513,44.3153243946774,0 
						</coordinates>
					</LinearRing>
				</outerBoundaryIs>
			</Polygon>
		</Placemark>
		<Placemark id="parcelles-des-personnes-morales_05_groupe_personne_1.3844">
		<styleUrl>#ETAT</styleUrl>			<visibility>0</visibility>
			<ExtendedData>
				<SchemaData schemaUrl="#parcelles-des-personnes-morales_05_groupe_personne_1.schema">
					<SimpleData name="Numero de Parcelle">051730000B1435</SimpleData>
					<SimpleData name="Departement">05</SimpleData>
					<SimpleData name="Commune">UPAIX</SimpleData>
					<SimpleData name="Adresse">ROUREBEAU</SimpleData>
					<SimpleData name="Groupe de personne">Etat</SimpleData>
					<SimpleData name="Forme Juridique Abregee">ETAT</SimpleData>
					<SimpleData name="Denomination">ETAT PAR DIRECTION DE L IMMOBILIER DE L ETAT</SimpleData>
				</SchemaData>
			</ExtendedData>
	<Region>
		<LatLonAltBox>
			<north> 44.3167576244648 </north>
			<south> 44.3162489615123 </south>
			<east> 5.895820431872381 </east>
			<west> 5.89531316962875 </west>
		</LatLonAltBox>
		<Lod>
			<minLodPixels>100</minLodPixels>
			<maxLodPixels>-1</maxLodPixels>
		</Lod>
	</Region>
			<Polygon><altitudeMode>relativeToGround</altitudeMode>
				<outerBoundaryIs>
					<LinearRing>
						<coordinates>							5.89567009650317,44.3163002388176,0 5.89559922677824,44.3162489615123,0 5.89542291575682,44.3164151091899,0 5.895360971536679,44.3164918629126,0 5.89531316962875,44.3165900421912,0 5.895395951164999,44.3166510042467,0 5.8955543343309,44.3167576244648,0 5.895820431872381,44.3164089621726,0 5.89567009650317,44.3163002388176,0 
						</coordinates>
					</LinearRing>
				</outerBoundaryIs>
			</Polygon>
		</Placemark>
		<Placemark id="parcelles-des-personnes-morales_05_groupe_personne_1.3847">
		<styleUrl>#ETAT</styleUrl>			<visibility>0</visibility>
			<ExtendedData>
				<SchemaData schemaUrl="#parcelles-des-personnes-morales_05_groupe_personne_1.schema">
					<SimpleData name="Numero de Parcelle">051730000B1437</SimpleData>
					<SimpleData name="Departement">05</SimpleData>
					<SimpleData name="Commune">UPAIX</SimpleData>
					<SimpleData name="Adresse">ROUREBEAU</SimpleData>
					<SimpleData name="Groupe de personne">Etat</SimpleData>
					<SimpleData name="Forme Juridique Abregee">ETAT</SimpleData>
					<SimpleData name="Denomination">ETAT PAR DIRECTION DE L IMMOBILIER DE L ETAT</SimpleData>
				</SchemaData>
			</ExtendedData>
	<Region>
		<LatLonAltBox>
			<north> 44.3171716068432 </north>
			<south> 44.3166510042467 </south>
			<east> 5.8955543343309 </east>
			<west> 5.89508757680013 </west>
		</LatLonAltBox>
		<Lod>
			<minLodPixels>100</minLodPixels>
			<maxLodPixels>-1</maxLodPixels>
		</Lod>
	</Region>
			<Polygon><altitudeMode>relativeToGround</altitudeMode>
				<outerBoundaryIs>
					<LinearRing>
						<coordinates>							5.895395951164999,44.3166510042467,0 5.89527961679193,44.3167755788686,0 5.89508757680013,44.3170169922542,0 5.89510924020443,44.3170407419006,0 5.89517398694306,44.3171072232746,0 5.895243143232511,44.3171716068432,0 5.8955543343309,44.3167576244648,0 5.895395951164999,44.3166510042467,0 
						</coordinates>
					</LinearRing>
				</outerBoundaryIs>
			</Polygon>
		</Placemark>
		<Placemark id="parcelles-des-personnes-morales_05_groupe_personne_1.3851">
		<styleUrl>#ETAT</styleUrl>			<visibility>0</visibility>
			<ExtendedData>
				<SchemaData schemaUrl="#parcelles-des-personnes-morales_05_groupe_personne_1.schema">
					<SimpleData name="Numero de Parcelle">051730000B1438</SimpleData>
					<SimpleData name="Departement">05</SimpleData>
					<SimpleData name="Commune">UPAIX</SimpleData>
					<SimpleData name="Adresse">ROUREBEAU</SimpleData>
					<SimpleData name="Groupe de personne">Etat</SimpleData>
					<SimpleData name="Forme Juridique Abregee">ETAT</SimpleData>
					<SimpleData name="Denomination">ETAT PAR DIRECTION DE L IMMOBILIER DE L ETAT</SimpleData>
				</SchemaData>
			</ExtendedData>
	<Region>
		<LatLonAltBox>
			<north> 44.3171823384366 </north>
			<south> 44.3170169922542 </south>
			<east> 5.895243143232511 </east>
			<west> 5.89507875221227 </west>
		</LatLonAltBox>
		<Lod>
			<minLodPixels>100</minLodPixels>
			<maxLodPixels>-1</maxLodPixels>
		</Lod>
	</Region>
			<Polygon><altitudeMode>relativeToGround</altitudeMode>
				<outerBoundaryIs>
					<LinearRing>
						<coordinates>							5.89508757680013,44.3170169922542,0 5.89507875221227,44.3170235298734,0 5.89523240009092,44.3171823384366,0 5.895243143232511,44.3171716068432,0 5.89517398694306,44.3171072232746,0 5.89510924020443,44.3170407419006,0 5.89508757680013,44.3170169922542,0 
						</coordinates>
					</LinearRing>
				</outerBoundaryIs>
			</Polygon>
		</Placemark>
		<Placemark id="parcelles-des-personnes-morales_05_groupe_personne_1.3884">
		<styleUrl>#ETAT</styleUrl>			<visibility>0</visibility>
			<ExtendedData>
				<SchemaData schemaUrl="#parcelles-des-personnes-morales_05_groupe_personne_1.schema">
					<SimpleData name="Numero de Parcelle">051730000B1440</SimpleData>
					<SimpleData name="Departement">05</SimpleData>
					<SimpleData name="Commune">UPAIX</SimpleData>
					<SimpleData name="Adresse">ROUREBEAU</SimpleData>
					<SimpleData name="Groupe de personne">Etat</SimpleData>
					<SimpleData name="Forme Juridique Abregee">ETAT</SimpleData>
					<SimpleData name="Denomination">ETAT PAR DIRECTION DE L IMMOBILIER DE L ETAT</SimpleData>
				</SchemaData>
			</ExtendedData>
	<Region>
		<LatLonAltBox>
			<north> 44.3152194004906 </north>
			<south> 44.3140998463238 </south>
			<east> 5.897562628889061 </east>
			<west> 5.89605387744365 </west>
		</LatLonAltBox>
		<Lod>
			<minLodPixels>100</minLodPixels>
			<maxLodPixels>-1</maxLodPixels>
		</Lod>
	</Region>
			<Polygon><altitudeMode>relativeToGround</altitudeMode>
				<outerBoundaryIs>
					<LinearRing>
						<coordinates>							5.89731915666442,44.3145316793431,0 5.89728096929078,44.3145797948452,0 5.897180794717089,44.3146055841781,0 5.897089568256989,44.314536469175,0 5.89680786726436,44.3143194269396,0 5.896530178696609,44.3140998463238,0 5.89634405887478,44.3142358988786,0 5.896310116838231,44.3142541775573,0 5.89626420706325,44.314303396892,0 5.89624139921931,44.3143456122563,0 5.896213617846829,44.3143862472334,0 5.89618110431458,44.3144251153112,0 5.89616598374028,44.3144410065039,0 5.89613619783116,44.314452239887,0 5.89605387744365,44.3145573638726,0 5.896823512762411,44.3152194004906,0 5.89715991367727,44.3149799442074,0 5.897562628889061,44.3147002770506,0 5.89731915666442,44.3145316793431,0 
						</coordinates>
					</LinearRing>
				</outerBoundaryIs>
			</Polygon>
		</Placemark>
		<Placemark id="parcelles-des-personnes-morales_05_groupe_personne_1.3888">
		<styleUrl>#ETAT</styleUrl>			<visibility>0</visibility>
			<ExtendedData>
				<SchemaData schemaUrl="#parcelles-des-personnes-morales_05_groupe_personne_1.schema">
					<SimpleData name="Numero de Parcelle">051730000B1441</SimpleData>
					<SimpleData name="Departement">05</SimpleData>
					<SimpleData name="Commune">UPAIX</SimpleData>
					<SimpleData name="Adresse">ROUREBEAU</SimpleData>
					<SimpleData name="Groupe de personne">Etat</SimpleData>
					<SimpleData name="Forme Juridique Abregee">ETAT</SimpleData>
					<SimpleData name="Denomination">ETAT PAR DIRECTION DE L IMMOBILIER DE L ETAT</SimpleData>
				</SchemaData>
			</ExtendedData>
	<Region>
		<LatLonAltBox>
			<north> 44.3161815010733 </north>
			<south> 44.3152194004906 </south>
			<east> 5.89719022012014 </east>
			<west> 5.89640803726249 </west>
		</LatLonAltBox>
		<Lod>
			<minLodPixels>100</minLodPixels>
			<maxLodPixels>-1</maxLodPixels>
		</Lod>
	</Region>
			<Polygon><altitudeMode>relativeToGround</altitudeMode>
				<outerBoundaryIs>
					<LinearRing>
						<coordinates>							5.896823512762411,44.3152194004906,0 5.896645106058289,44.3153468733568,0 5.89640803726249,44.3156496455065,0 5.89654077907403,44.3157823408624,0 5.89699050117495,44.3161815010733,0 5.89703704308227,44.3158403327328,0 5.897083834879629,44.3156807483432,0 5.89719022012014,44.315533464883,0 5.896823512762411,44.3152194004906,0 
						</coordinates>
					</LinearRing>
				</outerBoundaryIs>
			</Polygon>
		</Placemark>
		<Placemark id="parcelles-des-personnes-morales_05_groupe_personne_1.3890">
		<styleUrl>#ETAT</styleUrl>			<visibility>0</visibility>
			<ExtendedData>
				<SchemaData schemaUrl="#parcelles-des-personnes-morales_05_groupe_personne_1.schema">
					<SimpleData name="Numero de Parcelle">051730000B1442</SimpleData>
					<SimpleData name="Departement">05</SimpleData>
					<SimpleData name="Commune">UPAIX</SimpleData>
					<SimpleData name="Adresse">ROUREBEAU</SimpleData>
					<SimpleData name="Groupe de personne">Etat</SimpleData>
					<SimpleData name="Forme Juridique Abregee">ETAT</SimpleData>
					<SimpleData name="Denomination">ETAT PAR DIRECTION DE L IMMOBILIER DE L ETAT</SimpleData>
				</SchemaData>
			</ExtendedData>
	<Region>
		<LatLonAltBox>
			<north> 44.3156496455065 </north>
			<south> 44.3145573638726 </south>
			<east> 5.896823512762411 </east>
			<west> 5.895828635295419 </west>
		</LatLonAltBox>
		<Lod>
			<minLodPixels>100</minLodPixels>
			<maxLodPixels>-1</maxLodPixels>
		</Lod>
	</Region>
			<Polygon><altitudeMode>relativeToGround</altitudeMode>
				<outerBoundaryIs>
					<LinearRing>
						<coordinates>							5.89605387744365,44.3145573638726,0 5.89604778511165,44.3148088324454,0 5.895828635295419,44.3150743807436,0 5.895859543030041,44.3151047323578,0 5.89608291532513,44.3153243946774,0 5.89640803726249,44.3156496455065,0 5.896645106058289,44.3153468733568,0 5.896823512762411,44.3152194004906,0 5.89605387744365,44.3145573638726,0 
						</coordinates>
					</LinearRing>
				</outerBoundaryIs>
			</Polygon>
		</Placemark>
		<Placemark id="parcelles-des-personnes-morales_05_groupe_personne_1.3894">
		<styleUrl>#ETAT</styleUrl>			<visibility>0</visibility>
			<ExtendedData>
				<SchemaData schemaUrl="#parcelles-des-personnes-morales_05_groupe_personne_1.schema">
					<SimpleData name="Numero de Parcelle">051730000B1444</SimpleData>
					<SimpleData name="Departement">05</SimpleData>
					<SimpleData name="Commune">UPAIX</SimpleData>
					<SimpleData name="Adresse">ROUREBEAU</SimpleData>
					<SimpleData name="Groupe de personne">Etat</SimpleData>
					<SimpleData name="Forme Juridique Abregee">ETAT</SimpleData>
					<SimpleData name="Denomination">ETAT PAR DIRECTION DE L IMMOBILIER DE L ETAT</SimpleData>
				</SchemaData>
			</ExtendedData>
	<Region>
		<LatLonAltBox>
			<north> 44.3160064024097 </north>
			<south> 44.3153243946774 </south>
			<east> 5.89640803726249 </east>
			<west> 5.89584944786643 </west>
		</LatLonAltBox>
		<Lod>
			<minLodPixels>100</minLodPixels>
			<maxLodPixels>-1</maxLodPixels>
		</Lod>
	</Region>
			<Polygon><altitudeMode>relativeToGround</altitudeMode>
				<outerBoundaryIs>
					<LinearRing>
						<coordinates>							5.89640803726249,44.3156496455065,0 5.89608291532513,44.3153243946774,0 5.89584944786643,44.3157836203456,0 5.8961321984311,44.3160064024097,0 5.89640803726249,44.3156496455065,0 
						</coordinates>
					</LinearRing>
				</outerBoundaryIs>
			</Polygon>
		</Placemark>
		<Placemark id="parcelles-des-personnes-morales_05_groupe_personne_1.3896">
		<styleUrl>#ETAT</styleUrl>			<visibility>0</visibility>
			<ExtendedData>
				<SchemaData schemaUrl="#parcelles-des-personnes-morales_05_groupe_personne_1.schema">
					<SimpleData name="Numero de Parcelle">051730000B1445</SimpleData>
					<SimpleData name="Departement">05</SimpleData>
					<SimpleData name="Commune">UPAIX</SimpleData>
					<SimpleData name="Adresse">ROUREBEAU</SimpleData>
					<SimpleData name="Groupe de personne">Etat</SimpleData>
					<SimpleData name="Forme Juridique Abregee">ETAT</SimpleData>
					<SimpleData name="Denomination">ETAT PAR DIRECTION DE L IMMOBILIER DE L ETAT</SimpleData>
				</SchemaData>
			</ExtendedData>
	<Region>
		<LatLonAltBox>
			<north> 44.3170235298734 </north>
			<south> 44.3167626570437 </south>
			<east> 5.89508757680013 </east>
			<west> 5.894764697434579 </west>
		</LatLonAltBox>
		<Lod>
			<minLodPixels>100</minLodPixels>
			<maxLodPixels>-1</maxLodPixels>
		</Lod>
	</Region>
			<Polygon><altitudeMode>relativeToGround</altitudeMode>
				<outerBoundaryIs>
					<LinearRing>
						<coordinates>							5.894764697434579,44.3167626570437,0 5.89507875221227,44.3170235298734,0 5.89508757680013,44.3170169922542,0 5.89503225107768,44.3169580992338,0 5.89483964435059,44.3168077925334,0 5.894764697434579,44.3167626570437,0 
						</coordinates>
					</LinearRing>
				</outerBoundaryIs>
			</Polygon>
		</Placemark>
		<Placemark id="parcelles-des-personnes-morales_05_groupe_personne_1.3903">
		<styleUrl>#ETAT</styleUrl>			<visibility>0</visibility>
			<ExtendedData>
				<SchemaData schemaUrl="#parcelles-des-personnes-morales_05_groupe_personne_1.schema">
					<SimpleData name="Numero de Parcelle">051730000B1448</SimpleData>
					<SimpleData name="Departement">05</SimpleData>
					<SimpleData name="Commune">UPAIX</SimpleData>
					<SimpleData name="Adresse">ROUREBEAU</SimpleData>
					<SimpleData name="Groupe de personne">Etat</SimpleData>
					<SimpleData name="Forme Juridique Abregee">ETAT</SimpleData>
					<SimpleData name="Denomination">ETAT PAR DIRECTION DE L IMMOBILIER DE L ETAT</SimpleData>
				</SchemaData>
			</ExtendedData>
	<Region>
		<LatLonAltBox>
			<north> 44.3135229712533 </north>
			<south> 44.3112337859842 </south>
			<east> 5.900159332924679 </east>
			<west> 5.89769404787067 </west>
		</LatLonAltBox>
		<Lod>
			<minLodPixels>100</minLodPixels>
			<maxLodPixels>-1</maxLodPixels>
		</Lod>
	</Region>
			<Polygon><altitudeMode>relativeToGround</altitudeMode>
				<outerBoundaryIs>
					<LinearRing>
						<coordinates>							5.898003350284259,44.3124727338838,0 5.89783583569546,44.3127246749287,0 5.89769404787067,44.3129473839034,0 5.89839063686334,44.3135229712533,0 5.89869331869571,44.3130832624566,0 5.89913050323954,44.3125606498051,0 5.900051198290119,44.3115901297507,0 5.900159332924679,44.31141604499,0 5.90007985457278,44.3113509462351,0 5.89997299911165,44.3112337859842,0 5.899453080821599,44.3113870267647,0 5.89893692889301,44.3116016866233,0 5.898815199704829,44.3116572301696,0 5.89887317412916,44.3117581160764,0 5.89890713953325,44.311853149763,0 5.8988944042068,44.3121314557732,0 5.898892894651619,44.3122000423441,0 5.89886520103535,44.3123674106642,0 5.89878911878375,44.3123466281636,0 5.898758446868391,44.3123503193873,0 5.89872745181796,44.3123501459162,0 5.898696889926601,44.3123461778813,0 5.8986676473702,44.3123385720643,0 5.89864074020555,44.3123275718973,0 5.89862874398993,44.3123211326358,0 5.898601683954309,44.3123095960434,0 5.89857217246385,44.3123016369951,0 5.89854134164402,44.3122973157111,0 5.898509827095911,44.3122967955795,0 5.898478631061401,44.3123000501726,0 5.89844862590092,44.3123069664137,0 5.89828165023247,44.312341273801,0 5.89817008193346,44.3123723186323,0 5.8980897764758,44.3124063222594,0 5.89804063894704,44.3124585999302,0 5.898003350284259,44.3124727338838,0 
						</coordinates>
					</LinearRing>
				</outerBoundaryIs>
			</Polygon>
		</Placemark>
		<Placemark id="parcelles-des-personnes-morales_05_groupe_personne_1.3935">
		<styleUrl>#ETAT</styleUrl>			<visibility>0</visibility>
			<ExtendedData>
				<SchemaData schemaUrl="#parcelles-des-personnes-morales_05_groupe_personne_1.schema">
					<SimpleData name="Numero de Parcelle">051730000B1450</SimpleData>
					<SimpleData name="Departement">05</SimpleData>
					<SimpleData name="Commune">UPAIX</SimpleData>
					<SimpleData name="Adresse">ROUREBEAU</SimpleData>
					<SimpleData name="Groupe de personne">Etat</SimpleData>
					<SimpleData name="Forme Juridique Abregee">ETAT</SimpleData>
					<SimpleData name="Denomination">ETAT PAR DIRECTION DE L IMMOBILIER DE L ETAT</SimpleData>
				</SchemaData>
			</ExtendedData>
	<Region>
		<LatLonAltBox>
			<north> 44.3139749650396 </north>
			<south> 44.3129473839034 </south>
			<east> 5.89839063686334 </east>
			<west> 5.89740859001958 </west>
		</LatLonAltBox>
		<Lod>
			<minLodPixels>100</minLodPixels>
			<maxLodPixels>-1</maxLodPixels>
		</Lod>
	</Region>
			<Polygon><altitudeMode>relativeToGround</altitudeMode>
				<outerBoundaryIs>
					<LinearRing>
						<coordinates>							5.89769404787067,44.3129473839034,0 5.89759832133378,44.3130969089601,0 5.89740859001958,44.3135449868675,0 5.898083184129209,44.3139749650396,0 5.89839063686334,44.3135229712533,0 5.89769404787067,44.3129473839034,0 
						</coordinates>
					</LinearRing>
				</outerBoundaryIs>
			</Polygon>
		</Placemark>
		<Placemark id="parcelles-des-personnes-morales_05_groupe_personne_1.3937">
		<styleUrl>#ETAT</styleUrl>			<visibility>0</visibility>
			<ExtendedData>
				<SchemaData schemaUrl="#parcelles-des-personnes-morales_05_groupe_personne_1.schema">
					<SimpleData name="Numero de Parcelle">051730000B1452</SimpleData>
					<SimpleData name="Departement">05</SimpleData>
					<SimpleData name="Commune">UPAIX</SimpleData>
					<SimpleData name="Adresse">ROUREBEAU</SimpleData>
					<SimpleData name="Groupe de personne">Etat</SimpleData>
					<SimpleData name="Forme Juridique Abregee">ETAT</SimpleData>
					<SimpleData name="Denomination">ETAT PAR DIRECTION DE L IMMOBILIER DE L ETAT</SimpleData>
				</SchemaData>
			</ExtendedData>
	<Region>
		<LatLonAltBox>
			<north> 44.3147002770506 </north>
			<south> 44.3135449868675 </south>
			<east> 5.898083184129209 </east>
			<west> 5.89728945411853 </west>
		</LatLonAltBox>
		<Lod>
			<minLodPixels>100</minLodPixels>
			<maxLodPixels>-1</maxLodPixels>
		</Lod>
	</Region>
			<Polygon><altitudeMode>relativeToGround</altitudeMode>
				<outerBoundaryIs>
					<LinearRing>
						<coordinates>							5.897562628889061,44.3147002770506,0 5.897621368961341,44.3146590958911,0 5.898083184129209,44.3139749650396,0 5.89740859001958,44.3135449868675,0 5.89728945411853,44.3138329427855,0 5.897358312183929,44.3140289317334,0 5.897409097047141,44.3140726304909,0 5.89740413897126,44.3144246826958,0 5.89731915666442,44.3145316793431,0 5.897562628889061,44.3147002770506,0 
						</coordinates>
					</LinearRing>
				</outerBoundaryIs>
			</Polygon>
		</Placemark>
		<Placemark id="parcelles-des-personnes-morales_05_groupe_personne_1.3940">
		<styleUrl>#ETAT</styleUrl>			<visibility>0</visibility>
			<ExtendedData>
				<SchemaData schemaUrl="#parcelles-des-personnes-morales_05_groupe_personne_1.schema">
					<SimpleData name="Numero de Parcelle">051730000B1454</SimpleData>
					<SimpleData name="Departement">05</SimpleData>
					<SimpleData name="Commune">UPAIX</SimpleData>
					<SimpleData name="Adresse">LES CONCIS</SimpleData>
					<SimpleData name="Groupe de personne">Etat</SimpleData>
					<SimpleData name="Forme Juridique Abregee">ETAT</SimpleData>
					<SimpleData name="Denomination">ETAT PAR DIRECTION DE L IMMOBILIER DE L ETAT</SimpleData>
				</SchemaData>
			</ExtendedData>
	<Region>
		<LatLonAltBox>
			<north> 44.3106551092999 </north>
			<south> 44.3092760632236 </south>
			<east> 5.901235596791099 </east>
			<west> 5.900120654060679 </west>
		</LatLonAltBox>
		<Lod>
			<minLodPixels>100</minLodPixels>
			<maxLodPixels>-1</maxLodPixels>
		</Lod>
	</Region>
			<Polygon><altitudeMode>relativeToGround</altitudeMode>
				<outerBoundaryIs>
					<LinearRing>
						<coordinates>							5.90064011718118,44.3106551092999,0 5.900763158305,44.3104635163965,0 5.901235596791099,44.309669740899,0 5.900705139669051,44.3092760632236,0 5.9006017317331,44.3093512119932,0 5.9005857746309,44.3093654144818,0 5.900529472795071,44.3094197739381,0 5.900477294733231,44.3094762764119,0 5.90023880282181,44.3097724291869,0 5.900120654060679,44.3099811866653,0 5.90064011718118,44.3106551092999,0 
						</coordinates>
					</LinearRing>
				</outerBoundaryIs>
			</Polygon>
		</Placemark>
		<Placemark id="parcelles-des-personnes-morales_05_groupe_personne_1.3944">
		<styleUrl>#ETAT</styleUrl>			<visibility>0</visibility>
			<ExtendedData>
				<SchemaData schemaUrl="#parcelles-des-personnes-morales_05_groupe_personne_1.schema">
					<SimpleData name="Numero de Parcelle">051730000B1456</SimpleData>
					<SimpleData name="Departement">05</SimpleData>
					<SimpleData name="Commune">UPAIX</SimpleData>
					<SimpleData name="Adresse">LES CONCIS</SimpleData>
					<SimpleData name="Groupe de personne">Etat</SimpleData>
					<SimpleData name="Forme Juridique Abregee">ETAT</SimpleData>
					<SimpleData name="Denomination">ETAT PAR DIRECTION DE L IMMOBILIER DE L ETAT</SimpleData>
				</SchemaData>
			</ExtendedData>
	<Region>
		<LatLonAltBox>
			<north> 44.3112143697658 </north>
			<south> 44.3099811866653 </south>
			<east> 5.90064011718118 </east>
			<west> 5.89952662071189 </west>
		</LatLonAltBox>
		<Lod>
			<minLodPixels>100</minLodPixels>
			<maxLodPixels>-1</maxLodPixels>
		</Lod>
	</Region>
			<Polygon><altitudeMode>relativeToGround</altitudeMode>
				<outerBoundaryIs>
					<LinearRing>
						<coordinates>							5.90064011718118,44.3106551092999,0 5.900120654060679,44.3099811866653,0 5.900008332204341,44.3102008694543,0 5.89993505261401,44.3102421653287,0 5.89952662071189,44.3107378111289,0 5.899957829966491,44.3112143697658,0 5.8999863826518,44.3112060502224,0 5.90005638482053,44.3111717765379,0 5.90024555615967,44.3110613982224,0 5.90030639661001,44.3110442100499,0 5.90039324923473,44.3110475030216,0 5.90064011718118,44.3106551092999,0 
						</coordinates>
					</LinearRing>
				</outerBoundaryIs>
			</Polygon>
		</Placemark>
		<Placemark id="parcelles-des-personnes-morales_05_groupe_personne_1.3947">
		<styleUrl>#ETAT</styleUrl>			<visibility>0</visibility>
			<ExtendedData>
				<SchemaData schemaUrl="#parcelles-des-personnes-morales_05_groupe_personne_1.schema">
					<SimpleData name="Numero de Parcelle">051730000B1458</SimpleData>
					<SimpleData name="Departement">05</SimpleData>
					<SimpleData name="Commune">UPAIX</SimpleData>
					<SimpleData name="Adresse">LES CONCIS</SimpleData>
					<SimpleData name="Groupe de personne">Etat</SimpleData>
					<SimpleData name="Forme Juridique Abregee">ETAT</SimpleData>
					<SimpleData name="Denomination">ETAT PAR DIRECTION DE L IMMOBILIER DE L ETAT</SimpleData>
				</SchemaData>
			</ExtendedData>
	<Region>
		<LatLonAltBox>
			<north> 44.31141604499 </north>
			<south> 44.3110666718893 </south>
			<east> 5.90037674514112 </east>
			<west> 5.89997299911165 </west>
		</LatLonAltBox>
		<Lod>
			<minLodPixels>100</minLodPixels>
			<maxLodPixels>-1</maxLodPixels>
		</Lod>
	</Region>
			<Polygon><altitudeMode>relativeToGround</altitudeMode>
				<outerBoundaryIs>
					<LinearRing>
						<coordinates>							5.900159332924679,44.31141604499,0 5.90037674514112,44.311070637296,0 5.90030854972615,44.3110666718893,0 5.90026136096057,44.3110809777787,0 5.900034245271469,44.311212263684,0 5.89997299911165,44.3112337859842,0 5.90007985457278,44.3113509462351,0 5.900159332924679,44.31141604499,0 
						</coordinates>
					</LinearRing>
				</outerBoundaryIs>
			</Polygon>
		</Placemark>
		<Placemark id="parcelles-des-personnes-morales_05_groupe_personne_1.3976">
		<styleUrl>#ETAT</styleUrl>			<visibility>0</visibility>
			<ExtendedData>
				<SchemaData schemaUrl="#parcelles-des-personnes-morales_05_groupe_personne_1.schema">
					<SimpleData name="Numero de Parcelle">051730000B1460</SimpleData>
					<SimpleData name="Departement">05</SimpleData>
					<SimpleData name="Commune">UPAIX</SimpleData>
					<SimpleData name="Adresse">ST MARTIN</SimpleData>
					<SimpleData name="Groupe de personne">Etat</SimpleData>
					<SimpleData name="Forme Juridique Abregee">ETAT</SimpleData>
					<SimpleData name="Denomination">ETAT PAR DIRECTION DE L IMMOBILIER DE L ETAT</SimpleData>
				</SchemaData>
			</ExtendedData>
	<Region>
		<LatLonAltBox>
			<north> 44.3081549959585 </north>
			<south> 44.3079142202962 </south>
			<east> 5.90096111290296 </east>
			<west> 5.900433565224371 </west>
		</LatLonAltBox>
		<Lod>
			<minLodPixels>100</minLodPixels>
			<maxLodPixels>-1</maxLodPixels>
		</Lod>
	</Region>
			<Polygon><altitudeMode>relativeToGround</altitudeMode>
				<outerBoundaryIs>
					<LinearRing>
						<coordinates>							5.90093456733927,44.3080186932483,0 5.900452797147199,44.3079142202962,0 5.900433565224371,44.307996785626,0 5.90096111290296,44.3081549959585,0 5.900937914062739,44.308062020827,0 5.90093456733927,44.3080186932483,0 
						</coordinates>
					</LinearRing>
				</outerBoundaryIs>
			</Polygon>
		</Placemark>
		<Placemark id="parcelles-des-personnes-morales_05_groupe_personne_1.3977">
		<styleUrl>#ETAT</styleUrl>			<visibility>0</visibility>
			<ExtendedData>
				<SchemaData schemaUrl="#parcelles-des-personnes-morales_05_groupe_personne_1.schema">
					<SimpleData name="Numero de Parcelle">051730000B1462</SimpleData>
					<SimpleData name="Departement">05</SimpleData>
					<SimpleData name="Commune">UPAIX</SimpleData>
					<SimpleData name="Adresse">PRES ST MARTIN</SimpleData>
					<SimpleData name="Groupe de personne">Etat</SimpleData>
					<SimpleData name="Forme Juridique Abregee">ETAT</SimpleData>
					<SimpleData name="Denomination">ETAT PAR DIRECTION DE L IMMOBILIER DE L ETAT</SimpleData>
				</SchemaData>
			</ExtendedData>
	<Region>
		<LatLonAltBox>
			<north> 44.3087138031519 </north>
			<south> 44.307996785626 </south>
			<east> 5.901101610922411 </east>
			<west> 5.900433565224371 </west>
		</LatLonAltBox>
		<Lod>
			<minLodPixels>100</minLodPixels>
			<maxLodPixels>-1</maxLodPixels>
		</Lod>
	</Region>
			<Polygon><altitudeMode>relativeToGround</altitudeMode>
				<outerBoundaryIs>
					<LinearRing>
						<coordinates>							5.90096111290296,44.3081549959585,0 5.900433565224371,44.307996785626,0 5.900539792083421,44.3085478505176,0 5.900671962472501,44.3085714750988,0 5.901101610922411,44.3087138031519,0 5.90096111290296,44.3081549959585,0 
						</coordinates>
					</LinearRing>
				</outerBoundaryIs>
			</Polygon>
		</Placemark>
		<Placemark id="parcelles-des-personnes-morales_05_groupe_personne_1.3979">
		<styleUrl>#ETAT</styleUrl>			<visibility>0</visibility>
			<ExtendedData>
				<SchemaData schemaUrl="#parcelles-des-personnes-morales_05_groupe_personne_1.schema">
					<SimpleData name="Numero de Parcelle">051730000B1464</SimpleData>
					<SimpleData name="Departement">05</SimpleData>
					<SimpleData name="Commune">UPAIX</SimpleData>
					<SimpleData name="Adresse">ST MARTIN</SimpleData>
					<SimpleData name="Groupe de personne">Etat</SimpleData>
					<SimpleData name="Forme Juridique Abregee">ETAT</SimpleData>
					<SimpleData name="Denomination">ETAT PAR DIRECTION DE L IMMOBILIER DE L ETAT</SimpleData>
				</SchemaData>
			</ExtendedData>
	<Region>
		<LatLonAltBox>
			<north> 44.3091669245924 </north>
			<south> 44.3085714750988 </south>
			<east> 5.90115294499289 </east>
			<west> 5.90052552936192 </west>
		</LatLonAltBox>
		<Lod>
			<minLodPixels>100</minLodPixels>
			<maxLodPixels>-1</maxLodPixels>
		</Lod>
	</Region>
			<Polygon><altitudeMode>relativeToGround</altitudeMode>
				<outerBoundaryIs>
					<LinearRing>
						<coordinates>							5.901101610922411,44.3087138031519,0 5.900671962472501,44.3085714750988,0 5.90052552936192,44.3089432036027,0 5.90055642428376,44.309108125459,0 5.90056767396989,44.30911224225,0 5.90072100444169,44.3091669245924,0 5.90076559799321,44.3091289072848,0 5.90083290651706,44.3091523518497,0 5.90087272193217,44.309123918422,0 5.90093421332473,44.3090974350016,0 5.90099655204435,44.3090752527607,0 5.90106094479537,44.3090564391043,0 5.90115294499289,44.308915296114,0 5.901101610922411,44.3087138031519,0 
						</coordinates>
					</LinearRing>
				</outerBoundaryIs>
			</Polygon>
		</Placemark>
		<Placemark id="parcelles-des-personnes-morales_05_groupe_personne_1.3984">
		<styleUrl>#ETAT</styleUrl>			<visibility>0</visibility>
			<ExtendedData>
				<SchemaData schemaUrl="#parcelles-des-personnes-morales_05_groupe_personne_1.schema">
					<SimpleData name="Numero de Parcelle">051730000B1466</SimpleData>
					<SimpleData name="Departement">05</SimpleData>
					<SimpleData name="Commune">UPAIX</SimpleData>
					<SimpleData name="Adresse">LES CONCIS</SimpleData>
					<SimpleData name="Groupe de personne">Etat</SimpleData>
					<SimpleData name="Forme Juridique Abregee">ETAT</SimpleData>
					<SimpleData name="Denomination">ETAT PAR DIRECTION DE L IMMOBILIER DE L ETAT</SimpleData>
				</SchemaData>
			</ExtendedData>
	<Region>
		<LatLonAltBox>
			<north> 44.309669740899 </north>
			<south> 44.3090809103126 </south>
			<east> 5.901235596791099 </east>
			<west> 5.900705139669051 </west>
		</LatLonAltBox>
		<Lod>
			<minLodPixels>100</minLodPixels>
			<maxLodPixels>-1</maxLodPixels>
		</Lod>
	</Region>
			<Polygon><altitudeMode>relativeToGround</altitudeMode>
				<outerBoundaryIs>
					<LinearRing>
						<coordinates>							5.901235596791099,44.309669740899,0 5.90106545896853,44.3090809103126,0 5.900916235140469,44.3091309668319,0 5.90084733757915,44.3091720576237,0 5.900705139669051,44.3092760632236,0 5.901235596791099,44.309669740899,0 
						</coordinates>
					</LinearRing>
				</outerBoundaryIs>
			</Polygon>
		</Placemark>
		<Placemark id="parcelles-des-personnes-morales_05_groupe_personne_1.3986">
		<styleUrl>#ETAT</styleUrl>			<visibility>0</visibility>
			<ExtendedData>
				<SchemaData schemaUrl="#parcelles-des-personnes-morales_05_groupe_personne_1.schema">
					<SimpleData name="Numero de Parcelle">051730000B1468</SimpleData>
					<SimpleData name="Departement">05</SimpleData>
					<SimpleData name="Commune">UPAIX</SimpleData>
					<SimpleData name="Adresse">ST MARTIN</SimpleData>
					<SimpleData name="Groupe de personne">Etat</SimpleData>
					<SimpleData name="Forme Juridique Abregee">ETAT</SimpleData>
					<SimpleData name="Denomination">ETAT PAR DIRECTION DE L IMMOBILIER DE L ETAT</SimpleData>
				</SchemaData>
			</ExtendedData>
	<Region>
		<LatLonAltBox>
			<north> 44.3062920542838 </north>
			<south> 44.3060506585928 </south>
			<east> 5.90148690128103 </east>
			<west> 5.9007975346738 </west>
		</LatLonAltBox>
		<Lod>
			<minLodPixels>100</minLodPixels>
			<maxLodPixels>-1</maxLodPixels>
		</Lod>
	</Region>
			<Polygon><altitudeMode>relativeToGround</altitudeMode>
				<outerBoundaryIs>
					<LinearRing>
						<coordinates>							5.90148690128103,44.3061544351774,0 5.90121245501676,44.3061006993125,0 5.90110242736864,44.3060831566144,0 5.90096589936581,44.3060649621298,0 5.900828692552349,44.3060506585928,0 5.9007975346738,44.306248203415,0 5.901033463086859,44.3062453994161,0 5.90107959280829,44.3062472443917,0 5.90141579938658,44.3062920542838,0 5.90148690128103,44.3061544351774,0 
						</coordinates>
					</LinearRing>
				</outerBoundaryIs>
			</Polygon>
		</Placemark>
		<Placemark id="parcelles-des-personnes-morales_05_groupe_personne_1.4018">
		<styleUrl>#ETAT</styleUrl>			<visibility>0</visibility>
			<ExtendedData>
				<SchemaData schemaUrl="#parcelles-des-personnes-morales_05_groupe_personne_1.schema">
					<SimpleData name="Numero de Parcelle">051730000B1470</SimpleData>
					<SimpleData name="Departement">05</SimpleData>
					<SimpleData name="Commune">UPAIX</SimpleData>
					<SimpleData name="Adresse">ST MARTIN</SimpleData>
					<SimpleData name="Groupe de personne">Etat</SimpleData>
					<SimpleData name="Forme Juridique Abregee">ETAT</SimpleData>
					<SimpleData name="Denomination">ETAT PAR DIRECTION DE L IMMOBILIER DE L ETAT</SimpleData>
				</SchemaData>
			</ExtendedData>
	<Region>
		<LatLonAltBox>
			<north> 44.3071644471944 </north>
			<south> 44.3062453994161 </south>
			<east> 5.901033463086859 </east>
			<west> 5.9006592358182 </west>
		</LatLonAltBox>
		<Lod>
			<minLodPixels>100</minLodPixels>
			<maxLodPixels>-1</maxLodPixels>
		</Lod>
	</Region>
			<Polygon><altitudeMode>relativeToGround</altitudeMode>
				<outerBoundaryIs>
					<LinearRing>
						<coordinates>							5.9007975346738,44.306248203415,0 5.90075551254313,44.3064883699405,0 5.9007047926295,44.3068061399441,0 5.9006592358182,44.3071243141499,0 5.90090990944783,44.3071644471944,0 5.901033463086859,44.3062453994161,0 5.9007975346738,44.306248203415,0 
						</coordinates>
					</LinearRing>
				</outerBoundaryIs>
			</Polygon>
		</Placemark>
		<Placemark id="parcelles-des-personnes-morales_05_groupe_personne_1.4021">
		<styleUrl>#ETAT</styleUrl>			<visibility>0</visibility>
			<ExtendedData>
				<SchemaData schemaUrl="#parcelles-des-personnes-morales_05_groupe_personne_1.schema">
					<SimpleData name="Numero de Parcelle">051730000B1471</SimpleData>
					<SimpleData name="Departement">05</SimpleData>
					<SimpleData name="Commune">UPAIX</SimpleData>
					<SimpleData name="Adresse">ST MARTIN</SimpleData>
					<SimpleData name="Groupe de personne">Etat</SimpleData>
					<SimpleData name="Forme Juridique Abregee">ETAT</SimpleData>
					<SimpleData name="Denomination">ETAT PAR DIRECTION DE L IMMOBILIER DE L ETAT</SimpleData>
				</SchemaData>
			</ExtendedData>
	<Region>
		<LatLonAltBox>
			<north> 44.3080386632776 </north>
			<south> 44.3071644471944 </south>
			<east> 5.90130587663379 </east>
			<west> 5.90088512391931 </west>
		</LatLonAltBox>
		<Lod>
			<minLodPixels>100</minLodPixels>
			<maxLodPixels>-1</maxLodPixels>
		</Lod>
	</Region>
			<Polygon><altitudeMode>relativeToGround</altitudeMode>
				<outerBoundaryIs>
					<LinearRing>
						<coordinates>							5.90107854949035,44.3078393379518,0 5.901300273428219,44.3072477312353,0 5.90130587663379,44.3072273165767,0 5.90090990944783,44.3071644471944,0 5.90088512391931,44.3073909180094,0 5.90093456733927,44.3080186932483,0 5.90100382926201,44.3080386632776,0 5.90107854949035,44.3078393379518,0 
						</coordinates>
					</LinearRing>
				</outerBoundaryIs>
			</Polygon>
		</Placemark>
		<Placemark id="parcelles-des-personnes-morales_05_groupe_personne_1.4024">
		<styleUrl>#ETAT</styleUrl>			<visibility>0</visibility>
			<ExtendedData>
				<SchemaData schemaUrl="#parcelles-des-personnes-morales_05_groupe_personne_1.schema">
					<SimpleData name="Numero de Parcelle">051730000B1472</SimpleData>
					<SimpleData name="Departement">05</SimpleData>
					<SimpleData name="Commune">UPAIX</SimpleData>
					<SimpleData name="Adresse">ST MARTIN</SimpleData>
					<SimpleData name="Groupe de personne">Etat</SimpleData>
					<SimpleData name="Forme Juridique Abregee">ETAT</SimpleData>
					<SimpleData name="Denomination">ETAT PAR DIRECTION DE L IMMOBILIER DE L ETAT</SimpleData>
				</SchemaData>
			</ExtendedData>
	<Region>
		<LatLonAltBox>
			<north> 44.3080186932483 </north>
			<south> 44.3071243141499 </south>
			<east> 5.90093456733927 </east>
			<west> 5.90034749137516 </west>
		</LatLonAltBox>
		<Lod>
			<minLodPixels>100</minLodPixels>
			<maxLodPixels>-1</maxLodPixels>
		</Lod>
	</Region>
			<Polygon><altitudeMode>relativeToGround</altitudeMode>
				<outerBoundaryIs>
					<LinearRing>
						<coordinates>							5.9006592358182,44.3071243141499,0 5.900658309993389,44.307130733868,0 5.90038147655223,44.3071309233069,0 5.90034749137516,44.3075232835984,0 5.900407296802409,44.3078438117455,0 5.90046665855154,44.3078492711288,0 5.900452797147199,44.3079142202962,0 5.90093456733927,44.3080186932483,0 5.90088512391931,44.3073909180094,0 5.90090990944783,44.3071644471944,0 5.9006592358182,44.3071243141499,0 
						</coordinates>
					</LinearRing>
				</outerBoundaryIs>
			</Polygon>
		</Placemark>
		<Placemark id="parcelles-des-personnes-morales_05_groupe_personne_1.4028">
		<styleUrl>#ETAT</styleUrl>			<visibility>0</visibility>
			<ExtendedData>
				<SchemaData schemaUrl="#parcelles-des-personnes-morales_05_groupe_personne_1.schema">
					<SimpleData name="Numero de Parcelle">051730000B1474</SimpleData>
					<SimpleData name="Departement">05</SimpleData>
					<SimpleData name="Commune">UPAIX</SimpleData>
					<SimpleData name="Adresse">PRES ST MARTIN</SimpleData>
					<SimpleData name="Groupe de personne">Etat</SimpleData>
					<SimpleData name="Forme Juridique Abregee">ETAT</SimpleData>
					<SimpleData name="Denomination">ETAT PAR DIRECTION DE L IMMOBILIER DE L ETAT</SimpleData>
				</SchemaData>
			</ExtendedData>
	<Region>
		<LatLonAltBox>
			<north> 44.3046924777373 </north>
			<south> 44.3043677483302 </south>
			<east> 5.901696919013581 </east>
			<west> 5.901387817201289 </west>
		</LatLonAltBox>
		<Lod>
			<minLodPixels>100</minLodPixels>
			<maxLodPixels>-1</maxLodPixels>
		</Lod>
	</Region>
			<Polygon><altitudeMode>relativeToGround</altitudeMode>
				<outerBoundaryIs>
					<LinearRing>
						<coordinates>							5.9016806146718,44.3043789089183,0 5.901393680641621,44.3043677483302,0 5.901387817201289,44.3046795603991,0 5.901696919013581,44.3046924777373,0 5.9016806146718,44.3043789089183,0 
						</coordinates>
					</LinearRing>
				</outerBoundaryIs>
			</Polygon>
		</Placemark>
		<Placemark id="parcelles-des-personnes-morales_05_groupe_personne_1.4076">
		<styleUrl>#ETAT</styleUrl>			<visibility>0</visibility>
			<ExtendedData>
				<SchemaData schemaUrl="#parcelles-des-personnes-morales_05_groupe_personne_1.schema">
					<SimpleData name="Numero de Parcelle">051730000B1483</SimpleData>
					<SimpleData name="Departement">05</SimpleData>
					<SimpleData name="Commune">UPAIX</SimpleData>
					<SimpleData name="Adresse">LES PLAINES</SimpleData>
					<SimpleData name="Groupe de personne">Etat</SimpleData>
					<SimpleData name="Forme Juridique Abregee">ETAT</SimpleData>
					<SimpleData name="Denomination">ETAT PAR DIRECTION DE L IMMOBILIER DE L ETAT</SimpleData>
				</SchemaData>
			</ExtendedData>
	<Region>
		<LatLonAltBox>
			<north> 44.3424246622674 </north>
			<south> 44.3419004121917 </south>
			<east> 5.90643792798813 </east>
			<west> 5.90573118436802 </west>
		</LatLonAltBox>
		<Lod>
			<minLodPixels>100</minLodPixels>
			<maxLodPixels>-1</maxLodPixels>
		</Lod>
	</Region>
			<Polygon><altitudeMode>relativeToGround</altitudeMode>
				<outerBoundaryIs>
					<LinearRing>
						<coordinates>							5.90573118436802,44.3419909478551,0 5.90608241459274,44.3424246622674,0 5.906417178900689,44.342324568919,0 5.9064304917593,44.3422831423579,0 5.90643697442882,44.3422455894199,0 5.90643792798813,44.3422079123703,0 5.9064188474338,44.3421613968344,0 5.90623234089186,44.3419805883405,0 5.906024581654501,44.34194085996,0 5.90590540007991,44.3419004121917,0 5.905869025910669,44.3419033549442,0 5.90573118436802,44.3419909478551,0 
						</coordinates>
					</LinearRing>
				</outerBoundaryIs>
			</Polygon>
		</Placemark>
		<Placemark id="parcelles-des-personnes-morales_05_groupe_personne_1.4247">
		<styleUrl>#ETAT</styleUrl>			<visibility>0</visibility>
			<ExtendedData>
				<SchemaData schemaUrl="#parcelles-des-personnes-morales_05_groupe_personne_1.schema">
					<SimpleData name="Numero de Parcelle">051730000A1504</SimpleData>
					<SimpleData name="Departement">05</SimpleData>
					<SimpleData name="Commune">UPAIX</SimpleData>
					<SimpleData name="Adresse">BEYNON</SimpleData>
					<SimpleData name="Groupe de personne">Etat</SimpleData>
					<SimpleData name="Forme Juridique Abregee">ETAT</SimpleData>
					<SimpleData name="Denomination">ETAT PAR DIRECTION DE L IMMOBILIER DE L ETAT</SimpleData>
				</SchemaData>
			</ExtendedData>
	<Region>
		<LatLonAltBox>
			<north> 44.3456002200489 </north>
			<south> 44.3450848391051 </south>
			<east> 5.9088319740095 </east>
			<west> 5.907405091928151 </west>
		</LatLonAltBox>
		<Lod>
			<minLodPixels>100</minLodPixels>
			<maxLodPixels>-1</maxLodPixels>
		</Lod>
	</Region>
			<Polygon><altitudeMode>relativeToGround</altitudeMode>
				<outerBoundaryIs>
					<LinearRing>
						<coordinates>							5.907405091928151,44.345285207359,0 5.9078919084448,44.3452394597726,0 5.90815407311036,44.3456002200489,0 5.90821702038803,44.3455598227895,0 5.90828325385133,44.3455223111204,0 5.90835793212436,44.3454854768697,0 5.90846539356027,44.3454441726025,0 5.90860759102604,44.3454046519263,0 5.9088319740095,44.3453620567522,0 5.90867650245677,44.3451333208857,0 5.90866631539452,44.3451011627825,0 5.908575100417,44.3450848391051,0 5.90742574821597,44.3452816888036,0 5.907405091928151,44.345285207359,0 
						</coordinates>
					</LinearRing>
				</outerBoundaryIs>
			</Polygon>
		</Placemark>
		<Placemark id="parcelles-des-personnes-morales_05_groupe_personne_1.4249">
		<styleUrl>#ETAT</styleUrl>			<visibility>0</visibility>
			<ExtendedData>
				<SchemaData schemaUrl="#parcelles-des-personnes-morales_05_groupe_personne_1.schema">
					<SimpleData name="Numero de Parcelle">051730000A1505</SimpleData>
					<SimpleData name="Departement">05</SimpleData>
					<SimpleData name="Commune">UPAIX</SimpleData>
					<SimpleData name="Adresse">BEYNON</SimpleData>
					<SimpleData name="Groupe de personne">Etat</SimpleData>
					<SimpleData name="Forme Juridique Abregee">ETAT</SimpleData>
					<SimpleData name="Denomination">ETAT PAR DIRECTION DE L IMMOBILIER DE L ETAT</SimpleData>
				</SchemaData>
			</ExtendedData>
	<Region>
		<LatLonAltBox>
			<north> 44.3453620567522 </north>
			<south> 44.3451011627825 </south>
			<east> 5.90934369180509 </east>
			<west> 5.90866631539452 </west>
		</LatLonAltBox>
		<Lod>
			<minLodPixels>100</minLodPixels>
			<maxLodPixels>-1</maxLodPixels>
		</Lod>
	</Region>
			<Polygon><altitudeMode>relativeToGround</altitudeMode>
				<outerBoundaryIs>
					<LinearRing>
						<coordinates>							5.9088319740095,44.3453620567522,0 5.90918639273001,44.3453046720554,0 5.909316423666439,44.3452726783687,0 5.90934369180509,44.3452659219563,0 5.90930408210802,44.3452401269199,0 5.90929366213792,44.3452474285063,0 5.909246108421571,44.3452233748804,0 5.90919570336543,44.3452024592537,0 5.9091783041853,44.3451960736614,0 5.909084526402191,44.3451787372677,0 5.90866631539452,44.3451011627825,0 5.90867650245677,44.3451333208857,0 5.9088319740095,44.3453620567522,0 
						</coordinates>
					</LinearRing>
				</outerBoundaryIs>
			</Polygon>
		</Placemark>
		<Placemark id="parcelles-des-personnes-morales_05_groupe_personne_1.4252">
		<styleUrl>#ETAT</styleUrl>			<visibility>0</visibility>
			<ExtendedData>
				<SchemaData schemaUrl="#parcelles-des-personnes-morales_05_groupe_personne_1.schema">
					<SimpleData name="Numero de Parcelle">051730000A1506</SimpleData>
					<SimpleData name="Departement">05</SimpleData>
					<SimpleData name="Commune">UPAIX</SimpleData>
					<SimpleData name="Adresse">BEYNON</SimpleData>
					<SimpleData name="Groupe de personne">Etat</SimpleData>
					<SimpleData name="Forme Juridique Abregee">ETAT</SimpleData>
					<SimpleData name="Denomination">ETAT PAR DIRECTION DE L IMMOBILIER DE L ETAT</SimpleData>
				</SchemaData>
			</ExtendedData>
	<Region>
		<LatLonAltBox>
			<north> 44.3459606024601 </north>
			<south> 44.3453620567522 </south>
			<east> 5.90896408408249 </east>
			<west> 5.90815407311036 </west>
		</LatLonAltBox>
		<Lod>
			<minLodPixels>100</minLodPixels>
			<maxLodPixels>-1</maxLodPixels>
		</Lod>
	</Region>
			<Polygon><altitudeMode>relativeToGround</altitudeMode>
				<outerBoundaryIs>
					<LinearRing>
						<coordinates>							5.90815407311036,44.3456002200489,0 5.9084100710099,44.3459606024601,0 5.90846923875241,44.3459223767559,0 5.90856286380333,44.3458340580813,0 5.90896408408249,44.3455562805172,0 5.9088319740095,44.3453620567522,0 5.90860759102604,44.3454046519263,0 5.90846539356027,44.3454441726025,0 5.90835793212436,44.3454854768697,0 5.90828325385133,44.3455223111204,0 5.90821702038803,44.3455598227895,0 5.90815407311036,44.3456002200489,0 
						</coordinates>
					</LinearRing>
				</outerBoundaryIs>
			</Polygon>
		</Placemark>
		<Placemark id="parcelles-des-personnes-morales_05_groupe_personne_1.4847">
		<styleUrl>#ETAT</styleUrl>			<visibility>0</visibility>
			<ExtendedData>
				<SchemaData schemaUrl="#parcelles-des-personnes-morales_05_groupe_personne_1.schema">
					<SimpleData name="Numero de Parcelle">051730000B1623</SimpleData>
					<SimpleData name="Departement">05</SimpleData>
					<SimpleData name="Commune">UPAIX</SimpleData>
					<SimpleData name="Adresse">RIBAOUS</SimpleData>
					<SimpleData name="Groupe de personne">Etat</SimpleData>
					<SimpleData name="Forme Juridique Abregee">ETAT</SimpleData>
					<SimpleData name="Denomination">ETAT PAR DIRECTION DE L IMMOBILIER DE L ETAT</SimpleData>
				</SchemaData>
			</ExtendedData>
	<Region>
		<LatLonAltBox>
			<north> 44.3307903353691 </north>
			<south> 44.3300313669718 </south>
			<east> 5.89741391576831 </east>
			<west> 5.897085205793431 </west>
		</LatLonAltBox>
		<Lod>
			<minLodPixels>100</minLodPixels>
			<maxLodPixels>-1</maxLodPixels>
		</Lod>
	</Region>
			<Polygon><altitudeMode>relativeToGround</altitudeMode>
				<outerBoundaryIs>
					<LinearRing>
						<coordinates>							5.89722870488097,44.3307712477875,0 5.89723244182392,44.3307903353691,0 5.89741391576831,44.3307685294654,0 5.89732922081434,44.3306092560846,0 5.89727960434516,44.330495447177,0 5.89723230128599,44.330377794141,0 5.89709483617526,44.3300528213808,0 5.897085205793431,44.3300313669718,0 5.89709508481459,44.3300773153072,0 5.89722870488097,44.3307712477875,0 
						</coordinates>
					</LinearRing>
				</outerBoundaryIs>
			</Polygon>
		</Placemark>
		<Placemark id="parcelles-des-personnes-morales_05_groupe_personne_1.4850">
		<styleUrl>#ETAT</styleUrl>			<visibility>0</visibility>
			<ExtendedData>
				<SchemaData schemaUrl="#parcelles-des-personnes-morales_05_groupe_personne_1.schema">
					<SimpleData name="Numero de Parcelle">051730000B1624</SimpleData>
					<SimpleData name="Departement">05</SimpleData>
					<SimpleData name="Commune">UPAIX</SimpleData>
					<SimpleData name="Adresse">RIBAOUS</SimpleData>
					<SimpleData name="Groupe de personne">Etat</SimpleData>
					<SimpleData name="Forme Juridique Abregee">ETAT</SimpleData>
					<SimpleData name="Denomination">ETAT PAR DIRECTION DE L IMMOBILIER DE L ETAT</SimpleData>
				</SchemaData>
			</ExtendedData>
	<Region>
		<LatLonAltBox>
			<north> 44.3307685294654 </north>
			<south> 44.3297223461166 </south>
			<east> 5.89751587747288 </east>
			<west> 5.89701920806589 </west>
		</LatLonAltBox>
		<Lod>
			<minLodPixels>100</minLodPixels>
			<maxLodPixels>-1</maxLodPixels>
		</Lod>
	</Region>
			<Polygon><altitudeMode>relativeToGround</altitudeMode>
				<outerBoundaryIs>
					<LinearRing>
						<coordinates>							5.89741391576831,44.3307685294654,0 5.89748388090839,44.3307600202951,0 5.89750320789333,44.330750233258,0 5.897511547716901,44.3306703869061,0 5.89751587747288,44.3306618057326,0 5.89750972401122,44.3306592656216,0 5.897481348485361,44.3306025452787,0 5.89745025843646,44.3306056163981,0 5.89741143065142,44.330609521925,0 5.89701920806589,44.3297223461166,0 5.897085205793431,44.3300313669718,0 5.89709483617526,44.3300528213808,0 5.89723230128599,44.330377794141,0 5.89727960434516,44.330495447177,0 5.89732922081434,44.3306092560846,0 5.89741391576831,44.3307685294654,0 
						</coordinates>
					</LinearRing>
				</outerBoundaryIs>
			</Polygon>
		</Placemark>
		<Placemark id="parcelles-des-personnes-morales_05_groupe_personne_1.4854">
		<styleUrl>#ETAT</styleUrl>			<visibility>0</visibility>
			<ExtendedData>
				<SchemaData schemaUrl="#parcelles-des-personnes-morales_05_groupe_personne_1.schema">
					<SimpleData name="Numero de Parcelle">051730000B1625</SimpleData>
					<SimpleData name="Departement">05</SimpleData>
					<SimpleData name="Commune">UPAIX</SimpleData>
					<SimpleData name="Adresse">RIBAOUS</SimpleData>
					<SimpleData name="Groupe de personne">Etat</SimpleData>
					<SimpleData name="Forme Juridique Abregee">ETAT</SimpleData>
					<SimpleData name="Denomination">ETAT PAR DIRECTION DE L IMMOBILIER DE L ETAT</SimpleData>
				</SchemaData>
			</ExtendedData>
	<Region>
		<LatLonAltBox>
			<north> 44.330609521925 </north>
			<south> 44.3296640336464 </south>
			<east> 5.89745025843646 </east>
			<west> 5.89700681459777 </west>
		</LatLonAltBox>
		<Lod>
			<minLodPixels>100</minLodPixels>
			<maxLodPixels>-1</maxLodPixels>
		</Lod>
	</Region>
			<Polygon><altitudeMode>relativeToGround</altitudeMode>
				<outerBoundaryIs>
					<LinearRing>
						<coordinates>							5.89745025843646,44.3306056163981,0 5.89726720673568,44.3296641086647,0 5.89700681459777,44.3296640336464,0 5.89701920806589,44.3297223461166,0 5.89741143065142,44.330609521925,0 5.89745025843646,44.3306056163981,0 
						</coordinates>
					</LinearRing>
				</outerBoundaryIs>
			</Polygon>
		</Placemark>
		<Placemark id="parcelles-des-personnes-morales_05_groupe_personne_1.4857">
		<styleUrl>#ETAT</styleUrl>			<visibility>0</visibility>
			<ExtendedData>
				<SchemaData schemaUrl="#parcelles-des-personnes-morales_05_groupe_personne_1.schema">
					<SimpleData name="Numero de Parcelle">051730000B1626</SimpleData>
					<SimpleData name="Departement">05</SimpleData>
					<SimpleData name="Commune">UPAIX</SimpleData>
					<SimpleData name="Adresse">RIBAOUS</SimpleData>
					<SimpleData name="Groupe de personne">Etat</SimpleData>
					<SimpleData name="Forme Juridique Abregee">ETAT</SimpleData>
					<SimpleData name="Denomination">ETAT PAR DIRECTION DE L IMMOBILIER DE L ETAT</SimpleData>
				</SchemaData>
			</ExtendedData>
	<Region>
		<LatLonAltBox>
			<north> 44.3307712477875 </north>
			<south> 44.329663756305 </south>
			<east> 5.89722870488097 </east>
			<west> 5.89650447069006 </west>
		</LatLonAltBox>
		<Lod>
			<minLodPixels>100</minLodPixels>
			<maxLodPixels>-1</maxLodPixels>
		</Lod>
	</Region>
			<Polygon><altitudeMode>relativeToGround</altitudeMode>
				<outerBoundaryIs>
					<LinearRing>
						<coordinates>							5.89650447069006,44.329663756305,0 5.89662228158522,44.3300142883049,0 5.897010919649169,44.3306842082517,0 5.89722870488097,44.3307712477875,0 5.89709508481459,44.3300773153072,0 5.897085205793431,44.3300313669718,0 5.89695059505455,44.3297302789442,0 5.89691796420054,44.3296639424915,0 5.89650447069006,44.329663756305,0 
						</coordinates>
					</LinearRing>
				</outerBoundaryIs>
			</Polygon>
		</Placemark>
		<Placemark id="parcelles-des-personnes-morales_05_groupe_personne_1.4860">
		<styleUrl>#ETAT</styleUrl>			<visibility>0</visibility>
			<ExtendedData>
				<SchemaData schemaUrl="#parcelles-des-personnes-morales_05_groupe_personne_1.schema">
					<SimpleData name="Numero de Parcelle">051730000B1627</SimpleData>
					<SimpleData name="Departement">05</SimpleData>
					<SimpleData name="Commune">UPAIX</SimpleData>
					<SimpleData name="Adresse">RIBAOUS</SimpleData>
					<SimpleData name="Groupe de personne">Etat</SimpleData>
					<SimpleData name="Forme Juridique Abregee">ETAT</SimpleData>
					<SimpleData name="Denomination">ETAT PAR DIRECTION DE L IMMOBILIER DE L ETAT</SimpleData>
				</SchemaData>
			</ExtendedData>
	<Region>
		<LatLonAltBox>
			<north> 44.3300313669718 </north>
			<south> 44.3296639424915 </south>
			<east> 5.897085205793431 </east>
			<west> 5.89691796420054 </west>
		</LatLonAltBox>
		<Lod>
			<minLodPixels>100</minLodPixels>
			<maxLodPixels>-1</maxLodPixels>
		</Lod>
	</Region>
			<Polygon><altitudeMode>relativeToGround</altitudeMode>
				<outerBoundaryIs>
					<LinearRing>
						<coordinates>							5.89701920806589,44.3297223461166,0 5.89701337538382,44.3297088984236,0 5.896993512332049,44.329664023815,0 5.89691796420054,44.3296639424915,0 5.89695059505455,44.3297302789442,0 5.897085205793431,44.3300313669718,0 5.89701920806589,44.3297223461166,0 
						</coordinates>
					</LinearRing>
				</outerBoundaryIs>
			</Polygon>
		</Placemark>
		<Placemark id="parcelles-des-personnes-morales_05_groupe_personne_1.4863">
		<styleUrl>#ETAT</styleUrl>			<visibility>0</visibility>
			<ExtendedData>
				<SchemaData schemaUrl="#parcelles-des-personnes-morales_05_groupe_personne_1.schema">
					<SimpleData name="Numero de Parcelle">051730000B1628</SimpleData>
					<SimpleData name="Departement">05</SimpleData>
					<SimpleData name="Commune">UPAIX</SimpleData>
					<SimpleData name="Adresse">RIBAOUS</SimpleData>
					<SimpleData name="Groupe de personne">Etat</SimpleData>
					<SimpleData name="Forme Juridique Abregee">ETAT</SimpleData>
					<SimpleData name="Denomination">ETAT PAR DIRECTION DE L IMMOBILIER DE L ETAT</SimpleData>
				</SchemaData>
			</ExtendedData>
	<Region>
		<LatLonAltBox>
			<north> 44.3297223461166 </north>
			<south> 44.329664023815 </south>
			<east> 5.89701920806589 </east>
			<west> 5.896993512332049 </west>
		</LatLonAltBox>
		<Lod>
			<minLodPixels>100</minLodPixels>
			<maxLodPixels>-1</maxLodPixels>
		</Lod>
	</Region>
			<Polygon><altitudeMode>relativeToGround</altitudeMode>
				<outerBoundaryIs>
					<LinearRing>
						<coordinates>							5.89701920806589,44.3297223461166,0 5.89700681459777,44.3296640336464,0 5.896993512332049,44.329664023815,0 5.89701337538382,44.3297088984236,0 5.89701920806589,44.3297223461166,0 
						</coordinates>
					</LinearRing>
				</outerBoundaryIs>
			</Polygon>
		</Placemark>
		<Placemark id="parcelles-des-personnes-morales_05_groupe_personne_1.4866">
		<styleUrl>#ETAT</styleUrl>			<visibility>0</visibility>
			<ExtendedData>
				<SchemaData schemaUrl="#parcelles-des-personnes-morales_05_groupe_personne_1.schema">
					<SimpleData name="Numero de Parcelle">051730000B1629</SimpleData>
					<SimpleData name="Departement">05</SimpleData>
					<SimpleData name="Commune">UPAIX</SimpleData>
					<SimpleData name="Adresse">RIBAOUS</SimpleData>
					<SimpleData name="Groupe de personne">Etat</SimpleData>
					<SimpleData name="Forme Juridique Abregee">ETAT</SimpleData>
					<SimpleData name="Denomination">ETAT PAR DIRECTION DE L IMMOBILIER DE L ETAT</SimpleData>
				</SchemaData>
			</ExtendedData>
	<Region>
		<LatLonAltBox>
			<north> 44.3296394024095 </north>
			<south> 44.3292329435258 </south>
			<east> 5.89690579189354 </east>
			<west> 5.896506232018321 </west>
		</LatLonAltBox>
		<Lod>
			<minLodPixels>100</minLodPixels>
			<maxLodPixels>-1</maxLodPixels>
		</Lod>
	</Region>
			<Polygon><altitudeMode>relativeToGround</altitudeMode>
				<outerBoundaryIs>
					<LinearRing>
						<coordinates>							5.896506232018321,44.3296392995173,0 5.89690579189354,44.3296394024095,0 5.89670556141349,44.3292329435258,0 5.896655265042461,44.3292481401142,0 5.896506232018321,44.3296392995173,0 
						</coordinates>
					</LinearRing>
				</outerBoundaryIs>
			</Polygon>
		</Placemark>
		<Placemark id="parcelles-des-personnes-morales_05_groupe_personne_1.4893">
		<styleUrl>#ETAT</styleUrl>			<visibility>0</visibility>
			<ExtendedData>
				<SchemaData schemaUrl="#parcelles-des-personnes-morales_05_groupe_personne_1.schema">
					<SimpleData name="Numero de Parcelle">051730000B1630</SimpleData>
					<SimpleData name="Departement">05</SimpleData>
					<SimpleData name="Commune">UPAIX</SimpleData>
					<SimpleData name="Adresse">RIBAOUS</SimpleData>
					<SimpleData name="Groupe de personne">Etat</SimpleData>
					<SimpleData name="Forme Juridique Abregee">ETAT</SimpleData>
					<SimpleData name="Denomination">ETAT PAR DIRECTION DE L IMMOBILIER DE L ETAT</SimpleData>
				</SchemaData>
			</ExtendedData>
	<Region>
		<LatLonAltBox>
			<north> 44.3296394935789 </north>
			<south> 44.3290815152441 </south>
			<east> 5.897353751847199 </east>
			<west> 5.89670556141349 </west>
		</LatLonAltBox>
		<Lod>
			<minLodPixels>100</minLodPixels>
			<maxLodPixels>-1</maxLodPixels>
		</Lod>
	</Region>
			<Polygon><altitudeMode>relativeToGround</altitudeMode>
				<outerBoundaryIs>
					<LinearRing>
						<coordinates>							5.89709235018944,44.3290815152441,0 5.89700225161905,44.3291428883813,0 5.89670556141349,44.3292329435258,0 5.89690579189354,44.3296394024095,0 5.89724762663066,44.3296394935789,0 5.897276067164151,44.3296336999836,0 5.89730257380846,44.3296244444019,0 5.89732652456322,44.3296118332999,0 5.89734681915421,44.3295964361229,0 5.897353751847199,44.3295896779525,0 5.8972918684101,44.3295279856403,0 5.89727044015692,44.3294647769691,0 5.89709630069242,44.3290900583805,0 5.89709235018944,44.3290815152441,0 
						</coordinates>
					</LinearRing>
				</outerBoundaryIs>
			</Polygon>
		</Placemark>
		<Placemark id="parcelles-des-personnes-morales_05_groupe_personne_1.12231">
		<styleUrl>#ETAT</styleUrl>			<visibility>0</visibility>
			<ExtendedData>
				<SchemaData schemaUrl="#parcelles-des-personnes-morales_05_groupe_personne_1.schema">
					<SimpleData name="Numero de Parcelle">051730000A0464</SimpleData>
					<SimpleData name="Departement">05</SimpleData>
					<SimpleData name="Commune">UPAIX</SimpleData>
					<SimpleData name="Adresse">BEYNON</SimpleData>
					<SimpleData name="Groupe de personne">Etat</SimpleData>
					<SimpleData name="Forme Juridique Abregee">ETAT</SimpleData>
					<SimpleData name="Denomination">ETAT PAR DIRECTION DE L IMMOBILIER DE L ETAT</SimpleData>
				</SchemaData>
			</ExtendedData>
	<Region>
		<LatLonAltBox>
			<north> 44.3444899926045 </north>
			<south> 44.3442983223683 </south>
			<east> 5.90678173055605 </east>
			<west> 5.90644923260332 </west>
		</LatLonAltBox>
		<Lod>
			<minLodPixels>100</minLodPixels>
			<maxLodPixels>-1</maxLodPixels>
		</Lod>
	</Region>
			<Polygon><altitudeMode>relativeToGround</altitudeMode>
				<outerBoundaryIs>
					<LinearRing>
						<coordinates>							5.90654318887791,44.3442983223683,0 5.9065225094187,44.3443185054901,0 5.90644923260332,44.3443899808199,0 5.90649531037605,44.3444220013128,0 5.906514646512609,44.3444074384259,0 5.906616823961379,44.344461306097,0 5.906669760010209,44.3444899926045,0 5.906708405947111,44.3444554628816,0 5.90672581098509,44.3444399601525,0 5.90675320796937,44.3444528376112,0 5.90678173055605,44.3444265021225,0 5.90659830648916,44.3443279420904,0 5.90654318887791,44.3442983223683,0 
						</coordinates>
					</LinearRing>
				</outerBoundaryIs>
			</Polygon>
		</Placemark>
		<Placemark id="parcelles-des-personnes-morales_05_groupe_personne_1.14259">
		<styleUrl>#ETAT</styleUrl>			<visibility>0</visibility>
			<ExtendedData>
				<SchemaData schemaUrl="#parcelles-des-personnes-morales_05_groupe_personne_1.schema">
					<SimpleData name="Numero de Parcelle">051730000B0628</SimpleData>
					<SimpleData name="Departement">05</SimpleData>
					<SimpleData name="Commune">UPAIX</SimpleData>
					<SimpleData name="Adresse">LES PLAINES</SimpleData>
					<SimpleData name="Groupe de personne">Etat</SimpleData>
					<SimpleData name="Forme Juridique Abregee">ETAT</SimpleData>
					<SimpleData name="Denomination">ETAT PAR DIRECTION DE L IMMOBILIER DE L ETAT</SimpleData>
				</SchemaData>
			</ExtendedData>
	<Region>
		<LatLonAltBox>
			<north> 44.3415633075689 </north>
			<south> 44.3413471341764 </south>
			<east> 5.904008669458721 </east>
			<west> 5.90369517131765 </west>
		</LatLonAltBox>
		<Lod>
			<minLodPixels>100</minLodPixels>
			<maxLodPixels>-1</maxLodPixels>
		</Lod>
	</Region>
			<Polygon><altitudeMode>relativeToGround</altitudeMode>
				<outerBoundaryIs>
					<LinearRing>
						<coordinates>							5.904008669458721,44.3414218550029,0 5.90393542899028,44.3413471341764,0 5.90369517131765,44.3414862498785,0 5.903775434769891,44.3415633075689,0 5.904008669458721,44.3414218550029,0 
						</coordinates>
					</LinearRing>
				</outerBoundaryIs>
			</Polygon>
		</Placemark>
		<Placemark id="parcelles-des-personnes-morales_05_groupe_personne_1.14268">
		<styleUrl>#ETAT</styleUrl>			<visibility>0</visibility>
			<ExtendedData>
				<SchemaData schemaUrl="#parcelles-des-personnes-morales_05_groupe_personne_1.schema">
					<SimpleData name="Numero de Parcelle">051730000B0629</SimpleData>
					<SimpleData name="Departement">05</SimpleData>
					<SimpleData name="Commune">UPAIX</SimpleData>
					<SimpleData name="Adresse">LES PLAINES</SimpleData>
					<SimpleData name="Groupe de personne">Etat</SimpleData>
					<SimpleData name="Forme Juridique Abregee">ETAT</SimpleData>
					<SimpleData name="Denomination">ETAT PAR DIRECTION DE L IMMOBILIER DE L ETAT</SimpleData>
				</SchemaData>
			</ExtendedData>
	<Region>
		<LatLonAltBox>
			<north> 44.3414862498785 </north>
			<south> 44.3412761053344 </south>
			<east> 5.90393542899028 </east>
			<west> 5.90362275157905 </west>
		</LatLonAltBox>
		<Lod>
			<minLodPixels>100</minLodPixels>
			<maxLodPixels>-1</maxLodPixels>
		</Lod>
	</Region>
			<Polygon><altitudeMode>relativeToGround</altitudeMode>
				<outerBoundaryIs>
					<LinearRing>
						<coordinates>							5.903865641368881,44.3412761053344,0 5.90362275157905,44.341415290375,0 5.90369517131765,44.3414862498785,0 5.90393542899028,44.3413471341764,0 5.903865641368881,44.3412761053344,0 
						</coordinates>
					</LinearRing>
				</outerBoundaryIs>
			</Polygon>
		</Placemark>
		<Placemark id="parcelles-des-personnes-morales_05_groupe_personne_1.14309">
		<styleUrl>#ETAT</styleUrl>			<visibility>0</visibility>
			<ExtendedData>
				<SchemaData schemaUrl="#parcelles-des-personnes-morales_05_groupe_personne_1.schema">
					<SimpleData name="Numero de Parcelle">051730000B0630</SimpleData>
					<SimpleData name="Departement">05</SimpleData>
					<SimpleData name="Commune">UPAIX</SimpleData>
					<SimpleData name="Adresse">LES PLAINES</SimpleData>
					<SimpleData name="Groupe de personne">Etat</SimpleData>
					<SimpleData name="Forme Juridique Abregee">ETAT</SimpleData>
					<SimpleData name="Denomination">ETAT PAR DIRECTION DE L IMMOBILIER DE L ETAT</SimpleData>
				</SchemaData>
			</ExtendedData>
	<Region>
		<LatLonAltBox>
			<north> 44.341415290375 </north>
			<south> 44.341101446358 </south>
			<east> 5.903865641368881 </east>
			<west> 5.90350436032045 </west>
		</LatLonAltBox>
		<Lod>
			<minLodPixels>100</minLodPixels>
			<maxLodPixels>-1</maxLodPixels>
		</Lod>
	</Region>
			<Polygon><altitudeMode>relativeToGround</altitudeMode>
				<outerBoundaryIs>
					<LinearRing>
						<coordinates>							5.90383158438127,44.341101446358,0 5.90350436032045,44.3412996057356,0 5.90362275157905,44.341415290375,0 5.903865641368881,44.3412761053344,0 5.903815662151981,44.3412070755764,0 5.90381527637127,44.3411677225321,0 5.90382071472295,44.3411342508059,0 5.90383158438127,44.341101446358,0 
						</coordinates>
					</LinearRing>
				</outerBoundaryIs>
			</Polygon>
		</Placemark>
		<Placemark id="parcelles-des-personnes-morales_05_groupe_personne_1.14662">
		<styleUrl>#ETAT</styleUrl>			<visibility>0</visibility>
			<ExtendedData>
				<SchemaData schemaUrl="#parcelles-des-personnes-morales_05_groupe_personne_1.schema">
					<SimpleData name="Numero de Parcelle">051730000B0663</SimpleData>
					<SimpleData name="Departement">05</SimpleData>
					<SimpleData name="Commune">UPAIX</SimpleData>
					<SimpleData name="Adresse">ST MARTIN</SimpleData>
					<SimpleData name="Groupe de personne">Etat</SimpleData>
					<SimpleData name="Forme Juridique Abregee">ETAT</SimpleData>
					<SimpleData name="Denomination">ETAT PAR DIRECTION DE L IMMOBILIER DE L ETAT</SimpleData>
				</SchemaData>
			</ExtendedData>
	<Region>
		<LatLonAltBox>
			<north> 44.3091888253785 </north>
			<south> 44.3091289072848 </south>
			<east> 5.90083290651706 </east>
			<west> 5.90072100444169 </west>
		</LatLonAltBox>
		<Lod>
			<minLodPixels>100</minLodPixels>
			<maxLodPixels>-1</maxLodPixels>
		</Lod>
	</Region>
			<Polygon><altitudeMode>relativeToGround</altitudeMode>
				<outerBoundaryIs>
					<LinearRing>
						<coordinates>							5.90083290651706,44.3091523518497,0 5.90076559799321,44.3091289072848,0 5.90072100444169,44.3091669245924,0 5.900781961812,44.3091888253785,0 5.90083290651706,44.3091523518497,0 
						</coordinates>
					</LinearRing>
				</outerBoundaryIs>
			</Polygon>
		</Placemark>
		<Placemark id="parcelles-des-personnes-morales_05_groupe_personne_1.15384">
		<styleUrl>#ETAT</styleUrl>			<visibility>0</visibility>
			<ExtendedData>
				<SchemaData schemaUrl="#parcelles-des-personnes-morales_05_groupe_personne_1.schema">
					<SimpleData name="Numero de Parcelle">051730000B0722</SimpleData>
					<SimpleData name="Departement">05</SimpleData>
					<SimpleData name="Commune">UPAIX</SimpleData>
					<SimpleData name="Adresse">ROUREBEAU</SimpleData>
					<SimpleData name="Groupe de personne">Etat</SimpleData>
					<SimpleData name="Forme Juridique Abregee">ETAT</SimpleData>
					<SimpleData name="Denomination">ETAT PAR DIRECTION DE L IMMOBILIER DE L ETAT</SimpleData>
				</SchemaData>
			</ExtendedData>
	<Region>
		<LatLonAltBox>
			<north> 44.3186116168205 </north>
			<south> 44.3184559203761 </south>
			<east> 5.89354345743959 </east>
			<west> 5.893263923431409 </west>
		</LatLonAltBox>
		<Lod>
			<minLodPixels>100</minLodPixels>
			<maxLodPixels>-1</maxLodPixels>
		</Lod>
	</Region>
			<Polygon><altitudeMode>relativeToGround</altitudeMode>
				<outerBoundaryIs>
					<LinearRing>
						<coordinates>							5.893288427951219,44.3184559203761,0 5.893263923431409,44.3184698963252,0 5.89328894041492,44.3185224720383,0 5.89331878424736,44.3185737497446,0 5.89334480678173,44.3186116168205,0 5.89354345743959,44.31860260535,0 5.893288427951219,44.3184559203761,0 
						</coordinates>
					</LinearRing>
				</outerBoundaryIs>
			</Polygon>
		</Placemark>
		<Placemark id="parcelles-des-personnes-morales_05_groupe_personne_1.15392">
		<styleUrl>#ETAT</styleUrl>			<visibility>0</visibility>
			<ExtendedData>
				<SchemaData schemaUrl="#parcelles-des-personnes-morales_05_groupe_personne_1.schema">
					<SimpleData name="Numero de Parcelle">051730000B0723</SimpleData>
					<SimpleData name="Departement">05</SimpleData>
					<SimpleData name="Commune">UPAIX</SimpleData>
					<SimpleData name="Adresse">ROUREBEAU</SimpleData>
					<SimpleData name="Groupe de personne">Etat</SimpleData>
					<SimpleData name="Forme Juridique Abregee">ETAT</SimpleData>
					<SimpleData name="Denomination">ETAT PAR DIRECTION DE L IMMOBILIER DE L ETAT</SimpleData>
				</SchemaData>
			</ExtendedData>
	<Region>
		<LatLonAltBox>
			<north> 44.3186057535267 </north>
			<south> 44.3183602071601 </south>
			<east> 5.893567581756979 </east>
			<west> 5.893288427951219 </west>
		</LatLonAltBox>
		<Lod>
			<minLodPixels>100</minLodPixels>
			<maxLodPixels>-1</maxLodPixels>
		</Lod>
	</Region>
			<Polygon><altitudeMode>relativeToGround</altitudeMode>
				<outerBoundaryIs>
					<LinearRing>
						<coordinates>							5.893567581756979,44.3186057535267,0 5.89354445415014,44.3185778986646,0 5.893525879804359,44.3185483026133,0 5.89351225297295,44.3185173152968,0 5.8935039725006,44.3184853765926,0 5.893500810755681,44.3184529428661,0 5.89349582441649,44.3183602071601,0 5.89341277467201,44.3183849116404,0 5.893288427951219,44.3184559203761,0 5.89354345743959,44.31860260535,0 5.893567581756979,44.3186057535267,0 
						</coordinates>
					</LinearRing>
				</outerBoundaryIs>
			</Polygon>
		</Placemark>
		<Placemark id="parcelles-des-personnes-morales_05_groupe_personne_1.16160">
		<styleUrl>#ETAT</styleUrl>			<visibility>0</visibility>
			<ExtendedData>
				<SchemaData schemaUrl="#parcelles-des-personnes-morales_05_groupe_personne_1.schema">
					<SimpleData name="Numero de Parcelle">051730000B0008</SimpleData>
					<SimpleData name="Departement">05</SimpleData>
					<SimpleData name="Commune">UPAIX</SimpleData>
					<SimpleData name="Adresse">LES PLAINES</SimpleData>
					<SimpleData name="Groupe de personne">Etat</SimpleData>
					<SimpleData name="Forme Juridique Abregee">ETAT</SimpleData>
					<SimpleData name="Denomination">ETAT PAR DIRECTION DE L IMMOBILIER DE L ETAT</SimpleData>
				</SchemaData>
			</ExtendedData>
	<Region>
		<LatLonAltBox>
			<north> 44.3420603746905 </north>
			<south> 44.3415859571504 </south>
			<east> 5.90483252933186 </east>
			<west> 5.904016894673461 </west>
		</LatLonAltBox>
		<Lod>
			<minLodPixels>100</minLodPixels>
			<maxLodPixels>-1</maxLodPixels>
		</Lod>
	</Region>
			<Polygon><altitudeMode>relativeToGround</altitudeMode>
				<outerBoundaryIs>
					<LinearRing>
						<coordinates>							5.904364357389,44.3415927947646,0 5.904016894673461,44.3417952733455,0 5.90429632977024,44.3420603746905,0 5.90452012473824,44.341940428266,0 5.90460040459252,44.3420153231579,0 5.90475326483291,44.3419317487726,0 5.90483252933186,44.3417885960463,0 5.90459256990486,44.3415859571504,0 5.904364357389,44.3415927947646,0 
						</coordinates>
					</LinearRing>
				</outerBoundaryIs>
			</Polygon>
		</Placemark>
		<Placemark id="parcelles-des-personnes-morales_05_groupe_personne_1.16369">
		<styleUrl>#ETAT</styleUrl>			<visibility>0</visibility>
			<ExtendedData>
				<SchemaData schemaUrl="#parcelles-des-personnes-morales_05_groupe_personne_1.schema">
					<SimpleData name="Numero de Parcelle">051730000B0810</SimpleData>
					<SimpleData name="Departement">05</SimpleData>
					<SimpleData name="Commune">UPAIX</SimpleData>
					<SimpleData name="Adresse">PRES ST MARTIN</SimpleData>
					<SimpleData name="Groupe de personne">Etat</SimpleData>
					<SimpleData name="Forme Juridique Abregee">ETAT</SimpleData>
					<SimpleData name="Denomination">ETAT PAR DIRECTION DE L IMMOBILIER DE L ETAT</SimpleData>
				</SchemaData>
			</ExtendedData>
	<Region>
		<LatLonAltBox>
			<north> 44.3061272191755 </north>
			<south> 44.3060391245613 </south>
			<east> 5.901532405827429 </east>
			<west> 5.90097561527324 </west>
		</LatLonAltBox>
		<Lod>
			<minLodPixels>100</minLodPixels>
			<maxLodPixels>-1</maxLodPixels>
		</Lod>
	</Region>
			<Polygon><altitudeMode>relativeToGround</altitudeMode>
				<outerBoundaryIs>
					<LinearRing>
						<coordinates>							5.90097561527324,44.3060391245613,0 5.90110504443315,44.3060583170736,0 5.90130364772609,44.3060909060822,0 5.901501062115369,44.3061272191755,0 5.901532405827429,44.3060681135927,0 5.90145241361316,44.306063920033,0 5.90097561527324,44.3060391245613,0 
						</coordinates>
					</LinearRing>
				</outerBoundaryIs>
			</Polygon>
		</Placemark>
		<Placemark id="parcelles-des-personnes-morales_05_groupe_personne_1.17097">
		<styleUrl>#ETAT</styleUrl>			<visibility>0</visibility>
			<ExtendedData>
				<SchemaData schemaUrl="#parcelles-des-personnes-morales_05_groupe_personne_1.schema">
					<SimpleData name="Numero de Parcelle">051730000B0881</SimpleData>
					<SimpleData name="Departement">05</SimpleData>
					<SimpleData name="Commune">UPAIX</SimpleData>
					<SimpleData name="Adresse">RIBAOUS</SimpleData>
					<SimpleData name="Groupe de personne">Etat</SimpleData>
					<SimpleData name="Forme Juridique Abregee">ETAT</SimpleData>
					<SimpleData name="Denomination">ETAT PAR DIRECTION DE L IMMOBILIER DE L ETAT</SimpleData>
				</SchemaData>
			</ExtendedData>
	<Region>
		<LatLonAltBox>
			<north> 44.3296393086098 </north>
			<south> 44.3292481401142 </south>
			<east> 5.896655265042461 </east>
			<west> 5.8959136574825 </west>
		</LatLonAltBox>
		<Lod>
			<minLodPixels>100</minLodPixels>
			<maxLodPixels>-1</maxLodPixels>
		</Lod>
	</Region>
			<Polygon><altitudeMode>relativeToGround</altitudeMode>
				<outerBoundaryIs>
					<LinearRing>
						<coordinates>							5.896506232018321,44.3296392995173,0 5.896655265042461,44.3292481401142,0 5.89623814454799,44.3293757752112,0 5.8959136574825,44.3294695328071,0 5.89601594199526,44.3296391528014,0 5.896488789616991,44.3296393086098,0 5.896506232018321,44.3296392995173,0 
						</coordinates>
					</LinearRing>
				</outerBoundaryIs>
			</Polygon>
		</Placemark>
		<Placemark id="parcelles-des-personnes-morales_05_groupe_personne_1.17116">
		<styleUrl>#ETAT</styleUrl>			<visibility>0</visibility>
			<ExtendedData>
				<SchemaData schemaUrl="#parcelles-des-personnes-morales_05_groupe_personne_1.schema">
					<SimpleData name="Numero de Parcelle">051730000B0886</SimpleData>
					<SimpleData name="Departement">05</SimpleData>
					<SimpleData name="Commune">UPAIX</SimpleData>
					<SimpleData name="Adresse">RIBAOUS</SimpleData>
					<SimpleData name="Groupe de personne">Etat</SimpleData>
					<SimpleData name="Forme Juridique Abregee">ETAT</SimpleData>
					<SimpleData name="Denomination">ETAT PAR DIRECTION DE L IMMOBILIER DE L ETAT</SimpleData>
				</SchemaData>
			</ExtendedData>
	<Region>
		<LatLonAltBox>
			<north> 44.3287695687247 </north>
			<south> 44.327798431101 </south>
			<east> 5.896911760368581 </east>
			<west> 5.895368288592571 </west>
		</LatLonAltBox>
		<Lod>
			<minLodPixels>100</minLodPixels>
			<maxLodPixels>-1</maxLodPixels>
		</Lod>
	</Region>
			<Polygon><altitudeMode>relativeToGround</altitudeMode>
				<outerBoundaryIs>
					<LinearRing>
						<coordinates>							5.89597847513628,44.3286950705951,0 5.89666003072673,44.3287645808585,0 5.896911760368581,44.3287695687247,0 5.89613136031181,44.3279275667055,0 5.89612871604864,44.3279249340995,0 5.89599676529407,44.327798431101,0 5.895368288592571,44.3278833493423,0 5.895856898245399,44.3286414351567,0 5.89597847513628,44.3286950705951,0 
						</coordinates>
					</LinearRing>
				</outerBoundaryIs>
			</Polygon>
		</Placemark>
		<Placemark id="parcelles-des-personnes-morales_05_groupe_personne_1.17120">
		<styleUrl>#ETAT</styleUrl>			<visibility>0</visibility>
			<ExtendedData>
				<SchemaData schemaUrl="#parcelles-des-personnes-morales_05_groupe_personne_1.schema">
					<SimpleData name="Numero de Parcelle">051730000B0888</SimpleData>
					<SimpleData name="Departement">05</SimpleData>
					<SimpleData name="Commune">UPAIX</SimpleData>
					<SimpleData name="Adresse">RIBAOUS</SimpleData>
					<SimpleData name="Groupe de personne">Etat</SimpleData>
					<SimpleData name="Forme Juridique Abregee">ETAT</SimpleData>
					<SimpleData name="Denomination">ETAT PAR DIRECTION DE L IMMOBILIER DE L ETAT</SimpleData>
				</SchemaData>
			</ExtendedData>
	<Region>
		<LatLonAltBox>
			<north> 44.3278833493423 </north>
			<south> 44.3275501080998 </south>
			<east> 5.89599676529407 </east>
			<west> 5.89520721159758 </west>
		</LatLonAltBox>
		<Lod>
			<minLodPixels>100</minLodPixels>
			<maxLodPixels>-1</maxLodPixels>
		</Lod>
	</Region>
			<Polygon><altitudeMode>relativeToGround</altitudeMode>
				<outerBoundaryIs>
					<LinearRing>
						<coordinates>							5.89599676529407,44.327798431101,0 5.8957431436138,44.3275501080998,0 5.89521918088865,44.3276347050303,0 5.89520721159758,44.3276337591455,0 5.895368288592571,44.3278833493423,0 5.89599676529407,44.327798431101,0 
						</coordinates>
					</LinearRing>
				</outerBoundaryIs>
			</Polygon>
		</Placemark>
		<Placemark id="parcelles-des-personnes-morales_05_groupe_personne_1.17159">
		<styleUrl>#ETAT</styleUrl>			<visibility>0</visibility>
			<ExtendedData>
				<SchemaData schemaUrl="#parcelles-des-personnes-morales_05_groupe_personne_1.schema">
					<SimpleData name="Numero de Parcelle">051730000B0890</SimpleData>
					<SimpleData name="Departement">05</SimpleData>
					<SimpleData name="Commune">UPAIX</SimpleData>
					<SimpleData name="Adresse">RIBAOUS</SimpleData>
					<SimpleData name="Groupe de personne">Etat</SimpleData>
					<SimpleData name="Forme Juridique Abregee">ETAT</SimpleData>
					<SimpleData name="Denomination">ETAT PAR DIRECTION DE L IMMOBILIER DE L ETAT</SimpleData>
				</SchemaData>
			</ExtendedData>
	<Region>
		<LatLonAltBox>
			<north> 44.3276034133542 </north>
			<south> 44.3271304596902 </south>
			<east> 5.89577690739997 </east>
			<west> 5.89511129298007 </west>
		</LatLonAltBox>
		<Lod>
			<minLodPixels>100</minLodPixels>
			<maxLodPixels>-1</maxLodPixels>
		</Lod>
	</Region>
			<Polygon><altitudeMode>relativeToGround</altitudeMode>
				<outerBoundaryIs>
					<LinearRing>
						<coordinates>							5.895592217453109,44.3275457958973,0 5.895611633029061,44.3274763771298,0 5.89561993179475,44.3274472444711,0 5.89577690739997,44.3271304596902,0 5.895581575422459,44.3271927115139,0 5.89540173295675,44.3272314958709,0 5.89539845808697,44.3272656304935,0 5.89511129298007,44.3274707267357,0 5.895186010002831,44.3275970263161,0 5.89521369182801,44.3276034133542,0 5.895592217453109,44.3275457958973,0 
						</coordinates>
					</LinearRing>
				</outerBoundaryIs>
			</Polygon>
		</Placemark>
		<Placemark id="parcelles-des-personnes-morales_05_groupe_personne_1.17174">
		<styleUrl>#ETAT</styleUrl>			<visibility>0</visibility>
			<ExtendedData>
				<SchemaData schemaUrl="#parcelles-des-personnes-morales_05_groupe_personne_1.schema">
					<SimpleData name="Numero de Parcelle">051730000B0896</SimpleData>
					<SimpleData name="Departement">05</SimpleData>
					<SimpleData name="Commune">UPAIX</SimpleData>
					<SimpleData name="Adresse">CURATTES</SimpleData>
					<SimpleData name="Groupe de personne">Etat</SimpleData>
					<SimpleData name="Forme Juridique Abregee">ETAT</SimpleData>
					<SimpleData name="Denomination">ETAT PAR DIRECTION DE L IMMOBILIER DE L ETAT</SimpleData>
				</SchemaData>
			</ExtendedData>
	<Region>
		<LatLonAltBox>
			<north> 44.3268494639994 </north>
			<south> 44.3256585349009 </south>
			<east> 5.8953195628111 </east>
			<west> 5.89438735631323 </west>
		</LatLonAltBox>
		<Lod>
			<minLodPixels>100</minLodPixels>
			<maxLodPixels>-1</maxLodPixels>
		</Lod>
	</Region>
			<Polygon><altitudeMode>relativeToGround</altitudeMode>
				<outerBoundaryIs>
					<LinearRing>
						<coordinates>							5.89530213834276,44.3265692743499,0 5.89526434801428,44.3263945330294,0 5.89512344365604,44.3259060732896,0 5.89509096543544,44.3258401828863,0 5.89498707215449,44.3256585349009,0 5.89438735631323,44.3257779100765,0 5.894912688806301,44.3266831151658,0 5.89497502032228,44.3268494639994,0 5.8953195628111,44.3267359047605,0 5.89530213834276,44.3265692743499,0 
						</coordinates>
					</LinearRing>
				</outerBoundaryIs>
			</Polygon>
		</Placemark>
		<Placemark id="parcelles-des-personnes-morales_05_groupe_personne_1.17175">
		<styleUrl>#ETAT</styleUrl>			<visibility>0</visibility>
			<ExtendedData>
				<SchemaData schemaUrl="#parcelles-des-personnes-morales_05_groupe_personne_1.schema">
					<SimpleData name="Numero de Parcelle">051730000B0898</SimpleData>
					<SimpleData name="Departement">05</SimpleData>
					<SimpleData name="Commune">UPAIX</SimpleData>
					<SimpleData name="Adresse">CURATTES</SimpleData>
					<SimpleData name="Groupe de personne">Etat</SimpleData>
					<SimpleData name="Forme Juridique Abregee">ETAT</SimpleData>
					<SimpleData name="Denomination">ETAT PAR DIRECTION DE L IMMOBILIER DE L ETAT</SimpleData>
				</SchemaData>
			</ExtendedData>
	<Region>
		<LatLonAltBox>
			<north> 44.3257779100765 </north>
			<south> 44.3254060701344 </south>
			<east> 5.8951810958293 </east>
			<west> 5.894158341958869 </west>
		</LatLonAltBox>
		<Lod>
			<minLodPixels>100</minLodPixels>
			<maxLodPixels>-1</maxLodPixels>
		</Lod>
	</Region>
			<Polygon><altitudeMode>relativeToGround</altitudeMode>
				<outerBoundaryIs>
					<LinearRing>
						<coordinates>							5.89498707215449,44.3256585349009,0 5.8951810958293,44.3255953276814,0 5.894956577771659,44.3254865739633,0 5.89477779793362,44.3254060701344,0 5.894158341958869,44.3254877720419,0 5.89438735631323,44.3257779100765,0 5.89498707215449,44.3256585349009,0 
						</coordinates>
					</LinearRing>
				</outerBoundaryIs>
			</Polygon>
		</Placemark>
		<Placemark id="parcelles-des-personnes-morales_05_groupe_personne_1.17176">
		<styleUrl>#ETAT</styleUrl>			<visibility>0</visibility>
			<ExtendedData>
				<SchemaData schemaUrl="#parcelles-des-personnes-morales_05_groupe_personne_1.schema">
					<SimpleData name="Numero de Parcelle">051730000B0899</SimpleData>
					<SimpleData name="Departement">05</SimpleData>
					<SimpleData name="Commune">UPAIX</SimpleData>
					<SimpleData name="Adresse">CURATTES</SimpleData>
					<SimpleData name="Groupe de personne">Etat</SimpleData>
					<SimpleData name="Forme Juridique Abregee">ETAT</SimpleData>
					<SimpleData name="Denomination">ETAT PAR DIRECTION DE L IMMOBILIER DE L ETAT</SimpleData>
				</SchemaData>
			</ExtendedData>
	<Region>
		<LatLonAltBox>
			<north> 44.3255509860527 </north>
			<south> 44.3249244756103 </south>
			<east> 5.894158341958869 </east>
			<west> 5.89338368152338 </west>
		</LatLonAltBox>
		<Lod>
			<minLodPixels>100</minLodPixels>
			<maxLodPixels>-1</maxLodPixels>
		</Lod>
	</Region>
			<Polygon><altitudeMode>relativeToGround</altitudeMode>
				<outerBoundaryIs>
					<LinearRing>
						<coordinates>							5.894158341958869,44.3254877720419,0 5.893790821035481,44.3250309474336,0 5.893770709030131,44.324990943052,0 5.89361297676549,44.3249244756103,0 5.89338368152338,44.3249530286741,0 5.89369704759658,44.3255509860527,0 5.894158341958869,44.3254877720419,0 
						</coordinates>
					</LinearRing>
				</outerBoundaryIs>
			</Polygon>
		</Placemark>
		<Placemark id="parcelles-des-personnes-morales_05_groupe_personne_1.17200">
		<styleUrl>#ETAT</styleUrl>			<visibility>0</visibility>
			<ExtendedData>
				<SchemaData schemaUrl="#parcelles-des-personnes-morales_05_groupe_personne_1.schema">
					<SimpleData name="Numero de Parcelle">051730000B0009</SimpleData>
					<SimpleData name="Departement">05</SimpleData>
					<SimpleData name="Commune">UPAIX</SimpleData>
					<SimpleData name="Adresse">LES PLAINES</SimpleData>
					<SimpleData name="Groupe de personne">Etat</SimpleData>
					<SimpleData name="Forme Juridique Abregee">ETAT</SimpleData>
					<SimpleData name="Denomination">ETAT PAR DIRECTION DE L IMMOBILIER DE L ETAT</SimpleData>
				</SchemaData>
			</ExtendedData>
	<Region>
		<LatLonAltBox>
			<north> 44.34224769528 </north>
			<south> 44.3419317487726 </south>
			<east> 5.90475326483291 </east>
			<west> 5.90429632977024 </west>
		</LatLonAltBox>
		<Lod>
			<minLodPixels>100</minLodPixels>
			<maxLodPixels>-1</maxLodPixels>
		</Lod>
	</Region>
			<Polygon><altitudeMode>relativeToGround</altitudeMode>
				<outerBoundaryIs>
					<LinearRing>
						<coordinates>							5.90475326483291,44.3419317487726,0 5.90460040459252,44.3420153231579,0 5.90452012473824,44.341940428266,0 5.90429632977024,44.3420603746905,0 5.90449559030636,44.34224769528,0 5.90461291807221,44.3421785708965,0 5.90475326483291,44.3419317487726,0 
						</coordinates>
					</LinearRing>
				</outerBoundaryIs>
			</Polygon>
		</Placemark>
		<Placemark id="parcelles-des-personnes-morales_05_groupe_personne_1.17282">
		<styleUrl>#ETAT</styleUrl>			<visibility>0</visibility>
			<ExtendedData>
				<SchemaData schemaUrl="#parcelles-des-personnes-morales_05_groupe_personne_1.schema">
					<SimpleData name="Numero de Parcelle">051730000B0900</SimpleData>
					<SimpleData name="Departement">05</SimpleData>
					<SimpleData name="Commune">UPAIX</SimpleData>
					<SimpleData name="Adresse">CURATTES</SimpleData>
					<SimpleData name="Groupe de personne">Etat</SimpleData>
					<SimpleData name="Forme Juridique Abregee">ETAT</SimpleData>
					<SimpleData name="Denomination">ETAT PAR DIRECTION DE L IMMOBILIER DE L ETAT</SimpleData>
				</SchemaData>
			</ExtendedData>
	<Region>
		<LatLonAltBox>
			<north> 44.3254877720419 </north>
			<south> 44.324990943052 </south>
			<east> 5.89477779793362 </east>
			<west> 5.893770709030131 </west>
		</LatLonAltBox>
		<Lod>
			<minLodPixels>100</minLodPixels>
			<maxLodPixels>-1</maxLodPixels>
		</Lod>
	</Region>
			<Polygon><altitudeMode>relativeToGround</altitudeMode>
				<outerBoundaryIs>
					<LinearRing>
						<coordinates>							5.894158341958869,44.3254877720419,0 5.89477779793362,44.3254060701344,0 5.894342557394721,44.3252006279061,0 5.894093566735741,44.3251531371956,0 5.89397453048622,44.3250778151534,0 5.893770709030131,44.324990943052,0 5.893790821035481,44.3250309474336,0 5.894158341958869,44.3254877720419,0 
						</coordinates>
					</LinearRing>
				</outerBoundaryIs>
			</Polygon>
		</Placemark>
		<Placemark id="parcelles-des-personnes-morales_05_groupe_personne_1.17284">
		<styleUrl>#ETAT</styleUrl>			<visibility>0</visibility>
			<ExtendedData>
				<SchemaData schemaUrl="#parcelles-des-personnes-morales_05_groupe_personne_1.schema">
					<SimpleData name="Numero de Parcelle">051730000B0901</SimpleData>
					<SimpleData name="Departement">05</SimpleData>
					<SimpleData name="Commune">UPAIX</SimpleData>
					<SimpleData name="Adresse">CURATTES</SimpleData>
					<SimpleData name="Groupe de personne">Etat</SimpleData>
					<SimpleData name="Forme Juridique Abregee">ETAT</SimpleData>
					<SimpleData name="Denomination">ETAT PAR DIRECTION DE L IMMOBILIER DE L ETAT</SimpleData>
				</SchemaData>
			</ExtendedData>
	<Region>
		<LatLonAltBox>
			<north> 44.3249644434766 </north>
			<south> 44.3247433968423 </south>
			<east> 5.893757686158811 </east>
			<west> 5.89361634729824 </west>
		</LatLonAltBox>
		<Lod>
			<minLodPixels>100</minLodPixels>
			<maxLodPixels>-1</maxLodPixels>
		</Lod>
	</Region>
			<Polygon><altitudeMode>relativeToGround</altitudeMode>
				<outerBoundaryIs>
					<LinearRing>
						<coordinates>							5.89364827329206,44.3247433968423,0 5.89361634729824,44.324904480348,0 5.893757686158811,44.3249644434766,0 5.89364827329206,44.3247433968423,0 
						</coordinates>
					</LinearRing>
				</outerBoundaryIs>
			</Polygon>
		</Placemark>
		<Placemark id="parcelles-des-personnes-morales_05_groupe_personne_1.17287">
		<styleUrl>#ETAT</styleUrl>			<visibility>0</visibility>
			<ExtendedData>
				<SchemaData schemaUrl="#parcelles-des-personnes-morales_05_groupe_personne_1.schema">
					<SimpleData name="Numero de Parcelle">051730000B0902</SimpleData>
					<SimpleData name="Departement">05</SimpleData>
					<SimpleData name="Commune">UPAIX</SimpleData>
					<SimpleData name="Adresse">CURATTES</SimpleData>
					<SimpleData name="Groupe de personne">Etat</SimpleData>
					<SimpleData name="Forme Juridique Abregee">ETAT</SimpleData>
					<SimpleData name="Denomination">ETAT PAR DIRECTION DE L IMMOBILIER DE L ETAT</SimpleData>
				</SchemaData>
			</ExtendedData>
	<Region>
		<LatLonAltBox>
			<north> 44.3253228146192 </north>
			<south> 44.3245928459162 </south>
			<east> 5.89492393291232 </east>
			<west> 5.893635941769561 </west>
		</LatLonAltBox>
		<Lod>
			<minLodPixels>100</minLodPixels>
			<maxLodPixels>-1</maxLodPixels>
		</Lod>
	</Region>
			<Polygon><altitudeMode>relativeToGround</altitudeMode>
				<outerBoundaryIs>
					<LinearRing>
						<coordinates>							5.89364827329206,44.3247433968423,0 5.893757686158811,44.3249644434766,0 5.89398034610603,44.325059016567,0 5.894100158404521,44.3251323365252,0 5.894379729682589,44.3251963165863,0 5.89465220643391,44.3253228146192,0 5.89483864194845,44.3251282982967,0 5.89492393291232,44.3250392203579,0 5.894809030726709,44.3249736085225,0 5.89470062013023,44.3249662843183,0 5.89447039833035,44.3249373962305,0 5.89442741178946,44.3249310516531,0 5.894333569712701,44.3249141559239,0 5.89424117750304,44.3248937090276,0 5.894150606508549,44.3248696111186,0 5.89398880284814,44.3248143306038,0 5.89382792476224,44.3247378578937,0 5.893721143217859,44.3246690587731,0 5.893635941769561,44.3245928459162,0 5.89365468052079,44.3247116119207,0 5.89364827329206,44.3247433968423,0 
						</coordinates>
					</LinearRing>
				</outerBoundaryIs>
			</Polygon>
		</Placemark>
		<Placemark id="parcelles-des-personnes-morales_05_groupe_personne_1.17290">
		<styleUrl>#ETAT</styleUrl>			<visibility>0</visibility>
			<ExtendedData>
				<SchemaData schemaUrl="#parcelles-des-personnes-morales_05_groupe_personne_1.schema">
					<SimpleData name="Numero de Parcelle">051730000B0904</SimpleData>
					<SimpleData name="Departement">05</SimpleData>
					<SimpleData name="Commune">UPAIX</SimpleData>
					<SimpleData name="Adresse">CURATTES</SimpleData>
					<SimpleData name="Groupe de personne">Etat</SimpleData>
					<SimpleData name="Forme Juridique Abregee">ETAT</SimpleData>
					<SimpleData name="Denomination">ETAT PAR DIRECTION DE L IMMOBILIER DE L ETAT</SimpleData>
				</SchemaData>
			</ExtendedData>
	<Region>
		<LatLonAltBox>
			<north> 44.3247433968423 </north>
			<south> 44.3243044317266 </south>
			<east> 5.89371659021833 </east>
			<west> 5.89345615140564 </west>
		</LatLonAltBox>
		<Lod>
			<minLodPixels>100</minLodPixels>
			<maxLodPixels>-1</maxLodPixels>
		</Lod>
	</Region>
			<Polygon><altitudeMode>relativeToGround</altitudeMode>
				<outerBoundaryIs>
					<LinearRing>
						<coordinates>							5.89364827329206,44.3247433968423,0 5.89365468052079,44.3247116119207,0 5.893635941769561,44.3245928459162,0 5.89363462357919,44.3245842334179,0 5.89371659021833,44.3244374158699,0 5.89352073931461,44.3243075480527,0 5.893515937544959,44.3243044317266,0 5.89345615140564,44.3243597798285,0 5.89364827329206,44.3247433968423,0 
						</coordinates>
					</LinearRing>
				</outerBoundaryIs>
			</Polygon>
		</Placemark>
		<Placemark id="parcelles-des-personnes-morales_05_groupe_personne_1.17291">
		<styleUrl>#ETAT</styleUrl>			<visibility>0</visibility>
			<ExtendedData>
				<SchemaData schemaUrl="#parcelles-des-personnes-morales_05_groupe_personne_1.schema">
					<SimpleData name="Numero de Parcelle">051730000B0905</SimpleData>
					<SimpleData name="Departement">05</SimpleData>
					<SimpleData name="Commune">UPAIX</SimpleData>
					<SimpleData name="Adresse">CURATTES</SimpleData>
					<SimpleData name="Groupe de personne">Etat</SimpleData>
					<SimpleData name="Forme Juridique Abregee">ETAT</SimpleData>
					<SimpleData name="Denomination">ETAT PAR DIRECTION DE L IMMOBILIER DE L ETAT</SimpleData>
				</SchemaData>
			</ExtendedData>
	<Region>
		<LatLonAltBox>
			<north> 44.3242724478382 </north>
			<south> 44.3240253612595 </south>
			<east> 5.89385770097424 </east>
			<west> 5.893468479794989 </west>
		</LatLonAltBox>
		<Lod>
			<minLodPixels>100</minLodPixels>
			<maxLodPixels>-1</maxLodPixels>
		</Lod>
	</Region>
			<Polygon><altitudeMode>relativeToGround</altitudeMode>
				<outerBoundaryIs>
					<LinearRing>
						<coordinates>							5.89382466009092,44.3240253612595,0 5.89360834281636,44.3241286056703,0 5.893468479794989,44.3242056074824,0 5.893550441303561,44.3242724478382,0 5.89370128498737,44.3241328250975,0 5.89385770097424,44.3240752938479,0 5.89382466009092,44.3240253612595,0 
						</coordinates>
					</LinearRing>
				</outerBoundaryIs>
			</Polygon>
		</Placemark>
		<Placemark id="parcelles-des-personnes-morales_05_groupe_personne_1.17402">
		<styleUrl>#ETAT</styleUrl>			<visibility>0</visibility>
			<ExtendedData>
				<SchemaData schemaUrl="#parcelles-des-personnes-morales_05_groupe_personne_1.schema">
					<SimpleData name="Numero de Parcelle">051730000B0922</SimpleData>
					<SimpleData name="Departement">05</SimpleData>
					<SimpleData name="Commune">UPAIX</SimpleData>
					<SimpleData name="Adresse">PRES ST MARTIN</SimpleData>
					<SimpleData name="Groupe de personne">Etat</SimpleData>
					<SimpleData name="Forme Juridique Abregee">ETAT</SimpleData>
					<SimpleData name="Denomination">ETAT PAR DIRECTION DE L IMMOBILIER DE L ETAT</SimpleData>
				</SchemaData>
			</ExtendedData>
	<Region>
		<LatLonAltBox>
			<north> 44.3054887909383 </north>
			<south> 44.3046551791829 </south>
			<east> 5.901704467079 </east>
			<west> 5.90076731525817 </west>
		</LatLonAltBox>
		<Lod>
			<minLodPixels>100</minLodPixels>
			<maxLodPixels>-1</maxLodPixels>
		</Lod>
	</Region>
			<Polygon><altitudeMode>relativeToGround</altitudeMode>
				<outerBoundaryIs>
					<LinearRing>
						<coordinates>							5.901704467079,44.3047296593312,0 5.901320330072619,44.3047113366585,0 5.90087331074587,44.3046946723333,0 5.90080317918633,44.3046551791829,0 5.900785758282381,44.3046554588151,0 5.90076731525817,44.3048587929923,0 5.90084258691682,44.3048761723718,0 5.900917550932809,44.3048973429438,0 5.90099031453969,44.3049220844444,0 5.90106073867088,44.3049501303259,0 5.90112832227642,44.3049814938186,0 5.9011930561545,44.3050159950223,0 5.90125443004209,44.3050534672625,0 5.90131218880762,44.3050938272056,0 5.90137747542426,44.3051513727611,0 5.90145875450049,44.3052444357938,0 5.901544098449819,44.3053605405905,0 5.90160865874223,44.3054871922769,0 5.90162316562264,44.3054887909383,0 5.901704467079,44.3047296593312,0 
						</coordinates>
					</LinearRing>
				</outerBoundaryIs>
			</Polygon>
		</Placemark>
		<Placemark id="parcelles-des-personnes-morales_05_groupe_personne_1.17411">
		<styleUrl>#ETAT</styleUrl>			<visibility>0</visibility>
			<ExtendedData>
				<SchemaData schemaUrl="#parcelles-des-personnes-morales_05_groupe_personne_1.schema">
					<SimpleData name="Numero de Parcelle">051730000B0927</SimpleData>
					<SimpleData name="Departement">05</SimpleData>
					<SimpleData name="Commune">UPAIX</SimpleData>
					<SimpleData name="Adresse">PRES ST MARTIN</SimpleData>
					<SimpleData name="Groupe de personne">Etat</SimpleData>
					<SimpleData name="Forme Juridique Abregee">ETAT</SimpleData>
					<SimpleData name="Denomination">ETAT PAR DIRECTION DE L IMMOBILIER DE L ETAT</SimpleData>
				</SchemaData>
			</ExtendedData>
	<Region>
		<LatLonAltBox>
			<north> 44.3047241243569 </north>
			<south> 44.3046576703216 </south>
			<east> 5.9004497652989 </east>
			<west> 5.90037771183919 </west>
		</LatLonAltBox>
		<Lod>
			<minLodPixels>100</minLodPixels>
			<maxLodPixels>-1</maxLodPixels>
		</Lod>
	</Region>
			<Polygon><altitudeMode>relativeToGround</altitudeMode>
				<outerBoundaryIs>
					<LinearRing>
						<coordinates>							5.9004497652989,44.3046587413546,0 5.90037771183919,44.3046576703216,0 5.900380342093361,44.3046698510207,0 5.900439940728279,44.3047241243569,0 5.9004497652989,44.3046587413546,0 
						</coordinates>
					</LinearRing>
				</outerBoundaryIs>
			</Polygon>
		</Placemark>
		<Placemark id="parcelles-des-personnes-morales_05_groupe_personne_1.17422">
		<styleUrl>#ETAT</styleUrl>			<visibility>0</visibility>
			<ExtendedData>
				<SchemaData schemaUrl="#parcelles-des-personnes-morales_05_groupe_personne_1.schema">
					<SimpleData name="Numero de Parcelle">051730000B0929</SimpleData>
					<SimpleData name="Departement">05</SimpleData>
					<SimpleData name="Commune">UPAIX</SimpleData>
					<SimpleData name="Adresse">PRES ST MARTIN</SimpleData>
					<SimpleData name="Groupe de personne">Etat</SimpleData>
					<SimpleData name="Forme Juridique Abregee">ETAT</SimpleData>
					<SimpleData name="Denomination">ETAT PAR DIRECTION DE L IMMOBILIER DE L ETAT</SimpleData>
				</SchemaData>
			</ExtendedData>
	<Region>
		<LatLonAltBox>
			<north> 44.3046593277415 </north>
			<south> 44.3044221588542 </south>
			<east> 5.90080317918633 </east>
			<west> 5.90034625935157 </west>
		</LatLonAltBox>
		<Lod>
			<minLodPixels>100</minLodPixels>
			<maxLodPixels>-1</maxLodPixels>
		</Lod>
	</Region>
			<Polygon><altitudeMode>relativeToGround</altitudeMode>
				<outerBoundaryIs>
					<LinearRing>
						<coordinates>							5.90080317918633,44.3046551791829,0 5.9007949136841,44.304650533316,0 5.90039011943588,44.3044221588542,0 5.90034625935157,44.304513660802,0 5.90037771183919,44.3046576703216,0 5.9004497652989,44.3046587413546,0 5.900482157071271,44.3046593277415,0 5.900785758282381,44.3046554588151,0 5.90080317918633,44.3046551791829,0 
						</coordinates>
					</LinearRing>
				</outerBoundaryIs>
			</Polygon>
		</Placemark>
		<Placemark id="parcelles-des-personnes-morales_05_groupe_personne_1.17575">
		<styleUrl>#ETAT</styleUrl>			<visibility>0</visibility>
			<ExtendedData>
				<SchemaData schemaUrl="#parcelles-des-personnes-morales_05_groupe_personne_1.schema">
					<SimpleData name="Numero de Parcelle">051730000B0955</SimpleData>
					<SimpleData name="Departement">05</SimpleData>
					<SimpleData name="Commune">UPAIX</SimpleData>
					<SimpleData name="Adresse">ROUREBEAU</SimpleData>
					<SimpleData name="Groupe de personne">Etat</SimpleData>
					<SimpleData name="Forme Juridique Abregee">ETAT</SimpleData>
					<SimpleData name="Denomination">ETAT PAR DIRECTION DE L IMMOBILIER DE L ETAT</SimpleData>
				</SchemaData>
			</ExtendedData>
	<Region>
		<LatLonAltBox>
			<north> 44.3205582371994 </north>
			<south> 44.3194587287532 </south>
			<east> 5.89341346049448 </east>
			<west> 5.89241649867454 </west>
		</LatLonAltBox>
		<Lod>
			<minLodPixels>100</minLodPixels>
			<maxLodPixels>-1</maxLodPixels>
		</Lod>
	</Region>
			<Polygon><altitudeMode>relativeToGround</altitudeMode>
				<outerBoundaryIs>
					<LinearRing>
						<coordinates>							5.89341346049448,44.3194819127671,0 5.892613814163481,44.3194587287532,0 5.892578700687549,44.3195844060076,0 5.892560321236859,44.3196667674391,0 5.89250635883463,44.319892653243,0 5.892447217430959,44.3201178646185,0 5.89245214309957,44.3202340214187,0 5.89241649867454,44.3205582371994,0 5.892588836184141,44.3205202853264,0 5.89291258646104,44.3203736822779,0 5.89295602304134,44.3203299339662,0 5.8929997433757,44.3201541286749,0 5.893066989379149,44.3199820278786,0 5.893118688161989,44.3198814051036,0 5.89320305185071,44.3197546116977,0 5.893402667559031,44.3195064269088,0 5.89341346049448,44.3194819127671,0 
						</coordinates>
					</LinearRing>
				</outerBoundaryIs>
			</Polygon>
		</Placemark>
		<Placemark id="parcelles-des-personnes-morales_05_groupe_personne_1.17583">
		<styleUrl>#ETAT</styleUrl>			<visibility>0</visibility>
			<ExtendedData>
				<SchemaData schemaUrl="#parcelles-des-personnes-morales_05_groupe_personne_1.schema">
					<SimpleData name="Numero de Parcelle">051730000B0958</SimpleData>
					<SimpleData name="Departement">05</SimpleData>
					<SimpleData name="Commune">UPAIX</SimpleData>
					<SimpleData name="Adresse">ROUREBEAU</SimpleData>
					<SimpleData name="Groupe de personne">Etat</SimpleData>
					<SimpleData name="Forme Juridique Abregee">ETAT</SimpleData>
					<SimpleData name="Denomination">ETAT PAR DIRECTION DE L IMMOBILIER DE L ETAT</SimpleData>
				</SchemaData>
			</ExtendedData>
	<Region>
		<LatLonAltBox>
			<north> 44.3194819127671 </north>
			<south> 44.3183035557575 </south>
			<east> 5.89355884153329 </east>
			<west> 5.892613814163481 </west>
		</LatLonAltBox>
		<Lod>
			<minLodPixels>100</minLodPixels>
			<maxLodPixels>-1</maxLodPixels>
		</Lod>
	</Region>
			<Polygon><altitudeMode>relativeToGround</altitudeMode>
				<outerBoundaryIs>
					<LinearRing>
						<coordinates>							5.89355884153329,44.3189382689572,0 5.89343517008124,44.3188701848141,0 5.89337982943919,44.318830657349,0 5.893328624913011,44.3187885889888,0 5.89328144039087,44.3187441629445,0 5.89326501269545,44.3187271208031,0 5.89333229103352,44.3186122164374,0 5.89334480678173,44.3186116168205,0 5.89331878424736,44.3185737497446,0 5.89328894041492,44.3185224720383,0 5.893263923431409,44.3184698963252,0 5.893208969313159,44.3183322673629,0 5.893198952175171,44.3183203709126,0 5.89318416723574,44.3183035557575,0 5.89311091782883,44.3183113382887,0 5.893034922954459,44.3184815975454,0 5.89289044429832,44.3188144420657,0 5.892751040096539,44.3191484139271,0 5.892613814163481,44.3194587287532,0 5.89341346049448,44.3194819127671,0 5.893423802758591,44.3194584013069,0 5.89342927810106,44.3193887195554,0 5.893410721238399,44.3192636438601,0 5.893459397604821,44.3191456259877,0 5.893513154517369,44.3190288254967,0 5.89355884153329,44.3189382689572,0 
						</coordinates>
					</LinearRing>
				</outerBoundaryIs>
			</Polygon>
		</Placemark>
		<Placemark id="parcelles-des-personnes-morales_05_groupe_personne_1.17586">
		<styleUrl>#ETAT</styleUrl>			<visibility>0</visibility>
			<ExtendedData>
				<SchemaData schemaUrl="#parcelles-des-personnes-morales_05_groupe_personne_1.schema">
					<SimpleData name="Numero de Parcelle">051730000B0959</SimpleData>
					<SimpleData name="Departement">05</SimpleData>
					<SimpleData name="Commune">UPAIX</SimpleData>
					<SimpleData name="Adresse">ROUREBEAU</SimpleData>
					<SimpleData name="Groupe de personne">Etat</SimpleData>
					<SimpleData name="Forme Juridique Abregee">ETAT</SimpleData>
					<SimpleData name="Denomination">ETAT PAR DIRECTION DE L IMMOBILIER DE L ETAT</SimpleData>
				</SchemaData>
			</ExtendedData>
	<Region>
		<LatLonAltBox>
			<north> 44.3183113382887 </north>
			<south> 44.3180276563036 </south>
			<east> 5.89333767658067 </east>
			<west> 5.89311091782883 </west>
		</LatLonAltBox>
		<Lod>
			<minLodPixels>100</minLodPixels>
			<maxLodPixels>-1</maxLodPixels>
		</Lod>
	</Region>
			<Polygon><altitudeMode>relativeToGround</altitudeMode>
				<outerBoundaryIs>
					<LinearRing>
						<coordinates>							5.89311091782883,44.3183113382887,0 5.89318416723574,44.3183035557575,0 5.89332337689836,44.3182066648565,0 5.89333767658067,44.3181844904547,0 5.893262922598669,44.3180276563036,0 5.89311091782883,44.3183113382887,0 
						</coordinates>
					</LinearRing>
				</outerBoundaryIs>
			</Polygon>
		</Placemark>
		<Placemark id="parcelles-des-personnes-morales_05_groupe_personne_1.17631">
		<styleUrl>#ETAT</styleUrl>			<visibility>0</visibility>
			<ExtendedData>
				<SchemaData schemaUrl="#parcelles-des-personnes-morales_05_groupe_personne_1.schema">
					<SimpleData name="Numero de Parcelle">051730000B0965</SimpleData>
					<SimpleData name="Departement">05</SimpleData>
					<SimpleData name="Commune">UPAIX</SimpleData>
					<SimpleData name="Adresse">ROUREBEAU</SimpleData>
					<SimpleData name="Groupe de personne">Etat</SimpleData>
					<SimpleData name="Forme Juridique Abregee">ETAT</SimpleData>
					<SimpleData name="Denomination">ETAT PAR DIRECTION DE L IMMOBILIER DE L ETAT</SimpleData>
				</SchemaData>
			</ExtendedData>
	<Region>
		<LatLonAltBox>
			<north> 44.3183089678931 </north>
			<south> 44.3171504952159 </south>
			<east> 5.89405705966342 </east>
			<west> 5.89321468014456 </west>
		</LatLonAltBox>
		<Lod>
			<minLodPixels>100</minLodPixels>
			<maxLodPixels>-1</maxLodPixels>
		</Lod>
	</Region>
			<Polygon><altitudeMode>relativeToGround</altitudeMode>
				<outerBoundaryIs>
					<LinearRing>
						<coordinates>							5.893988965177261,44.3171504952159,0 5.89328566416652,44.3180037284688,0 5.89336250323041,44.318184197351,0 5.89335371523013,44.3182086587113,0 5.89321468014456,44.3183089678931,0 5.89322722338457,44.3183089080121,0 5.893575123291821,44.3181514888005,0 5.893692959083279,44.3180881272973,0 5.893785497752491,44.3180281337911,0 5.893813502704659,44.3180016352802,0 5.893888147553231,44.3179057225495,0 5.89393844427117,44.3178268442932,0 5.89398377631011,44.3177465654376,0 5.89401011879934,44.3176948897432,0 5.894031162999891,44.317622996656,0 5.89404690349828,44.3175504325155,0 5.89405705966342,44.3174815282938,0 5.89402661676201,44.317295695117,0 5.893988965177261,44.3171504952159,0 
						</coordinates>
					</LinearRing>
				</outerBoundaryIs>
			</Polygon>
		</Placemark>
		<Placemark id="parcelles-des-personnes-morales_05_groupe_personne_1.17687">
		<styleUrl>#ETAT</styleUrl>			<visibility>0</visibility>
			<ExtendedData>
				<SchemaData schemaUrl="#parcelles-des-personnes-morales_05_groupe_personne_1.schema">
					<SimpleData name="Numero de Parcelle">051730000B0973</SimpleData>
					<SimpleData name="Departement">05</SimpleData>
					<SimpleData name="Commune">UPAIX</SimpleData>
					<SimpleData name="Adresse">ROUREBEAU</SimpleData>
					<SimpleData name="Groupe de personne">Etat</SimpleData>
					<SimpleData name="Forme Juridique Abregee">ETAT</SimpleData>
					<SimpleData name="Denomination">ETAT PAR DIRECTION DE L IMMOBILIER DE L ETAT</SimpleData>
				</SchemaData>
			</ExtendedData>
	<Region>
		<LatLonAltBox>
			<north> 44.3167626570437 </north>
			<south> 44.3162239275999 </south>
			<east> 5.89514546872844 </east>
			<west> 5.894528996064929 </west>
		</LatLonAltBox>
		<Lod>
			<minLodPixels>100</minLodPixels>
			<maxLodPixels>-1</maxLodPixels>
		</Lod>
	</Region>
			<Polygon><altitudeMode>relativeToGround</altitudeMode>
				<outerBoundaryIs>
					<LinearRing>
						<coordinates>							5.894528996064929,44.3165963704431,0 5.89461027205012,44.3166598047236,0 5.89468573917695,44.3167126730279,0 5.894764697434579,44.3167626570437,0 5.894773482445599,44.3167332415408,0 5.894823085949861,44.316699778723,0 5.894869626737619,44.3166849519034,0 5.894986731878849,44.3167473523498,0 5.89514546872844,44.3164851983166,0 5.894863639109539,44.3162239275999,0 5.89461828244131,44.3165194377258,0 5.894528996064929,44.3165963704431,0 
						</coordinates>
					</LinearRing>
				</outerBoundaryIs>
			</Polygon>
		</Placemark>
		<Placemark id="parcelles-des-personnes-morales_05_groupe_personne_1.17691">
		<styleUrl>#ETAT</styleUrl>			<visibility>0</visibility>
			<ExtendedData>
				<SchemaData schemaUrl="#parcelles-des-personnes-morales_05_groupe_personne_1.schema">
					<SimpleData name="Numero de Parcelle">051730000B0974</SimpleData>
					<SimpleData name="Departement">05</SimpleData>
					<SimpleData name="Commune">UPAIX</SimpleData>
					<SimpleData name="Adresse">ROUREBEAU</SimpleData>
					<SimpleData name="Groupe de personne">Etat</SimpleData>
					<SimpleData name="Forme Juridique Abregee">ETAT</SimpleData>
					<SimpleData name="Denomination">ETAT PAR DIRECTION DE L IMMOBILIER DE L ETAT</SimpleData>
				</SchemaData>
			</ExtendedData>
	<Region>
		<LatLonAltBox>
			<north> 44.3164851983166 </north>
			<south> 44.3158682593311 </south>
			<east> 5.89524590857292 </east>
			<west> 5.894863639109539 </west>
		</LatLonAltBox>
		<Lod>
			<minLodPixels>100</minLodPixels>
			<maxLodPixels>-1</maxLodPixels>
		</Lod>
	</Region>
			<Polygon><altitudeMode>relativeToGround</altitudeMode>
				<outerBoundaryIs>
					<LinearRing>
						<coordinates>							5.89524590857292,44.3159488610511,0 5.895163253942689,44.3158682593311,0 5.894863639109539,44.3162239275999,0 5.89514546872844,44.3164851983166,0 5.89517068599445,44.3164066196556,0 5.895190850222889,44.3163273633963,0 5.89520445435201,44.3162547652759,0 5.89524590857292,44.3159488610511,0 
						</coordinates>
					</LinearRing>
				</outerBoundaryIs>
			</Polygon>
		</Placemark>
		<Placemark id="parcelles-des-personnes-morales_05_groupe_personne_1.17741">
		<styleUrl>#ETAT</styleUrl>			<visibility>0</visibility>
			<ExtendedData>
				<SchemaData schemaUrl="#parcelles-des-personnes-morales_05_groupe_personne_1.schema">
					<SimpleData name="Numero de Parcelle">051730000B0984</SimpleData>
					<SimpleData name="Departement">05</SimpleData>
					<SimpleData name="Commune">UPAIX</SimpleData>
					<SimpleData name="Adresse">ROUREBEAU</SimpleData>
					<SimpleData name="Groupe de personne">Etat</SimpleData>
					<SimpleData name="Forme Juridique Abregee">ETAT</SimpleData>
					<SimpleData name="Denomination">ETAT PAR DIRECTION DE L IMMOBILIER DE L ETAT</SimpleData>
				</SchemaData>
			</ExtendedData>
	<Region>
		<LatLonAltBox>
			<north> 44.3159488610511 </north>
			<south> 44.3158156716792 </south>
			<east> 5.895256592924751 </east>
			<west> 5.895163253942689 </west>
		</LatLonAltBox>
		<Lod>
			<minLodPixels>100</minLodPixels>
			<maxLodPixels>-1</maxLodPixels>
		</Lod>
	</Region>
			<Polygon><altitudeMode>relativeToGround</altitudeMode>
				<outerBoundaryIs>
					<LinearRing>
						<coordinates>							5.89524590857292,44.3159488610511,0 5.895256592924751,44.3158780512484,0 5.89520711196324,44.3158156716792,0 5.895163253942689,44.3158682593311,0 5.89524590857292,44.3159488610511,0 
						</coordinates>
					</LinearRing>
				</outerBoundaryIs>
			</Polygon>
		</Placemark>
		<Placemark id="parcelles-des-personnes-morales_05_groupe_personne_1.17746">
		<styleUrl>#ETAT</styleUrl>			<visibility>0</visibility>
			<ExtendedData>
				<SchemaData schemaUrl="#parcelles-des-personnes-morales_05_groupe_personne_1.schema">
					<SimpleData name="Numero de Parcelle">051730000B0985</SimpleData>
					<SimpleData name="Departement">05</SimpleData>
					<SimpleData name="Commune">UPAIX</SimpleData>
					<SimpleData name="Adresse">ROUREBEAU</SimpleData>
					<SimpleData name="Groupe de personne">Etat</SimpleData>
					<SimpleData name="Forme Juridique Abregee">ETAT</SimpleData>
					<SimpleData name="Denomination">ETAT PAR DIRECTION DE L IMMOBILIER DE L ETAT</SimpleData>
				</SchemaData>
			</ExtendedData>
	<Region>
		<LatLonAltBox>
			<north> 44.3170169922542 </north>
			<south> 44.3156501710384 </south>
			<east> 5.895813953976729 </east>
			<west> 5.894764697434579 </west>
		</LatLonAltBox>
		<Lod>
			<minLodPixels>100</minLodPixels>
			<maxLodPixels>-1</maxLodPixels>
		</Lod>
	</Region>
			<Polygon><altitudeMode>relativeToGround</altitudeMode>
				<outerBoundaryIs>
					<LinearRing>
						<coordinates>							5.894764697434579,44.3167626570437,0 5.89483964435059,44.3168077925334,0 5.89503225107768,44.3169580992338,0 5.89508757680013,44.3170169922542,0 5.89527961679193,44.3167755788686,0 5.895395951164999,44.3166510042467,0 5.89531316962875,44.3165900421912,0 5.895360971536679,44.3164918629126,0 5.89542291575682,44.3164151091899,0 5.89559922677824,44.3162489615123,0 5.89567009650317,44.3163002388176,0 5.895709302512301,44.3162523672937,0 5.89574377160377,44.3162026388899,0 5.89577178532855,44.3161542514896,0 5.8957962750718,44.3160810963127,0 5.895813953976729,44.3159286747246,0 5.89534519034204,44.3156501710384,0 5.89520711196324,44.3158156716792,0 5.895256592924751,44.3158780512484,0 5.89524590857292,44.3159488610511,0 5.89520445435201,44.3162547652759,0 5.895190850222889,44.3163273633963,0 5.89517068599445,44.3164066196556,0 5.89514546872844,44.3164851983166,0 5.894986731878849,44.3167473523498,0 5.894869626737619,44.3166849519034,0 5.894823085949861,44.316699778723,0 5.894773482445599,44.3167332415408,0 5.894764697434579,44.3167626570437,0 
						</coordinates>
					</LinearRing>
				</outerBoundaryIs>
			</Polygon>
		</Placemark>
		<Placemark id="parcelles-des-personnes-morales_05_groupe_personne_1.17767">
		<styleUrl>#ETAT</styleUrl>			<visibility>0</visibility>
			<ExtendedData>
				<SchemaData schemaUrl="#parcelles-des-personnes-morales_05_groupe_personne_1.schema">
					<SimpleData name="Numero de Parcelle">051730000B0989</SimpleData>
					<SimpleData name="Departement">05</SimpleData>
					<SimpleData name="Commune">UPAIX</SimpleData>
					<SimpleData name="Adresse">ROUREBEAU</SimpleData>
					<SimpleData name="Groupe de personne">Etat</SimpleData>
					<SimpleData name="Forme Juridique Abregee">ETAT</SimpleData>
					<SimpleData name="Denomination">ETAT PAR DIRECTION DE L IMMOBILIER DE L ETAT</SimpleData>
				</SchemaData>
			</ExtendedData>
	<Region>
		<LatLonAltBox>
			<north> 44.3155129762339 </north>
			<south> 44.3150743807436 </south>
			<east> 5.895859543030041 </east>
			<west> 5.89548440010509 </west>
		</LatLonAltBox>
		<Lod>
			<minLodPixels>100</minLodPixels>
			<maxLodPixels>-1</maxLodPixels>
		</Lod>
	</Region>
			<Polygon><altitudeMode>relativeToGround</altitudeMode>
				<outerBoundaryIs>
					<LinearRing>
						<coordinates>							5.895859543030041,44.3151047323578,0 5.895828635295419,44.3150743807436,0 5.89548440010509,44.315484730491,0 5.89552686776462,44.3155129762339,0 5.895859543030041,44.3151047323578,0 
						</coordinates>
					</LinearRing>
				</outerBoundaryIs>
			</Polygon>
		</Placemark>
</Document></Document></kml>