<?xml version="1.0" encoding="UTF-8"?>
<kml xmlns="http://www.opengis.net/kml/2.2" xmlns:gx="http://www.google.com/kml/ext/2.2" xmlns:kml="http://www.opengis.net/kml/2.2" xmlns:atom="http://www.w3.org/2005/Atom">
<Document id="root_doc">
	<name>SAVOURNON_ETAT</name>
	<visibility>0</visibility>
	<atom:link rel="app" href="https://www.google.com/earth/about/versions/#earth-pro" title="Google Earth Pro 7.3.6.10201"></atom:link>
	<Document id="parcelles-des-personnes-morales_05_groupe_personne_1">
		<name>SAVOURNON_ETAT</name>
		<visibility>0</visibility>
		<Schema name="SAVOURNON_ETAT" id="SAVOURNON_ETAT.schema">
			<SimpleField type="string" name="Numero de Parcelle"></SimpleField>
			<SimpleField type="string" name="Departement"></SimpleField>
			<SimpleField type="string" name="Commune"></SimpleField>
			<SimpleField type="string" name="Adresse"></SimpleField>
			<SimpleField type="string" name="Groupe de personne"></SimpleField>
			<SimpleField type="string" name="Forme Juridique Abregee"></SimpleField>
			<SimpleField type="string" name="Denomination"></SimpleField>
		</Schema>
		<Style id="ETAT">
			<LineStyle>
				<color>BF119ff7</color>
				<width>1.5</width>
			</LineStyle>
			<PolyStyle>
				<color>4C119ff7</color>
				<fill>1</fill>
				<outline>1</outline>
			</PolyStyle>
		</Style>
		<Placemark id="parcelles-des-personnes-morales_05_groupe_personne_1.79">
		<styleUrl>#ETAT</styleUrl>			<visibility>0</visibility>
			<ExtendedData>
				<SchemaData schemaUrl="#parcelles-des-personnes-morales_05_groupe_personne_1.schema">
					<SimpleData name="Numero de Parcelle">051650000C0012</SimpleData>
					<SimpleData name="Departement">05</SimpleData>
					<SimpleData name="Commune">SAVOURNON</SimpleData>
					<SimpleData name="Adresse">CLOT DU JOURRE</SimpleData>
					<SimpleData name="Groupe de personne">Etat</SimpleData>
					<SimpleData name="Forme Juridique Abregee">ETAT</SimpleData>
					<SimpleData name="Denomination">ETAT PAR DIRECTION DE L IMMOBILIER DE L ETAT</SimpleData>
				</SchemaData>
			</ExtendedData>
	<Region>
		<LatLonAltBox>
			<north> 44.4354468885254 </north>
			<south> 44.4345744707926 </south>
			<east> 5.83306810162981 </east>
			<west> 5.832182756572371 </west>
		</LatLonAltBox>
		<Lod>
			<minLodPixels>100</minLodPixels>
			<maxLodPixels>-1</maxLodPixels>
		</Lod>
	</Region>
			<Polygon><altitudeMode>relativeToGround</altitudeMode>
				<outerBoundaryIs>
					<LinearRing>
						<coordinates>							5.832182756572371,44.4345744707926,0 5.83256490161212,44.4352640026647,0 5.83264081891301,44.4354468885254,0 5.83268599586207,44.4354402321406,0 5.83290043080597,44.4354193147006,0 5.83306810162981,44.4353884299748,0 5.83278817957616,44.4347168985726,0 5.832526119561469,44.4346578811237,0 5.83226564216126,44.4345953093759,0 5.832182756572371,44.4345744707926,0 
						</coordinates>
					</LinearRing>
				</outerBoundaryIs>
			</Polygon>
		</Placemark>
		<Placemark id="parcelles-des-personnes-morales_05_groupe_personne_1.941">
		<styleUrl>#ETAT</styleUrl>			<visibility>0</visibility>
			<ExtendedData>
				<SchemaData schemaUrl="#parcelles-des-personnes-morales_05_groupe_personne_1.schema">
					<SimpleData name="Numero de Parcelle">051650000C0001</SimpleData>
					<SimpleData name="Departement">05</SimpleData>
					<SimpleData name="Commune">SAVOURNON</SimpleData>
					<SimpleData name="Adresse">CLOT DU JOURRE</SimpleData>
					<SimpleData name="Groupe de personne">Etat</SimpleData>
					<SimpleData name="Forme Juridique Abregee">ETAT</SimpleData>
					<SimpleData name="Denomination">ETAT PAR DIRECTION DE L IMMOBILIER DE L ETAT</SimpleData>
				</SchemaData>
			</ExtendedData>
	<Region>
		<LatLonAltBox>
			<north> 44.4396441736877 </north>
			<south> 44.4381668842064 </south>
			<east> 5.83471111747335 </east>
			<west> 5.83087952435376 </west>
		</LatLonAltBox>
		<Lod>
			<minLodPixels>100</minLodPixels>
			<maxLodPixels>-1</maxLodPixels>
		</Lod>
	</Region>
			<Polygon><altitudeMode>relativeToGround</altitudeMode>
				<outerBoundaryIs>
					<LinearRing>
						<coordinates>							5.83462501171385,44.4381850873183,0 5.83454808047733,44.4381828331655,0 5.83445687871264,44.4381768025803,0 5.83436623645906,44.4381668842064,0 5.83422247010374,44.438168150914,0 5.83404319023036,44.438198345039,0 5.83395918840207,44.438218071041,0 5.833875012696641,44.4382418549224,0 5.83379302626584,44.4382691855088,0 5.83371952531961,44.4383002611593,0 5.83358061591434,44.4383558086827,0 5.83343914923042,44.438407998867,0 5.8331764104047,44.4384838453346,0 5.83278093596083,44.4386732687083,0 5.832342106126939,44.4389334348864,0 5.83223209698335,44.4389912101752,0 5.83199353976958,44.4390905727172,0 5.83174692346873,44.4391721264578,0 5.83169645506873,44.4391936910441,0 5.83160602801974,44.439268437308,0 5.83135946599104,44.4393988105444,0 5.83125972556272,44.4394407375761,0 5.83115995004815,44.4394869891165,0 5.83106322454495,44.43953640496,0 5.83096979117101,44.4395887987387,0 5.83087952435376,44.4396441736877,0 5.83092365239531,44.4396441206846,0 5.83101109562662,44.439617733003,0 5.83127637078142,44.4395572298699,0 5.83162712236417,44.4394637227485,0 5.83178926168141,44.4394074905916,0 5.83219529899451,44.4392279780943,0 5.83232868760474,44.4391750964819,0 5.83259297232143,44.4390020191497,0 5.83281474371515,44.4388888547223,0 5.83305523392714,44.4387277378024,0 5.83313646545002,44.4386903385598,0 5.83350235670259,44.4385604050797,0 5.833561717686569,44.4385432048494,0 5.83370297151241,44.438499307084,0 5.83384191921555,44.4384520455223,0 5.83397868634101,44.4384014169433,0 5.83412019648375,44.4383626464333,0 5.83422548257156,44.4383461559725,0 5.83437088308972,44.4383498915501,0 5.83445429669621,44.4383761197312,0 5.834613222929571,44.4384139164717,0 5.83471111747335,44.4384255396641,0 5.83462501171385,44.4381850873183,0 
						</coordinates>
					</LinearRing>
				</outerBoundaryIs>
			</Polygon>
		</Placemark>
		<Placemark id="parcelles-des-personnes-morales_05_groupe_personne_1.1021">
		<styleUrl>#ETAT</styleUrl>			<visibility>0</visibility>
			<ExtendedData>
				<SchemaData schemaUrl="#parcelles-des-personnes-morales_05_groupe_personne_1.schema">
					<SimpleData name="Numero de Parcelle">051650000C0010</SimpleData>
					<SimpleData name="Departement">05</SimpleData>
					<SimpleData name="Commune">SAVOURNON</SimpleData>
					<SimpleData name="Adresse">CLOT DU JOURRE</SimpleData>
					<SimpleData name="Groupe de personne">Etat</SimpleData>
					<SimpleData name="Forme Juridique Abregee">ETAT</SimpleData>
					<SimpleData name="Denomination">ETAT PAR DIRECTION DE L IMMOBILIER DE L ETAT</SimpleData>
				</SchemaData>
			</ExtendedData>
	<Region>
		<LatLonAltBox>
			<north> 44.4362160857307 </north>
			<south> 44.4354124006998 </south>
			<east> 5.83336045547723 </east>
			<west> 5.83207285605276 </west>
		</LatLonAltBox>
		<Lod>
			<minLodPixels>100</minLodPixels>
			<maxLodPixels>-1</maxLodPixels>
		</Lod>
	</Region>
			<Polygon><altitudeMode>relativeToGround</altitudeMode>
				<outerBoundaryIs>
					<LinearRing>
						<coordinates>							5.83336045547723,44.4360043339852,0 5.83307470841288,44.4354124006998,0 5.8328854416302,44.4354438408024,0 5.83264548357883,44.4354697382108,0 5.83259361065396,44.4354907989202,0 5.832441490827991,44.4356163142841,0 5.83230916079427,44.4357102440566,0 5.83225438225926,44.4357335411529,0 5.83218878409144,44.4357416231503,0 5.83209211993227,44.4357343800043,0 5.83207285605276,44.4357363164867,0 5.8321931602621,44.4358541068725,0 5.83234382463883,44.4359957075794,0 5.83249851606517,44.4361348625614,0 5.83256969541563,44.4362105886591,0 5.83259091614671,44.4362150873216,0 5.832674696313109,44.4362160857307,0 5.83289270345003,44.4361760702657,0 5.83297992145946,44.4361528393891,0 5.83305625118531,44.4361280869207,0 5.833130279585981,44.4361000607334,0 5.83336045547723,44.4360043339852,0 
						</coordinates>
					</LinearRing>
				</outerBoundaryIs>
			</Polygon>
		</Placemark>
		<Placemark id="parcelles-des-personnes-morales_05_groupe_personne_1.1725">
		<styleUrl>#ETAT</styleUrl>			<visibility>0</visibility>
			<ExtendedData>
				<SchemaData schemaUrl="#parcelles-des-personnes-morales_05_groupe_personne_1.schema">
					<SimpleData name="Numero de Parcelle">051650000C0011</SimpleData>
					<SimpleData name="Departement">05</SimpleData>
					<SimpleData name="Commune">SAVOURNON</SimpleData>
					<SimpleData name="Adresse">CLOT DU JOURRE</SimpleData>
					<SimpleData name="Groupe de personne">Etat</SimpleData>
					<SimpleData name="Forme Juridique Abregee">ETAT</SimpleData>
					<SimpleData name="Denomination">ETAT PAR DIRECTION DE L IMMOBILIER DE L ETAT</SimpleData>
				</SchemaData>
			</ExtendedData>
	<Region>
		<LatLonAltBox>
			<north> 44.4357039701187 </north>
			<south> 44.434235656314 </south>
			<east> 5.83264081891301 </east>
			<west> 5.830800553233449 </west>
		</LatLonAltBox>
		<Lod>
			<minLodPixels>100</minLodPixels>
			<maxLodPixels>-1</maxLodPixels>
		</Lod>
	</Region>
			<Polygon><altitudeMode>relativeToGround</altitudeMode>
				<outerBoundaryIs>
					<LinearRing>
						<coordinates>							5.830800553233449,44.4349247274743,0 5.83203621638763,44.4357025788024,0 5.83219582447524,44.4357039701187,0 5.83225533604626,44.435689829293,0 5.83232360873362,44.4356523133924,0 5.832578318062729,44.4354666011276,0 5.83259742740619,44.4354565615989,0 5.83261909356607,44.435449879247,0 5.83264081891301,44.4354468885254,0 5.83256490161212,44.4352640026647,0 5.832182756572371,44.4345744707926,0 5.83207198908716,44.4345366038182,0 5.83192962667606,44.4344803625972,0 5.83178999015247,44.4344208083586,0 5.83169749966849,44.4343788681053,0 5.83133609860336,44.4342690759921,0 5.83126955573782,44.434235656314,0 5.831206931395501,44.4343432863642,0 5.83110294964686,44.434513772035,0 5.830994357189771,44.4346825745589,0 5.830800553233449,44.4349247274743,0 
						</coordinates>
					</LinearRing>
				</outerBoundaryIs>
			</Polygon>
		</Placemark>
		<Placemark id="parcelles-des-personnes-morales_05_groupe_personne_1.2992">
		<styleUrl>#ETAT</styleUrl>			<visibility>0</visibility>
			<ExtendedData>
				<SchemaData schemaUrl="#parcelles-des-personnes-morales_05_groupe_personne_1.schema">
					<SimpleData name="Numero de Parcelle">051650000C0013</SimpleData>
					<SimpleData name="Departement">05</SimpleData>
					<SimpleData name="Commune">SAVOURNON</SimpleData>
					<SimpleData name="Adresse">CLOT DU JOURRE</SimpleData>
					<SimpleData name="Groupe de personne">Etat</SimpleData>
					<SimpleData name="Forme Juridique Abregee">ETAT</SimpleData>
					<SimpleData name="Denomination">ETAT PAR DIRECTION DE L IMMOBILIER DE L ETAT</SimpleData>
				</SchemaData>
			</ExtendedData>
	<Region>
		<LatLonAltBox>
			<north> 44.4353884299748 </north>
			<south> 44.4347168985726 </south>
			<east> 5.833684632514631 </east>
			<west> 5.83278817957616 </west>
		</LatLonAltBox>
		<Lod>
			<minLodPixels>100</minLodPixels>
			<maxLodPixels>-1</maxLodPixels>
		</Lod>
	</Region>
			<Polygon><altitudeMode>relativeToGround</altitudeMode>
				<outerBoundaryIs>
					<LinearRing>
						<coordinates>							5.833684632514631,44.434736178249,0 5.83300456184406,44.4347298898085,0 5.83278817957616,44.4347168985726,0 5.83306810162981,44.4353884299748,0 5.83313920835977,44.4353723690699,0 5.833208376967759,44.4353527548847,0 5.83327548639265,44.4353296806133,0 5.83330532587913,44.4353180138253,0 5.83345912374268,44.4352937906967,0 5.833684632514631,44.434736178249,0 
						</coordinates>
					</LinearRing>
				</outerBoundaryIs>
			</Polygon>
		</Placemark>
		<Placemark id="parcelles-des-personnes-morales_05_groupe_personne_1.4167">
		<styleUrl>#ETAT</styleUrl>			<visibility>0</visibility>
			<ExtendedData>
				<SchemaData schemaUrl="#parcelles-des-personnes-morales_05_groupe_personne_1.schema">
					<SimpleData name="Numero de Parcelle">051650000C0015</SimpleData>
					<SimpleData name="Departement">05</SimpleData>
					<SimpleData name="Commune">SAVOURNON</SimpleData>
					<SimpleData name="Adresse">LE JOURRE</SimpleData>
					<SimpleData name="Groupe de personne">Etat</SimpleData>
					<SimpleData name="Forme Juridique Abregee">ETAT</SimpleData>
					<SimpleData name="Denomination">ETAT PAR DIRECTION DE L IMMOBILIER DE L ETAT</SimpleData>
				</SchemaData>
			</ExtendedData>
	<Region>
		<LatLonAltBox>
			<north> 44.4352937906967 </north>
			<south> 44.4328359405638 </south>
			<east> 5.83602091041537 </east>
			<west> 5.83345912374268 </west>
		</LatLonAltBox>
		<Lod>
			<minLodPixels>100</minLodPixels>
			<maxLodPixels>-1</maxLodPixels>
		</Lod>
	</Region>
			<Polygon><altitudeMode>relativeToGround</altitudeMode>
				<outerBoundaryIs>
					<LinearRing>
						<coordinates>							5.835895761224699,44.4328359405638,0 5.8358171420031,44.4329377699,0 5.83575426010427,44.4330651362298,0 5.83561586407263,44.4333963991265,0 5.83555648544761,44.433515928539,0 5.835491447650111,44.4336354234365,0 5.83542155735367,44.4337534218116,0 5.83520741873224,44.4340459189578,0 5.83502000370771,44.4342295453853,0 5.834944759505079,44.4342909326988,0 5.83486511952742,44.434332345903,0 5.83466327603493,44.4344162674196,0 5.83447501375456,44.4344651594409,0 5.83430032289345,44.4345239707291,0 5.83371783720965,44.4347339729388,0 5.833684632514631,44.434736178249,0 5.83345912374268,44.4352937906967,0 5.8335114011844,44.4352783039391,0 5.83365178171949,44.4352698288275,0 5.833747246862459,44.4352556630995,0 5.83395416695727,44.435207733631,0 5.83401523228008,44.4351719333729,0 5.834171204447361,44.4350155102815,0 5.834267932742581,44.4349487966781,0 5.83438155849445,44.4349031766274,0 5.83457953110213,44.434872410649,0 5.834764537711681,44.434866388853,0 5.83495967180044,44.4348366860763,0 5.83500732845863,44.434816813655,0 5.835092760634499,44.4347530022482,0 5.83513625957968,44.4347304443851,0 5.835182553013381,44.4347109672785,0 5.83523860440775,44.4346930405441,0 5.83532352793815,44.4346241076491,0 5.83553020740678,44.4344260228578,0 5.83558456015713,44.4343667042124,0 5.83564342449268,44.4343096114066,0 5.83568494559543,44.4342726918991,0 5.83576145804628,44.4341814559017,0 5.83579680724696,44.4341242477382,0 5.83582743417977,44.4340656298208,0 5.83584301488574,44.4340303688929,0 5.83586930224787,44.4339905086326,0 5.83590768399661,44.4339085412474,0 5.8359334350887,44.4338304120264,0 5.835954114343001,44.4337514225263,0 5.83596212031136,44.4337130237414,0 5.836019089937721,44.4335329342472,0 5.83602091041537,44.4334438912526,0 5.83600769329196,44.4333909059226,0 5.83592491586032,44.4332067577202,0 5.83590338077689,44.4331232702636,0 5.83588721742677,44.4330391040527,0 5.83588329969528,44.4330136230374,0 5.83587643398694,44.4329218311508,0 5.83587943738321,44.4328889657943,0 5.83588749892819,44.4328566908342,0 5.835895761224699,44.4328359405638,0 
						</coordinates>
					</LinearRing>
				</outerBoundaryIs>
			</Polygon>
		</Placemark>
		<Placemark id="parcelles-des-personnes-morales_05_groupe_personne_1.4703">
		<styleUrl>#ETAT</styleUrl>			<visibility>0</visibility>
			<ExtendedData>
				<SchemaData schemaUrl="#parcelles-des-personnes-morales_05_groupe_personne_1.schema">
					<SimpleData name="Numero de Parcelle">051650000C0016</SimpleData>
					<SimpleData name="Departement">05</SimpleData>
					<SimpleData name="Commune">SAVOURNON</SimpleData>
					<SimpleData name="Adresse">LE JOURRE</SimpleData>
					<SimpleData name="Groupe de personne">Etat</SimpleData>
					<SimpleData name="Forme Juridique Abregee">ETAT</SimpleData>
					<SimpleData name="Denomination">ETAT PAR DIRECTION DE L IMMOBILIER DE L ETAT</SimpleData>
				</SchemaData>
			</ExtendedData>
	<Region>
		<LatLonAltBox>
			<north> 44.4360944076008 </north>
			<south> 44.4327081338599 </south>
			<east> 5.83775369040536 </east>
			<west> 5.833463126180621 </west>
		</LatLonAltBox>
		<Lod>
			<minLodPixels>100</minLodPixels>
			<maxLodPixels>-1</maxLodPixels>
		</Lod>
	</Region>
			<Polygon><altitudeMode>relativeToGround</altitudeMode>
				<outerBoundaryIs>
					<LinearRing>
						<coordinates>							5.83775369040536,44.4357498297919,0 5.83771256297156,44.4356618028798,0 5.83754748292567,44.435398525943,0 5.83731492512301,44.435063213646,0 5.837271105154849,44.4349791292951,0 5.83713519401268,44.4347709484668,0 5.83709363038138,44.4347017587624,0 5.83704906637146,44.4346028307874,0 5.836957348738181,44.4344385501916,0 5.83689911102179,44.4343051144813,0 5.83688613365476,44.4342619414411,0 5.836850361275659,44.4341553106111,0 5.836809360881539,44.4340497151834,0 5.83675291564545,44.4339244302932,0 5.836700487542,44.4338391262457,0 5.83664020720683,44.4336799810206,0 5.83657394048668,44.4335192784711,0 5.836502455075381,44.433359791209,0 5.83644995751918,44.4331778361931,0 5.83641028273476,44.4330911227469,0 5.83627602909772,44.4328381302664,0 5.83626589729718,44.4327865067702,0 5.83624143616679,44.4327399362312,0 5.836206652927771,44.4327081338599,0 5.836167807304449,44.4327206638934,0 5.836090269392451,44.4327487825891,0 5.836015418370119,44.4327803450563,0 5.83599230718688,44.4327932806221,0 5.835950927924369,44.4328204682842,0 5.83591319939879,44.4328502642529,0 5.83590678884377,44.4328853791755,0 5.835927140775541,44.4330605954943,0 5.83600035530947,44.4333247981378,0 5.83605460607863,44.4334665338433,0 5.836043258066671,44.4335887002593,0 5.8359892303296,44.4337697949563,0 5.83590004795527,44.4339844025654,0 5.83577036641502,44.4342212207926,0 5.83567183218668,44.4343270757068,0 5.83542813713271,44.4345566496797,0 5.83529707874729,44.4346958592204,0 5.835251474694059,44.4347265782664,0 5.835139300539501,44.4347484716099,0 5.83509193334327,44.4347766237304,0 5.83505351483839,44.4348303075653,0 5.83507497788215,44.4348521843759,0 5.83498619057058,44.434881672675,0 5.834902102375031,44.4348945558678,0 5.83464006490533,44.4349112975812,0 5.83443339655406,44.4349391347158,0 5.834348719881381,44.4349653640251,0 5.83430142807096,44.4349925230067,0 5.834203624516459,44.4350628673861,0 5.83410357920897,44.4351687597022,0 5.834048853102201,44.4352156565525,0 5.83396926459308,44.4352556265193,0 5.83356441281646,44.4353100887072,0 5.833463126180621,44.4353209810845,0 5.83374187898569,44.4359037253368,0 5.83382840583423,44.4360849864781,0 5.83390445460792,44.4360847416007,0 5.83405743827844,44.4360944076008,0 5.834200101311719,44.4360787570275,0 5.83447071111319,44.4360849457376,0 5.83472853988968,44.4360719159443,0 5.83494118565051,44.4360453657525,0 5.83503785521566,44.4360526963616,0 5.83517512932096,44.4360424076762,0 5.83557036689466,44.4360669145365,0 5.83566518629315,44.4360649241998,0 5.835646990908199,44.4360104455153,0 5.83563378632163,44.4359552078224,0 5.835626088285411,44.435899468078,0 5.83562357122024,44.4358492698312,0 5.83573398578946,44.4358448962943,0 5.835970633802051,44.4358607830922,0 5.83616042152991,44.4358622925021,0 5.83640148761573,44.4358810371795,0 5.83660164870202,44.435886332211,0 5.83694745420031,44.4358777875645,0 5.83711249395084,44.4358671417056,0 5.837276720795109,44.4358528233702,0 5.837406382961719,44.4358386744616,0 5.837585396265619,44.4358033471243,0 5.83775369040536,44.4357498297919,0 
						</coordinates>
					</LinearRing>
				</outerBoundaryIs>
			</Polygon>
		</Placemark>
		<Placemark id="parcelles-des-personnes-morales_05_groupe_personne_1.5144">
		<styleUrl>#ETAT</styleUrl>			<visibility>0</visibility>
			<ExtendedData>
				<SchemaData schemaUrl="#parcelles-des-personnes-morales_05_groupe_personne_1.schema">
					<SimpleData name="Numero de Parcelle">051650000C0017</SimpleData>
					<SimpleData name="Departement">05</SimpleData>
					<SimpleData name="Commune">SAVOURNON</SimpleData>
					<SimpleData name="Adresse">LE JOURRE</SimpleData>
					<SimpleData name="Groupe de personne">Etat</SimpleData>
					<SimpleData name="Forme Juridique Abregee">ETAT</SimpleData>
					<SimpleData name="Denomination">ETAT PAR DIRECTION DE L IMMOBILIER DE L ETAT</SimpleData>
				</SchemaData>
			</ExtendedData>
	<Region>
		<LatLonAltBox>
			<north> 44.4385815818041 </north>
			<south> 44.4381850873183 </south>
			<east> 5.83772246940341 </east>
			<west> 5.83462501171385 </west>
		</LatLonAltBox>
		<Lod>
			<minLodPixels>100</minLodPixels>
			<maxLodPixels>-1</maxLodPixels>
		</Lod>
	</Region>
			<Polygon><altitudeMode>relativeToGround</altitudeMode>
				<outerBoundaryIs>
					<LinearRing>
						<coordinates>							5.83462501171385,44.4381850873183,0 5.83471111747335,44.4384255396641,0 5.835359938265389,44.4385022527189,0 5.835505711374891,44.4385209300425,0 5.83570163732537,44.438549395733,0 5.83589649280227,44.4385815818041,0 5.836064641436,44.4385776134745,0 5.83661756773408,44.4385622067134,0 5.837170178598141,44.4385430220476,0 5.83772246940341,44.438519969521,0 5.83764566231603,44.4385151921523,0 5.83750375640463,44.438503444065,0 5.83736266096912,44.4384878015983,0 5.83692347784546,44.4384272304393,0 5.83628207477105,44.4383706029672,0 5.83563862718774,44.4382806958483,0 5.8353811722602,44.438256245786,0 5.8350879162404,44.4382248797577,0 5.83479547113519,44.4381896187722,0 5.83462501171385,44.4381850873183,0 
						</coordinates>
					</LinearRing>
				</outerBoundaryIs>
			</Polygon>
		</Placemark>
		<Placemark id="parcelles-des-personnes-morales_05_groupe_personne_1.5589">
		<styleUrl>#ETAT</styleUrl>			<visibility>0</visibility>
			<ExtendedData>
				<SchemaData schemaUrl="#parcelles-des-personnes-morales_05_groupe_personne_1.schema">
					<SimpleData name="Numero de Parcelle">051650000C0018</SimpleData>
					<SimpleData name="Departement">05</SimpleData>
					<SimpleData name="Commune">SAVOURNON</SimpleData>
					<SimpleData name="Adresse">LE JOURRE</SimpleData>
					<SimpleData name="Groupe de personne">Etat</SimpleData>
					<SimpleData name="Forme Juridique Abregee">ETAT</SimpleData>
					<SimpleData name="Denomination">ETAT PAR DIRECTION DE L IMMOBILIER DE L ETAT</SimpleData>
				</SchemaData>
			</ExtendedData>
	<Region>
		<LatLonAltBox>
			<north> 44.4384109456396 </north>
			<south> 44.4377282725093 </south>
			<east> 5.84718970989488 </east>
			<west> 5.83883545827898 </west>
		</LatLonAltBox>
		<Lod>
			<minLodPixels>100</minLodPixels>
			<maxLodPixels>-1</maxLodPixels>
		</Lod>
	</Region>
			<Polygon><altitudeMode>relativeToGround</altitudeMode>
				<outerBoundaryIs>
					<LinearRing>
						<coordinates>							5.83883545827898,44.4384109456396,0 5.839652532133279,44.4384005166069,0 5.84035359941271,44.4383958649381,0 5.84057164919649,44.4383891618714,0 5.84087782963749,44.4383648725714,0 5.841065528039439,44.4383571496568,0 5.841169913528281,44.4383477918544,0 5.84121285225711,44.4383365957733,0 5.84131025689682,44.4383084115322,0 5.84140547613652,44.4382767705484,0 5.84149850544201,44.4382415828669,0 5.84160620696747,44.4382156549363,0 5.84177348013153,44.4382017919189,0 5.84195627248775,44.4382065346408,0 5.842170896384329,44.4381917197141,0 5.842436859136489,44.4381902623784,0 5.84280451598195,44.4382109515383,0 5.842991221999401,44.438233516982,0 5.84331253680727,44.438295214662,0 5.84360802952891,44.4383334371711,0 5.84382966128467,44.4383154655656,0 5.84387358796146,44.4383289241836,0 5.84410834032836,44.4383393480555,0 5.84440739474095,44.4383383828163,0 5.84464361651911,44.4383255275917,0 5.84479920620595,44.4383093494073,0 5.845104270098591,44.4382803931056,0 5.845409783976221,44.4382553877447,0 5.845592083377141,44.4382503187191,0 5.845717969258889,44.4382659832689,0 5.84601639364192,44.438279982818,0 5.84666768355141,44.4381881206034,0 5.84718970989488,44.4381458953145,0 5.847092996559709,44.4377282725093,0 5.84657861103985,44.437779848226,0 5.84647255359492,44.4377959201462,0 5.84624171166919,44.4378281872079,0 5.846009795861,44.4378566081845,0 5.84577706639474,44.4378813565034,0 5.845421315238271,44.4379148667338,0 5.84413778966019,44.4379874653908,0 5.843968599246711,44.4379931844642,0 5.84387648729134,44.4379890767822,0 5.84374056307484,44.4379862801438,0 5.84360457774324,44.4379872681723,0 5.84323153336689,44.4379494258758,0 5.84310053679537,44.4379446096453,0 5.84287519463729,44.4379237620789,0 5.842597078436161,44.4378885122538,0 5.8424399730789,44.4378820269196,0 5.842073731598701,44.4378844500016,0 5.841771464791111,44.4379090020535,0 5.841474891225261,44.4379292628608,0 5.84117762536228,44.4379457574668,0 5.84073529741509,44.4379977893219,0 5.84036953967854,44.438059915569,0 5.84006435276494,44.4380989505709,0 5.83951555708871,44.4381990311094,0 5.839326959410321,44.4382489307812,0 5.83914749230365,44.4383003963591,0 5.838970093496541,44.4383555015091,0 5.83883545827898,44.4384109456396,0 
						</coordinates>
					</LinearRing>
				</outerBoundaryIs>
			</Polygon>
		</Placemark>
		<Placemark id="parcelles-des-personnes-morales_05_groupe_personne_1.6010">
		<styleUrl>#ETAT</styleUrl>			<visibility>0</visibility>
			<ExtendedData>
				<SchemaData schemaUrl="#parcelles-des-personnes-morales_05_groupe_personne_1.schema">
					<SimpleData name="Numero de Parcelle">051650000C0019</SimpleData>
					<SimpleData name="Departement">05</SimpleData>
					<SimpleData name="Commune">SAVOURNON</SimpleData>
					<SimpleData name="Adresse">LE JOURRE</SimpleData>
					<SimpleData name="Groupe de personne">Etat</SimpleData>
					<SimpleData name="Forme Juridique Abregee">ETAT</SimpleData>
					<SimpleData name="Denomination">ETAT PAR DIRECTION DE L IMMOBILIER DE L ETAT</SimpleData>
				</SchemaData>
			</ExtendedData>
	<Region>
		<LatLonAltBox>
			<north> 44.438519969521 </north>
			<south> 44.4306649428528 </south>
			<east> 5.847092996559709 </east>
			<west> 5.83382840583423 </west>
		</LatLonAltBox>
		<Lod>
			<minLodPixels>100</minLodPixels>
			<maxLodPixels>-1</maxLodPixels>
		</Lod>
	</Region>
			<Polygon><altitudeMode>relativeToGround</altitudeMode>
				<outerBoundaryIs>
					<LinearRing>
						<coordinates>							5.83810478201186,44.4356362053508,0 5.83802028592924,44.4355182192301,0 5.83779355334368,44.4350861049416,0 5.83772517306856,44.4349760806785,0 5.83753684305049,44.4348306832518,0 5.83738972825663,44.4346998973707,0 5.83731632497873,44.4346250422957,0 5.83721038463771,44.434535622014,0 5.83708692037257,44.434417648133,0 5.837058025252451,44.4343779476872,0 5.83702107095475,44.4343204393689,0 5.83698907122469,44.434261452285,0 5.83696203507501,44.4342011663617,0 5.836940097071739,44.434139758291,0 5.836923400804981,44.4340775846862,0 5.83683411669884,44.4339617929432,0 5.83680748407568,44.4339145577854,0 5.836776002433569,44.4339185212107,0 5.83680609136148,44.433977017082,0 5.836933906443809,44.4343145772521,0 5.837009067300361,44.4344896431276,0 5.83711027440072,44.4346701634069,0 5.83718090082649,44.4347698613504,0 5.837266676248891,44.4349284398488,0 5.83750130707264,44.4352975678293,0 5.83760769398277,44.4354434548068,0 5.83772286017664,44.4356390183221,0 5.83777507786702,44.4357426131287,0 5.83785179902401,44.435903586416,0 5.837923426889499,44.4360657718114,0 5.83804659973598,44.4363005826721,0 5.83807110356776,44.4363980455084,0 5.83809612895037,44.4364332515259,0 5.838136828624809,44.4365127320358,0 5.83816933756797,44.4366244009888,0 5.83823820832928,44.436744140839,0 5.83825811721222,44.4368051506775,0 5.838280556463331,44.4368564570526,0 5.83830808955091,44.4369065512564,0 5.83832148939359,44.4369606126898,0 5.83829949515001,44.4369256889183,0 5.83826901374714,44.4368694553416,0 5.83824349611815,44.4368119228669,0 5.83822295579487,44.4367533613807,0 5.838135444810941,44.4366104114376,0 5.83812799705547,44.4365597096644,0 5.83809542369925,44.436469300597,0 5.83802898043717,44.4363653517457,0 5.83801864093607,44.4362895929213,0 5.837933202750971,44.4361328076614,0 5.83775369040536,44.4357498297919,0 5.837585396265619,44.4358033471243,0 5.837406382961719,44.4358386744616,0 5.837276720795109,44.4358528233702,0 5.83711249395084,44.4358671417056,0 5.83694745420031,44.4358777875645,0 5.83660164870202,44.435886332211,0 5.83640148761573,44.4358810371795,0 5.83616042152991,44.4358622925021,0 5.835970633802051,44.4358607830922,0 5.83573398578946,44.4358448962943,0 5.83562357122024,44.4358492698312,0 5.835626088285411,44.435899468078,0 5.83563378632163,44.4359552078224,0 5.835646990908199,44.4360104455153,0 5.83566518629315,44.4360649241998,0 5.83557036689466,44.4360669145365,0 5.83517512932096,44.4360424076762,0 5.83503785521566,44.4360526963616,0 5.83494118565051,44.4360453657525,0 5.83472853988968,44.4360719159443,0 5.83447071111319,44.4360849457376,0 5.834200101311719,44.4360787570275,0 5.83405743827844,44.4360944076008,0 5.83390445460792,44.4360847416007,0 5.83382840583423,44.4360849864781,0 5.83454150952737,44.4379514138243,0 5.83462501171385,44.4381850873183,0 5.83479547113519,44.4381896187722,0 5.8350879162404,44.4382248797577,0 5.8353811722602,44.438256245786,0 5.83563862718774,44.4382806958483,0 5.83628207477105,44.4383706029672,0 5.83692347784546,44.4384272304393,0 5.83736266096912,44.4384878015983,0 5.83750375640463,44.438503444065,0 5.83764566231603,44.4385151921523,0 5.83772246940341,44.438519969521,0 5.83800592724993,44.438503840048,0 5.8384209411852,44.4384485596519,0 5.83876220944701,44.4384119323866,0 5.83883545827898,44.4384109456396,0 5.838970093496541,44.4383555015091,0 5.83914749230365,44.4383003963591,0 5.839326959410321,44.4382489307812,0 5.83951555708871,44.4381990311094,0 5.84006435276494,44.4380989505709,0 5.84036953967854,44.438059915569,0 5.84073529741509,44.4379977893219,0 5.84117762536228,44.4379457574668,0 5.841474891225261,44.4379292628608,0 5.841771464791111,44.4379090020535,0 5.842073731598701,44.4378844500016,0 5.8424399730789,44.4378820269196,0 5.842597078436161,44.4378885122538,0 5.84287519463729,44.4379237620789,0 5.84310053679537,44.4379446096453,0 5.84323153336689,44.4379494258758,0 5.84360457774324,44.4379872681723,0 5.84374056307484,44.4379862801438,0 5.84387648729134,44.4379890767822,0 5.843968599246711,44.4379931844642,0 5.84413778966019,44.4379874653908,0 5.845421315238271,44.4379148667338,0 5.84577706639474,44.4378813565034,0 5.846009795861,44.4378566081845,0 5.84624171166919,44.4378281872079,0 5.84647255359492,44.4377959201462,0 5.84657861103985,44.437779848226,0 5.847092996559709,44.4377282725093,0 5.84703104308425,44.4375090932697,0 5.84677781770926,44.4367795228213,0 5.84659247802576,44.4363444632228,0 5.84648524134233,44.4361622148308,0 5.846370062171321,44.4360044925347,0 5.84626712978385,44.4358552813204,0 5.84621288908382,44.435764263178,0 5.84590633913121,44.4353936773029,0 5.84577789014044,44.435396905569,0 5.84561213745755,44.4353633548339,0 5.84544073451095,44.435309952596,0 5.8452765664671,44.43518295007,0 5.845251280355859,44.4351451400885,0 5.84512710517336,44.4349159473862,0 5.84500733472226,44.434619352967,0 5.84492866635847,44.4343600699833,0 5.844905991179061,44.4341967146397,0 5.844924222728899,44.4340193316977,0 5.845575966359529,44.4339724118228,0 5.84556574132426,44.4338841298142,0 5.84556002027616,44.4337904168918,0 5.84555958152211,44.4336967476757,0 5.84562335566859,44.4334151395298,0 5.84566925050092,44.4332928898462,0 5.84568754531979,44.4332642229907,0 5.84572067257568,44.433205537478,0 5.84574883534623,44.4331456290466,0 5.845771912620631,44.4330845909045,0 5.845836691363161,44.4327505316526,0 5.84584060079569,44.4326833229725,0 5.84570132138261,44.4327460119718,0 5.84538618414969,44.4328590028272,0 5.84525282381142,44.4329144222302,0 5.84517288422913,44.4329372048186,0 5.845091135913699,44.4329565210453,0 5.84503187131268,44.4329679602413,0 5.845017046140389,44.4328881742566,0 5.8450205234004,44.4328248501167,0 5.84504194784378,44.4327759252123,0 5.84493733595837,44.4327080964678,0 5.84486731400272,44.4327380991175,0 5.84483091225881,44.43274669581,0 5.844796453749261,44.4327589354777,0 5.84477998289644,44.4327663868821,0 5.844726073021821,44.4327793090207,0 5.84471571540685,44.4327508418216,0 5.84478971860332,44.4326900200668,0 5.84473850262391,44.4326515285376,0 5.844698827164379,44.432610036635,0 5.84466034019119,44.4325196920956,0 5.84452333879426,44.4325352102895,0 5.84430327375049,44.4324364031339,0 5.84416854946555,44.4323697115556,0 5.8441046388722,44.4323587508866,0 5.84403231068619,44.4323753910236,0 5.84399741560274,44.432393947126,0 5.84392431558445,44.432470238312,0 5.84380798459165,44.4324943197578,0 5.84366150241855,44.4324962998074,0 5.84350087005637,44.4325218848833,0 5.84333942888167,44.4325438875065,0 5.84321543909098,44.4325581674283,0 5.84319669338649,44.4325103698422,0 5.84332137557084,44.4324798581513,0 5.843840194155991,44.4323848549482,0 5.84394308306877,44.4323734611065,0 5.844000773973981,44.4323532355407,0 5.84419160775029,44.4323232668206,0 5.844263787651319,44.4323061800187,0 5.844314267739149,44.4322850595466,0 5.84443818312161,44.4322668168858,0 5.84441114901107,44.4321967141805,0 5.844247189061101,44.4322685959719,0 5.84409088751806,44.4322502925198,0 5.84401808342093,44.4322349674862,0 5.844101302960781,44.4320874340201,0 5.8441351176872,44.4320498994606,0 5.84423180202883,44.431962640271,0 5.844185733484701,44.4319114948651,0 5.84457683120402,44.4317216915724,0 5.84464623748065,44.4314645299725,0 5.8447166487869,44.4313673197045,0 5.84476399795939,44.4313164642731,0 5.84480533116098,44.4312884636762,0 5.844920794922159,44.4313446624128,0 5.84484643840345,44.4316183461311,0 5.84478861391022,44.4317558563043,0 5.84475776318685,44.431792323677,0 5.84454300303145,44.4321438568557,0 5.84456474686656,44.4321462679022,0 5.84480277083924,44.4320422969586,0 5.84488468586795,44.4319688401268,0 5.8449231980003,44.4319872121075,0 5.84481680724301,44.4321339034331,0 5.84486778802695,44.4322177098933,0 5.84492608565112,44.4321820649332,0 5.84499386729632,44.4321475261515,0 5.84506445284301,44.432116247769,0 5.845131920020091,44.4320904545261,0 5.845222044531239,44.4321801857425,0 5.84525358037398,44.4323247560659,0 5.845355726448089,44.4322311394309,0 5.8454427265872,44.4321688104861,0 5.845530282308129,44.4321250230587,0 5.845594453315,44.4320986841341,0 5.84566105615738,44.4320757052882,0 5.84572202520145,44.4320581865126,0 5.84583083058428,44.4320344775884,0 5.8459551644333,44.4320120788255,0 5.84593841639151,44.4318516333075,0 5.84598215652405,44.4316441359131,0 5.84597234594588,44.431504138904,0 5.84594035779022,44.4314480364708,0 5.84586242946809,44.4313958232679,0 5.84578696631602,44.4313601205618,0 5.845639904893841,44.4313255468751,0 5.84560478919845,44.4312922246501,0 5.84558283102012,44.431253067794,0 5.84554824050459,44.4311827101963,0 5.84551849662648,44.4311112365389,0 5.845494110609579,44.4310388137735,0 5.84547471032013,44.4309655415939,0 5.84543176221948,44.4307040756292,0 5.84542979338917,44.4306649428528,0 5.84538686013567,44.4306736184041,0 5.84530498961749,44.430692938013,0 5.84522506677196,44.4307159904979,0 5.8451198309374,44.4307356432678,0 5.844944429681669,44.4307898963196,0 5.84489189264115,44.430810079382,0 5.84484191742807,44.4308337092695,0 5.84479523016616,44.4308602267685,0 5.84474240712021,44.430912214432,0 5.844570397390681,44.4310414136718,0 5.84445625858071,44.4311765045703,0 5.84437758802928,44.431254471235,0 5.84428500975162,44.4313658553316,0 5.844190617993359,44.4314936802414,0 5.844145466877,44.4315782576489,0 5.84409280655095,44.4316360057311,0 5.84390489709641,44.4317640830889,0 5.843751130760871,44.4318586706776,0 5.843642303002209,44.4319144456289,0 5.843490386979791,44.431873328666,0 5.84332997647269,44.4317857707338,0 5.84300344896328,44.4315371183029,0 5.8429409528265,44.431549270341,0 5.84285170393905,44.4315468897382,0 5.842742585969611,44.4315743870193,0 5.842539101742841,44.4316077423452,0 5.842178975631211,44.4317385492143,0 5.84199844685991,44.4316258364994,0 5.84201297368913,44.4316122203447,0 5.84203747141757,44.4315843849594,0 5.84205747095203,44.4315545938516,0 5.84204525118666,44.4315190584032,0 5.84203983378988,44.431451279957,0 5.84202654043647,44.4314218974593,0 5.8419662364631,44.4314001233505,0 5.841567596268961,44.4315825452693,0 5.84132680717686,44.4317116218858,0 5.841112856808981,44.4318494638246,0 5.841130775046001,44.4318733225086,0 5.84126640751239,44.4319581898325,0 5.84131527421968,44.4320050305873,0 5.84132448048286,44.4320181245445,0 5.841361702821811,44.4320658961816,0 5.84140361475401,44.4321119254506,0 5.84146448425155,44.4321449449525,0 5.8415643305093,44.4321830842172,0 5.84158065830209,44.4322878732182,0 5.84157333346477,44.432382282958,0 5.841362255383,44.4324071845109,0 5.841369822388421,44.4325828200752,0 5.841388762903531,44.4326845691742,0 5.84142325625705,44.4327580832246,0 5.841479260153391,44.4328443738297,0 5.84152976707741,44.4329313466769,0 5.841575319893061,44.4330197984647,0 5.841581625260231,44.4330777356429,0 5.841573004061349,44.4331488488431,0 5.84157758698552,44.4332500675459,0 5.84156708044896,44.4333161850575,0 5.84158881772421,44.4333684996792,0 5.84162850609142,44.4334353040524,0 5.841667082102711,44.4334899766779,0 5.84171034330776,44.4335428169598,0 5.84180441050747,44.4336210094224,0 5.841760514350899,44.4336506062728,0 5.84169843827176,44.4336211310064,0 5.84168578703256,44.4336170435837,0 5.841655400173161,44.4336102609763,0 5.84162381304793,44.4336071124146,0 5.84159203911485,44.4336077519089,0 5.84178835562434,44.4337493333642,0 5.84183587054625,44.4336866748544,0 5.841864828600521,44.4336199912009,0 5.84187148212604,44.4335847794815,0 5.84192355780163,44.4335678526138,0 5.84194966273175,44.4336195140355,0 5.841962105628589,44.4336294618281,0 5.84197791934802,44.43363644018,0 5.8419959513078,44.4336400284394,0 5.84201467226505,44.4336398156733,0 5.842032454548191,44.4336359339524,0 5.84204804714531,44.4336285056309,0 5.84205616081291,44.4336223511939,0 5.84206484450441,44.4336175332089,0 5.842075587805119,44.4336161750992,0 5.8420860142531,44.4336185183328,0 5.842093711218529,44.4336240846937,0 5.84209702390848,44.4336324664907,0 5.842104767937261,44.4337090125547,0 5.8423228801802,44.4337889583353,0 5.842318693122629,44.4338457250079,0 5.84232529499587,44.4339570703909,0 5.84230658020439,44.4340049339545,0 5.84225805450045,44.4340624843552,0 5.84227448466802,44.4340742208628,0 5.84230117479303,44.4340974927682,0 5.8424642157276,44.4342873124047,0 5.84250083808583,44.4343205967972,0 5.84265341160767,44.4343971888321,0 5.84275971141942,44.4344685793411,0 5.842866528683011,44.4345752667333,0 5.84294591660692,44.4346289758166,0 5.843082205765331,44.434696709599,0 5.843184314684219,44.4347697392154,0 5.843283170074739,44.4348155592704,0 5.843303771144629,44.434827728449,0 5.84334634755694,44.4348568955035,0 5.843385279467531,44.4348885887045,0 5.843685495088049,44.4350310883182,0 5.843773567003581,44.4350874551574,0 5.84386670101517,44.4351319811818,0 5.84411106007396,44.4352761919303,0 5.84427864294164,44.4353636540377,0 5.844338783521631,44.435409572032,0 5.84447480708918,44.435496947955,0 5.844500854047271,44.4355223978501,0 5.84492357267174,44.4357932441522,0 5.84505807471543,44.4359028177806,0 5.84509384015869,44.4359490046184,0 5.845187240965801,44.4360412638067,0 5.845368487038519,44.4362152963262,0 5.84555389006086,44.4363869692735,0 5.845676515722231,44.4365153149217,0 5.84571196636584,44.4365577264684,0 5.84584936555058,44.436717307551,0 5.84599106503225,44.4368748857676,0 5.84621195634363,44.4371570669406,0 5.84617056617005,44.4371115661847,0 5.84606145121364,44.4369869254307,0 5.84595714755431,44.4368604488171,0 5.84572647701097,44.4366037415749,0 5.84550512179699,44.4363647187479,0 5.84535804343734,44.4362351129032,0 5.84504520253702,44.4359268406116,0 5.8450141180926,44.4358987285256,0 5.844926478950541,44.4358235252167,0 5.84483493986453,44.4357507645764,0 5.84445231208041,44.4355121213583,0 5.84429337958341,44.4356166614635,0 5.844209934875611,44.4356623233744,0 5.84401386051213,44.4357008043821,0 5.84383594863451,44.4357529583229,0 5.84350492623445,44.4358879720927,0 5.84332465123578,44.4359531573357,0 5.84325102391802,44.4359215488829,0 5.84318220483067,44.4358505425216,0 5.84311616350755,44.4358047761917,0 5.84292600661522,44.4358209434633,0 5.84273583552463,44.4358143211834,0 5.84262635347696,44.4357847185023,0 5.84257160985679,44.4357636117705,0 5.8425212552189,44.4357397795165,0 5.84247414146001,44.4357128910614,0 5.842396818397231,44.4356452563867,0 5.84234607923978,44.4355912580528,0 5.84231667376769,44.4355314847644,0 5.84230018786708,44.4355161465867,0 5.84228261856871,44.4354942607109,0 5.84226999470152,44.4354707159182,0 5.84218308595451,44.4354599871127,0 5.841989792007331,44.4354237186186,0 5.841885736336179,44.4354145128815,0 5.841800655548419,44.4354326514551,0 5.84174125659208,44.4354414800326,0 5.84160510914985,44.435459134243,0 5.841468143991781,44.4354730261266,0 5.84118278895619,44.4354585875348,0 5.840886330005211,44.435475871554,0 5.8407223585081,44.4354727137324,0 5.84063274461456,44.4354932202228,0 5.840553530278201,44.4355155302564,0 5.84047637998091,44.4355413901028,0 5.84017482146149,44.4356173539329,0 5.84005231052233,44.4356612274251,0 5.84002337673623,44.4356333287879,0 5.83998255249139,44.4355739394022,0 5.83982278254258,44.4356194037316,0 5.83958599060326,44.4354554418698,0 5.8392456552466,44.435192270956,0 5.83933290245032,44.4351371468557,0 5.83940395540476,44.4350774858519,0 5.83947888245569,44.4350298853695,0 5.83957516728214,44.4349569630474,0 5.83965782151356,44.434900515836,0 5.839759912413711,44.4348505935311,0 5.83995397016426,44.4349722393995,0 5.83999824985139,44.4349677649732,0 5.840132437927341,44.4349286347819,0 5.84052654631064,44.4349582872293,0 5.84049862150692,44.4346601308526,0 5.840062875229799,44.4345823696854,0 5.83995219668717,44.4346290006677,0 5.83984484034907,44.434686715469,0 5.83944371507527,44.4348753185162,0 5.839316683412279,44.4349393048771,0 5.839239250645899,44.4349895820696,0 5.8390501096081,44.4350960639758,0 5.83888654890762,44.4351987336172,0 5.83871148880386,44.4352977359379,0 5.83851491326465,44.4354239552274,0 5.8387187271005,44.4357349645004,0 5.838630616537871,44.4358004692208,0 5.83853878708195,44.43584949548,0 5.838468120150939,44.4358768082198,0 5.83838359104085,44.4359134858104,0 5.83830199116418,44.4359534207196,0 5.83810478201186,44.4356362053508,0 
						</coordinates>
					</LinearRing>
				</outerBoundaryIs>
				<innerBoundaryIs>
					<LinearRing>
						<coordinates>							5.84192819989644,44.4327996438831,0 5.841950740106851,44.432720334825,0 5.84199762251087,44.4326376053368,0 5.8418184759858,44.4326225002951,0 5.84180898558965,44.4325837416836,0 5.8417994972334,44.4324724708353,0 5.84184380016967,44.4322983795669,0 5.84193393748786,44.4321232859292,0 5.84197038201447,44.4321205441138,0 5.84202550733566,44.432119302009,0 5.84208045040151,44.4321219379006,0 5.84214479886618,44.4321416259204,0 5.84218202864183,44.4321620136271,0 5.842236650009059,44.432210777296,0 5.84228609923803,44.4322216617958,0 5.842353605394381,44.4322216313788,0 5.842433621476621,44.4322854131218,0 5.84242446609678,44.4322983502644,0 5.84240784730128,44.4323278740555,0 5.842396318313441,44.4323586176659,0 5.842359673744511,44.4324199150039,0 5.84230886902877,44.4324821181701,0 5.84202222903922,44.4327870392034,0 5.84194375529706,44.4328665302782,0 5.841931283393051,44.4328509984491,0 5.84192819989644,44.4327996438831,0 
						</coordinates>
					</LinearRing>
				</innerBoundaryIs>
			</Polygon>
		</Placemark>
		<Placemark id="parcelles-des-personnes-morales_05_groupe_personne_1.6345">
		<styleUrl>#ETAT</styleUrl>			<visibility>0</visibility>
			<ExtendedData>
				<SchemaData schemaUrl="#parcelles-des-personnes-morales_05_groupe_personne_1.schema">
					<SimpleData name="Numero de Parcelle">051650000C0002</SimpleData>
					<SimpleData name="Departement">05</SimpleData>
					<SimpleData name="Commune">SAVOURNON</SimpleData>
					<SimpleData name="Adresse">CLOT DU JOURRE</SimpleData>
					<SimpleData name="Groupe de personne">Etat</SimpleData>
					<SimpleData name="Forme Juridique Abregee">ETAT</SimpleData>
					<SimpleData name="Denomination">ETAT PAR DIRECTION DE L IMMOBILIER DE L ETAT</SimpleData>
				</SchemaData>
			</ExtendedData>
	<Region>
		<LatLonAltBox>
			<north> 44.4396441736877 </north>
			<south> 44.4359037253368 </south>
			<east> 5.83462501171385 </east>
			<west> 5.83001540476252 </west>
		</LatLonAltBox>
		<Lod>
			<minLodPixels>100</minLodPixels>
			<maxLodPixels>-1</maxLodPixels>
		</Lod>
	</Region>
			<Polygon><altitudeMode>relativeToGround</altitudeMode>
				<outerBoundaryIs>
					<LinearRing>
						<coordinates>							5.83382840583423,44.4360849864781,0 5.83374187898569,44.4359037253368,0 5.83364364989902,44.435933005,0 5.833488496927719,44.4359603258253,0 5.83336045547723,44.4360043339852,0 5.833130279585981,44.4361000607334,0 5.83305625118531,44.4361280869207,0 5.83297992145946,44.4361528393891,0 5.83289270345003,44.4361760702657,0 5.832674696313109,44.4362160857307,0 5.83259091614671,44.4362150873216,0 5.83256969541563,44.4362105886591,0 5.832452142791079,44.4361854171209,0 5.832282206870001,44.4361686182748,0 5.83211169790729,44.4361554369815,0 5.83207020874225,44.4361529005328,0 5.83192100830386,44.4361359283636,0 5.83177111824147,44.4361227569553,0 5.831707664714979,44.4361184429785,0 5.83158593544584,44.4361027458989,0 5.831487535441889,44.4360959972107,0 5.83152483211116,44.4361604344418,0 5.83189601605775,44.4366762221362,0 5.83212429158037,44.4369491420853,0 5.83235687834761,44.4372202393427,0 5.83247367420866,44.4373532527439,0 5.832549843070939,44.4374532615307,0 5.83259070822451,44.4374859896886,0 5.83323531404297,44.4370873963653,0 5.83332207870477,44.4371454264309,0 5.833416997366709,44.4372432409411,0 5.83349088755712,44.4373002508656,0 5.83350559118831,44.4373151857813,0 5.833515734690859,44.4373319494519,0 5.83352122921341,44.4373537869396,0 5.8331569373861,44.4375355638871,0 5.833111511498999,44.4375573597833,0 5.833069256813569,44.4375822268049,0 5.83303743214511,44.4376044835809,0 5.832948799785381,44.4375392951312,0 5.83291000344702,44.4375679464704,0 5.83286754260677,44.4375937194846,0 5.8328225293009,44.4376162252653,0 5.832790511807431,44.4376572229594,0 5.832755366331009,44.4377436999281,0 5.832700437523191,44.4378016807637,0 5.832635943904951,44.4378619792826,0 5.832610542254171,44.4379095625911,0 5.83258997955178,44.437958372629,0 5.832572056691281,44.4380197255797,0 5.83257278734269,44.4381296909234,0 5.832543341536701,44.4382370993166,0 5.83235393281003,44.4383914071013,0 5.83226966712187,44.4384937392752,0 5.831885756983811,44.4388086997454,0 5.831710828301159,44.4387400536642,0 5.83155087152265,44.438661564409,0 5.83122012500879,44.4388758009907,0 5.83097739008684,44.4389268972773,0 5.830667654520289,44.439206798844,0 5.83053574388803,44.4392364906276,0 5.830250831364161,44.4392060682838,0 5.830213771339529,44.4391840507262,0 5.8301337597792,44.4391227820593,0 5.83008550298645,44.4391056460304,0 5.83001540476252,44.4391017719183,0 5.83012647747422,44.4391707099673,0 5.83026661431085,44.4392601594214,0 5.83040520027971,44.4393512699441,0 5.830641718108281,44.4394974233331,0 5.830711219454221,44.4395395951544,0 5.83078964224251,44.4395891942482,0 5.830864809435209,44.4396390571007,0 5.83087952435376,44.4396441736877,0 5.83096979117101,44.4395887987387,0 5.83106322454495,44.43953640496,0 5.83115995004815,44.4394869891165,0 5.83125972556272,44.4394407375761,0 5.83135946599104,44.4393988105444,0 5.83160602801974,44.439268437308,0 5.83169645506873,44.4391936910441,0 5.83174692346873,44.4391721264578,0 5.83199353976958,44.4390905727172,0 5.83223209698335,44.4389912101752,0 5.832342106126939,44.4389334348864,0 5.83278093596083,44.4386732687083,0 5.8331764104047,44.4384838453346,0 5.83343914923042,44.438407998867,0 5.83358061591434,44.4383558086827,0 5.83371952531961,44.4383002611593,0 5.83379302626584,44.4382691855088,0 5.833875012696641,44.4382418549224,0 5.83395918840207,44.438218071041,0 5.83404319023036,44.438198345039,0 5.83422247010374,44.438168150914,0 5.83436623645906,44.4381668842064,0 5.83445687871264,44.4381768025803,0 5.83454808047733,44.4381828331655,0 5.83462501171385,44.4381850873183,0 5.83454150952737,44.4379514138243,0 5.83382840583423,44.4360849864781,0 
						</coordinates>
					</LinearRing>
				</outerBoundaryIs>
			</Polygon>
		</Placemark>
		<Placemark id="parcelles-des-personnes-morales_05_groupe_personne_1.6412">
		<styleUrl>#ETAT</styleUrl>			<visibility>0</visibility>
			<ExtendedData>
				<SchemaData schemaUrl="#parcelles-des-personnes-morales_05_groupe_personne_1.schema">
					<SimpleData name="Numero de Parcelle">051650000C0020</SimpleData>
					<SimpleData name="Departement">05</SimpleData>
					<SimpleData name="Commune">SAVOURNON</SimpleData>
					<SimpleData name="Adresse">LE JOURRE</SimpleData>
					<SimpleData name="Groupe de personne">Etat</SimpleData>
					<SimpleData name="Forme Juridique Abregee">ETAT</SimpleData>
					<SimpleData name="Denomination">ETAT PAR DIRECTION DE L IMMOBILIER DE L ETAT</SimpleData>
				</SchemaData>
			</ExtendedData>
	<Region>
		<LatLonAltBox>
			<north> 44.4359534207196 </north>
			<south> 44.4354239552274 </south>
			<east> 5.8387187271005 </east>
			<west> 5.83810478201186 </west>
		</LatLonAltBox>
		<Lod>
			<minLodPixels>100</minLodPixels>
			<maxLodPixels>-1</maxLodPixels>
		</Lod>
	</Region>
			<Polygon><altitudeMode>relativeToGround</altitudeMode>
				<outerBoundaryIs>
					<LinearRing>
						<coordinates>							5.83810478201186,44.4356362053508,0 5.83830199116418,44.4359534207196,0 5.83838359104085,44.4359134858104,0 5.838468120150939,44.4358768082198,0 5.83853878708195,44.43584949548,0 5.838630616537871,44.4358004692208,0 5.8387187271005,44.4357349645004,0 5.83851491326465,44.4354239552274,0 5.83842015847705,44.4354798125627,0 5.838317954979469,44.4355350510382,0 5.83821283099298,44.4355872119574,0 5.83810478201186,44.4356362053508,0 
						</coordinates>
					</LinearRing>
				</outerBoundaryIs>
			</Polygon>
		</Placemark>
		<Placemark id="parcelles-des-personnes-morales_05_groupe_personne_1.6716">
		<styleUrl>#ETAT</styleUrl>			<visibility>0</visibility>
			<ExtendedData>
				<SchemaData schemaUrl="#parcelles-des-personnes-morales_05_groupe_personne_1.schema">
					<SimpleData name="Numero de Parcelle">051650000C0021</SimpleData>
					<SimpleData name="Departement">05</SimpleData>
					<SimpleData name="Commune">SAVOURNON</SimpleData>
					<SimpleData name="Adresse">LE JOURRE</SimpleData>
					<SimpleData name="Groupe de personne">Etat</SimpleData>
					<SimpleData name="Forme Juridique Abregee">ETAT</SimpleData>
					<SimpleData name="Denomination">ETAT PAR DIRECTION DE L IMMOBILIER DE L ETAT</SimpleData>
				</SchemaData>
			</ExtendedData>
	<Region>
		<LatLonAltBox>
			<north> 44.4350391210344 </north>
			<south> 44.4346152820439 </south>
			<east> 5.8418907585159 </east>
			<west> 5.84049862150692 </west>
		</LatLonAltBox>
		<Lod>
			<minLodPixels>100</minLodPixels>
			<maxLodPixels>-1</maxLodPixels>
		</Lod>
	</Region>
			<Polygon><altitudeMode>relativeToGround</altitudeMode>
				<outerBoundaryIs>
					<LinearRing>
						<coordinates>							5.84052654631064,44.4349582872293,0 5.8418907585159,44.4350391210344,0 5.84172412971502,44.4346152820439,0 5.841669242550891,44.4346238140562,0 5.84145488516688,44.4346211464538,0 5.84119428073269,44.4346363355532,0 5.841013269745951,44.4346392925799,0 5.84067809881055,44.4346566737596,0 5.84049862150692,44.4346601308526,0 5.84052654631064,44.4349582872293,0 
						</coordinates>
					</LinearRing>
				</outerBoundaryIs>
			</Polygon>
		</Placemark>
		<Placemark id="parcelles-des-personnes-morales_05_groupe_personne_1.7026">
		<styleUrl>#ETAT</styleUrl>			<visibility>0</visibility>
			<ExtendedData>
				<SchemaData schemaUrl="#parcelles-des-personnes-morales_05_groupe_personne_1.schema">
					<SimpleData name="Numero de Parcelle">051650000C0022</SimpleData>
					<SimpleData name="Departement">05</SimpleData>
					<SimpleData name="Commune">SAVOURNON</SimpleData>
					<SimpleData name="Adresse">LE JOURRE</SimpleData>
					<SimpleData name="Groupe de personne">Etat</SimpleData>
					<SimpleData name="Forme Juridique Abregee">ETAT</SimpleData>
					<SimpleData name="Denomination">ETAT PAR DIRECTION DE L IMMOBILIER DE L ETAT</SimpleData>
				</SchemaData>
			</ExtendedData>
	<Region>
		<LatLonAltBox>
			<north> 44.4359531573357 </north>
			<south> 44.43435316957 </south>
			<east> 5.84445231208041 </east>
			<west> 5.8392456552466 </west>
		</LatLonAltBox>
		<Lod>
			<minLodPixels>100</minLodPixels>
			<maxLodPixels>-1</maxLodPixels>
		</Lod>
	</Region>
			<Polygon><altitudeMode>relativeToGround</altitudeMode>
				<outerBoundaryIs>
					<LinearRing>
						<coordinates>							5.84445231208041,44.4355121213583,0 5.84426400597378,44.4353825879172,0 5.8441879412862,44.4353350092481,0 5.84384725330372,44.4351427520722,0 5.843771333962431,44.4351080504587,0 5.84368979756351,44.4350666479131,0 5.84361161852846,44.4350220059348,0 5.84344319937756,44.4349453737551,0 5.843229207069,44.434824968982,0 5.84307363463976,44.4347237738741,0 5.84293123070858,44.4346494420845,0 5.842868380681431,44.4346071063292,0 5.8427991944693,44.4345537644631,0 5.84275257102041,44.4344965975147,0 5.84268953589517,44.4344505732728,0 5.842639452631981,44.4344296165881,0 5.84256067330746,44.4343930062962,0 5.84248474913606,44.43435316957,0 5.84238837303485,44.4343891651801,0 5.84224699426871,44.4344802781875,0 5.84202235618414,44.4345457051963,0 5.84185206265828,44.4345818057926,0 5.84175468730689,44.4346104402694,0 5.84172412971502,44.4346152820439,0 5.8418907585159,44.4350391210344,0 5.84052654631064,44.4349582872293,0 5.840132437927341,44.4349286347819,0 5.83999824985139,44.4349677649732,0 5.83995397016426,44.4349722393995,0 5.839759912413711,44.4348505935311,0 5.83965782151356,44.434900515836,0 5.83957516728214,44.4349569630474,0 5.83947888245569,44.4350298853695,0 5.83940395540476,44.4350774858519,0 5.83933290245032,44.4351371468557,0 5.8392456552466,44.435192270956,0 5.83958599060326,44.4354554418698,0 5.83982278254258,44.4356194037316,0 5.83998255249139,44.4355739394022,0 5.84002337673623,44.4356333287879,0 5.84005231052233,44.4356612274251,0 5.84017482146149,44.4356173539329,0 5.84047637998091,44.4355413901028,0 5.840553530278201,44.4355155302564,0 5.84063274461456,44.4354932202228,0 5.8407223585081,44.4354727137324,0 5.840886330005211,44.435475871554,0 5.84118278895619,44.4354585875348,0 5.841468143991781,44.4354730261266,0 5.84160510914985,44.435459134243,0 5.84174125659208,44.4354414800326,0 5.841800655548419,44.4354326514551,0 5.841885736336179,44.4354145128815,0 5.841989792007331,44.4354237186186,0 5.84218308595451,44.4354599871127,0 5.84226999470152,44.4354707159182,0 5.84228261856871,44.4354942607109,0 5.84230018786708,44.4355161465867,0 5.84231667376769,44.4355314847644,0 5.84234607923978,44.4355912580528,0 5.842396818397231,44.4356452563867,0 5.84247414146001,44.4357128910614,0 5.8425212552189,44.4357397795165,0 5.84257160985679,44.4357636117705,0 5.84262635347696,44.4357847185023,0 5.84273583552463,44.4358143211834,0 5.84292600661522,44.4358209434633,0 5.84311616350755,44.4358047761917,0 5.84318220483067,44.4358505425216,0 5.84325102391802,44.4359215488829,0 5.84332465123578,44.4359531573357,0 5.84350492623445,44.4358879720927,0 5.84383594863451,44.4357529583229,0 5.84401386051213,44.4357008043821,0 5.844209934875611,44.4356623233744,0 5.84429337958341,44.4356166614635,0 5.84445231208041,44.4355121213583,0 
						</coordinates>
					</LinearRing>
				</outerBoundaryIs>
			</Polygon>
		</Placemark>
		<Placemark id="parcelles-des-personnes-morales_05_groupe_personne_1.7342">
		<styleUrl>#ETAT</styleUrl>			<visibility>0</visibility>
			<ExtendedData>
				<SchemaData schemaUrl="#parcelles-des-personnes-morales_05_groupe_personne_1.schema">
					<SimpleData name="Numero de Parcelle">051650000C0023</SimpleData>
					<SimpleData name="Departement">05</SimpleData>
					<SimpleData name="Commune">SAVOURNON</SimpleData>
					<SimpleData name="Adresse">LE JOURRE</SimpleData>
					<SimpleData name="Groupe de personne">Etat</SimpleData>
					<SimpleData name="Forme Juridique Abregee">ETAT</SimpleData>
					<SimpleData name="Denomination">ETAT PAR DIRECTION DE L IMMOBILIER DE L ETAT</SimpleData>
				</SchemaData>
			</ExtendedData>
	<Region>
		<LatLonAltBox>
			<north> 44.435396905569 </north>
			<south> 44.4339724118228 </south>
			<east> 5.84590633913121 </east>
			<west> 5.844905991179061 </west>
		</LatLonAltBox>
		<Lod>
			<minLodPixels>100</minLodPixels>
			<maxLodPixels>-1</maxLodPixels>
		</Lod>
	</Region>
			<Polygon><altitudeMode>relativeToGround</altitudeMode>
				<outerBoundaryIs>
					<LinearRing>
						<coordinates>							5.84590633913121,44.4353936773029,0 5.8458102967214,44.435084039856,0 5.84564528261515,44.4343630887603,0 5.84560606630758,44.4341583648608,0 5.845575966359529,44.4339724118228,0 5.844924222728899,44.4340193316977,0 5.844905991179061,44.4341967146397,0 5.84492866635847,44.4343600699833,0 5.84500733472226,44.434619352967,0 5.84512710517336,44.4349159473862,0 5.845251280355859,44.4351451400885,0 5.8452765664671,44.43518295007,0 5.84544073451095,44.435309952596,0 5.84561213745755,44.4353633548339,0 5.84577789014044,44.435396905569,0 5.84590633913121,44.4353936773029,0 
						</coordinates>
					</LinearRing>
				</outerBoundaryIs>
			</Polygon>
		</Placemark>
		<Placemark id="parcelles-des-personnes-morales_05_groupe_personne_1.7622">
		<styleUrl>#ETAT</styleUrl>			<visibility>0</visibility>
			<ExtendedData>
				<SchemaData schemaUrl="#parcelles-des-personnes-morales_05_groupe_personne_1.schema">
					<SimpleData name="Numero de Parcelle">051650000C0024</SimpleData>
					<SimpleData name="Departement">05</SimpleData>
					<SimpleData name="Commune">SAVOURNON</SimpleData>
					<SimpleData name="Adresse">LE JOURRE</SimpleData>
					<SimpleData name="Groupe de personne">Etat</SimpleData>
					<SimpleData name="Forme Juridique Abregee">ETAT</SimpleData>
					<SimpleData name="Denomination">ETAT PAR DIRECTION DE L IMMOBILIER DE L ETAT</SimpleData>
				</SchemaData>
			</ExtendedData>
	<Region>
		<LatLonAltBox>
			<north> 44.4329679602413 </north>
			<south> 44.4312884636762 </south>
			<east> 5.84597033656263 </east>
			<west> 5.84319669338649 </west>
		</LatLonAltBox>
		<Lod>
			<minLodPixels>100</minLodPixels>
			<maxLodPixels>-1</maxLodPixels>
		</Lod>
	</Region>
			<Polygon><altitudeMode>relativeToGround</altitudeMode>
				<outerBoundaryIs>
					<LinearRing>
						<coordinates>							5.84584060079569,44.4326833229725,0 5.845823415255,44.4325266719465,0 5.84588716723531,44.4323920706297,0 5.84596006171942,44.4321918368695,0 5.84597033656263,44.4321212209503,0 5.8459551644333,44.4320120788255,0 5.84583083058428,44.4320344775884,0 5.84572202520145,44.4320581865126,0 5.84566105615738,44.4320757052882,0 5.845594453315,44.4320986841341,0 5.845530282308129,44.4321250230587,0 5.8454427265872,44.4321688104861,0 5.845355726448089,44.4322311394309,0 5.84525358037398,44.4323247560659,0 5.845222044531239,44.4321801857425,0 5.845131920020091,44.4320904545261,0 5.84506445284301,44.432116247769,0 5.84499386729632,44.4321475261515,0 5.84492608565112,44.4321820649332,0 5.84486778802695,44.4322177098933,0 5.84481680724301,44.4321339034331,0 5.8449231980003,44.4319872121075,0 5.84488468586795,44.4319688401268,0 5.84480277083924,44.4320422969586,0 5.84456474686656,44.4321462679022,0 5.84454300303145,44.4321438568557,0 5.84475776318685,44.431792323677,0 5.84478861391022,44.4317558563043,0 5.84484643840345,44.4316183461311,0 5.844920794922159,44.4313446624128,0 5.84480533116098,44.4312884636762,0 5.84476399795939,44.4313164642731,0 5.8447166487869,44.4313673197045,0 5.84464623748065,44.4314645299725,0 5.84457683120402,44.4317216915724,0 5.844185733484701,44.4319114948651,0 5.84423180202883,44.431962640271,0 5.8441351176872,44.4320498994606,0 5.844101302960781,44.4320874340201,0 5.84401808342093,44.4322349674862,0 5.84409088751806,44.4322502925198,0 5.844247189061101,44.4322685959719,0 5.84441114901107,44.4321967141805,0 5.84443818312161,44.4322668168858,0 5.844314267739149,44.4322850595466,0 5.844263787651319,44.4323061800187,0 5.84419160775029,44.4323232668206,0 5.844000773973981,44.4323532355407,0 5.84394308306877,44.4323734611065,0 5.843840194155991,44.4323848549482,0 5.84332137557084,44.4324798581513,0 5.84319669338649,44.4325103698422,0 5.84321543909098,44.4325581674283,0 5.84333942888167,44.4325438875065,0 5.84350087005637,44.4325218848833,0 5.84366150241855,44.4324962998074,0 5.84380798459165,44.4324943197578,0 5.84392431558445,44.432470238312,0 5.84399741560274,44.432393947126,0 5.84403231068619,44.4323753910236,0 5.8441046388722,44.4323587508866,0 5.84416854946555,44.4323697115556,0 5.84430327375049,44.4324364031339,0 5.84452333879426,44.4325352102895,0 5.84466034019119,44.4325196920956,0 5.844698827164379,44.432610036635,0 5.84473850262391,44.4326515285376,0 5.84478971860332,44.4326900200668,0 5.84471571540685,44.4327508418216,0 5.844726073021821,44.4327793090207,0 5.84477998289644,44.4327663868821,0 5.844796453749261,44.4327589354777,0 5.84483091225881,44.43274669581,0 5.84486731400272,44.4327380991175,0 5.84493733595837,44.4327080964678,0 5.84504194784378,44.4327759252123,0 5.8450205234004,44.4328248501167,0 5.845017046140389,44.4328881742566,0 5.84503187131268,44.4329679602413,0 5.845091135913699,44.4329565210453,0 5.84517288422913,44.4329372048186,0 5.84525282381142,44.4329144222302,0 5.84538618414969,44.4328590028272,0 5.84570132138261,44.4327460119718,0 5.84584060079569,44.4326833229725,0 
						</coordinates>
					</LinearRing>
				</outerBoundaryIs>
			</Polygon>
		</Placemark>
		<Placemark id="parcelles-des-personnes-morales_05_groupe_personne_1.7862">
		<styleUrl>#ETAT</styleUrl>			<visibility>0</visibility>
			<ExtendedData>
				<SchemaData schemaUrl="#parcelles-des-personnes-morales_05_groupe_personne_1.schema">
					<SimpleData name="Numero de Parcelle">051650000C0025</SimpleData>
					<SimpleData name="Departement">05</SimpleData>
					<SimpleData name="Commune">SAVOURNON</SimpleData>
					<SimpleData name="Adresse">LE JOURRE</SimpleData>
					<SimpleData name="Groupe de personne">Etat</SimpleData>
					<SimpleData name="Forme Juridique Abregee">ETAT</SimpleData>
					<SimpleData name="Denomination">ETAT PAR DIRECTION DE L IMMOBILIER DE L ETAT</SimpleData>
				</SchemaData>
			</ExtendedData>
	<Region>
		<LatLonAltBox>
			<north> 44.4319144456289 </north>
			<south> 44.4281655699097 </south>
			<east> 5.84542979338917 </east>
			<west> 5.840547918825781 </west>
		</LatLonAltBox>
		<Lod>
			<minLodPixels>100</minLodPixels>
			<maxLodPixels>-1</maxLodPixels>
		</Lod>
	</Region>
			<Polygon><altitudeMode>relativeToGround</altitudeMode>
				<outerBoundaryIs>
					<LinearRing>
						<coordinates>							5.84542979338917,44.4306649428528,0 5.845419741286191,44.430475139379,0 5.84542400389538,44.4301850704079,0 5.84541578120248,44.4300716052665,0 5.84531842316347,44.4300304327314,0 5.84494882837433,44.4299526944432,0 5.84492005347419,44.4299279457765,0 5.84483690870805,44.4297869604321,0 5.84493103822434,44.4296540073243,0 5.844812027913959,44.4295122368597,0 5.84478330192711,44.4283788164021,0 5.844767170814819,44.4281655699097,0 5.844729458180469,44.4282230223232,0 5.844635682276231,44.4283504713815,0 5.844557322473509,44.4284420318153,0 5.8444548720871,44.4285544816871,0 5.84440657040666,44.4286163509911,0 5.84437979839576,44.4286364089434,0 5.84433103621125,44.4286716272539,0 5.844296522400481,44.4286952179592,0 5.84423998781549,44.4287458599792,0 5.84417400010513,44.4288234989925,0 5.844138979421469,44.4288570112259,0 5.84413212661022,44.4288632233468,0 5.84405450395536,44.4289219762709,0 5.84398030921332,44.42898640557,0 5.84384676019683,44.429145417021,0 5.84379322771841,44.4291832804052,0 5.84376065660592,44.4291905168051,0 5.84375369404617,44.4291920477207,0 5.843740611540791,44.4291943671787,0 5.843691525324,44.4291981566177,0 5.84357774140244,44.4292077598482,0 5.8434791526786,44.4292170607711,0 5.84344399514143,44.4292053575594,0 5.84334366192459,44.4291724571981,0 5.84315311939339,44.4291154926849,0 5.84296386302471,44.4290666016011,0 5.8428451465843,44.4290430929203,0 5.84278945906359,44.4290330903774,0 5.842402092568251,44.4293994324169,0 5.84179030177623,44.4300603506385,0 5.84194578983616,44.4301126372371,0 5.84202807047652,44.4302840929881,0 5.84207736453922,44.4303144382001,0 5.84222072603794,44.4303805489071,0 5.84188910446191,44.4305731329853,0 5.841509718529109,44.4306757901039,0 5.84149438225882,44.4306607825331,0 5.8414628791506,44.4306617753542,0 5.84131769317719,44.4307094781645,0 5.84125037599017,44.4305931234406,0 5.84108674753019,44.4305940111554,0 5.84098336129324,44.4306454995434,0 5.8410223699113,44.4306662920981,0 5.8410866248467,44.4307041786665,0 5.84114737911312,44.4307449478861,0 5.841145165348471,44.4307709472058,0 5.84113621559292,44.4308280167322,0 5.84112220778873,44.4308844961042,0 5.841102877269531,44.4309401219147,0 5.84109793789561,44.4310019521678,0 5.84108164529277,44.4310179557466,0 5.841046076732419,44.4310231067741,0 5.8409876090302,44.4310053382646,0 5.840963311620329,44.4310071359385,0 5.841025466620869,44.4310632723037,0 5.840923482104969,44.4311126526949,0 5.84087791110774,44.4311439137837,0 5.84088309640704,44.4312296235816,0 5.84087618496884,44.4312597074492,0 5.84083984999976,44.4312546093765,0 5.840841447465349,44.4313039304605,0 5.84086669427969,44.4313911045677,0 5.84091979401694,44.4315097178745,0 5.84088384652689,44.4315098342939,0 5.8408213673015,44.4314973035387,0 5.84079749491676,44.4315551182075,0 5.840610160832281,44.4315421140812,0 5.840547918825781,44.4315518261119,0 5.84056232751121,44.4315683890522,0 5.84058434754569,44.4315788106181,0 5.84061995490722,44.4315919444118,0 5.84065751586933,44.4316014247274,0 5.84078679163442,44.4316473630329,0 5.84086940399155,44.4316602753442,0 5.84088407451152,44.4316695352422,0 5.840906574244759,44.4316794939892,0 5.840931296728539,44.4316861526265,0 5.84096737972057,44.4317112543105,0 5.841021391338059,44.4317754374588,0 5.84108226025054,44.4318084571669,0 5.841112856808981,44.4318494638246,0 5.84132680717686,44.4317116218858,0 5.841567596268961,44.4315825452693,0 5.8419662364631,44.4314001233505,0 5.84202654043647,44.4314218974593,0 5.84203983378988,44.431451279957,0 5.84204525118666,44.4315190584032,0 5.84205747095203,44.4315545938516,0 5.84203747141757,44.4315843849594,0 5.84201297368913,44.4316122203447,0 5.84199844685991,44.4316258364994,0 5.842178975631211,44.4317385492143,0 5.842539101742841,44.4316077423452,0 5.842742585969611,44.4315743870193,0 5.84285170393905,44.4315468897382,0 5.8429409528265,44.431549270341,0 5.84300344896328,44.4315371183029,0 5.84332997647269,44.4317857707338,0 5.843490386979791,44.431873328666,0 5.843642303002209,44.4319144456289,0 5.843751130760871,44.4318586706776,0 5.84390489709641,44.4317640830889,0 5.84409280655095,44.4316360057311,0 5.844145466877,44.4315782576489,0 5.844190617993359,44.4314936802414,0 5.84428500975162,44.4313658553316,0 5.84437758802928,44.431254471235,0 5.84445625858071,44.4311765045703,0 5.844570397390681,44.4310414136718,0 5.84474240712021,44.430912214432,0 5.84479523016616,44.4308602267685,0 5.84484191742807,44.4308337092695,0 5.84489189264115,44.430810079382,0 5.844944429681669,44.4307898963196,0 5.8451198309374,44.4307356432678,0 5.84522506677196,44.4307159904979,0 5.84530498961749,44.430692938013,0 5.84538686013567,44.4306736184041,0 5.84542979338917,44.4306649428528,0 
						</coordinates>
					</LinearRing>
				</outerBoundaryIs>
			</Polygon>
		</Placemark>
		<Placemark id="parcelles-des-personnes-morales_05_groupe_personne_1.8125">
		<styleUrl>#ETAT</styleUrl>			<visibility>0</visibility>
			<ExtendedData>
				<SchemaData schemaUrl="#parcelles-des-personnes-morales_05_groupe_personne_1.schema">
					<SimpleData name="Numero de Parcelle">051650000C0026</SimpleData>
					<SimpleData name="Departement">05</SimpleData>
					<SimpleData name="Commune">SAVOURNON</SimpleData>
					<SimpleData name="Adresse">LE JOURRE</SimpleData>
					<SimpleData name="Groupe de personne">Etat</SimpleData>
					<SimpleData name="Forme Juridique Abregee">ETAT</SimpleData>
					<SimpleData name="Denomination">ETAT PAR DIRECTION DE L IMMOBILIER DE L ETAT</SimpleData>
				</SchemaData>
			</ExtendedData>
	<Region>
		<LatLonAltBox>
			<north> 44.4302840929881 </north>
			<south> 44.4290163155828 </south>
			<east> 5.84278945906359 </east>
			<west> 5.8410410687664 </west>
		</LatLonAltBox>
		<Lod>
			<minLodPixels>100</minLodPixels>
			<maxLodPixels>-1</maxLodPixels>
		</Lod>
	</Region>
			<Polygon><altitudeMode>relativeToGround</altitudeMode>
				<outerBoundaryIs>
					<LinearRing>
						<coordinates>							5.84202807047652,44.4302840929881,0 5.84194578983616,44.4301126372371,0 5.84179030177623,44.4300603506385,0 5.842402092568251,44.4293994324169,0 5.84278945906359,44.4290330903774,0 5.84267158405107,44.4290163155828,0 5.842623462043961,44.4290417882548,0 5.842557308097791,44.4290711491863,0 5.84244426159682,44.4291179340745,0 5.8423659099968,44.4291647243134,0 5.842274165135999,44.4292326679166,0 5.84217829068672,44.4293009882285,0 5.84209648940579,44.4293666934015,0 5.84193121310896,44.4295073346081,0 5.84178591821327,44.4296653853926,0 5.841708079693301,44.4297424278207,0 5.84148671153028,44.4299226180472,0 5.84122394421999,44.430094507657,0 5.8410410687664,44.4302227203906,0 5.84107974722036,44.4302369457996,0 5.841343842629071,44.4302566163575,0 5.84202807047652,44.4302840929881,0 
						</coordinates>
					</LinearRing>
				</outerBoundaryIs>
			</Polygon>
		</Placemark>
		<Placemark id="parcelles-des-personnes-morales_05_groupe_personne_1.8363">
		<styleUrl>#ETAT</styleUrl>			<visibility>0</visibility>
			<ExtendedData>
				<SchemaData schemaUrl="#parcelles-des-personnes-morales_05_groupe_personne_1.schema">
					<SimpleData name="Numero de Parcelle">051650000C0027</SimpleData>
					<SimpleData name="Departement">05</SimpleData>
					<SimpleData name="Commune">SAVOURNON</SimpleData>
					<SimpleData name="Adresse">LE JOURRE</SimpleData>
					<SimpleData name="Groupe de personne">Etat</SimpleData>
					<SimpleData name="Forme Juridique Abregee">ETAT</SimpleData>
					<SimpleData name="Denomination">ETAT PAR DIRECTION DE L IMMOBILIER DE L ETAT</SimpleData>
				</SchemaData>
			</ExtendedData>
	<Region>
		<LatLonAltBox>
			<north> 44.4319286677867 </north>
			<south> 44.4302015426986 </south>
			<east> 5.84222072603794 </east>
			<west> 5.83671185513686 </west>
		</LatLonAltBox>
		<Lod>
			<minLodPixels>100</minLodPixels>
			<maxLodPixels>-1</maxLodPixels>
		</Lod>
	</Region>
			<Polygon><altitudeMode>relativeToGround</altitudeMode>
				<outerBoundaryIs>
					<LinearRing>
						<coordinates>							5.84202807047652,44.4302840929881,0 5.84190668005432,44.4302949716194,0 5.84112285891325,44.4302593439435,0 5.84100351596493,44.4302434158594,0 5.840931153615401,44.4302368149753,0 5.84085084637045,44.4302196997735,0 5.840789134429339,44.4302048973274,0 5.84075854457966,44.4302015426986,0 5.84063526801583,44.4302399420888,0 5.8404968312272,44.4302893613834,0 5.840461935309231,44.4303053942149,0 5.84032722322605,44.430363905104,0 5.840173313266661,44.4304281353065,0 5.839953419500591,44.4305301874556,0 5.83983093575643,44.4305818968874,0 5.839618620378691,44.4306646566204,0 5.839523943156219,44.4306993449058,0 5.839362407326631,44.4307594468226,0 5.83932173925089,44.430773195989,0 5.83920500787384,44.4308143074844,0 5.83910411512244,44.4308478945286,0 5.83885627228921,44.4309441792423,0 5.8387733359869,44.4309748711108,0 5.83863255552641,44.4310252491623,0 5.838481883653199,44.431076422383,0 5.83817444400323,44.4311875726533,0 5.83778641400894,44.4312985463582,0 5.83744406153758,44.4314004152684,0 5.837326563541839,44.4314363199974,0 5.83719419201072,44.4314714366969,0 5.83690619408229,44.4315392059087,0 5.83671185513686,44.4315769988605,0 5.836737041053071,44.4315904022652,0 5.836913916273501,44.4316405238182,0 5.83728792864724,44.4317211478676,0 5.83755097135588,44.4317949010144,0 5.837700451760051,44.4318201451539,0 5.837876028764211,44.4318719200394,0 5.837967353345079,44.4318856009122,0 5.83815870747601,44.4318910295704,0 5.838274616865911,44.4319286677867,0 5.83850190727302,44.4318485875024,0 5.83874001789719,44.4317461590005,0 5.83916974207988,44.4315767281723,0 5.83936133437693,44.4315117983566,0 5.83949491772942,44.431483313489,0 5.83962260654385,44.4314601148085,0 5.839708913154701,44.4315340951055,0 5.83982786430814,44.4316723595061,0 5.83989774245598,44.4316620006308,0 5.839958101643199,44.4316648582381,0 5.840158762666681,44.4317029216154,0 5.84022343027943,44.4317039565248,0 5.84036198754825,44.4316668751013,0 5.84046838247322,44.4316677346571,0 5.84058397988711,44.4316841203024,0 5.84066540872612,44.4316859837957,0 5.84083150846456,44.4317016973307,0 5.84086940399155,44.4316602753442,0 5.84078679163442,44.4316473630329,0 5.84065751586933,44.4316014247274,0 5.84061995490722,44.4315919444118,0 5.84058434754569,44.4315788106181,0 5.84056232751121,44.4315683890522,0 5.840547918825781,44.4315518261119,0 5.840610160832281,44.4315421140812,0 5.84079749491676,44.4315551182075,0 5.8408213673015,44.4314973035387,0 5.84088384652689,44.4315098342939,0 5.84091979401694,44.4315097178745,0 5.84086669427969,44.4313911045677,0 5.840841447465349,44.4313039304605,0 5.84083984999976,44.4312546093765,0 5.84087618496884,44.4312597074492,0 5.84088309640704,44.4312296235816,0 5.84087791110774,44.4311439137837,0 5.840923482104969,44.4311126526949,0 5.841025466620869,44.4310632723037,0 5.840963311620329,44.4310071359385,0 5.8409876090302,44.4310053382646,0 5.841046076732419,44.4310231067741,0 5.84108164529277,44.4310179557466,0 5.84109793789561,44.4310019521678,0 5.841102877269531,44.4309401219147,0 5.84112220778873,44.4308844961042,0 5.84113621559292,44.4308280167322,0 5.841145165348471,44.4307709472058,0 5.84114737911312,44.4307449478861,0 5.8410866248467,44.4307041786665,0 5.8410223699113,44.4306662920981,0 5.84098336129324,44.4306454995434,0 5.84108674753019,44.4305940111554,0 5.84125037599017,44.4305931234406,0 5.84131769317719,44.4307094781645,0 5.8414628791506,44.4306617753542,0 5.84149438225882,44.4306607825331,0 5.841509718529109,44.4306757901039,0 5.84188910446191,44.4305731329853,0 5.84222072603794,44.4303805489071,0 5.84207736453922,44.4303144382001,0 5.84202807047652,44.4302840929881,0 
						</coordinates>
					</LinearRing>
				</outerBoundaryIs>
			</Polygon>
		</Placemark>
		<Placemark id="parcelles-des-personnes-morales_05_groupe_personne_1.8647">
		<styleUrl>#ETAT</styleUrl>			<visibility>0</visibility>
			<ExtendedData>
				<SchemaData schemaUrl="#parcelles-des-personnes-morales_05_groupe_personne_1.schema">
					<SimpleData name="Numero de Parcelle">051650000C0028</SimpleData>
					<SimpleData name="Departement">05</SimpleData>
					<SimpleData name="Commune">SAVOURNON</SimpleData>
					<SimpleData name="Adresse">LE JOURRE</SimpleData>
					<SimpleData name="Groupe de personne">Etat</SimpleData>
					<SimpleData name="Forme Juridique Abregee">ETAT</SimpleData>
					<SimpleData name="Denomination">ETAT PAR DIRECTION DE L IMMOBILIER DE L ETAT</SimpleData>
				</SchemaData>
			</ExtendedData>
	<Region>
		<LatLonAltBox>
			<north> 44.4336506062728 </north>
			<south> 44.4314601148085 </south>
			<east> 5.84180441050747 </east>
			<west> 5.838274616865911 </west>
		</LatLonAltBox>
		<Lod>
			<minLodPixels>100</minLodPixels>
			<maxLodPixels>-1</maxLodPixels>
		</Lod>
	</Region>
			<Polygon><altitudeMode>relativeToGround</altitudeMode>
				<outerBoundaryIs>
					<LinearRing>
						<coordinates>							5.841112856808981,44.4318494638246,0 5.84108226025054,44.4318084571669,0 5.841021391338059,44.4317754374588,0 5.84096737972057,44.4317112543105,0 5.840931296728539,44.4316861526265,0 5.840906574244759,44.4316794939892,0 5.84088407451152,44.4316695352422,0 5.84086940399155,44.4316602753442,0 5.84083150846456,44.4317016973307,0 5.84066540872612,44.4316859837957,0 5.84058397988711,44.4316841203024,0 5.84046838247322,44.4316677346571,0 5.84036198754825,44.4316668751013,0 5.84022343027943,44.4317039565248,0 5.840158762666681,44.4317029216154,0 5.839958101643199,44.4316648582381,0 5.83989774245598,44.4316620006308,0 5.83982786430814,44.4316723595061,0 5.839708913154701,44.4315340951055,0 5.83962260654385,44.4314601148085,0 5.83949491772942,44.431483313489,0 5.83936133437693,44.4315117983566,0 5.83916974207988,44.4315767281723,0 5.83874001789719,44.4317461590005,0 5.83850190727302,44.4318485875024,0 5.838274616865911,44.4319286677867,0 5.83840782357261,44.4319477546769,0 5.838526075422681,44.431976955107,0 5.838596038850719,44.4319908256126,0 5.83875488581193,44.4320248346868,0 5.83891190028552,44.4320624037725,0 5.83900460647087,44.4320760481939,0 5.83930419234975,44.4320613004554,0 5.83944506551142,44.4320878450554,0 5.83950252753489,44.4320880752908,0 5.839714045008119,44.4320519063236,0 5.83988358443971,44.4320184405895,0 5.83997632619787,44.4319827210005,0 5.84030629371143,44.432072307264,0 5.84039731156102,44.4321023881024,0 5.840640444488179,44.4322051118186,0 5.84065421012139,44.4322163767856,0 5.84068105685522,44.4322427976873,0 5.84070347870528,44.4322712243163,0 5.84072095539219,44.4323013097839,0 5.840748191867939,44.4323730294518,0 5.84086096175683,44.4325057774439,0 5.84095898262829,44.4326802511757,0 5.84103737887496,44.4327893845437,0 5.8410916904368,44.4328495065055,0 5.84115323085538,44.4329108832314,0 5.84121905272334,44.4329698975654,0 5.84124313940241,44.4330114324451,0 5.84124201242691,44.433019028002,0 5.841242277017491,44.4330418107205,0 5.841247675671349,44.4330641907836,0 5.84129599386663,44.4331276199565,0 5.841297940845879,44.4331638708697,0 5.84130523133024,44.4331963808647,0 5.84131776337372,44.4332281251195,0 5.84133698585472,44.433260417419,0 5.84139251051807,44.4333246515286,0 5.841411057093551,44.4333935326235,0 5.84150127718796,44.4334627267521,0 5.84152093829873,44.4335037452089,0 5.84152033470753,44.4335417733898,0 5.8415403031787,44.4335663898522,0 5.841564162796421,44.4335883837724,0 5.84159203911485,44.4336077519089,0 5.84162381304793,44.4336071124146,0 5.841655400173161,44.4336102609763,0 5.84168578703256,44.4336170435837,0 5.84169843827176,44.4336211310064,0 5.841760514350899,44.4336506062728,0 5.84180441050747,44.4336210094224,0 5.84171034330776,44.4335428169598,0 5.841667082102711,44.4334899766779,0 5.84162850609142,44.4334353040524,0 5.84158881772421,44.4333684996792,0 5.84156708044896,44.4333161850575,0 5.84157758698552,44.4332500675459,0 5.841573004061349,44.4331488488431,0 5.841581625260231,44.4330777356429,0 5.841575319893061,44.4330197984647,0 5.84152976707741,44.4329313466769,0 5.841479260153391,44.4328443738297,0 5.84142325625705,44.4327580832246,0 5.841388762903531,44.4326845691742,0 5.841369822388421,44.4325828200752,0 5.841362255383,44.4324071845109,0 5.84157333346477,44.432382282958,0 5.84158065830209,44.4322878732182,0 5.8415643305093,44.4321830842172,0 5.84146448425155,44.4321449449525,0 5.84140361475401,44.4321119254506,0 5.841361702821811,44.4320658961816,0 5.84132448048286,44.4320181245445,0 5.84131527421968,44.4320050305873,0 5.84126640751239,44.4319581898325,0 5.841130775046001,44.4318733225086,0 5.841112856808981,44.4318494638246,0 
						</coordinates>
					</LinearRing>
				</outerBoundaryIs>
			</Polygon>
		</Placemark>
		<Placemark id="parcelles-des-personnes-morales_05_groupe_personne_1.8925">
		<styleUrl>#ETAT</styleUrl>			<visibility>0</visibility>
			<ExtendedData>
				<SchemaData schemaUrl="#parcelles-des-personnes-morales_05_groupe_personne_1.schema">
					<SimpleData name="Numero de Parcelle">051650000C0029</SimpleData>
					<SimpleData name="Departement">05</SimpleData>
					<SimpleData name="Commune">SAVOURNON</SimpleData>
					<SimpleData name="Adresse">LE JOURRE</SimpleData>
					<SimpleData name="Groupe de personne">Etat</SimpleData>
					<SimpleData name="Forme Juridique Abregee">ETAT</SimpleData>
					<SimpleData name="Denomination">ETAT PAR DIRECTION DE L IMMOBILIER DE L ETAT</SimpleData>
				</SchemaData>
			</ExtendedData>
	<Region>
		<LatLonAltBox>
			<north> 44.4328665302782 </north>
			<south> 44.432119302009 </south>
			<east> 5.842433621476621 </east>
			<west> 5.8417994972334 </west>
		</LatLonAltBox>
		<Lod>
			<minLodPixels>100</minLodPixels>
			<maxLodPixels>-1</maxLodPixels>
		</Lod>
	</Region>
			<Polygon><altitudeMode>relativeToGround</altitudeMode>
				<outerBoundaryIs>
					<LinearRing>
						<coordinates>							5.84192819989644,44.4327996438831,0 5.841931283393051,44.4328509984491,0 5.84194375529706,44.4328665302782,0 5.84202222903922,44.4327870392034,0 5.84230886902877,44.4324821181701,0 5.842359673744511,44.4324199150039,0 5.842396318313441,44.4323586176659,0 5.84240784730128,44.4323278740555,0 5.84242446609678,44.4322983502644,0 5.842433621476621,44.4322854131218,0 5.842353605394381,44.4322216313788,0 5.84228609923803,44.4322216617958,0 5.842236650009059,44.432210777296,0 5.84218202864183,44.4321620136271,0 5.84214479886618,44.4321416259204,0 5.84208045040151,44.4321219379006,0 5.84202550733566,44.432119302009,0 5.84197038201447,44.4321205441138,0 5.84193393748786,44.4321232859292,0 5.84184380016967,44.4322983795669,0 5.8417994972334,44.4324724708353,0 5.84180898558965,44.4325837416836,0 5.8418184759858,44.4326225002951,0 5.84199762251087,44.4326376053368,0 5.841950740106851,44.432720334825,0 5.84192819989644,44.4327996438831,0 
						</coordinates>
					</LinearRing>
				</outerBoundaryIs>
			</Polygon>
		</Placemark>
		<Placemark id="parcelles-des-personnes-morales_05_groupe_personne_1.9205">
		<styleUrl>#ETAT</styleUrl>			<visibility>0</visibility>
			<ExtendedData>
				<SchemaData schemaUrl="#parcelles-des-personnes-morales_05_groupe_personne_1.schema">
					<SimpleData name="Numero de Parcelle">051650000C0003</SimpleData>
					<SimpleData name="Departement">05</SimpleData>
					<SimpleData name="Commune">SAVOURNON</SimpleData>
					<SimpleData name="Adresse">CLOT DU JOURRE</SimpleData>
					<SimpleData name="Groupe de personne">Etat</SimpleData>
					<SimpleData name="Forme Juridique Abregee">ETAT</SimpleData>
					<SimpleData name="Denomination">ETAT PAR DIRECTION DE L IMMOBILIER DE L ETAT</SimpleData>
				</SchemaData>
			</ExtendedData>
	<Region>
		<LatLonAltBox>
			<north> 44.4392364906276 </north>
			<south> 44.4370873963653 </south>
			<east> 5.83352122921341 </east>
			<west> 5.8300042369249 </west>
		</LatLonAltBox>
		<Lod>
			<minLodPixels>100</minLodPixels>
			<maxLodPixels>-1</maxLodPixels>
		</Lod>
	</Region>
			<Polygon><altitudeMode>relativeToGround</altitudeMode>
				<outerBoundaryIs>
					<LinearRing>
						<coordinates>							5.83001540476252,44.4391017719183,0 5.83008550298645,44.4391056460304,0 5.8301337597792,44.4391227820593,0 5.830213771339529,44.4391840507262,0 5.830250831364161,44.4392060682838,0 5.83053574388803,44.4392364906276,0 5.830667654520289,44.439206798844,0 5.83097739008684,44.4389268972773,0 5.83122012500879,44.4388758009907,0 5.83155087152265,44.438661564409,0 5.831710828301159,44.4387400536642,0 5.831885756983811,44.4388086997454,0 5.83226966712187,44.4384937392752,0 5.83235393281003,44.4383914071013,0 5.832543341536701,44.4382370993166,0 5.83257278734269,44.4381296909234,0 5.832572056691281,44.4380197255797,0 5.83258997955178,44.437958372629,0 5.832610542254171,44.4379095625911,0 5.832635943904951,44.4378619792826,0 5.832700437523191,44.4378016807637,0 5.832755366331009,44.4377436999281,0 5.832790511807431,44.4376572229594,0 5.8328225293009,44.4376162252653,0 5.83286754260677,44.4375937194846,0 5.83291000344702,44.4375679464704,0 5.832948799785381,44.4375392951312,0 5.83303743214511,44.4376044835809,0 5.833069256813569,44.4375822268049,0 5.833111511498999,44.4375573597833,0 5.8331569373861,44.4375355638871,0 5.83352122921341,44.4373537869396,0 5.833515734690859,44.4373319494519,0 5.83350559118831,44.4373151857813,0 5.83349088755712,44.4373002508656,0 5.833416997366709,44.4372432409411,0 5.83332207870477,44.4371454264309,0 5.83323531404297,44.4370873963653,0 5.83259070822451,44.4374859896886,0 5.832549843070939,44.4374532615307,0 5.832180433813321,44.4375906686751,0 5.8319122649097,44.4376986291092,0 5.83190931666297,44.437689967424,0 5.83190099946855,44.4376569427971,0 5.83189781232209,44.4376234259879,0 5.83187441666608,44.4375428679831,0 5.8317989869278,44.4375329167913,0 5.8317087377838,44.4376086494304,0 5.831603928243019,44.4377074556605,0 5.83155770942372,44.4377762014172,0 5.83155137554887,44.4377878040012,0 5.83153640092947,44.4378226883997,0 5.831526623921929,44.4378584300506,0 5.83152162505522,44.4379444019571,0 5.831782023987151,44.437972478436,0 5.8317896007187,44.4380032701831,0 5.83180102784956,44.4380657601574,0 5.83180706478389,44.4381285688433,0 5.83178192599489,44.4382115454751,0 5.83173453807925,44.4382870771479,0 5.831719977887319,44.4383302380161,0 5.831812285845319,44.4384085743206,0 5.831741007487829,44.4385166974652,0 5.83160308022859,44.4384437672899,0 5.83148109760808,44.4385210359926,0 5.83137150328845,44.4386096961811,0 5.83126719032916,44.4385502239124,0 5.83074019908143,44.4387496854015,0 5.830657016615599,44.4387079552452,0 5.83054488924913,44.4386556190237,0 5.83042990163434,44.4386064188005,0 5.83040031043666,44.4386155562314,0 5.830361781209961,44.4386445600806,0 5.83029272393214,44.4385961613675,0 5.83018362969001,44.4385491514914,0 5.830155091538521,44.4385768176678,0 5.83009780403805,44.4386530532901,0 5.83001385940715,44.4388372553969,0 5.8300042369249,44.4390946724865,0 5.83001540476252,44.4391017719183,0 
						</coordinates>
					</LinearRing>
				</outerBoundaryIs>
			</Polygon>
		</Placemark>
		<Placemark id="parcelles-des-personnes-morales_05_groupe_personne_1.9261">
		<styleUrl>#ETAT</styleUrl>			<visibility>0</visibility>
			<ExtendedData>
				<SchemaData schemaUrl="#parcelles-des-personnes-morales_05_groupe_personne_1.schema">
					<SimpleData name="Numero de Parcelle">051650000C0030</SimpleData>
					<SimpleData name="Departement">05</SimpleData>
					<SimpleData name="Commune">SAVOURNON</SimpleData>
					<SimpleData name="Adresse">LE JOURRE</SimpleData>
					<SimpleData name="Groupe de personne">Etat</SimpleData>
					<SimpleData name="Forme Juridique Abregee">ETAT</SimpleData>
					<SimpleData name="Denomination">ETAT PAR DIRECTION DE L IMMOBILIER DE L ETAT</SimpleData>
				</SchemaData>
			</ExtendedData>
	<Region>
		<LatLonAltBox>
			<north> 44.4340624843552 </north>
			<south> 44.4335678526138 </south>
			<east> 5.84232529499587 </east>
			<west> 5.84178835562434 </west>
		</LatLonAltBox>
		<Lod>
			<minLodPixels>100</minLodPixels>
			<maxLodPixels>-1</maxLodPixels>
		</Lod>
	</Region>
			<Polygon><altitudeMode>relativeToGround</altitudeMode>
				<outerBoundaryIs>
					<LinearRing>
						<coordinates>							5.84178835562434,44.4337493333642,0 5.84192259399022,44.4338438743295,0 5.84205367730301,44.4339306598213,0 5.84209771731641,44.4339564566906,0 5.842179766360561,44.4340081159102,0 5.84225805450045,44.4340624843552,0 5.84230658020439,44.4340049339545,0 5.84232529499587,44.4339570703909,0 5.842318693122629,44.4338457250079,0 5.8423228801802,44.4337889583353,0 5.842104767937261,44.4337090125547,0 5.84209702390848,44.4336324664907,0 5.842093711218529,44.4336240846937,0 5.8420860142531,44.4336185183328,0 5.842075587805119,44.4336161750992,0 5.84206484450441,44.4336175332089,0 5.84205616081291,44.4336223511939,0 5.84204804714531,44.4336285056309,0 5.842032454548191,44.4336359339524,0 5.84201467226505,44.4336398156733,0 5.8419959513078,44.4336400284394,0 5.84197791934802,44.43363644018,0 5.841962105628589,44.4336294618281,0 5.84194966273175,44.4336195140355,0 5.84192355780163,44.4335678526138,0 5.84187148212604,44.4335847794815,0 5.841864828600521,44.4336199912009,0 5.84183587054625,44.4336866748544,0 5.84178835562434,44.4337493333642,0 
						</coordinates>
					</LinearRing>
				</outerBoundaryIs>
			</Polygon>
		</Placemark>
		<Placemark id="parcelles-des-personnes-morales_05_groupe_personne_1.9522">
		<styleUrl>#ETAT</styleUrl>			<visibility>0</visibility>
			<ExtendedData>
				<SchemaData schemaUrl="#parcelles-des-personnes-morales_05_groupe_personne_1.schema">
					<SimpleData name="Numero de Parcelle">051650000C0031</SimpleData>
					<SimpleData name="Departement">05</SimpleData>
					<SimpleData name="Commune">SAVOURNON</SimpleData>
					<SimpleData name="Adresse">LE JOURRE</SimpleData>
					<SimpleData name="Groupe de personne">Etat</SimpleData>
					<SimpleData name="Forme Juridique Abregee">ETAT</SimpleData>
					<SimpleData name="Denomination">ETAT PAR DIRECTION DE L IMMOBILIER DE L ETAT</SimpleData>
				</SchemaData>
			</ExtendedData>
	<Region>
		<LatLonAltBox>
			<north> 44.4356362053508 </north>
			<south> 44.4318665483461 </south>
			<east> 5.84248474913606 </east>
			<west> 5.83629253941039 </west>
		</LatLonAltBox>
		<Lod>
			<minLodPixels>100</minLodPixels>
			<maxLodPixels>-1</maxLodPixels>
		</Lod>
	</Region>
			<Polygon><altitudeMode>relativeToGround</altitudeMode>
				<outerBoundaryIs>
					<LinearRing>
						<coordinates>							5.83810478201186,44.4356362053508,0 5.83821283099298,44.4355872119574,0 5.838317954979469,44.4355350510382,0 5.83842015847705,44.4354798125627,0 5.83851491326465,44.4354239552274,0 5.83871148880386,44.4352977359379,0 5.83888654890762,44.4351987336172,0 5.8390501096081,44.4350960639758,0 5.839239250645899,44.4349895820696,0 5.839316683412279,44.4349393048771,0 5.83944371507527,44.4348753185162,0 5.83984484034907,44.434686715469,0 5.83995219668717,44.4346290006677,0 5.840062875229799,44.4345823696854,0 5.84049862150692,44.4346601308526,0 5.84067809881055,44.4346566737596,0 5.841013269745951,44.4346392925799,0 5.84119428073269,44.4346363355532,0 5.84145488516688,44.4346211464538,0 5.841669242550891,44.4346238140562,0 5.84172412971502,44.4346152820439,0 5.84175468730689,44.4346104402694,0 5.84185206265828,44.4345818057926,0 5.84202235618414,44.4345457051963,0 5.84224699426871,44.4344802781875,0 5.84238837303485,44.4343891651801,0 5.84248474913606,44.43435316957,0 5.84243953859748,44.4343065951749,0 5.84230004689693,44.4341350841183,0 5.84223141202529,44.4340676756467,0 5.84186080198907,44.4338300652662,0 5.84151416812545,44.4335841787033,0 5.84148206220577,44.4335506874417,0 5.841477269046991,44.4334953234803,0 5.84145673664046,44.4334619840599,0 5.84142783241532,44.433439669858,0 5.84139213984434,44.4334073520197,0 5.84136086324656,44.4333728484882,0 5.84135881175144,44.4333445270665,0 5.84135132635241,44.4333181473531,0 5.84133886406784,44.433292796786,0 5.8413194587457,44.4332743811,0 5.84128896721624,44.433240487844,0 5.84126328186144,44.4332046690689,0 5.84125738809043,44.4331549182907,0 5.841247599163421,44.4331202208057,0 5.8412335705967,44.4330912174635,0 5.841214587767451,44.433063693064,0 5.84120890095694,44.4330155583401,0 5.841186276718999,44.4329756071236,0 5.841115121976041,44.4329130371499,0 5.840990970717329,44.4327814836675,0 5.840977227071411,44.4327581478194,0 5.840931187737561,44.4326725007656,0 5.84089011634382,44.4325856446489,0 5.840767319553951,44.4324284741081,0 5.8406575048033,44.4322719595252,0 5.84062478755307,44.4322312776558,0 5.84057558652016,44.4322002988058,0 5.840403200353341,44.4321295296382,0 5.83998668128765,44.4320111886351,0 5.83990934407348,44.432040746143,0 5.83979515549067,44.4320524275231,0 5.839723687208,44.43206868233,0 5.83960370527834,44.4320926732748,0 5.83948252914739,44.4321129116304,0 5.839241979367529,44.4320791179235,0 5.83917585442611,44.4320791108382,0 5.83901774486586,44.4321023724,0 5.8389407820232,44.4320893130891,0 5.83869853662324,44.4320267372354,0 5.83866165852096,44.432020841738,0 5.83857383451834,44.4320042788321,0 5.838487699660151,44.4319837990158,0 5.83830196454984,44.4319550763246,0 5.83813748101976,44.4319189599129,0 5.8379708851483,44.431920910206,0 5.837848874271071,44.4318994625848,0 5.837725363611451,44.4318982307286,0 5.83753558367839,44.4318665483461,0 5.837477262928201,44.4319268709863,0 5.8374565039447,44.4319866764221,0 5.83747066616237,44.4320334219101,0 5.83708880836617,44.4321598173516,0 5.83677175907201,44.4322399543141,0 5.83679895625251,44.4322884359635,0 5.83658640477699,44.4323391282966,0 5.83655741859687,44.4324053607206,0 5.836534441935479,44.4325036859653,0 5.83646339548463,44.4325258728438,0 5.836376689038699,44.4325566599182,0 5.83629253941039,44.4325908040154,0 5.83630018210548,44.4326554626871,0 5.8363149423373,44.4327392145791,0 5.836334957728639,44.4328224708519,0 5.83640474265487,44.4330257793855,0 5.836491325423621,44.4332005513218,0 5.83650624126107,44.4333074490178,0 5.836596609635359,44.4334975266128,0 5.83662729581985,44.4336030273666,0 5.83666926680637,44.4337029229735,0 5.83672008774281,44.433811328149,0 5.836776002433569,44.4339185212107,0 5.83680748407568,44.4339145577854,0 5.83683411669884,44.4339617929432,0 5.836923400804981,44.4340775846862,0 5.836940097071739,44.434139758291,0 5.83696203507501,44.4342011663617,0 5.83698907122469,44.434261452285,0 5.83702107095475,44.4343204393689,0 5.837058025252451,44.4343779476872,0 5.83708692037257,44.434417648133,0 5.83721038463771,44.434535622014,0 5.83731632497873,44.4346250422957,0 5.83738972825663,44.4346998973707,0 5.83753684305049,44.4348306832518,0 5.83772517306856,44.4349760806785,0 5.83779355334368,44.4350861049416,0 5.83802028592924,44.4355182192301,0 5.83810478201186,44.4356362053508,0 
						</coordinates>
					</LinearRing>
				</outerBoundaryIs>
			</Polygon>
		</Placemark>
		<Placemark id="parcelles-des-personnes-morales_05_groupe_personne_1.9735">
		<styleUrl>#ETAT</styleUrl>			<visibility>0</visibility>
			<ExtendedData>
				<SchemaData schemaUrl="#parcelles-des-personnes-morales_05_groupe_personne_1.schema">
					<SimpleData name="Numero de Parcelle">051650000C0032</SimpleData>
					<SimpleData name="Departement">05</SimpleData>
					<SimpleData name="Commune">SAVOURNON</SimpleData>
					<SimpleData name="Adresse">LE JOURRE</SimpleData>
					<SimpleData name="Groupe de personne">Etat</SimpleData>
					<SimpleData name="Forme Juridique Abregee">ETAT</SimpleData>
					<SimpleData name="Denomination">ETAT PAR DIRECTION DE L IMMOBILIER DE L ETAT</SimpleData>
				</SchemaData>
			</ExtendedData>
	<Region>
		<LatLonAltBox>
			<north> 44.4330257793855 </north>
			<south> 44.4315900032054 </south>
			<east> 5.837848874271071 </east>
			<west> 5.83617787526458 </west>
		</LatLonAltBox>
		<Lod>
			<minLodPixels>100</minLodPixels>
			<maxLodPixels>-1</maxLodPixels>
		</Lod>
	</Region>
			<Polygon><altitudeMode>relativeToGround</altitudeMode>
				<outerBoundaryIs>
					<LinearRing>
						<coordinates>							5.83640474265487,44.4330257793855,0 5.836334957728639,44.4328224708519,0 5.8363149423373,44.4327392145791,0 5.83630018210548,44.4326554626871,0 5.83629253941039,44.4325908040154,0 5.836376689038699,44.4325566599182,0 5.83646339548463,44.4325258728438,0 5.836534441935479,44.4325036859653,0 5.83655741859687,44.4324053607206,0 5.83658640477699,44.4323391282966,0 5.83679895625251,44.4322884359635,0 5.83677175907201,44.4322399543141,0 5.83708880836617,44.4321598173516,0 5.83747066616237,44.4320334219101,0 5.8374565039447,44.4319866764221,0 5.837477262928201,44.4319268709863,0 5.83753558367839,44.4318665483461,0 5.837725363611451,44.4318982307286,0 5.837848874271071,44.4318994625848,0 5.83770794512526,44.431849227155,0 5.83761886818507,44.431825219386,0 5.83751724709213,44.4318067591526,0 5.83734182324718,44.4317555202277,0 5.83724436805353,44.4317374028272,0 5.836757312796439,44.4316186147715,0 5.83666159449098,44.4315900032054,0 5.83659317515955,44.4316068980693,0 5.836502847909729,44.4316256181154,0 5.8364110801283,44.4316406820231,0 5.83637812214646,44.4317530460006,0 5.83637520231999,44.4317650113482,0 5.83636024067433,44.4318125969484,0 5.83634032843823,44.4318592290967,0 5.83631519645494,44.4319045544125,0 5.83629903428644,44.4319708168563,0 5.836293775943209,44.4320188732166,0 5.83629026951018,44.4320918357985,0 5.83629192415458,44.432164935723,0 5.836302759540261,44.4322155502367,0 5.836309861572211,44.432271935732,0 5.83631144842408,44.4323286433916,0 5.83630799972303,44.4323852104804,0 5.836300536839751,44.432409363126,0 5.83628793088572,44.4324337382745,0 5.83627034272307,44.4324565302416,0 5.83625760654958,44.4324657758002,0 5.83622575597795,44.4324924479933,0 5.836198049325221,44.4325215356375,0 5.836178428298651,44.4325539280944,0 5.83617787526458,44.4325930357602,0 5.836190153426821,44.4326548727744,0 5.836206539247281,44.4326883198412,0 5.83623811975658,44.4327164214402,0 5.83626017115702,44.4327425164621,0 5.83627754185859,44.4327705335407,0 5.83628756538657,44.4328199979747,0 5.83640474265487,44.4330257793855,0 
						</coordinates>
					</LinearRing>
				</outerBoundaryIs>
			</Polygon>
		</Placemark>
		<Placemark id="parcelles-des-personnes-morales_05_groupe_personne_1.9898">
		<styleUrl>#ETAT</styleUrl>			<visibility>0</visibility>
			<ExtendedData>
				<SchemaData schemaUrl="#parcelles-des-personnes-morales_05_groupe_personne_1.schema">
					<SimpleData name="Numero de Parcelle">051650000E0328</SimpleData>
					<SimpleData name="Departement">05</SimpleData>
					<SimpleData name="Commune">SAVOURNON</SimpleData>
					<SimpleData name="Adresse">JUBIE</SimpleData>
					<SimpleData name="Groupe de personne">Etat</SimpleData>
					<SimpleData name="Forme Juridique Abregee">ETAT</SimpleData>
					<SimpleData name="Denomination">ETAT PAR DIRECTION DE L IMMOBILIER DE L ETAT</SimpleData>
				</SchemaData>
			</ExtendedData>
	<Region>
		<LatLonAltBox>
			<north> 44.3966551692293 </north>
			<south> 44.3929823938916 </south>
			<east> 5.800808714852559 </east>
			<west> 5.797874048033271 </west>
		</LatLonAltBox>
		<Lod>
			<minLodPixels>100</minLodPixels>
			<maxLodPixels>-1</maxLodPixels>
		</Lod>
	</Region>
			<Polygon><altitudeMode>relativeToGround</altitudeMode>
				<outerBoundaryIs>
					<LinearRing>
						<coordinates>							5.797874048033271,44.3935852777028,0 5.7980159758191,44.3937447941152,0 5.798168449201129,44.3938889099043,0 5.79824504488659,44.3940279285534,0 5.798426982154321,44.3942953268658,0 5.798581460813799,44.3944901028343,0 5.79875502729711,44.3948803042029,0 5.79882805467397,44.3950817444887,0 5.79893422992307,44.395394574157,0 5.79899814710305,44.3954854550197,0 5.79901803648638,44.3955040450018,0 5.799078512700761,44.3955558311272,0 5.79914276293716,44.3956051793369,0 5.79921076939794,44.3956517297808,0 5.799399393689269,44.3957747483805,0 5.799536870990839,44.395912668571,0 5.79960237104397,44.3960050401496,0 5.799662244412541,44.3960801705028,0 5.79972654147737,44.3961532967709,0 5.799770729687539,44.3961932467311,0 5.79988965971165,44.3962965093717,0 5.80001260613964,44.3963971476701,0 5.8000733115493,44.3964255983016,0 5.80023527702471,44.3964820083488,0 5.8004449432037,44.3965426992634,0 5.800718857369499,44.3966551692293,0 5.800808714852559,44.3963841920561,0 5.80066444962468,44.3963275126923,0 5.80018095852572,44.3962322634779,0 5.80015448774362,44.396207625977,0 5.80006501524627,44.3961208185103,0 5.79997982771706,44.396031740218,0 5.79989918499141,44.3959405646496,0 5.799579938208739,44.3955465032961,0 5.799548016630709,44.3955157891841,0 5.79949143221505,44.3954563381208,0 5.79943926695635,44.3953947930264,0 5.79939178513707,44.3953314174086,0 5.799328088439579,44.3952754798747,0 5.79924691846073,44.3951989993829,0 5.79917015437874,44.3951201549588,0 5.7991370879455,44.3950713649852,0 5.79909605111116,44.3950189044858,0 5.799050465414821,44.3949684511896,0 5.79900910040588,44.3949322123239,0 5.79893884808397,44.3948656324041,0 5.79887288502118,44.3947968716904,0 5.79884053896766,44.3947143756698,0 5.79879743495539,44.394515957763,0 5.79874480885346,44.3943688538789,0 5.79866334750895,44.3942483342962,0 5.79856587678271,44.394075888719,0 5.79853425390421,44.3940283229525,0 5.79837407939907,44.3938885467963,0 5.79837469014288,44.3935757046185,0 5.798382573413781,44.393361668806,0 5.79843803405373,44.3932358668855,0 5.79825665345739,44.3931346409392,0 5.798169126350699,44.3930793987256,0 5.79809778260026,44.3930287892257,0 5.798037827776579,44.3929823938916,0 5.79800989020551,44.39307795178,0 5.798028735663721,44.3932024952857,0 5.79808054376323,44.3932873791065,0 5.79813785323794,44.3933514060803,0 5.79824534721021,44.3934446023295,0 5.79824346307459,44.3934750951963,0 5.79820525777579,44.3935027282309,0 5.79814411078077,44.3935287826335,0 5.798112190579229,44.3935361693985,0 5.79807463771756,44.3935439695483,0 5.798025606976771,44.3935457562568,0 5.79800073014948,44.3935304454925,0 5.79798612028175,44.3935119013255,0 5.79796677806684,44.3935068984477,0 5.79795062309052,44.3935104616479,0 5.7979395427248,44.3935201109614,0 5.79793334034044,44.3935344102055,0 5.7979270134202,44.3935461905462,0 5.79791724014618,44.3935594095901,0 5.79790874025889,44.3935704344947,0 5.79789899553193,44.3935791491176,0 5.797887593985591,44.3935848433385,0 5.797874048033271,44.3935852777028,0 
						</coordinates>
					</LinearRing>
				</outerBoundaryIs>
			</Polygon>
		</Placemark>
		<Placemark id="parcelles-des-personnes-morales_05_groupe_personne_1.9913">
		<styleUrl>#ETAT</styleUrl>			<visibility>0</visibility>
			<ExtendedData>
				<SchemaData schemaUrl="#parcelles-des-personnes-morales_05_groupe_personne_1.schema">
					<SimpleData name="Numero de Parcelle">051650000E0329</SimpleData>
					<SimpleData name="Departement">05</SimpleData>
					<SimpleData name="Commune">SAVOURNON</SimpleData>
					<SimpleData name="Adresse">JUBIE</SimpleData>
					<SimpleData name="Groupe de personne">Etat</SimpleData>
					<SimpleData name="Forme Juridique Abregee">ETAT</SimpleData>
					<SimpleData name="Denomination">ETAT PAR DIRECTION DE L IMMOBILIER DE L ETAT</SimpleData>
				</SchemaData>
			</ExtendedData>
	<Region>
		<LatLonAltBox>
			<north> 44.3998807966337 </north>
			<south> 44.3956517297808 </south>
			<east> 5.800718857369499 </east>
			<west> 5.79752464627732 </west>
		</LatLonAltBox>
		<Lod>
			<minLodPixels>100</minLodPixels>
			<maxLodPixels>-1</maxLodPixels>
		</Lod>
	</Region>
			<Polygon><altitudeMode>relativeToGround</altitudeMode>
				<outerBoundaryIs>
					<LinearRing>
						<coordinates>							5.79978737499476,44.3997850698417,0 5.800718857369499,44.3966551692293,0 5.8004449432037,44.3965426992634,0 5.80023527702471,44.3964820083488,0 5.8000733115493,44.3964255983016,0 5.80001260613964,44.3963971476701,0 5.79988965971165,44.3962965093717,0 5.799770729687539,44.3961932467311,0 5.79972654147737,44.3961532967709,0 5.799662244412541,44.3960801705028,0 5.79960237104397,44.3960050401496,0 5.799536870990839,44.395912668571,0 5.799399393689269,44.3957747483805,0 5.79921076939794,44.3956517297808,0 5.79917023248853,44.3956678028922,0 5.79905336633875,44.3956925723295,0 5.79850901137169,44.3957001066907,0 5.798281366836039,44.3957406620227,0 5.7980004718901,44.3958577820994,0 5.797922930646361,44.3958953321228,0 5.797801739061309,44.3959927196872,0 5.79773777464382,44.3960558658258,0 5.797651393883069,44.3961712840591,0 5.79756982239935,44.396330626179,0 5.79754918711494,44.3964011380483,0 5.79752464627732,44.39657308239,0 5.79752783365803,44.396652806942,0 5.797536655305,44.3967524748189,0 5.79755074244059,44.3968519188197,0 5.797593124044549,44.3968553455079,0 5.79760556061454,44.396875656409,0 5.797644399912391,44.3969446568954,0 5.79767815712428,44.3970150475607,0 5.797687912278781,44.3970878496718,0 5.79767887578799,44.3971541035673,0 5.79769984405775,44.3971640192824,0 5.7978358753766,44.3971634445661,0 5.797836393342951,44.3973009744333,0 5.79784193171416,44.3974587334494,0 5.7978527311959,44.3976161786212,0 5.79785052997897,44.3976428064053,0 5.79784921269544,44.397702558972,0 5.79785316984578,44.3977622675678,0 5.797915015906819,44.3977731259881,0 5.79791826542486,44.3977956519877,0 5.79792952975888,44.3978481490973,0 5.797946032979489,44.3978998825421,0 5.79796764072803,44.3979506755866,0 5.79798457102516,44.3980110452851,0 5.79799715322721,44.3980749483074,0 5.79800434885355,44.3981391683823,0 5.79804708256856,44.3982843625607,0 5.79805511662102,44.3982867705156,0 5.798074136496681,44.3982953845862,0 5.79808965543703,44.3983068799309,0 5.798129658061741,44.3984095384701,0 5.79821549847385,44.3985778669124,0 5.798254121112749,44.3986932609531,0 5.79827723509469,44.3988303967502,0 5.79830808271157,44.3988723978686,0 5.79844396038695,44.3988991188669,0 5.798517093600999,44.3989298666799,0 5.79853412744519,44.3989415036116,0 5.79858528150402,44.3989800160219,0 5.79863241941267,44.3990211525808,0 5.7986753978933,44.3990645566394,0 5.79875988603967,44.3990606973991,0 5.798792944683801,44.3991118297515,0 5.79886305428414,44.3992795669166,0 5.79893299963789,44.3993677727569,0 5.79896152174847,44.3993856028968,0 5.799002121903931,44.3993758334871,0 5.79906573990844,44.3993488151227,0 5.799124636732641,44.3993025508136,0 5.79915591853625,44.3993228328138,0 5.79920459417845,44.399389961488,0 5.79925109433295,44.3995020023978,0 5.799323046592559,44.3996079016068,0 5.799357840136081,44.3996077375008,0 5.799395588210861,44.3996038052156,0 5.799432154422509,44.3995963000024,0 5.79947127485223,44.3996023310294,0 5.79949306843134,44.399613666646,0 5.799515210029121,44.3996294971182,0 5.79953332651554,44.3996477718695,0 5.7995380343111,44.399654047423,0 5.79954881869956,44.3996739498062,0 5.799554502917781,44.3996948826231,0 5.799554679365231,44.3997162257198,0 5.799518216404221,44.3998147032829,0 5.79950841983586,44.3998807966337,0 5.799560816280441,44.399868204982,0 5.79970628922305,44.3998094703146,0 5.79978737499476,44.3997850698417,0 
						</coordinates>
					</LinearRing>
				</outerBoundaryIs>
			</Polygon>
		</Placemark>
		<Placemark id="parcelles-des-personnes-morales_05_groupe_personne_1.9931">
		<styleUrl>#ETAT</styleUrl>			<visibility>0</visibility>
			<ExtendedData>
				<SchemaData schemaUrl="#parcelles-des-personnes-morales_05_groupe_personne_1.schema">
					<SimpleData name="Numero de Parcelle">051650000C0033</SimpleData>
					<SimpleData name="Departement">05</SimpleData>
					<SimpleData name="Commune">SAVOURNON</SimpleData>
					<SimpleData name="Adresse">CHAMBEL</SimpleData>
					<SimpleData name="Groupe de personne">Etat</SimpleData>
					<SimpleData name="Forme Juridique Abregee">ETAT</SimpleData>
					<SimpleData name="Denomination">ETAT PAR DIRECTION DE L IMMOBILIER DE L ETAT</SimpleData>
				</SchemaData>
			</ExtendedData>
	<Region>
		<LatLonAltBox>
			<north> 44.4332986810784 </north>
			<south> 44.4327664413025 </south>
			<east> 5.835414816476351 </east>
			<west> 5.83450228731338 </west>
		</LatLonAltBox>
		<Lod>
			<minLodPixels>100</minLodPixels>
			<maxLodPixels>-1</maxLodPixels>
		</Lod>
	</Region>
			<Polygon><altitudeMode>relativeToGround</altitudeMode>
				<outerBoundaryIs>
					<LinearRing>
						<coordinates>							5.835125514434161,44.4332421979552,0 5.83535659582514,44.4332124699171,0 5.835407636754681,44.4328865185957,0 5.835414816476351,44.4327664413025,0 5.8350167009448,44.4327893890763,0 5.83468956963408,44.4328214981261,0 5.83454308876464,44.4328485974647,0 5.83450931325298,44.4331504137367,0 5.83450228731338,44.4332986810784,0 5.83480979683358,44.4332738333875,0 5.835125514434161,44.4332421979552,0 
						</coordinates>
					</LinearRing>
				</outerBoundaryIs>
			</Polygon>
		</Placemark>
		<Placemark id="parcelles-des-personnes-morales_05_groupe_personne_1.10006">
		<styleUrl>#ETAT</styleUrl>			<visibility>0</visibility>
			<ExtendedData>
				<SchemaData schemaUrl="#parcelles-des-personnes-morales_05_groupe_personne_1.schema">
					<SimpleData name="Numero de Parcelle">051650000E0332</SimpleData>
					<SimpleData name="Departement">05</SimpleData>
					<SimpleData name="Commune">SAVOURNON</SimpleData>
					<SimpleData name="Adresse">PRA BARETY</SimpleData>
					<SimpleData name="Groupe de personne">Etat</SimpleData>
					<SimpleData name="Forme Juridique Abregee">ETAT</SimpleData>
					<SimpleData name="Denomination">ETAT PAR DIRECTION DE L IMMOBILIER DE L ETAT</SimpleData>
				</SchemaData>
			</ExtendedData>
	<Region>
		<LatLonAltBox>
			<north> 44.4025981482789 </north>
			<south> 44.3999583169669 </south>
			<east> 5.79630778055064 </east>
			<west> 5.79278417521975 </west>
		</LatLonAltBox>
		<Lod>
			<minLodPixels>100</minLodPixels>
			<maxLodPixels>-1</maxLodPixels>
		</Lod>
	</Region>
			<Polygon><altitudeMode>relativeToGround</altitudeMode>
				<outerBoundaryIs>
					<LinearRing>
						<coordinates>							5.79521181045114,44.4000327542173,0 5.79515537145778,44.4000220271611,0 5.79501028258202,44.3999970671718,0 5.794863865791729,44.3999757436664,0 5.794716510832081,44.3999583169669,0 5.794591791966071,44.3999921981106,0 5.79447632210977,44.4000480025495,0 5.7944194271583,44.4000763788085,0 5.7943489414865,44.4001323023389,0 5.79425198137657,44.4002042103422,0 5.79415124434496,44.4002734218193,0 5.79403558805169,44.4003432820527,0 5.79393095835985,44.4003871011694,0 5.793821390340931,44.4004097880397,0 5.79375764435345,44.4004139277489,0 5.79362966262082,44.4004250117768,0 5.79350236929298,44.4004398612945,0 5.79337614079155,44.4004584667531,0 5.793301524098339,44.4004892736865,0 5.79310801295275,44.4005523710304,0 5.79295093096711,44.4006942593336,0 5.79278417521975,44.4008209000745,0 5.793093398905899,44.4011522741908,0 5.79323213494284,44.4013259299766,0 5.79338932372962,44.401377067148,0 5.79343594535904,44.401336521899,0 5.79353419904642,44.4012347673315,0 5.79371333548018,44.4012520197581,0 5.79375917748134,44.4011397051563,0 5.793861650034619,44.4010419866303,0 5.79403158884341,44.4009085979427,0 5.794110360932009,44.4008245413813,0 5.794227662092491,44.40085921527,0 5.79442339592349,44.4008996446663,0 5.79442172087445,44.4009802133702,0 5.79441479211573,44.401053619428,0 5.794402570815859,44.4011267094501,0 5.79427106286852,44.4011223909555,0 5.79417688563841,44.4010878508146,0 5.79417251486301,44.4011011125515,0 5.79415747250787,44.4011374338566,0 5.794137469636669,44.4011725299431,0 5.79426862811188,44.4012181113802,0 5.794258168744719,44.401258189568,0 5.794388006037121,44.4013024532933,0 5.79438450946629,44.4013461378813,0 5.7943821180758,44.4014249232999,0 5.794385001466589,44.4015036649147,0 5.79439327626001,44.401582179618,0 5.79440760100069,44.4016610812125,0 5.79446292099494,44.4017966797614,0 5.794502358844811,44.4017963993425,0 5.79453671736501,44.401800121021,0 5.794570003198441,44.4018075629537,0 5.79460119914156,44.4018184807396,0 5.79460536020073,44.4018238696379,0 5.794614885055329,44.4018411923128,0 5.794619313896069,44.4018596351554,0 5.79461860228829,44.4018782985533,0 5.794612463712441,44.4018964691863,0 5.79460123463268,44.4019133278462,0 5.79458564129961,44.4019283156525,0 5.794566150109461,44.4019407001721,0 5.794673595927299,44.4020556096161,0 5.794733949374339,44.4020030956737,0 5.794790032836939,44.4019480779404,0 5.794830094223959,44.4019044559398,0 5.794972836880541,44.4017978776179,0 5.79481089374351,44.4019710577284,0 5.79472812090533,44.4020402640766,0 5.79469385618771,44.4020893234909,0 5.79466737914235,44.4022146581238,0 5.79459868539616,44.4023501618255,0 5.79458508359148,44.4024131085774,0 5.79458797825439,44.402476807569,0 5.79460279068458,44.4025274135339,0 5.79462295908532,44.4025770728815,0 5.79463274285107,44.4025970912156,0 5.79466207014274,44.4025981482789,0 5.79474706994579,44.4025740125878,0 5.79484414472901,44.4025145314754,0 5.79492560869138,44.4024366210765,0 5.79500256043158,44.4023563931627,0 5.79507513877669,44.402274114442,0 5.795109642181569,44.4022324349173,0 5.79521296183168,44.4020908274763,0 5.79525721945169,44.4020431355144,0 5.79530561252215,44.4019977705386,0 5.79535814103909,44.4019547325431,0 5.79537243722832,44.4019440110402,0 5.79563819591766,44.4020385964937,0 5.796135120761841,44.4021429835804,0 5.79630778055064,44.4020926606049,0 5.7962343415072,44.4019566222897,0 5.79617055710672,44.4017845793068,0 5.79612392602252,44.4016520035098,0 5.7960484308085,44.401560784185,0 5.79598344898152,44.4013822862243,0 5.79584732482404,44.4012006408329,0 5.7957099774149,44.4010425357111,0 5.79570496634588,44.401022486363,0 5.79570522113129,44.4010022132227,0 5.795710768433459,44.4009822560575,0 5.79571590403977,44.400971767126,0 5.79573411187295,44.40091816105,0 5.795610060703789,44.4007850290218,0 5.79547137140733,44.4005056279862,0 5.79554096141708,44.4004900796342,0 5.795554210226871,44.4004861402546,0 5.795564538431019,44.4004790323683,0 5.79557048468825,44.4004696938239,0 5.795571362773801,44.400459493158,0 5.79556711387424,44.4004497829753,0 5.79555638199118,44.4004360039299,0 5.79555459384706,44.4004252404478,0 5.79555796824035,44.400414706173,0 5.79556486397541,44.4004067847045,0 5.795573349934831,44.4004005342628,0 5.79557721187883,44.4003922394588,0 5.79557577691702,44.4003835387123,0 5.795569631422639,44.4003761285409,0 5.79556703289802,44.4003743930428,0 5.79548541182034,44.4002888235193,0 5.79542720609363,44.4002041906605,0 5.79537342295321,44.4001429548103,0 5.79521181045114,44.4000327542173,0 
						</coordinates>
					</LinearRing>
				</outerBoundaryIs>
			</Polygon>
		</Placemark>
		<Placemark id="parcelles-des-personnes-morales_05_groupe_personne_1.10022">
		<styleUrl>#ETAT</styleUrl>			<visibility>0</visibility>
			<ExtendedData>
				<SchemaData schemaUrl="#parcelles-des-personnes-morales_05_groupe_personne_1.schema">
					<SimpleData name="Numero de Parcelle">051650000E0333</SimpleData>
					<SimpleData name="Departement">05</SimpleData>
					<SimpleData name="Commune">SAVOURNON</SimpleData>
					<SimpleData name="Adresse">PRA BARETY</SimpleData>
					<SimpleData name="Groupe de personne">Etat</SimpleData>
					<SimpleData name="Forme Juridique Abregee">ETAT</SimpleData>
					<SimpleData name="Denomination">ETAT PAR DIRECTION DE L IMMOBILIER DE L ETAT</SimpleData>
				</SchemaData>
			</ExtendedData>
	<Region>
		<LatLonAltBox>
			<north> 44.402323382098 </north>
			<south> 44.4008245413813 </south>
			<east> 5.794673595927299 </east>
			<west> 5.79338932372962 </west>
		</LatLonAltBox>
		<Lod>
			<minLodPixels>100</minLodPixels>
			<maxLodPixels>-1</maxLodPixels>
		</Lod>
	</Region>
			<Polygon><altitudeMode>relativeToGround</altitudeMode>
				<outerBoundaryIs>
					<LinearRing>
						<coordinates>							5.794673595927299,44.4020556096161,0 5.794566150109461,44.4019407001721,0 5.79458564129961,44.4019283156525,0 5.79460123463268,44.4019133278462,0 5.794612463712441,44.4018964691863,0 5.79461860228829,44.4018782985533,0 5.794619313896069,44.4018596351554,0 5.794614885055329,44.4018411923128,0 5.79460536020073,44.4018238696379,0 5.79460119914156,44.4018184807396,0 5.794570003198441,44.4018075629537,0 5.79453671736501,44.401800121021,0 5.794502358844811,44.4017963993425,0 5.79446292099494,44.4017966797614,0 5.79440760100069,44.4016610812125,0 5.79439327626001,44.401582179618,0 5.794385001466589,44.4015036649147,0 5.7943821180758,44.4014249232999,0 5.79438450946629,44.4013461378813,0 5.794388006037121,44.4013024532933,0 5.794258168744719,44.401258189568,0 5.79426862811188,44.4012181113802,0 5.794137469636669,44.4011725299431,0 5.79415747250787,44.4011374338566,0 5.79417251486301,44.4011011125515,0 5.79417688563841,44.4010878508146,0 5.79427106286852,44.4011223909555,0 5.794402570815859,44.4011267094501,0 5.79441479211573,44.401053619428,0 5.79442172087445,44.4009802133702,0 5.79442339592349,44.4008996446663,0 5.794227662092491,44.40085921527,0 5.794110360932009,44.4008245413813,0 5.79403158884341,44.4009085979427,0 5.793861650034619,44.4010419866303,0 5.79375917748134,44.4011397051563,0 5.79371333548018,44.4012520197581,0 5.79353419904642,44.4012347673315,0 5.79343594535904,44.401336521899,0 5.79338932372962,44.401377067148,0 5.79361455261806,44.4014957445816,0 5.79375179330925,44.4016008914026,0 5.79380764825603,44.4016582923923,0 5.79387725107853,44.4017498428453,0 5.79396636873977,44.4019083634998,0 5.794060323094021,44.4020655903977,0 5.79409593117624,44.4021226043556,0 5.79416767064656,44.4022497697814,0 5.79458203429212,44.402323382098,0 5.794642706076929,44.4022086189265,0 5.794673595927299,44.4020556096161,0 
						</coordinates>
					</LinearRing>
				</outerBoundaryIs>
			</Polygon>
		</Placemark>
		<Placemark id="parcelles-des-personnes-morales_05_groupe_personne_1.10041">
		<styleUrl>#ETAT</styleUrl>			<visibility>0</visibility>
			<ExtendedData>
				<SchemaData schemaUrl="#parcelles-des-personnes-morales_05_groupe_personne_1.schema">
					<SimpleData name="Numero de Parcelle">051650000E0334</SimpleData>
					<SimpleData name="Departement">05</SimpleData>
					<SimpleData name="Commune">SAVOURNON</SimpleData>
					<SimpleData name="Adresse">PRA BARETY</SimpleData>
					<SimpleData name="Groupe de personne">Etat</SimpleData>
					<SimpleData name="Forme Juridique Abregee">ETAT</SimpleData>
					<SimpleData name="Denomination">ETAT PAR DIRECTION DE L IMMOBILIER DE L ETAT</SimpleData>
				</SchemaData>
			</ExtendedData>
	<Region>
		<LatLonAltBox>
			<north> 44.4028846741498 </north>
			<south> 44.4022497697814 </south>
			<east> 5.79458203429212 </east>
			<west> 5.79416767064656 </west>
		</LatLonAltBox>
		<Lod>
			<minLodPixels>100</minLodPixels>
			<maxLodPixels>-1</maxLodPixels>
		</Lod>
	</Region>
			<Polygon><altitudeMode>relativeToGround</altitudeMode>
				<outerBoundaryIs>
					<LinearRing>
						<coordinates>							5.79416767064656,44.4022497697814,0 5.7941885093607,44.4023130133647,0 5.79420862968649,44.4023896962182,0 5.79421612698966,44.4024626461019,0 5.79423776213153,44.4025394706608,0 5.79434709174853,44.4026416322083,0 5.79436769629409,44.4026772289706,0 5.79437740374001,44.4027491319493,0 5.794392242863099,44.4028206344621,0 5.794410105880941,44.4028846741498,0 5.79450100958972,44.402733294236,0 5.79454684839237,44.4026692590261,0 5.794572213880369,44.40260790524,0 5.79457265968961,44.402550786939,0 5.79456783950383,44.4024938923776,0 5.79455824975775,44.4024396409556,0 5.79455743876107,44.4024079554567,0 5.79456191152028,44.4023764060658,0 5.79457156919807,44.4023455357356,0 5.79458203429212,44.402323382098,0 5.79416767064656,44.4022497697814,0 
						</coordinates>
					</LinearRing>
				</outerBoundaryIs>
			</Polygon>
		</Placemark>
		<Placemark id="parcelles-des-personnes-morales_05_groupe_personne_1.10140">
		<styleUrl>#ETAT</styleUrl>			<visibility>0</visibility>
			<ExtendedData>
				<SchemaData schemaUrl="#parcelles-des-personnes-morales_05_groupe_personne_1.schema">
					<SimpleData name="Numero de Parcelle">051650000C0034</SimpleData>
					<SimpleData name="Departement">05</SimpleData>
					<SimpleData name="Commune">SAVOURNON</SimpleData>
					<SimpleData name="Adresse">CHAMBEL</SimpleData>
					<SimpleData name="Groupe de personne">Etat</SimpleData>
					<SimpleData name="Forme Juridique Abregee">ETAT</SimpleData>
					<SimpleData name="Denomination">ETAT PAR DIRECTION DE L IMMOBILIER DE L ETAT</SimpleData>
				</SchemaData>
			</ExtendedData>
	<Region>
		<LatLonAltBox>
			<north> 44.434736178249 </north>
			<south> 44.4316376483432 </south>
			<east> 5.83637497463547 </east>
			<west> 5.830689114040721 </west>
		</LatLonAltBox>
		<Lod>
			<minLodPixels>100</minLodPixels>
			<maxLodPixels>-1</maxLodPixels>
		</Lod>
	</Region>
			<Polygon><altitudeMode>relativeToGround</altitudeMode>
				<outerBoundaryIs>
					<LinearRing>
						<coordinates>							5.83126955573782,44.434235656314,0 5.83133609860336,44.4342690759921,0 5.83169749966849,44.4343788681053,0 5.83178999015247,44.4344208083586,0 5.83192962667606,44.4344803625972,0 5.83207198908716,44.4345366038182,0 5.832182756572371,44.4345744707926,0 5.83226564216126,44.4345953093759,0 5.832526119561469,44.4346578811237,0 5.83278817957616,44.4347168985726,0 5.83300456184406,44.4347298898085,0 5.833684632514631,44.434736178249,0 5.83371783720965,44.4347339729388,0 5.83430032289345,44.4345239707291,0 5.83447501375456,44.4344651594409,0 5.83466327603493,44.4344162674196,0 5.83486511952742,44.434332345903,0 5.834944759505079,44.4342909326988,0 5.83502000370771,44.4342295453853,0 5.83520741873224,44.4340459189578,0 5.83542155735367,44.4337534218116,0 5.835491447650111,44.4336354234365,0 5.83555648544761,44.433515928539,0 5.83561586407263,44.4333963991265,0 5.83575426010427,44.4330651362298,0 5.8358171420031,44.4329377699,0 5.835895761224699,44.4328359405638,0 5.83595155405636,44.4327853221266,0 5.83604819011595,44.4327444613544,0 5.83614737843313,44.4327068676315,0 5.836187653970439,44.4326927694792,0 5.8361497978301,44.432612224466,0 5.83614419283735,44.4325681409619,0 5.83616030363771,44.4325234082618,0 5.83624879672715,44.4324405108405,0 5.83627945026462,44.4323999976014,0 5.83629042750955,44.4323431465883,0 5.8362718064794,44.4321272610725,0 5.83627243750295,44.4319919491661,0 5.836285393014911,44.4318943324216,0 5.8363666875027,44.4316929888516,0 5.83637497463547,44.4316376483432,0 5.83581199315563,44.4317194309414,0 5.83558560029368,44.431737239302,0 5.835530400752229,44.4317445152579,0 5.83542884926657,44.4317926181995,0 5.83533469380198,44.4318327840522,0 5.83523798138658,44.4318695927114,0 5.835128551540729,44.4319034858366,0 5.835019454554651,44.431941513823,0 5.83491278416542,44.431982812094,0 5.834760279627611,44.4320276317988,0 5.83438291064059,44.4321609281912,0 5.83428405612416,44.4321901345683,0 5.83416890906204,44.4322278669744,0 5.83405607201838,44.4322690528241,0 5.83378912602542,44.4323481622344,0 5.83363296183427,44.4323801934877,0 5.83356752870625,44.432386470615,0 5.833485631693949,44.4323978552039,0 5.8334049193372,44.4324128123352,0 5.83318645645218,44.4324359063948,0 5.83302431354554,44.4324640370859,0 5.83273752602018,44.4324984356004,0 5.832411186543331,44.4325212396127,0 5.83210173725706,44.4325600023876,0 5.831532323782679,44.4326014836321,0 5.83131659222388,44.4326339618058,0 5.83111825243346,44.4326597772599,0 5.83091909557295,44.4326818301251,0 5.830689114040721,44.4327184564971,0 5.8307011587497,44.4327430982522,0 5.83071177124179,44.43280191592,0 5.83074223366016,44.432878058698,0 5.83082713898063,44.433049815112,0 5.83084812457961,44.4331149418135,0 5.83088934671106,44.4331799988402,0 5.830935918292191,44.4332866239515,0 5.83104241674831,44.4335054759813,0 5.83105796001609,44.4335748860712,0 5.83107663944619,44.4336316048015,0 5.83110054713477,44.4336872883924,0 5.83114014992888,44.4338706578995,0 5.831176142816981,44.433969357856,0 5.83118452879338,44.4340138204536,0 5.83124799330582,44.4341615367745,0 5.83126159007767,44.4342272136665,0 5.83126955573782,44.434235656314,0 
						</coordinates>
					</LinearRing>
				</outerBoundaryIs>
				<innerBoundaryIs>
					<LinearRing>
						<coordinates>							5.835125514434161,44.4332421979552,0 5.83480979683358,44.4332738333875,0 5.83450228731338,44.4332986810784,0 5.83450931325298,44.4331504137367,0 5.83454308876464,44.4328485974647,0 5.83468956963408,44.4328214981261,0 5.8350167009448,44.4327893890763,0 5.835414816476351,44.4327664413025,0 5.835407636754681,44.4328865185957,0 5.83535659582514,44.4332124699171,0 5.835125514434161,44.4332421979552,0 
						</coordinates>
					</LinearRing>
				</innerBoundaryIs>
			</Polygon>
		</Placemark>
		<Placemark id="parcelles-des-personnes-morales_05_groupe_personne_1.10321">
		<styleUrl>#ETAT</styleUrl>			<visibility>0</visibility>
			<ExtendedData>
				<SchemaData schemaUrl="#parcelles-des-personnes-morales_05_groupe_personne_1.schema">
					<SimpleData name="Numero de Parcelle">051650000C0035</SimpleData>
					<SimpleData name="Departement">05</SimpleData>
					<SimpleData name="Commune">SAVOURNON</SimpleData>
					<SimpleData name="Adresse">CHAMBEL</SimpleData>
					<SimpleData name="Groupe de personne">Etat</SimpleData>
					<SimpleData name="Forme Juridique Abregee">ETAT</SimpleData>
					<SimpleData name="Denomination">ETAT PAR DIRECTION DE L IMMOBILIER DE L ETAT</SimpleData>
				</SchemaData>
			</ExtendedData>
	<Region>
		<LatLonAltBox>
			<north> 44.4327184564971 </north>
			<south> 44.4317445152579 </south>
			<east> 5.835530400752229 </east>
			<west> 5.83049893375544 </west>
		</LatLonAltBox>
		<Lod>
			<minLodPixels>100</minLodPixels>
			<maxLodPixels>-1</maxLodPixels>
		</Lod>
	</Region>
			<Polygon><altitudeMode>relativeToGround</altitudeMode>
				<outerBoundaryIs>
					<LinearRing>
						<coordinates>							5.83049893375544,44.4321939622302,0 5.83052973324612,44.4322768521273,0 5.83062082919511,44.4325773494253,0 5.830689114040721,44.4327184564971,0 5.83091909557295,44.4326818301251,0 5.83111825243346,44.4326597772599,0 5.83131659222388,44.4326339618058,0 5.831532323782679,44.4326014836321,0 5.83210173725706,44.4325600023876,0 5.832411186543331,44.4325212396127,0 5.83273752602018,44.4324984356004,0 5.83302431354554,44.4324640370859,0 5.83318645645218,44.4324359063948,0 5.8334049193372,44.4324128123352,0 5.833485631693949,44.4323978552039,0 5.83356752870625,44.432386470615,0 5.83363296183427,44.4323801934877,0 5.83378912602542,44.4323481622344,0 5.83405607201838,44.4322690528241,0 5.83416890906204,44.4322278669744,0 5.83428405612416,44.4321901345683,0 5.83438291064059,44.4321609281912,0 5.834760279627611,44.4320276317988,0 5.83491278416542,44.431982812094,0 5.835019454554651,44.431941513823,0 5.835128551540729,44.4319034858366,0 5.83523798138658,44.4318695927114,0 5.83533469380198,44.4318327840522,0 5.83542884926657,44.4317926181995,0 5.835530400752229,44.4317445152579,0 5.83548288601806,44.4317496116751,0 5.83509668032776,44.4318118871908,0 5.8348640400183,44.431843006083,0 5.8347194383818,44.4318624008089,0 5.83420960349943,44.431938663863,0 5.834102510316331,44.4319439414488,0 5.83404530023628,44.4319462240734,0 5.834014582484259,44.4319528693832,0 5.83390558748731,44.4319728782415,0 5.833795528750959,44.431989221203,0 5.83368452283057,44.432001715113,0 5.83318416537318,44.4320463827998,0 5.83303915904374,44.4320476802524,0 5.832754519034649,44.4320722052493,0 5.83256901731828,44.4320706701689,0 5.83229567020179,44.4320872470461,0 5.831809328890909,44.4320779523472,0 5.83158043527849,44.432093564782,0 5.83138637415122,44.4320943195027,0 5.83114739635442,44.4321119016965,0 5.83093458562006,44.4321449346243,0 5.83089762933597,44.4321475057744,0 5.83076395586076,44.4321592281118,0 5.830630973642291,44.432174715747,0 5.83049893375544,44.4321939622302,0 
						</coordinates>
					</LinearRing>
				</outerBoundaryIs>
			</Polygon>
		</Placemark>
		<Placemark id="parcelles-des-personnes-morales_05_groupe_personne_1.10479">
		<styleUrl>#ETAT</styleUrl>			<visibility>0</visibility>
			<ExtendedData>
				<SchemaData schemaUrl="#parcelles-des-personnes-morales_05_groupe_personne_1.schema">
					<SimpleData name="Numero de Parcelle">051650000C0036</SimpleData>
					<SimpleData name="Departement">05</SimpleData>
					<SimpleData name="Commune">SAVOURNON</SimpleData>
					<SimpleData name="Adresse">CHAMBEL</SimpleData>
					<SimpleData name="Groupe de personne">Etat</SimpleData>
					<SimpleData name="Forme Juridique Abregee">ETAT</SimpleData>
					<SimpleData name="Denomination">ETAT PAR DIRECTION DE L IMMOBILIER DE L ETAT</SimpleData>
				</SchemaData>
			</ExtendedData>
	<Region>
		<LatLonAltBox>
			<north> 44.4321939622302 </north>
			<south> 44.4307576646451 </south>
			<east> 5.83404530023628 </east>
			<west> 5.82916823899693 </west>
		</LatLonAltBox>
		<Lod>
			<minLodPixels>100</minLodPixels>
			<maxLodPixels>-1</maxLodPixels>
		</Lod>
	</Region>
			<Polygon><altitudeMode>relativeToGround</altitudeMode>
				<outerBoundaryIs>
					<LinearRing>
						<coordinates>							5.82923013617596,44.4307919964701,0 5.82918332506739,44.4309418253026,0 5.82916823899693,44.4310523765472,0 5.82917057723382,44.431212202589,0 5.829196008172499,44.4313260368718,0 5.829236930301361,44.4314354198186,0 5.829270430976131,44.4314919382075,0 5.82933040193014,44.4315574148937,0 5.82952869488004,44.4317041006928,0 5.829646654453241,44.4318029473293,0 5.82974140475769,44.4318977060946,0 5.82978216123059,44.4319308882436,0 5.829855370603019,44.4319770184028,0 5.82992778881414,44.4320123596341,0 5.83006822576919,44.4320554113554,0 5.83034439499153,44.4321555069866,0 5.83049893375544,44.4321939622302,0 5.830630973642291,44.432174715747,0 5.83076395586076,44.4321592281118,0 5.83089762933597,44.4321475057744,0 5.83093458562006,44.4321449346243,0 5.83114739635442,44.4321119016965,0 5.83138637415122,44.4320943195027,0 5.83158043527849,44.432093564782,0 5.831809328890909,44.4320779523472,0 5.83229567020179,44.4320872470461,0 5.83256901731828,44.4320706701689,0 5.832754519034649,44.4320722052493,0 5.83303915904374,44.4320476802524,0 5.83318416537318,44.4320463827998,0 5.83368452283057,44.432001715113,0 5.833795528750959,44.431989221203,0 5.83390558748731,44.4319728782415,0 5.834014582484259,44.4319528693832,0 5.83404530023628,44.4319462240734,0 5.83400189610943,44.431948061394,0 5.83387278527694,44.4319479601457,0 5.833691739962309,44.4319425290868,0 5.83358220006434,44.4319366094965,0 5.833393637274719,44.4319216430265,0 5.83322722540247,44.4319071874202,0 5.83300578053731,44.4318682048287,0 5.83287623230789,44.4318392890731,0 5.832645037300199,44.4317712815479,0 5.83227750880995,44.4316267007943,0 5.83203284133277,44.4315205756435,0 5.83141482602553,44.4312690252456,0 5.83127088659047,44.4311986819688,0 5.83110557950573,44.4311384358435,0 5.8307312741707,44.4310114992451,0 5.83047989933349,44.4309244592995,0 5.830293360899179,44.4308770080045,0 5.83007430649188,44.4308329139785,0 5.82988309987002,44.430802696517,0 5.82966913433929,44.4307773870671,0 5.82960779733464,44.4307650008538,0 5.82955324986273,44.4307576646451,0 5.829513926552531,44.4307581343152,0 5.829425729333351,44.430759138785,0 5.82924632232751,44.4307888784269,0 5.82923013617596,44.4307919964701,0 
						</coordinates>
					</LinearRing>
				</outerBoundaryIs>
			</Polygon>
		</Placemark>
		<Placemark id="parcelles-des-personnes-morales_05_groupe_personne_1.11169">
		<styleUrl>#ETAT</styleUrl>			<visibility>0</visibility>
			<ExtendedData>
				<SchemaData schemaUrl="#parcelles-des-personnes-morales_05_groupe_personne_1.schema">
					<SimpleData name="Numero de Parcelle">051650000C0004</SimpleData>
					<SimpleData name="Departement">05</SimpleData>
					<SimpleData name="Commune">SAVOURNON</SimpleData>
					<SimpleData name="Adresse">CLOT DU JOURRE</SimpleData>
					<SimpleData name="Groupe de personne">Etat</SimpleData>
					<SimpleData name="Forme Juridique Abregee">ETAT</SimpleData>
					<SimpleData name="Denomination">ETAT PAR DIRECTION DE L IMMOBILIER DE L ETAT</SimpleData>
				</SchemaData>
			</ExtendedData>
	<Region>
		<LatLonAltBox>
			<north> 44.4386096961811 </north>
			<south> 44.4359364165053 </south>
			<east> 5.832549843070939 </east>
			<west> 5.82889896222632 </west>
		</LatLonAltBox>
		<Lod>
			<minLodPixels>100</minLodPixels>
			<maxLodPixels>-1</maxLodPixels>
		</Lod>
	</Region>
			<Polygon><altitudeMode>relativeToGround</altitudeMode>
				<outerBoundaryIs>
					<LinearRing>
						<coordinates>							5.832549843070939,44.4374532615307,0 5.83247367420866,44.4373532527439,0 5.83235687834761,44.4372202393427,0 5.83212429158037,44.4369491420853,0 5.83189601605775,44.4366762221362,0 5.83152483211116,44.4361604344418,0 5.831487535441889,44.4360959972107,0 5.831416056609441,44.4359364165053,0 5.8313832294659,44.4359461778633,0 5.831142227971699,44.4360743360915,0 5.83104909112233,44.4361024016078,0 5.83096272140204,44.4361325450628,0 5.83087891734872,44.4361662255944,0 5.8307776032367,44.4362268386343,0 5.83062922859018,44.4363418962963,0 5.83048215278462,44.4364301675248,0 5.83023248804061,44.4365586363548,0 5.8300600308718,44.4366296337725,0 5.830004229516041,44.436660162144,0 5.829871843474559,44.4367530994594,0 5.82982247857847,44.4367690500849,0 5.829748738476259,44.4367702236647,0 5.82965633533012,44.4367752995037,0 5.82956461896358,44.4367840507783,0 5.8295080969933,44.4368001850925,0 5.82935089685717,44.436887183488,0 5.82928052389984,44.4369104291905,0 5.82902435886655,44.43702717198,0 5.82899167199167,44.4370498099988,0 5.82894696765231,44.4370759993815,0 5.82889896222632,44.4370990307462,0 5.83126719032916,44.4385502239124,0 5.83137150328845,44.4386096961811,0 5.83148109760808,44.4385210359926,0 5.83160308022859,44.4384437672899,0 5.831741007487829,44.4385166974652,0 5.831812285845319,44.4384085743206,0 5.831719977887319,44.4383302380161,0 5.83173453807925,44.4382870771479,0 5.83178192599489,44.4382115454751,0 5.83180706478389,44.4381285688433,0 5.83180102784956,44.4380657601574,0 5.8317896007187,44.4380032701831,0 5.831782023987151,44.437972478436,0 5.83152162505522,44.4379444019571,0 5.831526623921929,44.4378584300506,0 5.83153640092947,44.4378226883997,0 5.83155137554887,44.4377878040012,0 5.83155770942372,44.4377762014172,0 5.831603928243019,44.4377074556605,0 5.8317087377838,44.4376086494304,0 5.8317989869278,44.4375329167913,0 5.83187441666608,44.4375428679831,0 5.83189781232209,44.4376234259879,0 5.83190099946855,44.4376569427971,0 5.83190931666297,44.437689967424,0 5.8319122649097,44.4376986291092,0 5.832180433813321,44.4375906686751,0 5.832549843070939,44.4374532615307,0 
						</coordinates>
					</LinearRing>
				</outerBoundaryIs>
			</Polygon>
		</Placemark>
		<Placemark id="parcelles-des-personnes-morales_05_groupe_personne_1.11325">
		<styleUrl>#ETAT</styleUrl>			<visibility>0</visibility>
			<ExtendedData>
				<SchemaData schemaUrl="#parcelles-des-personnes-morales_05_groupe_personne_1.schema">
					<SimpleData name="Numero de Parcelle">051650000E0406</SimpleData>
					<SimpleData name="Departement">05</SimpleData>
					<SimpleData name="Commune">SAVOURNON</SimpleData>
					<SimpleData name="Adresse">FONT DU LOUP LES EYSSOUCHI</SimpleData>
					<SimpleData name="Groupe de personne">Etat</SimpleData>
					<SimpleData name="Forme Juridique Abregee">ETAT</SimpleData>
					<SimpleData name="Denomination">ETAT PAR DIRECTION DE L IMMOBILIER DE L ETAT</SimpleData>
				</SchemaData>
			</ExtendedData>
	<Region>
		<LatLonAltBox>
			<north> 44.4028741831606 </north>
			<south> 44.4011262125707 </south>
			<east> 5.792071680290751 </east>
			<west> 5.79064188000095 </west>
		</LatLonAltBox>
		<Lod>
			<minLodPixels>100</minLodPixels>
			<maxLodPixels>-1</maxLodPixels>
		</Lod>
	</Region>
			<Polygon><altitudeMode>relativeToGround</altitudeMode>
				<outerBoundaryIs>
					<LinearRing>
						<coordinates>							5.79064188000095,44.4019315194123,0 5.79076210638188,44.4020051248801,0 5.7909309309087,44.4020705626013,0 5.791018484192071,44.4020956355319,0 5.791172538205011,44.4021239765716,0 5.79120496830984,44.4021395478662,0 5.791238658485161,44.4022086812113,0 5.791252414426889,44.402296514874,0 5.79127005210318,44.4023738916214,0 5.79129723317235,44.4024104030582,0 5.791344005308089,44.40247983524,0 5.79138595457607,44.4025508308675,0 5.79156444313461,44.4027662660955,0 5.791623512129709,44.4027920608039,0 5.79172940616697,44.4028348631209,0 5.79183764144755,44.4028741831606,0 5.7919673610569,44.4028116250193,0 5.79199435284096,44.4027857198157,0 5.79200785135995,44.4026162185145,0 5.79200511312306,44.4025123425521,0 5.792005370932021,44.4023469601512,0 5.792010786984109,44.402181717175,0 5.792030453755731,44.4019895409934,0 5.792071680290751,44.4018370811343,0 5.79206211575375,44.4018011139525,0 5.7920474763485,44.4017310473591,0 5.792038223952139,44.4016606640054,0 5.7918260271281,44.4015386805002,0 5.79149938336042,44.4014322088344,0 5.79147269479575,44.4014158615467,0 5.79142733462768,44.4013750371823,0 5.79133434038774,44.4012421939932,0 5.791275858119081,44.4011747701661,0 5.7911802374809,44.4011262125707,0 5.79110808660861,44.4012146928385,0 5.79095697621053,44.4012383398811,0 5.79082506761448,44.4013099597299,0 5.790802594114479,44.4013434063831,0 5.7908035138021,44.4013595062995,0 5.79085970687501,44.4014696834378,0 5.79085872988436,44.4015059179174,0 5.790784602687381,44.4016103911449,0 5.79078301403672,44.4016418672118,0 5.79080110946233,44.4017794918412,0 5.79078912453613,44.4018090696663,0 5.79064188000095,44.4019315194123,0 
						</coordinates>
					</LinearRing>
				</outerBoundaryIs>
			</Polygon>
		</Placemark>
		<Placemark id="parcelles-des-personnes-morales_05_groupe_personne_1.12653">
		<styleUrl>#ETAT</styleUrl>			<visibility>0</visibility>
			<ExtendedData>
				<SchemaData schemaUrl="#parcelles-des-personnes-morales_05_groupe_personne_1.schema">
					<SimpleData name="Numero de Parcelle">051650000C0005</SimpleData>
					<SimpleData name="Departement">05</SimpleData>
					<SimpleData name="Commune">SAVOURNON</SimpleData>
					<SimpleData name="Adresse">CLOT DU JOURRE</SimpleData>
					<SimpleData name="Groupe de personne">Etat</SimpleData>
					<SimpleData name="Forme Juridique Abregee">ETAT</SimpleData>
					<SimpleData name="Denomination">ETAT PAR DIRECTION DE L IMMOBILIER DE L ETAT</SimpleData>
				</SchemaData>
			</ExtendedData>
	<Region>
		<LatLonAltBox>
			<north> 44.4388372553969 </north>
			<south> 44.4370990307462 </south>
			<east> 5.83126719032916 </east>
			<west> 5.82768856616684 </west>
		</LatLonAltBox>
		<Lod>
			<minLodPixels>100</minLodPixels>
			<maxLodPixels>-1</maxLodPixels>
		</Lod>
	</Region>
			<Polygon><altitudeMode>relativeToGround</altitudeMode>
				<outerBoundaryIs>
					<LinearRing>
						<coordinates>							5.83001385940715,44.4388372553969,0 5.83009780403805,44.4386530532901,0 5.830155091538521,44.4385768176678,0 5.83018362969001,44.4385491514914,0 5.83029272393214,44.4385961613675,0 5.830361781209961,44.4386445600806,0 5.83040031043666,44.4386155562314,0 5.83042990163434,44.4386064188005,0 5.83054488924913,44.4386556190237,0 5.830657016615599,44.4387079552452,0 5.83074019908143,44.4387496854015,0 5.83126719032916,44.4385502239124,0 5.82889896222632,44.4370990307462,0 5.828871228879871,44.4371126239113,0 5.828711139100051,44.437174564107,0 5.82853157575202,44.4372242131461,0 5.828481486055859,44.4372282015372,0 5.828433213136369,44.4372358364122,0 5.8283862547379,44.4372471306685,0 5.82830606545702,44.437275221681,0 5.82807452942911,44.4373917802509,0 5.8280369528138,44.4374071571982,0 5.82798612507197,44.4374240452998,0 5.82793335497934,44.437437290086,0 5.827805328882,44.4374566101665,0 5.827762989779949,44.4374722894205,0 5.82768856616684,44.4375251832658,0 5.82786029716326,44.4376180581597,0 5.827945611740781,44.437667302039,0 5.82813647744346,44.4377807633295,0 5.82832371649752,44.4378971098085,0 5.828439451847841,44.4379588136234,0 5.82872832726717,44.4381264159389,0 5.82890791017479,44.4382480024012,0 5.82928324124051,44.4384473422689,0 5.82940465120319,44.4385068276344,0 5.82954753274765,44.4385883707139,0 5.82969384306165,44.4386580254644,0 5.83001385940715,44.4388372553969,0 
						</coordinates>
					</LinearRing>
				</outerBoundaryIs>
			</Polygon>
		</Placemark>
		<Placemark id="parcelles-des-personnes-morales_05_groupe_personne_1.13262">
		<styleUrl>#ETAT</styleUrl>			<visibility>0</visibility>
			<ExtendedData>
				<SchemaData schemaUrl="#parcelles-des-personnes-morales_05_groupe_personne_1.schema">
					<SimpleData name="Numero de Parcelle">051650000E0543</SimpleData>
					<SimpleData name="Departement">05</SimpleData>
					<SimpleData name="Commune">SAVOURNON</SimpleData>
					<SimpleData name="Adresse">LA QUEYRA</SimpleData>
					<SimpleData name="Groupe de personne">Etat</SimpleData>
					<SimpleData name="Forme Juridique Abregee">ETAT</SimpleData>
					<SimpleData name="Denomination">ETAT PAR DIRECTION DE L IMMOBILIER DE L ETAT</SimpleData>
				</SchemaData>
			</ExtendedData>
	<Region>
		<LatLonAltBox>
			<north> 44.4025357656586 </north>
			<south> 44.4008680381471 </south>
			<east> 5.79417789828325 </east>
			<west> 5.79208551605036 </west>
		</LatLonAltBox>
		<Lod>
			<minLodPixels>100</minLodPixels>
			<maxLodPixels>-1</maxLodPixels>
		</Lod>
	</Region>
			<Polygon><altitudeMode>relativeToGround</altitudeMode>
				<outerBoundaryIs>
					<LinearRing>
						<coordinates>							5.79208551605036,44.4016642385958,0 5.792443999394519,44.4019142896496,0 5.79254644163506,44.4019762743758,0 5.79263932968821,44.4019795929567,0 5.79271870899282,44.4019663202079,0 5.79278940248612,44.4019832623764,0 5.79322881098163,44.4022028849086,0 5.79345448503793,44.4022948895752,0 5.79366881928167,44.4024116816886,0 5.79386581069927,44.4024673028388,0 5.793938886076831,44.4024815717067,0 5.79404344976552,44.4025050396542,0 5.79414618788785,44.4025322468729,0 5.79417789828325,44.4025357656586,0 5.794171989937979,44.4024059386959,0 5.79409304293137,44.4021887920237,0 5.79400512826462,44.4020546509736,0 5.793940385485521,44.4019470341325,0 5.7939012163809,44.4018458841425,0 5.79385867810863,44.4017935497037,0 5.79368033923549,44.4016016236695,0 5.79359155429347,44.401533798939,0 5.79343134126566,44.4014595897472,0 5.7932032528668,44.4013822383956,0 5.79316905254573,44.4013664423806,0 5.79308878813099,44.401229404428,0 5.79295909573948,44.4010964126514,0 5.79284734731111,44.400945130907,0 5.79277946584679,44.4008680381471,0 5.79281045083206,44.4010528946047,0 5.79278587392845,44.4011022480681,0 5.79262290280706,44.4012979693586,0 5.792464424625659,44.4014956481404,0 5.792339470818659,44.4016572574981,0 5.79227218869949,44.4016967049228,0 5.79218926748131,44.4016662011557,0 5.79210594942117,44.4016505695983,0 5.79208551605036,44.4016642385958,0 
						</coordinates>
					</LinearRing>
				</outerBoundaryIs>
			</Polygon>
		</Placemark>
		<Placemark id="parcelles-des-personnes-morales_05_groupe_personne_1.13270">
		<styleUrl>#ETAT</styleUrl>			<visibility>0</visibility>
			<ExtendedData>
				<SchemaData schemaUrl="#parcelles-des-personnes-morales_05_groupe_personne_1.schema">
					<SimpleData name="Numero de Parcelle">051650000E0544</SimpleData>
					<SimpleData name="Departement">05</SimpleData>
					<SimpleData name="Commune">SAVOURNON</SimpleData>
					<SimpleData name="Adresse">JUBIE</SimpleData>
					<SimpleData name="Groupe de personne">Etat</SimpleData>
					<SimpleData name="Forme Juridique Abregee">ETAT</SimpleData>
					<SimpleData name="Denomination">ETAT PAR DIRECTION DE L IMMOBILIER DE L ETAT</SimpleData>
				</SchemaData>
			</ExtendedData>
	<Region>
		<LatLonAltBox>
			<north> 44.4007829655652 </north>
			<south> 44.396587250965 </south>
			<east> 5.79447540955001 </east>
			<west> 5.78723953490652 </west>
		</LatLonAltBox>
		<Lod>
			<minLodPixels>100</minLodPixels>
			<maxLodPixels>-1</maxLodPixels>
		</Lod>
	</Region>
			<Polygon><altitudeMode>relativeToGround</altitudeMode>
				<outerBoundaryIs>
					<LinearRing>
						<coordinates>							5.78869708788763,44.4003284828553,0 5.78886705993095,44.4002949934176,0 5.788926492315821,44.4002874529401,0 5.788941756825079,44.4002606746364,0 5.7889214261768,44.4002152520262,0 5.78892497480777,44.4001572446891,0 5.7890663297569,44.4001625810725,0 5.789079597983811,44.400130989337,0 5.789105222848401,44.4001308806065,0 5.78912673698695,44.4001416848661,0 5.789152153098169,44.4001806734387,0 5.78921030070998,44.4001445218868,0 5.789252762947441,44.4000832768127,0 5.78926024945828,44.4000185042318,0 5.78926212250092,44.3999418039838,0 5.78920547102653,44.3999369340893,0 5.788938571555179,44.3999283830783,0 5.7886767876021,44.3999242055346,0 5.78839276083081,44.3999479731464,0 5.78765797981271,44.3999469447433,0 5.787436216500321,44.3999237361481,0 5.78768836489084,44.3999287010633,0 5.78794082909707,44.3999298743082,0 5.78824092437011,44.3999262377273,0 5.788477999700349,44.3999185218829,0 5.78871450788365,44.3999069467208,0 5.78887358522868,44.3998971523936,0 5.78905843936976,44.3999132765855,0 5.78924398130968,44.3999255098716,0 5.78931842893568,44.3999294784977,0 5.789504859744611,44.3999648377928,0 5.78969201949146,44.4000557538474,0 5.78988890677967,44.4001248053813,0 5.78999467232294,44.4001523899341,0 5.79013379974086,44.4001584119164,0 5.790363869003501,44.4002175242283,0 5.79054390310222,44.4002505218679,0 5.790769714193539,44.4002767742525,0 5.79201034569802,44.4003928596621,0 5.792348453293781,44.4004211249244,0 5.792409950554591,44.4004630708502,0 5.79252888096105,44.4005944445884,0 5.792659614318,44.4006620166902,0 5.792756295501,44.4007829655652,0 5.79283909206994,44.4007218668077,0 5.79301367684421,44.400555304745,0 5.79305619579946,44.4005283748377,0 5.79310200718753,44.400504513973,0 5.793161465014289,44.4004796763537,0 5.79344704415256,44.4004135222985,0 5.79379472606231,44.4003786685672,0 5.79393173682031,44.4003392521239,0 5.79413016553648,44.4002383775616,0 5.79423740645461,44.4001660285905,0 5.794340744945129,44.4000909862658,0 5.794418555086411,44.4000307334259,0 5.79447540955001,44.3999506557193,0 5.79443016859013,44.3999427966499,0 5.79427865116263,44.3999962731797,0 5.79410593932173,44.4000429013304,0 5.79401792704437,44.4000568446065,0 5.79395280117506,44.4000610194577,0 5.79389524193199,44.4000606786981,0 5.79383824458775,44.4000564504682,0 5.79364678298469,44.3999599757911,0 5.793534869712789,44.399927506564,0 5.793312506609,44.3999074775491,0 5.79305592602432,44.3999018272782,0 5.79282969370937,44.3999154029585,0 5.79267318830319,44.3998983858198,0 5.79246908223468,44.3998893313835,0 5.79236465985894,44.3998533382511,0 5.792335388181609,44.3998228250365,0 5.79241602088104,44.3996720678736,0 5.79241621698101,44.3996072997644,0 5.7924175454503,44.3995934847621,0 5.79241470879357,44.3995741908233,0 5.79240675852547,44.3995556571041,0 5.7923938556451,44.3995386001113,0 5.79237653759044,44.3995237268027,0 5.79235557943969,44.3995114678871,0 5.79233163966698,44.3995024371782,0 5.79222133553174,44.3995203672291,0 5.79191459841823,44.3995675987596,0 5.791606545072159,44.3996110796969,0 5.79137931615231,44.3996299019715,0 5.79082220691135,44.3996317758733,0 5.79079818690156,44.399631303884,0 5.79077009509294,44.399627242079,0 5.79074332715069,44.3996194536812,0 5.79071903902302,44.3996084498329,0 5.79069798359495,44.3995942114512,0 5.79068083263496,44.3995776222482,0 5.790668231289451,44.3995590261675,0 5.79065861353304,44.3995245014638,0 5.79068906380908,44.3994719371491,0 5.7906841249754,44.3994456707106,0 5.79059301878859,44.3994274432465,0 5.790394779989361,44.3994201278479,0 5.790243386967421,44.399453238919,0 5.79015229344125,44.3994632939467,0 5.79010304195494,44.3994479685688,0 5.78996143075359,44.3993685993965,0 5.789636030893741,44.3991494089047,0 5.78959505416439,44.3991133368183,0 5.78951745272333,44.3990402716701,0 5.78944401134185,44.3989649392994,0 5.78937511975213,44.3988876000614,0 5.78925781976069,44.3987100642352,0 5.78921387675433,44.3986316424538,0 5.789207605324749,44.3985757754835,0 5.789198736370841,44.3984570127904,0 5.78919488656166,44.3983381229419,0 5.78921067572843,44.3981384798583,0 5.78925908736052,44.3977009362864,0 5.78925155151225,44.3976550995594,0 5.78913902056728,44.3973703453471,0 5.78912292986427,44.3972911278818,0 5.78913611400236,44.397000396356,0 5.789225770420861,44.3966299037214,0 5.78920633114472,44.396587250965,0 5.78912830243063,44.3966099448348,0 5.789058996119939,44.3967051070974,0 5.788953195589241,44.3968245229363,0 5.7888539361877,44.3969288207375,0 5.78867490474697,44.3970790951402,0 5.788511741828541,44.397209781608,0 5.78841832908042,44.3972721367324,0 5.78832820815682,44.3973375609764,0 5.788241858794649,44.3974055918297,0 5.78822213555369,44.3974413101558,0 5.78810541061782,44.3975864025893,0 5.78794924905759,44.397782754702,0 5.78778728926808,44.397976190907,0 5.78766512479853,44.3981078194761,0 5.787642727432371,44.3981402726827,0 5.78763940197921,44.3981977338019,0 5.7876693194762,44.3982618292758,0 5.78770455499341,44.3983446154775,0 5.78773613845725,44.3984272239305,0 5.78778862808334,44.3986307222925,0 5.78779198247447,44.3986835105979,0 5.7877452043712,44.3987770206459,0 5.78771325677164,44.3988425925949,0 5.78768381728853,44.3989106230887,0 5.78772772550094,44.3989348219652,0 5.7876990532101,44.3990337283127,0 5.787670127173609,44.3990968818255,0 5.78758607368956,44.3992370930952,0 5.78755693076374,44.3993111509867,0 5.78754691154964,44.399357702552,0 5.7875272166152,44.3994373760037,0 5.7875035461362,44.3995179607758,0 5.78740969137785,44.3997780379519,0 5.78734532307635,44.3999021678865,0 5.7872558529536,44.4000523340771,0 5.78723953490652,44.4000704917219,0 5.7873069467482,44.4000744596858,0 5.787953402984909,44.4001366354178,0 5.788311765185989,44.4001859276901,0 5.78846289293045,44.4002519072021,0 5.78856826421779,44.400286799076,0 5.788593124509509,44.4002584266673,0 5.788612459130739,44.4001714661155,0 5.78865424765038,44.4001730197711,0 5.78869137982821,44.4002840409201,0 5.78869708788763,44.4003284828553,0 
						</coordinates>
					</LinearRing>
				</outerBoundaryIs>
			</Polygon>
		</Placemark>
		<Placemark id="parcelles-des-personnes-morales_05_groupe_personne_1.13275">
		<styleUrl>#ETAT</styleUrl>			<visibility>0</visibility>
			<ExtendedData>
				<SchemaData schemaUrl="#parcelles-des-personnes-morales_05_groupe_personne_1.schema">
					<SimpleData name="Numero de Parcelle">051650000E0545</SimpleData>
					<SimpleData name="Departement">05</SimpleData>
					<SimpleData name="Commune">SAVOURNON</SimpleData>
					<SimpleData name="Adresse">JUBIE</SimpleData>
					<SimpleData name="Groupe de personne">Etat</SimpleData>
					<SimpleData name="Forme Juridique Abregee">ETAT</SimpleData>
					<SimpleData name="Denomination">ETAT PAR DIRECTION DE L IMMOBILIER DE L ETAT</SimpleData>
				</SchemaData>
			</ExtendedData>
	<Region>
		<LatLonAltBox>
			<north> 44.4000319333124 </north>
			<south> 44.3969782545809 </south>
			<east> 5.79577404999643 </east>
			<west> 5.792380642927211 </west>
		</LatLonAltBox>
		<Lod>
			<minLodPixels>100</minLodPixels>
			<maxLodPixels>-1</maxLodPixels>
		</Lod>
	</Region>
			<Polygon><altitudeMode>relativeToGround</altitudeMode>
				<outerBoundaryIs>
					<LinearRing>
						<coordinates>							5.79500060728062,44.3970871132024,0 5.79377120151066,44.3969782545809,0 5.79246671878809,44.3996530373939,0 5.792467890151591,44.3996589525604,0 5.79239074320579,44.3997734116418,0 5.79238368374699,44.3997856606001,0 5.792380642927211,44.3998004197736,0 5.79238288561654,44.3998153151591,0 5.79239023750614,44.3998293603647,0 5.79240227332451,44.3998415753628,0 5.79241820467362,44.3998512595578,0 5.79243699219138,44.3998577187193,0 5.79245748879002,44.3998606216452,0 5.7926190679516,44.39986589085,0 5.79279165468234,44.3998879946309,0 5.79288143569828,44.3998869781129,0 5.793149464191,44.3998674779394,0 5.79337990247585,44.3998678464147,0 5.793548757300101,44.3998881521528,0 5.7936736250053,44.3999234452282,0 5.793748516968161,44.3999669420643,0 5.79376209553305,44.3999773162945,0 5.79379035203524,44.3999948842632,0 5.79382197101306,44.4000093043813,0 5.79385606965405,44.4000205089752,0 5.79389212382075,44.4000280609737,0 5.79392925069695,44.4000318927046,0 5.7939666929467,44.4000319333124,0 5.7940515481885,44.4000227540459,0 5.79411894041979,44.4000110454752,0 5.79418490012597,44.3999957702607,0 5.79424904196811,44.3999767580369,0 5.7944464330746,44.399908335848,0 5.79450910036217,44.3998060424516,0 5.794809813737501,44.3994002819349,0 5.79522073303672,44.3988857054153,0 5.79545705785574,44.3986212826074,0 5.79560049401209,44.3984399243764,0 5.79573931429345,44.3982567015428,0 5.79577404999643,44.3982096114738,0 5.795714839604331,44.3981859844846,0 5.795628796747939,44.398148176647,0 5.79554547998327,44.3981070568588,0 5.795559424074119,44.3980892284225,0 5.79545738919922,44.3980481335177,0 5.79541379179194,44.3981218401669,0 5.79502307011531,44.3981320309257,0 5.79500060728062,44.3970871132024,0 
						</coordinates>
					</LinearRing>
				</outerBoundaryIs>
			</Polygon>
		</Placemark>
		<Placemark id="parcelles-des-personnes-morales_05_groupe_personne_1.13292">
		<styleUrl>#ETAT</styleUrl>			<visibility>0</visibility>
			<ExtendedData>
				<SchemaData schemaUrl="#parcelles-des-personnes-morales_05_groupe_personne_1.schema">
					<SimpleData name="Numero de Parcelle">051650000E0547</SimpleData>
					<SimpleData name="Departement">05</SimpleData>
					<SimpleData name="Commune">SAVOURNON</SimpleData>
					<SimpleData name="Adresse">JUBIE</SimpleData>
					<SimpleData name="Groupe de personne">Etat</SimpleData>
					<SimpleData name="Forme Juridique Abregee">ETAT</SimpleData>
					<SimpleData name="Denomination">ETAT PAR DIRECTION DE L IMMOBILIER DE L ETAT</SimpleData>
				</SchemaData>
			</ExtendedData>
	<Region>
		<LatLonAltBox>
			<north> 44.3982209537122 </north>
			<south> 44.3979358531838 </south>
			<east> 5.79611536085635 </east>
			<west> 5.79582398471645 </west>
		</LatLonAltBox>
		<Lod>
			<minLodPixels>100</minLodPixels>
			<maxLodPixels>-1</maxLodPixels>
		</Lod>
	</Region>
			<Polygon><altitudeMode>relativeToGround</altitudeMode>
				<outerBoundaryIs>
					<LinearRing>
						<coordinates>							5.79585911590319,44.3981818701554,0 5.79582398471645,44.3982209537122,0 5.79593307894757,44.3981938631519,0 5.795993864896941,44.3982112349062,0 5.79601211435786,44.3981737510088,0 5.796040304255329,44.3981670901695,0 5.79606454657701,44.3981593586215,0 5.79608584069318,44.3981504409111,0 5.79609397065316,44.3981369935484,0 5.796100026304269,44.3981222477593,0 5.79611536085635,44.3980562844238,0 5.796110264294789,44.3980039908095,0 5.79602250645207,44.3979518150045,0 5.796005511020081,44.3979358531838,0 5.79588300506409,44.3981390187645,0 5.79587413689501,44.3981604113684,0 5.79585911590319,44.3981818701554,0 
						</coordinates>
					</LinearRing>
				</outerBoundaryIs>
			</Polygon>
		</Placemark>
		<Placemark id="parcelles-des-personnes-morales_05_groupe_personne_1.13298">
		<styleUrl>#ETAT</styleUrl>			<visibility>0</visibility>
			<ExtendedData>
				<SchemaData schemaUrl="#parcelles-des-personnes-morales_05_groupe_personne_1.schema">
					<SimpleData name="Numero de Parcelle">051650000E0548</SimpleData>
					<SimpleData name="Departement">05</SimpleData>
					<SimpleData name="Commune">SAVOURNON</SimpleData>
					<SimpleData name="Adresse">JUBIE</SimpleData>
					<SimpleData name="Groupe de personne">Etat</SimpleData>
					<SimpleData name="Forme Juridique Abregee">ETAT</SimpleData>
					<SimpleData name="Denomination">ETAT PAR DIRECTION DE L IMMOBILIER DE L ETAT</SimpleData>
				</SchemaData>
			</ExtendedData>
	<Region>
		<LatLonAltBox>
			<north> 44.3981320309257 </north>
			<south> 44.3970871132024 </south>
			<east> 5.795697664792539 </east>
			<west> 5.79500060728062 </west>
		</LatLonAltBox>
		<Lod>
			<minLodPixels>100</minLodPixels>
			<maxLodPixels>-1</maxLodPixels>
		</Lod>
	</Region>
			<Polygon><altitudeMode>relativeToGround</altitudeMode>
				<outerBoundaryIs>
					<LinearRing>
						<coordinates>							5.795587435115279,44.3978856705613,0 5.79562432143294,44.3977956507295,0 5.795697664792539,44.3976781332552,0 5.7955468954279,44.3971413381495,0 5.79500060728062,44.3970871132024,0 5.79502307011531,44.3981320309257,0 5.79541379179194,44.3981218401669,0 5.79545738919922,44.3980481335177,0 5.795499712909309,44.3979766209687,0 5.795587435115279,44.3978856705613,0 
						</coordinates>
					</LinearRing>
				</outerBoundaryIs>
			</Polygon>
		</Placemark>
		<Placemark id="parcelles-des-personnes-morales_05_groupe_personne_1.13307">
		<styleUrl>#ETAT</styleUrl>			<visibility>0</visibility>
			<ExtendedData>
				<SchemaData schemaUrl="#parcelles-des-personnes-morales_05_groupe_personne_1.schema">
					<SimpleData name="Numero de Parcelle">051650000E0549</SimpleData>
					<SimpleData name="Departement">05</SimpleData>
					<SimpleData name="Commune">SAVOURNON</SimpleData>
					<SimpleData name="Adresse">JUBIE</SimpleData>
					<SimpleData name="Groupe de personne">Etat</SimpleData>
					<SimpleData name="Forme Juridique Abregee">ETAT</SimpleData>
					<SimpleData name="Denomination">ETAT PAR DIRECTION DE L IMMOBILIER DE L ETAT</SimpleData>
				</SchemaData>
			</ExtendedData>
	<Region>
		<LatLonAltBox>
			<north> 44.3996530373939 </north>
			<south> 44.3911751425033 </south>
			<east> 5.79786891443906 </east>
			<west> 5.788327333216909 </west>
		</LatLonAltBox>
		<Lod>
			<minLodPixels>100</minLodPixels>
			<maxLodPixels>-1</maxLodPixels>
		</Lod>
	</Region>
			<Polygon><altitudeMode>relativeToGround</altitudeMode>
				<outerBoundaryIs>
					<LinearRing>
						<coordinates>							5.795971457895989,44.3978696129333,0 5.79618736291379,44.3974488883148,0 5.79623322095786,44.3972989213524,0 5.79642815660029,44.3967259634742,0 5.79649242997009,44.3965444531261,0 5.796561779637031,44.3963639847517,0 5.79658553025667,44.396282765235,0 5.796626671665009,44.3961568776221,0 5.79667301059831,44.3960319388434,0 5.79676522702762,44.395848997879,0 5.79680057977927,44.3957534320336,0 5.796854108373341,44.3956214649069,0 5.79691259677662,44.3954907228516,0 5.79699537025069,44.3953302698692,0 5.79707799499383,44.3951591918826,0 5.79717590761439,44.3949670083816,0 5.79721073076573,44.3948937941954,0 5.797289044996071,44.3947422815432,0 5.797363956847029,44.3945931071415,0 5.79738890792546,44.3944726748214,0 5.79741134924757,44.3943294275104,0 5.79747011073851,44.3942042628106,0 5.79755602192733,44.3940793989323,0 5.79763618338176,44.3939195522966,0 5.7977002926768,44.3937983949621,0 5.79772406417495,44.3937379817603,0 5.79774844286532,44.3936593581999,0 5.79771451277341,44.3934812437646,0 5.79771468729313,44.393433950552,0 5.79774105772391,44.3934210302983,0 5.79776597848059,44.3934143619787,0 5.797781560418271,44.3934093721877,0 5.79779845389232,44.3934080420891,0 5.79781502784425,44.3934104131372,0 5.79783888843347,44.393422957479,0 5.79786317973196,44.39348232928,0 5.79786891443906,44.3934484058241,0 5.79784108576687,44.3933581385233,0 5.79768367854797,44.3931014653829,0 5.797659300650881,44.3930708293182,0 5.79759767500579,44.3929880863845,0 5.7975408537441,44.3929034198504,0 5.797488859084249,44.3928172795276,0 5.797444301658679,44.3926986136851,0 5.79743884545169,44.392623810927,0 5.797447532478,44.3924971265302,0 5.79749886642396,44.3922319057119,0 5.79752392508296,44.3920247296579,0 5.79752225497653,44.391985860223,0 5.797520475578191,44.3918685392957,0 5.79752409997359,44.3917512611904,0 5.79753287720443,44.3916340322835,0 5.79752068000768,44.3915524652016,0 5.79738450893886,44.3914609880308,0 5.7972297726504,44.3913395375496,0 5.79713345811572,44.3912843378088,0 5.79685966008176,44.3911887909544,0 5.79676225903413,44.3911751425033,0 5.79664254910011,44.3911828677856,0 5.79657480286205,44.3911999014768,0 5.79654530793989,44.3912410939116,0 5.79627002944383,44.3913774329707,0 5.79603151438878,44.3914798705314,0 5.7957845011792,44.3916086447724,0 5.795484679335,44.3917415518375,0 5.79535427329251,44.3918226871609,0 5.79503238612629,44.3919870485588,0 5.79484429784104,44.392067756318,0 5.794768295424629,44.3921185959693,0 5.794643371170589,44.3922853413908,0 5.79451826928416,44.3924154311823,0 5.79436815510183,44.3925656116815,0 5.79421364994928,44.3927133813614,0 5.79406978515058,44.392822239127,0 5.79385984613251,44.3929388086302,0 5.793635967120021,44.3930936525088,0 5.793384514166969,44.3932625265293,0 5.79320992088284,44.3934208026609,0 5.79314762457108,44.3934567014257,0 5.79290489003964,44.3935732004282,0 5.792827780337991,44.393616950953,0 5.79267936828893,44.3937228596825,0 5.79254524826544,44.393812912975,0 5.79240772361227,44.3939001701036,0 5.79225905883293,44.3939780717433,0 5.792085498231561,44.3940733583255,0 5.79191510361834,44.3941717169057,0 5.79151734214346,44.3943671757672,0 5.791452004166691,44.3944153106085,0 5.7914193649792,44.3944794600318,0 5.791439516121831,44.3945900098637,0 5.79144330668638,44.3946184670931,0 5.79145193659383,44.3947119248643,0 5.79145529680106,44.3948055162663,0 5.791434366937089,44.3948498227946,0 5.79140903350496,44.3948914486972,0 5.791378968898859,44.3949313930878,0 5.791233334456999,44.3950351576508,0 5.79116828904065,44.3950968860181,0 5.79101734269717,44.3953120259407,0 5.791001723966891,44.3953621425909,0 5.790961718156811,44.3954781809333,0 5.79091664008292,44.3955932669726,0 5.79082301562525,44.3957047197453,0 5.79076865164238,44.3957308681946,0 5.79060029395399,44.3957917023457,0 5.79053716762942,44.3958032106408,0 5.79046841149791,44.3957820747902,0 5.790423303712471,44.3957309754553,0 5.7903254958455,44.3957474160372,0 5.79002819602537,44.3958225965567,0 5.78985418547526,44.3958681702161,0 5.789686129493439,44.3959147636574,0 5.789590143439071,44.3959426868331,0 5.78956654054154,44.3959531930296,0 5.78947176000455,44.3959979293211,0 5.78937725998766,44.3960458109974,0 5.78915891933215,44.3961886153222,0 5.78912508295518,44.3962387428716,0 5.78907856582338,44.3963807965642,0 5.78902494302477,44.3964347580984,0 5.78890557584768,44.3965338006579,0 5.78889292504486,44.3965855531919,0 5.788879290412561,44.3966249905606,0 5.78886243910945,44.396662888091,0 5.788841819373591,44.3967594289489,0 5.78883093539939,44.3967833039647,0 5.7888202717456,44.396814199142,0 5.788812340576781,44.3968470067176,0 5.78876583004566,44.3969152898035,0 5.78854971006451,44.3970777627259,0 5.78846125499408,44.3971795346391,0 5.788327333216909,44.3973147044319,0 5.78888422009749,44.3968524817633,0 5.789083242256861,44.3966311728739,0 5.78911968816236,44.396595751299,0 5.78913093157792,44.3965868193709,0 5.78915171232269,44.396575123744,0 5.78917528762916,44.3965665999611,0 5.78920079248569,44.3965615401577,0 5.78922723640851,44.3965602396487,0 5.7892533690994,44.3965628201858,0 5.78926446674206,44.396584066609,0 5.78925802580983,44.3966725920528,0 5.78923906338568,44.3967033372442,0 5.78919412036645,44.3969283089704,0 5.78917488680921,44.397091199085,0 5.78917607999906,44.3972938346129,0 5.78920421922922,44.397418684389,0 5.78928797532278,44.3976115718537,0 5.78930685522897,44.3976963932882,0 5.7892565119574,44.3979723935959,0 5.789244290045421,44.3981806834467,0 5.78923918782488,44.3983651936155,0 5.78923936452192,44.3985497502011,0 5.789249532033979,44.3986107427357,0 5.78928549407033,44.3986801791889,0 5.789341710144109,44.398752705418,0 5.78938643060395,44.3988188574318,0 5.789426202964969,44.3988865759838,0 5.789560222092939,44.399041349739,0 5.789690687250429,44.3991545993338,0 5.79013720427871,44.3994375549576,0 5.79017532232612,44.3994385705289,0 5.79038602620481,44.3993878330744,0 5.79048188274252,44.3993877453902,0 5.79063104295192,44.3994010785985,0 5.790646918716231,44.3994045493523,0 5.790681478355589,44.3994149325509,0 5.790713692561479,44.3994287079244,0 5.79073164391473,44.3994487897104,0 5.79073545470396,44.3994725626749,0 5.79072065969846,44.3995215775785,0 5.79071900376235,44.3995262133197,0 5.79071720845196,44.3995407607151,0 5.79072067887662,44.3995550845568,0 5.79072924519363,44.3995682884115,0 5.79074235668143,44.3995793954262,0 5.790767146722669,44.3995903865459,0 5.79085473977627,44.3996087029333,0 5.79110305588365,44.3995945714212,0 5.791278793978159,44.3996118237256,0 5.79155509898431,44.3995920274999,0 5.79182002339673,44.3995580172809,0 5.79202225778396,44.3995138866886,0 5.79214995335647,44.3995072253667,0 5.79225790088134,44.3994975518814,0 5.792364904602241,44.3994840290505,0 5.79237548487953,44.3994845713595,0 5.79239352057079,44.3994885275242,0 5.792409461877391,44.3994958695425,0 5.792453878199451,44.3995888701755,0 5.79246671878809,44.3996530373939,0 5.79377120151066,44.3969782545809,0 5.79500060728062,44.3970871132024,0 5.7955468954279,44.3971413381495,0 5.795697664792539,44.3976781332552,0 5.79562432143294,44.3977956507295,0 5.795587435115279,44.3978856705613,0 5.79584848702963,44.3979158814171,0 5.79587886700169,44.3978569220955,0 5.795905049486201,44.3978604906278,0 5.795971457895989,44.3978696129333,0 
						</coordinates>
					</LinearRing>
				</outerBoundaryIs>
			</Polygon>
		</Placemark>
		<Placemark id="parcelles-des-personnes-morales_05_groupe_personne_1.13363">
		<styleUrl>#ETAT</styleUrl>			<visibility>0</visibility>
			<ExtendedData>
				<SchemaData schemaUrl="#parcelles-des-personnes-morales_05_groupe_personne_1.schema">
					<SimpleData name="Numero de Parcelle">051650000E0550</SimpleData>
					<SimpleData name="Departement">05</SimpleData>
					<SimpleData name="Commune">SAVOURNON</SimpleData>
					<SimpleData name="Adresse">JUBIE</SimpleData>
					<SimpleData name="Groupe de personne">Etat</SimpleData>
					<SimpleData name="Forme Juridique Abregee">ETAT</SimpleData>
					<SimpleData name="Denomination">ETAT PAR DIRECTION DE L IMMOBILIER DE L ETAT</SimpleData>
				</SchemaData>
			</ExtendedData>
	<Region>
		<LatLonAltBox>
			<north> 44.3958032106408 </north>
			<south> 44.3910652649077 </south>
			<east> 5.798199371311541 </east>
			<west> 5.790423303712471 </west>
		</LatLonAltBox>
		<Lod>
			<minLodPixels>100</minLodPixels>
			<maxLodPixels>-1</maxLodPixels>
		</Lod>
	</Region>
			<Polygon><altitudeMode>relativeToGround</altitudeMode>
				<outerBoundaryIs>
					<LinearRing>
						<coordinates>							5.790423303712471,44.3957309754553,0 5.79046841149791,44.3957820747902,0 5.79053716762942,44.3958032106408,0 5.79060029395399,44.3957917023457,0 5.79076865164238,44.3957308681946,0 5.79082301562525,44.3957047197453,0 5.79091664008292,44.3955932669726,0 5.790961718156811,44.3954781809333,0 5.791001723966891,44.3953621425909,0 5.79101734269717,44.3953120259407,0 5.79116828904065,44.3950968860181,0 5.791233334456999,44.3950351576508,0 5.791378968898859,44.3949313930878,0 5.79140903350496,44.3948914486972,0 5.791434366937089,44.3948498227946,0 5.79145529680106,44.3948055162663,0 5.79145193659383,44.3947119248643,0 5.79144330668638,44.3946184670931,0 5.791439516121831,44.3945900098637,0 5.7914193649792,44.3944794600318,0 5.791452004166691,44.3944153106085,0 5.79151734214346,44.3943671757672,0 5.79191510361834,44.3941717169057,0 5.792085498231561,44.3940733583255,0 5.79225905883293,44.3939780717433,0 5.79240772361227,44.3939001701036,0 5.79254524826544,44.393812912975,0 5.79267936828893,44.3937228596825,0 5.792827780337991,44.393616950953,0 5.79290489003964,44.3935732004282,0 5.79314762457108,44.3934567014257,0 5.79320992088284,44.3934208026609,0 5.793384514166969,44.3932625265293,0 5.793635967120021,44.3930936525088,0 5.79385984613251,44.3929388086302,0 5.79406978515058,44.392822239127,0 5.79421364994928,44.3927133813614,0 5.79436815510183,44.3925656116815,0 5.79451826928416,44.3924154311823,0 5.794643371170589,44.3922853413908,0 5.794768295424629,44.3921185959693,0 5.79484429784104,44.392067756318,0 5.79503238612629,44.3919870485588,0 5.79535427329251,44.3918226871609,0 5.795484679335,44.3917415518375,0 5.7957845011792,44.3916086447724,0 5.79603151438878,44.3914798705314,0 5.79627002944383,44.3913774329707,0 5.79654530793989,44.3912410939116,0 5.79657480286205,44.3911999014768,0 5.79664254910011,44.3911828677856,0 5.79676225903413,44.3911751425033,0 5.79685966008176,44.3911887909544,0 5.79713345811572,44.3912843378088,0 5.7972297726504,44.3913395375496,0 5.79738450893886,44.3914609880308,0 5.79752068000768,44.3915524652016,0 5.79753287720443,44.3916340322835,0 5.79752409997359,44.3917512611904,0 5.797520475578191,44.3918685392957,0 5.79752225497653,44.391985860223,0 5.79752392508296,44.3920247296579,0 5.79749886642396,44.3922319057119,0 5.797447532478,44.3924971265302,0 5.79743884545169,44.392623810927,0 5.797444301658679,44.3926986136851,0 5.797488859084249,44.3928172795276,0 5.7975408537441,44.3929034198504,0 5.79759767500579,44.3929880863845,0 5.797659300650881,44.3930708293182,0 5.79768367854797,44.3931014653829,0 5.79784108576687,44.3933581385233,0 5.79786891443906,44.3934484058241,0 5.79786317973196,44.39348232928,0 5.79788314131249,44.3935328938118,0 5.79792290691426,44.3934910796372,0 5.79793755112766,44.3934772864188,0 5.797949244541619,44.3934698733703,0 5.79797242562467,44.3934661315852,0 5.797990141210561,44.3934712658804,0 5.798004126528071,44.3934822597154,0 5.798025449314929,44.3934993722178,0 5.798045492620051,44.3935109326581,0 5.79811827670521,44.393496652412,0 5.79818695166108,44.3934704066682,0 5.798199371311541,44.3934497342714,0 5.798194016452391,44.3934379806366,0 5.79813883235649,44.3933940762089,0 5.79807998406837,44.393347202383,0 5.79802920055465,44.3932906657832,0 5.797996835802179,44.3932280764238,0 5.797963423053909,44.3931036329553,0 5.797971534687409,44.3930517243847,0 5.79799944004071,44.3929707592915,0 5.79791763288733,44.3929346473094,0 5.79763148183901,44.392764744837,0 5.797579738148889,44.3927141773447,0 5.79756860477027,44.3926744675113,0 5.7976029444188,44.3925711808608,0 5.797642222838699,44.3924890261045,0 5.797674388771741,44.3924103848306,0 5.797701348335589,44.3923306148364,0 5.79769167241745,44.3922517759462,0 5.79767823845371,44.3921096206113,0 5.79767019502335,44.3919672382102,0 5.79767336607154,44.3918153832725,0 5.79769328988478,44.3917254336254,0 5.797751481376561,44.3915938880883,0 5.79769756077594,44.3915678761004,0 5.797595508767399,44.3915160652143,0 5.79749536650895,44.3914622240825,0 5.79743046206205,44.3914173054014,0 5.797337232305921,44.3913559024182,0 5.797238616794759,44.3912948163716,0 5.79713391031451,44.3912502784416,0 5.79708264627486,44.3912271711006,0 5.797013995940649,44.3911954080703,0 5.79683982565162,44.3911153443776,0 5.796695091283979,44.391076777131,0 5.79658096313464,44.3910652649077,0 5.79650896467354,44.3910826768126,0 5.79636434848911,44.391153275473,0 5.79615412703987,44.391263911848,0 5.79602340231991,44.3913182141292,0 5.79584046468876,44.391391226637,0 5.79576399165787,44.3914248748821,0 5.79546035799064,44.3915568878957,0 5.795221124313161,44.3916473621027,0 5.79518718089354,44.3916620953751,0 5.7950638555638,44.3917187306518,0 5.79500177981157,44.391748860199,0 5.79492190728189,44.3917874581355,0 5.79488239249077,44.391816564411,0 5.79479398982027,44.391883391745,0 5.794705974769639,44.3919758801619,0 5.79462089936159,44.3920566743704,0 5.79446967699063,44.392181842666,0 5.79439968536268,44.3922475717668,0 5.79436340458795,44.3923192906738,0 5.7943259192925,44.3924302221966,0 5.79431970394783,44.3924519075808,0 5.79420142252882,44.3925471454917,0 5.79405345999089,44.3926620521154,0 5.79390672931855,44.3927561202457,0 5.793848694437989,44.3927943432571,0 5.79345222222071,44.3930588631829,0 5.793344142141451,44.3931317732069,0 5.793288435927271,44.3931713779981,0 5.79309267681369,44.3933156891543,0 5.792934851431401,44.393431925341,0 5.79281654098596,44.3934833866312,0 5.79271939776569,44.3935259339379,0 5.792634811139761,44.393565820696,0 5.79257450167486,44.3936063525521,0 5.79244180601507,44.393707448643,0 5.79220649309996,44.3938445648057,0 5.79206204578241,44.3939392029722,0 5.79193980581691,44.3940332777146,0 5.79181983269986,44.3940994620673,0 5.79164708713832,44.3941934662342,0 5.79143560289904,44.3943247521235,0 5.79134961532962,44.3943846697288,0 5.791327772706971,44.3944079221423,0 5.79132731481383,44.3944648602957,0 5.791333412846951,44.3945120844085,0 5.791337494036379,44.3945693578375,0 5.79133866357111,44.3946338209162,0 5.79130667919154,44.3947698324792,0 5.79123288579624,44.3948987074293,0 5.79114482496704,44.3950083080173,0 5.791118574264149,44.3950466243804,0 5.79105267794676,44.3951344055383,0 5.79098217894006,44.3952231140103,0 5.7908970424738,44.3953614638223,0 5.79077181093237,44.3955682051273,0 5.79073070787567,44.3956186975658,0 5.790691508334641,44.3956619358402,0 5.79065851319486,44.3956908752534,0 5.790423303712471,44.3957309754553,0 
						</coordinates>
					</LinearRing>
				</outerBoundaryIs>
			</Polygon>
		</Placemark>
		<Placemark id="parcelles-des-personnes-morales_05_groupe_personne_1.13372">
		<styleUrl>#ETAT</styleUrl>			<visibility>0</visibility>
			<ExtendedData>
				<SchemaData schemaUrl="#parcelles-des-personnes-morales_05_groupe_personne_1.schema">
					<SimpleData name="Numero de Parcelle">051650000E0551</SimpleData>
					<SimpleData name="Departement">05</SimpleData>
					<SimpleData name="Commune">SAVOURNON</SimpleData>
					<SimpleData name="Adresse">REVUERE</SimpleData>
					<SimpleData name="Groupe de personne">Etat</SimpleData>
					<SimpleData name="Forme Juridique Abregee">ETAT</SimpleData>
					<SimpleData name="Denomination">ETAT PAR DIRECTION DE L IMMOBILIER DE L ETAT</SimpleData>
				</SchemaData>
			</ExtendedData>
	<Region>
		<LatLonAltBox>
			<north> 44.4007411549346 </north>
			<south> 44.393513412087 </south>
			<east> 5.78822213555369 </east>
			<west> 5.776215088891281 </west>
		</LatLonAltBox>
		<Lod>
			<minLodPixels>100</minLodPixels>
			<maxLodPixels>-1</maxLodPixels>
		</Lod>
	</Region>
			<Polygon><altitudeMode>relativeToGround</altitudeMode>
				<outerBoundaryIs>
					<LinearRing>
						<coordinates>							5.7795374369279,44.3935278245152,0 5.77914503618841,44.393513412087,0 5.77826772549711,44.3940925693234,0 5.77769042561745,44.3944881468355,0 5.777022373562499,44.3949673465651,0 5.776215088891281,44.3955407570057,0 5.776403092240079,44.3956240170627,0 5.77659759821287,44.3957732264654,0 5.77664708263794,44.3958395331886,0 5.776914362260039,44.3963222488117,0 5.77713255656841,44.396590567108,0 5.77723102381629,44.3967692202183,0 5.77726120974416,44.3968595226835,0 5.777321882264011,44.3970155300422,0 5.777392751410531,44.3971693886033,0 5.77745480942592,44.397264021123,0 5.77751911961633,44.3973431042036,0 5.77759227882582,44.3974181809156,0 5.77775175587249,44.3975420611126,0 5.777949565876131,44.3976662348608,0 5.7781526831455,44.3977833387119,0 5.77882280660021,44.3981338348343,0 5.77895427537946,44.3981631228553,0 5.77909210387795,44.3982042299304,0 5.77915939360859,44.3982313547303,0 5.77919371536671,44.398257420218,0 5.779189768040919,44.3983842530205,0 5.779217995365141,44.3984422682378,0 5.77933732999463,44.3985288785678,0 5.77974602898346,44.3988078755033,0 5.77990664964893,44.3989625290932,0 5.779954441308419,44.3990172578733,0 5.78000250958266,44.3990673859091,0 5.780053393266251,44.3991160016584,0 5.78006779444091,44.3991252758511,0 5.78009888196232,44.3991443069655,0 5.78012771335204,44.3991532167524,0 5.780175233404381,44.3991666086236,0 5.78023421865421,44.3993085158925,0 5.78027330438859,44.3993752640289,0 5.7803880064119,44.3994391116927,0 5.78045362134574,44.3994806898127,0 5.7806804665358,44.3996099805595,0 5.78089757554771,44.3997379855548,0 5.780993665240551,44.399798879978,0 5.78105564292973,44.3998124467285,0 5.78117986766472,44.399832277373,0 5.78130535949387,44.3998472119021,0 5.78156232156285,44.3999450250376,0 5.78170202195195,44.4000113023192,0 5.7818376840118,44.4000720969171,0 5.78188642536033,44.4001179737581,0 5.78189639445355,44.4001623082381,0 5.781883962509631,44.4002109918408,0 5.78184826277424,44.400287285422,0 5.781896700801421,44.400324432802,0 5.78206124808049,44.400390081834,0 5.78216854330164,44.4004309660481,0 5.782227842117841,44.4004513553787,0 5.78236750447181,44.4004963754903,0 5.78252469248052,44.4005298734467,0 5.78275117141742,44.4005518918725,0 5.78294534586591,44.4005633771553,0 5.78312390457623,44.4005715638373,0 5.78323232015923,44.4006071043838,0 5.78349157430375,44.4007411549346,0 5.783938013589519,44.4006628521458,0 5.784346482079961,44.4005814545087,0 5.78464500653591,44.4005432792718,0 5.7847832890009,44.4005168128146,0 5.784890239227459,44.4004791589526,0 5.78502802732852,44.4004171256008,0 5.78516591997319,44.4003521169959,0 5.78532043656996,44.4002751582119,0 5.785819009683369,44.4002376831634,0 5.78627005838027,44.4001969949918,0 5.786746872946331,44.400151419301,0 5.78695916129677,44.400130192598,0 5.787158646110779,44.4001168558107,0 5.787210308942781,44.4001071710393,0 5.78723953490652,44.4000704917219,0 5.7872558529536,44.4000523340771,0 5.78734532307635,44.3999021678865,0 5.78740969137785,44.3997780379519,0 5.7875035461362,44.3995179607758,0 5.7875272166152,44.3994373760037,0 5.78754691154964,44.399357702552,0 5.78755693076374,44.3993111509867,0 5.78758607368956,44.3992370930952,0 5.787670127173609,44.3990968818255,0 5.7876990532101,44.3990337283127,0 5.78772772550094,44.3989348219652,0 5.78768381728853,44.3989106230887,0 5.78771325677164,44.3988425925949,0 5.7877452043712,44.3987770206459,0 5.78779198247447,44.3986835105979,0 5.78778862808334,44.3986307222925,0 5.78773613845725,44.3984272239305,0 5.78770455499341,44.3983446154775,0 5.7876693194762,44.3982618292758,0 5.78763940197921,44.3981977338019,0 5.787642727432371,44.3981402726827,0 5.78766512479853,44.3981078194761,0 5.78778728926808,44.397976190907,0 5.78794924905759,44.397782754702,0 5.78810541061782,44.3975864025893,0 5.78822213555369,44.3974413101558,0 5.788129031490629,44.3974538464828,0 5.787893288250159,44.3974781917153,0 5.787656415266399,44.3974949087876,0 5.78738375735576,44.3974431747238,0 5.787169773377691,44.3974297670712,0 5.78697794838942,44.3974096730335,0 5.78678801439372,44.3973820546894,0 5.78642200351509,44.397294400113,0 5.78634950338119,44.3972610163552,0 5.786101108404499,44.3971406595542,0 5.78585894688776,44.3970141996316,0 5.78562326981681,44.3968816302796,0 5.785539190341731,44.3967890905029,0 5.78542692021437,44.3965372934253,0 5.785330333702709,44.3962952777773,0 5.78522249374774,44.3959062766994,0 5.78517341453376,44.3957897023338,0 5.78508837188955,44.3957081756472,0 5.784878758837271,44.3955766569548,0 5.78470798163184,44.3954863098752,0 5.78444717355077,44.3953559953591,0 5.784180402928879,44.3952321362007,0 5.783908041701089,44.3951146328751,0 5.783443358867921,44.3949999201675,0 5.78248045704151,44.3946682928406,0 5.78209019558108,44.394582588644,0 5.782036054289681,44.3945443246746,0 5.781879533988921,44.394426951457,0 5.78173092220602,44.3943043340948,0 5.78148689587577,44.3940832454293,0 5.78126813249098,44.3938725970255,0 5.780906569335019,44.3937674285492,0 5.78061033810611,44.3936905129931,0 5.78044206988135,44.3936586438786,0 5.7795374369279,44.3935278245152,0 
						</coordinates>
					</LinearRing>
				</outerBoundaryIs>
			</Polygon>
		</Placemark>
		<Placemark id="parcelles-des-personnes-morales_05_groupe_personne_1.13378">
		<styleUrl>#ETAT</styleUrl>			<visibility>0</visibility>
			<ExtendedData>
				<SchemaData schemaUrl="#parcelles-des-personnes-morales_05_groupe_personne_1.schema">
					<SimpleData name="Numero de Parcelle">051650000E0552</SimpleData>
					<SimpleData name="Departement">05</SimpleData>
					<SimpleData name="Commune">SAVOURNON</SimpleData>
					<SimpleData name="Adresse">REVUERE</SimpleData>
					<SimpleData name="Groupe de personne">Etat</SimpleData>
					<SimpleData name="Forme Juridique Abregee">ETAT</SimpleData>
					<SimpleData name="Denomination">ETAT PAR DIRECTION DE L IMMOBILIER DE L ETAT</SimpleData>
				</SchemaData>
			</ExtendedData>
	<Region>
		<LatLonAltBox>
			<north> 44.3974511365788 </north>
			<south> 44.3897989794708 </south>
			<east> 5.79320122583157 </east>
			<west> 5.78656176995735 </west>
		</LatLonAltBox>
		<Lod>
			<minLodPixels>100</minLodPixels>
			<maxLodPixels>-1</maxLodPixels>
		</Lod>
	</Region>
			<Polygon><altitudeMode>relativeToGround</altitudeMode>
				<outerBoundaryIs>
					<LinearRing>
						<coordinates>							5.79093226352562,44.3897989794708,0 5.79076959209977,44.3899671275996,0 5.79061592808921,44.3901396408668,0 5.79047124936322,44.3903160695062,0 5.79033592792123,44.3904963140523,0 5.79030210169675,44.3905440097051,0 5.79020146707896,44.3907449924285,0 5.79014735903529,44.3909112884224,0 5.790083237207881,44.3910757665215,0 5.79002853763721,44.3911969506558,0 5.78994208906725,44.3913060589514,0 5.78959315854216,44.3917095139433,0 5.78945000990368,44.391919679959,0 5.789266143910239,44.3922569803735,0 5.789184452630951,44.3924652284737,0 5.78892017592664,44.3934600305145,0 5.788860872305299,44.3937198637844,0 5.788779476601311,44.39394692951,0 5.78875703831698,44.3941110714679,0 5.78867032889106,44.3942762110791,0 5.78862414684164,44.3944964398047,0 5.788592821540459,44.3945694723074,0 5.78830500548099,44.3948472535938,0 5.78817361416787,44.3950438793203,0 5.787872916442119,44.3953764801766,0 5.7878429111277,44.3954176830692,0 5.78773275657633,44.395558375207,0 5.78761348912719,44.3956951546059,0 5.78748917563429,44.3958799807679,0 5.78736610869605,44.3960136134457,0 5.78725574052893,44.3961474649043,0 5.78715472190662,44.3962849527005,0 5.78680883895146,44.396827845292,0 5.78663120439043,44.3971443566714,0 5.78656176995735,44.3972905922191,0 5.7866776582253,44.3973223371252,0 5.78680295129479,44.3973486195716,0 5.78693064608114,44.397367545118,0 5.78745484523948,44.3974147130121,0 5.78772385931427,44.3974511365788,0 5.78786885310175,44.3974437718662,0 5.788241858794649,44.3974055918297,0 5.788327333216909,44.3973147044319,0 5.78846125499408,44.3971795346391,0 5.78854971006451,44.3970777627259,0 5.78876583004566,44.3969152898035,0 5.788812340576781,44.3968470067176,0 5.7888202717456,44.396814199142,0 5.78883093539939,44.3967833039647,0 5.788841819373591,44.3967594289489,0 5.78886243910945,44.396662888091,0 5.788879290412561,44.3966249905606,0 5.78889292504486,44.3965855531919,0 5.78890557584768,44.3965338006579,0 5.78902494302477,44.3964347580984,0 5.78907856582338,44.3963807965642,0 5.78912508295518,44.3962387428716,0 5.78915891933215,44.3961886153222,0 5.78937725998766,44.3960458109974,0 5.78947176000455,44.3959979293211,0 5.78956654054154,44.3959531930296,0 5.789590143439071,44.3959426868331,0 5.789686129493439,44.3959147636574,0 5.78985418547526,44.3958681702161,0 5.79002819602537,44.3958225965567,0 5.7903254958455,44.3957474160372,0 5.790423303712471,44.3957309754553,0 5.79065851319486,44.3956908752534,0 5.790691508334641,44.3956619358402,0 5.79047811065403,44.3954743174643,0 5.79044831058873,44.3954406647084,0 5.79044374164816,44.3952053280155,0 5.79048574490458,44.3948699099712,0 5.790650477109091,44.3946158698562,0 5.790805508062831,44.3943587427077,0 5.79095059137279,44.3940986248909,0 5.791012508752609,44.3939811303248,0 5.79115310156889,44.3938006610858,0 5.791417198560849,44.3935695911532,0 5.79167301059741,44.3933335964691,0 5.79180279194972,44.3932090660324,0 5.7920684150659,44.392998852837,0 5.79214693280372,44.39283851188,0 5.792210516588039,44.3926377463295,0 5.79228424360138,44.3924388852221,0 5.792333655549911,44.3923200857754,0 5.792420506997111,44.3921861049418,0 5.79260444278495,44.392033898251,0 5.79278035026661,44.3918768508023,0 5.79294785751492,44.3917150621461,0 5.793041818473359,44.3916182809552,0 5.79309698162351,44.3914989749301,0 5.79314186224028,44.3913774978042,0 5.7931763526824,44.3912542126178,0 5.79320122583157,44.3911244159443,0 5.792664839812059,44.3910074187745,0 5.792521331448879,44.3909503499421,0 5.792383279442171,44.3908867472951,0 5.79230130252856,44.3908445106488,0 5.79212324851484,44.3907975952078,0 5.79194191146487,44.3907579686389,0 5.79179109551109,44.3907309886484,0 5.791491866092259,44.3906391362658,0 5.791347141677531,44.3905624607854,0 5.791185442365399,44.3904268571414,0 5.79109650367131,44.3902485150247,0 5.79093226352562,44.3897989794708,0 
						</coordinates>
					</LinearRing>
				</outerBoundaryIs>
			</Polygon>
		</Placemark>
		<Placemark id="parcelles-des-personnes-morales_05_groupe_personne_1.13383">
		<styleUrl>#ETAT</styleUrl>			<visibility>0</visibility>
			<ExtendedData>
				<SchemaData schemaUrl="#parcelles-des-personnes-morales_05_groupe_personne_1.schema">
					<SimpleData name="Numero de Parcelle">051650000E0553</SimpleData>
					<SimpleData name="Departement">05</SimpleData>
					<SimpleData name="Commune">SAVOURNON</SimpleData>
					<SimpleData name="Adresse">REVUERE</SimpleData>
					<SimpleData name="Groupe de personne">Etat</SimpleData>
					<SimpleData name="Forme Juridique Abregee">ETAT</SimpleData>
					<SimpleData name="Denomination">ETAT PAR DIRECTION DE L IMMOBILIER DE L ETAT</SimpleData>
				</SchemaData>
			</ExtendedData>
	<Region>
		<LatLonAltBox>
			<north> 44.3972905922191 </north>
			<south> 44.3877365524535 </south>
			<east> 5.790879692877851 </east>
			<west> 5.779236381851909 </west>
		</LatLonAltBox>
		<Lod>
			<minLodPixels>100</minLodPixels>
			<maxLodPixels>-1</maxLodPixels>
		</Lod>
	</Region>
			<Polygon><altitudeMode>relativeToGround</altitudeMode>
				<outerBoundaryIs>
					<LinearRing>
						<coordinates>							5.78830500548099,44.3948472535938,0 5.78839072917244,44.3947105124085,0 5.78855935613524,44.3945302373109,0 5.78857657686754,44.3944794499794,0 5.78862060934993,44.3942487371299,0 5.78869552715226,44.3940711959107,0 5.78871338869391,44.3939441901308,0 5.78877822324731,44.3937506910692,0 5.78883268039138,44.3935556534094,0 5.78887663919543,44.393359170307,0 5.78889795905539,44.3932411743298,0 5.788987899623281,44.3929606586287,0 5.789042624816711,44.3926538329176,0 5.78913016752228,44.3923884201572,0 5.78927024537186,44.3920827644354,0 5.7895617307968,44.3916223986839,0 5.789946395934381,44.3911640840994,0 5.790175838858281,44.3906099013698,0 5.79032651421821,44.3903716208233,0 5.79074303557659,44.3898947513395,0 5.790879692877851,44.3897620311755,0 5.79067554297794,44.3897080288644,0 5.79046785909323,44.3896613216483,0 5.79031618313294,44.38963210971,0 5.790189118647011,44.3896129023723,0 5.78948587347808,44.3895481288982,0 5.78899996765094,44.389453254326,0 5.78851709622802,44.3893510949183,0 5.788370912581231,44.3893185886474,0 5.78786681505345,44.389190932968,0 5.7877000993385,44.3889685309454,0 5.78724400884736,44.388435678237,0 5.78707738743201,44.3880696963785,0 5.78716486268158,44.3877365524535,0 5.78634567148043,44.3882426069103,0 5.78588064824997,44.3884619060838,0 5.7853096648641,44.3889249203246,0 5.785066932426631,44.3891409326929,0 5.78470843114594,44.3895315528106,0 5.784483327674131,44.3898021525532,0 5.78432684714299,44.3898896987273,0 5.784227467667859,44.3899838168881,0 5.78421228623999,44.3900148257639,0 5.78417706138594,44.3900775969982,0 5.78413686828928,44.3901389626391,0 5.78409017331539,44.3902009430801,0 5.783726201589459,44.3904320885434,0 5.78348630335199,44.3906242462693,0 5.78310315028794,44.3908818156914,0 5.78261397163166,44.3912083578118,0 5.78133603303259,44.3920539252779,0 5.77990452937744,44.3930091012616,0 5.779236381851909,44.3934523782481,0 5.77958680287269,44.3934893778234,0 5.77976002776299,44.3935122058121,0 5.78018666620579,44.3935740305761,0 5.78061102878501,44.3936432071272,0 5.78097693672818,44.3937422318686,0 5.78130252813301,44.3938388512794,0 5.781628270290181,44.3941506509136,0 5.782082061212681,44.3945295609131,0 5.78234926991039,44.3946011713344,0 5.782647168304901,44.3946888490798,0 5.7829408869119,44.3947834772843,0 5.78341198932389,44.3949393733804,0 5.783879753446369,44.395063105692,0 5.78408098983378,44.3951393527937,0 5.78425630582627,44.3952198580589,0 5.78459250124385,44.3953810528241,0 5.78492272160443,44.3955484326992,0 5.78518229711824,44.3957276872172,0 5.78522185575426,44.3957810006642,0 5.78527790832374,44.3959039739408,0 5.785347796246259,44.396144683468,0 5.785396120157719,44.3962892897545,0 5.78548414669575,44.3965258473099,0 5.78558224440274,44.3967602584622,0 5.78561641319857,44.3967984857775,0 5.78567603858973,44.3968536332661,0 5.785743710717519,44.3969038032104,0 5.78596636234687,44.3970269740048,0 5.78641634039683,44.3972533798322,0 5.78656176995735,44.3972905922191,0 5.78663120439043,44.3971443566714,0 5.78680883895146,44.396827845292,0 5.78715472190662,44.3962849527005,0 5.78725574052893,44.3961474649043,0 5.78736610869605,44.3960136134457,0 5.78748917563429,44.3958799807679,0 5.78761348912719,44.3956951546059,0 5.78773275657633,44.395558375207,0 5.7878429111277,44.3954176830692,0 5.787872916442119,44.3953764801766,0 5.78817361416787,44.3950438793203,0 5.78830500548099,44.3948472535938,0 
						</coordinates>
					</LinearRing>
				</outerBoundaryIs>
			</Polygon>
		</Placemark>
		<Placemark id="parcelles-des-personnes-morales_05_groupe_personne_1.13390">
		<styleUrl>#ETAT</styleUrl>			<visibility>0</visibility>
			<ExtendedData>
				<SchemaData schemaUrl="#parcelles-des-personnes-morales_05_groupe_personne_1.schema">
					<SimpleData name="Numero de Parcelle">051650000E0554</SimpleData>
					<SimpleData name="Departement">05</SimpleData>
					<SimpleData name="Commune">SAVOURNON</SimpleData>
					<SimpleData name="Adresse">REVUERE</SimpleData>
					<SimpleData name="Groupe de personne">Etat</SimpleData>
					<SimpleData name="Forme Juridique Abregee">ETAT</SimpleData>
					<SimpleData name="Denomination">ETAT PAR DIRECTION DE L IMMOBILIER DE L ETAT</SimpleData>
				</SchemaData>
			</ExtendedData>
	<Region>
		<LatLonAltBox>
			<north> 44.3897620311755 </north>
			<south> 44.3874076452588 </south>
			<east> 5.791665044206571 </east>
			<west> 5.78707738743201 </west>
		</LatLonAltBox>
		<Lod>
			<minLodPixels>100</minLodPixels>
			<maxLodPixels>-1</maxLodPixels>
		</Lod>
	</Region>
			<Polygon><altitudeMode>relativeToGround</altitudeMode>
				<outerBoundaryIs>
					<LinearRing>
						<coordinates>							5.790879692877851,44.3897620311755,0 5.79116657720328,44.3894966965918,0 5.79128412042709,44.3894425542474,0 5.79158971518179,44.3894216537318,0 5.79165981650992,44.3891646077202,0 5.791665044206571,44.389120339151,0 5.79165946927912,44.3890760743374,0 5.7916435346826,44.3890331531458,0 5.791637182384051,44.3890215146313,0 5.791601840733259,44.3889824183471,0 5.79155818992916,44.3889480364537,0 5.79150714810607,44.3889191563176,0 5.791489677792181,44.3889113126184,0 5.79140468961801,44.3889047307991,0 5.79118913681279,44.3889200149316,0 5.79097609675632,44.3889276687609,0 5.79078345082359,44.38891075551,0 5.79064355123241,44.3888732289695,0 5.79058095832631,44.3888011358262,0 5.79043643500773,44.388567906751,0 5.79035088750954,44.3884633384997,0 5.79026373085981,44.3883872741648,0 5.790020683770579,44.3881811321614,0 5.78985381974701,44.3881061871473,0 5.78963395509788,44.3882250718247,0 5.78929214099396,44.3883494783752,0 5.788845633239809,44.388314674751,0 5.7884769457333,44.3881333303143,0 5.78840903496782,44.3877008075299,0 5.78825914250212,44.3875750793249,0 5.78789856647273,44.3874843215073,0 5.787529641256981,44.3874076452588,0 5.78716486268158,44.3877365524535,0 5.78707738743201,44.3880696963785,0 5.78724400884736,44.388435678237,0 5.7877000993385,44.3889685309454,0 5.78786681505345,44.389190932968,0 5.788370912581231,44.3893185886474,0 5.78851709622802,44.3893510949183,0 5.78899996765094,44.389453254326,0 5.78948587347808,44.3895481288982,0 5.790189118647011,44.3896129023723,0 5.79031618313294,44.38963210971,0 5.79046785909323,44.3896613216483,0 5.79067554297794,44.3897080288644,0 5.790879692877851,44.3897620311755,0 
						</coordinates>
					</LinearRing>
				</outerBoundaryIs>
			</Polygon>
		</Placemark>
		<Placemark id="parcelles-des-personnes-morales_05_groupe_personne_1.13394">
		<styleUrl>#ETAT</styleUrl>			<visibility>0</visibility>
			<ExtendedData>
				<SchemaData schemaUrl="#parcelles-des-personnes-morales_05_groupe_personne_1.schema">
					<SimpleData name="Numero de Parcelle">051650000E0555</SimpleData>
					<SimpleData name="Departement">05</SimpleData>
					<SimpleData name="Commune">SAVOURNON</SimpleData>
					<SimpleData name="Adresse">REVUERE</SimpleData>
					<SimpleData name="Groupe de personne">Etat</SimpleData>
					<SimpleData name="Forme Juridique Abregee">ETAT</SimpleData>
					<SimpleData name="Denomination">ETAT PAR DIRECTION DE L IMMOBILIER DE L ETAT</SimpleData>
				</SchemaData>
			</ExtendedData>
	<Region>
		<LatLonAltBox>
			<north> 44.3956619358402 </north>
			<south> 44.3894819261073 </south>
			<east> 5.797013995940649 </east>
			<west> 5.79044374164816 </west>
		</LatLonAltBox>
		<Lod>
			<minLodPixels>100</minLodPixels>
			<maxLodPixels>-1</maxLodPixels>
		</Lod>
	</Region>
			<Polygon><altitudeMode>relativeToGround</altitudeMode>
				<outerBoundaryIs>
					<LinearRing>
						<coordinates>							5.79093226352562,44.3897989794708,0 5.79109650367131,44.3902485150247,0 5.791185442365399,44.3904268571414,0 5.791347141677531,44.3905624607854,0 5.791491866092259,44.3906391362658,0 5.79179109551109,44.3907309886484,0 5.79194191146487,44.3907579686389,0 5.79212324851484,44.3907975952078,0 5.79230130252856,44.3908445106488,0 5.792383279442171,44.3908867472951,0 5.792521331448879,44.3909503499421,0 5.792664839812059,44.3910074187745,0 5.79320122583157,44.3911244159443,0 5.7931763526824,44.3912542126178,0 5.79314186224028,44.3913774978042,0 5.79309698162351,44.3914989749301,0 5.793041818473359,44.3916182809552,0 5.79294785751492,44.3917150621461,0 5.79278035026661,44.3918768508023,0 5.79260444278495,44.392033898251,0 5.792420506997111,44.3921861049418,0 5.792333655549911,44.3923200857754,0 5.79228424360138,44.3924388852221,0 5.792210516588039,44.3926377463295,0 5.79214693280372,44.39283851188,0 5.7920684150659,44.392998852837,0 5.79180279194972,44.3932090660324,0 5.79167301059741,44.3933335964691,0 5.791417198560849,44.3935695911532,0 5.79115310156889,44.3938006610858,0 5.791012508752609,44.3939811303248,0 5.79095059137279,44.3940986248909,0 5.790805508062831,44.3943587427077,0 5.790650477109091,44.3946158698562,0 5.79048574490458,44.3948699099712,0 5.79044374164816,44.3952053280155,0 5.79044831058873,44.3954406647084,0 5.79047811065403,44.3954743174643,0 5.790691508334641,44.3956619358402,0 5.79073070787567,44.3956186975658,0 5.79077181093237,44.3955682051273,0 5.7908970424738,44.3953614638223,0 5.79098217894006,44.3952231140103,0 5.79105267794676,44.3951344055383,0 5.791118574264149,44.3950466243804,0 5.79114482496704,44.3950083080173,0 5.79123288579624,44.3948987074293,0 5.79130667919154,44.3947698324792,0 5.79133866357111,44.3946338209162,0 5.791337494036379,44.3945693578375,0 5.791333412846951,44.3945120844085,0 5.79132731481383,44.3944648602957,0 5.791327772706971,44.3944079221423,0 5.79134961532962,44.3943846697288,0 5.79143560289904,44.3943247521235,0 5.79164708713832,44.3941934662342,0 5.79181983269986,44.3940994620673,0 5.79193980581691,44.3940332777146,0 5.79206204578241,44.3939392029722,0 5.79220649309996,44.3938445648057,0 5.79244180601507,44.393707448643,0 5.79257450167486,44.3936063525521,0 5.792634811139761,44.393565820696,0 5.79271939776569,44.3935259339379,0 5.79281654098596,44.3934833866312,0 5.792934851431401,44.393431925341,0 5.79309267681369,44.3933156891543,0 5.793288435927271,44.3931713779981,0 5.793344142141451,44.3931317732069,0 5.79345222222071,44.3930588631829,0 5.793848694437989,44.3927943432571,0 5.79390672931855,44.3927561202457,0 5.79405345999089,44.3926620521154,0 5.79420142252882,44.3925471454917,0 5.79431970394783,44.3924519075808,0 5.7943259192925,44.3924302221966,0 5.79436340458795,44.3923192906738,0 5.79439968536268,44.3922475717668,0 5.79446967699063,44.392181842666,0 5.79462089936159,44.3920566743704,0 5.794705974769639,44.3919758801619,0 5.79479398982027,44.391883391745,0 5.79488239249077,44.391816564411,0 5.79492190728189,44.3917874581355,0 5.79500177981157,44.391748860199,0 5.7950638555638,44.3917187306518,0 5.79518718089354,44.3916620953751,0 5.795221124313161,44.3916473621027,0 5.79546035799064,44.3915568878957,0 5.79576399165787,44.3914248748821,0 5.79584046468876,44.391391226637,0 5.79602340231991,44.3913182141292,0 5.79615412703987,44.391263911848,0 5.79636434848911,44.391153275473,0 5.79650896467354,44.3910826768126,0 5.79658096313464,44.3910652649077,0 5.796695091283979,44.391076777131,0 5.79683982565162,44.3911153443776,0 5.797013995940649,44.3911954080703,0 5.79701022253851,44.3911622667414,0 5.796963310872119,44.3910543794474,0 5.796803533021601,44.3909630510926,0 5.796652441129631,44.3908669981579,0 5.79646953206977,44.3906812292824,0 5.79629544841953,44.3904910024911,0 5.796130212353529,44.3902967676309,0 5.79606142402173,44.3902113236656,0 5.79595676792518,44.3901270609519,0 5.795909339237091,44.3901078189354,0 5.7957608965435,44.3901060047248,0 5.79561258065155,44.3901118433532,0 5.795465395174211,44.3901253093319,0 5.79541071955842,44.390132282427,0 5.795155932504321,44.3901111900565,0 5.79471846467838,44.3901555350636,0 5.79454088157147,44.3901079810795,0 5.79409875626643,44.3899002358493,0 5.79383404967658,44.3898104859858,0 5.793629302002509,44.38970372115,0 5.79358289455435,44.3897178695287,0 5.793510406165581,44.390010376518,0 5.79344654727321,44.3901621497374,0 5.793401872296221,44.3901986823805,0 5.79334977522625,44.3902299088668,0 5.79331636508762,44.3902452585442,0 5.79310076888681,44.3902572146917,0 5.79295705145215,44.3902391536297,0 5.79250737634357,44.3902627223198,0 5.792072647278721,44.3901843972224,0 5.791961680784401,44.3901350592967,0 5.791823887084231,44.3900333484037,0 5.79177695079068,44.3899807649701,0 5.79170029057304,44.3897406818289,0 5.791654762964229,44.3896478898692,0 5.79161930442721,44.3895529509914,0 5.79159984808869,44.3894819261073,0 5.791386361059661,44.389483106728,0 5.791289972152619,44.3894975308009,0 5.791226807634761,44.3895284964704,0 5.79093226352562,44.3897989794708,0 
						</coordinates>
					</LinearRing>
				</outerBoundaryIs>
			</Polygon>
		</Placemark>
		<Placemark id="parcelles-des-personnes-morales_05_groupe_personne_1.13403">
		<styleUrl>#ETAT</styleUrl>			<visibility>0</visibility>
			<ExtendedData>
				<SchemaData schemaUrl="#parcelles-des-personnes-morales_05_groupe_personne_1.schema">
					<SimpleData name="Numero de Parcelle">051650000E0556</SimpleData>
					<SimpleData name="Departement">05</SimpleData>
					<SimpleData name="Commune">SAVOURNON</SimpleData>
					<SimpleData name="Adresse">REVUERE</SimpleData>
					<SimpleData name="Groupe de personne">Etat</SimpleData>
					<SimpleData name="Forme Juridique Abregee">ETAT</SimpleData>
					<SimpleData name="Denomination">ETAT PAR DIRECTION DE L IMMOBILIER DE L ETAT</SimpleData>
				</SchemaData>
			</ExtendedData>
	<Region>
		<LatLonAltBox>
			<north> 44.3915938880883 </north>
			<south> 44.3909368657101 </south>
			<east> 5.79867370248772 </east>
			<west> 5.797067677156149 </west>
		</LatLonAltBox>
		<Lod>
			<minLodPixels>100</minLodPixels>
			<maxLodPixels>-1</maxLodPixels>
		</Lod>
	</Region>
			<Polygon><altitudeMode>relativeToGround</altitudeMode>
				<outerBoundaryIs>
					<LinearRing>
						<coordinates>							5.79708264627486,44.3912271711006,0 5.79713391031451,44.3912502784416,0 5.797238616794759,44.3912948163716,0 5.797337232305921,44.3913559024182,0 5.79743046206205,44.3914173054014,0 5.79749536650895,44.3914622240825,0 5.797595508767399,44.3915160652143,0 5.79769756077594,44.3915678761004,0 5.797751481376561,44.3915938880883,0 5.79790802774892,44.3914546183352,0 5.79810503277313,44.391295224274,0 5.798309822345931,44.3911408562294,0 5.79850551933226,44.3910490500149,0 5.79867370248772,44.3909368657101,0 5.798364067556921,44.3909879731114,0 5.79799339274857,44.3910596367615,0 5.79756048563854,44.3910921674328,0 5.797067677156149,44.3911200034221,0 5.79708264627486,44.3912271711006,0 
						</coordinates>
					</LinearRing>
				</outerBoundaryIs>
			</Polygon>
		</Placemark>
		<Placemark id="parcelles-des-personnes-morales_05_groupe_personne_1.13889">
		<styleUrl>#ETAT</styleUrl>			<visibility>0</visibility>
			<ExtendedData>
				<SchemaData schemaUrl="#parcelles-des-personnes-morales_05_groupe_personne_1.schema">
					<SimpleData name="Numero de Parcelle">051650000C0006</SimpleData>
					<SimpleData name="Departement">05</SimpleData>
					<SimpleData name="Commune">SAVOURNON</SimpleData>
					<SimpleData name="Adresse">CLOT DU JOURRE</SimpleData>
					<SimpleData name="Groupe de personne">Etat</SimpleData>
					<SimpleData name="Forme Juridique Abregee">ETAT</SimpleData>
					<SimpleData name="Denomination">ETAT PAR DIRECTION DE L IMMOBILIER DE L ETAT</SimpleData>
				</SchemaData>
			</ExtendedData>
	<Region>
		<LatLonAltBox>
			<north> 44.437506888173 </north>
			<south> 44.4358693020505 </south>
			<east> 5.83140972972648 </east>
			<west> 5.82616464640247 </west>
		</LatLonAltBox>
		<Lod>
			<minLodPixels>100</minLodPixels>
			<maxLodPixels>-1</maxLodPixels>
		</Lod>
	</Region>
			<Polygon><altitudeMode>relativeToGround</altitudeMode>
				<outerBoundaryIs>
					<LinearRing>
						<coordinates>							5.83139177887781,44.4358758782501,0 5.83135132872459,44.4358865561444,0 5.83120656879196,44.4358703696727,0 5.8310413191313,44.4358693020505,0 5.83092316273295,44.4358872912903,0 5.83070662417753,44.4358963687231,0 5.830534938221401,44.4359324873433,0 5.830400993271379,44.4359766436949,0 5.83021606474376,44.4360571496651,0 5.83002865251068,44.4361433038892,0 5.8299939706107,44.4361637415491,0 5.82987782251692,44.4362294188146,0 5.82975825204936,44.4362920311729,0 5.829635635895229,44.4363515689372,0 5.82941056141669,44.4363106902003,0 5.829206359912701,44.4362849483242,0 5.8290533720556,44.4362751856281,0 5.828956478307241,44.4362910052925,0 5.82886200975036,44.4363025289805,0 5.82876671985665,44.4363102003719,0 5.82862157693799,44.4363114952383,0 5.82842773010302,44.4363394420851,0 5.82813957009763,44.4363996253332,0 5.82800133107486,44.4364183071185,0 5.8279020568513,44.4364418434843,0 5.82785269167146,44.4364577932252,0 5.82771385964005,44.436499819766,0 5.82757296407388,44.43653829602,0 5.827360028543701,44.4365817737434,0 5.82694248901848,44.4366417613214,0 5.8266707546181,44.4366885480891,0 5.82639406162424,44.4367468110724,0 5.82624291417027,44.4367914936875,0 5.82616464640247,44.4368052116205,0 5.826543590235629,44.4369690673294,0 5.82665489492815,44.4370252117366,0 5.82677998841768,44.4370755075328,0 5.826830382582191,44.4371002466071,0 5.82695369712329,44.437157703934,0 5.82707973792963,44.4372118484016,0 5.82739838134094,44.4373765281734,0 5.82746476780108,44.4374042794442,0 5.8276573519757,44.437506888173,0 5.82772342747542,44.437465558318,0 5.82777675229006,44.4374432917078,0 5.827814792353239,44.4374371808728,0 5.82788512318524,44.4374231250556,0 5.82795375828714,44.4374053294942,0 5.828020455520521,44.4373839805612,0 5.82830861790817,44.4372533575435,0 5.828445248452911,44.4372049913397,0 5.82867402425119,44.4371614651216,0 5.82875722666399,44.4371332964631,0 5.82915495308181,44.4369335611253,0 5.82931089864922,44.4368742488513,0 5.82952855674937,44.4367643494323,0 5.829580962663029,44.4367513834454,0 5.829774815192281,44.4367486559793,0 5.82984559241416,44.4367309843371,0 5.82986774665569,44.4367164533126,0 5.82994725310246,44.4366672105935,0 5.83003030710949,44.4366210293713,0 5.83017398350554,44.4365477087977,0 5.83021692603126,44.4365290405473,0 5.830340174770909,44.4364720981041,0 5.83046050335227,44.4364120778551,0 5.830623925770571,44.4363087941618,0 5.83082225808114,44.4361645288968,0 5.83098481568829,44.4360917128759,0 5.83113156296416,44.4360471367119,0 5.83123251706202,44.4360044579,0 5.831350541442171,44.435936118705,0 5.83140972972648,44.4359180232691,0 5.83139177887781,44.4358758782501,0 
						</coordinates>
					</LinearRing>
				</outerBoundaryIs>
			</Polygon>
		</Placemark>
		<Placemark id="parcelles-des-personnes-morales_05_groupe_personne_1.14460">
		<styleUrl>#ETAT</styleUrl>			<visibility>0</visibility>
			<ExtendedData>
				<SchemaData schemaUrl="#parcelles-des-personnes-morales_05_groupe_personne_1.schema">
					<SimpleData name="Numero de Parcelle">051650000B0648</SimpleData>
					<SimpleData name="Departement">05</SimpleData>
					<SimpleData name="Commune">SAVOURNON</SimpleData>
					<SimpleData name="Adresse">LE JOURE</SimpleData>
					<SimpleData name="Groupe de personne">Etat</SimpleData>
					<SimpleData name="Forme Juridique Abregee">ETAT</SimpleData>
					<SimpleData name="Denomination">ETAT PAR DIRECTION DE L IMMOBILIER DE L ETAT</SimpleData>
				</SchemaData>
			</ExtendedData>
	<Region>
		<LatLonAltBox>
			<north> 44.4414434355911 </north>
			<south> 44.4380749866027 </south>
			<east> 5.82602081723982 </east>
			<west> 5.82243122258077 </west>
		</LatLonAltBox>
		<Lod>
			<minLodPixels>100</minLodPixels>
			<maxLodPixels>-1</maxLodPixels>
		</Lod>
	</Region>
			<Polygon><altitudeMode>relativeToGround</altitudeMode>
				<outerBoundaryIs>
					<LinearRing>
						<coordinates>							5.82243122258077,44.4380749866027,0 5.82300413051248,44.4389258543639,0 5.82328357502235,44.4393530433905,0 5.823643849873549,44.4398957104418,0 5.824008952454689,44.4404367215664,0 5.824135481436641,44.4406289448885,0 5.82440870285285,44.4410369248154,0 5.82468650693913,44.4414434355911,0 5.82479959433482,44.4414118015446,0 5.82491437272303,44.4413838171737,0 5.82496909369167,44.4413717849754,0 5.82528074640947,44.4412729056248,0 5.825500581869889,44.4412010612839,0 5.82571823231751,44.4411257595345,0 5.82593345107631,44.4410470967935,0 5.82602081723982,44.4410140494531,0 5.825969808574159,44.4409418551012,0 5.82593130329635,44.4409060013244,0 5.82589733625639,44.4408678692825,0 5.82586970170439,44.4408306557265,0 5.82547218178497,44.4404037082076,0 5.82535962814166,44.4402975116618,0 5.825170748437249,44.4400426638198,0 5.82490090998391,44.4397829557621,0 5.824823810942321,44.4396943153849,0 5.824769682440349,44.4396527366331,0 5.824686529755281,44.439609019579,0 5.82465395032229,44.4395734638673,0 5.82461695836361,44.4395401831254,0 5.8245712484024,44.439506044971,0 5.82451367752266,44.439433297709,0 5.82444993679363,44.4393679147498,0 5.82439062224916,44.4393005266711,0 5.82436154556145,44.4392646108556,0 5.82431312173195,44.4392189222762,0 5.824269240592211,44.4391710454546,0 5.824237194912861,44.4391310621935,0 5.82413646349992,44.4390323981875,0 5.82404129950278,44.4389042263566,0 5.82392960195924,44.4387798111139,0 5.823806786035339,44.4386341524226,0 5.82374594270336,44.4385537421157,0 5.8236710904094,44.4384772939189,0 5.823596629622051,44.4383608415728,0 5.823501168878581,44.4382493411746,0 5.82339229875399,44.4382343863147,0 5.82333935575552,44.4382391660786,0 5.82316706533234,44.4382659204685,0 5.82300144973126,44.4382601660034,0 5.82293598023507,44.4382457199196,0 5.82286672481751,44.4382158776154,0 5.82278002330026,44.4381614409741,0 5.822714019773431,44.438138811468,0 5.82261803809613,44.4381201027043,0 5.8225703136331,44.4381034902937,0 5.82243122258077,44.4380749866027,0 
						</coordinates>
					</LinearRing>
				</outerBoundaryIs>
			</Polygon>
		</Placemark>
		<Placemark id="parcelles-des-personnes-morales_05_groupe_personne_1.14469">
		<styleUrl>#ETAT</styleUrl>			<visibility>0</visibility>
			<ExtendedData>
				<SchemaData schemaUrl="#parcelles-des-personnes-morales_05_groupe_personne_1.schema">
					<SimpleData name="Numero de Parcelle">051650000B0649</SimpleData>
					<SimpleData name="Departement">05</SimpleData>
					<SimpleData name="Commune">SAVOURNON</SimpleData>
					<SimpleData name="Adresse">LE JOURE</SimpleData>
					<SimpleData name="Groupe de personne">Etat</SimpleData>
					<SimpleData name="Forme Juridique Abregee">ETAT</SimpleData>
					<SimpleData name="Denomination">ETAT PAR DIRECTION DE L IMMOBILIER DE L ETAT</SimpleData>
				</SchemaData>
			</ExtendedData>
	<Region>
		<LatLonAltBox>
			<north> 44.4383604026743 </north>
			<south> 44.4381508109637 </south>
			<east> 5.82379959238609 </east>
			<west> 5.82357095712025 </west>
		</LatLonAltBox>
		<Lod>
			<minLodPixels>100</minLodPixels>
			<maxLodPixels>-1</maxLodPixels>
		</Lod>
	</Region>
			<Polygon><altitudeMode>relativeToGround</altitudeMode>
				<outerBoundaryIs>
					<LinearRing>
						<coordinates>							5.82364186878176,44.4383604026743,0 5.82377345349234,44.4383291962431,0 5.82376100783392,44.4383141121283,0 5.82375127280025,44.4382702240536,0 5.823758403380741,44.4382216700735,0 5.82377578362131,44.438204650461,0 5.82379023972039,44.4381844630357,0 5.82379959238609,44.4381627850408,0 5.82378881075369,44.4381508109637,0 5.82375226821042,44.4381642682954,0 5.82364703755484,44.4382322711506,0 5.82357095712025,44.4382646670798,0 5.82364186878176,44.4383604026743,0 
						</coordinates>
					</LinearRing>
				</outerBoundaryIs>
			</Polygon>
		</Placemark>
		<Placemark id="parcelles-des-personnes-morales_05_groupe_personne_1.14516">
		<styleUrl>#ETAT</styleUrl>			<visibility>0</visibility>
			<ExtendedData>
				<SchemaData schemaUrl="#parcelles-des-personnes-morales_05_groupe_personne_1.schema">
					<SimpleData name="Numero de Parcelle">051650000B0650</SimpleData>
					<SimpleData name="Departement">05</SimpleData>
					<SimpleData name="Commune">SAVOURNON</SimpleData>
					<SimpleData name="Adresse">LE JOURE</SimpleData>
					<SimpleData name="Groupe de personne">Etat</SimpleData>
					<SimpleData name="Forme Juridique Abregee">ETAT</SimpleData>
					<SimpleData name="Denomination">ETAT PAR DIRECTION DE L IMMOBILIER DE L ETAT</SimpleData>
				</SchemaData>
			</ExtendedData>
	<Region>
		<LatLonAltBox>
			<north> 44.4396296638537 </north>
			<south> 44.4381841495572 </south>
			<east> 5.82543719439694 </east>
			<west> 5.82364186878176 </west>
		</LatLonAltBox>
		<Lod>
			<minLodPixels>100</minLodPixels>
			<maxLodPixels>-1</maxLodPixels>
		</Lod>
	</Region>
			<Polygon><altitudeMode>relativeToGround</altitudeMode>
				<outerBoundaryIs>
					<LinearRing>
						<coordinates>							5.82543719439694,44.439371333694,0 5.82460979875415,44.4382314607152,0 5.82458859681228,44.4381921003164,0 5.82456494057755,44.4381841495572,0 5.824554469584659,44.4381859493317,0 5.82452306134652,44.4381939607539,0 5.824493716295311,44.4382055223401,0 5.82446742546004,44.4382203384532,0 5.82444226168057,44.4382501684841,0 5.82439361489913,44.4382553790694,0 5.82435376112483,44.4382503656823,0 5.82429503982801,44.4382300725545,0 5.82396968550239,44.4382934500499,0 5.82382078229771,44.438327802941,0 5.82377345349234,44.4383291962431,0 5.82364186878176,44.4383604026743,0 5.823766982979079,44.4384916803929,0 5.8238240961436,44.4385829955093,0 5.824007193315569,44.4387877306042,0 5.82406982951447,44.4388511603979,0 5.824121600743271,44.4389236061336,0 5.824268062625329,44.4390920783035,0 5.82440997377999,44.4392625585962,0 5.82451133217644,44.4393888598924,0 5.82456342122942,44.4394449934119,0 5.824604204863379,44.4395013266963,0 5.82465247612651,44.4395414343142,0 5.82478424588355,44.4396296638537,0 5.82543719439694,44.439371333694,0 
						</coordinates>
					</LinearRing>
				</outerBoundaryIs>
			</Polygon>
		</Placemark>
		<Placemark id="parcelles-des-personnes-morales_05_groupe_personne_1.14527">
		<styleUrl>#ETAT</styleUrl>			<visibility>0</visibility>
			<ExtendedData>
				<SchemaData schemaUrl="#parcelles-des-personnes-morales_05_groupe_personne_1.schema">
					<SimpleData name="Numero de Parcelle">051650000B0651</SimpleData>
					<SimpleData name="Departement">05</SimpleData>
					<SimpleData name="Commune">SAVOURNON</SimpleData>
					<SimpleData name="Adresse">LE JOURE</SimpleData>
					<SimpleData name="Groupe de personne">Etat</SimpleData>
					<SimpleData name="Forme Juridique Abregee">ETAT</SimpleData>
					<SimpleData name="Denomination">ETAT PAR DIRECTION DE L IMMOBILIER DE L ETAT</SimpleData>
				</SchemaData>
			</ExtendedData>
	<Region>
		<LatLonAltBox>
			<north> 44.4409939657167 </north>
			<south> 44.439371333694 </south>
			<east> 5.82649359726777 </east>
			<west> 5.82478424588355 </west>
		</LatLonAltBox>
		<Lod>
			<minLodPixels>100</minLodPixels>
			<maxLodPixels>-1</maxLodPixels>
		</Lod>
	</Region>
			<Polygon><altitudeMode>relativeToGround</altitudeMode>
				<outerBoundaryIs>
					<LinearRing>
						<coordinates>							5.82543719439694,44.439371333694,0 5.82478424588355,44.4396296638537,0 5.824914464300781,44.4397170322606,0 5.82517648329057,44.4399938752458,0 5.8253522058734,44.4402169030449,0 5.825531485988479,44.4404003856991,0 5.82570661029622,44.4405862266205,0 5.825773494007889,44.4406590948067,0 5.8258132581086,44.4407226600313,0 5.82586224547114,44.4407720267456,0 5.82596656930719,44.4408594277182,0 5.825995048226429,44.4409059875948,0 5.82602834799525,44.4409508924965,0 5.826066334059861,44.4409939657167,0 5.82630938724977,44.4409087332115,0 5.82649359726777,44.4408285228374,0 5.82543719439694,44.439371333694,0 
						</coordinates>
					</LinearRing>
				</outerBoundaryIs>
			</Polygon>
		</Placemark>
		<Placemark id="parcelles-des-personnes-morales_05_groupe_personne_1.14539">
		<styleUrl>#ETAT</styleUrl>			<visibility>0</visibility>
			<ExtendedData>
				<SchemaData schemaUrl="#parcelles-des-personnes-morales_05_groupe_personne_1.schema">
					<SimpleData name="Numero de Parcelle">051650000B0653</SimpleData>
					<SimpleData name="Departement">05</SimpleData>
					<SimpleData name="Commune">SAVOURNON</SimpleData>
					<SimpleData name="Adresse">LE JOURE</SimpleData>
					<SimpleData name="Groupe de personne">Etat</SimpleData>
					<SimpleData name="Forme Juridique Abregee">ETAT</SimpleData>
					<SimpleData name="Denomination">ETAT PAR DIRECTION DE L IMMOBILIER DE L ETAT</SimpleData>
				</SchemaData>
			</ExtendedData>
	<Region>
		<LatLonAltBox>
			<north> 44.4408285228374 </north>
			<south> 44.4375289352934 </south>
			<east> 5.830641718108281 </east>
			<west> 5.82460979875415 </west>
		</LatLonAltBox>
		<Lod>
			<minLodPixels>100</minLodPixels>
			<maxLodPixels>-1</maxLodPixels>
		</Lod>
	</Region>
			<Polygon><altitudeMode>relativeToGround</altitudeMode>
				<outerBoundaryIs>
					<LinearRing>
						<coordinates>							5.82543719439694,44.439371333694,0 5.82649359726777,44.4408285228374,0 5.82673255197669,44.4407242081277,0 5.826908927300041,44.440620597893,0 5.82708837081575,44.4404953802358,0 5.827558435684271,44.4400847261371,0 5.82783978547031,44.4398854606122,0 5.82790141717401,44.4398582967476,0 5.82804288604323,44.4398210665842,0 5.82813830627935,44.4398058261486,0 5.828252128560789,44.4398292066217,0 5.82836411734145,44.4398561470544,0 5.828450287945229,44.4398796967689,0 5.828579753324871,44.4399066386787,0 5.82874626448432,44.4399251528443,0 5.828810689786279,44.4398985472696,0 5.82896717947491,44.4397996778418,0 5.82925675514182,44.4396418129132,0 5.829387051910359,44.43958234865,0 5.829564395423249,44.4395208651851,0 5.829720144957791,44.4394801133395,0 5.829885229161739,44.4394525429666,0 5.83003433921405,44.439447451572,0 5.8302275271371,44.4394614048705,0 5.83042002080735,44.4394790688291,0 5.8305226653492,44.4394901233501,0 5.830641718108281,44.4394974233331,0 5.83040520027971,44.4393512699441,0 5.83026661431085,44.4392601594214,0 5.83012647747422,44.4391707099673,0 5.83001540476252,44.4391017719183,0 5.8300042369249,44.4390946724865,0 5.83001385940715,44.4388372553969,0 5.829913148245521,44.4387994879782,0 5.82956357117527,44.4386224582616,0 5.82936109785644,44.4385057843685,0 5.82893327315296,44.4382925697367,0 5.82879085181879,44.4382176797901,0 5.82866243462952,44.4381362147847,0 5.828479968919959,44.4380399235057,0 5.828219048683421,44.4378882671214,0 5.82796150614258,44.437733731075,0 5.82775431093772,44.4376054656617,0 5.82761608554642,44.4375289352934,0 5.82750665587563,44.4375480479268,0 5.8274197513019,44.4375675731775,0 5.827310303498889,44.4375863257706,0 5.82726980337182,44.437606101169,0 5.827253326539131,44.4376285928628,0 5.82723363379276,44.4376471136283,0 5.82720990466362,44.4376628555191,0 5.82712811300793,44.4376890951583,0 5.82708643393679,44.4377129542002,0 5.826932962922121,44.4378620964279,0 5.826881472786349,44.4378934132985,0 5.826795083563071,44.4379157171986,0 5.82642554482139,44.4379829381102,0 5.82627191319202,44.4379855284829,0 5.826218093031759,44.4380004207498,0 5.826111165222899,44.4380268540819,0 5.8260026762838,44.438049724282,0 5.82594412377309,44.4380554598962,0 5.8257502060935,44.4380770983083,0 5.82555734701381,44.4381023122964,0 5.825401625242801,44.4381435980034,0 5.82530050725361,44.4381579913919,0 5.82520362917041,44.4381515582904,0 5.82511743358869,44.438150075612,0 5.825031422273929,44.4381522812894,0 5.82500622913039,44.4381563502484,0 5.82490333118773,44.4381753828295,0 5.82480199862828,44.4381980683219,0 5.82470223592798,44.4382244966919,0 5.82460979875415,44.4382314607152,0 5.82543719439694,44.439371333694,0 
						</coordinates>
					</LinearRing>
				</outerBoundaryIs>
			</Polygon>
		</Placemark>
		<Placemark id="parcelles-des-personnes-morales_05_groupe_personne_1.15050">
		<styleUrl>#ETAT</styleUrl>			<visibility>0</visibility>
			<ExtendedData>
				<SchemaData schemaUrl="#parcelles-des-personnes-morales_05_groupe_personne_1.schema">
					<SimpleData name="Numero de Parcelle">051650000C0007</SimpleData>
					<SimpleData name="Departement">05</SimpleData>
					<SimpleData name="Commune">SAVOURNON</SimpleData>
					<SimpleData name="Adresse">CLOT DU JOURRE</SimpleData>
					<SimpleData name="Groupe de personne">Etat</SimpleData>
					<SimpleData name="Forme Juridique Abregee">ETAT</SimpleData>
					<SimpleData name="Denomination">ETAT PAR DIRECTION DE L IMMOBILIER DE L ETAT</SimpleData>
				</SchemaData>
			</ExtendedData>
	<Region>
		<LatLonAltBox>
			<north> 44.4363215532956 </north>
			<south> 44.4349247274743 </south>
			<east> 5.83203621638763 </east>
			<west> 5.8291042695445 </west>
		</LatLonAltBox>
		<Lod>
			<minLodPixels>100</minLodPixels>
			<maxLodPixels>-1</maxLodPixels>
		</Lod>
	</Region>
			<Polygon><altitudeMode>relativeToGround</altitudeMode>
				<outerBoundaryIs>
					<LinearRing>
						<coordinates>							5.8291042695445,44.436254692142,0 5.82916670100463,44.4362611957107,0 5.82922831253266,44.4362714134547,0 5.82927982126962,44.4362832417893,0 5.82942263886066,44.43629326539,0 5.82947721510244,44.4363060957698,0 5.829533239094371,44.4363151957846,0 5.82959008752915,44.4363206715188,0 5.82960836119735,44.4363215532956,0 5.829666645957609,44.4363105080239,0 5.830101411337751,44.4360823442407,0 5.83037448326575,44.4359593995169,0 5.830468974344321,44.4359307593179,0 5.83066199975299,44.4358889580843,0 5.83085154846353,44.435863099389,0 5.83116948301033,44.4358452905616,0 5.831331822725629,44.4358685917116,0 5.83138037278589,44.4358640110248,0 5.83143390634922,44.4358459708369,0 5.831551363178619,44.4357889056244,0 5.83167789776569,44.4357599811811,0 5.83180600256468,44.4357347994579,0 5.831937664004519,44.435712858999,0 5.832029599604999,44.4357110359907,0 5.83203621638763,44.4357025788024,0 5.830800553233449,44.4349247274743,0 5.83067717121845,44.4350768851924,0 5.83054138228027,44.4352147691051,0 5.83039201406518,44.4353727285831,0 5.830247143093561,44.435532644073,0 5.83016106046644,44.4355835872898,0 5.82987705437737,44.4356914993135,0 5.829748246146959,44.4357704727436,0 5.829492604600289,44.4359679121576,0 5.8293407285039,44.4360733296538,0 5.82922048553366,44.4361627115228,0 5.8291042695445,44.436254692142,0 
						</coordinates>
					</LinearRing>
				</outerBoundaryIs>
			</Polygon>
		</Placemark>
		<Placemark id="parcelles-des-personnes-morales_05_groupe_personne_1.15579">
		<styleUrl>#ETAT</styleUrl>			<visibility>0</visibility>
			<ExtendedData>
				<SchemaData schemaUrl="#parcelles-des-personnes-morales_05_groupe_personne_1.schema">
					<SimpleData name="Numero de Parcelle">051650000E0746</SimpleData>
					<SimpleData name="Departement">05</SimpleData>
					<SimpleData name="Commune">SAVOURNON</SimpleData>
					<SimpleData name="Adresse">LA QUEYRA</SimpleData>
					<SimpleData name="Groupe de personne">Etat</SimpleData>
					<SimpleData name="Forme Juridique Abregee">ETAT</SimpleData>
					<SimpleData name="Denomination">ETAT PAR DIRECTION DE L IMMOBILIER DE L ETAT</SimpleData>
				</SchemaData>
			</ExtendedData>
	<Region>
		<LatLonAltBox>
			<north> 44.4146250118901 </north>
			<south> 44.402895491023 </south>
			<east> 5.79385811289574 </east>
			<west> 5.79182499750136 </west>
		</LatLonAltBox>
		<Lod>
			<minLodPixels>100</minLodPixels>
			<maxLodPixels>-1</maxLodPixels>
		</Lod>
	</Region>
			<Polygon><altitudeMode>relativeToGround</altitudeMode>
				<outerBoundaryIs>
					<LinearRing>
						<coordinates>							5.79267190725813,44.4033804987748,0 5.79258527112292,44.4032951442665,0 5.792446221009,44.4031737383511,0 5.79240026236655,44.4031335599986,0 5.79226971121696,44.4031054351832,0 5.79218502547523,44.4030774080906,0 5.79194748421031,44.4029639037852,0 5.791867227551591,44.402905949646,0 5.79182499750136,44.402895491023,0 5.79187165407486,44.4029651061011,0 5.792040809690249,44.4030498997747,0 5.792233894406419,44.4031230973095,0 5.792242124486169,44.403157477017,0 5.79236218359243,44.4032250501792,0 5.79244450320643,44.4032916888512,0 5.7925305932873,44.4033557998365,0 5.792554670009451,44.4033726635298,0 5.79265650462061,44.4034655590818,0 5.792760360061649,44.4035892086268,0 5.79280374538441,44.40367142665,0 5.792816346152539,44.4037434365092,0 5.79280178484156,44.4038022639527,0 5.79275705276115,44.4039091455902,0 5.79261604826323,44.4041224146135,0 5.7925824162896,44.4041919941836,0 5.79256387276326,44.4042745220155,0 5.79255779717524,44.4043576343586,0 5.79255700551224,44.4044408829085,0 5.792557796738391,44.4044645523299,0 5.79255810912055,44.4044963405662,0 5.79258506607108,44.4046912077411,0 5.792637619136971,44.4048853356435,0 5.79274460482568,44.405146178939,0 5.79275593082944,44.4052229050493,0 5.79271307383704,44.4053041580885,0 5.79265415990953,44.4054012210563,0 5.79272276573891,44.4055030662052,0 5.792796060644691,44.405603171049,0 5.792859191208909,44.4056831769178,0 5.79287591059712,44.4058640721275,0 5.79289136858206,44.405922678611,0 5.79296258793062,44.406064720529,0 5.7930069781969,44.4062181618157,0 5.793036065041729,44.4062983106056,0 5.79306004218886,44.4063793096046,0 5.79306981685535,44.4064195049676,0 5.79307192285482,44.4065385296478,0 5.793272705664119,44.4068233851148,0 5.79333361736228,44.4068787667569,0 5.79348402926157,44.4069348501754,0 5.79357742941286,44.4071443351504,0 5.793628725185861,44.40737650618,0 5.793719234585379,44.4075884964576,0 5.79369934324528,44.4076895240471,0 5.79363592006096,44.4078759656528,0 5.79370671716162,44.4080399060925,0 5.79370950217898,44.4081268472039,0 5.793702227848499,44.408328167693,0 5.79371868095524,44.4084806964263,0 5.79371748020464,44.4085199992941,0 5.79371637165918,44.4085535350667,0 5.79363372040069,44.4087475804456,0 5.793608595871851,44.4089233223736,0 5.7935789156965,44.4090526114543,0 5.7936054687381,44.4092111892141,0 5.793578321068149,44.4092797940222,0 5.79354608663018,44.4093471767612,0 5.79352361703969,44.4093883703461,0 5.79349393902847,44.4094719015961,0 5.79350355346985,44.4096513560121,0 5.793463242102191,44.409847840047,0 5.79347266100017,44.4099037174248,0 5.793487324400569,44.4099589213078,0 5.793503932648511,44.4100051584886,0 5.79352671435126,44.4101382508955,0 5.793566370659091,44.4102237162253,0 5.79360839408644,44.4102782259783,0 5.79362638876071,44.4103016391581,0 5.79376915286109,44.4104520442851,0 5.79379943690066,44.4105385580176,0 5.793790939996331,44.4106565909229,0 5.79365470860296,44.411043133747,0 5.793599190177749,44.4111250687889,0 5.79349166962153,44.4112430917756,0 5.79334432565827,44.4114351752336,0 5.79311996532404,44.4117548658776,0 5.79299350811426,44.4119729910033,0 5.79297877770498,44.4120640695764,0 5.79297213597922,44.4123062680485,0 5.792977292750889,44.4123801784465,0 5.79296846920927,44.4124534526198,0 5.79298307194559,44.4126219718386,0 5.79302570400803,44.4128186039682,0 5.79306024942897,44.4129379771707,0 5.79310114041484,44.4130611526975,0 5.79314726304075,44.4131833848504,0 5.79312723033017,44.4132536106278,0 5.79307093800722,44.4134141099955,0 5.793072974168581,44.4134706251314,0 5.793129926516909,44.4136722084952,0 5.793152692196741,44.4138024192375,0 5.79315123203396,44.4138492049453,0 5.79314447371694,44.4138955845924,0 5.793132538303301,44.4139414650324,0 5.79304429013385,44.4142081621429,0 5.793026817000129,44.4143556970202,0 5.793039218233801,44.4145661568896,0 5.79304488870538,44.4146250118901,0 5.79307701129844,44.4146240170005,0 5.79310664582688,44.4146235355812,0 5.79311048306806,44.4145739873308,0 5.79308662288669,44.4143859764398,0 5.79309254593364,44.4142743139413,0 5.79321177948686,44.4138741510722,0 5.79321136022059,44.4138300251947,0 5.79321071355565,44.4137634765328,0 5.79313377265259,44.4134650296642,0 5.79313737024565,44.4133902666566,0 5.79318771481292,44.4132874757165,0 5.79319780690598,44.4131940827061,0 5.793194349487999,44.4131775066246,0 5.79318300654647,44.4131233893524,0 5.7930923486491,44.4128779840671,0 5.79304906573523,44.412663083344,0 5.79303762188592,44.4125458264415,0 5.79303132394114,44.4124284390238,0 5.79303063640382,44.4122948760581,0 5.79302488725194,44.4121733313105,0 5.79303913663818,44.4120852373829,0 5.79310341213492,44.4118726527312,0 5.793152639027011,44.4117803388285,0 5.7932642124298,44.4116247424193,0 5.79338052223936,44.4114709173034,0 5.793501698376179,44.4113189502434,0 5.79356039024728,44.4112478337483,0 5.793676545194809,44.4110959938721,0 5.79373273904389,44.4109463056896,0 5.793794010548699,44.4107976596192,0 5.79383029502898,44.4107155819637,0 5.79385811289574,44.4106020129238,0 5.79384988635159,44.4105448442541,0 5.79383615095943,44.4104880855813,0 5.79382570419246,44.4104546628133,0 5.79379001120986,44.4103858508344,0 5.79365858344711,44.4102741603393,0 5.79360943065828,44.4102254160911,0 5.79355740429933,44.4100777529861,0 5.79355384517135,44.4100082157905,0 5.79351332617991,44.4099078200099,0 5.793515895843639,44.4098147980744,0 5.79356783741273,44.4096502655771,0 5.793537808826569,44.4095256439049,0 5.793562468976039,44.4094371957813,0 5.793655253717489,44.4092574853725,0 5.79365869926979,44.4091898421965,0 5.793636511858969,44.4090509700405,0 5.79365979006717,44.4089549006481,0 5.79367776162811,44.4088582452966,0 5.79368674580111,44.4087933439852,0 5.79369426719714,44.4087420810109,0 5.79375664255028,44.4086056571528,0 5.793758562830051,44.4086012848632,0 5.79378055994638,44.4085530774237,0 5.7937780377709,44.4085401707157,0 5.79374813600892,44.408392667073,0 5.793752343126279,44.4083658983313,0 5.79378460433694,44.4083576036112,0 5.7937747266585,44.4083153391595,0 5.79375019870054,44.4083199247673,0 5.793743408637059,44.4082587564432,0 5.79374591866494,44.4082485143608,0 5.79375355759402,44.4082149029739,0 5.793763262286041,44.4081722317422,0 5.79376887764292,44.4081434456365,0 5.79377026593376,44.4081359342444,0 5.79377913432337,44.4080890507393,0 5.793771596893771,44.4080051125884,0 5.7937513495116,44.4079691462293,0 5.793724398583871,44.4079195685863,0 5.79370474326596,44.4078726882102,0 5.79371342954564,44.407822116291,0 5.793727081317921,44.4077728595736,0 5.79376790210997,44.4076249126787,0 5.79376541796977,44.4075466110837,0 5.79372271916489,44.4074427579391,0 5.79370744651349,44.4073777515238,0 5.793695967617199,44.4073285019236,0 5.79366166767723,44.4071758856457,0 5.79359627808871,44.4070196445344,0 5.793539888682221,44.4069133464131,0 5.79333657755284,44.4066358515337,0 5.793099381348771,44.4062878771782,0 5.79303246456359,44.4060955548508,0 5.792970779025189,44.4059022891454,0 5.79291420362986,44.4057081732158,0 5.792895648494939,44.4056402775907,0 5.79276441410446,44.4054966053629,0 5.79273427482512,44.4054358491877,0 5.79272615489905,44.4054138969042,0 5.79272314911561,44.4053911843843,0 5.79272544956576,44.405369057868,0 5.79273302516146,44.4053468876245,0 5.79274543608861,44.4053259458463,0 5.792762233654701,44.4053073248024,0 5.79280642236339,44.4052148687688,0 5.792791578271791,44.4051279634471,0 5.79273266720631,44.4050061462271,0 5.7926982350762,44.4049347801285,0 5.792625362256029,44.4045937163047,0 5.79261220839499,44.4045257737607,0 5.79261854329905,44.4044631917259,0 5.79264075928762,44.4042412260924,0 5.7926489472556,44.4042416489296,0 5.79265911082913,44.4041955434211,0 5.79266557370541,44.4041661054123,0 5.792761345273109,44.4039986604309,0 5.792840640243499,44.4038436131682,0 5.792850015129251,44.403796807058,0 5.79285119250228,44.4036730153967,0 5.79277735513462,44.4035007751633,0 5.79267190725813,44.4033804987748,0 
						</coordinates>
					</LinearRing>
				</outerBoundaryIs>
			</Polygon>
		</Placemark>
		<Placemark id="parcelles-des-personnes-morales_05_groupe_personne_1.15587">
		<styleUrl>#ETAT</styleUrl>			<visibility>0</visibility>
			<ExtendedData>
				<SchemaData schemaUrl="#parcelles-des-personnes-morales_05_groupe_personne_1.schema">
					<SimpleData name="Numero de Parcelle">051650000E0747</SimpleData>
					<SimpleData name="Departement">05</SimpleData>
					<SimpleData name="Commune">SAVOURNON</SimpleData>
					<SimpleData name="Adresse">LA QUEYRA</SimpleData>
					<SimpleData name="Groupe de personne">Etat</SimpleData>
					<SimpleData name="Forme Juridique Abregee">ETAT</SimpleData>
					<SimpleData name="Denomination">ETAT PAR DIRECTION DE L IMMOBILIER DE L ETAT</SimpleData>
				</SchemaData>
			</ExtendedData>
	<Region>
		<LatLonAltBox>
			<north> 44.4028965904136 </north>
			<south> 44.4016606640054 </south>
			<east> 5.792135787361509 </east>
			<west> 5.79183764144755 </west>
		</LatLonAltBox>
		<Lod>
			<minLodPixels>100</minLodPixels>
			<maxLodPixels>-1</maxLodPixels>
		</Lod>
	</Region>
			<Polygon><altitudeMode>relativeToGround</altitudeMode>
				<outerBoundaryIs>
					<LinearRing>
						<coordinates>							5.79183764144755,44.4028741831606,0 5.79190596689656,44.4028965904136,0 5.79201417569957,44.4028411530908,0 5.79203098693468,44.4028304583337,0 5.79204377932179,44.402817253343,0 5.792052288570209,44.4028012746004,0 5.79206475843776,44.4026363931474,0 5.79207474097196,44.4020646204694,0 5.7920959556836,44.4019343759233,0 5.79212192820047,44.4018547223684,0 5.792135787361509,44.4018122162693,0 5.79212641452794,44.4017877737,0 5.792112080004859,44.401764627923,0 5.792093312371479,44.4017433059752,0 5.792086601905501,44.4017371709762,0 5.79207233706578,44.4016899736774,0 5.792038223952139,44.4016606640054,0 5.7920474763485,44.4017310473591,0 5.79206211575375,44.4018011139525,0 5.792071680290751,44.4018370811343,0 5.792030453755731,44.4019895409934,0 5.792010786984109,44.402181717175,0 5.792005370932021,44.4023469601512,0 5.79200511312306,44.4025123425521,0 5.79200785135995,44.4026162185145,0 5.79199435284096,44.4027857198157,0 5.7919673610569,44.4028116250193,0 5.79183764144755,44.4028741831606,0 
						</coordinates>
					</LinearRing>
				</outerBoundaryIs>
			</Polygon>
		</Placemark>
		<Placemark id="parcelles-des-personnes-morales_05_groupe_personne_1.15592">
		<styleUrl>#ETAT</styleUrl>			<visibility>0</visibility>
			<ExtendedData>
				<SchemaData schemaUrl="#parcelles-des-personnes-morales_05_groupe_personne_1.schema">
					<SimpleData name="Numero de Parcelle">051650000E0748</SimpleData>
					<SimpleData name="Departement">05</SimpleData>
					<SimpleData name="Commune">SAVOURNON</SimpleData>
					<SimpleData name="Adresse">LA QUEYRA</SimpleData>
					<SimpleData name="Groupe de personne">Etat</SimpleData>
					<SimpleData name="Forme Juridique Abregee">ETAT</SimpleData>
					<SimpleData name="Denomination">ETAT PAR DIRECTION DE L IMMOBILIER DE L ETAT</SimpleData>
				</SchemaData>
			</ExtendedData>
	<Region>
		<LatLonAltBox>
			<north> 44.4016967049228 </north>
			<south> 44.4008167741204 </south>
			<east> 5.79281045083206 </east>
			<west> 5.79203926881994 </west>
		</LatLonAltBox>
		<Lod>
			<minLodPixels>100</minLodPixels>
			<maxLodPixels>-1</maxLodPixels>
		</Lod>
	</Region>
			<Polygon><altitudeMode>relativeToGround</altitudeMode>
				<outerBoundaryIs>
					<LinearRing>
						<coordinates>							5.79208551605036,44.4016642385958,0 5.79210594942117,44.4016505695983,0 5.79218926748131,44.4016662011557,0 5.79227218869949,44.4016967049228,0 5.792339470818659,44.4016572574981,0 5.792464424625659,44.4014956481404,0 5.79262290280706,44.4012979693586,0 5.79278587392845,44.4011022480681,0 5.79281045083206,44.4010528946047,0 5.79277946584679,44.4008680381471,0 5.79274087703778,44.4008167741204,0 5.79273859321532,44.4009003306184,0 5.792765980530071,44.4010148405011,0 5.79267388413313,44.4011828226818,0 5.792293895845241,44.401642650441,0 5.79225125613971,44.4016569727428,0 5.79223547968262,44.4016504371644,0 5.792186621130119,44.4016329408996,0 5.7921354127171,44.4016187468713,0 5.792082633978661,44.4016083757504,0 5.79203926881994,44.401630913098,0 5.79208551605036,44.4016642385958,0 
						</coordinates>
					</LinearRing>
				</outerBoundaryIs>
			</Polygon>
		</Placemark>
		<Placemark id="parcelles-des-personnes-morales_05_groupe_personne_1.15601">
		<styleUrl>#ETAT</styleUrl>			<visibility>0</visibility>
			<ExtendedData>
				<SchemaData schemaUrl="#parcelles-des-personnes-morales_05_groupe_personne_1.schema">
					<SimpleData name="Numero de Parcelle">051650000E0749</SimpleData>
					<SimpleData name="Departement">05</SimpleData>
					<SimpleData name="Commune">SAVOURNON</SimpleData>
					<SimpleData name="Adresse">JUBIE</SimpleData>
					<SimpleData name="Groupe de personne">Etat</SimpleData>
					<SimpleData name="Forme Juridique Abregee">ETAT</SimpleData>
					<SimpleData name="Denomination">ETAT PAR DIRECTION DE L IMMOBILIER DE L ETAT</SimpleData>
				</SchemaData>
			</ExtendedData>
	<Region>
		<LatLonAltBox>
			<north> 44.4000610194577 </north>
			<south> 44.3965602396487 </south>
			<east> 5.7944464330746 </east>
			<west> 5.788241858794649 </west>
		</LatLonAltBox>
		<Lod>
			<minLodPixels>100</minLodPixels>
			<maxLodPixels>-1</maxLodPixels>
		</Lod>
	</Region>
			<Polygon><altitudeMode>relativeToGround</altitudeMode>
				<outerBoundaryIs>
					<LinearRing>
						<coordinates>							5.79246671878809,44.3996530373939,0 5.792453878199451,44.3995888701755,0 5.792409461877391,44.3994958695425,0 5.79239352057079,44.3994885275242,0 5.79237548487953,44.3994845713595,0 5.792364904602241,44.3994840290505,0 5.79225790088134,44.3994975518814,0 5.79214995335647,44.3995072253667,0 5.79202225778396,44.3995138866886,0 5.79182002339673,44.3995580172809,0 5.79155509898431,44.3995920274999,0 5.791278793978159,44.3996118237256,0 5.79110305588365,44.3995945714212,0 5.79085473977627,44.3996087029333,0 5.790767146722669,44.3995903865459,0 5.79074235668143,44.3995793954262,0 5.79072924519363,44.3995682884115,0 5.79072067887662,44.3995550845568,0 5.79071720845196,44.3995407607151,0 5.79071900376235,44.3995262133197,0 5.79072065969846,44.3995215775785,0 5.79073545470396,44.3994725626749,0 5.79073164391473,44.3994487897104,0 5.790713692561479,44.3994287079244,0 5.790681478355589,44.3994149325509,0 5.790646918716231,44.3994045493523,0 5.79063104295192,44.3994010785985,0 5.79048188274252,44.3993877453902,0 5.79038602620481,44.3993878330744,0 5.79017532232612,44.3994385705289,0 5.79013720427871,44.3994375549576,0 5.789690687250429,44.3991545993338,0 5.789560222092939,44.399041349739,0 5.789426202964969,44.3988865759838,0 5.78938643060395,44.3988188574318,0 5.789341710144109,44.398752705418,0 5.78928549407033,44.3986801791889,0 5.789249532033979,44.3986107427357,0 5.78923936452192,44.3985497502011,0 5.78923918782488,44.3983651936155,0 5.789244290045421,44.3981806834467,0 5.7892565119574,44.3979723935959,0 5.78930685522897,44.3976963932882,0 5.78928797532278,44.3976115718537,0 5.78920421922922,44.397418684389,0 5.78917607999906,44.3972938346129,0 5.78917488680921,44.397091199085,0 5.78919412036645,44.3969283089704,0 5.78923906338568,44.3967033372442,0 5.78925802580983,44.3966725920528,0 5.78926446674206,44.396584066609,0 5.7892533690994,44.3965628201858,0 5.78922723640851,44.3965602396487,0 5.78920079248569,44.3965615401577,0 5.78917528762916,44.3965665999611,0 5.78915171232269,44.396575123744,0 5.78913093157792,44.3965868193709,0 5.78911968816236,44.396595751299,0 5.789083242256861,44.3966311728739,0 5.78888422009749,44.3968524817633,0 5.788327333216909,44.3973147044319,0 5.788241858794649,44.3974055918297,0 5.78832820815682,44.3973375609764,0 5.78841832908042,44.3972721367324,0 5.788511741828541,44.397209781608,0 5.78867490474697,44.3970790951402,0 5.7888539361877,44.3969288207375,0 5.788953195589241,44.3968245229363,0 5.789058996119939,44.3967051070974,0 5.78912830243063,44.3966099448348,0 5.78920633114472,44.396587250965,0 5.789225770420861,44.3966299037214,0 5.78913611400236,44.397000396356,0 5.78912292986427,44.3972911278818,0 5.78913902056728,44.3973703453471,0 5.78925155151225,44.3976550995594,0 5.78925908736052,44.3977009362864,0 5.78921067572843,44.3981384798583,0 5.78919488656166,44.3983381229419,0 5.789198736370841,44.3984570127904,0 5.789207605324749,44.3985757754835,0 5.78921387675433,44.3986316424538,0 5.78925781976069,44.3987100642352,0 5.78937511975213,44.3988876000614,0 5.78944401134185,44.3989649392994,0 5.78951745272333,44.3990402716701,0 5.78959505416439,44.3991133368183,0 5.789636030893741,44.3991494089047,0 5.78996143075359,44.3993685993965,0 5.79010304195494,44.3994479685688,0 5.79015229344125,44.3994632939467,0 5.790243386967421,44.399453238919,0 5.790394779989361,44.3994201278479,0 5.79059301878859,44.3994274432465,0 5.7906841249754,44.3994456707106,0 5.79068906380908,44.3994719371491,0 5.79065861353304,44.3995245014638,0 5.790668231289451,44.3995590261675,0 5.79068083263496,44.3995776222482,0 5.79069798359495,44.3995942114512,0 5.79071903902302,44.3996084498329,0 5.79074332715069,44.3996194536812,0 5.79077009509294,44.399627242079,0 5.79079818690156,44.399631303884,0 5.79082220691135,44.3996317758733,0 5.79137931615231,44.3996299019715,0 5.791606545072159,44.3996110796969,0 5.79191459841823,44.3995675987596,0 5.79222133553174,44.3995203672291,0 5.79233163966698,44.3995024371782,0 5.79235557943969,44.3995114678871,0 5.79237653759044,44.3995237268027,0 5.7923938556451,44.3995386001113,0 5.79240675852547,44.3995556571041,0 5.79241470879357,44.3995741908233,0 5.7924175454503,44.3995934847621,0 5.79241621698101,44.3996072997644,0 5.79241602088104,44.3996720678736,0 5.792335388181609,44.3998228250365,0 5.79236465985894,44.3998533382511,0 5.79246908223468,44.3998893313835,0 5.79267318830319,44.3998983858198,0 5.79282969370937,44.3999154029585,0 5.79305592602432,44.3999018272782,0 5.793312506609,44.3999074775491,0 5.793534869712789,44.399927506564,0 5.79364678298469,44.3999599757911,0 5.79383824458775,44.4000564504682,0 5.79389524193199,44.4000606786981,0 5.79395280117506,44.4000610194577,0 5.79401792704437,44.4000568446065,0 5.79410593932173,44.4000429013304,0 5.79427865116263,44.3999962731797,0 5.79443016859013,44.3999427966499,0 5.7944464330746,44.399908335848,0 5.79424904196811,44.3999767580369,0 5.79418490012597,44.3999957702607,0 5.79411894041979,44.4000110454752,0 5.7940515481885,44.4000227540459,0 5.7939666929467,44.4000319333124,0 5.79392925069695,44.4000318927046,0 5.79389212382075,44.4000280609737,0 5.79385606965405,44.4000205089752,0 5.79382197101306,44.4000093043813,0 5.79379035203524,44.3999948842632,0 5.79376209553305,44.3999773162945,0 5.793748516968161,44.3999669420643,0 5.7936736250053,44.3999234452282,0 5.793548757300101,44.3998881521528,0 5.79337990247585,44.3998678464147,0 5.793149464191,44.3998674779394,0 5.79288143569828,44.3998869781129,0 5.79279165468234,44.3998879946309,0 5.7926190679516,44.39986589085,0 5.79245748879002,44.3998606216452,0 5.79243699219138,44.3998577187193,0 5.79241820467362,44.3998512595578,0 5.79240227332451,44.3998415753628,0 5.79239023750614,44.3998293603647,0 5.79238288561654,44.3998153151591,0 5.792380642927211,44.3998004197736,0 5.79238368374699,44.3997856606001,0 5.79239074320579,44.3997734116418,0 5.792467890151591,44.3996589525604,0 5.79246671878809,44.3996530373939,0 
						</coordinates>
					</LinearRing>
				</outerBoundaryIs>
			</Polygon>
		</Placemark>
		<Placemark id="parcelles-des-personnes-morales_05_groupe_personne_1.15644">
		<styleUrl>#ETAT</styleUrl>			<visibility>0</visibility>
			<ExtendedData>
				<SchemaData schemaUrl="#parcelles-des-personnes-morales_05_groupe_personne_1.schema">
					<SimpleData name="Numero de Parcelle">051650000E0750</SimpleData>
					<SimpleData name="Departement">05</SimpleData>
					<SimpleData name="Commune">SAVOURNON</SimpleData>
					<SimpleData name="Adresse">COL DEVOLUI</SimpleData>
					<SimpleData name="Groupe de personne">Etat</SimpleData>
					<SimpleData name="Forme Juridique Abregee">ETAT</SimpleData>
					<SimpleData name="Denomination">ETAT PAR DIRECTION DE L IMMOBILIER DE L ETAT</SimpleData>
				</SchemaData>
			</ExtendedData>
	<Region>
		<LatLonAltBox>
			<north> 44.3999300754032 </north>
			<south> 44.3997686740811 </south>
			<east> 5.80102701754234 </east>
			<west> 5.79979998318523 </west>
		</LatLonAltBox>
		<Lod>
			<minLodPixels>100</minLodPixels>
			<maxLodPixels>-1</maxLodPixels>
		</Lod>
	</Region>
			<Polygon><altitudeMode>relativeToGround</altitudeMode>
				<outerBoundaryIs>
					<LinearRing>
						<coordinates>							5.79979998318523,44.3998189773993,0 5.79981416287092,44.3998440177187,0 5.79982339585873,44.3998401799429,0 5.79988291934694,44.3998091218197,0 5.7999082805761,44.3998062249757,0 5.79993382875637,44.3998071064882,0 5.799958434569741,44.3998117950785,0 5.79998287315991,44.3998207214046,0 5.80002274332339,44.3998368214861,0 5.800064958413049,44.3998495291679,0 5.800108877665979,44.3998585905215,0 5.80015399915271,44.399864018311,0 5.80019955662703,44.3998655618013,0 5.80024518254183,44.3998634104887,0 5.80026629970089,44.3998610718823,0 5.80037479723673,44.3998802902609,0 5.800518569764699,44.3999217603054,0 5.800547634280219,44.3999276864614,0 5.8005776544869,44.3999300754032,0 5.80060772975345,44.3999284996696,0 5.80063699061445,44.3999231615269,0 5.80066444212492,44.3999142664345,0 5.80068934030246,44.3999020134686,0 5.80078196427484,44.3998391272497,0 5.80080908541853,44.3998260971091,0 5.80083900638664,44.3998163284796,0 5.80087048573826,44.3998101231649,0 5.80090303046332,44.3998076738553,0 5.800935766659021,44.3998090928575,0 5.80096780261123,44.3998141326357,0 5.80098830328683,44.3998196460344,0 5.80102057446296,44.3998319758278,0 5.80102701754234,44.399807311703,0 5.80092769048879,44.3997829966457,0 5.80091082065405,44.3997746886355,0 5.80089148049368,44.399769776218,0 5.800871072550859,44.3997686740811,0 5.80085097265111,44.3997712571477,0 5.80083243559277,44.3997774934951,0 5.80082386570628,44.3997820350818,0 5.80068772323965,44.399871879733,0 5.80064162007595,44.3998948505202,0 5.80061076805468,44.3999010398095,0 5.80057898059871,44.3999035598419,0 5.800547001692689,44.3999022115427,0 5.80051571861113,44.3998971524904,0 5.80048613965609,44.3998884471112,0 5.80047704355112,44.3998848953742,0 5.80032933756266,44.3998401025102,0 5.80024492789519,44.3998201813371,0 5.80017747845297,44.3998332462616,0 5.80015051269015,44.3998367244233,0 5.80012323447713,44.3998364274079,0 5.80009651773057,44.3998322429141,0 5.800071509585141,44.3998245020634,0 5.800048976281339,44.3998134555915,0 5.800037412351871,44.3998057330965,0 5.80001470016501,44.3997936102771,0 5.799989262190591,44.3997847994499,0 5.79996186466103,44.3997795513482,0 5.79993351586519,44.3997779304011,0 5.799905362925159,44.3997802677311,0 5.79987827084355,44.3997862711167,0 5.79986455618659,44.399790943468,0 5.79979998318523,44.3998189773993,0 
						</coordinates>
					</LinearRing>
				</outerBoundaryIs>
			</Polygon>
		</Placemark>
		<Placemark id="parcelles-des-personnes-morales_05_groupe_personne_1.15660">
		<styleUrl>#ETAT</styleUrl>			<visibility>0</visibility>
			<ExtendedData>
				<SchemaData schemaUrl="#parcelles-des-personnes-morales_05_groupe_personne_1.schema">
					<SimpleData name="Numero de Parcelle">051650000E0752</SimpleData>
					<SimpleData name="Departement">05</SimpleData>
					<SimpleData name="Commune">SAVOURNON</SimpleData>
					<SimpleData name="Adresse">REVUERE</SimpleData>
					<SimpleData name="Groupe de personne">Etat</SimpleData>
					<SimpleData name="Forme Juridique Abregee">ETAT</SimpleData>
					<SimpleData name="Denomination">ETAT PAR DIRECTION DE L IMMOBILIER DE L ETAT</SimpleData>
				</SchemaData>
			</ExtendedData>
	<Region>
		<LatLonAltBox>
			<north> 44.3974949087876 </north>
			<south> 44.3934893778234 </south>
			<east> 5.788241858794649 </east>
			<west> 5.7795374369279 </west>
		</LatLonAltBox>
		<Lod>
			<minLodPixels>100</minLodPixels>
			<maxLodPixels>-1</maxLodPixels>
		</Lod>
	</Region>
			<Polygon><altitudeMode>relativeToGround</altitudeMode>
				<outerBoundaryIs>
					<LinearRing>
						<coordinates>							5.78656176995735,44.3972905922191,0 5.78641634039683,44.3972533798322,0 5.78596636234687,44.3970269740048,0 5.785743710717519,44.3969038032104,0 5.78567603858973,44.3968536332661,0 5.78561641319857,44.3967984857775,0 5.78558224440274,44.3967602584622,0 5.78548414669575,44.3965258473099,0 5.785396120157719,44.3962892897545,0 5.785347796246259,44.396144683468,0 5.78527790832374,44.3959039739408,0 5.78522185575426,44.3957810006642,0 5.78518229711824,44.3957276872172,0 5.78492272160443,44.3955484326992,0 5.78459250124385,44.3953810528241,0 5.78425630582627,44.3952198580589,0 5.78408098983378,44.3951393527937,0 5.783879753446369,44.395063105692,0 5.78341198932389,44.3949393733804,0 5.7829408869119,44.3947834772843,0 5.782647168304901,44.3946888490798,0 5.78234926991039,44.3946011713344,0 5.782082061212681,44.3945295609131,0 5.781628270290181,44.3941506509136,0 5.78130252813301,44.3938388512794,0 5.78097693672818,44.3937422318686,0 5.78061102878501,44.3936432071272,0 5.78018666620579,44.3935740305761,0 5.77976002776299,44.3935122058121,0 5.77958680287269,44.3934893778234,0 5.7795374369279,44.3935278245152,0 5.78044206988135,44.3936586438786,0 5.78061033810611,44.3936905129931,0 5.780906569335019,44.3937674285492,0 5.78126813249098,44.3938725970255,0 5.78148689587577,44.3940832454293,0 5.78173092220602,44.3943043340948,0 5.781879533988921,44.394426951457,0 5.782036054289681,44.3945443246746,0 5.78209019558108,44.394582588644,0 5.78248045704151,44.3946682928406,0 5.783443358867921,44.3949999201675,0 5.783908041701089,44.3951146328751,0 5.784180402928879,44.3952321362007,0 5.78444717355077,44.3953559953591,0 5.78470798163184,44.3954863098752,0 5.784878758837271,44.3955766569548,0 5.78508837188955,44.3957081756472,0 5.78517341453376,44.3957897023338,0 5.78522249374774,44.3959062766994,0 5.785330333702709,44.3962952777773,0 5.78542692021437,44.3965372934253,0 5.785539190341731,44.3967890905029,0 5.78562326981681,44.3968816302796,0 5.78585894688776,44.3970141996316,0 5.786101108404499,44.3971406595542,0 5.78634950338119,44.3972610163552,0 5.78642200351509,44.397294400113,0 5.78678801439372,44.3973820546894,0 5.78697794838942,44.3974096730335,0 5.787169773377691,44.3974297670712,0 5.78738375735576,44.3974431747238,0 5.787656415266399,44.3974949087876,0 5.787893288250159,44.3974781917153,0 5.788129031490629,44.3974538464828,0 5.78822213555369,44.3974413101558,0 5.788241858794649,44.3974055918297,0 5.78786885310175,44.3974437718662,0 5.78772385931427,44.3974511365788,0 5.78745484523948,44.3974147130121,0 5.78693064608114,44.397367545118,0 5.78680295129479,44.3973486195716,0 5.7866776582253,44.3973223371252,0 5.78656176995735,44.3972905922191,0 
						</coordinates>
					</LinearRing>
				</outerBoundaryIs>
			</Polygon>
		</Placemark>
		<Placemark id="parcelles-des-personnes-morales_05_groupe_personne_1.16175">
		<styleUrl>#ETAT</styleUrl>			<visibility>0</visibility>
			<ExtendedData>
				<SchemaData schemaUrl="#parcelles-des-personnes-morales_05_groupe_personne_1.schema">
					<SimpleData name="Numero de Parcelle">051650000C0008</SimpleData>
					<SimpleData name="Departement">05</SimpleData>
					<SimpleData name="Commune">SAVOURNON</SimpleData>
					<SimpleData name="Adresse">CLOT DU JOURRE</SimpleData>
					<SimpleData name="Groupe de personne">Etat</SimpleData>
					<SimpleData name="Forme Juridique Abregee">ETAT</SimpleData>
					<SimpleData name="Denomination">ETAT PAR DIRECTION DE L IMMOBILIER DE L ETAT</SimpleData>
				</SchemaData>
			</ExtendedData>
	<Region>
		<LatLonAltBox>
			<north> 44.4359180232691 </north>
			<south> 44.4357255465233 </south>
			<east> 5.83199424468263 </east>
			<west> 5.83139177887781 </west>
		</LatLonAltBox>
		<Lod>
			<minLodPixels>100</minLodPixels>
			<maxLodPixels>-1</maxLodPixels>
		</Lod>
	</Region>
			<Polygon><altitudeMode>relativeToGround</altitudeMode>
				<outerBoundaryIs>
					<LinearRing>
						<coordinates>							5.83139177887781,44.4358758782501,0 5.83140972972648,44.4359180232691,0 5.83148294394063,44.4358963245188,0 5.83169859933749,44.4358294388457,0 5.83191206959876,44.4357590959113,0 5.83199424468263,44.4357255465233,0 5.83177896259228,44.4357546809452,0 5.831634339795761,44.4357889346153,0 5.83142639983204,44.4358667913985,0 5.83139177887781,44.4358758782501,0 
						</coordinates>
					</LinearRing>
				</outerBoundaryIs>
			</Polygon>
		</Placemark>
		<Placemark id="parcelles-des-personnes-morales_05_groupe_personne_1.16636">
		<styleUrl>#ETAT</styleUrl>			<visibility>0</visibility>
			<ExtendedData>
				<SchemaData schemaUrl="#parcelles-des-personnes-morales_05_groupe_personne_1.schema">
					<SimpleData name="Numero de Parcelle">051650000E0837</SimpleData>
					<SimpleData name="Departement">05</SimpleData>
					<SimpleData name="Commune">SAVOURNON</SimpleData>
					<SimpleData name="Adresse">JUBIE</SimpleData>
					<SimpleData name="Groupe de personne">Etat</SimpleData>
					<SimpleData name="Forme Juridique Abregee">ETAT</SimpleData>
					<SimpleData name="Denomination">ETAT PAR DIRECTION DE L IMMOBILIER DE L ETAT</SimpleData>
				</SchemaData>
			</ExtendedData>
	<Region>
		<LatLonAltBox>
			<north> 44.4003521009365 </north>
			<south> 44.3998189773993 </south>
			<east> 5.79981416287092 </east>
			<west> 5.79521181045114 </west>
		</LatLonAltBox>
		<Lod>
			<minLodPixels>100</minLodPixels>
			<maxLodPixels>-1</maxLodPixels>
		</Lod>
	</Region>
			<Polygon><altitudeMode>relativeToGround</altitudeMode>
				<outerBoundaryIs>
					<LinearRing>
						<coordinates>							5.79522129429216,44.4000085537358,0 5.79521181045114,44.4000327542173,0 5.79529088390011,44.4000464194436,0 5.795617528281739,44.4001274788777,0 5.79586484914546,44.4001720001404,0 5.79621875205002,44.4002732627819,0 5.796602145048299,44.4003153171324,0 5.79685612098407,44.4003521009365,0 5.79687952479569,44.4003477232661,0 5.796901119481541,44.4003397885863,0 5.79691966800778,44.4003286886213,0 5.79693456519768,44.4003148891175,0 5.79694632284895,44.4002960351475,0 5.79698046175847,44.4002978700648,0 5.79701938438362,44.4003176883352,0 5.797048409688551,44.4003202836653,0 5.79711686007916,44.4002715259057,0 5.79716065603571,44.4002628469641,0 5.79736834753339,44.4002884653729,0 5.797622417805881,44.4001467180838,0 5.79771003253987,44.400127287488,0 5.79795917621473,44.4002035539425,0 5.79812642039543,44.4002115535067,0 5.79851113212741,44.400165925551,0 5.79882398172294,44.4001254558981,0 5.79889137752848,44.4001392352877,0 5.79902006252622,44.4001881166352,0 5.79903630745396,44.4001888745882,0 5.7990519845924,44.4001857737843,0 5.7990654849323,44.4001793055024,0 5.799075329397361,44.4001700477935,0 5.79908056308805,44.4001590157523,0 5.7990811557768,44.4001557580126,0 5.79906374762785,44.4001238639705,0 5.79906019407542,44.4001104431889,0 5.799061906278071,44.4000967984546,0 5.7990688121501,44.4000840124905,0 5.79908020775181,44.4000730940089,0 5.799095505726661,44.4000648686093,0 5.79910974023721,44.400060543436,0 5.79928505952491,44.4000819371291,0 5.799352846729269,44.4000655314287,0 5.799438434145661,44.400022911845,0 5.799520724191609,44.3999771333686,0 5.799564763187979,44.3999505225104,0 5.79981416287092,44.3998440177187,0 5.79979998318523,44.3998189773993,0 5.79977391101784,44.3998303592734,0 5.79957798631028,44.3999155977648,0 5.79940141273589,44.4000110626764,0 5.79931329876205,44.4000508640985,0 5.799277835741661,44.4000552786932,0 5.79924180491435,44.400055834523,0 5.79920608910409,44.4000525992153,0 5.799171445653569,44.4000456435892,0 5.799150792891861,44.4000395932758,0 5.7990382925993,44.4000486686799,0 5.7990142243262,44.4000700877301,0 5.79905041914021,44.4001642858529,0 5.79897508414317,44.400157644114,0 5.798884428916199,44.4001079760509,0 5.7988285880724,44.4001017393593,0 5.79857671008777,44.4001251663931,0 5.79842352147625,44.4001498674647,0 5.79826913758858,44.4001707255118,0 5.798076674925681,44.4001913801687,0 5.79789888100785,44.4001605896585,0 5.797711930527531,44.400097064421,0 5.79767764844342,44.4000948730748,0 5.79764455956727,44.4001015687358,0 5.7974587978679,44.4002018577072,0 5.79737833249699,44.4002286726673,0 5.79729183384817,44.4002351039619,0 5.79714917711902,44.4002212541439,0 5.797042934643361,44.400270521704,0 5.796954853446879,44.4002551049287,0 5.79692960800859,44.4002705184438,0 5.79689751992899,44.4003076334999,0 5.79686198743951,44.400328442561,0 5.796711975083599,44.400295413105,0 5.796376051158361,44.4002605303298,0 5.79621029669437,44.400236907458,0 5.79589171480176,44.4001512313603,0 5.79576659115823,44.4001235134682,0 5.795639763198031,44.4000994416776,0 5.79557325889412,44.4000884299777,0 5.79533417989073,44.400022531414,0 5.79522129429216,44.4000085537358,0 
						</coordinates>
					</LinearRing>
				</outerBoundaryIs>
			</Polygon>
		</Placemark>
		<Placemark id="parcelles-des-personnes-morales_05_groupe_personne_1.16644">
		<styleUrl>#ETAT</styleUrl>			<visibility>0</visibility>
			<ExtendedData>
				<SchemaData schemaUrl="#parcelles-des-personnes-morales_05_groupe_personne_1.schema">
					<SimpleData name="Numero de Parcelle">051650000E0838</SimpleData>
					<SimpleData name="Departement">05</SimpleData>
					<SimpleData name="Commune">SAVOURNON</SimpleData>
					<SimpleData name="Adresse">JUBIE</SimpleData>
					<SimpleData name="Groupe de personne">Etat</SimpleData>
					<SimpleData name="Forme Juridique Abregee">ETAT</SimpleData>
					<SimpleData name="Denomination">ETAT PAR DIRECTION DE L IMMOBILIER DE L ETAT</SimpleData>
				</SchemaData>
			</ExtendedData>
	<Region>
		<LatLonAltBox>
			<north> 44.4000480025495 </north>
			<south> 44.3999294301836 </south>
			<east> 5.79522129429216 </east>
			<west> 5.79447632210977 </west>
		</LatLonAltBox>
		<Lod>
			<minLodPixels>100</minLodPixels>
			<maxLodPixels>-1</maxLodPixels>
		</Lod>
	</Region>
			<Polygon><altitudeMode>relativeToGround</altitudeMode>
				<outerBoundaryIs>
					<LinearRing>
						<coordinates>							5.79452738067963,44.3999294301836,0 5.79447632210977,44.4000480025495,0 5.794591791966071,44.3999921981106,0 5.794716510832081,44.3999583169669,0 5.794863865791729,44.3999757436664,0 5.79501028258202,44.3999970671718,0 5.79515537145778,44.4000220271611,0 5.79521181045114,44.4000327542173,0 5.79522129429216,44.4000085537358,0 5.795067957101409,44.3999895679806,0 5.79477792956618,44.3999350500033,0 5.79459728146419,44.3999405364365,0 5.79452738067963,44.3999294301836,0 
						</coordinates>
					</LinearRing>
				</outerBoundaryIs>
			</Polygon>
		</Placemark>
		<Placemark id="parcelles-des-personnes-morales_05_groupe_personne_1.17201">
		<styleUrl>#ETAT</styleUrl>			<visibility>0</visibility>
			<ExtendedData>
				<SchemaData schemaUrl="#parcelles-des-personnes-morales_05_groupe_personne_1.schema">
					<SimpleData name="Numero de Parcelle">051650000C0009</SimpleData>
					<SimpleData name="Departement">05</SimpleData>
					<SimpleData name="Commune">SAVOURNON</SimpleData>
					<SimpleData name="Adresse">CLOT DU JOURRE</SimpleData>
					<SimpleData name="Groupe de personne">Etat</SimpleData>
					<SimpleData name="Forme Juridique Abregee">ETAT</SimpleData>
					<SimpleData name="Denomination">ETAT PAR DIRECTION DE L IMMOBILIER DE L ETAT</SimpleData>
				</SchemaData>
			</ExtendedData>
	<Region>
		<LatLonAltBox>
			<north> 44.4362105886591 </north>
			<south> 44.4357363164867 </south>
			<east> 5.83256969541563 </east>
			<west> 5.831416056609441 </west>
		</LatLonAltBox>
		<Lod>
			<minLodPixels>100</minLodPixels>
			<maxLodPixels>-1</maxLodPixels>
		</Lod>
	</Region>
			<Polygon><altitudeMode>relativeToGround</altitudeMode>
				<outerBoundaryIs>
					<LinearRing>
						<coordinates>							5.831487535441889,44.4360959972107,0 5.83158593544584,44.4361027458989,0 5.831707664714979,44.4361184429785,0 5.83177111824147,44.4361227569553,0 5.83192100830386,44.4361359283636,0 5.83207020874225,44.4361529005328,0 5.83211169790729,44.4361554369815,0 5.832282206870001,44.4361686182748,0 5.832452142791079,44.4361854171209,0 5.83256969541563,44.4362105886591,0 5.83249851606517,44.4361348625614,0 5.83234382463883,44.4359957075794,0 5.8321931602621,44.4358541068725,0 5.83207285605276,44.4357363164867,0 5.83203068710151,44.4357402830503,0 5.83187344295255,44.4358011639874,0 5.831416056609441,44.4359364165053,0 5.831487535441889,44.4360959972107,0 
						</coordinates>
					</LinearRing>
				</outerBoundaryIs>
			</Polygon>
		</Placemark>
</Document></Document></kml>