<?xml version="1.0" encoding="UTF-8"?>
<kml xmlns="http://www.opengis.net/kml/2.2" xmlns:gx="http://www.google.com/kml/ext/2.2" xmlns:kml="http://www.opengis.net/kml/2.2" xmlns:atom="http://www.w3.org/2005/Atom">
<Document id="root_doc">
	<name>LA ROCHE DES ARNAUDS_PUBLICorASSOCIE</name>
	<visibility>0</visibility>
	<atom:link rel="app" href="https://www.google.com/earth/about/versions/#earth-pro" title="Google Earth Pro 7.3.6.10201"></atom:link>
	<Document id="parcelles-des-personnes-morales_05_groupe_personne_9">
		<name>LA ROCHE DES ARNAUDS_PUBLICorASSOCIE</name>
		<visibility>0</visibility>
		<Schema name="LA ROCHE DES ARNAUDS_PUBLICorASSOCIE" id="LA ROCHE DES ARNAUDS_PUBLICorASSOCIE.schema">
			<SimpleField type="string" name="Numero de Parcelle"></SimpleField>
			<SimpleField type="string" name="Departement"></SimpleField>
			<SimpleField type="string" name="Commune"></SimpleField>
			<SimpleField type="string" name="Adresse"></SimpleField>
			<SimpleField type="string" name="Groupe de personne"></SimpleField>
			<SimpleField type="string" name="Forme Juridique Abregee"></SimpleField>
			<SimpleField type="string" name="Denomination"></SimpleField>
		</Schema>
		<Style id="PUBLICorASSOCIE">
			<LineStyle>
				<color>BFdb2105</color>
				<width>1.5</width>
			</LineStyle>
			<PolyStyle>
				<color>4Cdb2105</color>
				<fill>1</fill>
				<outline>1</outline>
			</PolyStyle>
		</Style>
		<Placemark id="parcelles-des-personnes-morales_05_groupe_personne_9.48">
		<styleUrl>#PUBLICorASSOCIE</styleUrl>			<visibility>0</visibility>
			<ExtendedData>
				<SchemaData schemaUrl="#parcelles-des-personnes-morales_05_groupe_personne_9.schema">
					<SimpleData name="Numero de Parcelle">051230000C0313</SimpleData>
					<SimpleData name="Departement">05</SimpleData>
					<SimpleData name="Commune">LA ROCHE DES ARNAUDS</SimpleData>
					<SimpleData name="Adresse">CLOT DE FARUS</SimpleData>
					<SimpleData name="Groupe de personne">Etablissements publics ou organismes associes</SimpleData>
					<SimpleData name="Forme Juridique Abregee">ASS</SimpleData>
					<SimpleData name="Denomination">ASA DU CANAL DE GAP</SimpleData>
				</SchemaData>
			</ExtendedData>
	<Region>
		<LatLonAltBox>
			<north> 44.5619716609834 </north>
			<south> 44.5608149605818 </south>
			<east> 6.00381422970293 </east>
			<west> 6.00209648488757 </west>
		</LatLonAltBox>
		<Lod>
			<minLodPixels>100</minLodPixels>
			<maxLodPixels>-1</maxLodPixels>
		</Lod>
	</Region>
			<Polygon><altitudeMode>relativeToGround</altitudeMode>
				<outerBoundaryIs>
					<LinearRing>
						<coordinates>							6.0027578644996,44.5608260712803,0 6.00209648488757,44.5608149605818,0 6.002171630902169,44.5612657942324,0 6.002270258078621,44.5615871620925,0 6.00238623277825,44.5619716609834,0 6.00251494143328,44.5619513137928,0 6.003103007527719,44.5618087428877,0 6.00325315541089,44.5617697937895,0 6.00370168000654,44.5616382228501,0 6.00381422970293,44.5615984040986,0 6.003806305332551,44.5611370934997,0 6.00378759564563,44.5609915682546,0 6.003523142503401,44.5609804756369,0 6.00294377283249,44.5609050673119,0 6.00276711573085,44.5608957286954,0 6.0027578644996,44.5608260712803,0 
						</coordinates>
					</LinearRing>
				</outerBoundaryIs>
			</Polygon>
		</Placemark>
		<Placemark id="parcelles-des-personnes-morales_05_groupe_personne_9.59">
		<styleUrl>#PUBLICorASSOCIE</styleUrl>			<visibility>0</visibility>
			<ExtendedData>
				<SchemaData schemaUrl="#parcelles-des-personnes-morales_05_groupe_personne_9.schema">
					<SimpleData name="Numero de Parcelle">051230000C0512</SimpleData>
					<SimpleData name="Departement">05</SimpleData>
					<SimpleData name="Commune">LA ROCHE DES ARNAUDS</SimpleData>
					<SimpleData name="Adresse">CHATELAR</SimpleData>
					<SimpleData name="Groupe de personne">Etablissements publics ou organismes associes</SimpleData>
					<SimpleData name="Forme Juridique Abregee">ASS</SimpleData>
					<SimpleData name="Denomination">ASA DU CANAL DE GAP</SimpleData>
				</SchemaData>
			</ExtendedData>
	<Region>
		<LatLonAltBox>
			<north> 44.5603493293694 </north>
			<south> 44.5581856002279 </south>
			<east> 5.981916835229739 </east>
			<west> 5.976061816492759 </west>
		</LatLonAltBox>
		<Lod>
			<minLodPixels>100</minLodPixels>
			<maxLodPixels>-1</maxLodPixels>
		</Lod>
	</Region>
			<Polygon><altitudeMode>relativeToGround</altitudeMode>
				<outerBoundaryIs>
					<LinearRing>
						<coordinates>							5.97870966890438,44.5596900497972,0 5.97884389500729,44.5598314694043,0 5.978898221273021,44.5598747771268,0 5.9790898576536,44.5599770805826,0 5.97911457191213,44.5599869539158,0 5.97918984001161,44.5600140210519,0 5.9792673183897,44.5600376051458,0 5.97986738968911,44.5601074427239,0 5.98020426436501,44.5601730317126,0 5.98061166060494,44.56026167,0 5.98097518468886,44.5603450952813,0 5.981008547979579,44.5603493293694,0 5.981007515493521,44.5602057569353,0 5.98103924401158,44.5601337306001,0 5.98106275059523,44.5601016551022,0 5.98130626793884,44.5599838200812,0 5.98154250841365,44.5599190627185,0 5.98172079905915,44.5598831667811,0 5.981916835229739,44.5598778715829,0 5.98186769168854,44.5595726294352,0 5.98175497056879,44.5590537942696,0 5.98109747539905,44.5591251543535,0 5.98041425236456,44.5591674760807,0 5.98012926472079,44.55907264999,0 5.979819719059591,44.5589040734788,0 5.979558094122819,44.5588078045478,0 5.97926668276738,44.5586843215917,0 5.97927686910511,44.5586505339784,0 5.978724469413681,44.5585000399076,0 5.978164941167959,44.5583433392473,0 5.97796655767046,44.5582921160876,0 5.97782511230659,44.5582740404494,0 5.97773486250378,44.5582447640696,0 5.9776379014463,44.5582196325134,0 5.97717620172301,44.5581856002279,0 5.9765221238195,44.5582093647522,0 5.976061816492759,44.5582829451315,0 5.976273090647419,44.5585547192877,0 5.97630972481713,44.5588025539725,0 5.976398571808979,44.5589700640025,0 5.97674390739627,44.5589072401625,0 5.97695350400837,44.5588796066053,0 5.97708281985127,44.5588731462829,0 5.977212460833509,44.5588704607275,0 5.977295767845581,44.5588708264494,0 5.97753877067651,44.5588936408338,0 5.97771956256177,44.5588860615537,0 5.9777757534708,44.5588835548443,0 5.977777284782499,44.5588767569492,0 5.977849647553309,44.558875075192,0 5.97785065858307,44.5589133352507,0 5.977784425494349,44.5589165633269,0 5.97778146917597,44.5589870917645,0 5.97772315105212,44.5589874937468,0 5.977721814019841,44.5590314025902,0 5.97812769064595,44.5591081990648,0 5.97822365634416,44.5591383119336,0 5.978316837396891,44.5591753465299,0 5.97842345567577,44.5592234596647,0 5.97864069915111,44.559545968403,0 5.97870966890438,44.5596900497972,0 
						</coordinates>
					</LinearRing>
				</outerBoundaryIs>
			</Polygon>
		</Placemark>
		<Placemark id="parcelles-des-personnes-morales_05_groupe_personne_9.68">
		<styleUrl>#PUBLICorASSOCIE</styleUrl>			<visibility>0</visibility>
			<ExtendedData>
				<SchemaData schemaUrl="#parcelles-des-personnes-morales_05_groupe_personne_9.schema">
					<SimpleData name="Numero de Parcelle">051230000E0672</SimpleData>
					<SimpleData name="Departement">05</SimpleData>
					<SimpleData name="Commune">LA ROCHE DES ARNAUDS</SimpleData>
					<SimpleData name="Adresse">CHAMP DE BOUTI</SimpleData>
					<SimpleData name="Groupe de personne">Etablissements publics ou organismes associes</SimpleData>
					<SimpleData name="Forme Juridique Abregee">SA</SimpleData>
					<SimpleData name="Denomination">SOCIETE NATIONALE SNCF</SimpleData>
				</SchemaData>
			</ExtendedData>
	<Region>
		<LatLonAltBox>
			<north> 44.5615700390109 </north>
			<south> 44.5613752911504 </south>
			<east> 5.935918629716009 </east>
			<west> 5.9354529521353 </west>
		</LatLonAltBox>
		<Lod>
			<minLodPixels>100</minLodPixels>
			<maxLodPixels>-1</maxLodPixels>
		</Lod>
	</Region>
			<Polygon><altitudeMode>relativeToGround</altitudeMode>
				<outerBoundaryIs>
					<LinearRing>
						<coordinates>							5.935474155284621,44.5613752911504,0 5.9354529521353,44.5615344966108,0 5.935918629716009,44.5615700390109,0 5.935918265600099,44.5614225776771,0 5.935474155284621,44.5613752911504,0 
						</coordinates>
					</LinearRing>
				</outerBoundaryIs>
			</Polygon>
		</Placemark>
		<Placemark id="parcelles-des-personnes-morales_05_groupe_personne_9.137">
		<styleUrl>#PUBLICorASSOCIE</styleUrl>			<visibility>0</visibility>
			<ExtendedData>
				<SchemaData schemaUrl="#parcelles-des-personnes-morales_05_groupe_personne_9.schema">
					<SimpleData name="Numero de Parcelle">05123000AB0103</SimpleData>
					<SimpleData name="Departement">05</SimpleData>
					<SimpleData name="Commune">LA ROCHE DES ARNAUDS</SimpleData>
					<SimpleData name="Adresse">PRE ROUBERT</SimpleData>
					<SimpleData name="Groupe de personne">Etablissements publics ou organismes associes</SimpleData>
					<SimpleData name="Forme Juridique Abregee">SA</SimpleData>
					<SimpleData name="Denomination">SOCIETE NATIONALE SNCF</SimpleData>
				</SchemaData>
			</ExtendedData>
	<Region>
		<LatLonAltBox>
			<north> 44.5599046389611 </north>
			<south> 44.5593441403888 </south>
			<east> 5.953155268742001 </east>
			<west> 5.95253976600487 </west>
		</LatLonAltBox>
		<Lod>
			<minLodPixels>100</minLodPixels>
			<maxLodPixels>-1</maxLodPixels>
		</Lod>
	</Region>
			<Polygon><altitudeMode>relativeToGround</altitudeMode>
				<outerBoundaryIs>
					<LinearRing>
						<coordinates>							5.953155268742001,44.5593441403888,0 5.95253976600487,44.5598381544305,0 5.952561122764419,44.5598441595589,0 5.95275530849503,44.5599046389611,0 5.95312908330982,44.5593806954355,0 5.953155268742001,44.5593441403888,0 
						</coordinates>
					</LinearRing>
				</outerBoundaryIs>
			</Polygon>
		</Placemark>
		<Placemark id="parcelles-des-personnes-morales_05_groupe_personne_9.153">
		<styleUrl>#PUBLICorASSOCIE</styleUrl>			<visibility>0</visibility>
			<ExtendedData>
				<SchemaData schemaUrl="#parcelles-des-personnes-morales_05_groupe_personne_9.schema">
					<SimpleData name="Numero de Parcelle">05123000AB0104</SimpleData>
					<SimpleData name="Departement">05</SimpleData>
					<SimpleData name="Commune">LA ROCHE DES ARNAUDS</SimpleData>
					<SimpleData name="Adresse">PRE ROUBERT</SimpleData>
					<SimpleData name="Groupe de personne">Etablissements publics ou organismes associes</SimpleData>
					<SimpleData name="Forme Juridique Abregee">SA</SimpleData>
					<SimpleData name="Denomination">SOCIETE NATIONALE SNCF</SimpleData>
				</SchemaData>
			</ExtendedData>
	<Region>
		<LatLonAltBox>
			<north> 44.5603132563181 </north>
			<south> 44.5591570662684 </south>
			<east> 5.95314107038861 </east>
			<west> 5.951535997216229 </west>
		</LatLonAltBox>
		<Lod>
			<minLodPixels>100</minLodPixels>
			<maxLodPixels>-1</maxLodPixels>
		</Lod>
	</Region>
			<Polygon><altitudeMode>relativeToGround</altitudeMode>
				<outerBoundaryIs>
					<LinearRing>
						<coordinates>							5.95293165338288,44.5591570662684,0 5.952314088234991,44.5596550079165,0 5.95224012394533,44.5597176143835,0 5.952106629988241,44.5598104603478,0 5.951974837234451,44.559904521866,0 5.95185527855543,44.5599915896645,0 5.951539140295711,44.5601603069597,0 5.951535997216229,44.5601748949633,0 5.95163398377768,44.5602631726367,0 5.95165593474741,44.5602829453309,0 5.95169691178607,44.5603075244231,0 5.95173186279512,44.5603132563181,0 5.952104987267761,44.5600608554252,0 5.95218925589761,44.5599977032311,0 5.95248538318222,44.5598174475835,0 5.95314107038861,44.559294341872,0 5.95305691374621,44.5592392078769,0 5.95293165338288,44.5591570662684,0 
						</coordinates>
					</LinearRing>
				</outerBoundaryIs>
			</Polygon>
		</Placemark>
		<Placemark id="parcelles-des-personnes-morales_05_groupe_personne_9.161">
		<styleUrl>#PUBLICorASSOCIE</styleUrl>			<visibility>0</visibility>
			<ExtendedData>
				<SchemaData schemaUrl="#parcelles-des-personnes-morales_05_groupe_personne_9.schema">
					<SimpleData name="Numero de Parcelle">05123000AB0105</SimpleData>
					<SimpleData name="Departement">05</SimpleData>
					<SimpleData name="Commune">LA ROCHE DES ARNAUDS</SimpleData>
					<SimpleData name="Adresse">PRE ROUBERT</SimpleData>
					<SimpleData name="Groupe de personne">Etablissements publics ou organismes associes</SimpleData>
					<SimpleData name="Forme Juridique Abregee">SA</SimpleData>
					<SimpleData name="Denomination">SOCIETE NATIONALE SNCF</SimpleData>
				</SchemaData>
			</ExtendedData>
	<Region>
		<LatLonAltBox>
			<north> 44.5601561843382 </north>
			<south> 44.5599493790589 </south>
			<east> 5.9524409329525 </east>
			<west> 5.9521427857014 </west>
		</LatLonAltBox>
		<Lod>
			<minLodPixels>100</minLodPixels>
			<maxLodPixels>-1</maxLodPixels>
		</Lod>
	</Region>
			<Polygon><altitudeMode>relativeToGround</altitudeMode>
				<outerBoundaryIs>
					<LinearRing>
						<coordinates>							5.9523456181162,44.5599493790589,0 5.952205098176871,44.5600283595057,0 5.9521427857014,44.5600848887448,0 5.95243783684421,44.5601561843382,0 5.9524409329525,44.5601503359783,0 5.9523922019404,44.5600016447609,0 5.95235883753574,44.5599636195766,0 5.952352803462309,44.5599566640966,0 5.9523456181162,44.5599493790589,0 
						</coordinates>
					</LinearRing>
				</outerBoundaryIs>
			</Polygon>
		</Placemark>
		<Placemark id="parcelles-des-personnes-morales_05_groupe_personne_9.188">
		<styleUrl>#PUBLICorASSOCIE</styleUrl>			<visibility>0</visibility>
			<ExtendedData>
				<SchemaData schemaUrl="#parcelles-des-personnes-morales_05_groupe_personne_9.schema">
					<SimpleData name="Numero de Parcelle">051230000E1077</SimpleData>
					<SimpleData name="Departement">05</SimpleData>
					<SimpleData name="Commune">LA ROCHE DES ARNAUDS</SimpleData>
					<SimpleData name="Adresse">LES VERNES</SimpleData>
					<SimpleData name="Groupe de personne">Etablissements publics ou organismes associes</SimpleData>
					<SimpleData name="Forme Juridique Abregee">SA</SimpleData>
					<SimpleData name="Denomination">SOCIETE NATIONALE SNCF</SimpleData>
				</SchemaData>
			</ExtendedData>
	<Region>
		<LatLonAltBox>
			<north> 44.5606563993002 </north>
			<south> 44.5606224772612 </south>
			<east> 5.919914584799149 </east>
			<west> 5.91986336739372 </west>
		</LatLonAltBox>
		<Lod>
			<minLodPixels>100</minLodPixels>
			<maxLodPixels>-1</maxLodPixels>
		</Lod>
	</Region>
			<Polygon><altitudeMode>relativeToGround</altitudeMode>
				<outerBoundaryIs>
					<LinearRing>
						<coordinates>							5.919914584799149,44.5606410499419,0 5.91989812536348,44.5606224772612,0 5.91986336739372,44.5606350176094,0 5.91988602032559,44.5606563993002,0 5.919914584799149,44.5606410499419,0 
						</coordinates>
					</LinearRing>
				</outerBoundaryIs>
			</Polygon>
		</Placemark>
		<Placemark id="parcelles-des-personnes-morales_05_groupe_personne_9.200">
		<styleUrl>#PUBLICorASSOCIE</styleUrl>			<visibility>0</visibility>
			<ExtendedData>
				<SchemaData schemaUrl="#parcelles-des-personnes-morales_05_groupe_personne_9.schema">
					<SimpleData name="Numero de Parcelle">051230000E1084</SimpleData>
					<SimpleData name="Departement">05</SimpleData>
					<SimpleData name="Commune">LA ROCHE DES ARNAUDS</SimpleData>
					<SimpleData name="Adresse">SOUS LES BARRETS</SimpleData>
					<SimpleData name="Groupe de personne">Etablissements publics ou organismes associes</SimpleData>
					<SimpleData name="Forme Juridique Abregee">SA</SimpleData>
					<SimpleData name="Denomination">SOCIETE NATIONALE SNCF</SimpleData>
				</SchemaData>
			</ExtendedData>
	<Region>
		<LatLonAltBox>
			<north> 44.5601472019424 </north>
			<south> 44.5595427204265 </south>
			<east> 5.929808205527901 </east>
			<west> 5.92141036987127 </west>
		</LatLonAltBox>
		<Lod>
			<minLodPixels>100</minLodPixels>
			<maxLodPixels>-1</maxLodPixels>
		</Lod>
	</Region>
			<Polygon><altitudeMode>relativeToGround</altitudeMode>
				<outerBoundaryIs>
					<LinearRing>
						<coordinates>							5.92975463394365,44.5601472019424,0 5.9297719740304,44.5600977350572,0 5.929808205527901,44.5599947062451,0 5.92856539197476,44.5597727403893,0 5.92754457165118,44.5597201807402,0 5.92649802797372,44.5596623479775,0 5.92473721805567,44.5595637946952,0 5.923536470940859,44.5595427204265,0 5.92273961373078,44.5596370602687,0 5.921881147809451,44.5597850943783,0 5.92142259104869,44.5599109183296,0 5.92141036987127,44.5599669145684,0 5.9214299420584,44.5600066648239,0 5.92144954221845,44.56004695485,0 5.921478403081079,44.5600689827019,0 5.921568702533,44.5600510982647,0 5.92198827137759,44.5599412598847,0 5.92282119155822,44.55978164972,0 5.923582208323039,44.5597105096484,0 5.924320943423471,44.559700582129,0 5.92476611650802,44.5597275253695,0 5.925211858447991,44.5597508483285,0 5.92532199139912,44.5597558574913,0 5.92646589490718,44.5598202191529,0 5.92717014729459,44.5598499235695,0 5.92818776680229,44.5598893290306,0 5.928470712560729,44.5599198397107,0 5.92899709913961,44.5599795648571,0 5.92975463394365,44.5601472019424,0 
						</coordinates>
					</LinearRing>
				</outerBoundaryIs>
			</Polygon>
		</Placemark>
		<Placemark id="parcelles-des-personnes-morales_05_groupe_personne_9.215">
		<styleUrl>#PUBLICorASSOCIE</styleUrl>			<visibility>0</visibility>
			<ExtendedData>
				<SchemaData schemaUrl="#parcelles-des-personnes-morales_05_groupe_personne_9.schema">
					<SimpleData name="Numero de Parcelle">051230000E1091</SimpleData>
					<SimpleData name="Departement">05</SimpleData>
					<SimpleData name="Commune">LA ROCHE DES ARNAUDS</SimpleData>
					<SimpleData name="Adresse">SOUS LES BARRETS</SimpleData>
					<SimpleData name="Groupe de personne">Etablissements publics ou organismes associes</SimpleData>
					<SimpleData name="Forme Juridique Abregee">SA</SimpleData>
					<SimpleData name="Denomination">SOCIETE NATIONALE SNCF</SimpleData>
				</SchemaData>
			</ExtendedData>
	<Region>
		<LatLonAltBox>
			<north> 44.5600151689567 </north>
			<south> 44.5598499235695 </south>
			<east> 5.92818776680229 </east>
			<west> 5.927112506659889 </west>
		</LatLonAltBox>
		<Lod>
			<minLodPixels>100</minLodPixels>
			<maxLodPixels>-1</maxLodPixels>
		</Lod>
	</Region>
			<Polygon><altitudeMode>relativeToGround</altitudeMode>
				<outerBoundaryIs>
					<LinearRing>
						<coordinates>							5.92717014729459,44.5598499235695,0 5.92714711903356,44.5598942257512,0 5.927112506659889,44.5599605457416,0 5.92746677108144,44.5600129505656,0 5.928123609627381,44.5600151689567,0 5.92818776680229,44.5598893290306,0 5.92717014729459,44.5598499235695,0 
						</coordinates>
					</LinearRing>
				</outerBoundaryIs>
			</Polygon>
		</Placemark>
		<Placemark id="parcelles-des-personnes-morales_05_groupe_personne_9.217">
		<styleUrl>#PUBLICorASSOCIE</styleUrl>			<visibility>0</visibility>
			<ExtendedData>
				<SchemaData schemaUrl="#parcelles-des-personnes-morales_05_groupe_personne_9.schema">
					<SimpleData name="Numero de Parcelle">051230000D1097</SimpleData>
					<SimpleData name="Departement">05</SimpleData>
					<SimpleData name="Commune">LA ROCHE DES ARNAUDS</SimpleData>
					<SimpleData name="Adresse">LE FOREST DE SOUSCON</SimpleData>
					<SimpleData name="Groupe de personne">Etablissements publics ou organismes associes</SimpleData>
					<SimpleData name="Forme Juridique Abregee">ASS</SimpleData>
					<SimpleData name="Denomination">ASA DU CANAL DE GAP</SimpleData>
				</SchemaData>
			</ExtendedData>
	<Region>
		<LatLonAltBox>
			<north> 44.5580843418299 </north>
			<south> 44.5562691985454 </south>
			<east> 5.99680345861647 </east>
			<west> 5.99413174332021 </west>
		</LatLonAltBox>
		<Lod>
			<minLodPixels>100</minLodPixels>
			<maxLodPixels>-1</maxLodPixels>
		</Lod>
	</Region>
			<Polygon><altitudeMode>relativeToGround</altitudeMode>
				<outerBoundaryIs>
					<LinearRing>
						<coordinates>							5.99680345861647,44.5563583089635,0 5.99539629063813,44.556305693765,0 5.99499280522059,44.5562906965721,0 5.99495998305914,44.5562895150784,0 5.99441711407807,44.5562691985454,0 5.99437627444622,44.5566321917623,0 5.99437214540132,44.5568796867203,0 5.99436709215176,44.5569411740523,0 5.994163340382331,44.5575726357209,0 5.99413174332021,44.5577607867525,0 5.99470451633584,44.5580309201137,0 5.99499447050144,44.558028999398,0 5.99532042509809,44.5580311460277,0 5.99608261296359,44.5580715417765,0 5.99648725495726,44.5580843418299,0 5.99651660161939,44.557920394727,0 5.99659559707353,44.5574765458934,0 5.99663535165059,44.5572428579393,0 5.9967331328074,44.5566687715508,0 5.99678591560087,44.55667094213,0 5.99680345861647,44.5563583089635,0 
						</coordinates>
					</LinearRing>
				</outerBoundaryIs>
			</Polygon>
		</Placemark>
		<Placemark id="parcelles-des-personnes-morales_05_groupe_personne_9.218">
		<styleUrl>#PUBLICorASSOCIE</styleUrl>			<visibility>0</visibility>
			<ExtendedData>
				<SchemaData schemaUrl="#parcelles-des-personnes-morales_05_groupe_personne_9.schema">
					<SimpleData name="Numero de Parcelle">051230000D1098</SimpleData>
					<SimpleData name="Departement">05</SimpleData>
					<SimpleData name="Commune">LA ROCHE DES ARNAUDS</SimpleData>
					<SimpleData name="Adresse">LE FOREST DE SOUSCON</SimpleData>
					<SimpleData name="Groupe de personne">Etablissements publics ou organismes associes</SimpleData>
					<SimpleData name="Forme Juridique Abregee">ASS</SimpleData>
					<SimpleData name="Denomination">ASA DU CANAL DE GAP</SimpleData>
				</SchemaData>
			</ExtendedData>
	<Region>
		<LatLonAltBox>
			<north> 44.5563583089635 </north>
			<south> 44.5554509779731 </south>
			<east> 5.99682524421555 </east>
			<west> 5.99441711407807 </west>
		</LatLonAltBox>
		<Lod>
			<minLodPixels>100</minLodPixels>
			<maxLodPixels>-1</maxLodPixels>
		</Lod>
	</Region>
			<Polygon><altitudeMode>relativeToGround</altitudeMode>
				<outerBoundaryIs>
					<LinearRing>
						<coordinates>							5.99680345861647,44.5563583089635,0 5.99682524421555,44.5560330383373,0 5.99655344866753,44.555982850458,0 5.99618417895076,44.5558884617201,0 5.99588765410326,44.5557948901969,0 5.99574823568607,44.5557509271348,0 5.99526103999137,44.5555664041437,0 5.99524200872611,44.5555591729518,0 5.99495642884026,44.5554509779731,0 5.99465552086152,44.5557899467278,0 5.994484949823939,44.5559994352576,0 5.99447473828323,44.5560278198727,0 5.99445036918455,44.5561075786135,0 5.99443108518724,44.5561881903771,0 5.99441711407807,44.5562691985454,0 5.99495998305914,44.5562895150784,0 5.99499280522059,44.5562906965721,0 5.99539629063813,44.556305693765,0 5.99680345861647,44.5563583089635,0 
						</coordinates>
					</LinearRing>
				</outerBoundaryIs>
			</Polygon>
		</Placemark>
		<Placemark id="parcelles-des-personnes-morales_05_groupe_personne_9.219">
		<styleUrl>#PUBLICorASSOCIE</styleUrl>			<visibility>0</visibility>
			<ExtendedData>
				<SchemaData schemaUrl="#parcelles-des-personnes-morales_05_groupe_personne_9.schema">
					<SimpleData name="Numero de Parcelle">051230000D1099</SimpleData>
					<SimpleData name="Departement">05</SimpleData>
					<SimpleData name="Commune">LA ROCHE DES ARNAUDS</SimpleData>
					<SimpleData name="Adresse">CHAMP LA PIERRE</SimpleData>
					<SimpleData name="Groupe de personne">Etablissements publics ou organismes associes</SimpleData>
					<SimpleData name="Forme Juridique Abregee">ASS</SimpleData>
					<SimpleData name="Denomination">ASA DU CANAL DE GAP</SimpleData>
				</SchemaData>
			</ExtendedData>
	<Region>
		<LatLonAltBox>
			<north> 44.557757451777 </north>
			<south> 44.5563798959819 </south>
			<east> 6.0010364192624 </east>
			<west> 6.00032837923495 </west>
		</LatLonAltBox>
		<Lod>
			<minLodPixels>100</minLodPixels>
			<maxLodPixels>-1</maxLodPixels>
		</Lod>
	</Region>
			<Polygon><altitudeMode>relativeToGround</altitudeMode>
				<outerBoundaryIs>
					<LinearRing>
						<coordinates>							6.00039445886886,44.5564516568565,0 6.00032837923495,44.5565880455254,0 6.000416710310659,44.5572350943293,0 6.0004821590477,44.557757451777,0 6.0010364192624,44.5576622957842,0 6.00103335147432,44.556988605171,0 6.00103165447898,44.5566534310111,0 6.000429450907409,44.5563798959819,0 6.00039445886886,44.5564516568565,0 
						</coordinates>
					</LinearRing>
				</outerBoundaryIs>
			</Polygon>
		</Placemark>
		<Placemark id="parcelles-des-personnes-morales_05_groupe_personne_9.230">
		<styleUrl>#PUBLICorASSOCIE</styleUrl>			<visibility>0</visibility>
			<ExtendedData>
				<SchemaData schemaUrl="#parcelles-des-personnes-morales_05_groupe_personne_9.schema">
					<SimpleData name="Numero de Parcelle">051230000D1100</SimpleData>
					<SimpleData name="Departement">05</SimpleData>
					<SimpleData name="Commune">LA ROCHE DES ARNAUDS</SimpleData>
					<SimpleData name="Adresse">LE FOREST DE SOUSCON</SimpleData>
					<SimpleData name="Groupe de personne">Etablissements publics ou organismes associes</SimpleData>
					<SimpleData name="Forme Juridique Abregee">ASS</SimpleData>
					<SimpleData name="Denomination">ASA DU CANAL DE GAP</SimpleData>
				</SchemaData>
			</ExtendedData>
	<Region>
		<LatLonAltBox>
			<north> 44.5552048390776 </north>
			<south> 44.5537671247948 </south>
			<east> 5.996864774148849 </east>
			<west> 5.994787388423369 </west>
		</LatLonAltBox>
		<Lod>
			<minLodPixels>100</minLodPixels>
			<maxLodPixels>-1</maxLodPixels>
		</Lod>
	</Region>
			<Polygon><altitudeMode>relativeToGround</altitudeMode>
				<outerBoundaryIs>
					<LinearRing>
						<coordinates>							5.996864774148849,44.554739374871,0 5.99676123846999,44.5546521874208,0 5.99663328043406,44.5544609800853,0 5.996430613380271,44.5542532425255,0 5.99609784854852,44.5539871452799,0 5.99591620383132,44.5537671247948,0 5.99493032041916,44.5544177414322,0 5.994787388423369,44.5545211671731,0 5.99600941385575,44.5552048390776,0 5.99627688882412,44.5549696550013,0 5.99637464378183,44.554900516117,0 5.996521351079169,44.5548278861187,0 5.99665676006648,44.554782138755,0 5.996864774148849,44.554739374871,0 
						</coordinates>
					</LinearRing>
				</outerBoundaryIs>
			</Polygon>
		</Placemark>
		<Placemark id="parcelles-des-personnes-morales_05_groupe_personne_9.231">
		<styleUrl>#PUBLICorASSOCIE</styleUrl>			<visibility>0</visibility>
			<ExtendedData>
				<SchemaData schemaUrl="#parcelles-des-personnes-morales_05_groupe_personne_9.schema">
					<SimpleData name="Numero de Parcelle">051230000D1101</SimpleData>
					<SimpleData name="Departement">05</SimpleData>
					<SimpleData name="Commune">LA ROCHE DES ARNAUDS</SimpleData>
					<SimpleData name="Adresse">LE FOREST DE SOUSCON</SimpleData>
					<SimpleData name="Groupe de personne">Etablissements publics ou organismes associes</SimpleData>
					<SimpleData name="Forme Juridique Abregee">ASS</SimpleData>
					<SimpleData name="Denomination">ASA DU CANAL DE GAP</SimpleData>
				</SchemaData>
			</ExtendedData>
	<Region>
		<LatLonAltBox>
			<north> 44.5579720719445 </north>
			<south> 44.5564516568565 </south>
			<east> 6.0004821590477 </east>
			<west> 5.99933878702484 </west>
		</LatLonAltBox>
		<Lod>
			<minLodPixels>100</minLodPixels>
			<maxLodPixels>-1</maxLodPixels>
		</Lod>
	</Region>
			<Polygon><altitudeMode>relativeToGround</altitudeMode>
				<outerBoundaryIs>
					<LinearRing>
						<coordinates>							5.99965249438159,44.5577110823445,0 5.99972533689169,44.5579720719445,0 6.00008969916586,44.5578671262976,0 6.0004821590477,44.557757451777,0 6.000416710310659,44.5572350943293,0 6.00032837923495,44.5565880455254,0 6.00039445886886,44.5564516568565,0 5.999445068675149,44.5565466466074,0 5.99933878702484,44.5565572821447,0 5.99965249438159,44.5577110823445,0 
						</coordinates>
					</LinearRing>
				</outerBoundaryIs>
			</Polygon>
		</Placemark>
		<Placemark id="parcelles-des-personnes-morales_05_groupe_personne_9.233">
		<styleUrl>#PUBLICorASSOCIE</styleUrl>			<visibility>0</visibility>
			<ExtendedData>
				<SchemaData schemaUrl="#parcelles-des-personnes-morales_05_groupe_personne_9.schema">
					<SimpleData name="Numero de Parcelle">051230000D1102</SimpleData>
					<SimpleData name="Departement">05</SimpleData>
					<SimpleData name="Commune">LA ROCHE DES ARNAUDS</SimpleData>
					<SimpleData name="Adresse">LES COTES DU FOREST</SimpleData>
					<SimpleData name="Groupe de personne">Etablissements publics ou organismes associes</SimpleData>
					<SimpleData name="Forme Juridique Abregee">ASS</SimpleData>
					<SimpleData name="Denomination">ASA DU CANAL DE GAP</SimpleData>
				</SchemaData>
			</ExtendedData>
	<Region>
		<LatLonAltBox>
			<north> 44.558936415111 </north>
			<south> 44.5579181379487 </south>
			<east> 5.99901650920976 </east>
			<west> 5.99715410580447 </west>
		</LatLonAltBox>
		<Lod>
			<minLodPixels>100</minLodPixels>
			<maxLodPixels>-1</maxLodPixels>
		</Lod>
	</Region>
			<Polygon><altitudeMode>relativeToGround</altitudeMode>
				<outerBoundaryIs>
					<LinearRing>
						<coordinates>							5.99719916226007,44.5581008699579,0 5.99715410580447,44.5583129908307,0 5.99764743748493,44.5582969826468,0 5.99759018251074,44.5586897925532,0 5.997901625062829,44.5587910629595,0 5.99819149030987,44.5588561623723,0 5.99858667225326,44.5588994816557,0 5.9989582047426,44.558936415111,0 5.99886192340499,44.55825805,0 5.99901650920976,44.5582458324189,0 5.99889867003104,44.5579181379487,0 5.99879576371749,44.5579283208434,0 5.998210255418361,44.5580235934467,0 5.99796121411845,44.5580508975525,0 5.99758904687465,44.5580896526452,0 5.99737030700555,44.5581038805021,0 5.99719916226007,44.5581008699579,0 
						</coordinates>
					</LinearRing>
				</outerBoundaryIs>
			</Polygon>
		</Placemark>
		<Placemark id="parcelles-des-personnes-morales_05_groupe_personne_9.235">
		<styleUrl>#PUBLICorASSOCIE</styleUrl>			<visibility>0</visibility>
			<ExtendedData>
				<SchemaData schemaUrl="#parcelles-des-personnes-morales_05_groupe_personne_9.schema">
					<SimpleData name="Numero de Parcelle">051230000D1103</SimpleData>
					<SimpleData name="Departement">05</SimpleData>
					<SimpleData name="Commune">LA ROCHE DES ARNAUDS</SimpleData>
					<SimpleData name="Adresse">CHAMP DE QUINT</SimpleData>
					<SimpleData name="Groupe de personne">Etablissements publics ou organismes associes</SimpleData>
					<SimpleData name="Forme Juridique Abregee">ASS</SimpleData>
					<SimpleData name="Denomination">ASA DU CANAL DE GAP</SimpleData>
				</SchemaData>
			</ExtendedData>
	<Region>
		<LatLonAltBox>
			<north> 44.5549030015501 </north>
			<south> 44.5542386774354 </south>
			<east> 5.99879162497571 </east>
			<west> 5.99647267777865 </west>
		</LatLonAltBox>
		<Lod>
			<minLodPixels>100</minLodPixels>
			<maxLodPixels>-1</maxLodPixels>
		</Lod>
	</Region>
			<Polygon><altitudeMode>relativeToGround</altitudeMode>
				<outerBoundaryIs>
					<LinearRing>
						<coordinates>							5.99647267777865,44.5542386774354,0 5.996549710695729,44.5543037021222,0 5.99667207714951,44.5544275850499,0 5.99680140798026,44.554628034184,0 5.99693037695608,44.5547362423961,0 5.99717928954583,44.5548064195443,0 5.99759308477437,44.5548164438828,0 5.99869157119165,44.5549030015501,0 5.99879162497571,44.5547467724123,0 5.998495872032981,44.5545633687029,0 5.99785518055219,44.5542832988973,0 5.99647267777865,44.5542386774354,0 
						</coordinates>
					</LinearRing>
				</outerBoundaryIs>
			</Polygon>
		</Placemark>
		<Placemark id="parcelles-des-personnes-morales_05_groupe_personne_9.236">
		<styleUrl>#PUBLICorASSOCIE</styleUrl>			<visibility>0</visibility>
			<ExtendedData>
				<SchemaData schemaUrl="#parcelles-des-personnes-morales_05_groupe_personne_9.schema">
					<SimpleData name="Numero de Parcelle">051230000D1104</SimpleData>
					<SimpleData name="Departement">05</SimpleData>
					<SimpleData name="Commune">LA ROCHE DES ARNAUDS</SimpleData>
					<SimpleData name="Adresse">LE FOREST DE SOUSCON</SimpleData>
					<SimpleData name="Groupe de personne">Etablissements publics ou organismes associes</SimpleData>
					<SimpleData name="Forme Juridique Abregee">ASS</SimpleData>
					<SimpleData name="Denomination">ASA DU CANAL DE GAP</SimpleData>
				</SchemaData>
			</ExtendedData>
	<Region>
		<LatLonAltBox>
			<north> 44.5581038805021 </north>
			<south> 44.5545211671731 </south>
			<east> 6.00103696231125 </east>
			<west> 5.99461207495867 </west>
		</LatLonAltBox>
		<Lod>
			<minLodPixels>100</minLodPixels>
			<maxLodPixels>-1</maxLodPixels>
		</Lod>
	</Region>
			<Polygon><altitudeMode>relativeToGround</altitudeMode>
				<outerBoundaryIs>
					<LinearRing>
						<coordinates>							5.99680345861647,44.5563583089635,0 5.99678591560087,44.55667094213,0 5.9967331328074,44.5566687715508,0 5.99663535165059,44.5572428579393,0 5.99659559707353,44.5574765458934,0 5.998067603642589,44.5575394575571,0 5.99808171858583,44.557686549345,0 5.99727178223606,44.5577600747961,0 5.99723122237411,44.5579500919636,0 5.99719916226007,44.5581008699579,0 5.99737030700555,44.5581038805021,0 5.99758904687465,44.5580896526452,0 5.99796121411845,44.5580508975525,0 5.998210255418361,44.5580235934467,0 5.99879576371749,44.5579283208434,0 5.99889867003104,44.5579181379487,0 5.99882986498268,44.5577425324094,0 5.99931640527668,44.5577363406179,0 5.99965249438159,44.5577110823445,0 5.99933878702484,44.5565572821447,0 5.999445068675149,44.5565466466074,0 6.00039445886886,44.5564516568565,0 6.000429450907409,44.5563798959819,0 6.00103165447898,44.5566534310111,0 6.00103696231125,44.5561869873326,0 6.001036181928479,44.5556108010224,0 6.00073419885961,44.5555142376356,0 6.000363094175931,44.555399642712,0 5.999990029103,44.5552884331482,0 5.999628996369369,44.555152301191,0 5.999407274109941,44.5550817509433,0 5.99899564131813,44.5549868111165,0 5.998835900220829,44.5549634938666,0 5.9976007916136,44.5548619094814,0 5.997257813066761,44.5548520342874,0 5.997097625548351,44.5548392670333,0 5.99692014768268,44.5547856183668,0 5.996864774148849,44.554739374871,0 5.99665676006648,44.554782138755,0 5.996521351079169,44.5548278861187,0 5.99637464378183,44.554900516117,0 5.99627688882412,44.5549696550013,0 5.99600941385575,44.5552048390776,0 5.994787388423369,44.5545211671731,0 5.99461207495867,44.5546435789964,0 5.99492142012521,44.5548103179864,0 5.99494239503683,44.5548328115197,0 5.99494495035579,44.5548524715528,0 5.99490336335964,44.5549757598231,0 5.994959306775321,44.555365135683,0 5.99495642884026,44.5554509779731,0 5.99524200872611,44.5555591729518,0 5.99526103999137,44.5555664041437,0 5.99574823568607,44.5557509271348,0 5.99588765410326,44.5557948901969,0 5.99618417895076,44.5558884617201,0 5.99655344866753,44.555982850458,0 5.99682524421555,44.5560330383373,0 5.99680345861647,44.5563583089635,0 
						</coordinates>
					</LinearRing>
				</outerBoundaryIs>
			</Polygon>
		</Placemark>
		<Placemark id="parcelles-des-personnes-morales_05_groupe_personne_9.303">
		<styleUrl>#PUBLICorASSOCIE</styleUrl>			<visibility>0</visibility>
			<ExtendedData>
				<SchemaData schemaUrl="#parcelles-des-personnes-morales_05_groupe_personne_9.schema">
					<SimpleData name="Numero de Parcelle">051230000D0118</SimpleData>
					<SimpleData name="Departement">05</SimpleData>
					<SimpleData name="Commune">LA ROCHE DES ARNAUDS</SimpleData>
					<SimpleData name="Adresse">BASSE CORREO</SimpleData>
					<SimpleData name="Groupe de personne">Etablissements publics ou organismes associes</SimpleData>
					<SimpleData name="Forme Juridique Abregee">ASS</SimpleData>
					<SimpleData name="Denomination">ASA DU CANAL DE GAP</SimpleData>
				</SchemaData>
			</ExtendedData>
	<Region>
		<LatLonAltBox>
			<north> 44.5590591549928 </north>
			<south> 44.5587590139548 </south>
			<east> 6.01322633103423 </east>
			<west> 6.01146348393285 </west>
		</LatLonAltBox>
		<Lod>
			<minLodPixels>100</minLodPixels>
			<maxLodPixels>-1</maxLodPixels>
		</Lod>
	</Region>
			<Polygon><altitudeMode>relativeToGround</altitudeMode>
				<outerBoundaryIs>
					<LinearRing>
						<coordinates>							6.01322633103423,44.5588799353813,0 6.01278249583655,44.5588082665781,0 6.01227701993891,44.5587597193552,0 6.0121642082874,44.5587590139548,0 6.01156200602193,44.5588269756888,0 6.011471192973909,44.5588158496864,0 6.01146348393285,44.5588956989299,0 6.01157979865395,44.5588982914486,0 6.012138537560269,44.5588375516027,0 6.01239912031206,44.5588494496883,0 6.01256985423591,44.5588706460213,0 6.012739531796571,44.5588956546773,0 6.01286056263239,44.5589157746494,0 6.012957751086039,44.5589589775022,0 6.01312615074045,44.5590591549928,0 6.01322266054236,44.5589716564654,0 6.01322633103423,44.5588799353813,0 
						</coordinates>
					</LinearRing>
				</outerBoundaryIs>
			</Polygon>
		</Placemark>
		<Placemark id="parcelles-des-personnes-morales_05_groupe_personne_9.352">
		<styleUrl>#PUBLICorASSOCIE</styleUrl>			<visibility>0</visibility>
			<ExtendedData>
				<SchemaData schemaUrl="#parcelles-des-personnes-morales_05_groupe_personne_9.schema">
					<SimpleData name="Numero de Parcelle">05123000AB0124</SimpleData>
					<SimpleData name="Departement">05</SimpleData>
					<SimpleData name="Commune">LA ROCHE DES ARNAUDS</SimpleData>
					<SimpleData name="Adresse">LES TOURNILLONS</SimpleData>
					<SimpleData name="Groupe de personne">Etablissements publics ou organismes associes</SimpleData>
					<SimpleData name="Forme Juridique Abregee">SA</SimpleData>
					<SimpleData name="Denomination">SOCIETE NATIONALE SNCF</SimpleData>
				</SchemaData>
			</ExtendedData>
	<Region>
		<LatLonAltBox>
			<north> 44.5614292716493 </north>
			<south> 44.560195812747 </south>
			<east> 5.951718634693391 </east>
			<west> 5.94893210273046 </west>
		</LatLonAltBox>
		<Lod>
			<minLodPixels>100</minLodPixels>
			<maxLodPixels>-1</maxLodPixels>
		</Lod>
	</Region>
			<Polygon><altitudeMode>relativeToGround</altitudeMode>
				<outerBoundaryIs>
					<LinearRing>
						<coordinates>							5.951718634693391,44.560383157004,0 5.9516944635588,44.5603691191493,0 5.95165166595912,44.560338643005,0 5.951636082900929,44.5603225737785,0 5.95161542314506,44.5603033971637,0 5.95159305827527,44.5602853471765,0 5.95148996106262,44.5602005393161,0 5.95147131725229,44.560195812747,0 5.95136459592037,44.5602537090058,0 5.95082118895382,44.5605413786531,0 5.950615696528139,44.5606526330951,0 5.94981878864299,44.5609722071047,0 5.94969417418825,44.561013283149,0 5.948956474026031,44.5612459566033,0 5.94893210273046,44.5612521929992,0 5.948932564357321,44.5613140702236,0 5.94893329263628,44.5614292716493,0 5.94920011822377,44.5613486330132,0 5.94934693527179,44.5613056130818,0 5.94996079382297,44.5611239923116,0 5.95013865461814,44.5610553678962,0 5.95038494060872,44.5609603208077,0 5.95061565348785,44.5608710945946,0 5.95077337413501,44.5608101242787,0 5.951657238394771,44.5603729071581,0 5.951718634693391,44.560383157004,0 
						</coordinates>
					</LinearRing>
				</outerBoundaryIs>
			</Polygon>
		</Placemark>
		<Placemark id="parcelles-des-personnes-morales_05_groupe_personne_9.357">
		<styleUrl>#PUBLICorASSOCIE</styleUrl>			<visibility>0</visibility>
			<ExtendedData>
				<SchemaData schemaUrl="#parcelles-des-personnes-morales_05_groupe_personne_9.schema">
					<SimpleData name="Numero de Parcelle">05123000AB0125</SimpleData>
					<SimpleData name="Departement">05</SimpleData>
					<SimpleData name="Commune">LA ROCHE DES ARNAUDS</SimpleData>
					<SimpleData name="Adresse">LES TOURNILLONS</SimpleData>
					<SimpleData name="Groupe de personne">Etablissements publics ou organismes associes</SimpleData>
					<SimpleData name="Forme Juridique Abregee">SA</SimpleData>
					<SimpleData name="Denomination">SOCIETE NATIONALE SNCF</SimpleData>
				</SchemaData>
			</ExtendedData>
	<Region>
		<LatLonAltBox>
			<north> 44.5614036448773 </north>
			<south> 44.5611239923116 </south>
			<east> 5.94996079382297 </east>
			<west> 5.94934693527179 </west>
		</LatLonAltBox>
		<Lod>
			<minLodPixels>100</minLodPixels>
			<maxLodPixels>-1</maxLodPixels>
		</Lod>
	</Region>
			<Polygon><altitudeMode>relativeToGround</altitudeMode>
				<outerBoundaryIs>
					<LinearRing>
						<coordinates>							5.94934693527179,44.5613056130818,0 5.94960574104577,44.561348786675,0 5.94993294964763,44.5614036448773,0 5.94996079382297,44.5611239923116,0 5.94934693527179,44.5613056130818,0 
						</coordinates>
					</LinearRing>
				</outerBoundaryIs>
			</Polygon>
		</Placemark>
		<Placemark id="parcelles-des-personnes-morales_05_groupe_personne_9.399">
		<styleUrl>#PUBLICorASSOCIE</styleUrl>			<visibility>0</visibility>
			<ExtendedData>
				<SchemaData schemaUrl="#parcelles-des-personnes-morales_05_groupe_personne_9.schema">
					<SimpleData name="Numero de Parcelle">051230000D1314</SimpleData>
					<SimpleData name="Departement">05</SimpleData>
					<SimpleData name="Commune">LA ROCHE DES ARNAUDS</SimpleData>
					<SimpleData name="Adresse">LAUCHE</SimpleData>
					<SimpleData name="Groupe de personne">Etablissements publics ou organismes associes</SimpleData>
					<SimpleData name="Forme Juridique Abregee">SA</SimpleData>
					<SimpleData name="Denomination">SOCIETE NATIONALE SNCF</SimpleData>
				</SchemaData>
			</ExtendedData>
	<Region>
		<LatLonAltBox>
			<north> 44.5583295017085 </north>
			<south> 44.555767449332 </south>
			<east> 5.95727105244427 </east>
			<west> 5.95409107771785 </west>
		</LatLonAltBox>
		<Lod>
			<minLodPixels>100</minLodPixels>
			<maxLodPixels>-1</maxLodPixels>
		</Lod>
	</Region>
			<Polygon><altitudeMode>relativeToGround</altitudeMode>
				<outerBoundaryIs>
					<LinearRing>
						<coordinates>							5.95727105244427,44.5559957853599,0 5.957139461273009,44.5559154398305,0 5.95690995609411,44.555767449332,0 5.95690069380367,44.5557782376028,0 5.956948243578909,44.5558080438187,0 5.95677384951964,44.55595198953,0 5.95650867912367,44.5561621477751,0 5.956516609004159,44.5562149064376,0 5.95584406902395,44.5567637989926,0 5.95520048212299,44.5572859671201,0 5.95466725467583,44.5576660834283,0 5.95414561035259,44.5580894890584,0 5.95409107771785,44.5582103134081,0 5.95414318391897,44.5582453140645,0 5.954121005915639,44.558262123195,0 5.95419336100372,44.5583060410639,0 5.95422094929137,44.5583227795946,0 5.95423787699949,44.5583091739033,0 5.9542626292112,44.5583295017085,0 5.95466815295339,44.5579984797024,0 5.95476859486566,44.5579170553489,0 5.95492018201667,44.5577945335492,0 5.95523046479322,44.5579667613499,0 5.95526695568704,44.5579369566533,0 5.955313237718269,44.5578992324357,0 5.95525050466368,44.5578537964882,0 5.95545302501482,44.5576885605037,0 5.955687602016889,44.557500304437,0 5.95586906480316,44.5575031929997,0 5.95612712435992,44.5572870108403,0 5.95631374482276,44.5571382344446,0 5.956495954433371,44.5569870534206,0 5.95657110735838,44.5569232409861,0 5.95671556764634,44.5568091053841,0 5.95652271616254,44.556684996145,0 5.95680714334141,44.556457565919,0 5.95690222395649,44.5563821387741,0 5.95695418829903,44.5563278658104,0 5.95727105244427,44.5559957853599,0 
						</coordinates>
					</LinearRing>
				</outerBoundaryIs>
			</Polygon>
		</Placemark>
		<Placemark id="parcelles-des-personnes-morales_05_groupe_personne_9.506">
		<styleUrl>#PUBLICorASSOCIE</styleUrl>			<visibility>0</visibility>
			<ExtendedData>
				<SchemaData schemaUrl="#parcelles-des-personnes-morales_05_groupe_personne_9.schema">
					<SimpleData name="Numero de Parcelle">051230000D0149</SimpleData>
					<SimpleData name="Departement">05</SimpleData>
					<SimpleData name="Commune">LA ROCHE DES ARNAUDS</SimpleData>
					<SimpleData name="Adresse">LA COMMANDERIE</SimpleData>
					<SimpleData name="Groupe de personne">Etablissements publics ou organismes associes</SimpleData>
					<SimpleData name="Forme Juridique Abregee">ASS</SimpleData>
					<SimpleData name="Denomination">ASA DU CANAL DE GAP</SimpleData>
				</SchemaData>
			</ExtendedData>
	<Region>
		<LatLonAltBox>
			<north> 44.5572460436577 </north>
			<south> 44.5546060137472 </south>
			<east> 6.00612657001267 </east>
			<west> 6.00349823635574 </west>
		</LatLonAltBox>
		<Lod>
			<minLodPixels>100</minLodPixels>
			<maxLodPixels>-1</maxLodPixels>
		</Lod>
	</Region>
			<Polygon><altitudeMode>relativeToGround</altitudeMode>
				<outerBoundaryIs>
					<LinearRing>
						<coordinates>							6.00350478193726,44.5546060137472,0 6.00349892520447,44.5547113968211,0 6.00349823635574,44.5548168194567,0 6.00350183099157,44.5549032969825,0 6.003551551245101,44.554987618523,0 6.00361479531584,44.5550395905208,0 6.003794484186511,44.5551583026797,0 6.00391070618859,44.5552516250277,0 6.004030960720559,44.5553425853017,0 6.00408808556655,44.5553837327534,0 6.004112842287959,44.5554345898077,0 6.00414180588447,44.5555431694082,0 6.00417528172725,44.5557436069301,0 6.004164862314991,44.5558153309725,0 6.004095664197569,44.5560254996937,0 6.004086746168271,44.5561206960681,0 6.00410032533869,44.5563189724823,0 6.00411585439777,44.5564047649175,0 6.00414834693947,44.5564683842662,0 6.00420600597872,44.5565432104167,0 6.00445630799654,44.5567574761174,0 6.0047076287331,44.5568464899814,0 6.00483497392977,44.5569167162798,0 6.0049019582379,44.5569844415113,0 6.0049892701704,44.5571712514591,0 6.00522685819399,44.5572460436577,0 6.00535345347664,44.5571649403611,0 6.00550397985574,44.5570978698349,0 6.00598811314357,44.5569354096247,0 6.00602833549075,44.5569075578586,0 6.00607814087366,44.556820707087,0 6.0061121213078,44.5566709547011,0 6.00612657001267,44.5549435560621,0 6.006111255250131,44.5548500104061,0 6.00607399530035,44.5547489544016,0 6.00350478193726,44.5546060137472,0 
						</coordinates>
					</LinearRing>
				</outerBoundaryIs>
			</Polygon>
		</Placemark>
		<Placemark id="parcelles-des-personnes-morales_05_groupe_personne_9.515">
		<styleUrl>#PUBLICorASSOCIE</styleUrl>			<visibility>0</visibility>
			<ExtendedData>
				<SchemaData schemaUrl="#parcelles-des-personnes-morales_05_groupe_personne_9.schema">
					<SimpleData name="Numero de Parcelle">051230000D0150</SimpleData>
					<SimpleData name="Departement">05</SimpleData>
					<SimpleData name="Commune">LA ROCHE DES ARNAUDS</SimpleData>
					<SimpleData name="Adresse">LA COMMANDERIE</SimpleData>
					<SimpleData name="Groupe de personne">Etablissements publics ou organismes associes</SimpleData>
					<SimpleData name="Forme Juridique Abregee">ASS</SimpleData>
					<SimpleData name="Denomination">ASA DU CANAL DE GAP</SimpleData>
				</SchemaData>
			</ExtendedData>
	<Region>
		<LatLonAltBox>
			<north> 44.5547489544016 </north>
			<south> 44.5540285080767 </south>
			<east> 6.00607399530035 </east>
			<west> 6.00350425972443 </west>
		</LatLonAltBox>
		<Lod>
			<minLodPixels>100</minLodPixels>
			<maxLodPixels>-1</maxLodPixels>
		</Lod>
	</Region>
			<Polygon><altitudeMode>relativeToGround</altitudeMode>
				<outerBoundaryIs>
					<LinearRing>
						<coordinates>							6.00350425972443,44.5544944079476,0 6.00350478193726,44.5546060137472,0 6.00607399530035,44.5547489544016,0 6.00603673140987,44.5546927627735,0 6.00599042448517,44.5546536640296,0 6.005696248031,44.5544837493874,0 6.00560807308267,44.5544131783997,0 6.00557908701493,44.5543609954181,0 6.005559946968039,44.5542925986025,0 6.00552673841605,44.5540641365961,0 6.00408876749037,44.5540285080767,0 6.00406199766977,44.5542830167865,0 6.00364365942608,44.554336743071,0 6.00362769366585,44.5543752850844,0 6.00359199505797,44.5544052650868,0 6.003545933559031,44.5544488602015,0 6.00350425972443,44.5544944079476,0 
						</coordinates>
					</LinearRing>
				</outerBoundaryIs>
			</Polygon>
		</Placemark>
		<Placemark id="parcelles-des-personnes-morales_05_groupe_personne_9.573">
		<styleUrl>#PUBLICorASSOCIE</styleUrl>			<visibility>0</visibility>
			<ExtendedData>
				<SchemaData schemaUrl="#parcelles-des-personnes-morales_05_groupe_personne_9.schema">
					<SimpleData name="Numero de Parcelle">051230000E1597</SimpleData>
					<SimpleData name="Departement">05</SimpleData>
					<SimpleData name="Commune">LA ROCHE DES ARNAUDS</SimpleData>
					<SimpleData name="Adresse">LA GRAND PIECE</SimpleData>
					<SimpleData name="Groupe de personne">Etablissements publics ou organismes associes</SimpleData>
					<SimpleData name="Forme Juridique Abregee">SA</SimpleData>
					<SimpleData name="Denomination">SOCIETE NATIONALE SNCF</SimpleData>
				</SchemaData>
			</ExtendedData>
	<Region>
		<LatLonAltBox>
			<north> 44.5618434886907 </north>
			<south> 44.5617962400989 </south>
			<east> 5.9470181947703 </east>
			<west> 5.943374492074521 </west>
		</LatLonAltBox>
		<Lod>
			<minLodPixels>100</minLodPixels>
			<maxLodPixels>-1</maxLodPixels>
		</Lod>
	</Region>
			<Polygon><altitudeMode>relativeToGround</altitudeMode>
				<outerBoundaryIs>
					<LinearRing>
						<coordinates>							5.94337729079138,44.5617964559913,0 5.943374492074521,44.5618418441059,0 5.946996910049549,44.5618434886907,0 5.9470181947703,44.5617998590917,0 5.946595708246329,44.5618025782905,0 5.945172251409541,44.5617962400989,0 5.94444129611333,44.5617988920434,0 5.9433842303273,44.5617966313158,0 5.94337729079138,44.5617964559913,0 
						</coordinates>
					</LinearRing>
				</outerBoundaryIs>
			</Polygon>
		</Placemark>
		<Placemark id="parcelles-des-personnes-morales_05_groupe_personne_9.575">
		<styleUrl>#PUBLICorASSOCIE</styleUrl>			<visibility>0</visibility>
			<ExtendedData>
				<SchemaData schemaUrl="#parcelles-des-personnes-morales_05_groupe_personne_9.schema">
					<SimpleData name="Numero de Parcelle">051230000E1598</SimpleData>
					<SimpleData name="Departement">05</SimpleData>
					<SimpleData name="Commune">LA ROCHE DES ARNAUDS</SimpleData>
					<SimpleData name="Adresse">LA GRAND PIECE</SimpleData>
					<SimpleData name="Groupe de personne">Etablissements publics ou organismes associes</SimpleData>
					<SimpleData name="Forme Juridique Abregee">SA</SimpleData>
					<SimpleData name="Denomination">SOCIETE NATIONALE SNCF</SimpleData>
				</SchemaData>
			</ExtendedData>
	<Region>
		<LatLonAltBox>
			<north> 44.5618025782905 </north>
			<south> 44.5617617604806 </south>
			<east> 5.947035628738379 </east>
			<west> 5.94337729079138 </west>
		</LatLonAltBox>
		<Lod>
			<minLodPixels>100</minLodPixels>
			<maxLodPixels>-1</maxLodPixels>
		</Lod>
	</Region>
			<Polygon><altitudeMode>relativeToGround</altitudeMode>
				<outerBoundaryIs>
					<LinearRing>
						<coordinates>							5.947035628738379,44.5617645301676,0 5.946411715871329,44.5617780307721,0 5.9459629098642,44.5617762249805,0 5.945531980448299,44.5617716882301,0 5.94337774909982,44.5617617604806,0 5.94337729079138,44.5617964559913,0 5.9433842303273,44.5617966313158,0 5.94444129611333,44.5617988920434,0 5.945172251409541,44.5617962400989,0 5.946595708246329,44.5618025782905,0 5.9470181947703,44.5617998590917,0 5.947035628738379,44.5617645301676,0 
						</coordinates>
					</LinearRing>
				</outerBoundaryIs>
			</Polygon>
		</Placemark>
		<Placemark id="parcelles-des-personnes-morales_05_groupe_personne_9.582">
		<styleUrl>#PUBLICorASSOCIE</styleUrl>			<visibility>0</visibility>
			<ExtendedData>
				<SchemaData schemaUrl="#parcelles-des-personnes-morales_05_groupe_personne_9.schema">
					<SimpleData name="Numero de Parcelle">051230000E1601</SimpleData>
					<SimpleData name="Departement">05</SimpleData>
					<SimpleData name="Commune">LA ROCHE DES ARNAUDS</SimpleData>
					<SimpleData name="Adresse">CHAMP DE BOUTI</SimpleData>
					<SimpleData name="Groupe de personne">Etablissements publics ou organismes associes</SimpleData>
					<SimpleData name="Forme Juridique Abregee">SA</SimpleData>
					<SimpleData name="Denomination">SOCIETE NATIONALE SNCF</SimpleData>
				</SchemaData>
			</ExtendedData>
	<Region>
		<LatLonAltBox>
			<north> 44.5618415480342 </north>
			<south> 44.5617844658648 </south>
			<east> 5.93823962399008 </east>
			<west> 5.93550451414228 </west>
		</LatLonAltBox>
		<Lod>
			<minLodPixels>100</minLodPixels>
			<maxLodPixels>-1</maxLodPixels>
		</Lod>
	</Region>
			<Polygon><altitudeMode>relativeToGround</altitudeMode>
				<outerBoundaryIs>
					<LinearRing>
						<coordinates>							5.93822834885274,44.5618415480342,0 5.93823962399008,44.5617943130054,0 5.93779843083841,44.5618007395281,0 5.93740803521666,44.561800227343,0 5.93701770575255,44.5618034055524,0 5.93688172237382,44.5618054016502,0 5.936640355142499,44.5618041651517,0 5.936398791297641,44.5617991497363,0 5.93626259200422,44.5617945745241,0 5.93614964009545,44.5617936149008,0 5.93602468839655,44.5617969380909,0 5.935900359523301,44.5617928575112,0 5.935762376310029,44.5617927433466,0 5.93550451414228,44.5617844658648,0 5.93550807030679,44.5618068027527,0 5.93551714130159,44.5618358395447,0 5.93822834885274,44.5618415480342,0 
						</coordinates>
					</LinearRing>
				</outerBoundaryIs>
			</Polygon>
		</Placemark>
		<Placemark id="parcelles-des-personnes-morales_05_groupe_personne_9.583">
		<styleUrl>#PUBLICorASSOCIE</styleUrl>			<visibility>0</visibility>
			<ExtendedData>
				<SchemaData schemaUrl="#parcelles-des-personnes-morales_05_groupe_personne_9.schema">
					<SimpleData name="Numero de Parcelle">051230000E1602</SimpleData>
					<SimpleData name="Departement">05</SimpleData>
					<SimpleData name="Commune">LA ROCHE DES ARNAUDS</SimpleData>
					<SimpleData name="Adresse">CHAMP DE BOUTI</SimpleData>
					<SimpleData name="Groupe de personne">Etablissements publics ou organismes associes</SimpleData>
					<SimpleData name="Forme Juridique Abregee">SA</SimpleData>
					<SimpleData name="Denomination">SOCIETE NATIONALE SNCF</SimpleData>
				</SchemaData>
			</ExtendedData>
	<Region>
		<LatLonAltBox>
			<north> 44.5618054016502 </north>
			<south> 44.5617610527827 </south>
			<east> 5.938243850909579 </east>
			<west> 5.93550077598699 </west>
		</LatLonAltBox>
		<Lod>
			<minLodPixels>100</minLodPixels>
			<maxLodPixels>-1</maxLodPixels>
		</Lod>
	</Region>
			<Polygon><altitudeMode>relativeToGround</altitudeMode>
				<outerBoundaryIs>
					<LinearRing>
						<coordinates>							5.93823962399008,44.5617943130054,0 5.938243850909579,44.5617762733402,0 5.93673244524466,44.5617795542394,0 5.93550077598699,44.5617610527827,0 5.93550451414228,44.5617844658648,0 5.935762376310029,44.5617927433466,0 5.935900359523301,44.5617928575112,0 5.93602468839655,44.5617969380909,0 5.93614964009545,44.5617936149008,0 5.93626259200422,44.5617945745241,0 5.936398791297641,44.5617991497363,0 5.936640355142499,44.5618041651517,0 5.93688172237382,44.5618054016502,0 5.93701770575255,44.5618034055524,0 5.93740803521666,44.561800227343,0 5.93779843083841,44.5618007395281,0 5.93823962399008,44.5617943130054,0 
						</coordinates>
					</LinearRing>
				</outerBoundaryIs>
			</Polygon>
		</Placemark>
		<Placemark id="parcelles-des-personnes-morales_05_groupe_personne_9.584">
		<styleUrl>#PUBLICorASSOCIE</styleUrl>			<visibility>0</visibility>
			<ExtendedData>
				<SchemaData schemaUrl="#parcelles-des-personnes-morales_05_groupe_personne_9.schema">
					<SimpleData name="Numero de Parcelle">051230000E1603</SimpleData>
					<SimpleData name="Departement">05</SimpleData>
					<SimpleData name="Commune">LA ROCHE DES ARNAUDS</SimpleData>
					<SimpleData name="Adresse">CHAMP DE BOUTI</SimpleData>
					<SimpleData name="Groupe de personne">Etablissements publics ou organismes associes</SimpleData>
					<SimpleData name="Forme Juridique Abregee">SA</SimpleData>
					<SimpleData name="Denomination">SOCIETE NATIONALE SNCF</SimpleData>
				</SchemaData>
			</ExtendedData>
	<Region>
		<LatLonAltBox>
			<north> 44.5618068027527 </north>
			<south> 44.561704644384 </south>
			<east> 5.93550807030679 </east>
			<west> 5.93503096130172 </west>
		</LatLonAltBox>
		<Lod>
			<minLodPixels>100</minLodPixels>
			<maxLodPixels>-1</maxLodPixels>
		</Lod>
	</Region>
			<Polygon><altitudeMode>relativeToGround</altitudeMode>
				<outerBoundaryIs>
					<LinearRing>
						<coordinates>							5.93503096130172,44.5617162496175,0 5.93550807030679,44.5618068027527,0 5.93550451414228,44.5617844658648,0 5.935424824703569,44.5617858641306,0 5.93525769984434,44.5617221126231,0 5.93515573402779,44.561704644384,0 5.93503096130172,44.5617162496175,0 
						</coordinates>
					</LinearRing>
				</outerBoundaryIs>
			</Polygon>
		</Placemark>
		<Placemark id="parcelles-des-personnes-morales_05_groupe_personne_9.585">
		<styleUrl>#PUBLICorASSOCIE</styleUrl>			<visibility>0</visibility>
			<ExtendedData>
				<SchemaData schemaUrl="#parcelles-des-personnes-morales_05_groupe_personne_9.schema">
					<SimpleData name="Numero de Parcelle">051230000E1604</SimpleData>
					<SimpleData name="Departement">05</SimpleData>
					<SimpleData name="Commune">LA ROCHE DES ARNAUDS</SimpleData>
					<SimpleData name="Adresse">CHAMP DE BOUTI</SimpleData>
					<SimpleData name="Groupe de personne">Etablissements publics ou organismes associes</SimpleData>
					<SimpleData name="Forme Juridique Abregee">SA</SimpleData>
					<SimpleData name="Denomination">SOCIETE NATIONALE SNCF</SimpleData>
				</SchemaData>
			</ExtendedData>
	<Region>
		<LatLonAltBox>
			<north> 44.5617858641306 </north>
			<south> 44.5613691754861 </south>
			<east> 5.93827954363004 </east>
			<west> 5.934034849558151 </west>
		</LatLonAltBox>
		<Lod>
			<minLodPixels>100</minLodPixels>
			<maxLodPixels>-1</maxLodPixels>
		</Lod>
	</Region>
			<Polygon><altitudeMode>relativeToGround</altitudeMode>
				<outerBoundaryIs>
					<LinearRing>
						<coordinates>							5.938243850909579,44.5617762733402,0 5.93826119695545,44.5617052741321,0 5.93827954363004,44.5616292935461,0 5.9368660843743,44.5616429418311,0 5.93591719816182,44.5616079132639,0 5.93586954882186,44.5616051265799,0 5.9356825023523,44.5615919934049,0 5.93549614491148,44.5615751480625,0 5.93492307947877,44.5615099378011,0 5.93439201561891,44.5614454999922,0 5.934091177305251,44.5613691754861,0 5.93405158100897,44.561460674271,0 5.934034849558151,44.5615072430142,0 5.934046539303419,44.5615139590445,0 5.93424390257001,44.5615704224209,0 5.93450310405759,44.5616165934559,0 5.93503096130172,44.5617162496175,0 5.93515573402779,44.561704644384,0 5.93525769984434,44.5617221126231,0 5.935424824703569,44.5617858641306,0 5.93550451414228,44.5617844658648,0 5.93550077598699,44.5617610527827,0 5.93673244524466,44.5617795542394,0 5.938243850909579,44.5617762733402,0 
						</coordinates>
					</LinearRing>
				</outerBoundaryIs>
			</Polygon>
		</Placemark>
		<Placemark id="parcelles-des-personnes-morales_05_groupe_personne_9.587">
		<styleUrl>#PUBLICorASSOCIE</styleUrl>			<visibility>0</visibility>
			<ExtendedData>
				<SchemaData schemaUrl="#parcelles-des-personnes-morales_05_groupe_personne_9.schema">
					<SimpleData name="Numero de Parcelle">051230000E1605</SimpleData>
					<SimpleData name="Departement">05</SimpleData>
					<SimpleData name="Commune">LA ROCHE DES ARNAUDS</SimpleData>
					<SimpleData name="Adresse">FOREST D ARIE</SimpleData>
					<SimpleData name="Groupe de personne">Etablissements publics ou organismes associes</SimpleData>
					<SimpleData name="Forme Juridique Abregee">SA</SimpleData>
					<SimpleData name="Denomination">SOCIETE NATIONALE SNCF</SimpleData>
				</SchemaData>
			</ExtendedData>
	<Region>
		<LatLonAltBox>
			<north> 44.5618439586153 </north>
			<south> 44.5617912330556 </south>
			<east> 5.94247167153256 </east>
			<west> 5.93822834885274 </west>
		</LatLonAltBox>
		<Lod>
			<minLodPixels>100</minLodPixels>
			<maxLodPixels>-1</maxLodPixels>
		</Lod>
	</Region>
			<Polygon><altitudeMode>relativeToGround</altitudeMode>
				<outerBoundaryIs>
					<LinearRing>
						<coordinates>							5.93822834885274,44.5618415480342,0 5.9392816402982,44.5618439586153,0 5.94067352480068,44.5618417546803,0 5.94090069198028,44.5618437209991,0 5.942471339620371,44.5618431282484,0 5.94247167153256,44.5617914998751,0 5.94109786206097,44.5617947764343,0 5.93969534646914,44.5617912330556,0 5.93906689885452,44.5617950835494,0 5.93843825439361,44.5617951520815,0 5.93823962399008,44.5617943130054,0 5.93822834885274,44.5618415480342,0 
						</coordinates>
					</LinearRing>
				</outerBoundaryIs>
			</Polygon>
		</Placemark>
		<Placemark id="parcelles-des-personnes-morales_05_groupe_personne_9.589">
		<styleUrl>#PUBLICorASSOCIE</styleUrl>			<visibility>0</visibility>
			<ExtendedData>
				<SchemaData schemaUrl="#parcelles-des-personnes-morales_05_groupe_personne_9.schema">
					<SimpleData name="Numero de Parcelle">051230000E1606</SimpleData>
					<SimpleData name="Departement">05</SimpleData>
					<SimpleData name="Commune">LA ROCHE DES ARNAUDS</SimpleData>
					<SimpleData name="Adresse">FOREST D ARIE</SimpleData>
					<SimpleData name="Groupe de personne">Etablissements publics ou organismes associes</SimpleData>
					<SimpleData name="Forme Juridique Abregee">SA</SimpleData>
					<SimpleData name="Denomination">SOCIETE NATIONALE SNCF</SimpleData>
				</SchemaData>
			</ExtendedData>
	<Region>
		<LatLonAltBox>
			<north> 44.5617951520815 </north>
			<south> 44.5617639347956 </south>
			<east> 5.94247167153256 </east>
			<west> 5.93823962399008 </west>
		</LatLonAltBox>
		<Lod>
			<minLodPixels>100</minLodPixels>
			<maxLodPixels>-1</maxLodPixels>
		</Lod>
	</Region>
			<Polygon><altitudeMode>relativeToGround</altitudeMode>
				<outerBoundaryIs>
					<LinearRing>
						<coordinates>							5.94247167153256,44.5617914998751,0 5.94247162017793,44.5617639347956,0 5.940832663454579,44.5617714822273,0 5.938243850909579,44.5617762733402,0 5.93823962399008,44.5617943130054,0 5.93843825439361,44.5617951520815,0 5.93906689885452,44.5617950835494,0 5.93969534646914,44.5617912330556,0 5.94109786206097,44.5617947764343,0 5.94247167153256,44.5617914998751,0 
						</coordinates>
					</LinearRing>
				</outerBoundaryIs>
			</Polygon>
		</Placemark>
		<Placemark id="parcelles-des-personnes-morales_05_groupe_personne_9.592">
		<styleUrl>#PUBLICorASSOCIE</styleUrl>			<visibility>0</visibility>
			<ExtendedData>
				<SchemaData schemaUrl="#parcelles-des-personnes-morales_05_groupe_personne_9.schema">
					<SimpleData name="Numero de Parcelle">051230000E1607</SimpleData>
					<SimpleData name="Departement">05</SimpleData>
					<SimpleData name="Commune">LA ROCHE DES ARNAUDS</SimpleData>
					<SimpleData name="Adresse">FOREST D ARIE</SimpleData>
					<SimpleData name="Groupe de personne">Etablissements publics ou organismes associes</SimpleData>
					<SimpleData name="Forme Juridique Abregee">SA</SimpleData>
					<SimpleData name="Denomination">SOCIETE NATIONALE SNCF</SimpleData>
				</SchemaData>
			</ExtendedData>
	<Region>
		<LatLonAltBox>
			<north> 44.5618436628667 </north>
			<south> 44.5617498528677 </south>
			<east> 5.94304608619042 </east>
			<west> 5.942471339620371 </west>
		</LatLonAltBox>
		<Lod>
			<minLodPixels>100</minLodPixels>
			<maxLodPixels>-1</maxLodPixels>
		</Lod>
	</Region>
			<Polygon><altitudeMode>relativeToGround</altitudeMode>
				<outerBoundaryIs>
					<LinearRing>
						<coordinates>							5.942471339620371,44.5618431282484,0 5.94304608619042,44.5618436628667,0 5.94303486322655,44.5618290077055,0 5.94301894779598,44.561816189281,0 5.94283769208754,44.5617498528677,0 5.94286393200889,44.5617939263515,0 5.94247167153256,44.5617914998751,0 5.942471339620371,44.5618431282484,0 
						</coordinates>
					</LinearRing>
				</outerBoundaryIs>
			</Polygon>
		</Placemark>
		<Placemark id="parcelles-des-personnes-morales_05_groupe_personne_9.594">
		<styleUrl>#PUBLICorASSOCIE</styleUrl>			<visibility>0</visibility>
			<ExtendedData>
				<SchemaData schemaUrl="#parcelles-des-personnes-morales_05_groupe_personne_9.schema">
					<SimpleData name="Numero de Parcelle">051230000E1608</SimpleData>
					<SimpleData name="Departement">05</SimpleData>
					<SimpleData name="Commune">LA ROCHE DES ARNAUDS</SimpleData>
					<SimpleData name="Adresse">FOREST D ARIE</SimpleData>
					<SimpleData name="Groupe de personne">Etablissements publics ou organismes associes</SimpleData>
					<SimpleData name="Forme Juridique Abregee">SA</SimpleData>
					<SimpleData name="Denomination">SOCIETE NATIONALE SNCF</SimpleData>
				</SchemaData>
			</ExtendedData>
	<Region>
		<LatLonAltBox>
			<north> 44.5617939263515 </north>
			<south> 44.5617429607499 </south>
			<east> 5.94286393200889 </east>
			<west> 5.94247162017793 </west>
		</LatLonAltBox>
		<Lod>
			<minLodPixels>100</minLodPixels>
			<maxLodPixels>-1</maxLodPixels>
		</Lod>
	</Region>
			<Polygon><altitudeMode>relativeToGround</altitudeMode>
				<outerBoundaryIs>
					<LinearRing>
						<coordinates>							5.94247167153256,44.5617914998751,0 5.94286393200889,44.5617939263515,0 5.94283769208754,44.5617498528677,0 5.94283782561088,44.5617451648131,0 5.9426400057703,44.5617429607499,0 5.94247165575596,44.5617452859559,0 5.94247162017793,44.5617639347956,0 5.94247167153256,44.5617914998751,0 
						</coordinates>
					</LinearRing>
				</outerBoundaryIs>
			</Polygon>
		</Placemark>
		<Placemark id="parcelles-des-personnes-morales_05_groupe_personne_9.595">
		<styleUrl>#PUBLICorASSOCIE</styleUrl>			<visibility>0</visibility>
			<ExtendedData>
				<SchemaData schemaUrl="#parcelles-des-personnes-morales_05_groupe_personne_9.schema">
					<SimpleData name="Numero de Parcelle">051230000E1609</SimpleData>
					<SimpleData name="Departement">05</SimpleData>
					<SimpleData name="Commune">LA ROCHE DES ARNAUDS</SimpleData>
					<SimpleData name="Adresse">LA GRAND PIECE</SimpleData>
					<SimpleData name="Groupe de personne">Etablissements publics ou organismes associes</SimpleData>
					<SimpleData name="Forme Juridique Abregee">SA</SimpleData>
					<SimpleData name="Denomination">SOCIETE NATIONALE SNCF</SimpleData>
				</SchemaData>
			</ExtendedData>
	<Region>
		<LatLonAltBox>
			<north> 44.5618421209479 </north>
			<south> 44.561790062959 </south>
			<east> 5.94337729079138 </east>
			<west> 5.94305954548955 </west>
		</LatLonAltBox>
		<Lod>
			<minLodPixels>100</minLodPixels>
			<maxLodPixels>-1</maxLodPixels>
		</Lod>
	</Region>
			<Polygon><altitudeMode>relativeToGround</altitudeMode>
				<outerBoundaryIs>
					<LinearRing>
						<coordinates>							5.94337729079138,44.5617964559913,0 5.94305954548955,44.561790062959,0 5.94309222474812,44.5618029749855,0 5.94313433680432,44.5618421209479,0 5.943374492074521,44.5618418441059,0 5.94337729079138,44.5617964559913,0 
						</coordinates>
					</LinearRing>
				</outerBoundaryIs>
			</Polygon>
		</Placemark>
		<Placemark id="parcelles-des-personnes-morales_05_groupe_personne_9.597">
		<styleUrl>#PUBLICorASSOCIE</styleUrl>			<visibility>0</visibility>
			<ExtendedData>
				<SchemaData schemaUrl="#parcelles-des-personnes-morales_05_groupe_personne_9.schema">
					<SimpleData name="Numero de Parcelle">051230000D0161</SimpleData>
					<SimpleData name="Departement">05</SimpleData>
					<SimpleData name="Commune">LA ROCHE DES ARNAUDS</SimpleData>
					<SimpleData name="Adresse">LES JOPPES</SimpleData>
					<SimpleData name="Groupe de personne">Etablissements publics ou organismes associes</SimpleData>
					<SimpleData name="Forme Juridique Abregee">ASS</SimpleData>
					<SimpleData name="Denomination">ASA DU CANAL DE GAP</SimpleData>
				</SchemaData>
			</ExtendedData>
	<Region>
		<LatLonAltBox>
			<north> 44.5537173113214 </north>
			<south> 44.5523051112707 </south>
			<east> 6.00585849410183 </east>
			<west> 6.004774989224 </west>
		</LatLonAltBox>
		<Lod>
			<minLodPixels>100</minLodPixels>
			<maxLodPixels>-1</maxLodPixels>
		</Lod>
	</Region>
			<Polygon><altitudeMode>relativeToGround</altitudeMode>
				<outerBoundaryIs>
					<LinearRing>
						<coordinates>							6.0052533043902,44.552741059785,0 6.004774989224,44.5537173113214,0 6.0054972675588,44.5537047638302,0 6.00556258168626,44.5533579451173,0 6.00579255842523,44.5527602494918,0 6.005851307436881,44.5524889236938,0 6.00585849410183,44.5523116133778,0 6.00571351164204,44.5523051112707,0 6.00558617630705,44.5524619999622,0 6.005484366060191,44.5525611672577,0 6.0052533043902,44.552741059785,0 
						</coordinates>
					</LinearRing>
				</outerBoundaryIs>
			</Polygon>
		</Placemark>
		<Placemark id="parcelles-des-personnes-morales_05_groupe_personne_9.600">
		<styleUrl>#PUBLICorASSOCIE</styleUrl>			<visibility>0</visibility>
			<ExtendedData>
				<SchemaData schemaUrl="#parcelles-des-personnes-morales_05_groupe_personne_9.schema">
					<SimpleData name="Numero de Parcelle">051230000E1610</SimpleData>
					<SimpleData name="Departement">05</SimpleData>
					<SimpleData name="Commune">LA ROCHE DES ARNAUDS</SimpleData>
					<SimpleData name="Adresse">LA GRAND PIECE</SimpleData>
					<SimpleData name="Groupe de personne">Etablissements publics ou organismes associes</SimpleData>
					<SimpleData name="Forme Juridique Abregee">SA</SimpleData>
					<SimpleData name="Denomination">SOCIETE NATIONALE SNCF</SimpleData>
				</SchemaData>
			</ExtendedData>
	<Region>
		<LatLonAltBox>
			<north> 44.5617964559913 </north>
			<south> 44.5617437505282 </south>
			<east> 5.94337812051005 </east>
			<west> 5.94292129446028 </west>
		</LatLonAltBox>
		<Lod>
			<minLodPixels>100</minLodPixels>
			<maxLodPixels>-1</maxLodPixels>
		</Lod>
	</Region>
			<Polygon><altitudeMode>relativeToGround</altitudeMode>
				<outerBoundaryIs>
					<LinearRing>
						<coordinates>							5.94337774909982,44.5617617604806,0 5.94337812051005,44.5617447242352,0 5.94292129446028,44.5617437505282,0 5.94305954548955,44.561790062959,0 5.94337729079138,44.5617964559913,0 5.94337774909982,44.5617617604806,0 
						</coordinates>
					</LinearRing>
				</outerBoundaryIs>
			</Polygon>
		</Placemark>
		<Placemark id="parcelles-des-personnes-morales_05_groupe_personne_9.604">
		<styleUrl>#PUBLICorASSOCIE</styleUrl>			<visibility>0</visibility>
			<ExtendedData>
				<SchemaData schemaUrl="#parcelles-des-personnes-morales_05_groupe_personne_9.schema">
					<SimpleData name="Numero de Parcelle">051230000D0162</SimpleData>
					<SimpleData name="Departement">05</SimpleData>
					<SimpleData name="Commune">LA ROCHE DES ARNAUDS</SimpleData>
					<SimpleData name="Adresse">LES JOPPES</SimpleData>
					<SimpleData name="Groupe de personne">Etablissements publics ou organismes associes</SimpleData>
					<SimpleData name="Forme Juridique Abregee">ASS</SimpleData>
					<SimpleData name="Denomination">ASA DU CANAL DE GAP</SimpleData>
				</SchemaData>
			</ExtendedData>
	<Region>
		<LatLonAltBox>
			<north> 44.5537306437882 </north>
			<south> 44.552741059785 </south>
			<east> 6.0052533043902 </east>
			<west> 6.00400714323193 </west>
		</LatLonAltBox>
		<Lod>
			<minLodPixels>100</minLodPixels>
			<maxLodPixels>-1</maxLodPixels>
		</Lod>
	</Region>
			<Polygon><altitudeMode>relativeToGround</altitudeMode>
				<outerBoundaryIs>
					<LinearRing>
						<coordinates>							6.00400714323193,44.5537306437882,0 6.004774989224,44.5537173113214,0 6.0052533043902,44.552741059785,0 6.0050457536223,44.5529011228018,0 6.00499499869861,44.5529488102443,0 6.00484120581845,44.5530892113597,0 6.00468324737628,44.5532271130674,0 6.00440905622007,44.5534442132979,0 6.00401758376655,44.5537161256168,0 6.00400714323193,44.5537306437882,0 
						</coordinates>
					</LinearRing>
				</outerBoundaryIs>
			</Polygon>
		</Placemark>
		<Placemark id="parcelles-des-personnes-morales_05_groupe_personne_9.619">
		<styleUrl>#PUBLICorASSOCIE</styleUrl>			<visibility>0</visibility>
			<ExtendedData>
				<SchemaData schemaUrl="#parcelles-des-personnes-morales_05_groupe_personne_9.schema">
					<SimpleData name="Numero de Parcelle">051230000D0163</SimpleData>
					<SimpleData name="Departement">05</SimpleData>
					<SimpleData name="Commune">LA ROCHE DES ARNAUDS</SimpleData>
					<SimpleData name="Adresse">LES JOPPES</SimpleData>
					<SimpleData name="Groupe de personne">Etablissements publics ou organismes associes</SimpleData>
					<SimpleData name="Forme Juridique Abregee">ASS</SimpleData>
					<SimpleData name="Denomination">ASA DU CANAL DE GAP</SimpleData>
				</SchemaData>
			</ExtendedData>
	<Region>
		<LatLonAltBox>
			<north> 44.5555314860319 </north>
			<south> 44.5523025856568 </south>
			<east> 6.00571351164204 </east>
			<west> 6.00339995201701 </west>
		</LatLonAltBox>
		<Lod>
			<minLodPixels>100</minLodPixels>
			<maxLodPixels>-1</maxLodPixels>
		</Lod>
	</Region>
			<Polygon><altitudeMode>relativeToGround</altitudeMode>
				<outerBoundaryIs>
					<LinearRing>
						<coordinates>							6.00350425972443,44.5544944079476,0 6.003545933559031,44.5544488602015,0 6.00359199505797,44.5544052650868,0 6.00362769366585,44.5543752850844,0 6.00364365942608,44.554336743071,0 6.00367778366988,44.5542582480368,0 6.003716900654051,44.554181238725,0 6.00374260082642,44.5541362156721,0 6.0038721515053,44.5539189995566,0 6.00400714323193,44.5537306437882,0 6.00401758376655,44.5537161256168,0 6.00440905622007,44.5534442132979,0 6.00468324737628,44.5532271130674,0 6.00484120581845,44.5530892113597,0 6.00499499869861,44.5529488102443,0 6.0050457536223,44.5529011228018,0 6.0052533043902,44.552741059785,0 6.005484366060191,44.5525611672577,0 6.00558617630705,44.5524619999622,0 6.00571351164204,44.5523051112707,0 6.0056243024403,44.5523025856568,0 6.00553167188484,44.5523919536166,0 6.00550650820868,44.5524422777445,0 6.00537578935695,44.5525545742665,0 6.00519404892166,44.552688259497,0 6.00501622079078,44.5528244504748,0 6.004963737135281,44.5528656985744,0 6.00471535114697,44.5530965112832,0 6.00452504208138,44.5532491670751,0 6.004267460104121,44.5534516708908,0 6.00396086248162,44.5536659583436,0 6.003884882855221,44.5537368539284,0 6.003682335514689,44.5540549739678,0 6.003499827214621,44.5543495757051,0 6.0034440167056,44.5544419939038,0 6.00339995201701,44.554556254316,0 6.003406401491491,44.5547531930976,0 6.00341852563785,44.5549525900664,0 6.00345453241782,44.5550112491211,0 6.00352482411355,44.5550678041116,0 6.0037124333814,44.5552051294492,0 6.003905899360919,44.5553412140517,0 6.00398822175129,44.5554059998178,0 6.0040201589576,44.5554402653083,0 6.004036069451699,44.5555095610742,0 6.00410766877883,44.5555314860319,0 6.00410402534374,44.5554961802715,0 6.004095112077899,44.5554612881988,0 6.00408108353818,44.5554273461395,0 6.004072551668399,44.5554114524332,0 6.00398571336874,44.5553399428734,0 6.003804502493781,44.5552068581961,0 6.00360359507085,44.5550706155777,0 6.0035417766876,44.5550217578865,0 6.0035062206747,44.554978671955,0 6.003475349860919,44.5549336567539,0 6.003461925088891,44.5549110493974,0 6.00346393943135,44.5547808162742,0 6.00347397438258,44.5546545090005,0 6.00347850839216,44.5545266397263,0 6.00350425972443,44.5544944079476,0 
						</coordinates>
					</LinearRing>
				</outerBoundaryIs>
			</Polygon>
		</Placemark>
		<Placemark id="parcelles-des-personnes-morales_05_groupe_personne_9.668">
		<styleUrl>#PUBLICorASSOCIE</styleUrl>			<visibility>0</visibility>
			<ExtendedData>
				<SchemaData schemaUrl="#parcelles-des-personnes-morales_05_groupe_personne_9.schema">
					<SimpleData name="Numero de Parcelle">051230000D0172</SimpleData>
					<SimpleData name="Departement">05</SimpleData>
					<SimpleData name="Commune">LA ROCHE DES ARNAUDS</SimpleData>
					<SimpleData name="Adresse">CHAMP DE QUINT</SimpleData>
					<SimpleData name="Groupe de personne">Etablissements publics ou organismes associes</SimpleData>
					<SimpleData name="Forme Juridique Abregee">ASS</SimpleData>
					<SimpleData name="Denomination">ASA DU CANAL DE GAP</SimpleData>
				</SchemaData>
			</ExtendedData>
	<Region>
		<LatLonAltBox>
			<north> 44.5566406786129 </north>
			<south> 44.5555095610742 </south>
			<east> 6.004150329334911 </east>
			<west> 6.003969979072729 </west>
		</LatLonAltBox>
		<Lod>
			<minLodPixels>100</minLodPixels>
			<maxLodPixels>-1</maxLodPixels>
		</Lod>
	</Region>
			<Polygon><altitudeMode>relativeToGround</altitudeMode>
				<outerBoundaryIs>
					<LinearRing>
						<coordinates>							6.004036069451699,44.5555095610742,0 6.00406649093472,44.5556762984183,0 6.00406825583824,44.5557047184646,0 6.00405778580554,44.5558062632822,0 6.00397936835089,44.5560349708606,0 6.003969979072729,44.5561331529778,0 6.003990660545441,44.556367812198,0 6.00400475758121,44.5564527427286,0 6.00404714252863,44.5565483447134,0 6.004055249663061,44.556579925459,0 6.00407057975629,44.5566406786129,0 6.004150329334911,44.556593193516,0 6.00408126011396,44.5564223728438,0 6.00404775764386,44.5562001344531,0 6.00405142849879,44.5561341795864,0 6.00404915292004,44.5560582965985,0 6.004127739500701,44.5558469715093,0 6.004140870639471,44.5557196789313,0 6.004113660508031,44.5555990697812,0 6.00410766877883,44.5555314860319,0 6.004036069451699,44.5555095610742,0 
						</coordinates>
					</LinearRing>
				</outerBoundaryIs>
			</Polygon>
		</Placemark>
		<Placemark id="parcelles-des-personnes-morales_05_groupe_personne_9.691">
		<styleUrl>#PUBLICorASSOCIE</styleUrl>			<visibility>0</visibility>
			<ExtendedData>
				<SchemaData schemaUrl="#parcelles-des-personnes-morales_05_groupe_personne_9.schema">
					<SimpleData name="Numero de Parcelle">051230000E1772</SimpleData>
					<SimpleData name="Departement">05</SimpleData>
					<SimpleData name="Commune">LA ROCHE DES ARNAUDS</SimpleData>
					<SimpleData name="Adresse">LES VERNES</SimpleData>
					<SimpleData name="Groupe de personne">Etablissements publics ou organismes associes</SimpleData>
					<SimpleData name="Forme Juridique Abregee">SA</SimpleData>
					<SimpleData name="Denomination">SOCIETE NATIONALE SNCF</SimpleData>
				</SchemaData>
			</ExtendedData>
	<Region>
		<LatLonAltBox>
			<north> 44.5618513466819 </north>
			<south> 44.5599444158267 </south>
			<east> 5.92141009680694 </east>
			<west> 5.91255182885354 </west>
		</LatLonAltBox>
		<Lod>
			<minLodPixels>100</minLodPixels>
			<maxLodPixels>-1</maxLodPixels>
		</Lod>
	</Region>
			<Polygon><altitudeMode>relativeToGround</altitudeMode>
				<outerBoundaryIs>
					<LinearRing>
						<coordinates>							5.91267664842612,44.5616648203352,0 5.91264582957893,44.561709775175,0 5.9125824472643,44.5618073880946,0 5.91255182885354,44.5618513466819,0 5.91311021298717,44.5618475140673,0 5.914474647394901,44.5618508689213,0 5.9156760444102,44.5618495945331,0 5.91603164524532,44.5618474091119,0 5.91725243691023,44.561646066203,0 5.91728006984104,44.5616370481434,0 5.91839741849179,44.5612678941825,0 5.918408156533659,44.5612635564721,0 5.92082951049115,44.560278665794,0 5.92140670275431,44.5600956536722,0 5.92141009680694,44.5600541245342,0 5.921390174839939,44.5600222209669,0 5.92136408757246,44.5599807513194,0 5.92131760186849,44.5599444158267,0 5.9209676389075,44.5600479957206,0 5.91832033222412,44.5611344435576,0 5.91770177900378,44.5613391617811,0 5.91720227257087,44.5615044263312,0 5.91605469069073,44.561705726787,0 5.91516083120997,44.5617183433525,0 5.91267664842612,44.5616648203352,0 
						</coordinates>
					</LinearRing>
				</outerBoundaryIs>
				<innerBoundaryIs>
					<LinearRing>
						<coordinates>							5.919914584799149,44.5606410499419,0 5.91988602032559,44.5606563993002,0 5.91986336739372,44.5606350176094,0 5.91989812536348,44.5606224772612,0 5.919914584799149,44.5606410499419,0 
						</coordinates>
					</LinearRing>
				</innerBoundaryIs>
			</Polygon>
		</Placemark>
		<Placemark id="parcelles-des-personnes-morales_05_groupe_personne_9.692">
		<styleUrl>#PUBLICorASSOCIE</styleUrl>			<visibility>0</visibility>
			<ExtendedData>
				<SchemaData schemaUrl="#parcelles-des-personnes-morales_05_groupe_personne_9.schema">
					<SimpleData name="Numero de Parcelle">051230000E1773</SimpleData>
					<SimpleData name="Departement">05</SimpleData>
					<SimpleData name="Commune">LA ROCHE DES ARNAUDS</SimpleData>
					<SimpleData name="Adresse">LES VERNES</SimpleData>
					<SimpleData name="Groupe de personne">Etablissements publics ou organismes associes</SimpleData>
					<SimpleData name="Forme Juridique Abregee">SA</SimpleData>
					<SimpleData name="Denomination">SOCIETE NATIONALE SNCF</SimpleData>
				</SchemaData>
			</ExtendedData>
	<Region>
		<LatLonAltBox>
			<north> 44.5619049150746 </north>
			<south> 44.5618474091119 </south>
			<east> 5.91603164524532 </east>
			<west> 5.912538113911559 </west>
		</LatLonAltBox>
		<Lod>
			<minLodPixels>100</minLodPixels>
			<maxLodPixels>-1</maxLodPixels>
		</Lod>
	</Region>
			<Polygon><altitudeMode>relativeToGround</altitudeMode>
				<outerBoundaryIs>
					<LinearRing>
						<coordinates>							5.91255182885354,44.5618513466819,0 5.912538113911559,44.5618712569956,0 5.91568255707869,44.5619049150746,0 5.91603164524532,44.5618474091119,0 5.9156760444102,44.5618495945331,0 5.914474647394901,44.5618508689213,0 5.91311021298717,44.5618475140673,0 5.91255182885354,44.5618513466819,0 
						</coordinates>
					</LinearRing>
				</outerBoundaryIs>
			</Polygon>
		</Placemark>
		<Placemark id="parcelles-des-personnes-morales_05_groupe_personne_9.808">
		<styleUrl>#PUBLICorASSOCIE</styleUrl>			<visibility>0</visibility>
			<ExtendedData>
				<SchemaData schemaUrl="#parcelles-des-personnes-morales_05_groupe_personne_9.schema">
					<SimpleData name="Numero de Parcelle">051230000E2041</SimpleData>
					<SimpleData name="Departement">05</SimpleData>
					<SimpleData name="Commune">LA ROCHE DES ARNAUDS</SimpleData>
					<SimpleData name="Adresse">LES TAVIS</SimpleData>
					<SimpleData name="Groupe de personne">Etablissements publics ou organismes associes</SimpleData>
					<SimpleData name="Forme Juridique Abregee">SA</SimpleData>
					<SimpleData name="Denomination">SOCIETE NATIONALE SNCF</SimpleData>
				</SchemaData>
			</ExtendedData>
	<Region>
		<LatLonAltBox>
			<north> 44.5615072430142 </north>
			<south> 44.5599947062451 </south>
			<east> 5.934091177305251 </east>
			<west> 5.92975463394365 </west>
		</LatLonAltBox>
		<Lod>
			<minLodPixels>100</minLodPixels>
			<maxLodPixels>-1</maxLodPixels>
		</Lod>
	</Region>
			<Polygon><altitudeMode>relativeToGround</altitudeMode>
				<outerBoundaryIs>
					<LinearRing>
						<coordinates>							5.92975463394365,44.5601472019424,0 5.93195507629567,44.5608637013528,0 5.933642835826049,44.5614149628996,0 5.93366893975646,44.5613935494253,0 5.933715425848041,44.5614078989775,0 5.93372541061179,44.5613939405581,0 5.93401626713963,44.5614770175361,0 5.93400491324557,44.5614961472769,0 5.934021682575741,44.5615011968461,0 5.934034849558151,44.5615072430142,0 5.93405158100897,44.561460674271,0 5.934091177305251,44.5613691754861,0 5.93381757600388,44.5612956397079,0 5.93377599248974,44.5613295361214,0 5.933703793801479,44.5613101944758,0 5.9337015173686,44.5612736800376,0 5.929808205527901,44.5599947062451,0 5.9297719740304,44.5600977350572,0 5.92975463394365,44.5601472019424,0 
						</coordinates>
					</LinearRing>
				</outerBoundaryIs>
			</Polygon>
		</Placemark>
		<Placemark id="parcelles-des-personnes-morales_05_groupe_personne_9.887">
		<styleUrl>#PUBLICorASSOCIE</styleUrl>			<visibility>0</visibility>
			<ExtendedData>
				<SchemaData schemaUrl="#parcelles-des-personnes-morales_05_groupe_personne_9.schema">
					<SimpleData name="Numero de Parcelle">051230000D0228</SimpleData>
					<SimpleData name="Departement">05</SimpleData>
					<SimpleData name="Commune">LA ROCHE DES ARNAUDS</SimpleData>
					<SimpleData name="Adresse">LES HERMES DE CORIE</SimpleData>
					<SimpleData name="Groupe de personne">Etablissements publics ou organismes associes</SimpleData>
					<SimpleData name="Forme Juridique Abregee">ASS</SimpleData>
					<SimpleData name="Denomination">ASA DU CANAL DE GAP</SimpleData>
				</SchemaData>
			</ExtendedData>
	<Region>
		<LatLonAltBox>
			<north> 44.5522752236653 </north>
			<south> 44.5507324259804 </south>
			<east> 6.00625353934087 </east>
			<west> 6.0056103816501 </west>
		</LatLonAltBox>
		<Lod>
			<minLodPixels>100</minLodPixels>
			<maxLodPixels>-1</maxLodPixels>
		</Lod>
	</Region>
			<Polygon><altitudeMode>relativeToGround</altitudeMode>
				<outerBoundaryIs>
					<LinearRing>
						<coordinates>							6.0056103816501,44.5522659382342,0 6.00570940003831,44.5522752236653,0 6.00601158438633,44.5515809680897,0 6.00607282202386,44.5514320952106,0 6.00616350343423,44.551168998592,0 6.00623757077805,44.5508920303077,0 6.00625353934087,44.5507400660601,0 6.00621085598932,44.5507358233009,0 6.00615983005002,44.550733429345,0 6.00613382345074,44.5507324259804,0 6.00614088645234,44.5508650244501,0 6.006082452447241,44.5510949008897,0 6.0060238600504,44.5513028900477,0 6.00594638828574,44.5514899522139,0 6.0057808728829,44.5518785082221,0 6.0056103816501,44.5522659382342,0 
						</coordinates>
					</LinearRing>
				</outerBoundaryIs>
			</Polygon>
		</Placemark>
		<Placemark id="parcelles-des-personnes-morales_05_groupe_personne_9.935">
		<styleUrl>#PUBLICorASSOCIE</styleUrl>			<visibility>0</visibility>
			<ExtendedData>
				<SchemaData schemaUrl="#parcelles-des-personnes-morales_05_groupe_personne_9.schema">
					<SimpleData name="Numero de Parcelle">051230000D0244</SimpleData>
					<SimpleData name="Departement">05</SimpleData>
					<SimpleData name="Commune">LA ROCHE DES ARNAUDS</SimpleData>
					<SimpleData name="Adresse">CHAMP MURET</SimpleData>
					<SimpleData name="Groupe de personne">Etablissements publics ou organismes associes</SimpleData>
					<SimpleData name="Forme Juridique Abregee">ASS</SimpleData>
					<SimpleData name="Denomination">ASA DU CANAL DE GAP</SimpleData>
				</SchemaData>
			</ExtendedData>
	<Region>
		<LatLonAltBox>
			<north> 44.5474173621132 </north>
			<south> 44.547175136757 </south>
			<east> 6.00393293051012 </east>
			<west> 6.00377050939851 </west>
		</LatLonAltBox>
		<Lod>
			<minLodPixels>100</minLodPixels>
			<maxLodPixels>-1</maxLodPixels>
		</Lod>
	</Region>
			<Polygon><altitudeMode>relativeToGround</altitudeMode>
				<outerBoundaryIs>
					<LinearRing>
						<coordinates>							6.00377050939851,44.5472042151377,0 6.00382458800832,44.5473563442513,0 6.003846732295099,44.5474173621132,0 6.00387921224868,44.5473814336616,0 6.003911934177679,44.5473453184367,0 6.00393293051012,44.5472877209205,0 6.003885617549871,44.547175136757,0 6.00386467094879,44.5471957966096,0 6.003851421446419,44.5472001211186,0 6.00382933271126,44.5472040555829,0 6.00380665592605,44.5472040421522,0 6.00377050939851,44.5472042151377,0 
						</coordinates>
					</LinearRing>
				</outerBoundaryIs>
			</Polygon>
		</Placemark>
		<Placemark id="parcelles-des-personnes-morales_05_groupe_personne_9.937">
		<styleUrl>#PUBLICorASSOCIE</styleUrl>			<visibility>0</visibility>
			<ExtendedData>
				<SchemaData schemaUrl="#parcelles-des-personnes-morales_05_groupe_personne_9.schema">
					<SimpleData name="Numero de Parcelle">051230000D0245</SimpleData>
					<SimpleData name="Departement">05</SimpleData>
					<SimpleData name="Commune">LA ROCHE DES ARNAUDS</SimpleData>
					<SimpleData name="Adresse">CHAMP MURET</SimpleData>
					<SimpleData name="Groupe de personne">Etablissements publics ou organismes associes</SimpleData>
					<SimpleData name="Forme Juridique Abregee">ASS</SimpleData>
					<SimpleData name="Denomination">ASA DU CANAL DE GAP</SimpleData>
				</SchemaData>
			</ExtendedData>
	<Region>
		<LatLonAltBox>
			<north> 44.5473563442513 </north>
			<south> 44.5470878892993 </south>
			<east> 6.00382458800832 </east>
			<west> 6.00326481611792 </west>
		</LatLonAltBox>
		<Lod>
			<minLodPixels>100</minLodPixels>
			<maxLodPixels>-1</maxLodPixels>
		</Lod>
	</Region>
			<Polygon><altitudeMode>relativeToGround</altitudeMode>
				<outerBoundaryIs>
					<LinearRing>
						<coordinates>							6.003750380162559,44.5471479171201,0 6.00326481611792,44.5470878892993,0 6.00330627333789,44.5472940548206,0 6.00382458800832,44.5473563442513,0 6.00377050939851,44.5472042151377,0 6.003750380162559,44.5471479171201,0 
						</coordinates>
					</LinearRing>
				</outerBoundaryIs>
			</Polygon>
		</Placemark>
		<Placemark id="parcelles-des-personnes-morales_05_groupe_personne_9.939">
		<styleUrl>#PUBLICorASSOCIE</styleUrl>			<visibility>0</visibility>
			<ExtendedData>
				<SchemaData schemaUrl="#parcelles-des-personnes-morales_05_groupe_personne_9.schema">
					<SimpleData name="Numero de Parcelle">051230000D0246</SimpleData>
					<SimpleData name="Departement">05</SimpleData>
					<SimpleData name="Commune">LA ROCHE DES ARNAUDS</SimpleData>
					<SimpleData name="Adresse">CHAMP MURET</SimpleData>
					<SimpleData name="Groupe de personne">Etablissements publics ou organismes associes</SimpleData>
					<SimpleData name="Forme Juridique Abregee">ASS</SimpleData>
					<SimpleData name="Denomination">ASA DU CANAL DE GAP</SimpleData>
				</SchemaData>
			</ExtendedData>
	<Region>
		<LatLonAltBox>
			<north> 44.5471479171201 </north>
			<south> 44.5468348888112 </south>
			<east> 6.003750380162559 </east>
			<west> 6.00321633189353 </west>
		</LatLonAltBox>
		<Lod>
			<minLodPixels>100</minLodPixels>
			<maxLodPixels>-1</maxLodPixels>
		</Lod>
	</Region>
			<Polygon><altitudeMode>relativeToGround</altitudeMode>
				<outerBoundaryIs>
					<LinearRing>
						<coordinates>							6.00326481611792,44.5470878892993,0 6.003750380162559,44.5471479171201,0 6.003647285704589,44.5468677548834,0 6.00321633189353,44.5468348888112,0 6.00326481611792,44.5470878892993,0 
						</coordinates>
					</LinearRing>
				</outerBoundaryIs>
			</Polygon>
		</Placemark>
		<Placemark id="parcelles-des-personnes-morales_05_groupe_personne_9.943">
		<styleUrl>#PUBLICorASSOCIE</styleUrl>			<visibility>0</visibility>
			<ExtendedData>
				<SchemaData schemaUrl="#parcelles-des-personnes-morales_05_groupe_personne_9.schema">
					<SimpleData name="Numero de Parcelle">051230000D0247</SimpleData>
					<SimpleData name="Departement">05</SimpleData>
					<SimpleData name="Commune">LA ROCHE DES ARNAUDS</SimpleData>
					<SimpleData name="Adresse">CHAMP MURET</SimpleData>
					<SimpleData name="Groupe de personne">Etablissements publics ou organismes associes</SimpleData>
					<SimpleData name="Forme Juridique Abregee">ASS</SimpleData>
					<SimpleData name="Denomination">ASA DU CANAL DE GAP</SimpleData>
				</SchemaData>
			</ExtendedData>
	<Region>
		<LatLonAltBox>
			<north> 44.5471558254853 </north>
			<south> 44.5456360986668 </south>
			<east> 6.00384653126198 </east>
			<west> 6.00285156905466 </west>
		</LatLonAltBox>
		<Lod>
			<minLodPixels>100</minLodPixels>
			<maxLodPixels>-1</maxLodPixels>
		</Lod>
	</Region>
			<Polygon><altitudeMode>relativeToGround</altitudeMode>
				<outerBoundaryIs>
					<LinearRing>
						<coordinates>							6.00315626045673,44.5459829351586,0 6.00341200535567,44.5462270522676,0 6.00344278863195,44.5463154922237,0 6.00354241891776,44.5465921452686,0 6.003647285704589,44.5468677548834,0 6.003750380162559,44.5471479171201,0 6.00378604477626,44.5471528923023,0 6.00380736519737,44.5471558254853,0 6.00384653126198,44.5471461110084,0 6.00384359823889,44.547053129388,0 6.00371245464022,44.5467075155775,0 6.00352728299517,44.5462201313768,0 6.003490618466131,44.5461537429998,0 6.00341423520722,44.546074832154,0 6.00334144962881,44.5459996070755,0 6.0030380971918,44.5457083177105,0 6.00296408681496,44.5456360986668,0 6.00294584763333,44.5456437119355,0 6.00287646226549,44.5456726263913,0 6.00285156905466,44.5456830332574,0 6.002918703092839,44.5457491332856,0 6.00315626045673,44.5459829351586,0 
						</coordinates>
					</LinearRing>
				</outerBoundaryIs>
			</Polygon>
		</Placemark>
		<Placemark id="parcelles-des-personnes-morales_05_groupe_personne_9.979">
		<styleUrl>#PUBLICorASSOCIE</styleUrl>			<visibility>0</visibility>
			<ExtendedData>
				<SchemaData schemaUrl="#parcelles-des-personnes-morales_05_groupe_personne_9.schema">
					<SimpleData name="Numero de Parcelle">051230000D0259</SimpleData>
					<SimpleData name="Departement">05</SimpleData>
					<SimpleData name="Commune">LA ROCHE DES ARNAUDS</SimpleData>
					<SimpleData name="Adresse">LE GRAVA</SimpleData>
					<SimpleData name="Groupe de personne">Etablissements publics ou organismes associes</SimpleData>
					<SimpleData name="Forme Juridique Abregee">SA</SimpleData>
					<SimpleData name="Denomination">SOCIETE NATIONALE SNCF</SimpleData>
				</SchemaData>
			</ExtendedData>
	<Region>
		<LatLonAltBox>
			<north> 44.5448479232438 </north>
			<south> 44.5444805142908 </south>
			<east> 5.99512869099953 </east>
			<west> 5.991742697155581 </west>
		</LatLonAltBox>
		<Lod>
			<minLodPixels>100</minLodPixels>
			<maxLodPixels>-1</maxLodPixels>
		</Lod>
	</Region>
			<Polygon><altitudeMode>relativeToGround</altitudeMode>
				<outerBoundaryIs>
					<LinearRing>
						<coordinates>							5.99193460561303,44.54483658291,0 5.9935573577114,44.5447459123817,0 5.99512869099953,44.5446620186251,0 5.995125553788031,44.5445839073328,0 5.99512120098252,44.5444805142908,0 5.991742697155581,44.5446597177251,0 5.991756397530821,44.5447732174526,0 5.99176552221326,44.5448479232438,0 5.99193460561303,44.54483658291,0 
						</coordinates>
					</LinearRing>
				</outerBoundaryIs>
			</Polygon>
		</Placemark>
		<Placemark id="parcelles-des-personnes-morales_05_groupe_personne_9.1050">
		<styleUrl>#PUBLICorASSOCIE</styleUrl>			<visibility>0</visibility>
			<ExtendedData>
				<SchemaData schemaUrl="#parcelles-des-personnes-morales_05_groupe_personne_9.schema">
					<SimpleData name="Numero de Parcelle">051230000D0282</SimpleData>
					<SimpleData name="Departement">05</SimpleData>
					<SimpleData name="Commune">LA ROCHE DES ARNAUDS</SimpleData>
					<SimpleData name="Adresse">LE MONGE</SimpleData>
					<SimpleData name="Groupe de personne">Etablissements publics ou organismes associes</SimpleData>
					<SimpleData name="Forme Juridique Abregee">SA</SimpleData>
					<SimpleData name="Denomination">SOCIETE NATIONALE SNCF</SimpleData>
				</SchemaData>
			</ExtendedData>
	<Region>
		<LatLonAltBox>
			<north> 44.5466642566985 </north>
			<south> 44.5465881268516 </south>
			<east> 5.98451057379614 </east>
			<west> 5.98438424675519 </west>
		</LatLonAltBox>
		<Lod>
			<minLodPixels>100</minLodPixels>
			<maxLodPixels>-1</maxLodPixels>
		</Lod>
	</Region>
			<Polygon><altitudeMode>relativeToGround</altitudeMode>
				<outerBoundaryIs>
					<LinearRing>
						<coordinates>							5.98441598898113,44.5466642566985,0 5.98451057379614,44.546623321635,0 5.98448616310617,44.5465881268516,0 5.98438424675519,44.5466309718113,0 5.98441598898113,44.5466642566985,0 
						</coordinates>
					</LinearRing>
				</outerBoundaryIs>
			</Polygon>
		</Placemark>
		<Placemark id="parcelles-des-personnes-morales_05_groupe_personne_9.1058">
		<styleUrl>#PUBLICorASSOCIE</styleUrl>			<visibility>0</visibility>
			<ExtendedData>
				<SchemaData schemaUrl="#parcelles-des-personnes-morales_05_groupe_personne_9.schema">
					<SimpleData name="Numero de Parcelle">051230000D0284</SimpleData>
					<SimpleData name="Departement">05</SimpleData>
					<SimpleData name="Commune">LA ROCHE DES ARNAUDS</SimpleData>
					<SimpleData name="Adresse">LE MONGE</SimpleData>
					<SimpleData name="Groupe de personne">Etablissements publics ou organismes associes</SimpleData>
					<SimpleData name="Forme Juridique Abregee">SA</SimpleData>
					<SimpleData name="Denomination">SOCIETE NATIONALE SNCF</SimpleData>
				</SchemaData>
			</ExtendedData>
	<Region>
		<LatLonAltBox>
			<north> 44.5471135692975 </north>
			<south> 44.5446597177251 </south>
			<east> 5.99176552221326 </east>
			<west> 5.9835094475265 </west>
		</LatLonAltBox>
		<Lod>
			<minLodPixels>100</minLodPixels>
			<maxLodPixels>-1</maxLodPixels>
		</Lod>
	</Region>
			<Polygon><altitudeMode>relativeToGround</altitudeMode>
				<outerBoundaryIs>
					<LinearRing>
						<coordinates>							5.99176552221326,44.5448479232438,0 5.991756397530821,44.5447732174526,0 5.991742697155581,44.5446597177251,0 5.98945403653661,44.5448189407415,0 5.987848104734609,44.5451417920339,0 5.98766063919932,44.5452223606496,0 5.98671867781299,44.5456425309332,0 5.98593818635026,44.5459838218617,0 5.98458925427661,44.5465460608133,0 5.98450677099755,44.5464465823751,0 5.98373736976112,44.5468074666675,0 5.98378011978948,44.5468130674925,0 5.983827361656431,44.5468059345905,0 5.983959195888491,44.5467761547786,0 5.98417806364522,44.5467151034126,0 5.98431174959932,44.546670318549,0 5.98440394529719,44.5466818792045,0 5.9843551744413,44.5467053595703,0 5.98431105070263,44.5467047509358,0 5.983967656123159,44.5468098890862,0 5.98380584209416,44.5468421010056,0 5.98371918742549,44.5468448040698,0 5.9835094475265,44.5467544406967,0 5.98369884086174,44.5469365228299,0 5.98367166325768,44.5469538336849,0 5.98376287196006,44.5470396537961,0 5.983841231830989,44.5471135692975,0 5.98426821612847,44.5469095973983,0 5.98540117916953,44.5464843725074,0 5.98465167142605,44.5467234671743,0 5.98458155492892,44.5467196878007,0 5.984637872926091,44.546691228588,0 5.98562643870915,44.5463703539069,0 5.98572003877624,44.5463417864317,0 5.98575823829369,44.5463447168714,0 5.985927961484641,44.5462834599761,0 5.98586627569657,44.5462056714985,0 5.987863726691949,44.5453655074641,0 5.98885271210371,44.5451246796459,0 5.98891586946414,44.5451112577838,0 5.989089419086841,44.5450771888443,0 5.98926429596687,44.5450467772777,0 5.9893835420355,44.545043457251,0 5.98981500833935,44.5449842029509,0 5.99021279405162,44.5449336070596,0 5.99176552221326,44.5448479232438,0 
						</coordinates>
					</LinearRing>
				</outerBoundaryIs>
				<innerBoundaryIs>
					<LinearRing>
						<coordinates>							5.98441598898113,44.5466642566985,0 5.98438424675519,44.5466309718113,0 5.98448616310617,44.5465881268516,0 5.98451057379614,44.546623321635,0 5.98441598898113,44.5466642566985,0 
						</coordinates>
					</LinearRing>
				</innerBoundaryIs>
			</Polygon>
		</Placemark>
		<Placemark id="parcelles-des-personnes-morales_05_groupe_personne_9.1089">
		<styleUrl>#PUBLICorASSOCIE</styleUrl>			<visibility>0</visibility>
			<ExtendedData>
				<SchemaData schemaUrl="#parcelles-des-personnes-morales_05_groupe_personne_9.schema">
					<SimpleData name="Numero de Parcelle">051230000D0294</SimpleData>
					<SimpleData name="Departement">05</SimpleData>
					<SimpleData name="Commune">LA ROCHE DES ARNAUDS</SimpleData>
					<SimpleData name="Adresse">CHAMP L EGLISE</SimpleData>
					<SimpleData name="Groupe de personne">Etablissements publics ou organismes associes</SimpleData>
					<SimpleData name="Forme Juridique Abregee">SA</SimpleData>
					<SimpleData name="Denomination">SOCIETE NATIONALE SNCF</SimpleData>
				</SchemaData>
			</ExtendedData>
	<Region>
		<LatLonAltBox>
			<north> 44.5478877535221 </north>
			<south> 44.5469754001395 </south>
			<east> 5.983802495129109 </east>
			<west> 5.9820598938668 </west>
		</LatLonAltBox>
		<Lod>
			<minLodPixels>100</minLodPixels>
			<maxLodPixels>-1</maxLodPixels>
		</Lod>
	</Region>
			<Polygon><altitudeMode>relativeToGround</altitudeMode>
				<outerBoundaryIs>
					<LinearRing>
						<coordinates>							5.98363702604115,44.5469754001395,0 5.98344514467869,44.547098962427,0 5.98327385486662,44.5470019737568,0 5.98307550612594,44.5471700333096,0 5.98278578707045,44.5473731736151,0 5.98252966541623,44.5475374783169,0 5.9820598938668,44.5477782740266,0 5.98220542019285,44.5478597449907,0 5.98223574918553,44.5478877535221,0 5.98304570051764,44.5475523600543,0 5.98349312459654,44.547294056498,0 5.983802495129109,44.5471314629548,0 5.98372889699991,44.5470618329893,0 5.98363702604115,44.5469754001395,0 
						</coordinates>
					</LinearRing>
				</outerBoundaryIs>
			</Polygon>
		</Placemark>
		<Placemark id="parcelles-des-personnes-morales_05_groupe_personne_9.1154">
		<styleUrl>#PUBLICorASSOCIE</styleUrl>			<visibility>0</visibility>
			<ExtendedData>
				<SchemaData schemaUrl="#parcelles-des-personnes-morales_05_groupe_personne_9.schema">
					<SimpleData name="Numero de Parcelle">051230000C0315</SimpleData>
					<SimpleData name="Departement">05</SimpleData>
					<SimpleData name="Commune">LA ROCHE DES ARNAUDS</SimpleData>
					<SimpleData name="Adresse">CLOT DE FARUS</SimpleData>
					<SimpleData name="Groupe de personne">Etablissements publics ou organismes associes</SimpleData>
					<SimpleData name="Forme Juridique Abregee">ASS</SimpleData>
					<SimpleData name="Denomination">ASA DU CANAL DE GAP</SimpleData>
				</SchemaData>
			</ExtendedData>
	<Region>
		<LatLonAltBox>
			<north> 44.5608993463384 </north>
			<south> 44.5590518387931 </south>
			<east> 6.0027578644996 </east>
			<west> 5.999521152220299 </west>
		</LatLonAltBox>
		<Lod>
			<minLodPixels>100</minLodPixels>
			<maxLodPixels>-1</maxLodPixels>
		</Lod>
	</Region>
			<Polygon><altitudeMode>relativeToGround</altitudeMode>
				<outerBoundaryIs>
					<LinearRing>
						<coordinates>							5.9997791130157,44.5608253446742,0 5.99978350259752,44.5608249551261,0 5.99978644361857,44.5608423524461,0 5.999908646267061,44.5608300227816,0 6.00018186203703,44.5608258410274,0 6.00031143983346,44.5608289859418,0 6.000313718000729,44.5608386536238,0 6.00061634141955,44.5608993463384,0 6.00076456187521,44.5608928850139,0 6.00091232970501,44.5608826520596,0 6.00105238043002,44.560869475586,0 6.00139169171546,44.5608191702443,0 6.00209648488757,44.5608149605818,0 6.0027578644996,44.5608260712803,0 6.002694519360329,44.5603555478823,0 6.0026965832426,44.5595442407221,0 6.00149419888977,44.5593113579468,0 6.00115717310712,44.5592552067388,0 6.000485051087181,44.5592028480088,0 5.999521152220299,44.5590518387931,0 5.99967429020192,44.560019735808,0 5.9997791130157,44.5608253446742,0 
						</coordinates>
					</LinearRing>
				</outerBoundaryIs>
			</Polygon>
		</Placemark>
		<Placemark id="parcelles-des-personnes-morales_05_groupe_personne_9.1375">
		<styleUrl>#PUBLICorASSOCIE</styleUrl>			<visibility>0</visibility>
			<ExtendedData>
				<SchemaData schemaUrl="#parcelles-des-personnes-morales_05_groupe_personne_9.schema">
					<SimpleData name="Numero de Parcelle">051230000D0394</SimpleData>
					<SimpleData name="Departement">05</SimpleData>
					<SimpleData name="Commune">LA ROCHE DES ARNAUDS</SimpleData>
					<SimpleData name="Adresse">CHATELAR</SimpleData>
					<SimpleData name="Groupe de personne">Etablissements publics ou organismes associes</SimpleData>
					<SimpleData name="Forme Juridique Abregee">ASS</SimpleData>
					<SimpleData name="Denomination">ASA DU CANAL DE GAP</SimpleData>
				</SchemaData>
			</ExtendedData>
	<Region>
		<LatLonAltBox>
			<north> 44.557204438306 </north>
			<south> 44.5567275444958 </south>
			<east> 5.97974304529566 </east>
			<west> 5.97644728529631 </west>
		</LatLonAltBox>
		<Lod>
			<minLodPixels>100</minLodPixels>
			<maxLodPixels>-1</maxLodPixels>
		</Lod>
	</Region>
			<Polygon><altitudeMode>relativeToGround</altitudeMode>
				<outerBoundaryIs>
					<LinearRing>
						<coordinates>							5.97644728529631,44.5567809697317,0 5.97750288680779,44.5569121368473,0 5.9781522320535,44.5569589424396,0 5.97845823167755,44.5570105046091,0 5.97888356110613,44.5570789353566,0 5.979310201921091,44.5571435454123,0 5.979737655511789,44.557204438306,0 5.97974304529566,44.5571466365863,0 5.97937911698069,44.5570980828679,0 5.97849131231396,44.5569043894698,0 5.978216167367981,44.5568573101305,0 5.97690289551536,44.5567308468393,0 5.97670465278692,44.5567275444958,0 5.976636430237971,44.5567383929642,0 5.97644728529631,44.5567809697317,0 
						</coordinates>
					</LinearRing>
				</outerBoundaryIs>
			</Polygon>
		</Placemark>
		<Placemark id="parcelles-des-personnes-morales_05_groupe_personne_9.1376">
		<styleUrl>#PUBLICorASSOCIE</styleUrl>			<visibility>0</visibility>
			<ExtendedData>
				<SchemaData schemaUrl="#parcelles-des-personnes-morales_05_groupe_personne_9.schema">
					<SimpleData name="Numero de Parcelle">051230000D0395</SimpleData>
					<SimpleData name="Departement">05</SimpleData>
					<SimpleData name="Commune">LA ROCHE DES ARNAUDS</SimpleData>
					<SimpleData name="Adresse">CHATELAR</SimpleData>
					<SimpleData name="Groupe de personne">Etablissements publics ou organismes associes</SimpleData>
					<SimpleData name="Forme Juridique Abregee">ASS</SimpleData>
					<SimpleData name="Denomination">ASA DU CANAL DE GAP</SimpleData>
				</SchemaData>
			</ExtendedData>
	<Region>
		<LatLonAltBox>
			<north> 44.5576330314453 </north>
			<south> 44.5571466365863 </south>
			<east> 5.98092757816171 </east>
			<west> 5.979701348102201 </west>
		</LatLonAltBox>
		<Lod>
			<minLodPixels>100</minLodPixels>
			<maxLodPixels>-1</maxLodPixels>
		</Lod>
	</Region>
			<Polygon><altitudeMode>relativeToGround</altitudeMode>
				<outerBoundaryIs>
					<LinearRing>
						<coordinates>							5.979737655511789,44.557204438306,0 5.97972066734577,44.5573885860283,0 5.979701348102201,44.557488023997,0 5.98008693012128,44.5575457216515,0 5.98039671301218,44.5576330314453,0 5.98061220768741,44.5575597371433,0 5.98092757816171,44.5575095105154,0 5.980193574980111,44.5572293366974,0 5.980071440838031,44.5571951574316,0 5.979947707166131,44.5571736335168,0 5.979822658517469,44.5571558385656,0 5.97974304529566,44.5571466365863,0 5.979737655511789,44.557204438306,0 
						</coordinates>
					</LinearRing>
				</outerBoundaryIs>
			</Polygon>
		</Placemark>
		<Placemark id="parcelles-des-personnes-morales_05_groupe_personne_9.1380">
		<styleUrl>#PUBLICorASSOCIE</styleUrl>			<visibility>0</visibility>
			<ExtendedData>
				<SchemaData schemaUrl="#parcelles-des-personnes-morales_05_groupe_personne_9.schema">
					<SimpleData name="Numero de Parcelle">051230000D0396</SimpleData>
					<SimpleData name="Departement">05</SimpleData>
					<SimpleData name="Commune">LA ROCHE DES ARNAUDS</SimpleData>
					<SimpleData name="Adresse">CHATELAR</SimpleData>
					<SimpleData name="Groupe de personne">Etablissements publics ou organismes associes</SimpleData>
					<SimpleData name="Forme Juridique Abregee">ASS</SimpleData>
					<SimpleData name="Denomination">ASA DU CANAL DE GAP</SimpleData>
				</SchemaData>
			</ExtendedData>
	<Region>
		<LatLonAltBox>
			<north> 44.5581164231402 </north>
			<south> 44.557488023997 </south>
			<east> 5.981643755054279 </east>
			<west> 5.979563168595759 </west>
		</LatLonAltBox>
		<Lod>
			<minLodPixels>100</minLodPixels>
			<maxLodPixels>-1</maxLodPixels>
		</Lod>
	</Region>
			<Polygon><altitudeMode>relativeToGround</altitudeMode>
				<outerBoundaryIs>
					<LinearRing>
						<coordinates>							5.979563168595759,44.5581164231402,0 5.979840583122749,44.5580727195658,0 5.98033215283839,44.5579661178386,0 5.98082935747198,44.5578803522046,0 5.98124469569659,44.5578310287188,0 5.9816423816611,44.5578053330604,0 5.981643755054279,44.55778601714,0 5.98092757816171,44.5575095105154,0 5.98061220768741,44.5575597371433,0 5.98039671301218,44.5576330314453,0 5.98008693012128,44.5575457216515,0 5.979701348102201,44.557488023997,0 5.979563168595759,44.5581164231402,0 
						</coordinates>
					</LinearRing>
				</outerBoundaryIs>
			</Polygon>
		</Placemark>
		<Placemark id="parcelles-des-personnes-morales_05_groupe_personne_9.1523">
		<styleUrl>#PUBLICorASSOCIE</styleUrl>			<visibility>0</visibility>
			<ExtendedData>
				<SchemaData schemaUrl="#parcelles-des-personnes-morales_05_groupe_personne_9.schema">
					<SimpleData name="Numero de Parcelle">051230000C0472</SimpleData>
					<SimpleData name="Departement">05</SimpleData>
					<SimpleData name="Commune">LA ROCHE DES ARNAUDS</SimpleData>
					<SimpleData name="Adresse">GRANDE SAGNE</SimpleData>
					<SimpleData name="Groupe de personne">Etablissements publics ou organismes associes</SimpleData>
					<SimpleData name="Forme Juridique Abregee">ASS</SimpleData>
					<SimpleData name="Denomination">ASA DU CANAL DE GAP</SimpleData>
				</SchemaData>
			</ExtendedData>
	<Region>
		<LatLonAltBox>
			<north> 44.5659395967835 </north>
			<south> 44.5653171224892 </south>
			<east> 5.98585620246914 </east>
			<west> 5.984973467279951 </west>
		</LatLonAltBox>
		<Lod>
			<minLodPixels>100</minLodPixels>
			<maxLodPixels>-1</maxLodPixels>
		</Lod>
	</Region>
			<Polygon><altitudeMode>relativeToGround</altitudeMode>
				<outerBoundaryIs>
					<LinearRing>
						<coordinates>							5.984973467279951,44.5659233386966,0 5.984988567536291,44.5659395967835,0 5.98506283110102,44.5658950671476,0 5.985397943238809,44.5656693432519,0 5.98552272444488,44.5655697545326,0 5.98565155375109,44.5654728489309,0 5.985784048881799,44.5653785466822,0 5.98585620246914,44.5653322717815,0 5.98583675018301,44.5653171224892,0 5.98550357083418,44.5655507233017,0 5.9853306141383,44.5656829654646,0 5.984973467279951,44.5659233386966,0 
						</coordinates>
					</LinearRing>
				</outerBoundaryIs>
			</Polygon>
		</Placemark>
		<Placemark id="parcelles-des-personnes-morales_05_groupe_personne_9.1550">
		<styleUrl>#PUBLICorASSOCIE</styleUrl>			<visibility>0</visibility>
			<ExtendedData>
				<SchemaData schemaUrl="#parcelles-des-personnes-morales_05_groupe_personne_9.schema">
					<SimpleData name="Numero de Parcelle">051230000C0492</SimpleData>
					<SimpleData name="Departement">05</SimpleData>
					<SimpleData name="Commune">LA ROCHE DES ARNAUDS</SimpleData>
					<SimpleData name="Adresse">CHATELAR</SimpleData>
					<SimpleData name="Groupe de personne">Etablissements publics ou organismes associes</SimpleData>
					<SimpleData name="Forme Juridique Abregee">ASS</SimpleData>
					<SimpleData name="Denomination">ASA DU CANAL DE GAP</SimpleData>
				</SchemaData>
			</ExtendedData>
	<Region>
		<LatLonAltBox>
			<north> 44.5603745353583 </north>
			<south> 44.5599838200812 </south>
			<east> 5.9814641005971 </east>
			<west> 5.981007515493521 </west>
		</LatLonAltBox>
		<Lod>
			<minLodPixels>100</minLodPixels>
			<maxLodPixels>-1</maxLodPixels>
		</Lod>
	</Region>
			<Polygon><altitudeMode>relativeToGround</altitudeMode>
				<outerBoundaryIs>
					<LinearRing>
						<coordinates>							5.981008547979579,44.5603493293694,0 5.981181572789379,44.560371142795,0 5.98126277400745,44.5603745353583,0 5.9814641005971,44.5603548642245,0 5.98134378869353,44.5600882097636,0 5.98130626793884,44.5599838200812,0 5.98106275059523,44.5601016551022,0 5.98103924401158,44.5601337306001,0 5.981007515493521,44.5602057569353,0 5.981008547979579,44.5603493293694,0 
						</coordinates>
					</LinearRing>
				</outerBoundaryIs>
			</Polygon>
		</Placemark>
		<Placemark id="parcelles-des-personnes-morales_05_groupe_personne_9.1573">
		<styleUrl>#PUBLICorASSOCIE</styleUrl>			<visibility>0</visibility>
			<ExtendedData>
				<SchemaData schemaUrl="#parcelles-des-personnes-morales_05_groupe_personne_9.schema">
					<SimpleData name="Numero de Parcelle">051230000C0502</SimpleData>
					<SimpleData name="Departement">05</SimpleData>
					<SimpleData name="Commune">LA ROCHE DES ARNAUDS</SimpleData>
					<SimpleData name="Adresse">CHATELAR</SimpleData>
					<SimpleData name="Groupe de personne">Etablissements publics ou organismes associes</SimpleData>
					<SimpleData name="Forme Juridique Abregee">ASS</SimpleData>
					<SimpleData name="Denomination">ASA DU CANAL DE GAP</SimpleData>
				</SchemaData>
			</ExtendedData>
	<Region>
		<LatLonAltBox>
			<north> 44.5589844030366 </north>
			<south> 44.5586172396977 </south>
			<east> 5.9841741290544 </east>
			<west> 5.98283905814788 </west>
		</LatLonAltBox>
		<Lod>
			<minLodPixels>100</minLodPixels>
			<maxLodPixels>-1</maxLodPixels>
		</Lod>
	</Region>
			<Polygon><altitudeMode>relativeToGround</altitudeMode>
				<outerBoundaryIs>
					<LinearRing>
						<coordinates>							5.98287626002622,44.5589844030366,0 5.983214537122081,44.5589431003746,0 5.98389289819859,44.5588780102422,0 5.9841741290544,44.5589112179572,0 5.98416914612212,44.5588670293102,0 5.98414157206739,44.5586172396977,0 5.98283905814788,44.5587382967433,0 5.98287626002622,44.5589844030366,0 
						</coordinates>
					</LinearRing>
				</outerBoundaryIs>
			</Polygon>
		</Placemark>
		<Placemark id="parcelles-des-personnes-morales_05_groupe_personne_9.1574">
		<styleUrl>#PUBLICorASSOCIE</styleUrl>			<visibility>0</visibility>
			<ExtendedData>
				<SchemaData schemaUrl="#parcelles-des-personnes-morales_05_groupe_personne_9.schema">
					<SimpleData name="Numero de Parcelle">051230000C0503</SimpleData>
					<SimpleData name="Departement">05</SimpleData>
					<SimpleData name="Commune">LA ROCHE DES ARNAUDS</SimpleData>
					<SimpleData name="Adresse">CHATELAR</SimpleData>
					<SimpleData name="Groupe de personne">Etablissements publics ou organismes associes</SimpleData>
					<SimpleData name="Forme Juridique Abregee">ASS</SimpleData>
					<SimpleData name="Denomination">ASA DU CANAL DE GAP</SimpleData>
				</SchemaData>
			</ExtendedData>
	<Region>
		<LatLonAltBox>
			<north> 44.5591251543535 </north>
			<south> 44.5587382967433 </south>
			<east> 5.98287626002622 </east>
			<west> 5.981064409046651 </west>
		</LatLonAltBox>
		<Lod>
			<minLodPixels>100</minLodPixels>
			<maxLodPixels>-1</maxLodPixels>
		</Lod>
	</Region>
			<Polygon><altitudeMode>relativeToGround</altitudeMode>
				<outerBoundaryIs>
					<LinearRing>
						<coordinates>							5.98175497056879,44.5590537942696,0 5.982149252826711,44.5590541342903,0 5.982766338618139,44.5589978234199,0 5.98287626002622,44.5589844030366,0 5.98283905814788,44.5587382967433,0 5.982206190989361,44.5588035027072,0 5.981064409046651,44.5588188472936,0 5.98109747539905,44.5591251543535,0 5.98175497056879,44.5590537942696,0 
						</coordinates>
					</LinearRing>
				</outerBoundaryIs>
			</Polygon>
		</Placemark>
		<Placemark id="parcelles-des-personnes-morales_05_groupe_personne_9.1581">
		<styleUrl>#PUBLICorASSOCIE</styleUrl>			<visibility>0</visibility>
			<ExtendedData>
				<SchemaData schemaUrl="#parcelles-des-personnes-morales_05_groupe_personne_9.schema">
					<SimpleData name="Numero de Parcelle">051230000C0506</SimpleData>
					<SimpleData name="Departement">05</SimpleData>
					<SimpleData name="Commune">LA ROCHE DES ARNAUDS</SimpleData>
					<SimpleData name="Adresse">CHATELAR</SimpleData>
					<SimpleData name="Groupe de personne">Etablissements publics ou organismes associes</SimpleData>
					<SimpleData name="Forme Juridique Abregee">ASS</SimpleData>
					<SimpleData name="Denomination">ASA DU CANAL DE GAP</SimpleData>
				</SchemaData>
			</ExtendedData>
	<Region>
		<LatLonAltBox>
			<north> 44.5586187918441 </north>
			<south> 44.5577511557791 </south>
			<east> 5.98314081389386 </east>
			<west> 5.977737542211539 </west>
		</LatLonAltBox>
		<Lod>
			<minLodPixels>100</minLodPixels>
			<maxLodPixels>-1</maxLodPixels>
		</Lod>
	</Region>
			<Polygon><altitudeMode>relativeToGround</altitudeMode>
				<outerBoundaryIs>
					<LinearRing>
						<coordinates>							5.97774205617733,44.558199616202,0 5.97800348072723,44.558258778474,0 5.97837929255403,44.5583580960981,0 5.97865102662661,44.5584454464819,0 5.979268011098121,44.5586187918441,0 5.97938389377035,44.5586061149327,0 5.97955370507603,44.5586172970032,0 5.97976357864258,44.5585615431467,0 5.98029982941937,44.5583250899997,0 5.980773787364699,44.558426524444,0 5.982229829457579,44.5585689055125,0 5.9830905010734,44.5585226780736,0 5.983092964293359,44.5584548652944,0 5.983103140324669,44.5582993685959,0 5.98311758933975,44.5581698819637,0 5.983137230253589,44.5580408856444,0 5.98314081389386,44.5577511557791,0 5.981804885069321,44.557835627478,0 5.981253394098679,44.5578788106764,0 5.98103347397441,44.5579041187778,0 5.98068429822572,44.5579560692639,0 5.98055967411849,44.5579773617833,0 5.980145823710941,44.5580572723726,0 5.980148254937681,44.5580651344726,0 5.97998067263389,44.5581557826054,0 5.979800938989891,44.5582215338722,0 5.97966090227115,44.5582563942313,0 5.979103444619111,44.5583131506945,0 5.9789603372253,44.5583113371686,0 5.97876692925323,44.5582875480445,0 5.97814698229725,44.5581677921383,0 5.97792214364912,44.5581118773773,0 5.977737542211539,44.5580615432708,0 5.97774205617733,44.558199616202,0 
						</coordinates>
					</LinearRing>
				</outerBoundaryIs>
			</Polygon>
		</Placemark>
		<Placemark id="parcelles-des-personnes-morales_05_groupe_personne_9.1583">
		<styleUrl>#PUBLICorASSOCIE</styleUrl>			<visibility>0</visibility>
			<ExtendedData>
				<SchemaData schemaUrl="#parcelles-des-personnes-morales_05_groupe_personne_9.schema">
					<SimpleData name="Numero de Parcelle">051230000C0507</SimpleData>
					<SimpleData name="Departement">05</SimpleData>
					<SimpleData name="Commune">LA ROCHE DES ARNAUDS</SimpleData>
					<SimpleData name="Adresse">CHATELAR</SimpleData>
					<SimpleData name="Groupe de personne">Etablissements publics ou organismes associes</SimpleData>
					<SimpleData name="Forme Juridique Abregee">ASS</SimpleData>
					<SimpleData name="Denomination">ASA DU CANAL DE GAP</SimpleData>
				</SchemaData>
			</ExtendedData>
	<Region>
		<LatLonAltBox>
			<north> 44.5583131506945 </north>
			<south> 44.5580572723726 </south>
			<east> 5.980148254937681 </east>
			<west> 5.977737542211539 </west>
		</LatLonAltBox>
		<Lod>
			<minLodPixels>100</minLodPixels>
			<maxLodPixels>-1</maxLodPixels>
		</Lod>
	</Region>
			<Polygon><altitudeMode>relativeToGround</altitudeMode>
				<outerBoundaryIs>
					<LinearRing>
						<coordinates>							5.977737542211539,44.5580615432708,0 5.97792214364912,44.5581118773773,0 5.97814698229725,44.5581677921383,0 5.97876692925323,44.5582875480445,0 5.9789603372253,44.5583113371686,0 5.979103444619111,44.5583131506945,0 5.97966090227115,44.5582563942313,0 5.979800938989891,44.5582215338722,0 5.97998067263389,44.5581557826054,0 5.980148254937681,44.5580651344726,0 5.980145823710941,44.5580572723726,0 5.97978540350277,44.5581301536662,0 5.97934594701259,44.5581952572873,0 5.979311730617,44.5581987032327,0 5.979216208098319,44.5582056055032,0 5.97912049083483,44.5582088193436,0 5.97902457409608,44.5582082547936,0 5.978825632814539,44.5582013714494,0 5.97835120786602,44.5581363368841,0 5.977737542211539,44.5580615432708,0 
						</coordinates>
					</LinearRing>
				</outerBoundaryIs>
			</Polygon>
		</Placemark>
		<Placemark id="parcelles-des-personnes-morales_05_groupe_personne_9.1586">
		<styleUrl>#PUBLICorASSOCIE</styleUrl>			<visibility>0</visibility>
			<ExtendedData>
				<SchemaData schemaUrl="#parcelles-des-personnes-morales_05_groupe_personne_9.schema">
					<SimpleData name="Numero de Parcelle">051230000C0508</SimpleData>
					<SimpleData name="Departement">05</SimpleData>
					<SimpleData name="Commune">LA ROCHE DES ARNAUDS</SimpleData>
					<SimpleData name="Adresse">CHATELAR</SimpleData>
					<SimpleData name="Groupe de personne">Etablissements publics ou organismes associes</SimpleData>
					<SimpleData name="Forme Juridique Abregee">ASS</SimpleData>
					<SimpleData name="Denomination">ASA DU CANAL DE GAP</SimpleData>
				</SchemaData>
			</ExtendedData>
	<Region>
		<LatLonAltBox>
			<north> 44.5588188472936 </north>
			<south> 44.5583250899997 </south>
			<east> 5.982229829457579 </east>
			<west> 5.979381831143339 </west>
		</LatLonAltBox>
		<Lod>
			<minLodPixels>100</minLodPixels>
			<maxLodPixels>-1</maxLodPixels>
		</Lod>
	</Region>
			<Polygon><altitudeMode>relativeToGround</altitudeMode>
				<outerBoundaryIs>
					<LinearRing>
						<coordinates>							5.982229829457579,44.5585689055125,0 5.980773787364699,44.558426524444,0 5.98029982941937,44.5583250899997,0 5.97976357864258,44.5585615431467,0 5.97955370507603,44.5586172970032,0 5.97938389377035,44.5586061149327,0 5.979381831143339,44.558626710643,0 5.97953910782577,44.5586439065821,0 5.979692226521579,44.5586133778548,0 5.97995535535079,44.5585281687727,0 5.9800543223026,44.5584982004686,0 5.980235097349761,44.5584616992584,0 5.98051957067011,44.5584705048769,0 5.98050360993937,44.5585857979434,0 5.98048269928365,44.5587004138668,0 5.98045622381183,44.5588146395088,0 5.981064409046651,44.5588188472936,0 5.9810461067762,44.5586536697643,0 5.98221432572858,44.5586856279866,0 5.982229829457579,44.5585689055125,0 
						</coordinates>
					</LinearRing>
				</outerBoundaryIs>
			</Polygon>
		</Placemark>
		<Placemark id="parcelles-des-personnes-morales_05_groupe_personne_9.1591">
		<styleUrl>#PUBLICorASSOCIE</styleUrl>			<visibility>0</visibility>
			<ExtendedData>
				<SchemaData schemaUrl="#parcelles-des-personnes-morales_05_groupe_personne_9.schema">
					<SimpleData name="Numero de Parcelle">051230000C0511</SimpleData>
					<SimpleData name="Departement">05</SimpleData>
					<SimpleData name="Commune">LA ROCHE DES ARNAUDS</SimpleData>
					<SimpleData name="Adresse">CHATELAR</SimpleData>
					<SimpleData name="Groupe de personne">Etablissements publics ou organismes associes</SimpleData>
					<SimpleData name="Forme Juridique Abregee">ASS</SimpleData>
					<SimpleData name="Denomination">ASA DU CANAL DE GAP</SimpleData>
				</SchemaData>
			</ExtendedData>
	<Region>
		<LatLonAltBox>
			<north> 44.5591674760807 </north>
			<south> 44.5585281687727 </south>
			<east> 5.98041425236456 </east>
			<west> 5.97926668276738 </west>
		</LatLonAltBox>
		<Lod>
			<minLodPixels>100</minLodPixels>
			<maxLodPixels>-1</maxLodPixels>
		</Lod>
	</Region>
			<Polygon><altitudeMode>relativeToGround</altitudeMode>
				<outerBoundaryIs>
					<LinearRing>
						<coordinates>							5.98041425236456,44.5591674760807,0 5.97995535535079,44.5585281687727,0 5.979692226521579,44.5586133778548,0 5.97953910782577,44.5586439065821,0 5.979381831143339,44.558626710643,0 5.97938389377035,44.5586061149327,0 5.979268011098121,44.5586187918441,0 5.97954250398006,44.5587034531086,0 5.97958060272153,44.5587234152522,0 5.97927686910511,44.5586505339784,0 5.97926668276738,44.5586843215917,0 5.979558094122819,44.5588078045478,0 5.979819719059591,44.5589040734788,0 5.98012926472079,44.55907264999,0 5.98041425236456,44.5591674760807,0 
						</coordinates>
					</LinearRing>
				</outerBoundaryIs>
			</Polygon>
		</Placemark>
		<Placemark id="parcelles-des-personnes-morales_05_groupe_personne_9.1594">
		<styleUrl>#PUBLICorASSOCIE</styleUrl>			<visibility>0</visibility>
			<ExtendedData>
				<SchemaData schemaUrl="#parcelles-des-personnes-morales_05_groupe_personne_9.schema">
					<SimpleData name="Numero de Parcelle">051230000C0513</SimpleData>
					<SimpleData name="Departement">05</SimpleData>
					<SimpleData name="Commune">LA ROCHE DES ARNAUDS</SimpleData>
					<SimpleData name="Adresse">CHATELAR</SimpleData>
					<SimpleData name="Groupe de personne">Etablissements publics ou organismes associes</SimpleData>
					<SimpleData name="Forme Juridique Abregee">ASS</SimpleData>
					<SimpleData name="Denomination">ASA DU CANAL DE GAP</SimpleData>
				</SchemaData>
			</ExtendedData>
	<Region>
		<LatLonAltBox>
			<north> 44.5589874937468 </north>
			<south> 44.558875075192 </south>
			<east> 5.97785065858307 </east>
			<west> 5.97771956256177 </west>
		</LatLonAltBox>
		<Lod>
			<minLodPixels>100</minLodPixels>
			<maxLodPixels>-1</maxLodPixels>
		</Lod>
	</Region>
			<Polygon><altitudeMode>relativeToGround</altitudeMode>
				<outerBoundaryIs>
					<LinearRing>
						<coordinates>							5.97771956256177,44.5588860615537,0 5.97772315105212,44.5589874937468,0 5.97778146917597,44.5589870917645,0 5.977784425494349,44.5589165633269,0 5.97785065858307,44.5589133352507,0 5.977849647553309,44.558875075192,0 5.977777284782499,44.5588767569492,0 5.9777757534708,44.5588835548443,0 5.97771956256177,44.5588860615537,0 
						</coordinates>
					</LinearRing>
				</outerBoundaryIs>
			</Polygon>
		</Placemark>
		<Placemark id="parcelles-des-personnes-morales_05_groupe_personne_9.1596">
		<styleUrl>#PUBLICorASSOCIE</styleUrl>			<visibility>0</visibility>
			<ExtendedData>
				<SchemaData schemaUrl="#parcelles-des-personnes-morales_05_groupe_personne_9.schema">
					<SimpleData name="Numero de Parcelle">051230000C0514</SimpleData>
					<SimpleData name="Departement">05</SimpleData>
					<SimpleData name="Commune">LA ROCHE DES ARNAUDS</SimpleData>
					<SimpleData name="Adresse">CHATELAR</SimpleData>
					<SimpleData name="Groupe de personne">Etablissements publics ou organismes associes</SimpleData>
					<SimpleData name="Forme Juridique Abregee">ASS</SimpleData>
					<SimpleData name="Denomination">ASA DU CANAL DE GAP</SimpleData>
				</SchemaData>
			</ExtendedData>
	<Region>
		<LatLonAltBox>
			<north> 44.5590755521265 </north>
			<south> 44.5588704607275 </south>
			<east> 5.97772315105212 </east>
			<west> 5.976398571808979 </west>
		</LatLonAltBox>
		<Lod>
			<minLodPixels>100</minLodPixels>
			<maxLodPixels>-1</maxLodPixels>
		</Lod>
	</Region>
			<Polygon><altitudeMode>relativeToGround</altitudeMode>
				<outerBoundaryIs>
					<LinearRing>
						<coordinates>							5.976398571808979,44.5589700640025,0 5.976455545131679,44.5590755521265,0 5.97653345699115,44.5590524609005,0 5.97680941859543,44.5590025882288,0 5.97704571401071,44.5589699103172,0 5.977249387055221,44.5589661290453,0 5.97734778581879,44.5589731145514,0 5.977721814019841,44.5590314025902,0 5.97772315105212,44.5589874937468,0 5.97771956256177,44.5588860615537,0 5.97753877067651,44.5588936408338,0 5.977295767845581,44.5588708264494,0 5.977212460833509,44.5588704607275,0 5.97708281985127,44.5588731462829,0 5.97695350400837,44.5588796066053,0 5.97674390739627,44.5589072401625,0 5.976398571808979,44.5589700640025,0 
						</coordinates>
					</LinearRing>
				</outerBoundaryIs>
			</Polygon>
		</Placemark>
		<Placemark id="parcelles-des-personnes-morales_05_groupe_personne_9.1597">
		<styleUrl>#PUBLICorASSOCIE</styleUrl>			<visibility>0</visibility>
			<ExtendedData>
				<SchemaData schemaUrl="#parcelles-des-personnes-morales_05_groupe_personne_9.schema">
					<SimpleData name="Numero de Parcelle">051230000C0515</SimpleData>
					<SimpleData name="Departement">05</SimpleData>
					<SimpleData name="Commune">LA ROCHE DES ARNAUDS</SimpleData>
					<SimpleData name="Adresse">CHATELAR</SimpleData>
					<SimpleData name="Groupe de personne">Etablissements publics ou organismes associes</SimpleData>
					<SimpleData name="Forme Juridique Abregee">ASS</SimpleData>
					<SimpleData name="Denomination">ASA DU CANAL DE GAP</SimpleData>
				</SchemaData>
			</ExtendedData>
	<Region>
		<LatLonAltBox>
			<north> 44.5596900497972 </north>
			<south> 44.5589661290453 </south>
			<east> 5.97870966890438 </east>
			<west> 5.976455545131679 </west>
		</LatLonAltBox>
		<Lod>
			<minLodPixels>100</minLodPixels>
			<maxLodPixels>-1</maxLodPixels>
		</Lod>
	</Region>
			<Polygon><altitudeMode>relativeToGround</altitudeMode>
				<outerBoundaryIs>
					<LinearRing>
						<coordinates>							5.97870966890438,44.5596900497972,0 5.97864069915111,44.559545968403,0 5.97842345567577,44.5592234596647,0 5.978316837396891,44.5591753465299,0 5.97822365634416,44.5591383119336,0 5.97812769064595,44.5591081990648,0 5.977721814019841,44.5590314025902,0 5.97734778581879,44.5589731145514,0 5.977249387055221,44.5589661290453,0 5.97704571401071,44.5589699103172,0 5.97680941859543,44.5590025882288,0 5.97653345699115,44.5590524609005,0 5.976455545131679,44.5590755521265,0 5.976518687897329,44.5592096118875,0 5.976590185032409,44.5591939006121,0 5.9767032159327,44.559179681874,0 5.97682658565654,44.5591679769404,0 5.97695040156058,44.5591599534356,0 5.97747875112227,44.5591746220826,0 5.977557854044129,44.5591836593577,0 5.97764805320469,44.559197622364,0 5.97779949543188,44.5592284012803,0 5.977915972922611,44.5592556188233,0 5.978030506164401,44.5592865822997,0 5.97839807273429,44.5594157614346,0 5.97842766058368,44.5594391967757,0 5.97852581608336,44.5595203301573,0 5.978619952598419,44.5596040943655,0 5.97870966890438,44.5596900497972,0 
						</coordinates>
					</LinearRing>
				</outerBoundaryIs>
			</Polygon>
		</Placemark>
		<Placemark id="parcelles-des-personnes-morales_05_groupe_personne_9.1599">
		<styleUrl>#PUBLICorASSOCIE</styleUrl>			<visibility>0</visibility>
			<ExtendedData>
				<SchemaData schemaUrl="#parcelles-des-personnes-morales_05_groupe_personne_9.schema">
					<SimpleData name="Numero de Parcelle">051230000C0517</SimpleData>
					<SimpleData name="Departement">05</SimpleData>
					<SimpleData name="Commune">LA ROCHE DES ARNAUDS</SimpleData>
					<SimpleData name="Adresse">POMMERET</SimpleData>
					<SimpleData name="Groupe de personne">Etablissements publics ou organismes associes</SimpleData>
					<SimpleData name="Forme Juridique Abregee">ASS</SimpleData>
					<SimpleData name="Denomination">ASA DU CANAL DE GAP</SimpleData>
				</SchemaData>
			</ExtendedData>
	<Region>
		<LatLonAltBox>
			<north> 44.5595123971898 </north>
			<south> 44.5593621687934 </south>
			<east> 5.97717386289237 </east>
			<west> 5.97665425075575 </west>
		</LatLonAltBox>
		<Lod>
			<minLodPixels>100</minLodPixels>
			<maxLodPixels>-1</maxLodPixels>
		</Lod>
	</Region>
			<Polygon><altitudeMode>relativeToGround</altitudeMode>
				<outerBoundaryIs>
					<LinearRing>
						<coordinates>							5.97665425075575,44.5593621687934,0 5.97669909464348,44.5595123971898,0 5.97717005240975,44.5594016812074,0 5.97717386289237,44.5593950921172,0 5.977171284791699,44.5593892158504,0 5.97665425075575,44.5593621687934,0 
						</coordinates>
					</LinearRing>
				</outerBoundaryIs>
			</Polygon>
		</Placemark>
		<Placemark id="parcelles-des-personnes-morales_05_groupe_personne_9.1601">
		<styleUrl>#PUBLICorASSOCIE</styleUrl>			<visibility>0</visibility>
			<ExtendedData>
				<SchemaData schemaUrl="#parcelles-des-personnes-morales_05_groupe_personne_9.schema">
					<SimpleData name="Numero de Parcelle">051230000C0518</SimpleData>
					<SimpleData name="Departement">05</SimpleData>
					<SimpleData name="Commune">LA ROCHE DES ARNAUDS</SimpleData>
					<SimpleData name="Adresse">POMMERET</SimpleData>
					<SimpleData name="Groupe de personne">Etablissements publics ou organismes associes</SimpleData>
					<SimpleData name="Forme Juridique Abregee">ASS</SimpleData>
					<SimpleData name="Denomination">ASA DU CANAL DE GAP</SimpleData>
				</SchemaData>
			</ExtendedData>
	<Region>
		<LatLonAltBox>
			<north> 44.55948441604 </north>
			<south> 44.5591996605325 </south>
			<east> 5.97836945360014 </east>
			<west> 5.976613266539891 </west>
		</LatLonAltBox>
		<Lod>
			<minLodPixels>100</minLodPixels>
			<maxLodPixels>-1</maxLodPixels>
		</Lod>
	</Region>
			<Polygon><altitudeMode>relativeToGround</altitudeMode>
				<outerBoundaryIs>
					<LinearRing>
						<coordinates>							5.976931607900831,44.55948441604,0 5.977451117543901,44.5594723870249,0 5.97780201971934,44.559419499613,0 5.97836945360014,44.5594584244557,0 5.97805452890425,44.5593382752785,0 5.97780071296231,44.5592681872673,0 5.97751643601228,44.5592201810394,0 5.977384121349369,44.5592056421801,0 5.9771816963899,44.5591996605325,0 5.97686604603693,44.5592042091817,0 5.97681953606014,44.5592087065554,0 5.97671586128417,44.5592211416283,0 5.976613266539891,44.5592373311678,0 5.97664080992329,44.5593271267141,0 5.97720929380885,44.5593644976633,0 5.97723742372213,44.5593746396297,0 5.977247399335651,44.5593822082281,0 5.97725204517866,44.5593914520637,0 5.97725156068774,44.5594013747921,0 5.97724611682056,44.5594104403093,0 5.9772362715028,44.5594172822497,0 5.97717576383504,44.5594287336983,0 5.97705289659603,44.559454749423,0 5.976931607900831,44.55948441604,0 
						</coordinates>
					</LinearRing>
				</outerBoundaryIs>
			</Polygon>
		</Placemark>
		<Placemark id="parcelles-des-personnes-morales_05_groupe_personne_9.1604">
		<styleUrl>#PUBLICorASSOCIE</styleUrl>			<visibility>0</visibility>
			<ExtendedData>
				<SchemaData schemaUrl="#parcelles-des-personnes-morales_05_groupe_personne_9.schema">
					<SimpleData name="Numero de Parcelle">051230000C0519</SimpleData>
					<SimpleData name="Departement">05</SimpleData>
					<SimpleData name="Commune">LA ROCHE DES ARNAUDS</SimpleData>
					<SimpleData name="Adresse">POMMERET</SimpleData>
					<SimpleData name="Groupe de personne">Etablissements publics ou organismes associes</SimpleData>
					<SimpleData name="Forme Juridique Abregee">ASS</SimpleData>
					<SimpleData name="Denomination">ASA DU CANAL DE GAP</SimpleData>
				</SchemaData>
			</ExtendedData>
	<Region>
		<LatLonAltBox>
			<north> 44.5613880232449 </north>
			<south> 44.559419499613 </south>
			<east> 5.97910238653894 </east>
			<west> 5.97672323082252 </west>
		</LatLonAltBox>
		<Lod>
			<minLodPixels>100</minLodPixels>
			<maxLodPixels>-1</maxLodPixels>
		</Lod>
	</Region>
			<Polygon><altitudeMode>relativeToGround</altitudeMode>
				<outerBoundaryIs>
					<LinearRing>
						<coordinates>							5.978095421476669,44.5613880232449,0 5.9780435001836,44.5601320668466,0 5.97906727839171,44.5601938108759,0 5.97910238653894,44.5600401643769,0 5.97884414969712,44.5599007401412,0 5.97850252674518,44.5595613179151,0 5.97836945360014,44.5594584244557,0 5.97780201971934,44.559419499613,0 5.977451117543901,44.5594723870249,0 5.976931607900831,44.55948441604,0 5.97672323082252,44.5595423762102,0 5.97730740903982,44.5612192831396,0 5.97734808504347,44.5612140420647,0 5.978095421476669,44.5613880232449,0 
						</coordinates>
					</LinearRing>
				</outerBoundaryIs>
			</Polygon>
		</Placemark>
		<Placemark id="parcelles-des-personnes-morales_05_groupe_personne_9.1805">
		<styleUrl>#PUBLICorASSOCIE</styleUrl>			<visibility>0</visibility>
			<ExtendedData>
				<SchemaData schemaUrl="#parcelles-des-personnes-morales_05_groupe_personne_9.schema">
					<SimpleData name="Numero de Parcelle">051230000D0657</SimpleData>
					<SimpleData name="Departement">05</SimpleData>
					<SimpleData name="Commune">LA ROCHE DES ARNAUDS</SimpleData>
					<SimpleData name="Adresse">LAUCHE</SimpleData>
					<SimpleData name="Groupe de personne">Etablissements publics ou organismes associes</SimpleData>
					<SimpleData name="Forme Juridique Abregee">SA</SimpleData>
					<SimpleData name="Denomination">SOCIETE NATIONALE SNCF</SimpleData>
				</SchemaData>
			</ExtendedData>
	<Region>
		<LatLonAltBox>
			<north> 44.556457565919 </north>
			<south> 44.5563278658104 </south>
			<east> 5.95700992939242 </east>
			<west> 5.95680714334141 </west>
		</LatLonAltBox>
		<Lod>
			<minLodPixels>100</minLodPixels>
			<maxLodPixels>-1</maxLodPixels>
		</Lod>
	</Region>
			<Polygon><altitudeMode>relativeToGround</altitudeMode>
				<outerBoundaryIs>
					<LinearRing>
						<coordinates>							5.95695418829903,44.5563278658104,0 5.95690222395649,44.5563821387741,0 5.95680714334141,44.556457565919,0 5.95700992939242,44.5564562778734,0 5.95695418829903,44.5563278658104,0 
						</coordinates>
					</LinearRing>
				</outerBoundaryIs>
			</Polygon>
		</Placemark>
		<Placemark id="parcelles-des-personnes-morales_05_groupe_personne_9.1816">
		<styleUrl>#PUBLICorASSOCIE</styleUrl>			<visibility>0</visibility>
			<ExtendedData>
				<SchemaData schemaUrl="#parcelles-des-personnes-morales_05_groupe_personne_9.schema">
					<SimpleData name="Numero de Parcelle">051230000D0663</SimpleData>
					<SimpleData name="Departement">05</SimpleData>
					<SimpleData name="Commune">LA ROCHE DES ARNAUDS</SimpleData>
					<SimpleData name="Adresse">LAUCHE</SimpleData>
					<SimpleData name="Groupe de personne">Etablissements publics ou organismes associes</SimpleData>
					<SimpleData name="Forme Juridique Abregee">SA</SimpleData>
					<SimpleData name="Denomination">SOCIETE NATIONALE SNCF</SimpleData>
				</SchemaData>
			</ExtendedData>
	<Region>
		<LatLonAltBox>
			<north> 44.5559428038994 </north>
			<south> 44.5537006871261 </south>
			<east> 5.96075786492824 </east>
			<west> 5.95695917619553 </west>
		</LatLonAltBox>
		<Lod>
			<minLodPixels>100</minLodPixels>
			<maxLodPixels>-1</maxLodPixels>
		</Lod>
	</Region>
			<Polygon><altitudeMode>relativeToGround</altitudeMode>
				<outerBoundaryIs>
					<LinearRing>
						<coordinates>							5.958303925941499,44.5552164243399,0 5.95828080115181,44.5552055129697,0 5.958326789393969,44.5551742815454,0 5.958349127783529,44.5551870157191,0 5.95862675474155,44.5549959777203,0 5.95901765673716,44.5547666785186,0 5.9594121035246,44.5545401656119,0 5.959574725853371,44.5544482410222,0 5.95963197003323,44.5544154460152,0 5.9601018832056,44.5542033929578,0 5.96056922305145,44.5539879835419,0 5.96075786492824,44.5538997735121,0 5.96067552306273,44.5538047783659,0 5.96058300305307,44.5537006871261,0 5.95971988295651,44.5540977846801,0 5.95962714856439,44.5541433327171,0 5.95943565915041,44.5542277433647,0 5.95937923753678,44.5542642097781,0 5.9584622261768,44.5548088628413,0 5.958156089305,44.5550136369702,0 5.95816361501791,44.5550586588884,0 5.95811453795974,44.5550910540616,0 5.958043340304729,44.5550860253502,0 5.957774807699749,44.5552703318848,0 5.957515168639911,44.5554536787541,0 5.95725943913338,44.5556395327606,0 5.9572401944992,44.5555872574493,0 5.95704506404661,44.555729777238,0 5.95699655342699,44.5556984653285,0 5.95695917619553,44.5557305465462,0 5.95719195912311,44.5558737646133,0 5.9573050665007,44.5559428038994,0 5.957384859719219,44.5558810286434,0 5.95778990437295,44.5555872132527,0 5.95804203657549,44.5554048776694,0 5.958303925941499,44.5552164243399,0 
						</coordinates>
					</LinearRing>
				</outerBoundaryIs>
			</Polygon>
		</Placemark>
		<Placemark id="parcelles-des-personnes-morales_05_groupe_personne_9.1817">
		<styleUrl>#PUBLICorASSOCIE</styleUrl>			<visibility>0</visibility>
			<ExtendedData>
				<SchemaData schemaUrl="#parcelles-des-personnes-morales_05_groupe_personne_9.schema">
					<SimpleData name="Numero de Parcelle">051230000E0663</SimpleData>
					<SimpleData name="Departement">05</SimpleData>
					<SimpleData name="Commune">LA ROCHE DES ARNAUDS</SimpleData>
					<SimpleData name="Adresse">CHAMP DE BOUTI</SimpleData>
					<SimpleData name="Groupe de personne">Etablissements publics ou organismes associes</SimpleData>
					<SimpleData name="Forme Juridique Abregee">SA</SimpleData>
					<SimpleData name="Denomination">SOCIETE NATIONALE SNCF</SimpleData>
				</SchemaData>
			</ExtendedData>
	<Region>
		<LatLonAltBox>
			<north> 44.5616958913727 </north>
			<south> 44.5615139590445 </south>
			<east> 5.93424390257001 </east>
			<west> 5.93402343575817 </west>
		</LatLonAltBox>
		<Lod>
			<minLodPixels>100</minLodPixels>
			<maxLodPixels>-1</maxLodPixels>
		</Lod>
	</Region>
			<Polygon><altitudeMode>relativeToGround</altitudeMode>
				<outerBoundaryIs>
					<LinearRing>
						<coordinates>							5.934046539303419,44.5615139590445,0 5.93402450463888,44.5615627407117,0 5.93402343575817,44.5615785341811,0 5.9340365321171,44.561605031764,0 5.93404332378104,44.5616120581452,0 5.93407334717413,44.5616393670527,0 5.93410764842643,44.5616641299327,0 5.934193850215431,44.5616958913727,0 5.93424390257001,44.5615704224209,0 5.934046539303419,44.5615139590445,0 
						</coordinates>
					</LinearRing>
				</outerBoundaryIs>
			</Polygon>
		</Placemark>
		<Placemark id="parcelles-des-personnes-morales_05_groupe_personne_9.1826">
		<styleUrl>#PUBLICorASSOCIE</styleUrl>			<visibility>0</visibility>
			<ExtendedData>
				<SchemaData schemaUrl="#parcelles-des-personnes-morales_05_groupe_personne_9.schema">
					<SimpleData name="Numero de Parcelle">051230000D0676</SimpleData>
					<SimpleData name="Departement">05</SimpleData>
					<SimpleData name="Commune">LA ROCHE DES ARNAUDS</SimpleData>
					<SimpleData name="Adresse">LAUCHE</SimpleData>
					<SimpleData name="Groupe de personne">Etablissements publics ou organismes associes</SimpleData>
					<SimpleData name="Forme Juridique Abregee">SA</SimpleData>
					<SimpleData name="Denomination">SOCIETE NATIONALE SNCF</SimpleData>
				</SchemaData>
			</ExtendedData>
	<Region>
		<LatLonAltBox>
			<north> 44.5561621477751 </north>
			<south> 44.55595198953 </south>
			<east> 5.95677384951964 </east>
			<west> 5.95647449112303 </west>
		</LatLonAltBox>
		<Lod>
			<minLodPixels>100</minLodPixels>
			<maxLodPixels>-1</maxLodPixels>
		</Lod>
	</Region>
			<Polygon><altitudeMode>relativeToGround</altitudeMode>
				<outerBoundaryIs>
					<LinearRing>
						<coordinates>							5.95677384951964,44.55595198953,0 5.95647449112303,44.5559689263516,0 5.95650867912367,44.5561621477751,0 5.95677384951964,44.55595198953,0 
						</coordinates>
					</LinearRing>
				</outerBoundaryIs>
			</Polygon>
		</Placemark>
		<Placemark id="parcelles-des-personnes-morales_05_groupe_personne_9.1827">
		<styleUrl>#PUBLICorASSOCIE</styleUrl>			<visibility>0</visibility>
			<ExtendedData>
				<SchemaData schemaUrl="#parcelles-des-personnes-morales_05_groupe_personne_9.schema">
					<SimpleData name="Numero de Parcelle">051230000D0677</SimpleData>
					<SimpleData name="Departement">05</SimpleData>
					<SimpleData name="Commune">LA ROCHE DES ARNAUDS</SimpleData>
					<SimpleData name="Adresse">LAUCHE</SimpleData>
					<SimpleData name="Groupe de personne">Etablissements publics ou organismes associes</SimpleData>
					<SimpleData name="Forme Juridique Abregee">SA</SimpleData>
					<SimpleData name="Denomination">SOCIETE NATIONALE SNCF</SimpleData>
				</SchemaData>
			</ExtendedData>
	<Region>
		<LatLonAltBox>
			<north> 44.5567068043764 </north>
			<south> 44.5564931216208 </south>
			<east> 5.956056809476151 </east>
			<west> 5.95583957171967 </west>
		</LatLonAltBox>
		<Lod>
			<minLodPixels>100</minLodPixels>
			<maxLodPixels>-1</maxLodPixels>
		</Lod>
	</Region>
			<Polygon><altitudeMode>relativeToGround</altitudeMode>
				<outerBoundaryIs>
					<LinearRing>
						<coordinates>							5.95584954652282,44.5564931216208,0 5.95583957171967,44.5567068043764,0 5.956056809476151,44.5565291915654,0 5.95584954652282,44.5564931216208,0 
						</coordinates>
					</LinearRing>
				</outerBoundaryIs>
			</Polygon>
		</Placemark>
		<Placemark id="parcelles-des-personnes-morales_05_groupe_personne_9.1849">
		<styleUrl>#PUBLICorASSOCIE</styleUrl>			<visibility>0</visibility>
			<ExtendedData>
				<SchemaData schemaUrl="#parcelles-des-personnes-morales_05_groupe_personne_9.schema">
					<SimpleData name="Numero de Parcelle">051230000D0697</SimpleData>
					<SimpleData name="Departement">05</SimpleData>
					<SimpleData name="Commune">LA ROCHE DES ARNAUDS</SimpleData>
					<SimpleData name="Adresse">L ISCLOU</SimpleData>
					<SimpleData name="Groupe de personne">Etablissements publics ou organismes associes</SimpleData>
					<SimpleData name="Forme Juridique Abregee">SA</SimpleData>
					<SimpleData name="Denomination">SOCIETE NATIONALE SNCF</SimpleData>
				</SchemaData>
			</ExtendedData>
	<Region>
		<LatLonAltBox>
			<north> 44.5590908456588 </north>
			<south> 44.558262123195 </south>
			<east> 5.95422094929137 </east>
			<west> 5.953145447745359 </west>
		</LatLonAltBox>
		<Lod>
			<minLodPixels>100</minLodPixels>
			<maxLodPixels>-1</maxLodPixels>
		</Lod>
	</Region>
			<Polygon><altitudeMode>relativeToGround</altitudeMode>
				<outerBoundaryIs>
					<LinearRing>
						<coordinates>							5.953145447745359,44.558954237227,0 5.95328148104818,44.5590423964503,0 5.95335621564052,44.5590908456588,0 5.953448286797061,44.5590179345059,0 5.9539126702604,44.5586365136052,0 5.95419881275291,44.5583981440557,0 5.95416725466656,44.5583657465642,0 5.95422094929137,44.5583227795946,0 5.95419336100372,44.5583060410639,0 5.954121005915639,44.558262123195,0 5.95407351502686,44.5582984378501,0 5.95401016475493,44.5582652695266,0 5.95377701823516,44.5584521322761,0 5.953145447745359,44.558954237227,0 
						</coordinates>
					</LinearRing>
				</outerBoundaryIs>
			</Polygon>
		</Placemark>
		<Placemark id="parcelles-des-personnes-morales_05_groupe_personne_9.1874">
		<styleUrl>#PUBLICorASSOCIE</styleUrl>			<visibility>0</visibility>
			<ExtendedData>
				<SchemaData schemaUrl="#parcelles-des-personnes-morales_05_groupe_personne_9.schema">
					<SimpleData name="Numero de Parcelle">051230000E0704</SimpleData>
					<SimpleData name="Departement">05</SimpleData>
					<SimpleData name="Commune">LA ROCHE DES ARNAUDS</SimpleData>
					<SimpleData name="Adresse">FOREST D ARIE</SimpleData>
					<SimpleData name="Groupe de personne">Etablissements publics ou organismes associes</SimpleData>
					<SimpleData name="Forme Juridique Abregee">SA</SimpleData>
					<SimpleData name="Denomination">SOCIETE NATIONALE SNCF</SimpleData>
				</SchemaData>
			</ExtendedData>
	<Region>
		<LatLonAltBox>
			<north> 44.5615751361728 </north>
			<south> 44.5613888734012 </south>
			<east> 5.943071134758729 </east>
			<west> 5.942649902750529 </west>
		</LatLonAltBox>
		<Lod>
			<minLodPixels>100</minLodPixels>
			<maxLodPixels>-1</maxLodPixels>
		</Lod>
	</Region>
			<Polygon><altitudeMode>relativeToGround</altitudeMode>
				<outerBoundaryIs>
					<LinearRing>
						<coordinates>							5.943071134758729,44.5613889593793,0 5.9430304302815,44.5613888734012,0 5.942649902750529,44.5615751361728,0 5.94289912614849,44.5615747987922,0 5.94302959428285,44.5614501544692,0 5.943071134758729,44.5613889593793,0 
						</coordinates>
					</LinearRing>
				</outerBoundaryIs>
			</Polygon>
		</Placemark>
		<Placemark id="parcelles-des-personnes-morales_05_groupe_personne_9.1891">
		<styleUrl>#PUBLICorASSOCIE</styleUrl>			<visibility>0</visibility>
			<ExtendedData>
				<SchemaData schemaUrl="#parcelles-des-personnes-morales_05_groupe_personne_9.schema">
					<SimpleData name="Numero de Parcelle">051230000E0712</SimpleData>
					<SimpleData name="Departement">05</SimpleData>
					<SimpleData name="Commune">LA ROCHE DES ARNAUDS</SimpleData>
					<SimpleData name="Adresse">FOREST D ARIE</SimpleData>
					<SimpleData name="Groupe de personne">Etablissements publics ou organismes associes</SimpleData>
					<SimpleData name="Forme Juridique Abregee">SA</SimpleData>
					<SimpleData name="Denomination">SOCIETE NATIONALE SNCF</SimpleData>
				</SchemaData>
			</ExtendedData>
	<Region>
		<LatLonAltBox>
			<north> 44.5617762733402 </north>
			<south> 44.561617186919 </south>
			<east> 5.94288594210777 </east>
			<west> 5.938243850909579 </west>
		</LatLonAltBox>
		<Lod>
			<minLodPixels>100</minLodPixels>
			<maxLodPixels>-1</maxLodPixels>
		</Lod>
	</Region>
			<Polygon><altitudeMode>relativeToGround</altitudeMode>
				<outerBoundaryIs>
					<LinearRing>
						<coordinates>							5.938243850909579,44.5617762733402,0 5.940832663454579,44.5617714822273,0 5.94247162017793,44.5617639347956,0 5.94247165575596,44.5617452859559,0 5.9426400057703,44.5617429607499,0 5.94283782561088,44.5617451648131,0 5.94283811657752,44.5617241669148,0 5.94288594210777,44.5617230721903,0 5.942883982157479,44.5617024045547,0 5.94287949454829,44.5616501839577,0 5.94283642638332,44.5616482690976,0 5.94280956246206,44.5616188062495,0 5.939737531513269,44.5616262427179,0 5.938866355108039,44.561617186919,0 5.93827954363004,44.5616292935461,0 5.93826119695545,44.5617052741321,0 5.938243850909579,44.5617762733402,0 
						</coordinates>
					</LinearRing>
				</outerBoundaryIs>
			</Polygon>
		</Placemark>
		<Placemark id="parcelles-des-personnes-morales_05_groupe_personne_9.1897">
		<styleUrl>#PUBLICorASSOCIE</styleUrl>			<visibility>0</visibility>
			<ExtendedData>
				<SchemaData schemaUrl="#parcelles-des-personnes-morales_05_groupe_personne_9.schema">
					<SimpleData name="Numero de Parcelle">051230000E0717</SimpleData>
					<SimpleData name="Departement">05</SimpleData>
					<SimpleData name="Commune">LA ROCHE DES ARNAUDS</SimpleData>
					<SimpleData name="Adresse">LA GRAND PIECE</SimpleData>
					<SimpleData name="Groupe de personne">Etablissements publics ou organismes associes</SimpleData>
					<SimpleData name="Forme Juridique Abregee">SA</SimpleData>
					<SimpleData name="Denomination">SOCIETE NATIONALE SNCF</SimpleData>
				</SchemaData>
			</ExtendedData>
	<Region>
		<LatLonAltBox>
			<north> 44.5617762249805 </north>
			<south> 44.5616192351649 </south>
			<east> 5.94600863513904 </east>
			<west> 5.94287949454829 </west>
		</LatLonAltBox>
		<Lod>
			<minLodPixels>100</minLodPixels>
			<maxLodPixels>-1</maxLodPixels>
		</Lod>
	</Region>
			<Polygon><altitudeMode>relativeToGround</altitudeMode>
				<outerBoundaryIs>
					<LinearRing>
						<coordinates>							5.94287949454829,44.5616501839577,0 5.942883982157479,44.5617024045547,0 5.94288594210777,44.5617230721903,0 5.94291153291476,44.5617232908656,0 5.942912583051059,44.5617410099019,0 5.94292129446028,44.5617437505282,0 5.94337812051005,44.5617447242352,0 5.94337774909982,44.5617617604806,0 5.945531980448299,44.5617716882301,0 5.9459629098642,44.5617762249805,0 5.94597784116826,44.5617508725495,0 5.945987789870539,44.5617242116949,0 5.94599229590384,44.5616994978123,0 5.94600863513904,44.5616407757714,0 5.945715424820741,44.5616385102446,0 5.94399065694295,44.5616411874053,0 5.942945546032091,44.5616192351649,0 5.942913935775171,44.5616509774796,0 5.94287949454829,44.5616501839577,0 
						</coordinates>
					</LinearRing>
				</outerBoundaryIs>
			</Polygon>
		</Placemark>
		<Placemark id="parcelles-des-personnes-morales_05_groupe_personne_9.1922">
		<styleUrl>#PUBLICorASSOCIE</styleUrl>			<visibility>0</visibility>
			<ExtendedData>
				<SchemaData schemaUrl="#parcelles-des-personnes-morales_05_groupe_personne_9.schema">
					<SimpleData name="Numero de Parcelle">051230000D0074</SimpleData>
					<SimpleData name="Departement">05</SimpleData>
					<SimpleData name="Commune">LA ROCHE DES ARNAUDS</SimpleData>
					<SimpleData name="Adresse">CHAMP LA PIERRE</SimpleData>
					<SimpleData name="Groupe de personne">Etablissements publics ou organismes associes</SimpleData>
					<SimpleData name="Forme Juridique Abregee">ASS</SimpleData>
					<SimpleData name="Denomination">ASA DU CANAL DE GAP</SimpleData>
				</SchemaData>
			</ExtendedData>
	<Region>
		<LatLonAltBox>
			<north> 44.5576969530755 </north>
			<south> 44.5566885477732 </south>
			<east> 6.00434241888063 </east>
			<west> 6.004039443744289 </west>
		</LatLonAltBox>
		<Lod>
			<minLodPixels>100</minLodPixels>
			<maxLodPixels>-1</maxLodPixels>
		</Lod>
	</Region>
			<Polygon><altitudeMode>relativeToGround</altitudeMode>
				<outerBoundaryIs>
					<LinearRing>
						<coordinates>							6.00407602604909,44.5566885477732,0 6.004039443744289,44.5569907105232,0 6.004047931877351,44.5570507490019,0 6.00416975857621,44.5573155381259,0 6.0041897155453,44.5573756248355,0 6.00426654714841,44.5576969530755,0 6.00432139025466,44.5576596951481,0 6.00434241888063,44.5576286727607,0 6.00419042023749,44.5571521851384,0 6.00410464391441,44.5570107376501,0 6.00410309964285,44.5569509606444,0 6.00411097647384,44.5569095756492,0 6.00412670699825,44.5568074371747,0 6.00413711962419,44.5567048128062,0 6.00407602604909,44.5566885477732,0 
						</coordinates>
					</LinearRing>
				</outerBoundaryIs>
			</Polygon>
		</Placemark>
		<Placemark id="parcelles-des-personnes-morales_05_groupe_personne_9.1934">
		<styleUrl>#PUBLICorASSOCIE</styleUrl>			<visibility>0</visibility>
			<ExtendedData>
				<SchemaData schemaUrl="#parcelles-des-personnes-morales_05_groupe_personne_9.schema">
					<SimpleData name="Numero de Parcelle">051230000E0747</SimpleData>
					<SimpleData name="Departement">05</SimpleData>
					<SimpleData name="Commune">LA ROCHE DES ARNAUDS</SimpleData>
					<SimpleData name="Adresse">PRE MONJOU</SimpleData>
					<SimpleData name="Groupe de personne">Etablissements publics ou organismes associes</SimpleData>
					<SimpleData name="Forme Juridique Abregee">SA</SimpleData>
					<SimpleData name="Denomination">SOCIETE NATIONALE SNCF</SimpleData>
				</SchemaData>
			</ExtendedData>
	<Region>
		<LatLonAltBox>
			<north> 44.561575535864 </north>
			<south> 44.5614241173425 </south>
			<east> 5.94783576604317 </east>
			<west> 5.94678899121025 </west>
		</LatLonAltBox>
		<Lod>
			<minLodPixels>100</minLodPixels>
			<maxLodPixels>-1</maxLodPixels>
		</Lod>
	</Region>
			<Polygon><altitudeMode>relativeToGround</altitudeMode>
				<outerBoundaryIs>
					<LinearRing>
						<coordinates>							5.94783576604317,44.5614893934269,0 5.94733215620093,44.5615335594378,0 5.94698686906809,44.5614509790687,0 5.946845724986409,44.5614241173425,0 5.94678899121025,44.561575535864,0 5.947301243944761,44.5615569063823,0 5.94748253500882,44.5615321570533,0 5.94783576604317,44.5614893934269,0 
						</coordinates>
					</LinearRing>
				</outerBoundaryIs>
			</Polygon>
		</Placemark>
		<Placemark id="parcelles-des-personnes-morales_05_groupe_personne_9.1936">
		<styleUrl>#PUBLICorASSOCIE</styleUrl>			<visibility>0</visibility>
			<ExtendedData>
				<SchemaData schemaUrl="#parcelles-des-personnes-morales_05_groupe_personne_9.schema">
					<SimpleData name="Numero de Parcelle">051230000D0748</SimpleData>
					<SimpleData name="Departement">05</SimpleData>
					<SimpleData name="Commune">LA ROCHE DES ARNAUDS</SimpleData>
					<SimpleData name="Adresse">LE GRAVA</SimpleData>
					<SimpleData name="Groupe de personne">Etablissements publics ou organismes associes</SimpleData>
					<SimpleData name="Forme Juridique Abregee">ASS</SimpleData>
					<SimpleData name="Denomination">ASA DU CANAL DE GAP</SimpleData>
				</SchemaData>
			</ExtendedData>
	<Region>
		<LatLonAltBox>
			<north> 44.545376018465 </north>
			<south> 44.5439864104093 </south>
			<east> 6.00264795538873 </east>
			<west> 6.00111817022113 </west>
		</LatLonAltBox>
		<Lod>
			<minLodPixels>100</minLodPixels>
			<maxLodPixels>-1</maxLodPixels>
		</Lod>
	</Region>
			<Polygon><altitudeMode>relativeToGround</altitudeMode>
				<outerBoundaryIs>
					<LinearRing>
						<coordinates>							6.001241593437309,44.5439864104093,0 6.00120105073326,44.5440033684978,0 6.001154425150851,44.5440149065152,0 6.00111817022113,44.5440295858509,0 6.001259220246631,44.5441662878299,0 6.00146065575256,44.5443559409043,0 6.00166638523346,44.5445434048416,0 6.001832975699169,44.5447078794431,0 6.001925303560359,44.5447337459234,0 6.00260961552605,44.545376018465,0 6.00264795538873,44.5453626332457,0 6.00229591321891,44.5450250100526,0 6.00134107349769,44.5441349632767,0 6.00135370947056,44.5440883142408,0 6.001241593437309,44.5439864104093,0 
						</coordinates>
					</LinearRing>
				</outerBoundaryIs>
			</Polygon>
		</Placemark>
		<Placemark id="parcelles-des-personnes-morales_05_groupe_personne_9.1941">
		<styleUrl>#PUBLICorASSOCIE</styleUrl>			<visibility>0</visibility>
			<ExtendedData>
				<SchemaData schemaUrl="#parcelles-des-personnes-morales_05_groupe_personne_9.schema">
					<SimpleData name="Numero de Parcelle">051230000D0075</SimpleData>
					<SimpleData name="Departement">05</SimpleData>
					<SimpleData name="Commune">LA ROCHE DES ARNAUDS</SimpleData>
					<SimpleData name="Adresse">CHAMP LA PIERRE</SimpleData>
					<SimpleData name="Groupe de personne">Etablissements publics ou organismes associes</SimpleData>
					<SimpleData name="Forme Juridique Abregee">ASS</SimpleData>
					<SimpleData name="Denomination">ASA DU CANAL DE GAP</SimpleData>
				</SchemaData>
			</ExtendedData>
	<Region>
		<LatLonAltBox>
			<north> 44.5577358211047 </north>
			<south> 44.5576680085283 </south>
			<east> 6.004453158718909 </east>
			<west> 6.00427677045348 </west>
		</LatLonAltBox>
		<Lod>
			<minLodPixels>100</minLodPixels>
			<maxLodPixels>-1</maxLodPixels>
		</Lod>
	</Region>
			<Polygon><altitudeMode>relativeToGround</altitudeMode>
				<outerBoundaryIs>
					<LinearRing>
						<coordinates>							6.004453158718909,44.5577230448905,0 6.004416088814961,44.5576918019951,0 6.00438004557716,44.5576680085283,0 6.00427677045348,44.5577351428156,0 6.00438756206033,44.5577358211047,0 6.004453158718909,44.5577230448905,0 
						</coordinates>
					</LinearRing>
				</outerBoundaryIs>
			</Polygon>
		</Placemark>
		<Placemark id="parcelles-des-personnes-morales_05_groupe_personne_9.1949">
		<styleUrl>#PUBLICorASSOCIE</styleUrl>			<visibility>0</visibility>
			<ExtendedData>
				<SchemaData schemaUrl="#parcelles-des-personnes-morales_05_groupe_personne_9.schema">
					<SimpleData name="Numero de Parcelle">051230000E0753</SimpleData>
					<SimpleData name="Departement">05</SimpleData>
					<SimpleData name="Commune">LA ROCHE DES ARNAUDS</SimpleData>
					<SimpleData name="Adresse">PRE MONJOU</SimpleData>
					<SimpleData name="Groupe de personne">Etablissements publics ou organismes associes</SimpleData>
					<SimpleData name="Forme Juridique Abregee">SA</SimpleData>
					<SimpleData name="Denomination">SOCIETE NATIONALE SNCF</SimpleData>
				</SchemaData>
			</ExtendedData>
	<Region>
		<LatLonAltBox>
			<north> 44.5616561585365 </north>
			<south> 44.5614292716493 </south>
			<east> 5.94893329263628 </east>
			<west> 5.94830394374942 </west>
		</LatLonAltBox>
		<Lod>
			<minLodPixels>100</minLodPixels>
			<maxLodPixels>-1</maxLodPixels>
		</Lod>
	</Region>
			<Polygon><altitudeMode>relativeToGround</altitudeMode>
				<outerBoundaryIs>
					<LinearRing>
						<coordinates>							5.94893329263628,44.5614292716493,0 5.94830394374942,44.5615653560468,0 5.948387626619389,44.5615849221,0 5.94888088642204,44.5616561585365,0 5.94893329263628,44.5614292716493,0 
						</coordinates>
					</LinearRing>
				</outerBoundaryIs>
			</Polygon>
		</Placemark>
		<Placemark id="parcelles-des-personnes-morales_05_groupe_personne_9.1951">
		<styleUrl>#PUBLICorASSOCIE</styleUrl>			<visibility>0</visibility>
			<ExtendedData>
				<SchemaData schemaUrl="#parcelles-des-personnes-morales_05_groupe_personne_9.schema">
					<SimpleData name="Numero de Parcelle">051230000E0754</SimpleData>
					<SimpleData name="Departement">05</SimpleData>
					<SimpleData name="Commune">LA ROCHE DES ARNAUDS</SimpleData>
					<SimpleData name="Adresse">PRE MONJOU</SimpleData>
					<SimpleData name="Groupe de personne">Etablissements publics ou organismes associes</SimpleData>
					<SimpleData name="Forme Juridique Abregee">SA</SimpleData>
					<SimpleData name="Denomination">SOCIETE NATIONALE SNCF</SimpleData>
				</SchemaData>
			</ExtendedData>
	<Region>
		<LatLonAltBox>
			<north> 44.5617780307721 </north>
			<south> 44.5612521929992 </south>
			<east> 5.94893329263628 </east>
			<west> 5.9459629098642 </west>
		</LatLonAltBox>
		<Lod>
			<minLodPixels>100</minLodPixels>
			<maxLodPixels>-1</maxLodPixels>
		</Lod>
	</Region>
			<Polygon><altitudeMode>relativeToGround</altitudeMode>
				<outerBoundaryIs>
					<LinearRing>
						<coordinates>							5.947035628738379,44.5617645301676,0 5.94705662561684,44.5617346914987,0 5.94774539461414,44.5616601784772,0 5.947754376707,44.5616632718471,0 5.94786923773029,44.5617031761456,0 5.94790781428861,44.5616432293663,0 5.94830394374942,44.5615653560468,0 5.94893329263628,44.5614292716493,0 5.948932564357321,44.5613140702236,0 5.94893210273046,44.5612521929992,0 5.947854023855479,44.5615277332437,0 5.94758927707227,44.5615613779143,0 5.94753686389791,44.5615687230619,0 5.94742627171636,44.5615815853158,0 5.947314731840849,44.5615907792071,0 5.94656298792249,44.56162480989,0 5.94600863513904,44.5616407757714,0 5.94599229590384,44.5616994978123,0 5.945987789870539,44.5617242116949,0 5.94597784116826,44.5617508725495,0 5.9459629098642,44.5617762249805,0 5.946411715871329,44.5617780307721,0 5.947035628738379,44.5617645301676,0 
						</coordinates>
					</LinearRing>
				</outerBoundaryIs>
			</Polygon>
		</Placemark>
		<Placemark id="parcelles-des-personnes-morales_05_groupe_personne_9.1955">
		<styleUrl>#PUBLICorASSOCIE</styleUrl>			<visibility>0</visibility>
			<ExtendedData>
				<SchemaData schemaUrl="#parcelles-des-personnes-morales_05_groupe_personne_9.schema">
					<SimpleData name="Numero de Parcelle">051230000D0076</SimpleData>
					<SimpleData name="Departement">05</SimpleData>
					<SimpleData name="Commune">LA ROCHE DES ARNAUDS</SimpleData>
					<SimpleData name="Adresse">BASSE CORREO</SimpleData>
					<SimpleData name="Groupe de personne">Etablissements publics ou organismes associes</SimpleData>
					<SimpleData name="Forme Juridique Abregee">ASS</SimpleData>
					<SimpleData name="Denomination">ASA DU CANAL DE GAP</SimpleData>
				</SchemaData>
			</ExtendedData>
	<Region>
		<LatLonAltBox>
			<north> 44.5577117725296 </north>
			<south> 44.5574198095004 </south>
			<east> 6.00531655640511 </east>
			<west> 6.00439408082319 </west>
		</LatLonAltBox>
		<Lod>
			<minLodPixels>100</minLodPixels>
			<maxLodPixels>-1</maxLodPixels>
		</Lod>
	</Region>
			<Polygon><altitudeMode>relativeToGround</altitudeMode>
				<outerBoundaryIs>
					<LinearRing>
						<coordinates>							6.004489981041031,44.5577117725296,0 6.00513466442969,44.5575685495824,0 6.00510466483332,44.5575091868513,0 6.00527252790201,44.5575381299866,0 6.00531655640511,44.5575249494634,0 6.005264164109471,44.5574331337701,0 6.00506197883015,44.5574198095004,0 6.00485118797956,44.5574720336104,0 6.00468020659117,44.5575359663436,0 6.00450703449133,44.5575966251393,0 6.004460236434481,44.557612223027,0 6.00439408082319,44.5576121317429,0 6.004401843832601,44.5576277761097,0 6.004489981041031,44.5577117725296,0 
						</coordinates>
					</LinearRing>
				</outerBoundaryIs>
			</Polygon>
		</Placemark>
		<Placemark id="parcelles-des-personnes-morales_05_groupe_personne_9.1972">
		<styleUrl>#PUBLICorASSOCIE</styleUrl>			<visibility>0</visibility>
			<ExtendedData>
				<SchemaData schemaUrl="#parcelles-des-personnes-morales_05_groupe_personne_9.schema">
					<SimpleData name="Numero de Parcelle">051230000D0787</SimpleData>
					<SimpleData name="Departement">05</SimpleData>
					<SimpleData name="Commune">LA ROCHE DES ARNAUDS</SimpleData>
					<SimpleData name="Adresse">LES SAGNES</SimpleData>
					<SimpleData name="Groupe de personne">Etablissements publics ou organismes associes</SimpleData>
					<SimpleData name="Forme Juridique Abregee">SA</SimpleData>
					<SimpleData name="Denomination">SOCIETE NATIONALE SNCF</SimpleData>
				</SchemaData>
			</ExtendedData>
	<Region>
		<LatLonAltBox>
			<north> 44.5486344138042 </north>
			<south> 44.5478040494594 </south>
			<east> 5.98214802693046 </east>
			<west> 5.980338692674101 </west>
		</LatLonAltBox>
		<Lod>
			<minLodPixels>100</minLodPixels>
			<maxLodPixels>-1</maxLodPixels>
		</Lod>
	</Region>
			<Polygon><altitudeMode>relativeToGround</altitudeMode>
				<outerBoundaryIs>
					<LinearRing>
						<coordinates>							5.980350196940001,44.548524075275,0 5.98039759694002,44.5486344138042,0 5.980696960963289,44.5485492144916,0 5.98138058455272,44.5482879640271,0 5.98173548026984,44.5481308132284,0 5.98211006326511,44.5479457426704,0 5.98214802693046,44.5479227355234,0 5.98203669527358,44.547823223935,0 5.98197281905721,44.5478040494594,0 5.98138327786582,44.5480575372915,0 5.98118385198724,44.5481385977546,0 5.980579096182609,44.5483331243908,0 5.98042011368031,44.5484023708075,0 5.980352593699919,44.5484430218357,0 5.980338692674101,44.5484732161922,0 5.980350196940001,44.548524075275,0 
						</coordinates>
					</LinearRing>
				</outerBoundaryIs>
			</Polygon>
		</Placemark>
		<Placemark id="parcelles-des-personnes-morales_05_groupe_personne_9.1973">
		<styleUrl>#PUBLICorASSOCIE</styleUrl>			<visibility>0</visibility>
			<ExtendedData>
				<SchemaData schemaUrl="#parcelles-des-personnes-morales_05_groupe_personne_9.schema">
					<SimpleData name="Numero de Parcelle">051230000D0788</SimpleData>
					<SimpleData name="Departement">05</SimpleData>
					<SimpleData name="Commune">LA ROCHE DES ARNAUDS</SimpleData>
					<SimpleData name="Adresse">LES SAGNES</SimpleData>
					<SimpleData name="Groupe de personne">Etablissements publics ou organismes associes</SimpleData>
					<SimpleData name="Forme Juridique Abregee">SA</SimpleData>
					<SimpleData name="Denomination">SOCIETE NATIONALE SNCF</SimpleData>
				</SchemaData>
			</ExtendedData>
	<Region>
		<LatLonAltBox>
			<north> 44.5538997735121 </north>
			<south> 44.5484037294692 </south>
			<east> 5.980294115334689 </east>
			<west> 5.96058300305307 </west>
		</LatLonAltBox>
		<Lod>
			<minLodPixels>100</minLodPixels>
			<maxLodPixels>-1</maxLodPixels>
		</Lod>
	</Region>
			<Polygon><altitudeMode>relativeToGround</altitudeMode>
				<outerBoundaryIs>
					<LinearRing>
						<coordinates>							5.9739964056422,44.5499343462495,0 5.97348568689009,44.5500613461686,0 5.972973261894799,44.5501846960495,0 5.97258124692428,44.5502764231793,0 5.970066063214629,44.5508714138788,0 5.9697463205556,44.5508978546222,0 5.96975122594756,44.5509360096961,0 5.968017352150419,44.5510878695506,0 5.96756479822849,44.5511666122983,0 5.96671544064722,44.5512415153015,0 5.966191623662751,44.5513259514126,0 5.96620232948305,44.551390616479,0 5.966144672623339,44.5513986521843,0 5.96612833678042,44.5513323366686,0 5.96573892702234,44.5514500041839,0 5.96517951278177,44.5516362893501,0 5.96439742963879,44.5519080088023,0 5.96370150464707,44.5522491184167,0 5.9633365077041,44.5524360291929,0 5.96297053959918,44.5526500809598,0 5.96264206815576,44.5528608728535,0 5.96246952342396,44.5529700048142,0 5.96229502711997,44.5530611714762,0 5.96219200660762,44.5531051059758,0 5.962071223643951,44.5531298780847,0 5.96170359321011,44.5531611836753,0 5.96167904459962,44.5531735536639,0 5.96156037433538,44.5531809718265,0 5.961205387840211,44.5533476073947,0 5.961115501266141,44.5534113679776,0 5.96105499204628,44.5534227206055,0 5.96066893808324,44.5536072142212,0 5.96066284800876,44.5536568352844,0 5.96058300305307,44.5537006871261,0 5.96067552306273,44.5538047783659,0 5.96075786492824,44.5538997735121,0 5.96154939444718,44.5535287317357,0 5.96230319294188,44.5532119380707,0 5.9633233285623,44.5527224992732,0 5.96494466384139,44.5518662842255,0 5.96515988867646,44.5517711362967,0 5.9659818469242,44.5515654546667,0 5.96617874229613,44.5515434974895,0 5.96617702496289,44.5515156166495,0 5.96626331410543,44.5515058205068,0 5.96630536851999,44.5515317164422,0 5.96984608169822,44.5511225505029,0 5.97007753311599,44.5510654233533,0 5.97070858920851,44.5509002469622,0 5.97316098659885,44.5502757625716,0 5.97499311462987,44.5498853238776,0 5.97750121624808,44.5493368948021,0 5.980268649739261,44.5486593366207,0 5.980294115334689,44.548638199105,0 5.98023312369543,44.5485090388923,0 5.980189643083559,44.5484037294692,0 5.97773791523286,44.549011779606,0 5.97612058115322,44.5494132296214,0 5.97450164110555,44.5498109150058,0 5.9739964056422,44.5499343462495,0 
						</coordinates>
					</LinearRing>
				</outerBoundaryIs>
			</Polygon>
		</Placemark>
		<Placemark id="parcelles-des-personnes-morales_05_groupe_personne_9.2069">
		<styleUrl>#PUBLICorASSOCIE</styleUrl>			<visibility>0</visibility>
			<ExtendedData>
				<SchemaData schemaUrl="#parcelles-des-personnes-morales_05_groupe_personne_9.schema">
					<SimpleData name="Numero de Parcelle">051230000D0850</SimpleData>
					<SimpleData name="Departement">05</SimpleData>
					<SimpleData name="Commune">LA ROCHE DES ARNAUDS</SimpleData>
					<SimpleData name="Adresse">LE GRAVA</SimpleData>
					<SimpleData name="Groupe de personne">Etablissements publics ou organismes associes</SimpleData>
					<SimpleData name="Forme Juridique Abregee">SA</SimpleData>
					<SimpleData name="Denomination">SOCIETE NATIONALE SNCF</SimpleData>
				</SchemaData>
			</ExtendedData>
	<Region>
		<LatLonAltBox>
			<north> 44.5446620186251 </north>
			<south> 44.5435083303723 </south>
			<east> 6.002254415779881 </east>
			<west> 5.99512120098252 </west>
		</LatLonAltBox>
		<Lod>
			<minLodPixels>100</minLodPixels>
			<maxLodPixels>-1</maxLodPixels>
		</Lod>
	</Region>
			<Polygon><altitudeMode>relativeToGround</altitudeMode>
				<outerBoundaryIs>
					<LinearRing>
						<coordinates>							5.99512120098252,44.5444805142908,0 5.995125553788031,44.5445839073328,0 5.99512869099953,44.5446620186251,0 5.99791834739592,44.5445032130499,0 5.99834624580203,44.5444789762089,0 5.99913356668604,44.5443746118678,0 5.99915816716828,44.5443681776854,0 5.99919552469462,44.5443102266998,0 5.99970879823168,44.5442000624305,0 5.99974201621252,44.5442680770358,0 5.999921667174799,44.5441877898971,0 5.999945786404579,44.5441770443809,0 5.99992450267582,44.5441487046086,0 5.999943369252949,44.5441434170816,0 6.000445942113809,44.5439647127556,0 6.00059619675249,44.5442035055593,0 6.00065299675802,44.5441843039081,0 6.00111817022113,44.5440295858509,0 6.001154425150851,44.5440149065152,0 6.00120105073326,44.5440033684978,0 6.001241593437309,44.5439864104093,0 6.001189556287211,44.5439388175106,0 6.002254415779881,44.5435083303723,0 6.00191238776313,44.5436334880549,0 6.001521872894119,44.543725729824,0 6.001205502472211,44.5437791077609,0 6.000997830483271,44.5438085384471,0 6.00066461587324,44.5438578684354,0 6.00045406991734,44.5438711603397,0 6.000077277436429,44.5438922144557,0 5.99981529651717,44.5439782532336,0 5.99973167797604,44.5440000752667,0 5.99964102230547,44.5440032600671,0 5.99904289209233,44.5441664497251,0 5.99786363440638,44.5443364145913,0 5.99648705980322,44.5444107355479,0 5.99512120098252,44.5444805142908,0 
						</coordinates>
					</LinearRing>
				</outerBoundaryIs>
			</Polygon>
		</Placemark>
		<Placemark id="parcelles-des-personnes-morales_05_groupe_personne_9.2101">
		<styleUrl>#PUBLICorASSOCIE</styleUrl>			<visibility>0</visibility>
			<ExtendedData>
				<SchemaData schemaUrl="#parcelles-des-personnes-morales_05_groupe_personne_9.schema">
					<SimpleData name="Numero de Parcelle">051230000D0089</SimpleData>
					<SimpleData name="Departement">05</SimpleData>
					<SimpleData name="Commune">LA ROCHE DES ARNAUDS</SimpleData>
					<SimpleData name="Adresse">BASSE CORREO</SimpleData>
					<SimpleData name="Groupe de personne">Etablissements publics ou organismes associes</SimpleData>
					<SimpleData name="Forme Juridique Abregee">ASS</SimpleData>
					<SimpleData name="Denomination">ASA DU CANAL DE GAP</SimpleData>
				</SchemaData>
			</ExtendedData>
	<Region>
		<LatLonAltBox>
			<north> 44.5588918583337 </north>
			<south> 44.5574462840138 </south>
			<east> 6.01140932166956 </east>
			<west> 6.00533706308646 </west>
		</LatLonAltBox>
		<Lod>
			<minLodPixels>100</minLodPixels>
			<maxLodPixels>-1</maxLodPixels>
		</Lod>
	</Region>
			<Polygon><altitudeMode>relativeToGround</altitudeMode>
				<outerBoundaryIs>
					<LinearRing>
						<coordinates>							6.00853374402166,44.5581771248264,0 6.008284663933079,44.5581232830816,0 6.00807307499405,44.5580659867465,0 6.0078625921823,44.5579939753546,0 6.00765709423278,44.5578925488029,0 6.00731771612191,44.5578324265754,0 6.00703265668717,44.5577654183034,0 6.00682297682121,44.557708428004,0 6.006746339701931,44.5576795248701,0 6.006326063695101,44.5575719641109,0 6.00607723052943,44.5575084712821,0 6.00555872789093,44.5574468253008,0 6.00544824806483,44.5574614548397,0 6.00533706308646,44.5574462840138,0 6.00539061579801,44.5575220322442,0 6.00557664133797,44.5575489489137,0 6.0059042986291,44.5575570538435,0 6.00599463413993,44.5575592785249,0 6.00602846494249,44.5575675463305,0 6.0061343119309,44.5575936725235,0 6.006241300973329,44.5576199476935,0 6.00629849700216,44.5576339754119,0 6.00651989761839,44.557688665495,0 6.00678717480714,44.5577601233466,0 6.007005411792839,44.5578239976539,0 6.007178463138771,44.5578745981709,0 6.00728964711278,44.5578944518414,0 6.00760653972383,44.5579511328007,0 6.007853537082819,44.5580652123067,0 6.00784319148322,44.5580838723836,0 6.00801757222497,44.5581404713807,0 6.00848070284754,44.5582457769161,0 6.008642453719729,44.5582734401991,0 6.00904256109507,44.5583475785959,0 6.00946429890746,44.5584256303317,0 6.00948415241488,44.5584293232619,0 6.009955873355351,44.5585656495244,0 6.01002716003506,44.558586318116,0 6.0100246489057,44.55857467499,0 6.01071461551165,44.5587677489498,0 6.01097693877215,44.558826449324,0 6.01139952058314,44.5588918583337,0 6.01140932166956,44.5588087088115,0 6.010848531790729,44.5587223851248,0 6.01001545465624,44.5584991606625,0 6.00949231193672,44.5583649573056,0 6.00938372376873,44.5583371071873,0 6.00906602541249,44.5582772099647,0 6.00898711020599,44.5582623342458,0 6.00863190467499,44.5581913862352,0 6.00853374402166,44.5581771248264,0 
						</coordinates>
					</LinearRing>
				</outerBoundaryIs>
			</Polygon>
		</Placemark>
</Document></Document></kml>