<?xml version="1.0" encoding="UTF-8"?>
<kml xmlns="http://www.opengis.net/kml/2.2" xmlns:gx="http://www.google.com/kml/ext/2.2" xmlns:kml="http://www.opengis.net/kml/2.2" xmlns:atom="http://www.w3.org/2005/Atom">
<Document id="root_doc">
	<name>parcelle_69_personne_morale.kml</name>
	<visibility>0</visibility>
	<atom:link rel="app" href="https://www.google.com/earth/about/versions/#earth-pro" title="Google Earth Pro 7.3.6.10201"></atom:link>
	<Schema name="CHARBONNIERES-LES-BAINS_personne_morale" id="CHARBONNIERES-LES-BAINS_personne_morale">
		<SimpleField type="string" name="Numero de Parcelle"></SimpleField>
		<SimpleField type="string" name="Departement"></SimpleField>
		<SimpleField type="string" name="Commune"></SimpleField>
		<SimpleField type="string" name="Adresse"></SimpleField>
		<SimpleField type="string" name="Groupe de personne"></SimpleField>
		<SimpleField type="string" name="Forme Juridique Abregee"></SimpleField>
		<SimpleField type="string" name="Denomination"></SimpleField>
	</Schema>
	<Style id="personne_morale">
		<LineStyle>
			<color>BF0000ff</color>
			<width>1.5</width>
		</LineStyle>
		<PolyStyle>
			<color>4C0000ff</color>
			<fill>1</fill>
			<outline>1</outline>
		</PolyStyle>
	</Style>	<Folder>
		<name>parcelle_69_personne_morale</name>
		<visibility>0</visibility>
		<Placemark id="personne_morale.3">
<styleUrl>#personne_morale</styleUrl>			<visibility>0</visibility>
			<ExtendedData>
				<SchemaData schemaUrl="#personne_morale">
					<SimpleData name="Numero de Parcelle">69044000AA0001</SimpleData>
					<SimpleData name="Departement">69</SimpleData>
					<SimpleData name="Commune">CHARBONNIERES-LES-BAINS</SimpleData>
					<SimpleData name="Adresse">3, RTE DE PARIS</SimpleData>
					<SimpleData name="Groupe de personne">Personnes morales non remarquables</SimpleData>
					<SimpleData name="Forme Juridique Abregee">SC</SimpleData>
					<SimpleData name="Denomination">SYBELE</SimpleData>
				</SchemaData>
			</ExtendedData>
	<Region>
		<LatLonAltBox>
			<north> 45.79062457424119 </north>
			<south> 45.7903172151497 </south>
			<east> 4.74422701355583 </east>
			<west> 4.74331616936452 </west>
		</LatLonAltBox>
		<Lod>
			<minLodPixels>100</minLodPixels>
			<maxLodPixels>-1</maxLodPixels>
		</Lod>
	</Region>
			<MultiGeometry>
				<Polygon><altitudeMode>relativeToGround</altitudeMode>
					<outerBoundaryIs>
						<LinearRing>
							<coordinates>								4.74361106452682,45.7903172151497,0 4.74331616936452,45.79062143692911,0 4.74420903741409,45.79062457424119,0 4.74422701355583,45.7906107857688,0 4.74361106452682,45.7903172151497,0 
							</coordinates>
						</LinearRing>
					</outerBoundaryIs>
				</Polygon>
			</MultiGeometry>
		</Placemark>
		<Placemark id="personne_morale.178">
<styleUrl>#personne_morale</styleUrl>			<visibility>0</visibility>
			<ExtendedData>
				<SchemaData schemaUrl="#personne_morale">
					<SimpleData name="Numero de Parcelle">69044000AK0108</SimpleData>
					<SimpleData name="Departement">69</SimpleData>
					<SimpleData name="Commune">CHARBONNIERES-LES-BAINS</SimpleData>
					<SimpleData name="Adresse">92, RTE DE PARIS</SimpleData>
					<SimpleData name="Groupe de personne">Personnes morales non remarquables</SimpleData>
					<SimpleData name="Forme Juridique Abregee">SCI</SimpleData>
					<SimpleData name="Denomination">SCI L EFFORT</SimpleData>
				</SchemaData>
			</ExtendedData>
	<Region>
		<LatLonAltBox>
			<north> 45.77777154748739 </north>
			<south> 45.77775718225169 </south>
			<east> 4.75097757876039 </east>
			<west> 4.75087827963604 </west>
		</LatLonAltBox>
		<Lod>
			<minLodPixels>100</minLodPixels>
			<maxLodPixels>-1</maxLodPixels>
		</Lod>
	</Region>
			<MultiGeometry>
				<Polygon><altitudeMode>relativeToGround</altitudeMode>
					<outerBoundaryIs>
						<LinearRing>
							<coordinates>								4.75087827963604,45.77776984589951,0 4.75097757876039,45.77777154748739,0 4.75088173995494,45.77775718225169,0 4.75088000979569,45.77776351407559,0 4.75087827963604,45.77776984589951,0 
							</coordinates>
						</LinearRing>
					</outerBoundaryIs>
				</Polygon>
			</MultiGeometry>
		</Placemark>
		<Placemark id="personne_morale.230">
<styleUrl>#personne_morale</styleUrl>			<visibility>0</visibility>
			<ExtendedData>
				<SchemaData schemaUrl="#personne_morale">
					<SimpleData name="Numero de Parcelle">69044000AK0110</SimpleData>
					<SimpleData name="Departement">69</SimpleData>
					<SimpleData name="Commune">CHARBONNIERES-LES-BAINS</SimpleData>
					<SimpleData name="Adresse">92, RTE DE PARIS</SimpleData>
					<SimpleData name="Groupe de personne">Personnes morales non remarquables</SimpleData>
					<SimpleData name="Forme Juridique Abregee">SCI</SimpleData>
					<SimpleData name="Denomination">SCI L EFFORT</SimpleData>
				</SchemaData>
			</ExtendedData>
	<Region>
		<LatLonAltBox>
			<north> 45.7777783060855 </north>
			<south> 45.77776960567359 </south>
			<east> 4.75134297932048 </east>
			<west> 4.75127503882083 </west>
		</LatLonAltBox>
		<Lod>
			<minLodPixels>100</minLodPixels>
			<maxLodPixels>-1</maxLodPixels>
		</Lod>
	</Region>
			<MultiGeometry>
				<Polygon><altitudeMode>relativeToGround</altitudeMode>
					<outerBoundaryIs>
						<LinearRing>
							<coordinates>								4.75127503882083,45.77777503723571,0 4.75131277598203,45.7777757124854,0 4.75134297932048,45.7777783060855,0 4.75127679747471,45.77776960567359,0 4.75127503882083,45.77777503723571,0 
							</coordinates>
						</LinearRing>
					</outerBoundaryIs>
				</Polygon>
			</MultiGeometry>
		</Placemark>
		<Placemark id="personne_morale.356">
<styleUrl>#personne_morale</styleUrl>			<visibility>0</visibility>
			<ExtendedData>
				<SchemaData schemaUrl="#personne_morale">
					<SimpleData name="Numero de Parcelle">69044000AX0012</SimpleData>
					<SimpleData name="Departement">69</SimpleData>
					<SimpleData name="Commune">CHARBONNIERES-LES-BAINS</SimpleData>
					<SimpleData name="Adresse">LE BUCLAY</SimpleData>
					<SimpleData name="Groupe de personne">Personnes morales non remarquables</SimpleData>
					<SimpleData name="Forme Juridique Abregee">AUPM</SimpleData>
					<SimpleData name="Denomination">ASSOCIATION SYNDICALE LES VERRIERES</SimpleData>
				</SchemaData>
			</ExtendedData>
	<Region>
		<LatLonAltBox>
			<north> 45.7877885573725 </north>
			<south> 45.7875846844203 </south>
			<east> 4.74313430900447 </east>
			<west> 4.74278039899019 </west>
		</LatLonAltBox>
		<Lod>
			<minLodPixels>100</minLodPixels>
			<maxLodPixels>-1</maxLodPixels>
		</Lod>
	</Region>
			<MultiGeometry>
				<Polygon><altitudeMode>relativeToGround</altitudeMode>
					<outerBoundaryIs>
						<LinearRing>
							<coordinates>								4.74278185479263,45.78765122434099,0 4.74291295335846,45.7877339563755,0 4.74299926226907,45.7877885573725,0 4.74313430900447,45.7877393643512,0 4.74299428817951,45.7876839717934,0 4.74288673573495,45.7876415882525,0 4.74283237709276,45.787616217142,0 4.74278039899019,45.7875846844203,0 4.74278185479263,45.78765122434099,0 
							</coordinates>
						</LinearRing>
					</outerBoundaryIs>
				</Polygon>
			</MultiGeometry>
		</Placemark>
		<Placemark id="personne_morale.752">
<styleUrl>#personne_morale</styleUrl>			<visibility>0</visibility>
			<ExtendedData>
				<SchemaData schemaUrl="#personne_morale">
					<SimpleData name="Numero de Parcelle">69044000AM0147</SimpleData>
					<SimpleData name="Departement">69</SimpleData>
					<SimpleData name="Commune">CHARBONNIERES-LES-BAINS</SimpleData>
					<SimpleData name="Adresse">161, RTE DE PARIS</SimpleData>
					<SimpleData name="Groupe de personne">Personnes morales non remarquables</SimpleData>
					<SimpleData name="Forme Juridique Abregee">SCI</SimpleData>
					<SimpleData name="Denomination">SCI DE LA MONTEE DES PERES</SimpleData>
				</SchemaData>
			</ExtendedData>
	<Region>
		<LatLonAltBox>
			<north> 45.7703195316781 </north>
			<south> 45.7699195865744 </south>
			<east> 4.75716364764945 </east>
			<west> 4.75680229664202 </west>
		</LatLonAltBox>
		<Lod>
			<minLodPixels>100</minLodPixels>
			<maxLodPixels>-1</maxLodPixels>
		</Lod>
	</Region>
			<MultiGeometry>
				<Polygon><altitudeMode>relativeToGround</altitudeMode>
					<outerBoundaryIs>
						<LinearRing>
							<coordinates>								4.75716364764945,45.77023333246681,0 4.75694568284378,45.7699195865744,0 4.75694454511506,45.7699202347917,0 4.75694315869283,45.7699211570958,0 4.75694151212594,45.76992199338021,0 4.75693986842177,45.76992291969119,0 4.75693809893941,45.76992393803221,0 4.75693607217513,45.76992496038,0 4.75693391676985,45.7699259847313,0 4.75693150408264,45.7699270130894,0 4.75692896561716,45.76992813347749,0 4.75692616986971,45.7699292578725,0 4.75692312542852,45.76993065635401,0 4.75692007812444,45.7699319648089,0 4.75691678212653,45.7699335473503,0 4.75691362049485,45.76993530794149,0 4.75691020444379,45.769937162566,0 4.75690667406514,45.76993946932681,0 4.75690618812851,45.76994037760661,0 4.75690570505458,45.76994137591291,0 4.75690534775887,45.7699422821893,0 4.75690486468491,45.7699432804956,0 4.75690437874821,45.7699441887753,0 4.75690402431519,45.7699451850783,0 4.75690353837846,45.769946093358,0 4.75690318108269,45.7699469996344,0 4.75690269800865,45.7699479979407,0 4.75690221207187,45.7699489062204,0 4.7569017289978,45.7699499045267,0 4.75690137170198,45.7699508108031,0 4.75690088576515,45.7699517190828,0 4.75690039982832,45.76995262736249,0 4.75690004539517,45.76995362366549,0 4.7568995594583,45.76995453194521,0 4.75689920502512,45.7699555282481,0 4.75689871908822,45.7699564365278,0 4.75689836465501,45.7699574328307,0 4.75689787871809,45.7699583411105,0 4.75689739564385,45.7699593394168,0 4.75689703834789,45.7699602456931,0 4.75689655527362,45.7699612439994,0 4.75689619797764,45.7699621502757,0 4.75689571490334,45.769963148582,0 4.75689523182902,45.7699641468883,0 4.7568948773957,45.7699651431912,0 4.75689452009967,45.76996604946751,0 4.7568940370253,45.7699670477738,0 4.75689367972924,45.7699679540501,0 4.75689319665484,45.7699689523564,0 4.75689283935876,45.7699698586327,0 4.75689235628433,45.769970856939,0 4.75689199898822,45.7699717632153,0 4.75689151591375,45.76997276152159,0 4.75689115861762,45.7699736677979,0 4.75689067554312,45.7699746661042,0 4.756890446888,45.76997557037711,0 4.75688996381348,45.7699765686834,0 4.75688960651729,45.7699774749596,0 4.75688912344274,45.7699784732659,0 4.75688876614652,45.7699793795422,0 4.75688828307193,45.7699803778485,0 4.75688792863839,45.76998137415139,0 4.75688744270107,45.76998228243101,0 4.7568870882675,45.7699832787339,0 4.75688660233016,45.7699841870136,0 4.75688624789656,45.7699851833165,0 4.75688589060025,45.76998608959281,0 4.75688553616662,45.7699870858956,0 4.75688517887029,45.7699879921719,0 4.75688469579557,45.7699889904782,0 4.7568843413619,45.76998998678099,0 4.75688385542445,45.76999089506071,0 4.75688350099076,45.7699918913636,0 4.75688314369437,45.7699927976399,0 4.75688266061956,45.7699937959461,0 4.75688230618582,45.769994792249,0 4.75688194888939,45.7699956985252,0 4.75688159445563,45.7699966948281,0 4.75688123715917,45.76999760110439,0 4.75688088558807,45.76999868743381,0 4.75688040251317,45.7699996857401,0 4.75688004521668,45.7700005920163,0 4.75687969078285,45.7700015883192,0 4.75687920484523,45.7700024965988,0 4.75687885041137,45.77000349290169,0 4.75687849597751,45.77000448920461,0 4.75687813868095,45.7700053954808,0 4.75687765560594,45.770006393787,0 4.75687742695048,45.7700072980599,0 4.75687707251656,45.7700082943627,0 4.75687671808263,45.7700092906656,0 4.75687623214489,45.77001019894519,0 4.75687587771093,45.77001119524811,0 4.75687552327696,45.7700121915509,0 4.75687516598031,45.7700130978272,0 4.75687481154631,45.77001409413,0 4.7568743256085,45.7700150024096,0 4.75687397117448,45.7700159987125,0 4.75687374538158,45.77001699301199,0 4.75687338808486,45.7700178992882,0 4.75687303365081,45.770018895591,0 4.75687267921674,45.7700198918939,0 4.75687219327884,45.7700208001735,0 4.75687183884474,45.7700217964763,0 4.75687148441063,45.7700227927791,0 4.75687112711384,45.77002369905539,0 4.7568707726797,45.77002469535821,0 4.75685644322807,45.7700516696587,0 4.75683925502802,45.7700777877646,0 4.756831791323,45.77008592033301,0 4.75682609996828,45.7700931245883,0 4.75682027424557,45.7701001507934,0 4.75681354516935,45.7701071009948,0 4.7568066845875,45.7701139631724,0 4.75680229664202,45.77011763435231,0 4.75700743772366,45.7703195316781,0 4.75716364764945,45.77023333246681,0 
							</coordinates>
						</LinearRing>
					</outerBoundaryIs>
				</Polygon>
			</MultiGeometry>
		</Placemark>
		<Placemark id="personne_morale.777">
<styleUrl>#personne_morale</styleUrl>			<visibility>0</visibility>
			<ExtendedData>
				<SchemaData schemaUrl="#personne_morale">
					<SimpleData name="Numero de Parcelle">69044000AR0015</SimpleData>
					<SimpleData name="Departement">69</SimpleData>
					<SimpleData name="Commune">CHARBONNIERES-LES-BAINS</SimpleData>
					<SimpleData name="Adresse">20, CHE DES GDES BRUYERES</SimpleData>
					<SimpleData name="Groupe de personne">Personnes morales non remarquables</SimpleData>
					<SimpleData name="Forme Juridique Abregee">AUPM</SimpleData>
					<SimpleData name="Denomination">ASSOCIES DU LOTISSEMENT CH DES GRANDES BRUYERES 044</SimpleData>
				</SchemaData>
			</ExtendedData>
	<Region>
		<LatLonAltBox>
			<north> 45.780601832054 </north>
			<south> 45.77993534039331 </south>
			<east> 4.73524637997618 </east>
			<west> 4.7339908284661 </west>
		</LatLonAltBox>
		<Lod>
			<minLodPixels>100</minLodPixels>
			<maxLodPixels>-1</maxLodPixels>
		</Lod>
	</Region>
			<MultiGeometry>
				<Polygon><altitudeMode>relativeToGround</altitudeMode>
					<outerBoundaryIs>
						<LinearRing>
							<coordinates>								4.73511944141032,45.780601832054,0 4.73524637997618,45.7804792753234,0 4.73517918505951,45.7804465321642,0 4.73500178288799,45.78036000008409,0 4.73483155338715,45.780382973473,0 4.73457019723191,45.7802546777102,0 4.73432789178734,45.7801304119336,0 4.73407315511031,45.7799996714744,0 4.73405105427071,45.77993534039331,0 4.7339908284661,45.78003435288949,0 4.73409298060752,45.7800858346211,0 4.73449687147664,45.7802890409837,0 4.73511944141032,45.780601832054,0 
							</coordinates>
						</LinearRing>
					</outerBoundaryIs>
				</Polygon>
			</MultiGeometry>
		</Placemark>
		<Placemark id="personne_morale.980">
<styleUrl>#personne_morale</styleUrl>			<visibility>0</visibility>
			<ExtendedData>
				<SchemaData schemaUrl="#personne_morale">
					<SimpleData name="Numero de Parcelle">69044000AT0168</SimpleData>
					<SimpleData name="Departement">69</SimpleData>
					<SimpleData name="Commune">CHARBONNIERES-LES-BAINS</SimpleData>
					<SimpleData name="Adresse">23, ALL DES HAUTINIERES</SimpleData>
					<SimpleData name="Groupe de personne">Personnes morales non remarquables</SimpleData>
					<SimpleData name="Forme Juridique Abregee">AUPM</SimpleData>
					<SimpleData name="Denomination">ASS SYNDICALE LIBRE DES HAUTINIERES</SimpleData>
				</SchemaData>
			</ExtendedData>
	<Region>
		<LatLonAltBox>
			<north> 45.7803340391451 </north>
			<south> 45.7802608838411 </south>
			<east> 4.73031847597922 </east>
			<west> 4.73018872808342 </west>
		</LatLonAltBox>
		<Lod>
			<minLodPixels>100</minLodPixels>
			<maxLodPixels>-1</maxLodPixels>
		</Lod>
	</Region>
			<MultiGeometry>
				<Polygon><altitudeMode>relativeToGround</altitudeMode>
					<outerBoundaryIs>
						<LinearRing>
							<coordinates>								4.73031847597922,45.7802967200189,0 4.73021784693171,45.7802608838411,0 4.73018872808342,45.7803011415405,0 4.73028128400993,45.7803340391451,0 4.73031772936243,45.7802975421035,0 4.73031847597922,45.7802967200189,0 
							</coordinates>
						</LinearRing>
					</outerBoundaryIs>
				</Polygon>
			</MultiGeometry>
		</Placemark>
		<Placemark id="personne_morale.1225">
<styleUrl>#personne_morale</styleUrl>			<visibility>0</visibility>
			<ExtendedData>
				<SchemaData schemaUrl="#personne_morale">
					<SimpleData name="Numero de Parcelle">69044000AK0196</SimpleData>
					<SimpleData name="Departement">69</SimpleData>
					<SimpleData name="Commune">CHARBONNIERES-LES-BAINS</SimpleData>
					<SimpleData name="Adresse">8, RUE BENOIT BENNIER</SimpleData>
					<SimpleData name="Groupe de personne">Personnes morales non remarquables</SimpleData>
					<SimpleData name="Forme Juridique Abregee">SCI</SimpleData>
					<SimpleData name="Denomination">CHARBONNIERES</SimpleData>
				</SchemaData>
			</ExtendedData>
	<Region>
		<LatLonAltBox>
			<north> 45.77723342941079 </north>
			<south> 45.7771798384514 </south>
			<east> 4.74531556617704 </east>
			<west> 4.74524978951192 </west>
		</LatLonAltBox>
		<Lod>
			<minLodPixels>100</minLodPixels>
			<maxLodPixels>-1</maxLodPixels>
		</Lod>
	</Region>
			<MultiGeometry>
				<Polygon><altitudeMode>relativeToGround</altitudeMode>
					<outerBoundaryIs>
						<LinearRing>
							<coordinates>								4.74531556617704,45.7772208508147,0 4.74528839753583,45.7771798384514,0 4.74524978951192,45.77719232502109,0 4.7452768323164,45.77723342941079,0 4.74531556617704,45.7772208508147,0 
							</coordinates>
						</LinearRing>
					</outerBoundaryIs>
				</Polygon>
			</MultiGeometry>
		</Placemark>
		<Placemark id="personne_morale.1307">
<styleUrl>#personne_morale</styleUrl>			<visibility>0</visibility>
			<ExtendedData>
				<SchemaData schemaUrl="#personne_morale">
					<SimpleData name="Numero de Parcelle">69044000AO0201</SimpleData>
					<SimpleData name="Departement">69</SimpleData>
					<SimpleData name="Commune">CHARBONNIERES-LES-BAINS</SimpleData>
					<SimpleData name="Adresse">CHE DE LA HALTE DU MERIDIEN</SimpleData>
					<SimpleData name="Groupe de personne">Personnes morales non remarquables</SimpleData>
					<SimpleData name="Forme Juridique Abregee">SAS</SimpleData>
					<SimpleData name="Denomination">SOCIETE DETUDES FONCIERES ET INVESTISSEMENTS - S E F I</SimpleData>
				</SchemaData>
			</ExtendedData>
	<Region>
		<LatLonAltBox>
			<north> 45.77332883487989 </north>
			<south> 45.773234210275 </south>
			<east> 4.74573107781893 </east>
			<west> 4.74555589834875 </west>
		</LatLonAltBox>
		<Lod>
			<minLodPixels>100</minLodPixels>
			<maxLodPixels>-1</maxLodPixels>
		</Lod>
	</Region>
			<MultiGeometry>
				<Polygon><altitudeMode>relativeToGround</altitudeMode>
					<outerBoundaryIs>
						<LinearRing>
							<coordinates>								4.74556922650093,45.77332883487989,0 4.74564244692861,45.7733160828257,0 4.74572530370468,45.7732905716855,0 4.74573107781893,45.77324112347231,0 4.74566453845753,45.7732371991596,0 4.74561321666991,45.773234210275,0 4.74560723066436,45.7732851028938,0 4.74555589834875,45.773294003507,0 4.74556922650093,45.77332883487989,0 
							</coordinates>
						</LinearRing>
					</outerBoundaryIs>
				</Polygon>
			</MultiGeometry>
		</Placemark>
		<Placemark id="personne_morale.1318">
<styleUrl>#personne_morale</styleUrl>			<visibility>0</visibility>
			<ExtendedData>
				<SchemaData schemaUrl="#personne_morale">
					<SimpleData name="Numero de Parcelle">69044000AO0203</SimpleData>
					<SimpleData name="Departement">69</SimpleData>
					<SimpleData name="Commune">CHARBONNIERES-LES-BAINS</SimpleData>
					<SimpleData name="Adresse">CHE DE LA HALTE DU MERIDIEN</SimpleData>
					<SimpleData name="Groupe de personne">Personnes morales non remarquables</SimpleData>
					<SimpleData name="Forme Juridique Abregee">SAS</SimpleData>
					<SimpleData name="Denomination">SOCIETE DETUDES FONCIERES ET INVESTISSEMENTS - S E F I</SimpleData>
				</SchemaData>
			</ExtendedData>
	<Region>
		<LatLonAltBox>
			<north> 45.7733681005522 </north>
			<south> 45.77332883487989 </south>
			<east> 4.74557075826427 </east>
			<west> 4.74483590643839 </west>
		</LatLonAltBox>
		<Lod>
			<minLodPixels>100</minLodPixels>
			<maxLodPixels>-1</maxLodPixels>
		</Lod>
	</Region>
			<MultiGeometry>
				<Polygon><altitudeMode>relativeToGround</altitudeMode>
					<outerBoundaryIs>
						<LinearRing>
							<coordinates>								4.74483590643839,45.7733681005522,0 4.74519651127876,45.7733584697813,0 4.74548171327793,45.7733495541159,0 4.74557075826427,45.7733325040879,0 4.74556922650093,45.77332883487989,0 4.74546707351263,45.7733465380599,0 4.74544254415897,45.7733482686218,0 4.74483590643839,45.7733681005522,0 
							</coordinates>
						</LinearRing>
					</outerBoundaryIs>
				</Polygon>
			</MultiGeometry>
		</Placemark>
		<Placemark id="personne_morale.1454">
<styleUrl>#personne_morale</styleUrl>			<visibility>0</visibility>
			<ExtendedData>
				<SchemaData schemaUrl="#personne_morale">
					<SimpleData name="Numero de Parcelle">69044000AM0022</SimpleData>
					<SimpleData name="Departement">69</SimpleData>
					<SimpleData name="Commune">CHARBONNIERES-LES-BAINS</SimpleData>
					<SimpleData name="Adresse">9, CHE DES RIVIERES</SimpleData>
					<SimpleData name="Groupe de personne">Personnes morales non remarquables</SimpleData>
					<SimpleData name="Forme Juridique Abregee">SARL</SimpleData>
					<SimpleData name="Denomination">TOLOZAN IMMOB</SimpleData>
				</SchemaData>
			</ExtendedData>
	<Region>
		<LatLonAltBox>
			<north> 45.7699899913993 </north>
			<south> 45.7699173448011 </south>
			<east> 4.75862391815857 </east>
			<west> 4.75849735388382 </west>
		</LatLonAltBox>
		<Lod>
			<minLodPixels>100</minLodPixels>
			<maxLodPixels>-1</maxLodPixels>
		</Lod>
	</Region>
			<MultiGeometry>
				<Polygon><altitudeMode>relativeToGround</altitudeMode>
					<outerBoundaryIs>
						<LinearRing>
							<coordinates>								4.75849735388382,45.76996431461159,0 4.75852005093258,45.7699899913993,0 4.75862391815857,45.7699455884347,0 4.75860409958576,45.7699173448011,0 4.75849735388382,45.76996431461159,0 
							</coordinates>
						</LinearRing>
					</outerBoundaryIs>
				</Polygon>
			</MultiGeometry>
		</Placemark>
		<Placemark id="personne_morale.1848">
<styleUrl>#personne_morale</styleUrl>			<visibility>0</visibility>
			<ExtendedData>
				<SchemaData schemaUrl="#personne_morale">
					<SimpleData name="Numero de Parcelle">69044000AT0273</SimpleData>
					<SimpleData name="Departement">69</SimpleData>
					<SimpleData name="Commune">CHARBONNIERES-LES-BAINS</SimpleData>
					<SimpleData name="Adresse">214, RTE DE SAIN BEL</SimpleData>
					<SimpleData name="Groupe de personne">Personnes morales non remarquables</SimpleData>
					<SimpleData name="Forme Juridique Abregee">SCI</SimpleData>
					<SimpleData name="Denomination">SCI CORNATEL</SimpleData>
				</SchemaData>
			</ExtendedData>
	<Region>
		<LatLonAltBox>
			<north> 45.7795447668835 </north>
			<south> 45.7787482034173 </south>
			<east> 4.72986876669428 </east>
			<west> 4.72874279064088 </west>
		</LatLonAltBox>
		<Lod>
			<minLodPixels>100</minLodPixels>
			<maxLodPixels>-1</maxLodPixels>
		</Lod>
	</Region>
			<MultiGeometry>
				<Polygon><altitudeMode>relativeToGround</altitudeMode>
					<outerBoundaryIs>
						<LinearRing>
							<coordinates>								4.72877232809668,45.7788900096451,0 4.72879605651291,45.7789078403279,0 4.72879882323261,45.7789098695584,0 4.72889202499295,45.7789799574841,0 4.72889717245777,45.7789840218548,0 4.72890257443185,45.7789879922549,0 4.7289078449261,45.77899187459891,0 4.72874279064088,45.7791595929301,0 4.72875787243632,45.7791602625602,0 4.729177091842,45.7791795988699,0 4.72924605643028,45.7791826851944,0 4.72923650169797,45.77920643010891,0 4.72922331998297,45.77923356321839,0 4.72921357642078,45.77925127629881,0 4.72919601166393,45.77927820636549,0 4.72918168691502,45.77929761092089,0 4.72916755185145,45.7793148508746,0 4.72915536831669,45.7793286382389,0 4.72914202680121,45.77934244334771,0 4.72912828237975,45.7793557142061,0 4.72911676936427,45.7793662487511,0 4.7291074933936,45.7793742270383,0 4.72909745670818,45.77938257726429,0 4.72940452290243,45.77945425103509,0 4.72938217713803,45.77950116000039,0 4.72941772424739,45.77950998250159,0 4.72947928156637,45.7795437161376,0 4.72948124535332,45.7795447668835,0 4.72949528652532,45.77953275242049,0 4.72968335838819,45.7793725162557,0 4.72969439046785,45.7793630698704,0 4.72986876669428,45.77921358158571,0 4.72979758201265,45.77911082157721,0 4.72973990097759,45.7790282104583,0 4.72936863045642,45.7790848814515,0 4.7288863166218,45.7787482034173,0 4.72877232809668,45.7788900096451,0 
							</coordinates>
						</LinearRing>
					</outerBoundaryIs>
				</Polygon>
			</MultiGeometry>
		</Placemark>
		<Placemark id="personne_morale.2026">
<styleUrl>#personne_morale</styleUrl>			<visibility>0</visibility>
			<ExtendedData>
				<SchemaData schemaUrl="#personne_morale">
					<SimpleData name="Numero de Parcelle">69044000AP0003</SimpleData>
					<SimpleData name="Departement">69</SimpleData>
					<SimpleData name="Commune">CHARBONNIERES-LES-BAINS</SimpleData>
					<SimpleData name="Adresse">32, CHE DE LA BRESSONNIERE</SimpleData>
					<SimpleData name="Groupe de personne">Personnes morales non remarquables</SimpleData>
					<SimpleData name="Forme Juridique Abregee">SAS</SimpleData>
					<SimpleData name="Denomination">LES REGIES DE LOPERA</SimpleData>
				</SchemaData>
			</ExtendedData>
	<Region>
		<LatLonAltBox>
			<north> 45.77730047505109 </north>
			<south> 45.77690461379989 </south>
			<east> 4.73635855741789 </east>
			<west> 4.73585821571676 </west>
		</LatLonAltBox>
		<Lod>
			<minLodPixels>100</minLodPixels>
			<maxLodPixels>-1</maxLodPixels>
		</Lod>
	</Region>
			<MultiGeometry>
				<Polygon><altitudeMode>relativeToGround</altitudeMode>
					<outerBoundaryIs>
						<LinearRing>
							<coordinates>								4.73635855741789,45.7769724663122,0 4.73631613502223,45.7769455575293,0 4.7363092314325,45.7769511580824,0 4.73623169495817,45.77690461379989,0 4.73585821571676,45.77718120301,0 4.73602093394723,45.77730047505109,0 4.73624501667715,45.7770827487897,0 4.73635855741789,45.7769724663122,0 
							</coordinates>
						</LinearRing>
					</outerBoundaryIs>
				</Polygon>
			</MultiGeometry>
		</Placemark>
		<Placemark id="personne_morale.2573">
<styleUrl>#personne_morale</styleUrl>			<visibility>0</visibility>
			<ExtendedData>
				<SchemaData schemaUrl="#personne_morale">
					<SimpleData name="Numero de Parcelle">69044000AP0004</SimpleData>
					<SimpleData name="Departement">69</SimpleData>
					<SimpleData name="Commune">CHARBONNIERES-LES-BAINS</SimpleData>
					<SimpleData name="Adresse">LE CHAPOLY</SimpleData>
					<SimpleData name="Groupe de personne">Personnes morales non remarquables</SimpleData>
					<SimpleData name="Forme Juridique Abregee">SAS</SimpleData>
					<SimpleData name="Denomination">LES REGIES DE LOPERA</SimpleData>
				</SchemaData>
			</ExtendedData>
	<Region>
		<LatLonAltBox>
			<north> 45.77718120301 </north>
			<south> 45.77668381066101 </south>
			<east> 4.73623169495817 </east>
			<west> 4.73557982381563 </west>
		</LatLonAltBox>
		<Lod>
			<minLodPixels>100</minLodPixels>
			<maxLodPixels>-1</maxLodPixels>
		</Lod>
	</Region>
			<MultiGeometry>
				<Polygon><altitudeMode>relativeToGround</altitudeMode>
					<outerBoundaryIs>
						<LinearRing>
							<coordinates>								4.73586549907281,45.77668381066101,0 4.73557982381563,45.77697733237869,0 4.73585821571676,45.77718120301,0 4.73623169495817,45.77690461379989,0 4.73586549907281,45.77668381066101,0 
							</coordinates>
						</LinearRing>
					</outerBoundaryIs>
				</Polygon>
			</MultiGeometry>
		</Placemark>
		<Placemark id="personne_morale.2614">
<styleUrl>#personne_morale</styleUrl>			<visibility>0</visibility>
			<ExtendedData>
				<SchemaData schemaUrl="#personne_morale">
					<SimpleData name="Numero de Parcelle">69044000AI0408</SimpleData>
					<SimpleData name="Departement">69</SimpleData>
					<SimpleData name="Commune">CHARBONNIERES-LES-BAINS</SimpleData>
					<SimpleData name="Adresse">44, AV LAMARTINE</SimpleData>
					<SimpleData name="Groupe de personne">Personnes morales non remarquables</SimpleData>
					<SimpleData name="Forme Juridique Abregee">SIVU</SimpleData>
					<SimpleData name="Denomination">SYNDICAT INTERCOMMUNAL A VOCATION UNIQUE DAMENAGEMENT ET DE</SimpleData>
				</SchemaData>
			</ExtendedData>
	<Region>
		<LatLonAltBox>
			<north> 45.7788501265589 </north>
			<south> 45.7786233280589 </south>
			<east> 4.74152270670267 </east>
			<west> 4.74109276396318 </west>
		</LatLonAltBox>
		<Lod>
			<minLodPixels>100</minLodPixels>
			<maxLodPixels>-1</maxLodPixels>
		</Lod>
	</Region>
			<MultiGeometry>
				<Polygon><altitudeMode>relativeToGround</altitudeMode>
					<outerBoundaryIs>
						<LinearRing>
							<coordinates>								4.7413016089361,45.7786609544878,0 4.74125684204223,45.7786904680283,0 4.74109988959906,45.7788199800276,0 4.74109276396318,45.7788226119667,0 4.74111332605234,45.7788501265589,0 4.74113360184435,45.7788317995115,0 4.74115297415008,45.7788133963316,0 4.74118957873428,45.7787822073776,0 4.74124392548262,45.7787339914339,0 4.74128036060813,45.7787055972601,0 4.74133083398262,45.7786896864087,0 4.74140802167572,45.7786800284756,0 4.74145210824001,45.77867385372171,0 4.74146491482684,45.7786717645738,0 4.74152270670267,45.7786593435126,0 4.74149852965896,45.7786233280589,0 4.7413016089361,45.7786609544878,0 
							</coordinates>
						</LinearRing>
					</outerBoundaryIs>
				</Polygon>
			</MultiGeometry>
		</Placemark>
		<Placemark id="personne_morale.2663">
<styleUrl>#personne_morale</styleUrl>			<visibility>0</visibility>
			<ExtendedData>
				<SchemaData schemaUrl="#personne_morale">
					<SimpleData name="Numero de Parcelle">69044000AN0042</SimpleData>
					<SimpleData name="Departement">69</SimpleData>
					<SimpleData name="Commune">CHARBONNIERES-LES-BAINS</SimpleData>
					<SimpleData name="Adresse">RUE BENOIT BENNIER</SimpleData>
					<SimpleData name="Groupe de personne">Personnes morales non remarquables</SimpleData>
					<SimpleData name="Forme Juridique Abregee">SCI</SimpleData>
					<SimpleData name="Denomination">CLIWEST</SimpleData>
				</SchemaData>
			</ExtendedData>
	<Region>
		<LatLonAltBox>
			<north> 45.77649444390461 </north>
			<south> 45.7762831944659 </south>
			<east> 4.74872666970364 </east>
			<west> 4.74856127018664 </west>
		</LatLonAltBox>
		<Lod>
			<minLodPixels>100</minLodPixels>
			<maxLodPixels>-1</maxLodPixels>
		</Lod>
	</Region>
			<MultiGeometry>
				<Polygon><altitudeMode>relativeToGround</altitudeMode>
					<outerBoundaryIs>
						<LinearRing>
							<coordinates>								4.74863069772882,45.7762869148814,0 4.74856127018664,45.7763057348732,0 4.74865940631992,45.77649444390461,0 4.74872666970364,45.7764763779665,0 4.7486396644819,45.7763058709641,0 4.74865524083995,45.7763018465688,0 4.74864409547852,45.7762831944659,0 4.74863069772882,45.7762869148814,0 
							</coordinates>
						</LinearRing>
					</outerBoundaryIs>
				</Polygon>
			</MultiGeometry>
		</Placemark>
		<Placemark id="personne_morale.3095">
<styleUrl>#personne_morale</styleUrl>			<visibility>0</visibility>
			<ExtendedData>
				<SchemaData schemaUrl="#personne_morale">
					<SimpleData name="Numero de Parcelle">69044000AX0054</SimpleData>
					<SimpleData name="Departement">69</SimpleData>
					<SimpleData name="Commune">CHARBONNIERES-LES-BAINS</SimpleData>
					<SimpleData name="Adresse">LE BUCLAY</SimpleData>
					<SimpleData name="Groupe de personne">Personnes morales non remarquables</SimpleData>
					<SimpleData name="Forme Juridique Abregee">AUPM</SimpleData>
					<SimpleData name="Denomination">ASSOCIATION DU LOTISSEMENT RUE DE LA PAIX</SimpleData>
				</SchemaData>
			</ExtendedData>
	<Region>
		<LatLonAltBox>
			<north> 45.7862814812802 </north>
			<south> 45.78581992576979 </south>
			<east> 4.74522229666482 </east>
			<west> 4.74495764306043 </west>
		</LatLonAltBox>
		<Lod>
			<minLodPixels>100</minLodPixels>
			<maxLodPixels>-1</maxLodPixels>
		</Lod>
	</Region>
			<MultiGeometry>
				<Polygon><altitudeMode>relativeToGround</altitudeMode>
					<outerBoundaryIs>
						<LinearRing>
							<coordinates>								4.74495764306043,45.7862205108607,0 4.74505715588004,45.7862814812802,0 4.74522229666482,45.78581992576979,0 4.7451720688852,45.7858397075368,0 4.74508871662066,45.7860783335511,0 4.74495764306043,45.7862205108607,0 
							</coordinates>
						</LinearRing>
					</outerBoundaryIs>
				</Polygon>
			</MultiGeometry>
		</Placemark>
		<Placemark id="personne_morale.3278">
<styleUrl>#personne_morale</styleUrl>			<visibility>0</visibility>
			<ExtendedData>
				<SchemaData schemaUrl="#personne_morale">
					<SimpleData name="Numero de Parcelle">69044000AM0061</SimpleData>
					<SimpleData name="Departement">69</SimpleData>
					<SimpleData name="Commune">CHARBONNIERES-LES-BAINS</SimpleData>
					<SimpleData name="Adresse">153, RTE DE PARIS</SimpleData>
					<SimpleData name="Groupe de personne">Personnes morales non remarquables</SimpleData>
					<SimpleData name="Forme Juridique Abregee">SAS</SimpleData>
					<SimpleData name="Denomination">FONCIA SAINT LOUIS</SimpleData>
				</SchemaData>
			</ExtendedData>
	<Region>
		<LatLonAltBox>
			<north> 45.7710548764536 </north>
			<south> 45.77095094173729 </south>
			<east> 4.75476967255116 </east>
			<west> 4.7546403115199 </west>
		</LatLonAltBox>
		<Lod>
			<minLodPixels>100</minLodPixels>
			<maxLodPixels>-1</maxLodPixels>
		</Lod>
	</Region>
			<MultiGeometry>
				<Polygon><altitudeMode>relativeToGround</altitudeMode>
					<outerBoundaryIs>
						<LinearRing>
							<coordinates>								4.75473241430436,45.77095094173729,0 4.7546403115199,45.7709971396337,0 4.75471031649765,45.7710048777762,0 4.75476184281613,45.7710548764536,0 4.75476835498409,45.77104513754849,0 4.75476967255116,45.7709934162183,0 4.75473241430436,45.77095094173729,0 
							</coordinates>
						</LinearRing>
					</outerBoundaryIs>
				</Polygon>
			</MultiGeometry>
		</Placemark>
		<Placemark id="personne_morale.4323">
<styleUrl>#personne_morale</styleUrl>			<visibility>0</visibility>
			<ExtendedData>
				<SchemaData schemaUrl="#personne_morale">
					<SimpleData name="Numero de Parcelle">69044000AT0115</SimpleData>
					<SimpleData name="Departement">69</SimpleData>
					<SimpleData name="Commune">CHARBONNIERES-LES-BAINS</SimpleData>
					<SimpleData name="Adresse">PL DES HAUTINIERES</SimpleData>
					<SimpleData name="Groupe de personne">Personnes morales non remarquables</SimpleData>
					<SimpleData name="Forme Juridique Abregee">AUPM</SimpleData>
					<SimpleData name="Denomination">ASS SYNDICALE LIBRE DES HAUTINIERES</SimpleData>
				</SchemaData>
			</ExtendedData>
	<Region>
		<LatLonAltBox>
			<north> 45.78088251043171 </north>
			<south> 45.77673494684781 </south>
			<east> 4.73358639461568 </east>
			<west> 4.72894873641163 </west>
		</LatLonAltBox>
		<Lod>
			<minLodPixels>100</minLodPixels>
			<maxLodPixels>-1</maxLodPixels>
		</Lod>
	</Region>
			<MultiGeometry>
				<Polygon><altitudeMode>relativeToGround</altitudeMode>
					<outerBoundaryIs>
						<LinearRing>
							<coordinates>								4.73211621477614,45.77673494684781,0 4.73209034848353,45.7767433602268,0 4.73206709485369,45.77675299447969,0 4.73205234345582,45.7767710549134,0 4.73204662960431,45.7767817709593,0 4.73204047732847,45.7767949256413,0 4.73203633276923,45.7768064282312,0 4.73203365871638,45.7768155664115,0 4.73203129278425,45.7768263211324,0 4.732028911095,45.77684067891891,0 4.73202718398446,45.7768553869392,0 4.73202524661028,45.7768880222359,0 4.73202438294565,45.7769097425079,0 4.73201860423703,45.77706619377291,0 4.73201282385101,45.7772266982409,0 4.73200807175241,45.7773543111561,0 4.73200750019767,45.7773607149424,0 4.73200628534706,45.7773671286038,0 4.73200455303699,45.777373460138,0 4.73200217178559,45.7773796214928,0 4.7319991472377,45.7773857927226,0 4.73199559958476,45.7773917017706,0 4.73199140298995,45.77739744063891,0 4.73198681194907,45.7774029153503,0 4.73198144612931,45.7774083118842,0 4.73197581170005,45.7774133522588,0 4.73196965416526,45.77741813045121,0 4.73196309936171,45.7774225544591,0 4.73195602427505,45.77742680631189,0 4.73194134252664,45.7774347777525,0 4.7319169870937,45.7774462302948,0 4.73188996084989,45.77745871460449,0 4.73157061922853,45.7776029551724,0 4.7313750265785,45.7776912535861,0 4.73113120541587,45.7778014582155,0 4.73112104519299,45.77780584742,0 4.73110994485169,45.7778089900595,0 4.73109829037318,45.7778108802117,0 4.73108633625759,45.7778114239013,0 4.73107421116598,45.7778106191541,0 4.73106268706051,45.7778084541264,0 4.73105176394195,45.77780492881849,0 4.73104170759433,45.7778003093645,0 4.73103303265874,45.777794587869,0 4.73102574195621,45.77778785435961,0 4.73092373060826,45.77767079642971,0 4.73091864971951,45.7776647495773,0 4.73091395481148,45.7776586968034,0 4.7309093829228,45.7776524620009,0 4.73090493969498,45.77764622522449,0 4.73090075096707,45.77763989447309,0 4.73089681955974,45.777633559774,0 4.73089301399236,45.77762713307369,0 4.7308894629247,45.77762061239849,0 4.73088603769692,45.7776139997221,0 4.73088287261016,45.7776074731254,0 4.73087983336318,45.7776008545277,0 4.73087704861565,45.777594141955,0 4.73087464702719,45.7775873334338,0 4.73087224826003,45.7775806149399,0 4.73086997533243,45.77757380444491,0 4.73086834852434,45.7775670741084,0 4.73086659023632,45.77756025571841,0 4.7308650864473,45.7775533433536,0 4.73086383997786,45.7775464270414,0 4.73086272216833,45.7775395087554,0 4.73086186167822,45.777532586522,0 4.73086138434632,45.7775255683401,0 4.73086090983522,45.77751864018559,0 4.73086798437655,45.77739522504741,0 4.73087323455751,45.77733272560099,0 4.73088240108524,45.7772514313958,0 4.73088325720085,45.77724178071129,0 4.73088392478839,45.7772384378589,0 4.73088510701137,45.7772350871114,0 4.73088642353448,45.7772319144448,0 4.73088825469289,45.7772287338832,0 4.73089060612794,45.7772257254811,0 4.73089308622159,45.77722271510519,0 4.73089596357436,45.7772200589172,0 4.73089922972408,45.7772174868352,0 4.73090289031219,45.7772151789136,0 4.73090655654145,45.7772130510465,0 4.73091047726734,45.7772108292044,0 4.73091440363441,45.7772087874168,0 4.73091859296031,45.777206921736,0 4.7309229137655,45.77720514410869,0 4.73092724021195,45.7772035465357,0 4.73093170095849,45.77720212704341,0 4.7309362903636,45.7772007055771,0 4.73094089105164,45.7771996442198,0 4.73094562321908,45.7771986709158,0 4.73095048968676,45.77719787569231,0 4.73095535897511,45.7771971704959,0 4.73102767428866,45.7771881348328,0 4.73103447063567,45.777187309997,0 4.73104125287772,45.7771860350245,0 4.73104790081878,45.7771845819708,0 4.73105427733712,45.7771826827282,0 4.73106051955431,45.77718060540461,0 4.73106649316957,45.7771781719193,0 4.73107232684157,45.7771753802986,0 4.73107776889478,45.77717241454479,0 4.73108281368717,45.7771690946036,0 4.73108772417818,45.7771655965815,0 4.73109224305041,45.7771619244265,0 4.73110338900125,45.77715202579409,0 4.73110874923975,45.7771464492474,0 4.73111397235532,45.7771406045926,0 4.73111868083524,45.77713476783359,0 4.73112286903749,45.77712875891591,0 4.73112692011697,45.7771224818902,0 4.73113045656115,45.7771162127605,0 4.73113373004517,45.7771097675241,0 4.7311363602356,45.77710333215781,0 4.73113859880757,45.777096722659,0 4.73114057724083,45.7770900270809,0 4.73114204103954,45.7770833393989,0 4.73114299020389,45.7770766596131,0 4.73114367922992,45.77706989374811,0 4.7311438508008,45.7770630457519,0 4.73114351055893,45.7770562956792,0 4.73114291300026,45.77704954955459,0 4.73113859904947,45.77703511438211,0 4.73113311418203,45.7770243900686,0 4.73112416007205,45.7770097558786,0 4.73111503046098,45.7769977364273,0 4.73110569431615,45.7769873414145,0 4.73109669448024,45.7769794632172,0 4.7310932901235,45.77697762396771,0 4.73108988294596,45.7769756946908,0 4.73108622127315,45.7769738593891,0 4.73108269107985,45.77697211214051,0 4.73107903504952,45.7769704568932,0 4.7310753790194,45.7769688016457,0 4.73107159715225,45.7769672383993,0 4.7310678181063,45.77696576518011,0 4.73106378456503,45.7769643859359,0 4.73105987968221,45.7769630047177,0 4.73105610627879,45.7769617115527,0 4.73105207555907,45.7769604223354,0 4.7310480533024,45.7769594031999,0 4.7310438995667,45.77695829601079,0 4.73102213265495,45.7769537661547,0 4.73099366705727,45.776949068854,0 4.73098617667259,45.7769482830653,0 4.73097868910897,45.7769475873034,0 4.73097108417063,45.7769472536239,0 4.73096361353221,45.77694709802479,0 4.73095602551883,45.77694730450809,0 4.73094844314697,45.7769476910455,0 4.73094086923734,45.77694834766441,0 4.73093343244802,45.7769492723907,0 4.73092600129996,45.7769503771712,0 4.73091870727205,45.7769517500593,0 4.73091142170595,45.7769533930288,0 4.73090427043908,45.77695521407859,0 4.73089764508749,45.7769573873422,0 4.7308907652396,45.7769596545801,0 4.73087368581365,45.7769650506175,0 4.73086708866625,45.77696812415219,0 4.73086049151811,45.7769711976865,0 4.73085416296833,45.77697462738229,0 4.73084796589667,45.7769781451312,0 4.73084203178204,45.776981838987,0 4.73083622914552,45.7769856208961,0 4.73083069228662,45.7769896689394,0 4.73082541556414,45.7769938030624,0 4.73082039897811,45.7769980232651,0 4.7308155166908,45.77700242154851,0 4.73081089736055,45.77700699593899,0 4.73080653816683,45.7770116564093,0 4.73080243910967,45.7770164029593,0 4.73079873166805,45.7770213236429,0 4.73079515570471,45.7770263323801,0 4.73078764600613,45.7770372560479,0 4.730783746117,45.7770442513062,0 4.73078213777995,45.77705454402269,0 4.73076900462647,45.7772516397425,0 4.73075739749351,45.77747690414,0 4.73075314519516,45.7775589335851,0 4.7307523884232,45.77756353879259,0 4.73075137433178,45.77756814794741,0 4.73074971412135,45.7775726769428,0 4.73074766229062,45.77757703180431,0 4.73074496434062,45.7775813065064,0 4.73074187477013,45.7775854070747,0 4.7307383935791,45.7775893335089,0 4.73073439492822,45.7775931778101,0 4.73072999901574,45.7775966679226,0 4.73072546598159,45.7775998899266,0 4.73051975342261,45.7777349986212,0 4.73031579598599,45.7778686388812,0 4.73007905398594,45.7780241281884,0 4.7298299189292,45.77818674241421,0 4.72982487114959,45.7781899722722,0 4.7298194261099,45.7781928479384,0 4.72981384958948,45.7781956355494,0 4.72980787299004,45.7781979789412,0 4.72980175927199,45.7782000542231,0 4.72979524547509,45.7782016852856,0 4.72978872603989,45.77820313629299,0 4.72978206102945,45.7782040491085,0 4.72977538474303,45.7782046018144,0 4.72976857415744,45.77820497643771,0 4.72975953122906,45.7782039441552,0 4.72975085455224,45.7782022757633,0 4.72974254412724,45.7781999712621,0 4.72973459713542,45.7781969406243,0 4.72972702485249,45.7781935439594,0 4.72972020198655,45.7781894152408,0 4.72971413981308,45.778184914578,0 4.7297085753721,45.7781798658614,0 4.7297040261269,45.77817435122849,0 4.72970024321155,45.7781686447065,0 4.72961293876848,45.77804433465901,0 4.72951390573762,45.7779030909317,0 4.72942025635997,45.7777693305317,0 4.72941806533533,45.77776513080011,0 4.72941666881863,45.7777616394547,0 4.72941579257938,45.77775832027569,0 4.7294162724168,45.7777530888299,0 4.72941576426497,45.7777450803411,0 4.72941371684575,45.7777331323423,0 4.72941035464355,45.7777203037908,0 4.72940681121736,45.77770990992141,0 4.72940282079184,45.7777016845962,0 4.72940011794948,45.77769758277981,0 4.72939690610411,45.7776936689062,0 4.72939343975751,45.777689849004,0 4.72938972172799,45.77768621310049,0 4.7293856233556,45.7776827631675,0 4.72938114464035,45.7776794992052,0 4.72937666874391,45.7776763252701,0 4.72937181250463,45.77767333730549,0 4.72936645008082,45.7776706273108,0 4.72936122195396,45.7776680953985,0 4.72935561348424,45.77766574945669,0 4.72934270987612,45.7776606330713,0 4.72933231844535,45.77765763987301,0 4.72932155794501,45.7776551927537,0 4.72931055703473,45.77765328974129,0 4.72929945001041,45.7776521089185,0 4.7292882340535,45.7776515602579,0 4.7292769091636,45.7776516437594,0 4.72926560118216,45.7776522674238,0 4.7292544444049,45.777653609334,0 4.72924356467324,45.7776555774907,0 4.72923283332694,45.7776581738658,0 4.72922237620757,45.7776613064602,0 4.72921257929468,45.7776649693586,0 4.72920305942626,45.7776692585038,0 4.72919322120765,45.7776757142199,0 4.72918430615022,45.7776828763512,0 4.72917656593811,45.7776905608996,0 4.72916987472951,45.7776988598646,0 4.72916434991302,45.7777074111652,0 4.72916012860291,45.77771648291179,0 4.72915719952806,45.7777257149952,0 4.729155434029,45.77773510938719,0 4.72915521526877,45.7777445701453,0 4.72915628310997,45.7777540111856,0 4.72915863473533,45.7777633424808,0 4.72916239316985,45.7777723820043,0 4.72916730109373,45.7777811336996,0 4.7291707815201,45.7777854037455,0 4.72917438215341,45.7777894017375,0 4.72917851997179,45.7777941120609,0 4.72918234411129,45.7777970257809,0 4.72918787183211,45.777800904168,0 4.72919337982789,45.7778041523634,0 4.72919914514487,45.7778073966149,0 4.72920490482654,45.77781046081149,0 4.72921091337542,45.7778132509821,0 4.72921704776719,45.77781594915309,0 4.72922343102609,45.7778183732981,0 4.72922994012781,45.7778207054435,0 4.72923644641204,45.7778229475613,0 4.72924319874521,45.77782482562551,0 4.72924994826077,45.777826613662,0 4.72925694664317,45.7778281276723,0 4.72926394220787,45.77782955165479,0 4.72927092931862,45.7778307055549,0 4.72927804227189,45.7778317674552,0 4.72928527261326,45.7778324672739,0 4.72929972202397,45.77783350680039,0 4.72931220771223,45.7778334955763,0 4.72932650873605,45.77783390687999,0 4.72933024834019,45.77783411977491,0 4.7293341250593,45.7778346007796,0 4.72933801023312,45.7778353518663,0 4.72934164090458,45.7778361969241,0 4.72934528284904,45.7778374020911,0 4.72934867592766,45.7778388812841,0 4.72935181450401,45.7778404544482,0 4.7293548328749,45.7778422996664,0 4.72935746808318,45.7778442408277,0 4.72935985442566,45.7778464560151,0 4.72936375467116,45.7778518004671,0 4.72936886922606,45.7778589277175,0 4.7293838269174,45.77788031538359,0 4.72939877898369,45.7779015229931,0 4.72949779480655,45.7780422266574,0 4.72961607782916,45.77821037661721,0 4.72971025153098,45.7783443990498,0 4.7298280014662,45.7785119264882,0 4.72993645153421,45.7786660858202,0 4.73005393141846,45.7788331668341,0 4.73016144545157,45.77898616940659,0 4.73026473006195,45.7791356339223,0 4.73026693530424,45.7791402837744,0 4.73026849723016,45.77914494349161,0 4.73026967880585,45.7791497891825,0 4.7302702170649,45.7791546447387,0 4.73027011200712,45.7791595101601,0 4.73026961813935,45.7791642914734,0 4.73026835229106,45.7791690846248,0 4.73026682629593,45.7791737916951,0 4.7302645226804,45.7791783305489,0 4.73026183025439,45.7791827852944,0 4.73015105146022,45.7793201302799,0 4.73000680999214,45.7794987901837,0 4.72988476125434,45.7796503586925,0 4.72988289894681,45.77965254893751,0 4.72988077367166,45.7796545630731,0 4.72987825676432,45.7796564030717,0 4.7298753454056,45.77965797890609,0 4.72987229692464,45.77965928663101,0 4.7298689826569,45.779660328219,0 4.72986539978326,45.7796610136427,0 4.72986180845205,45.7796614289844,0 4.7298582058442,45.7796614842165,0 4.7298545947789,45.7796612693666,0 4.72983227096934,45.7796595399906,0 4.72981592775071,45.77965970047539,0 4.72981219647835,45.77965975767869,0 4.72980588627657,45.7796596742774,0 4.72978545962011,45.77966097820631,0 4.72977212360916,45.7796626237821,0 4.72976532975782,45.7796635385693,0 4.7297585471822,45.7796648134653,0 4.72975203603032,45.7796665345527,0 4.72974566763745,45.779668703804,0 4.72973982235933,45.77967113524719,0 4.72973424850464,45.77967401288179,0 4.72972920058356,45.7796772427359,0 4.72972454993147,45.7796808267818,0 4.7297201650648,45.7796846769646,0 4.72971643197746,45.7796887873672,0 4.72971208657439,45.7796938979325,0 4.72970800695656,45.7796992746348,0 4.72970444481553,45.7797047334747,0 4.72970127148675,45.7797102764247,0 4.72969861563501,45.7797159015123,0 4.72969622274994,45.7797217027097,0 4.72969447882577,45.7797276740998,0 4.7296932467413,45.7797335475731,0 4.72969227480497,45.7797395071288,0 4.72969181752749,45.779745458795,0 4.72969187772792,45.779751492599,0 4.72969245258756,45.77975751851349,0 4.72969295979404,45.7797613837719,0 4.72969341062286,45.7797634484835,0 4.72969730176894,45.77977671927489,0 4.72970400663063,45.7797894065095,0 4.72971338808797,45.77980124207701,0 4.729720939045,45.77980806175431,0 4.72972531183947,45.7798120478946,0 4.7297392519503,45.7798214717418,0 4.72975520278247,45.7798293335633,0 4.72977264121853,45.7798353711661,0 4.7297910525973,45.7798395924395,0 4.72981017676813,45.7798419113008,0 4.72982962209594,45.77984215361241,0 4.72984874525363,45.7798403292372,0 4.72986742039329,45.77983653017521,0 4.72987929602161,45.77983346584941,0 4.72989076028083,45.7798295971941,0 4.72990168732482,45.7798250162096,0 4.72991168552,45.77981954875911,0 4.72992102065378,45.7798134609797,0 4.7299293123699,45.77980693884409,0 4.72993667805629,45.7797996202705,0 4.72994287447973,45.7797919593412,0 4.72994802466685,45.779783774029,0 4.72995187974622,45.7797753383615,0 4.7299545683832,45.7797666503659,0 4.72995596473283,45.7797578020425,0 4.72995571381387,45.77974978961009,0 4.7299545724954,45.77973800786581,0 4.72995457711044,45.7797340446906,0 4.72995496771965,45.77973007559731,0 4.72995548699352,45.7797261045313,0 4.72995639226143,45.77972212754721,0 4.72995742901321,45.7797182386178,0 4.72995898324292,45.7797144318249,0 4.72996079480176,45.7797106210866,0 4.72996273502502,45.77970680837569,0 4.72996507251929,45.77970334985591,0 4.72996766452325,45.77969979736331,0 4.72997038801085,45.7796963329253,0 4.72997212165176,45.77969414465149,0 4.73008538470244,45.77955387950809,0 4.73022181066739,45.77938461661639,0 4.73034151762296,45.7792364162452,0 4.73035006829664,45.7792258369301,0 4.73035528040928,45.7792196322006,0 4.73035994966729,45.7792125350902,0 4.73036729442317,45.7792004430677,0 4.73037199082278,45.7791901030002,0 4.73037580349646,45.7791803169086,0 4.73038081256357,45.779167630211,0 4.73038185491504,45.7791639213324,0 4.730382765783,45.77916012439971,0 4.73038316481734,45.7791564253869,0 4.73038356103164,45.7791526363469,0 4.73038357125582,45.7791488532264,0 4.73038332133333,45.7791449840249,0 4.73038294556752,45.7791412068239,0 4.73038205796843,45.7791375275429,0 4.73038103888617,45.7791337602077,0 4.7303798939607,45.7791300848731,0 4.73037823720215,45.77912650745839,0 4.73037465225931,45.77911890643869,0 4.73037042118115,45.7791112252574,0 4.73035868604885,45.7790941116766,0 4.73035734301789,45.7790923308617,0 4.73034956753959,45.7790824522715,0 4.73033797059504,45.7790697500272,0 4.73033703611403,45.7790686835112,0 4.73032626473186,45.779057679946,0 4.73031426488935,45.7790444434547,0 4.73031238464972,45.7790419503131,0 4.73031063307335,45.77903945519839,0 4.73030888149714,45.7790369600836,0 4.7303071299211,45.77903446496881,0 4.73030550418844,45.7790318778536,0 4.73030388127579,45.7790293807657,0 4.73030238702635,45.7790268817046,0 4.73030076129414,45.7790242945893,0 4.73029926422515,45.779021705501,0 4.73029789581935,45.7790191144395,0 4.73029652741367,45.77901652337799,0 4.73029503034509,45.7790139342895,0 4.73029378778289,45.77901125122759,0 4.73029254804064,45.779008658193,0 4.73029130547868,45.779005975131,0 4.73029006291684,45.77900329206899,0 4.73028894901813,45.779000607034,0 4.73028796660236,45.7789980100532,0 4.73028698136686,45.7789953230451,0 4.73028498269804,45.7789890487556,0 4.73028349868155,45.7789827665738,0 4.73028265516037,45.7789763844994,0 4.73028219762822,45.7789699965058,0 4.7302823834108,45.778963598647,0 4.73028295800187,45.7789572848963,0 4.7302840472444,45.7789509632533,0 4.7302857798011,45.778944631745,0 4.73028790116581,45.7789383843448,0 4.73029054282108,45.7789323091069,0 4.73029383060979,45.778926314031,0 4.73029738136309,45.7789204950634,0 4.73030170409252,45.77891466425721,0 4.73030616676319,45.7789091915871,0 4.73031487143447,45.7788994205476,0 4.73032489656865,45.77889071010421,0 4.73034411950598,45.7788756437369,0 4.73039680812975,45.7788358351548,0 4.73056832172661,45.77870602502381,0 4.73073606491413,45.778579154714,0 4.73090293208642,45.7784531082178,0 4.73113593686628,45.778276958278,0 4.73120597050974,45.7782238229436,0 4.73122146515755,45.7782212433654,0 4.73123059163622,45.7782208331199,0 4.73123960356024,45.77822087498431,0 4.73124863241232,45.7782214570117,0 4.73125768383545,45.7782227592568,0 4.73126649204353,45.778224515586,0 4.73127493401835,45.7782269080281,0 4.73128300411735,45.7782297565286,0 4.73129083382327,45.7782331491407,0 4.7312980343313,45.7782370017598,0 4.73130460564147,45.778241314386,0 4.73131092809456,45.7782459010422,0 4.73133903661244,45.77827204055231,0 4.73136473614215,45.7782952446922,0 4.73136990911896,45.7783001191956,0 4.73137534224095,45.7783050797775,0 4.73138077536392,45.77831004035901,0 4.73138633150609,45.7783148189114,0 4.7313918904708,45.7783196874908,0 4.73139757245472,45.7783243740411,0 4.73140325726119,45.7783291506183,0 4.73140894206865,45.7783339271953,0 4.7314148757351,45.7783384297414,0 4.7314206835627,45.7783430242888,0 4.73142674871416,45.77834761488731,0 4.73143281104499,45.77835211545811,0 4.73143900203828,45.77835661405421,0 4.73144493288794,45.7783610265714,0 4.73145124972302,45.7783654331652,0 4.73145756373742,45.7783697497313,0 4.73146388057451,45.7783741563243,0 4.73147044909222,45.7783783789137,0 4.73147688894941,45.778382603477,0 4.73148345464739,45.77838673603821,0 4.73149002034635,45.7783908685991,0 4.7314967118861,45.7783949091579,0 4.73150353208839,45.77839894774181,0 4.73151022080832,45.7784028982725,0 4.73151716685239,45.7784068448538,0 4.73152398141405,45.7784107033819,0 4.73153092181645,45.77841446990791,0 4.73153812236484,45.7784183225117,0 4.73154506276917,45.7784220890368,0 4.73155225767585,45.7784257615851,0 4.73155945258348,45.778429434133,0 4.73156664184833,45.7784329266258,0 4.7316006328636,45.7784496084561,0 4.7316310935934,45.77846454304471,0 4.73166399326883,45.77847926005241,0 4.73167250867299,45.7784839931742,0 4.73168001736092,45.7784894623107,0 4.73168625918697,45.7784955813844,0 4.73169136281275,45.7785023484207,0 4.73169493378631,45.7785094992619,0 4.73169696928504,45.7785169438809,0 4.73169759514812,45.7785245902759,0 4.73169667424683,45.77853217033971,0 4.73169433524243,45.7785396820975,0 4.73169030952222,45.77854676938959,0 4.73168550054115,45.7785535084203,0 4.73168488263018,45.7785543285391,0 4.73156135703816,45.7787119563529,0 4.73142831310626,45.7788821598253,0 4.7312992162857,45.7790468983296,0 4.73115378682301,45.7792326935697,0 4.73113806722276,45.77925275027911,0 4.73103744424127,45.77938138364441,0 4.73092926564888,45.77951950016241,0 4.73080290056854,45.779681133752,0 4.73070412702475,45.7798072164532,0 4.73057267713465,45.7799750525595,0 4.73057205919126,45.7799758726723,0 4.73045869428819,45.78012109375609,0 4.73037289610955,45.7802299538134,0 4.73033324298498,45.7802791099454,0 4.73031847597922,45.7802967200189,0 4.73031772936243,45.7802975421035,0 4.73028128400993,45.7803340391451,0 4.73027953908171,45.78033586731439,0 4.73024045372413,45.78037438637831,0 4.73022732444313,45.7803867472328,0 4.73021390116673,45.7803979416766,0 4.73019959413929,45.78040969009341,0 4.7300212599339,45.78054798071861,0 4.73001382931161,45.7805532286692,0 4.73000559567421,45.7805574981552,0 4.72999631014689,45.7805610632038,0 4.72998647611886,45.7805635558145,0 4.72997622225726,45.7805649740144,0 4.72996580589601,45.7805653138581,0 4.72995535852172,45.7805646634002,0 4.72994539198228,45.7805629247226,0 4.72993577761157,45.78056009979811,0 4.72992690704867,45.78055636276349,0 4.72980275876143,45.78050530458879,0 4.72962970682996,45.7804340995631,0 4.72960694216173,45.7804265223099,0 4.7295110749819,45.78039475575689,0 4.72949290104193,45.780389900302,0 4.72947120520053,45.78038356762689,0 4.72944784797695,45.78037762069449,0 4.72942075943755,45.7803717309475,0 4.72938832794667,45.78036376139151,0 4.72935513855977,45.7803562537949,0 4.72929453667342,45.7803448429288,0 4.72924432110444,45.7803362451833,0 4.72923652504421,45.7803339327571,0 4.72923249412093,45.7803326434746,0 4.72921873336025,45.78032483808501,0 4.7292111739402,45.7803177482919,0 4.72920553605925,45.78031035883869,0 4.72919758500841,45.7803030949054,0 4.72919414951098,45.7803002652975,0 4.72919058534784,45.7802974376612,0 4.72918689533708,45.7802947020241,0 4.72918307666063,45.7802919683586,0 4.72917938946869,45.7802893227485,0 4.72917557361105,45.7802866791101,0 4.72917163472386,45.7802842174981,0 4.72916756435294,45.7802816678303,0 4.72916349680043,45.7802792081898,0 4.72915943488438,45.78027692860379,0 4.72915524148461,45.7802745609622,0 4.72915091941918,45.7802721952921,0 4.72914660017214,45.78026991964919,0 4.72914228656149,45.7802678240609,0 4.72913784428517,45.7802657304441,0 4.72913340200918,45.7802636368272,0 4.72912870803754,45.7802617272083,0 4.72912414273221,45.78025981561739,0 4.7291184250693,45.7802581018267,0 4.72911271867862,45.7802567481451,0 4.72910676059217,45.7802555784614,0 4.72910068792974,45.7802548608858,0 4.72909461808539,45.78025423333731,0 4.72908843084692,45.7802539678696,0 4.72908225488017,45.78025406251091,0 4.72907621039729,45.7802542452076,0 4.72907005415576,45.78025497003969,0 4.7290641608818,45.7802558709829,0 4.72905698094784,45.7802567916424,0 4.72904572597001,45.7802591258047,0 4.72903821075855,45.78026167287041,0 4.72902432705633,45.78026638914609,0 4.72900639930183,45.7802735092229,0 4.72899118761839,45.7802810380304,0 4.72898903410889,45.78028215187561,0 4.72898410630146,45.7802851096428,0 4.72897957294492,45.780288331577,0 4.72897529973773,45.7802916395954,0 4.72897129231539,45.7802952137525,0 4.72896780801006,45.78029905010521,0 4.72896458103642,45.7803028825148,0 4.72896187717991,45.7803069771202,0 4.72895943347294,45.7803111578097,0 4.72895737858168,45.78031542261191,0 4.72895584117234,45.7803197695552,0 4.7289523521774,45.7803275690828,0 4.72894990096393,45.7803356229201,0 4.72894873641163,45.78034365704201,0 4.72894886133875,45.7803517614758,0 4.72895001559571,45.7803598501373,0 4.72895232503149,45.7803678310276,0 4.72895495002385,45.7803735553192,0 4.72895578401115,45.78037552409191,0 4.72896052683685,45.78038310741309,0 4.72896615623925,45.7803902267965,0 4.72897280088486,45.7803968802702,0 4.7289804607739,45.7804030678342,0 4.7289908874666,45.78041128462359,0 4.72900062011034,45.7804178907776,0 4.72901109094093,45.7804234047729,0 4.72902300809996,45.78042988738019,0 4.72902730762956,45.7804315328363,0 4.72903172455443,45.7804328162112,0 4.72903614147952,45.78043409958589,0 4.72904081010189,45.7804351989625,0 4.72904547027084,45.7804360282568,0 4.72905013043994,45.78043685755091,0 4.72905491082194,45.7804374147911,0 4.72905981141677,45.7804376999773,0 4.72906458334524,45.780437987135,0 4.72906947548646,45.7804380022388,0 4.72907834501448,45.7804375961107,0 4.72908937932768,45.7804364362442,0 4.72910194072942,45.7804347125519,0 4.72911460825294,45.7804322666677,0 4.72913030177242,45.7804277928584,0 4.72918693647617,45.780411162602,0 4.72919319321885,45.7804095355181,0 4.72919946405174,45.7804083585707,0 4.72920600067139,45.78040744776119,0 4.72921241707891,45.7804068090053,0 4.72921897624333,45.78040661841399,0 4.72922554386219,45.7804066979043,0 4.72923212275373,45.7804071375036,0 4.72923871009992,45.7804078471847,0 4.7292451828709,45.78040900897389,0 4.72925140394588,45.78041035476131,0 4.72936670710582,45.7804379506142,0 4.72947993198768,45.7804649477123,0 4.72949744288867,45.78046918283871,0 4.72951278337413,45.7804739916537,0 4.72952982753174,45.7804797651287,0 4.72964329981887,45.780522880902,0 4.72972996813486,45.78055685998701,0 4.72983793343863,45.7806008706252,0 4.72984865044427,45.78060602048829,0 4.72985799440533,45.7806125424588,0 4.72986556522557,45.7806199923181,0 4.72987097408496,45.78062828595691,0 4.72987446422034,45.7806369692938,0 4.72987565244951,45.780646138274,0 4.72987465052289,45.780655250761,0 4.72987132413405,45.7806641286726,0 4.72986591933888,45.7806724079541,0 4.72985843331743,45.780679998578,0 4.72971514985981,45.7807907301656,0 4.72971100250604,45.7807939462121,0 4.72970671520873,45.7807968041215,0 4.72970203909036,45.7807995779205,0 4.72969710281811,45.7808022656369,0 4.72969202942133,45.78080468524329,0 4.72968695038625,45.78080692479491,0 4.72968161119734,45.7808090782636,0 4.72967613488403,45.7808109636224,0 4.72967039277913,45.78081258284371,0 4.72966465067389,45.78081420206459,0 4.72965876862552,45.7808154631482,0 4.72965301242526,45.7808166322319,0 4.72964594700119,45.7808171008198,0 4.72966998541627,45.7808283514352,0 4.72968476724779,45.7808358709089,0 4.72969917999508,45.7808439364619,0 4.72971332695495,45.7808517358759,0 4.7297252752977,45.78085920870989,0 4.72973724337679,45.7808673117341,0 4.7297520121411,45.7808785242924,0 4.72975638502254,45.78088251043171,0 4.72975685176839,45.7808809720771,0 4.729758053871,45.7808782515322,0 4.72975925879255,45.7808756210147,0 4.72976071822972,45.7808728965249,0 4.7297621804858,45.7808702620625,0 4.72976390289555,45.7808677136824,0 4.72976549663777,45.7808651672747,0 4.72976735053364,45.7808627069495,0 4.72976933309671,45.7808602446517,0 4.72977144432695,45.7808577803814,0 4.72977355837609,45.7808554061385,0 4.72977580109238,45.780853029923,0 4.7297781752949,45.7808507417623,0 4.72978683627096,45.7808436735553,0 4.72989989087983,45.78075421162481,0 4.73007801844029,45.7806134023977,0 4.73023378104865,45.78049013930669,0 4.73029659153915,45.7804405380306,0 4.73031251763767,45.780427053432,0 4.73032442510497,45.7804167829271,0 4.73033581508274,45.7804064302861,0 4.7303463410522,45.7803972618111,0 4.73035733092312,45.7803864649506,0 4.73036633827076,45.78037813039739,0 4.7303835527604,45.7803605728546,0 4.73041403817943,45.78032695936779,0 4.73043879951344,45.7802996485271,0 4.73046954959546,45.780262157931,0 4.7305002375908,45.7802226867254,0 4.73062435650679,45.7800632496484,0 4.73062809801316,45.78005940929759,0 4.7306323598217,45.7800557411074,0 4.73063676157688,45.780052431053,0 4.73064181512008,45.78004938121289,0 4.73064713445496,45.7800465975076,0 4.73065285106744,45.7800441679909,0 4.7306585817818,45.7800421886105,0 4.73066483279838,45.78004038139039,0 4.73067110073753,45.7800391143339,0 4.73067763446873,45.7800381134119,0 4.73068443963309,45.7800375586791,0 4.73069137910378,45.780037182027,0 4.73069820401166,45.7800372574846,0 4.73070503738121,45.7800376030237,0 4.73071188203308,45.7800383086716,0 4.73071847781601,45.7800392883482,0 4.73072508488151,45.7800406281336,0 4.73073157456428,45.7800423300015,0 4.73073794122322,45.7800442138972,0 4.73074393598938,45.7800465538498,0 4.73074980491123,45.7800489858031,0 4.7310578188776,45.78021233248609,0 4.73115324413156,45.7802628391963,0 4.73115916105652,45.78026680159249,0 4.73116456896119,45.7802709519392,0 4.73116934482221,45.7802754722652,0 4.7311737431501,45.7802802685951,0 4.73117762963621,45.7802851628485,0 4.73118113576772,45.7802902430787,0 4.73118387836795,45.7802956052351,0 4.73118623779202,45.7803010633411,0 4.73118782804179,45.7803066233189,0 4.73118903229377,45.7803121892189,0 4.73118959603712,45.7803178550167,0 4.73118299221019,45.780349481044,0 4.73118127099763,45.78035617267571,0 4.73118045044772,45.7803628504888,0 4.73118040471596,45.7803696064847,0 4.73118100231512,45.7803763526101,0 4.73118220374659,45.78038182848301,0 4.73118450786303,45.780389629273,0 4.73118741581234,45.7803961598102,0 4.73119108729573,45.7804024084209,0 4.73119527062361,45.7804085591078,0 4.73120021184318,45.7804142478133,0 4.73120579357381,45.7804198366208,0 4.73121200453007,45.7804249654209,0 4.73122594504913,45.7804343890848,0 4.73124189344836,45.78044216066909,0 4.73125920639543,45.7804482900438,0 4.73127774393688,45.7804524190733,0 4.73129673407279,45.78045455960229,0 4.73131604249168,45.78045453355021,0 4.73133528883541,45.7804525268942,0 4.73135370110382,45.78044855148001,0 4.73137127929515,45.780442607308,0 4.73138712838694,45.7804348882535,0 4.73140112253382,45.7804254863189,0 4.73141301568981,45.7804147655626,0 4.73141450325049,45.7804129413244,0 4.7314212000941,45.78040482227991,0 4.73142756341618,45.78039427644659,0 4.73143184832449,45.7803831320118,0 4.7314341975951,45.78037183713789,0 4.73143435389688,45.7803603957738,0 4.73143245154082,45.7803489859995,0 4.73142849899343,45.7803378778971,0 4.73142262774365,45.780327159519,0 4.73141472041334,45.7803171929487,0 4.73140515735791,45.78030779220799,0 4.73139382684203,45.7802994994347,0 4.73138111204209,45.780292218678,0 4.73113458627444,45.7801644981582,0 4.73093360167629,45.7800604876272,0 4.73075825931302,45.7799695940126,0 4.73075116753773,45.7799651091939,0 4.73074482801071,45.7799599823421,0 4.73073975821344,45.7799542955903,0 4.73073570081527,45.77994805288581,0 4.73073444974888,45.7799450997467,0 4.7307330530939,45.7799416084173,0 4.73073168920429,45.7799350541856,0 4.7307316063254,45.7799283001636,0 4.73073294158367,45.7799216144596,0 4.73073544328952,45.7799151810753,0 4.73073936877281,45.7799089960636,0 4.73095659296913,45.77963572234181,0 4.73105017895859,45.7795166544283,0 4.73114424534551,45.7793964982141,0 4.73114685700791,45.7793935758856,0 4.73114985748294,45.77939073766219,0 4.73115299508529,45.7793881675465,0 4.73115665580661,45.7793858596165,0 4.73116058231914,45.7793838178201,0 4.73116476898039,45.7793818621027,0 4.73116922707543,45.7793803525736,0 4.73117382229792,45.7793791111521,0 4.73117842316279,45.779378049785,0 4.73118329546166,45.779377434606,0 4.73118842508814,45.7793768154786,0 4.73119368619967,45.7793762844042,0 4.73119895577506,45.77937602341151,0 4.73120409950788,45.7793758544199,0 4.73120937754719,45.7793758635086,0 4.7312146612292,45.77937605265159,0 4.73121982189009,45.7793764238231,0 4.73122498255106,45.77937679499431,0 4.73123015449758,45.7793775262745,0 4.73123545792948,45.7793783456076,0 4.7312405068552,45.7793792589161,0 4.73124543558142,45.7793804442804,0 4.73155162426342,45.77946509588129,0 4.73175354258536,45.7795209031911,0 4.73188236850908,45.7795569356933,0 4.73188548749803,45.77955787859609,0 4.73188847500037,45.7795587334465,0 4.73189146250281,45.7795595882968,0 4.7318944528278,45.77956053317429,0 4.7318973173111,45.77956157005389,0 4.7319003076363,45.7795625149313,0 4.73190329513912,45.7795633697812,0 4.73190615962274,45.7795644066606,0 4.73190914994824,45.7795653515378,0 4.73191201443207,45.779566388417,0 4.73191500758027,45.7795674233212,0 4.73191799790609,45.77956836819811,0 4.73192086239024,45.7795694050771,0 4.7319237268745,45.779570441956,0 4.73192672002315,45.77957147686,0 4.73192958733014,45.7795726037661,0 4.73193245181473,45.77957364064481,0 4.73193531629942,45.7795746775234,0 4.73193818360676,45.77957580442931,0 4.73194104809167,45.7795768413078,0 4.73194391539924,45.77957796821351,0 4.73194678270692,45.7795790951191,0 4.73194965001472,45.77958022202469,0 4.73195238865833,45.77958135090509,0 4.73195525596636,45.7795824778105,0 4.73195799743277,45.7795836967181,0 4.73196086474104,45.77958482362341,0 4.7319655672208,45.7795870032063,0 4.73197027252352,45.7795892728163,0 4.73197472896576,45.77959181645781,0 4.73197905392147,45.779594272047,0 4.73198325585845,45.7795969096655,0 4.73198680882886,45.7795993771043,0 4.73199128785366,45.7796026409635,0 4.73199498077968,45.7796054665362,0 4.73199868217398,45.7796085621905,0 4.73200212906259,45.77961175182211,0 4.73200544728722,45.7796149434286,0 4.7320085110061,45.7796182290124,0 4.73201158037067,45.7796216946506,0 4.73201897869677,45.7796318491335,0 4.73202396509453,45.7796389782393,0 4.73203022967005,45.7796458175125,0 4.73203762964573,45.7796519187915,0 4.73204578749634,45.7796575580833,0 4.73205507792448,45.7796623693533,0 4.73206498909477,45.7796664505288,0 4.73207551253866,45.77966953152789,0 4.73208665390125,45.77967179240499,0 4.73209789570127,45.779673151033,0 4.73210936660267,45.7796736054369,0 4.73211116790587,45.7796735777848,0 4.73211425020856,45.7796733503268,0 4.73211926247891,45.7796730932414,0 4.73212414326185,45.7796727481036,0 4.73212902122189,45.7796723129383,0 4.73213389635899,45.7796717877456,0 4.73213877149599,45.7796712625526,0 4.73214364098716,45.7796705573049,0 4.73214838181369,45.7796698540322,0 4.73215324848172,45.7796690587568,0 4.73215785217481,45.779668087377,0 4.73216258735514,45.7796672040491,0 4.73216731688949,45.77966614066649,0 4.73217191493625,45.7796649892316,0 4.73217651298282,45.7796638377965,0 4.7321811110292,45.77966268636121,0 4.73218570060655,45.7796612648439,0 4.73219548073855,45.77965706152349,0 4.73220472362743,45.779652145885,0 4.73221304892559,45.7796467039089,0 4.73222070831596,45.7796405515904,0 4.73222732709722,45.7796340549645,0 4.73223315412939,45.77962693999901,0 4.73223511395405,45.7796237574399,0 4.73223781471152,45.779619572729,0 4.73224130884401,45.7796119531546,0 4.73224375954559,45.779603899246,0 4.73224505791356,45.7795960431697,0 4.73224518983327,45.7795879347892,0 4.73224473087382,45.7795774035736,0 4.7322426021022,45.779566988064,0 4.73223868332415,45.77955696031761,0 4.73223322622297,45.779547136329,0 4.73222624209144,45.7795378762071,0 4.73221773093011,45.77952917995161,0 4.73220795853666,45.7795213136935,0 4.73219692208824,45.7795141874052,0 4.73218475589489,45.7795079791656,0 4.73217159426632,45.77950286705371,0 4.73215782037145,45.77949875511631,0 4.7321434398554,45.7794958234076,0 4.7321310598734,45.7794951127516,0 4.73211639781183,45.7794955179742,0 4.73201738808505,45.77950721582899,0 4.73200427845693,45.77950786741841,0 4.73200157368752,45.7795078188666,0 4.73199899758225,45.77950776833971,0 4.73199641865435,45.77950762778541,0 4.73199371106234,45.7795074892061,0 4.73199112931185,45.7795072586244,0 4.73198854756138,45.7795070280427,0 4.73198583714681,45.77950679943599,0 4.73198324975118,45.7795063887995,0 4.73198066235559,45.77950597816311,0 4.73197820362416,45.7795055655516,0 4.73197548756452,45.77950515689,0 4.73195969457372,45.7795023369101,0 4.73191002106681,45.7794904894941,0 4.73168122937622,45.7794274389017,0 4.7314995495136,45.7793766350611,0 4.73129721776951,45.7793199329469,0 4.73129201196986,45.7793181213423,0 4.73128705503359,45.77931603570701,0 4.73128208963334,45.7793136799897,0 4.73127750740317,45.7793112283223,0 4.73127317403648,45.7793085026244,0 4.73126909235473,45.77930559292341,0 4.73126513651567,45.7793025912208,0 4.73126156102522,45.7792994035409,0 4.73125823721969,45.779296031858,0 4.73125516509907,45.779292476172,0 4.73125313357365,45.7792892648019,0 4.73125135655434,45.779285959456,0 4.73124983686253,45.7792826501619,0 4.73124895484623,45.7792791509423,0 4.73124833015728,45.77927564777429,0 4.73124783413202,45.77927214263219,0 4.73124797860344,45.7792685375921,0 4.73124851188701,45.77926501665669,0 4.7312491766555,45.7792615837744,0 4.7312504819204,45.7792580509941,0 4.73141032533025,45.7790557316662,0 4.73147062810052,45.7789795973555,0 4.73147604209254,45.7789757313093,0 4.73148184771604,45.7789720393943,0 4.73148791912985,45.7789686136119,0 4.7314943878187,45.7789655420151,0 4.73149641538527,45.7789645201238,0 4.73150086215041,45.77896265047239,0 4.73150786524194,45.778960201168,0 4.73151500263936,45.7789579299433,0 4.73152227998635,45.7789560168528,0 4.73152969728305,45.7789544618965,0 4.73153738319245,45.7789532630999,0 4.73154507474523,45.7789522443574,0 4.73155265456614,45.7789517677526,0 4.73159686264533,45.7789453247924,0 4.73166384685526,45.77893862233429,0 4.73191807306792,45.7789138239674,0 4.7321364981389,45.7788926370341,0 4.73236082176136,45.7788707286176,0 4.73261443791914,45.7788470188864,0 4.73266000300809,45.77884280643411,0 4.73266719116932,45.7788421556272,0 4.73267424502042,45.77884132674111,0 4.73268130169502,45.7788405878818,0 4.73268848420827,45.7788397570191,0 4.73269553805875,45.77883892813159,0 4.73270245759898,45.77883792116509,0 4.73270950862526,45.7788370022495,0 4.73271655682755,45.7788359933063,0 4.73272360502957,45.77883498436259,0 4.73273065040755,45.7788338853912,0 4.73273769296144,45.7788326963921,0 4.73274473833885,45.77883159741981,0 4.73275164658198,45.7788302303412,0 4.73275856047243,45.7788290433167,0 4.7327654687149,45.7788276762372,0 4.73277224829451,45.7788263111332,0 4.73277915371243,45.7788248540257,0 4.73278606195387,45.77882348694501,0 4.73279296454718,45.7788219398093,0 4.73279973847761,45.77882039464921,0 4.73280663824624,45.7788187574854,0 4.73281341217589,45.7788172123245,0 4.73282005179481,45.7788154890845,0 4.73282694873828,45.7788137618923,0 4.73283358553241,45.77881194862431,0 4.73284035381254,45.7788102234072,0 4.73284711926827,45.77880840816249,0 4.73285375041312,45.7788064148388,0 4.73286025571902,45.778804513518,0 4.73286688686292,45.7788025201935,0 4.73287351800634,45.77880052686871,0 4.7328792541602,45.7787987274301,0 4.73288499031369,45.7787969279913,0 4.73289059498031,45.7787950405009,0 4.73289619399844,45.7787929729557,0 4.73290179584022,45.7787909954375,0 4.73290739485752,45.7787889278918,0 4.7329128623879,45.7787867722946,0 4.73291819843134,45.7787845286459,0 4.73292353165025,45.77878219496979,0 4.73292886486872,45.7787798612934,0 4.73293406660021,45.77877743956561,0 4.732939262683,45.778774837783,0 4.73294433292705,45.77877232800351,0 4.73294940034649,45.7787697281966,0 4.73295433627894,45.77876704033831,0 4.73295940087327,45.7787643505036,0 4.73296407665586,45.7787615765699,0 4.73296900411434,45.7787586186292,0 4.73297367707179,45.7787557546677,0 4.73297821854222,45.77875280265501,0 4.73298288585031,45.7787497586387,0 4.73299544989235,45.77873992810841,0 4.73311293603767,45.7786484132031,0 4.73326284260512,45.77853172079,0 4.73351226413934,45.77833747965551,0 4.73351806108457,45.7783335175541,0 4.73352452111103,45.7783301757593,0 4.73353164139375,45.7783273642436,0 4.73353890446246,45.778325000887,0 4.73354670760165,45.7783234398678,0 4.73355465352724,45.77832232700761,0 4.73356262205345,45.7783219343646,0 4.7335706131806,45.778322261939,0 4.7335786212587,45.77832312967621,0 4.73358639461568,45.7783247215843,0 4.73351322685035,45.7782943210281,0 4.73342599143917,45.7782586422413,0 4.73342928269992,45.7782650767629,0 4.73343083074329,45.7782692863,0 4.73343160964456,45.77827359772419,0 4.73343200256231,45.7782779150783,0 4.73343162351275,45.7782822442923,0 4.73343060115695,45.7782865833896,0 4.73342892984495,45.77829075231559,0 4.73342648374027,45.7782948430742,0 4.73342364317676,45.778298669681,0 4.73342014800694,45.7783021460619,0 4.73341613254179,45.77830545029479,0 4.73340962294669,45.7783113148227,0 4.73318539559764,45.7784839120529,0 4.73311358203327,45.7785377064751,0 4.73309720904122,45.7785492167971,0 4.73307449615098,45.7785637968283,0 4.73305629080877,45.778574344512,0 4.73305350825964,45.778575918452,0 4.73305059422412,45.778577404341,0 4.73304781167468,45.778578978281,0 4.73304489763885,45.7785804641698,0 4.73304198077858,45.7785818600313,0 4.73303893243194,45.7785831678417,0 4.73303601557138,45.77858456370301,0 4.73303297004872,45.7785859615405,0 4.73302979303969,45.7785872713268,0 4.73302687053017,45.7785884871334,0 4.73302369352085,45.7785897969195,0 4.73302064517334,45.77859110472941,0 4.73301746251524,45.7785922344609,0 4.73301427985701,45.7785933641923,0 4.73301096853668,45.7785944958998,0 4.73300778305395,45.7785955356037,0 4.73300447173336,45.778596667311,0 4.7329847409415,45.77860372565819,0 4.73297201877498,45.7786085146613,0 4.73295594856972,45.7786132650145,0 4.73294358131921,45.7786170577863,0 4.73289748451005,45.7786289345258,0 4.73286987989064,45.7786353031459,0 4.73284593021823,45.7786391837199,0 4.73284157829921,45.7786399711213,0 4.73283734939425,45.778640576492,0 4.73283299182711,45.7786411838385,0 4.73282876009802,45.77864169918161,0 4.73282427104468,45.7786422184764,0 4.73281990500549,45.7786425557407,0 4.73281554179016,45.778642983032,0 4.73281130441295,45.77864331831989,0 4.7328068040637,45.7786434775051,0 4.73280243237652,45.77864363471409,0 4.7327980635132,45.7786438819502,0 4.73279356033998,45.7786439511076,0 4.73278918300497,45.7786439282616,0 4.73278480566997,45.7786439054154,0 4.73278029684902,45.7786437945178,0 4.73277591386632,45.7786435916168,0 4.7327715337075,45.7786434787429,0 4.73274512126908,45.7786427134443,0 4.73272035884846,45.7786412022357,0 4.73268796018678,45.7786383671581,0 4.73265257124048,45.7786345872138,0 4.73262000157012,45.77863040368359,0 4.73258585972457,45.7786253435795,0 4.73255141256193,45.77861875695301,0 4.73233196117037,45.7785784422381,0 4.73202892761607,45.7785204052802,0 4.73200832360974,45.7785160378931,0 4.73199432087513,45.7785128301587,0 4.7319723907408,45.77850722213329,0 4.73195173593882,45.7785012342449,0 4.73192159851311,45.77849250965001,0 4.73189311394283,45.7784831291825,0 4.73185682500809,45.778471166381,0 4.73182417812866,45.7784604086549,0 4.73179370722145,45.778449257239,0 4.73176116362921,45.7784376872744,0 4.73172400400869,45.7784225853239,0 4.73169793021329,45.77841208696039,0 4.7316923243909,45.77840983116189,0 4.73168671292484,45.7784073953085,0 4.73168123012085,45.7784049574802,0 4.73167562147782,45.7784026116536,0 4.73167013585276,45.7784000837975,0 4.73166477606772,45.7783974639392,0 4.73165941910522,45.7783949341079,0 4.73165393065964,45.7783923162237,0 4.73164869671567,45.7783896043627,0 4.7316434655942,45.7783869825288,0 4.73163822882926,45.77838418064,0 4.73163299206485,45.7783813787511,0 4.73162788114052,45.77837848486001,0 4.73162289887824,45.77837558899401,0 4.73161778795497,45.7783726951025,0 4.73161280287179,45.77836970920881,0 4.7316079436287,45.7783666313131,0 4.73160309003001,45.7783637334717,0 4.73159835944947,45.77836065360099,0 4.73159362604754,45.7783574837028,0 4.73158901848571,45.7783542218026,0 4.73158428508487,45.778351051904,0 4.73157967752413,45.77834779000349,0 4.73157519862537,45.77834452612809,0 4.73157058824383,45.7783411741999,0 4.7315662351857,45.7783378183224,0 4.73154196325652,45.77831909584759,0 4.73151994066587,45.77830232040199,0 4.73149720988181,45.7782834841967,0 4.73144113097253,45.77823561658521,0 4.73141884999012,45.7782147018391,0 4.73139431124652,45.7781915699699,0 4.73134758357664,45.77814635100619,0 4.73132540875486,45.7781247140491,0 4.73130343202229,45.7781011825661,0 4.73128756556159,45.77808368212139,0 4.73127434286137,45.7780683928729,0 4.73125965411565,45.77805150484761,0 4.73114456192304,45.7779196060265,0 4.73113782985829,45.7779101618353,0 4.73113647272527,45.7779079308933,0 4.73113537009208,45.777905605976,0 4.73113439329827,45.7779031890572,0 4.73113380248581,45.7779007662164,0 4.73113334033382,45.7778983414016,0 4.73113326416309,45.7778959106646,0 4.73113344531318,45.77789347597971,0 4.73113362646325,45.7778910412947,0 4.73113432225488,45.7778885987136,0 4.73113514952797,45.7778862441857,0 4.73113662574519,45.77788405984229,0 4.73113797330191,45.7778818774729,0 4.73113957535812,45.7778796011281,0 4.73114131171686,45.77787750286381,0 4.73114317955699,45.7778754926527,0 4.73114504457582,45.77787339241439,0 4.73114691523683,45.7778714722306,0 4.7311489117369,45.7778694600454,0 4.73115117119984,45.77786762396659,0 4.73115329918111,45.7778656998346,0 4.73115568730409,45.77786386178169,0 4.73116845630229,45.7778564602181,0 4.73143943674227,45.7777380025947,0 4.73173720199657,45.77760760416751,0 4.7317415510279,45.7776067267815,0 4.73174604282941,45.77760629755701,0 4.73175054591936,45.7776062284415,0 4.73175505747572,45.7776064294076,0 4.73175958032068,45.7776069904826,0 4.7317638571349,45.777607915616,0 4.73176813959358,45.7776090208038,0 4.73177217602165,45.77761049005009,0 4.73177583775944,45.7776123253297,0 4.73177925064454,45.7776144346404,0 4.73178860843852,45.7776214065865,0 4.73189351861587,45.77773643771171,0 4.73202612037817,45.7778848201354,0 4.73204698337041,45.7779056664598,0 4.73204924963086,45.77790815364721,0 4.7320516417293,45.7779105488321,0 4.7320540310053,45.77791285398979,0 4.73205654894192,45.77791515717229,0 4.73205919836183,45.7779175484069,0 4.73206158763845,45.77791985356441,0 4.73206423141349,45.7779220647444,0 4.73206700667184,45.77792436397651,0 4.73206990494554,45.7779264811789,0 4.73207267455901,45.77792860035629,0 4.73207557565583,45.77793080758579,0 4.73207847110752,45.7779328347607,0 4.7320813693821,45.77793495196279,0 4.73208451933247,45.77793688516011,0 4.73208754344528,45.7779389103596,0 4.73209069339609,45.7779408435567,0 4.73209384334712,45.7779427767537,0 4.73211089664704,45.77795296314961,0 4.73213381871472,45.7779655814239,0 4.73217731474931,45.777985719983,0 4.73224329494004,45.778012718983,0 4.73224512159562,45.7780135015743,0 4.73224695107422,45.7780143741928,0 4.73224852887749,45.7780154308164,0 4.7322501095038,45.7780165774672,0 4.73225156146951,45.7780177260933,0 4.73225263309926,45.7780190606999,0 4.73225370755202,45.7780204853337,0 4.73225452468352,45.7780219139181,0 4.73225508449372,45.77802334645309,0 4.73225551846626,45.7780248709907,0 4.732258211441,45.77803275585929,0 4.73226425926057,45.7780450026809,0 4.73227009090912,45.7780544606322,0 4.73227765160977,45.7780656934492,0 4.73228724830191,45.7780761744422,0 4.73229874103332,45.77808554547681,0 4.73231212980425,45.7780938065524,0 4.73232689150211,45.7781006954882,0 4.73233599939303,45.778103798192,0 4.73234276598147,45.77810612620711,0 4.73235961893424,45.7781099206297,0 4.73237706719971,45.7781121747091,0 4.73239484498512,45.778112622314,0 4.73241257195262,45.7781114494255,0 4.73242986211808,45.77810866197,0 4.73244632667421,45.778104175847,0 4.73246451060317,45.7780970512733,0 4.73248095982331,45.7780879717794,0 4.73249516816071,45.7780772153501,0 4.73250650078177,45.7780650619459,0 4.73251509199504,45.7780516896467,0 4.73252057558371,45.7780377345708,0 4.73252269422866,45.77802320066969,0 4.73252159353353,45.7780086261318,0 4.73251741063165,45.77799427906291,0 4.73250964782346,45.7779807075288,0 4.73249908272116,45.7779680797297,0 4.73248572944287,45.7779568458012,0 4.73243830977954,45.777938839229,0 4.73242690296134,45.7779363122561,0 4.73241512992543,45.7779344213994,0 4.73239992540625,45.7779339342881,0 4.73235215970347,45.777937730081,0 4.73231307635324,45.7779433741038,0 4.73229689336332,45.7779445232724,0 4.73229471178121,45.777944736908,0 4.73229239589253,45.77794477246431,0 4.73229020866434,45.7779448060453,0 4.73228788995264,45.7779447515742,0 4.73228569707841,45.7779446051006,0 4.73228336989769,45.7779442805476,0 4.73228116855445,45.7779438639921,0 4.73227909304873,45.77794335543389,0 4.73227701754304,45.77794284687571,0 4.73227493639139,45.7779421582629,0 4.73226206067819,45.7779379424839,0 4.73224370218515,45.7779312889025,0 4.73221866062918,45.7779208648845,0 4.73219556874883,45.77791104142321,0 4.73219020898632,45.7779084215899,0 4.73218484922432,45.7779058017563,0 4.73217948381714,45.777903001868,0 4.73217437290844,45.7779001080017,0 4.73216939066065,45.77789721216,0 4.73216440276774,45.77789413626349,0 4.73215941487539,45.7778910603668,0 4.73215468430431,45.7778879805195,0 4.73215007392571,45.777884628615,0 4.73214546637046,45.77788136673761,0 4.73214098183054,45.7778779228303,0 4.73213676025736,45.7778746550269,0 4.7321323987333,45.7778710290896,0 4.73212829735319,45.777867489229,0 4.73212432181116,45.7778638573658,0 4.7321203434469,45.7778601354752,0 4.732116619581,45.7778563196069,0 4.73211289571562,45.77785250373849,0 4.73210942917129,45.77784868391969,0 4.73210862898245,45.7778477954978,0 4.73199130845282,45.7777146707373,0 4.73188453926232,45.7775937235766,0 4.73188080696364,45.7775896376187,0 4.73187758083715,45.77758527367939,0 4.73187524968406,45.77758071586139,0 4.73187342752525,45.77757597008921,0 4.73187263182145,45.7775711184908,0 4.73187247941586,45.777566257018,0 4.73187335910945,45.7775614697735,0 4.73187488210086,45.7775566726546,0 4.73187705685691,45.7775521357432,0 4.73188013787428,45.7775477650621,0 4.73188225170616,45.77754539078001,0 4.73188462285697,45.7775430125481,0 4.73188712831183,45.7775408123957,0 4.73188976242604,45.7775386102685,0 4.7318925308443,45.7775365862208,0 4.73189543074426,45.7775346502255,0 4.73189846212591,45.7775328022824,0 4.7319016221669,45.7775309523644,0 4.73190491651196,45.7775292805259,0 4.7319083451611,45.7775277867669,0 4.73191912881108,45.7775227574261,0 4.7322258257158,45.77739402198619,0 4.73225470953925,45.777383310487,0 4.73228996702608,45.7773706096407,0 4.73235370374649,45.77735071622359,0 4.73238306101725,45.7773427896104,0 4.73241587513494,45.7773342694878,0 4.73247345832362,45.7773233874761,0 4.73251417708244,45.7773165473608,0 4.7325526082035,45.77731064306509,0 4.73259979095052,45.7773046944361,0 4.73264803966557,45.7772999003357,0 4.73269182766354,45.7772965257768,0 4.73273486911591,45.7772939733012,0 4.73276589286533,45.7772940372794,0 4.7328350872035,45.7772963072132,0 4.73286509862631,45.7772969271353,0 4.73290625943962,45.777300077927,0 4.73295087992931,45.7773027252128,0 4.73301967544153,45.777308694055,0 4.73304808773639,45.7773116803271,0 4.73307820931674,45.777315811255,0 4.73311004583351,45.7773212668919,0 4.73313400591312,45.77732594280251,0 4.73316017297101,45.777331215301,0 4.73317382903884,45.777335689201,0 4.73318748793333,45.77734025312651,0 4.73319191318111,45.7773418064202,0 4.73319608675997,45.7773435437208,0 4.73320026316358,45.7773453710486,0 4.7332041907228,45.7773474724107,0 4.73320811828232,45.7773495737727,0 4.73321166551393,45.7773518611182,0 4.73321521557033,45.77735423849081,0 4.7332185139579,45.7773567998706,0 4.7332216865112,45.77735945325399,0 4.73322460174662,45.7773621105901,0 4.73322739397227,45.7773649499571,0 4.73322941989264,45.77736798123689,0 4.73323124060577,45.7773767801893,0 4.73324936629518,45.77732678275951,0 4.73326385787005,45.7772922432314,0 4.73328025261516,45.77725272057981,0 4.73326691856149,45.77725850979769,0 4.7332565932299,45.7772617308168,0 4.73324868699457,45.77726410403731,0 4.7332369125189,45.7772662664685,0 4.73322996211549,45.7772662831682,0 4.73321683608636,45.77726639473501,0 4.73320250411124,45.7772649936247,0 4.73297254963851,45.7772343890616,0 4.73275822294812,45.77722597161401,0 4.73253025045884,45.7772380291868,0 4.7325095263092,45.7772421303804,0 4.73247001635344,45.7772505732047,0 4.73218115672043,45.77732003924091,0 4.73217216470224,45.7773206276425,0 4.73216313881042,45.7773201357162,0 4.7321543420091,45.7773187395662,0 4.73215343292758,45.7773184833108,0 4.73214602597123,45.7773162551876,0 4.73213819916546,45.7773129526622,0 4.73213150206437,45.7773087320872,0 4.73212556280466,45.7773040495244,0 4.73212101339034,45.77729853498931,0 4.73211773927579,45.7772926405934,0 4.73211587194233,45.7772864543889,0 4.73211534646726,45.77727790574891,0 4.73211532388561,45.7772771855308,0 4.73211488755176,45.7772673745339,0 4.73211577331652,45.77725457091059,0 4.7321167494075,45.77724464815981,0 4.73212677951924,45.777108847855,0 4.73214070470065,45.7769207468042,0 4.73214145005718,45.7769157814785,0 4.73214335898175,45.7769109784306,0 4.73214630563876,45.77690642966299,0 4.73215029567347,45.7769023152301,0 4.73215520042769,45.7768986371071,0 4.73216089688884,45.7768955773235,0 4.73216726204448,45.776893317909,0 4.73217390427515,45.77689168473449,0 4.73218095788465,45.7768908558793,0 4.73218803689918,45.7768908372691,0 4.73231711033088,45.7768938995398,0 4.73233616180988,45.7768898240618,0 4.73235397914091,45.7768833356235,0 4.73236953588128,45.776874540056,0 4.73238245734872,45.7768638033959,0 4.73239224020423,45.7768514936548,0 4.73239825809843,45.77683816087459,0 4.7324007824652,45.776824251241,0 4.73239944144931,45.7768102208172,0 4.73239412333474,45.7767966117419,0 4.73238536251724,45.7767840463036,0 4.73237329894882,45.7767728826351,0 4.73235590113405,45.7767599093853,0 4.73234020248725,45.7767518639272,0 4.73232334027983,45.7767436561909,0 4.73231187725364,45.7767393286613,0 4.73230360081769,45.776738104676,0 4.73230012423757,45.7767380679835,0 4.73211621477614,45.77673494684781,0 
							</coordinates>
						</LinearRing>
					</outerBoundaryIs>
					<innerBoundaryIs>
						<LinearRing>
							<coordinates>								4.72999139977203,45.778579225956,0 4.72982733169138,45.77834665730119,0 4.72982456958636,45.778340664921,0 4.72982257663178,45.77833457067819,0 4.72982148148886,45.7783283726002,0 4.72982115549586,45.77832207265979,0 4.72982160429056,45.7783158509114,0 4.72982308519553,45.7783097034102,0 4.72982521222624,45.7783036360735,0 4.72982824552428,45.7782977349837,0 4.72983205924705,45.7782920921405,0 4.72983665057533,45.7782866175166,0 4.72985016260963,45.7782741607637,0 4.7298639939804,45.77826368066519,0 4.72997803428622,45.7781894253952,0 4.73017015054956,45.77806398363101,0 4.73034422842513,45.77795034719571,0 4.73052549821415,45.777832096647,0 4.73074542360143,45.7776904649893,0 4.73074975291151,45.7776889574504,0 4.73075434236174,45.7776875359915,0 4.73075907457426,45.7776865626953,0 4.73076394390812,45.7776858575072,0 4.73076894754285,45.77768533039979,0 4.73077383379972,45.7776851653751,0 4.73077885717815,45.77768526845841,0 4.73078376035833,45.7776856435971,0 4.73078854616091,45.77768638081841,0 4.73079334042534,45.7776873881214,0 4.73079787737006,45.7776883993714,0 4.73080255425725,45.77768976875689,0 4.73080697664537,45.7776912321167,0 4.73081114453443,45.777692789451,0 4.73081531524434,45.7776944368125,0 4.7308193657564,45.77769635622939,0 4.73082329042939,45.7776983676471,0 4.73082721510267,45.7777003790646,0 4.73083063359826,45.7777026684587,0 4.73083405491478,45.77770504787999,0 4.7308373532129,45.7777076093294,0 4.73085019145578,45.7777188513477,0 4.73116801535985,45.77808884907859,0 4.73117017831826,45.7780921485033,0 4.73117208395518,45.7780954518762,0 4.73117360925212,45.77809894122581,0 4.73117474856658,45.7781024364977,0 4.73117550471972,45.778106027719,0 4.73117600637235,45.7781097129158,0 4.73117571742617,45.77811692299559,0 4.73117505830932,45.7781205359319,0 4.73117401038835,45.77812406476299,0 4.73117255673591,45.77812696932529,0 4.73117110590453,45.7781299639149,0 4.73116952359082,45.7781328704512,0 4.73116583867661,45.7781385113655,0 4.73116399339802,45.7781412417953,0 4.73116176213629,45.7781439781472,0 4.73115952805314,45.7781466244719,0 4.73115716812998,45.7781493627978,0 4.73115493122521,45.778151919095,0 4.7311523083372,45.7781544813143,0 4.73114968262777,45.77815695350629,0 4.73114692543591,45.778159337645,0 4.73107054167769,45.7782193256618,0 4.7309744730527,45.7782919552891,0 4.73079815717144,45.7784245418527,0 4.73061026865296,45.7785657722652,0 4.73041885840932,45.778709668408,0 4.73034779973321,45.77876299909481,0 4.73030843919156,45.7787926955023,0 4.73025649996294,45.7788317719863,0 4.730246985614,45.7788362412744,0 4.7302366569918,45.7788393719901,0 4.73022577424194,45.7788412502142,0 4.73021445756867,45.7788416038918,0 4.73020323008252,45.77884069521279,0 4.73019221762723,45.778838432177,0 4.730182194999,45.778834892974,0 4.73017316219833,45.77883007760409,0 4.73016551931145,45.7788244302855,0 4.73015951520467,45.7788176769906,0 4.72999139977203,45.778579225956,0 
							</coordinates>
						</LinearRing>
					</innerBoundaryIs>
				</Polygon>
			</MultiGeometry>
		</Placemark>
		<Placemark id="personne_morale.7448">
<styleUrl>#personne_morale</styleUrl>			<visibility>0</visibility>
			<ExtendedData>
				<SchemaData schemaUrl="#personne_morale">
					<SimpleData name="Numero de Parcelle">69044000AM0001</SimpleData>
					<SimpleData name="Departement">69</SimpleData>
					<SimpleData name="Commune">CHARBONNIERES-LES-BAINS</SimpleData>
					<SimpleData name="Adresse">LE MERIDIEN</SimpleData>
					<SimpleData name="Groupe de personne">Personnes morales non remarquables</SimpleData>
					<SimpleData name="Forme Juridique Abregee">SCI</SimpleData>
					<SimpleData name="Denomination">DU BOURG</SimpleData>
				</SchemaData>
			</ExtendedData>
	<Region>
		<LatLonAltBox>
			<north> 45.7754473468428 </north>
			<south> 45.7748071082312 </south>
			<east> 4.75498997949664 </east>
			<west> 4.75423666385512 </west>
		</LatLonAltBox>
		<Lod>
			<minLodPixels>100</minLodPixels>
			<maxLodPixels>-1</maxLodPixels>
		</Lod>
	</Region>
			<MultiGeometry>
				<Polygon><altitudeMode>relativeToGround</altitudeMode>
					<outerBoundaryIs>
						<LinearRing>
							<coordinates>								4.75471042995655,45.7748097516076,0 4.75455151312028,45.77495309438991,0 4.75430416177634,45.7752827281241,0 4.75423666385512,45.7754473468428,0 4.75498905383597,45.77537556835699,0 4.75498813593797,45.7753588293977,0 4.75498635738166,45.7753312052149,0 4.75498997949664,45.7753115133577,0 4.75498868716,45.7753032469128,0 4.75498784643911,45.7752848854721,0 4.75498560777137,45.7752751926089,0 4.75498201397379,45.7752674123193,0 4.75497682199908,45.7752579455372,0 4.75496568905256,45.7752437973949,0 4.75495889608478,45.7752366072947,0 4.75494565039535,45.7752248338645,0 4.75493548670824,45.7752168855533,0 4.75492113458875,45.7752026974091,0 4.7549092440468,45.7751890114016,0 4.75489963784602,45.775178352281,0 4.75488970284992,45.7751654464947,0 4.75488242385288,45.7751551114593,0 4.75487433290416,45.7751435280565,0 4.75486786869471,45.7751304782119,0 4.75486581879207,45.7751267271075,0 4.75486402619591,45.7751229720009,0 4.75486223359999,45.7751192168942,0 4.75486056965739,45.77511545978651,0 4.7548590343681,45.7751117006776,0 4.75485749621936,45.775107851542,0 4.75485621537695,45.7751039984043,0 4.75485493453472,45.7751001452665,0 4.75485352217999,45.77509620410319,0 4.75485237285079,45.775092438991,0 4.75485122066211,45.7750885838521,0 4.75485019426697,45.7750846366855,0 4.75484929652498,45.7750806875178,0 4.75484840164274,45.7750768283768,0 4.75484763255399,45.775072877208,0 4.75484699211832,45.7750689240381,0 4.75484635168274,45.7750649708683,0 4.75484584275983,45.775061105724,0 4.75484533097737,45.7750571505531,0 4.75484341819029,45.77503745471979,0 4.75484265187185,45.7750214339721,0 4.75484151392346,45.7750099225628,0 4.75484086199061,45.7749975028825,0 4.75484242575148,45.77498594945099,0 4.75484600500077,45.77496490719851,0 4.75484867805084,45.7749558585056,0 4.7548528777745,45.7749462456397,0 4.75485619408587,45.77493718694119,0 4.75486192048066,45.77492700990191,0 4.75486704936472,45.7749182832947,0 4.75487439390566,45.7749063697337,0 4.75488221591084,45.7748973310227,0 4.75489044102928,45.7748888264679,0 4.75489488950045,45.77488299272001,0 4.75489575003242,45.7748817183386,0 4.75489686500972,45.7748803499282,0 4.75489784847473,45.7748788934923,0 4.75489870328716,45.7748774390575,0 4.75489942658732,45.77487589659719,0 4.75490015274714,45.7748744441635,0 4.75490075025441,45.774872993731,0 4.75490108473721,45.7748713672473,0 4.7549014220797,45.7748698307903,0 4.75490162790996,45.7748682063078,0 4.75490170794741,45.7748666738531,0 4.75490178226544,45.774864961345,0 4.75490160499789,45.7748634328925,0 4.75490129907787,45.7748619064412,0 4.75490099029815,45.7748602899631,0 4.75489944643409,45.7748562607748,0 4.75489585553558,45.77484857050939,0 4.7548919387006,45.7748387236056,0 4.75489091230719,45.7748347764394,0 4.75488918831779,45.77482912877179,0 4.75488841351019,45.77482499755,0 4.75488836772181,45.7748195039212,0 4.7548889909325,45.7748148105271,0 4.75489016306881,45.7748111894486,0 4.75489196416833,45.7748071082312,0 4.75471042995655,45.7748097516076,0 
							</coordinates>
						</LinearRing>
					</outerBoundaryIs>
				</Polygon>
			</MultiGeometry>
		</Placemark>
		<Placemark id="personne_morale.7459">
<styleUrl>#personne_morale</styleUrl>			<visibility>0</visibility>
			<ExtendedData>
				<SchemaData schemaUrl="#personne_morale">
					<SimpleData name="Numero de Parcelle">69044000AN0001</SimpleData>
					<SimpleData name="Departement">69</SimpleData>
					<SimpleData name="Commune">CHARBONNIERES-LES-BAINS</SimpleData>
					<SimpleData name="Adresse">18, RUE BENOIT BENNIER</SimpleData>
					<SimpleData name="Groupe de personne">Personnes morales non remarquables</SimpleData>
					<SimpleData name="Forme Juridique Abregee">SAS</SimpleData>
					<SimpleData name="Denomination">FONCIA LYON OUEST</SimpleData>
				</SchemaData>
			</ExtendedData>
	<Region>
		<LatLonAltBox>
			<north> 45.7770327160587 </north>
			<south> 45.775189856287 </south>
			<east> 4.74820037771081 </east>
			<west> 4.74716293275277 </west>
		</LatLonAltBox>
		<Lod>
			<minLodPixels>100</minLodPixels>
			<maxLodPixels>-1</maxLodPixels>
		</Lod>
	</Region>
			<MultiGeometry>
				<Polygon><altitudeMode>relativeToGround</altitudeMode>
					<outerBoundaryIs>
						<LinearRing>
							<coordinates>								4.74760717316933,45.775189856287,0 4.74754705248229,45.7753929968744,0 4.74748611050651,45.775598672133,0 4.74750796638936,45.77620009783949,0 4.74751044727447,45.7762744580457,0 4.74751261409695,45.7763226124606,0 4.74751453266141,45.77636698773941,0 4.74751584212018,45.7764124533044,0 4.74751620897327,45.7764281199735,0 4.74751603892613,45.7764390211963,0 4.7475154288022,45.7764482178866,0 4.74751421526426,45.7764586849167,0 4.74751284174409,45.7764681636438,0 4.74751122230141,45.7764780064639,0 4.74750872789208,45.7764886734747,0 4.74750608489101,45.77649871229,0 4.74750327905951,45.77650767277551,0 4.74750066504241,45.7765145586573,0 4.74749686128125,45.7765245253797,0 4.74749304328009,45.77653404196769,0 4.74748738370669,45.7765463792788,0 4.7474800311496,45.7765621655083,0 4.74747117172723,45.7765791459987,0 4.74746497188805,45.7765906810375,0 4.74745800864843,45.7766024981124,0 4.74744857478465,45.77661759600721,0 4.74744096540611,45.7766293330173,0 4.74743332185275,45.7766399897044,0 4.74742664775179,45.7766487398857,0 4.74742021102931,45.77665685589331,0 4.74741423482833,45.77666325341941,0 4.74740525628633,45.7766723995736,0 4.74739562876122,45.7766813756361,0 4.74738298180579,45.77669256016439,0 4.74733816745969,45.776728562035,0 4.74729498573494,45.7767632776097,0 4.74725272164093,45.7767985193823,0 4.74723378128312,45.7768142148314,0 4.74721337675029,45.7768324549385,0 4.74719713532766,45.776848018515,0 4.74718679558573,45.7768588970785,0 4.74717771678912,45.7768689454758,0 4.74717324741275,45.7768741487318,0 4.74717151169439,45.77687624724259,0 4.74716656185347,45.7768825387903,0 4.74716336481379,45.7768872719884,0 4.74716301585499,45.77688844831479,0 4.74716293275277,45.77688989073729,0 4.74716312120156,45.77689177930961,0 4.74717516715911,45.77695112968911,0 4.74717605299407,45.7769547188107,0 4.74717761628419,45.7769593782933,0 4.747180620434,45.7769648261023,0 4.74718427926176,45.77697062405699,0 4.74718913587105,45.7769776644571,0 4.74719422701891,45.7769839806572,0 4.74724030577296,45.7770327160587,0 4.7472742502337,45.77701931024,0 4.74728702234561,45.7769917308686,0 4.74732658784361,45.77697697699,0 4.7473772898448,45.7769806052467,0 4.74795162723639,45.77674418956009,0 4.74795989310058,45.7767409990881,0 4.74802554714046,45.7767249400706,0 4.74797872539365,45.7765225553754,0 4.74820037771081,45.7764695821195,0 4.748195107371,45.7764291318311,0 4.74819442751152,45.77642391824719,0 4.74816559057799,45.7762041414669,0 4.74809068399204,45.77563488245901,0 4.74805489810183,45.7753622515945,0 4.7479577468374,45.7753672695514,0 4.74787383266893,45.7753716320002,0 4.74788099363871,45.775353867148,0 4.74760717316933,45.775189856287,0 
							</coordinates>
						</LinearRing>
					</outerBoundaryIs>
				</Polygon>
			</MultiGeometry>
		</Placemark>
		<Placemark id="personne_morale.7505">
<styleUrl>#personne_morale</styleUrl>			<visibility>0</visibility>
			<ExtendedData>
				<SchemaData schemaUrl="#personne_morale">
					<SimpleData name="Numero de Parcelle">69044000AW0001</SimpleData>
					<SimpleData name="Departement">69</SimpleData>
					<SimpleData name="Commune">CHARBONNIERES-LES-BAINS</SimpleData>
					<SimpleData name="Adresse">LE CASINO</SimpleData>
					<SimpleData name="Groupe de personne">Personnes morales non remarquables</SimpleData>
					<SimpleData name="Forme Juridique Abregee">SA</SimpleData>
					<SimpleData name="Denomination">SOC ACTIV THERMALES HOTELIERES ET LOISIRS</SimpleData>
				</SchemaData>
			</ExtendedData>
	<Region>
		<LatLonAltBox>
			<north> 45.7855798575598 </north>
			<south> 45.7852703450906 </south>
			<east> 4.73379314382498 </east>
			<west> 4.73333498738656 </west>
		</LatLonAltBox>
		<Lod>
			<minLodPixels>100</minLodPixels>
			<maxLodPixels>-1</maxLodPixels>
		</Lod>
	</Region>
			<MultiGeometry>
				<Polygon><altitudeMode>relativeToGround</altitudeMode>
					<outerBoundaryIs>
						<LinearRing>
							<coordinates>								4.73377597623013,45.7852717508567,0 4.73333498738656,45.7855694537387,0 4.7333496040336,45.7855798575598,0 4.73353190360256,45.78545690293281,0 4.73354429188239,45.7854619367209,0 4.73355755830637,45.7854662364519,0 4.73355872770986,45.7854665787698,0 4.73355989428788,45.7854668310605,0 4.73356119236935,45.7854671714015,0 4.73356248762536,45.7854674217154,0 4.73356365137793,45.7854675839787,0 4.73356494098298,45.7854676542379,0 4.73356623341352,45.7854678145244,0 4.73356752301858,45.78546788478361,0 4.73356880979815,45.7854678650156,0 4.73357009940321,45.7854679352748,0 4.73357138618278,45.7854679155067,0 4.73357279881481,45.7854678037345,0 4.73357408276887,45.7854676939391,0 4.73357536672293,45.7854675841437,0 4.73357651917352,45.7854673862978,0 4.73357779747655,45.78546709644791,0 4.73357907577957,45.7854668065979,0 4.73358035408257,45.7854665167479,0 4.73358150088209,45.7854661388475,0 4.73358303654097,45.78546584504381,0 4.73358431201841,45.78546546516651,0 4.73358584485174,45.7854650813356,0 4.73358724900709,45.7854646994814,0 4.73358877901484,45.7854642256232,0 4.73359018034463,45.7854637537417,0 4.73359158167439,45.7854632818602,0 4.73359298300412,45.78546280997881,0 4.73359437868276,45.78546215804271,0 4.73359564850897,45.7854615981108,0 4.73359704701309,45.785461036202,0 4.73359831683924,45.78546047627,0 4.73359958383982,45.78545982631069,0 4.73360085366592,45.7854592663787,0 4.73360211784089,45.7854585263922,0 4.73360338484139,45.78545787643289,0 4.73360465184185,45.7854572264735,0 4.7336057873388,45.78545648846379,0 4.73360717736602,45.7854556564731,0 4.73360831003735,45.7854548284361,0 4.73360944270864,45.785454000399,0 4.73361057255434,45.7854530823347,0 4.7336117024,45.7854521642704,0 4.73361270356771,45.78545124818291,0 4.73361370473538,45.7854503320954,0 4.73361457439955,45.7854493279575,0 4.73361544406367,45.78544832381961,0 4.73361631372777,45.7854473196816,0 4.73361705188836,45.7854462274933,0 4.73361766137102,45.7854451372818,0 4.73361814217576,45.7854440490472,0 4.73361875165837,45.7854429588358,0 4.73361923246307,45.7854418706011,0 4.73361971044217,45.7854406923393,0 4.73362006256894,45.7854396060815,0 4.73362028319223,45.7854384317734,0 4.73362050381551,45.7854372574652,0 4.73362072443878,45.7854360831571,0 4.73362067075283,45.7854343726391,0 4.73362048838901,45.7854326640979,0 4.7336203060252,45.7854309555568,0 4.73361999498354,45.7854292489925,0 4.73361968394189,45.78542754242829,0 4.73361924422241,45.7854258378408,0 4.73361880450295,45.78542413325341,0 4.73361810742783,45.7854224326197,0 4.73361741317831,45.7854208220133,0 4.73361684478111,45.7854191194028,0 4.73361602185384,45.7854175107732,0 4.73361519892662,45.7854159021436,0 4.73361424732161,45.7854142954909,0 4.73361316703883,45.785412690815,0 4.73361221543393,45.7854110841623,0 4.73361113797684,45.7854095695136,0 4.73360993184198,45.7854080568418,0 4.7336087257072,45.78540654417011,0 4.73379314382498,45.7852813948612,0 4.73377953681251,45.7852703450906,0 4.73377597623013,45.7852717508567,0 
							</coordinates>
						</LinearRing>
					</outerBoundaryIs>
				</Polygon>
			</MultiGeometry>
		</Placemark>
		<Placemark id="personne_morale.7642">
<styleUrl>#personne_morale</styleUrl>			<visibility>0</visibility>
			<ExtendedData>
				<SchemaData schemaUrl="#personne_morale">
					<SimpleData name="Numero de Parcelle">69044000AA0010</SimpleData>
					<SimpleData name="Departement">69</SimpleData>
					<SimpleData name="Commune">CHARBONNIERES-LES-BAINS</SimpleData>
					<SimpleData name="Adresse">9001, RTE DE PARIS</SimpleData>
					<SimpleData name="Groupe de personne">Personnes morales non remarquables</SimpleData>
					<SimpleData name="Forme Juridique Abregee">SCI</SimpleData>
					<SimpleData name="Denomination">LA THUILLIERE</SimpleData>
				</SchemaData>
			</ExtendedData>
	<Region>
		<LatLonAltBox>
			<north> 45.7906293902595 </north>
			<south> 45.7898811347225 </south>
			<east> 4.74584898057793 </east>
			<west> 4.74401535218066 </west>
		</LatLonAltBox>
		<Lod>
			<minLodPixels>100</minLodPixels>
			<maxLodPixels>-1</maxLodPixels>
		</Lod>
	</Region>
			<MultiGeometry>
				<Polygon><altitudeMode>relativeToGround</altitudeMode>
					<outerBoundaryIs>
						<LinearRing>
							<coordinates>								4.744027968727,45.7898811347225,0 4.74401535218066,45.7898933992044,0 4.74402665312737,45.78995771536271,0 4.74499823935464,45.7906270556827,0 4.7449987541129,45.7906270477234,0 4.74530469687487,45.7906279011257,0 4.74584061006634,45.7906293396078,0 4.74584898057793,45.7906293902595,0 4.74568525238908,45.7904923129474,0 4.74535595413453,45.79021683507181,0 4.74510496464362,45.79036185772119,0 4.74484992403685,45.790509104131,0 4.74466724797151,45.79038348713991,0 4.74450075973776,45.7902689685778,0 4.74403748719048,45.7899501621158,0 4.744027968727,45.7898811347225,0 
							</coordinates>
						</LinearRing>
					</outerBoundaryIs>
				</Polygon>
			</MultiGeometry>
		</Placemark>
		<Placemark id="personne_morale.8250">
<styleUrl>#personne_morale</styleUrl>			<visibility>0</visibility>
			<ExtendedData>
				<SchemaData schemaUrl="#personne_morale">
					<SimpleData name="Numero de Parcelle">69044000AA0101</SimpleData>
					<SimpleData name="Departement">69</SimpleData>
					<SimpleData name="Commune">CHARBONNIERES-LES-BAINS</SimpleData>
					<SimpleData name="Adresse">25, CHE DU BAUDY</SimpleData>
					<SimpleData name="Groupe de personne">Personnes morales non remarquables</SimpleData>
					<SimpleData name="Forme Juridique Abregee">SCI</SimpleData>
					<SimpleData name="Denomination">SCI LES ROSES  CHARBONNIERES</SimpleData>
				</SchemaData>
			</ExtendedData>
	<Region>
		<LatLonAltBox>
			<north> 45.78808461697049 </north>
			<south> 45.78746851687351 </south>
			<east> 4.75274089896805 </east>
			<west> 4.75112707933956 </west>
		</LatLonAltBox>
		<Lod>
			<minLodPixels>100</minLodPixels>
			<maxLodPixels>-1</maxLodPixels>
		</Lod>
	</Region>
			<MultiGeometry>
				<Polygon><altitudeMode>relativeToGround</altitudeMode>
					<outerBoundaryIs>
						<LinearRing>
							<coordinates>								4.75112707933956,45.78764111010331,0 4.75140300416722,45.7877189729792,0 4.75269961993281,45.78808461697049,0 4.75270083534629,45.7880823463144,0 4.75274089896805,45.7878883412776,0 4.75153467469712,45.78755948505,0 4.75144559082796,45.7875353775656,0 4.75119782465931,45.78746851687351,0 4.75112707933956,45.78764111010331,0 
							</coordinates>
						</LinearRing>
					</outerBoundaryIs>
				</Polygon>
			</MultiGeometry>
		</Placemark>
		<Placemark id="personne_morale.8686">
<styleUrl>#personne_morale</styleUrl>			<visibility>0</visibility>
			<ExtendedData>
				<SchemaData schemaUrl="#personne_morale">
					<SimpleData name="Numero de Parcelle">69044000AL0102</SimpleData>
					<SimpleData name="Departement">69</SimpleData>
					<SimpleData name="Commune">CHARBONNIERES-LES-BAINS</SimpleData>
					<SimpleData name="Adresse">95, RTE DE PARIS</SimpleData>
					<SimpleData name="Groupe de personne">Personnes morales non remarquables</SimpleData>
					<SimpleData name="Forme Juridique Abregee">SCI</SimpleData>
					<SimpleData name="Denomination">SCI SILY</SimpleData>
				</SchemaData>
			</ExtendedData>
	<Region>
		<LatLonAltBox>
			<north> 45.7779032715822 </north>
			<south> 45.7776152890577 </south>
			<east> 4.75236572800169 </east>
			<west> 4.75159586800956 </west>
		</LatLonAltBox>
		<Lod>
			<minLodPixels>100</minLodPixels>
			<maxLodPixels>-1</maxLodPixels>
		</Lod>
	</Region>
			<MultiGeometry>
				<Polygon><altitudeMode>relativeToGround</altitudeMode>
					<outerBoundaryIs>
						<LinearRing>
							<coordinates>								4.75231519566161,45.7779032715822,0 4.75236347450528,45.777749310804,0 4.75236474125997,45.777744607432,0 4.75236536471802,45.7777399140511,0 4.75236572800169,45.7777351346399,0 4.75236557664826,45.77773036322169,0 4.75236503931711,45.7777255977982,0 4.75236386154558,45.7777209323926,0 4.75236284955783,45.77771743533659,0 4.75236102849056,45.7777127799222,0 4.75235869849818,45.7777083125541,0 4.75235679446371,45.777705099566,0 4.75235369537255,45.777700734214,0 4.7523511508984,45.7776976212436,0 4.75234661656734,45.7776926476845,0 4.75234343736519,45.7776898147853,0 4.75234013235989,45.777687073911,0 4.75233670440711,45.7776845150883,0 4.75233301913636,45.77768196026201,0 4.75232777282225,45.7776788892532,0 4.7523224035609,45.777676000296,0 4.75231809212959,45.7776739956206,0 4.75231235402566,45.777671652818,0 4.75230610699698,45.7776694980612,0 4.75229986853563,45.7776676133844,0 4.7522933870345,45.7776661828374,0 4.75187599946135,45.7776152890577,0 4.75182837545188,45.7776194512037,0 4.75176485727316,45.777633857994,0 4.75174841726392,45.7776390671496,0 4.7517235053373,45.77765314473051,0 4.75169563849796,45.777638985858,0 4.75169211331979,45.7776374193078,0 4.75168911419656,45.7776362048747,0 4.75168508294635,45.77763491639439,0 4.75168170926465,45.7776340680605,0 4.751676923188,45.7776333317254,0 4.75167278897053,45.77763285548311,0 4.75166994990748,45.77763262934661,0 4.75166570415855,45.7776326952621,0 4.75166146697333,45.7776330312578,0 4.75165800459698,45.7776334452956,0 4.75165454792971,45.7776340393868,0 4.75165122848509,45.7776349015609,0 4.75164740867686,45.7776362218583,0 4.75164435511377,45.77763735011759,0 4.75164105850512,45.77763893250561,0 4.75159586800956,45.7778010414689,0 4.75231519566161,45.7779032715822,0 
							</coordinates>
						</LinearRing>
					</outerBoundaryIs>
				</Polygon>
			</MultiGeometry>
		</Placemark>
		<Placemark id="personne_morale.9082">
<styleUrl>#personne_morale</styleUrl>			<visibility>0</visibility>
			<ExtendedData>
				<SchemaData schemaUrl="#personne_morale">
					<SimpleData name="Numero de Parcelle">69044000AT0103</SimpleData>
					<SimpleData name="Departement">69</SimpleData>
					<SimpleData name="Commune">CHARBONNIERES-LES-BAINS</SimpleData>
					<SimpleData name="Adresse">9, MTE DES LAURIERS</SimpleData>
					<SimpleData name="Groupe de personne">Personnes morales non remarquables</SimpleData>
					<SimpleData name="Forme Juridique Abregee">AUPM</SimpleData>
					<SimpleData name="Denomination">ASS SYNDICALE LIBRE DES HAUTINIERES</SimpleData>
				</SchemaData>
			</ExtendedData>
	<Region>
		<LatLonAltBox>
			<north> 45.7788416038918 </north>
			<south> 45.7785024722164 </south>
			<east> 4.73041885840932 </east>
			<west> 4.72999139977203 </west>
		</LatLonAltBox>
		<Lod>
			<minLodPixels>100</minLodPixels>
			<maxLodPixels>-1</maxLodPixels>
		</Lod>
	</Region>
			<MultiGeometry>
				<Polygon><altitudeMode>relativeToGround</altitudeMode>
					<outerBoundaryIs>
						<LinearRing>
							<coordinates>								4.73041885840932,45.778709668408,0 4.73009802506665,45.7785024722164,0 4.72999139977203,45.778579225956,0 4.73015951520467,45.7788176769906,0 4.73016551931145,45.7788244302855,0 4.73017316219833,45.77883007760409,0 4.730182194999,45.778834892974,0 4.73019221762723,45.778838432177,0 4.73020323008252,45.77884069521279,0 4.73021445756867,45.7788416038918,0 4.73022577424194,45.7788412502142,0 4.7302366569918,45.7788393719901,0 4.730246985614,45.7788362412744,0 4.73025649996294,45.7788317719863,0 4.73030843919156,45.7787926955023,0 4.73026548395675,45.7787651621436,0 4.73023750362815,45.7787472168245,0 4.73027482531635,45.7787181822019,0 4.73030356915725,45.7787358455912,0 4.73034779973321,45.77876299909481,0 4.73041885840932,45.778709668408,0 
							</coordinates>
						</LinearRing>
					</outerBoundaryIs>
				</Polygon>
			</MultiGeometry>
		</Placemark>
		<Placemark id="personne_morale.9385">
<styleUrl>#personne_morale</styleUrl>			<visibility>0</visibility>
			<ExtendedData>
				<SchemaData schemaUrl="#personne_morale">
					<SimpleData name="Numero de Parcelle">69044000AK0104</SimpleData>
					<SimpleData name="Departement">69</SimpleData>
					<SimpleData name="Commune">CHARBONNIERES-LES-BAINS</SimpleData>
					<SimpleData name="Adresse">92, RTE DE PARIS</SimpleData>
					<SimpleData name="Groupe de personne">Personnes morales non remarquables</SimpleData>
					<SimpleData name="Forme Juridique Abregee">SCI</SimpleData>
					<SimpleData name="Denomination">SCI L EFFORT</SimpleData>
				</SchemaData>
			</ExtendedData>
	<Region>
		<LatLonAltBox>
			<north> 45.77799796752469 </north>
			<south> 45.7777724431746 </south>
			<east> 4.75133727413322 </east>
			<west> 4.75093541024345 </west>
		</LatLonAltBox>
		<Lod>
			<minLodPixels>100</minLodPixels>
			<maxLodPixels>-1</maxLodPixels>
		</Lod>
	</Region>
			<MultiGeometry>
				<Polygon><altitudeMode>relativeToGround</altitudeMode>
					<outerBoundaryIs>
						<LinearRing>
							<coordinates>								4.75102433348821,45.7777724431746,0 4.75102258622358,45.77777823483989,0 4.75098469212295,45.7777726080195,0 4.75093541024345,45.7779478404878,0 4.75107158245905,45.7779676144908,0 4.7512805613111,45.77799796752469,0 4.75133727413322,45.7778013627691,0 4.75130707649044,45.77779894922101,0 4.75131277598203,45.7777757124854,0 4.75127503882083,45.77777503723571,0 4.75127079236462,45.7777872627436,0 4.75118982919366,45.7777751888649,0 4.75102433348821,45.7777724431746,0 
							</coordinates>
						</LinearRing>
					</outerBoundaryIs>
				</Polygon>
			</MultiGeometry>
		</Placemark>
		<Placemark id="personne_morale.9437">
<styleUrl>#personne_morale</styleUrl>			<visibility>0</visibility>
			<ExtendedData>
				<SchemaData schemaUrl="#personne_morale">
					<SimpleData name="Numero de Parcelle">69044000AT0104</SimpleData>
					<SimpleData name="Departement">69</SimpleData>
					<SimpleData name="Commune">CHARBONNIERES-LES-BAINS</SimpleData>
					<SimpleData name="Adresse">GDES BRUYERES</SimpleData>
					<SimpleData name="Groupe de personne">Personnes morales non remarquables</SimpleData>
					<SimpleData name="Forme Juridique Abregee">AUPM</SimpleData>
					<SimpleData name="Denomination">ASS SYNDICALE LIBRE DES HAUTINIERES</SimpleData>
				</SchemaData>
			</ExtendedData>
	<Region>
		<LatLonAltBox>
			<north> 45.7787926955023 </north>
			<south> 45.7787181822019 </south>
			<east> 4.73034779973321 </east>
			<west> 4.73023750362815 </west>
		</LatLonAltBox>
		<Lod>
			<minLodPixels>100</minLodPixels>
			<maxLodPixels>-1</maxLodPixels>
		</Lod>
	</Region>
			<MultiGeometry>
				<Polygon><altitudeMode>relativeToGround</altitudeMode>
					<outerBoundaryIs>
						<LinearRing>
							<coordinates>								4.73034779973321,45.77876299909481,0 4.73030356915725,45.7787358455912,0 4.73027482531635,45.7787181822019,0 4.73023750362815,45.7787472168245,0 4.73026548395675,45.7787651621436,0 4.73030843919156,45.7787926955023,0 4.73034779973321,45.77876299909481,0 
							</coordinates>
						</LinearRing>
					</outerBoundaryIs>
				</Polygon>
			</MultiGeometry>
		</Placemark>
		<Placemark id="personne_morale.10462">
<styleUrl>#personne_morale</styleUrl>			<visibility>0</visibility>
			<ExtendedData>
				<SchemaData schemaUrl="#personne_morale">
					<SimpleData name="Numero de Parcelle">69044000AM0107</SimpleData>
					<SimpleData name="Departement">69</SimpleData>
					<SimpleData name="Commune">CHARBONNIERES-LES-BAINS</SimpleData>
					<SimpleData name="Adresse">159, RTE DE PARIS</SimpleData>
					<SimpleData name="Groupe de personne">Personnes morales non remarquables</SimpleData>
					<SimpleData name="Forme Juridique Abregee">SCI</SimpleData>
					<SimpleData name="Denomination">SCI DE LA MONTEE DES PERES</SimpleData>
				</SchemaData>
			</ExtendedData>
	<Region>
		<LatLonAltBox>
			<north> 45.771244383808 </north>
			<south> 45.7702268948349 </south>
			<east> 4.75687834901563 </east>
			<west> 4.75606020421737 </west>
		</LatLonAltBox>
		<Lod>
			<minLodPixels>100</minLodPixels>
			<maxLodPixels>-1</maxLodPixels>
		</Lod>
	</Region>
			<MultiGeometry>
				<Polygon><altitudeMode>relativeToGround</altitudeMode>
					<outerBoundaryIs>
						<LinearRing>
							<coordinates>								4.75629008707166,45.771244383808,0 4.75687834901563,45.7709469964702,0 4.75625918746631,45.7702277810824,0 4.75625825835795,45.7702268948349,0 4.75615473456648,45.77027002924199,0 4.75606020421737,45.7703167164775,0 4.75611096040378,45.7706866593477,0 4.75609184352828,45.771048952984,0 4.75629008707166,45.771244383808,0 
							</coordinates>
						</LinearRing>
					</outerBoundaryIs>
				</Polygon>
			</MultiGeometry>
		</Placemark>
		<Placemark id="personne_morale.10754">
<styleUrl>#personne_morale</styleUrl>			<visibility>0</visibility>
			<ExtendedData>
				<SchemaData schemaUrl="#personne_morale">
					<SimpleData name="Numero de Parcelle">69044000AI0108</SimpleData>
					<SimpleData name="Departement">69</SimpleData>
					<SimpleData name="Commune">CHARBONNIERES-LES-BAINS</SimpleData>
					<SimpleData name="Adresse">AV LAMARTINE</SimpleData>
					<SimpleData name="Groupe de personne">Personnes morales non remarquables</SimpleData>
					<SimpleData name="Forme Juridique Abregee">EXP</SimpleData>
					<SimpleData name="Denomination">LA POSTE</SimpleData>
				</SchemaData>
			</ExtendedData>
	<Region>
		<LatLonAltBox>
			<north> 45.7820960965438 </north>
			<south> 45.7818518540154 </south>
			<east> 4.73739688090232 </east>
			<west> 4.73705091990849 </west>
		</LatLonAltBox>
		<Lod>
			<minLodPixels>100</minLodPixels>
			<maxLodPixels>-1</maxLodPixels>
		</Lod>
	</Region>
			<MultiGeometry>
				<Polygon><altitudeMode>relativeToGround</altitudeMode>
					<outerBoundaryIs>
						<LinearRing>
							<coordinates>								4.73739688090232,45.78200476717291,0 4.73726642931027,45.7818518540154,0 4.73724064068254,45.7818627893373,0 4.7372307431996,45.78186735518499,0 4.73712833256847,45.7819183806814,0 4.7370910501097,45.7819363382915,0 4.73705091990849,45.7819537993034,0 4.73717472940231,45.7820960965438,0 4.73739688090232,45.78200476717291,0 
							</coordinates>
						</LinearRing>
					</outerBoundaryIs>
				</Polygon>
			</MultiGeometry>
		</Placemark>
		<Placemark id="personne_morale.11052">
<styleUrl>#personne_morale</styleUrl>			<visibility>0</visibility>
			<ExtendedData>
				<SchemaData schemaUrl="#personne_morale">
					<SimpleData name="Numero de Parcelle">69044000AK0109</SimpleData>
					<SimpleData name="Departement">69</SimpleData>
					<SimpleData name="Commune">CHARBONNIERES-LES-BAINS</SimpleData>
					<SimpleData name="Adresse">92, RTE DE PARIS</SimpleData>
					<SimpleData name="Groupe de personne">Personnes morales non remarquables</SimpleData>
					<SimpleData name="Forme Juridique Abregee">SCI</SimpleData>
					<SimpleData name="Denomination">SCI L EFFORT</SimpleData>
				</SchemaData>
			</ExtendedData>
	<Region>
		<LatLonAltBox>
			<north> 45.7777751888649 </north>
			<south> 45.7777532556622 </south>
			<east> 4.75118982919366 </east>
			<west> 4.75102433348821 </west>
		</LatLonAltBox>
		<Lod>
			<minLodPixels>100</minLodPixels>
			<maxLodPixels>-1</maxLodPixels>
		</Lod>
	</Region>
			<MultiGeometry>
				<Polygon><altitudeMode>relativeToGround</altitudeMode>
					<outerBoundaryIs>
						<LinearRing>
							<coordinates>								4.75102433348821,45.7777724431746,0 4.75118982919366,45.7777751888649,0 4.75103029016508,45.7777532556622,0 4.75102433348821,45.7777724431746,0 
							</coordinates>
						</LinearRing>
					</outerBoundaryIs>
				</Polygon>
			</MultiGeometry>
		</Placemark>
		<Placemark id="personne_morale.11073">
<styleUrl>#personne_morale</styleUrl>			<visibility>0</visibility>
			<ExtendedData>
				<SchemaData schemaUrl="#personne_morale">
					<SimpleData name="Numero de Parcelle">69044000AN0109</SimpleData>
					<SimpleData name="Departement">69</SimpleData>
					<SimpleData name="Commune">CHARBONNIERES-LES-BAINS</SimpleData>
					<SimpleData name="Adresse">5, IMP DES LILAS</SimpleData>
					<SimpleData name="Groupe de personne">Personnes morales non remarquables</SimpleData>
					<SimpleData name="Forme Juridique Abregee">SAS</SimpleData>
					<SimpleData name="Denomination">REGIE MITANCHET</SimpleData>
				</SchemaData>
			</ExtendedData>
	<Region>
		<LatLonAltBox>
			<north> 45.77450298136319 </north>
			<south> 45.7737273149482 </south>
			<east> 4.75120634648152 </east>
			<west> 4.75044178650975 </west>
		</LatLonAltBox>
		<Lod>
			<minLodPixels>100</minLodPixels>
			<maxLodPixels>-1</maxLodPixels>
		</Lod>
	</Region>
			<MultiGeometry>
				<Polygon><altitudeMode>relativeToGround</altitudeMode>
					<outerBoundaryIs>
						<LinearRing>
							<coordinates>								4.75120634648152,45.7740000537686,0 4.7508119476494,45.7737273149482,0 4.75062530516149,45.77401951943551,0 4.75044178650975,45.77433725529859,0 4.75082133209175,45.77449052152271,0 4.75084330016092,45.7744891898286,0 4.75088904494041,45.77450298136319,0 4.75120634648152,45.7740000537686,0 
							</coordinates>
						</LinearRing>
					</outerBoundaryIs>
				</Polygon>
			</MultiGeometry>
		</Placemark>
		<Placemark id="personne_morale.11981">
<styleUrl>#personne_morale</styleUrl>			<visibility>0</visibility>
			<ExtendedData>
				<SchemaData schemaUrl="#personne_morale">
					<SimpleData name="Numero de Parcelle">69044000AK0111</SimpleData>
					<SimpleData name="Departement">69</SimpleData>
					<SimpleData name="Commune">CHARBONNIERES-LES-BAINS</SimpleData>
					<SimpleData name="Adresse">90, RTE DE PARIS</SimpleData>
					<SimpleData name="Groupe de personne">Personnes morales non remarquables</SimpleData>
					<SimpleData name="Forme Juridique Abregee">SCI</SimpleData>
					<SimpleData name="Denomination">SCI L EFFORT</SimpleData>
				</SchemaData>
			</ExtendedData>
	<Region>
		<LatLonAltBox>
			<north> 45.7781116943461 </north>
			<south> 45.7777677017198 </south>
			<east> 4.7512805613111 </east>
			<west> 4.75047442635732 </west>
		</LatLonAltBox>
		<Lod>
			<minLodPixels>100</minLodPixels>
			<maxLodPixels>-1</maxLodPixels>
		</Lod>
	</Region>
			<MultiGeometry>
				<Polygon><altitudeMode>relativeToGround</altitudeMode>
					<outerBoundaryIs>
						<LinearRing>
							<coordinates>								4.75052885834299,45.7777677017198,0 4.75047442635732,45.77793481740061,0 4.75088294270531,45.7779941405856,0 4.75087845359886,45.7780433890548,0 4.75103946263502,45.77807106422,0 4.75110249678994,45.7780819753342,0 4.75109951119038,45.7780933706267,0 4.75124786658674,45.7781116943461,0 4.75127403845187,45.7780195957587,0 4.7512805613111,45.77799796752469,0 4.75107158245905,45.7779676144908,0 4.75093541024345,45.7779478404878,0 4.75086803608103,45.77793807748391,0 4.75083415316583,45.7779331089349,0 4.75083311818105,45.7779329448532,0 4.75084790035572,45.7778794834637,0 4.75087608957282,45.77776978981391,0 4.75081995697904,45.7777694899424,0 4.75052885834299,45.7777677017198,0 
							</coordinates>
						</LinearRing>
					</outerBoundaryIs>
				</Polygon>
			</MultiGeometry>
		</Placemark>
		<Placemark id="personne_morale.12275">
<styleUrl>#personne_morale</styleUrl>			<visibility>0</visibility>
			<ExtendedData>
				<SchemaData schemaUrl="#personne_morale">
					<SimpleData name="Numero de Parcelle">69044000AK0112</SimpleData>
					<SimpleData name="Departement">69</SimpleData>
					<SimpleData name="Commune">CHARBONNIERES-LES-BAINS</SimpleData>
					<SimpleData name="Adresse">92, RTE DE PARIS</SimpleData>
					<SimpleData name="Groupe de personne">Personnes morales non remarquables</SimpleData>
					<SimpleData name="Forme Juridique Abregee">SCI</SimpleData>
					<SimpleData name="Denomination">SCI L EFFORT</SimpleData>
				</SchemaData>
			</ExtendedData>
	<Region>
		<LatLonAltBox>
			<north> 45.7779331089349 </north>
			<south> 45.7778794834637 </south>
			<east> 4.75084790035572 </east>
			<west> 4.75083311818105 </west>
		</LatLonAltBox>
		<Lod>
			<minLodPixels>100</minLodPixels>
			<maxLodPixels>-1</maxLodPixels>
		</Lod>
	</Region>
			<MultiGeometry>
				<Polygon><altitudeMode>relativeToGround</altitudeMode>
					<outerBoundaryIs>
						<LinearRing>
							<coordinates>								4.75083415316583,45.7779331089349,0 4.75084790035572,45.7778794834637,0 4.75083311818105,45.7779329448532,0 4.75083415316583,45.7779331089349,0 
							</coordinates>
						</LinearRing>
					</outerBoundaryIs>
				</Polygon>
			</MultiGeometry>
		</Placemark>
		<Placemark id="personne_morale.12336">
<styleUrl>#personne_morale</styleUrl>			<visibility>0</visibility>
			<ExtendedData>
				<SchemaData schemaUrl="#personne_morale">
					<SimpleData name="Numero de Parcelle">69044000AX0112</SimpleData>
					<SimpleData name="Departement">69</SimpleData>
					<SimpleData name="Commune">CHARBONNIERES-LES-BAINS</SimpleData>
					<SimpleData name="Adresse">7, AV DE LA PAIX</SimpleData>
					<SimpleData name="Groupe de personne">Personnes morales non remarquables</SimpleData>
					<SimpleData name="Forme Juridique Abregee">SCI</SimpleData>
					<SimpleData name="Denomination">FH2C</SimpleData>
				</SchemaData>
			</ExtendedData>
	<Region>
		<LatLonAltBox>
			<north> 45.7861238735307 </north>
			<south> 45.7856845588326 </south>
			<east> 4.74388714551375 </east>
			<west> 4.74323091753301 </west>
		</LatLonAltBox>
		<Lod>
			<minLodPixels>100</minLodPixels>
			<maxLodPixels>-1</maxLodPixels>
		</Lod>
	</Region>
			<MultiGeometry>
				<Polygon><altitudeMode>relativeToGround</altitudeMode>
					<outerBoundaryIs>
						<LinearRing>
							<coordinates>								4.74376256875307,45.7861238735307,0 4.74383372661725,45.7859229065367,0 4.74388714551375,45.7857717526404,0 4.74373225644105,45.78574685467059,0 4.74335169396945,45.785685541747,0 4.74334535464466,45.7856845588326,0 4.74323091753301,45.7860358018697,0 4.74350593171377,45.78608136235581,0 4.74376256875307,45.7861238735307,0 
							</coordinates>
						</LinearRing>
					</outerBoundaryIs>
				</Polygon>
			</MultiGeometry>
		</Placemark>
		<Placemark id="personne_morale.12663">
<styleUrl>#personne_morale</styleUrl>			<visibility>0</visibility>
			<ExtendedData>
				<SchemaData schemaUrl="#personne_morale">
					<SimpleData name="Numero de Parcelle">69044000AM0113</SimpleData>
					<SimpleData name="Departement">69</SimpleData>
					<SimpleData name="Commune">CHARBONNIERES-LES-BAINS</SimpleData>
					<SimpleData name="Adresse">155, RTE DE PARIS</SimpleData>
					<SimpleData name="Groupe de personne">Personnes morales non remarquables</SimpleData>
					<SimpleData name="Forme Juridique Abregee">SAS</SimpleData>
					<SimpleData name="Denomination">FONCIA SAINT LOUIS</SimpleData>
				</SchemaData>
			</ExtendedData>
	<Region>
		<LatLonAltBox>
			<north> 45.7727009704334 </north>
			<south> 45.7709355110789 </south>
			<east> 4.75489342744732 </east>
			<west> 4.75368746611319 </west>
		</LatLonAltBox>
		<Lod>
			<minLodPixels>100</minLodPixels>
			<maxLodPixels>-1</maxLodPixels>
		</Lod>
	</Region>
			<MultiGeometry>
				<Polygon><altitudeMode>relativeToGround</altitudeMode>
					<outerBoundaryIs>
						<LinearRing>
							<coordinates>								4.75368746611319,45.7726993478396,0 4.75369341818967,45.77270033617171,0 4.75369600257022,45.77270065628349,0 4.75369871274066,45.7727008843687,0 4.75370218908086,45.772700920402,0 4.75370476488854,45.7727009704334,0 4.75370823837109,45.7727009164398,0 4.75370991078862,45.7727008904428,0 4.75371260667083,45.77270066839419,0 4.75371517390552,45.7727004483453,0 4.75371773542486,45.772700048243,0 4.75372029694416,45.7726996481406,0 4.75372451659249,45.7726987719075,0 4.75372694374882,45.7726981937513,0 4.75373026286449,45.7726973315164,0 4.75373407942385,45.772695921122,0 4.75373865643712,45.7726941386219,0 4.75374081486731,45.7726932043583,0 4.75374373089377,45.7726918079622,0 4.75374575496088,45.7726906956448,0 4.75374903406775,45.7726885730356,0 4.7537520530217,45.7726863643992,0 4.75375594107263,45.7726831514702,0 4.75404333318266,45.7723541573142,0 4.75406021467133,45.7723264231511,0 4.75420054342114,45.7720802385621,0 4.75420090363345,45.7720794223209,0 4.75420126670418,45.77207869610639,0 4.75420162691647,45.7720778798652,0 4.75420198712875,45.7720770636241,0 4.75420234734101,45.7720762473829,0 4.7542027104117,45.7720755211684,0 4.75420307062394,45.7720747049272,0 4.75420356234063,45.7720739767124,0 4.75420392255286,45.7720731604712,0 4.75420415411905,45.7720723462304,0 4.7542046458357,45.7720716180155,0 4.7542050060479,45.7720708017743,0 4.75420536911851,45.7720700755598,0 4.75420585797669,45.7720692573183,0 4.75420622104729,45.77206853110379,0 4.75420670990544,45.7720677128623,0 4.75420706725915,45.7720668065944,0 4.75420755897571,45.7720660783795,0 4.75420792204626,45.772065352165,0 4.75420841090437,45.7720645339235,0 4.75420890262089,45.7720638057086,0 4.75420939147897,45.7720629874671,0 4.75420962590348,45.77206226325289,0 4.75421011476153,45.7720614450114,0 4.75421060647801,45.7720607167965,0 4.75421109819448,45.7720599885817,0 4.75421158705249,45.7720591703401,0 4.75421207876892,45.7720584421253,0 4.75421257048535,45.7720577139104,0 4.75421305934332,45.7720568956689,0 4.75421355105972,45.772056167454,0 4.7542140427761,45.7720554392391,0 4.75421453449247,45.77205471102419,0 4.75421502335039,45.7720538927827,0 4.75421551506673,45.7720531645678,0 4.75421613542904,45.7720524343526,0 4.75421649849938,45.7720517081381,0 4.75421699021569,45.77205097992321,0 4.75421748193198,45.77205025170829,0 4.75421809943578,45.7720494314663,0 4.75421859115205,45.7720487032514,0 4.75421921151426,45.77204797303621,0 4.7542197032305,45.77204724482129,0 4.75422032359268,45.7720465146061,0 4.75422081530889,45.7720457863912,0 4.75422143281259,45.7720449661492,0 4.75422192452877,45.77204423793431,0 4.75422254489089,45.7720435077191,0 4.754223165253,45.7720427775038,0 4.75422365696913,45.7720420492889,0 4.75422415440218,45.7720415011273,0 4.75422477476424,45.7720407709121,0 4.75422539512628,45.7720400406968,0 4.75422601548831,45.7720393104815,0 4.75422663585032,45.77203858026619,0 4.75422712756638,45.7720378520513,0 4.75422775078682,45.7720372118627,0 4.75422837114879,45.7720364816474,0 4.75422899151074,45.7720357514321,0 4.75422961187267,45.7720350212168,0 4.75423036373898,45.77203437902779,0 4.75423098410088,45.7720336488125,0 4.75423160446277,45.7720329185972,0 4.7542322276831,45.7720322784086,0 4.75423284804495,45.7720315481933,0 4.75423334261934,45.772030910005,0 4.75423409162708,45.7720301777893,0 4.75423471484736,45.77202953760069,0 4.75423533520914,45.7720288073854,0 4.75423608421683,45.7720280751696,0 4.75423670457858,45.7720273449543,0 4.75423745644471,45.7720267027653,0 4.75423807680643,45.77202597254999,0 4.75423882867253,45.7720253303609,0 4.75423945189269,45.77202469017219,0 4.75424020090027,45.7720239579565,0 4.75424082412041,45.7720233177678,0 4.75424157598643,45.7720226755788,0 4.75424232499395,45.772021943363,0 4.75424294821404,45.7720213031743,0 4.75424357143412,45.7720206629857,0 4.75424432330007,45.7720200207966,0 4.75424507516601,45.7720193786075,0 4.75424569552755,45.77201864839211,0 4.75424644739346,45.772018006203,0 4.75424719925934,45.772017364014,0 4.75424795112522,45.7720167218249,0 4.75424870299107,45.7720160796358,0 4.7542494548569,45.77201543744669,0 4.75446362725843,45.7718046731274,0 4.75463174522601,45.7713758418709,0 4.75489150930096,45.7709837749319,0 4.75489174657144,45.77098314074309,0 4.75489198384192,45.77098250655419,0 4.75489222111239,45.7709818723653,0 4.75489245838285,45.7709812381764,0 4.75489256415036,45.7709805159619,0 4.75489267277737,45.7709798837742,0 4.75489291004782,45.7709792495853,0 4.75489301581532,45.7709785273708,0 4.75489312444231,45.7709778951831,0 4.7548932330693,45.77097726299531,0 4.75489334169629,45.7709766308075,0 4.75489331882034,45.7709759105942,0 4.75489342744732,45.77097527840639,0 4.75489340457137,45.7709745581931,0 4.75489338455491,45.7709739280064,0 4.75489336453846,45.7709732978198,0 4.75489334166251,45.7709725776065,0 4.75489319300261,45.7709719494209,0 4.75489317298616,45.77097131923431,0 4.75489315011021,45.77097059902099,0 4.75489300145033,45.7709699708354,0 4.75489298143388,45.7709693406487,0 4.75489282991451,45.7709686224365,0 4.75489268125464,45.770967994251,0 4.75489253259477,45.7709673660655,0 4.75489238107541,45.7709666478532,0 4.75489223241555,45.77096601966771,0 4.75489208375569,45.77096539148221,0 4.75489180645241,45.7709647652977,0 4.75489165493307,45.7709640470856,0 4.75489137762981,45.7709634209011,0 4.75489097168314,45.7709627967178,0 4.75489069437989,45.77096217053341,0 4.75489041707665,45.770961544349,0 4.75489013977342,45.7709609181645,0 4.75488986247019,45.7709602919801,0 4.75488958516697,45.7709596657957,0 4.75488917922034,45.7709590416124,0 4.75488890191714,45.7709584154279,0 4.75488849597053,45.77095779124459,0 4.75488809002394,45.7709571670613,0 4.75488768407735,45.770956542878,0 4.75488728099026,45.77095600872129,0 4.75488687504369,45.770955384538,0 4.75488646909714,45.7709547603547,0 4.75488593736667,45.7709542281991,0 4.75488553142014,45.7709536040158,0 4.7548849996897,45.7709530718602,0 4.75488433931588,45.7709525417058,0 4.75488380472598,45.7709519195235,0 4.75488340163896,45.7709513853669,0 4.75488286990856,45.7709508532113,0 4.75488220953479,45.77095032305681,0 4.75488167780441,45.7709497909013,0 4.75488114607404,45.77094925874571,0 4.75488048570031,45.77094872859119,0 4.75487995682943,45.7709482864623,0 4.75487929645572,45.77094775630781,0 4.75487863894149,45.77094731618,0 4.75487810721117,45.7709467840244,0 4.75487744969696,45.7709463438966,0 4.7548767893233,45.7709458137421,0 4.75487613180911,45.7709453736143,0 4.75487547429493,45.7709449334864,0 4.75487468527793,45.770944405333,0 4.75487402776377,45.7709439652052,0 4.75487324160626,45.77094352707841,0 4.75487258695158,45.7709431769772,0 4.75487180079409,45.7709427388505,0 4.75487101463661,45.77094230072371,0 4.75487022847915,45.77094186259691,0 4.75486944518115,45.7709415144968,0 4.7548686590237,45.77094107637,0 4.75486787572572,45.7709407282699,0 4.75486709242776,45.7709403801698,0 4.75486630912979,45.7709400320696,0 4.75486552583185,45.7709396839695,0 4.75486487403671,45.7709394238949,0 4.75486396209542,45.7709390777958,0 4.7548631787975,45.77093872969571,0 4.75486226971567,45.7709384736233,0 4.75486148641777,45.7709381255231,0 4.75486057733596,45.7709378694507,0 4.75485979689751,45.7709376113771,0 4.75485888781572,45.7709373553047,0 4.7548579758745,45.7709370092056,0 4.75485719829551,45.7709368411587,0 4.75485628921375,45.7709365850863,0 4.75485538013199,45.7709363290138,0 4.75476320000743,45.7709355110789,0 4.75473241430436,45.77095094173729,0 4.75476967255116,45.7709934162183,0 4.75476835498409,45.77104513754849,0 4.75476184281613,45.7710548764536,0 4.75440255226602,45.7715836876368,0 4.75419199921445,45.7719084256235,0 4.75418613870092,45.7719062649705,0 4.7541741288281,45.7719252765781,0 4.75392772305176,45.7723167737761,0 4.75373680771031,45.7726196785402,0 4.75368746611319,45.7726993478396,0 
							</coordinates>
						</LinearRing>
					</outerBoundaryIs>
				</Polygon>
			</MultiGeometry>
		</Placemark>
		<Placemark id="personne_morale.13053">
<styleUrl>#personne_morale</styleUrl>			<visibility>0</visibility>
			<ExtendedData>
				<SchemaData schemaUrl="#personne_morale">
					<SimpleData name="Numero de Parcelle">69044000AT0114</SimpleData>
					<SimpleData name="Departement">69</SimpleData>
					<SimpleData name="Commune">CHARBONNIERES-LES-BAINS</SimpleData>
					<SimpleData name="Adresse">GDES BRUYERES</SimpleData>
					<SimpleData name="Groupe de personne">Personnes morales non remarquables</SimpleData>
					<SimpleData name="Forme Juridique Abregee">AUPM</SimpleData>
					<SimpleData name="Denomination">ASS SYNDICALE LIBRE DES HAUTINIERES</SimpleData>
				</SchemaData>
			</ExtendedData>
	<Region>
		<LatLonAltBox>
			<north> 45.7785535084203 </north>
			<south> 45.7782208331199 </south>
			<east> 4.73169759514812 </east>
			<west> 4.73113593686628 </west>
		</LatLonAltBox>
		<Lod>
			<minLodPixels>100</minLodPixels>
			<maxLodPixels>-1</maxLodPixels>
		</Lod>
	</Region>
			<MultiGeometry>
				<Polygon><altitudeMode>relativeToGround</altitudeMode>
					<outerBoundaryIs>
						<LinearRing>
							<coordinates>								4.73113593686628,45.778276958278,0 4.73141679224023,45.7784529701193,0 4.73168550054115,45.7785535084203,0 4.73169030952222,45.77854676938959,0 4.73169433524243,45.7785396820975,0 4.73169667424683,45.77853217033971,0 4.73169759514812,45.7785245902759,0 4.73169696928504,45.7785169438809,0 4.73169493378631,45.7785094992619,0 4.73169136281275,45.7785023484207,0 4.73168625918697,45.7784955813844,0 4.73168001736092,45.7784894623107,0 4.73167250867299,45.7784839931742,0 4.73166399326883,45.77847926005241,0 4.7316310935934,45.77846454304471,0 4.7316006328636,45.7784496084561,0 4.73156664184833,45.7784329266258,0 4.73155945258348,45.778429434133,0 4.73155225767585,45.7784257615851,0 4.73154506276917,45.7784220890368,0 4.73153812236484,45.7784183225117,0 4.73153092181645,45.77841446990791,0 4.73152398141405,45.7784107033819,0 4.73151716685239,45.7784068448538,0 4.73151022080832,45.7784028982725,0 4.73150353208839,45.77839894774181,0 4.7314967118861,45.7783949091579,0 4.73149002034635,45.7783908685991,0 4.73148345464739,45.77838673603821,0 4.73147688894941,45.778382603477,0 4.73147044909222,45.7783783789137,0 4.73146388057451,45.7783741563243,0 4.73145756373742,45.7783697497313,0 4.73145124972302,45.7783654331652,0 4.73144493288794,45.7783610265714,0 4.73143900203828,45.77835661405421,0 4.73143281104499,45.77835211545811,0 4.73142674871416,45.77834761488731,0 4.7314206835627,45.7783430242888,0 4.7314148757351,45.7783384297414,0 4.73140894206865,45.7783339271953,0 4.73140325726119,45.7783291506183,0 4.73139757245472,45.7783243740411,0 4.7313918904708,45.7783196874908,0 4.73138633150609,45.7783148189114,0 4.73138077536392,45.77831004035901,0 4.73137534224095,45.7783050797775,0 4.73136990911896,45.7783001191956,0 4.73136473614215,45.7782952446922,0 4.73133903661244,45.77827204055231,0 4.73131092809456,45.7782459010422,0 4.73130460564147,45.778241314386,0 4.7312980343313,45.7782370017598,0 4.73129083382327,45.7782331491407,0 4.73128300411735,45.7782297565286,0 4.73127493401835,45.7782269080281,0 4.73126649204353,45.778224515586,0 4.73125768383545,45.7782227592568,0 4.73124863241232,45.7782214570117,0 4.73123960356024,45.77822087498431,0 4.73123059163622,45.7782208331199,0 4.73122146515755,45.7782212433654,0 4.73120597050974,45.7782238229436,0 4.73113593686628,45.778276958278,0 
							</coordinates>
						</LinearRing>
					</outerBoundaryIs>
				</Polygon>
			</MultiGeometry>
		</Placemark>
		<Placemark id="personne_morale.13382">
<styleUrl>#personne_morale</styleUrl>			<visibility>0</visibility>
			<ExtendedData>
				<SchemaData schemaUrl="#personne_morale">
					<SimpleData name="Numero de Parcelle">69044000AK0115</SimpleData>
					<SimpleData name="Departement">69</SimpleData>
					<SimpleData name="Commune">CHARBONNIERES-LES-BAINS</SimpleData>
					<SimpleData name="Adresse">92, RTE DE PARIS</SimpleData>
					<SimpleData name="Groupe de personne">Personnes morales non remarquables</SimpleData>
					<SimpleData name="Forme Juridique Abregee">SCI</SimpleData>
					<SimpleData name="Denomination">SCI L EFFORT</SimpleData>
				</SchemaData>
			</ExtendedData>
	<Region>
		<LatLonAltBox>
			<north> 45.7779478404878 </north>
			<south> 45.77776984589951 </south>
			<east> 4.75098469212295 </east>
			<west> 4.75083415316583 </west>
		</LatLonAltBox>
		<Lod>
			<minLodPixels>100</minLodPixels>
			<maxLodPixels>-1</maxLodPixels>
		</Lod>
	</Region>
			<MultiGeometry>
				<Polygon><altitudeMode>relativeToGround</altitudeMode>
					<outerBoundaryIs>
						<LinearRing>
							<coordinates>								4.75087827963604,45.77776984589951,0 4.75084790035572,45.7778794834637,0 4.75083415316583,45.7779331089349,0 4.75086803608103,45.77793807748391,0 4.75093541024345,45.7779478404878,0 4.75098469212295,45.7777726080195,0 4.75097757876039,45.77777154748739,0 4.75087827963604,45.77776984589951,0 
							</coordinates>
						</LinearRing>
					</outerBoundaryIs>
				</Polygon>
			</MultiGeometry>
		</Placemark>
		<Placemark id="personne_morale.13720">
<styleUrl>#personne_morale</styleUrl>			<visibility>0</visibility>
			<ExtendedData>
				<SchemaData schemaUrl="#personne_morale">
					<SimpleData name="Numero de Parcelle">69044000AM0116</SimpleData>
					<SimpleData name="Departement">69</SimpleData>
					<SimpleData name="Commune">CHARBONNIERES-LES-BAINS</SimpleData>
					<SimpleData name="Adresse">155, RTE DE PARIS</SimpleData>
					<SimpleData name="Groupe de personne">Personnes morales non remarquables</SimpleData>
					<SimpleData name="Forme Juridique Abregee">SAS</SimpleData>
					<SimpleData name="Denomination">FONCIA SAINT LOUIS</SimpleData>
				</SchemaData>
			</ExtendedData>
	<Region>
		<LatLonAltBox>
			<north> 45.77306950657321 </north>
			<south> 45.77057654430821 </south>
			<east> 4.75558517952067 </east>
			<west> 4.75376220627032 </west>
		</LatLonAltBox>
		<Lod>
			<minLodPixels>100</minLodPixels>
			<maxLodPixels>-1</maxLodPixels>
		</Lod>
	</Region>
			<MultiGeometry>
				<Polygon><altitudeMode>relativeToGround</altitudeMode>
					<outerBoundaryIs>
						<LinearRing>
							<coordinates>								4.75500448271348,45.77306950657321,0 4.75516971651238,45.7729104824771,0 4.75526523649879,45.7727408335267,0 4.75531483737187,45.7727463667901,0 4.75532941126834,45.7727189385452,0 4.75528762632642,45.7727041864968,0 4.7552944244301,45.77269129062271,0 4.75525930319852,45.77265941143621,0 4.75540778447234,45.7724593049395,0 4.75555373838276,45.77202171989061,0 4.75558517952067,45.77175146747999,0 4.75558483312721,45.7717284146516,0 4.75557989412829,45.7715000710314,0 4.7555666196637,45.7711633213732,0 4.7555554869576,45.7709871352758,0 4.75555259893331,45.7709529531756,0 4.755542906144,45.7708706888949,0 4.75552572864521,45.77075944810029,0 4.75548323582925,45.77057654430821,0 4.75520423212971,45.77071527166581,0 4.75518753171888,45.7707365180743,0 4.75514678225432,45.7708718084278,0 4.75514593894998,45.7708736229708,0 4.75514509278569,45.77087534748721,0 4.75514424948124,45.7708771620301,0 4.75514340617674,45.77087897657311,0 4.75514256001228,45.7708807010895,0 4.75514145656134,45.7708824296086,0 4.75514048175356,45.7708841561263,0 4.75513937830248,45.7708858846454,0 4.75513840349457,45.7708876111631,0 4.75513729718347,45.7708892496555,0 4.7551361937322,45.7708909781746,0 4.75513495877773,45.7708926186684,0 4.75513372382319,45.7708942591622,0 4.75513248886858,45.770895899656,0 4.75513125391389,45.7708975401497,0 4.75513001895913,45.77089918064349,0 4.75512865536104,45.77090082313859,0 4.75512729176286,45.77090246563369,0 4.75512579666147,45.7709040201035,0 4.75512430155999,45.7709055745733,0 4.75512293510171,45.7709071270417,0 4.75512131135679,45.7709086835128,0 4.75511994489834,45.7709102359811,0 4.75511831829339,45.7709117024256,0 4.75511669168835,45.77091316887,0 4.75511506794308,45.770914725341,0 4.75511344133786,45.7709161917854,0 4.75511168608927,45.7709176602311,0 4.75511005662403,45.7709190366487,0 4.75510843001856,45.770920503093,0 4.75510654326654,45.7709218835133,0 4.75510478515774,45.7709232619323,0 4.75510289554571,45.77092455232589,0 4.75510100593358,45.7709258427194,0 4.7550991191812,45.77092722313969,0 4.75509722956889,45.7709285135332,0 4.7550953399565,45.7709298039266,0 4.75509344748421,45.77093100429341,0 4.75509142922831,45.7709322966882,0 4.7550894081125,45.77093349905621,0 4.75508738699661,45.7709347014243,0 4.75508524009709,45.7709359958203,0 4.75508321612121,45.7709371081615,0 4.75508106350191,45.7709382225041,0 4.75507891088252,45.7709393368467,0 4.75507675826304,45.77094045118919,0 4.75507473142704,45.7709414735037,0 4.75507245016403,45.7709425898474,0 4.75507029754429,45.7709437041898,0 4.75506801056155,45.77094464048011,0 4.75506572643851,45.7709456667971,0 4.75506343945561,45.7709466030873,0 4.75506115247263,45.7709475393775,0 4.75505886548958,45.7709484756677,0 4.75505644986307,45.7709494139591,0 4.75505416287986,45.7709503502491,0 4.75505174153369,45.7709511084871,0 4.75504945169058,45.77095195475041,0 4.75504703320401,45.77095280301499,0 4.75504461185764,45.77095356125281,0 4.75504219051119,45.7709543194906,0 4.75503976916468,45.7709550777283,0 4.75503721631499,45.7709557479406,0 4.75503479210863,45.77095641615159,0 4.75503223925881,45.7709570863638,0 4.75502981505233,45.77095775457461,0 4.75502726220239,45.77095842478671,0 4.75502470649268,45.77095900497211,0 4.75502215078292,45.7709595851574,0 4.75501972085681,45.7709600733147,0 4.75501716228725,45.7709605634732,0 4.75501460371765,45.7709610536317,0 4.75501191650459,45.77096154579129,0 4.75500935507522,45.770961945923,0 4.75500692228921,45.7709623440534,0 4.75500423221635,45.7709627461862,0 4.75500166792719,45.770963056291,0 4.75499897499459,45.77096336839709,0 4.75499641356504,45.77096376852839,0 4.75499372063237,45.7709640806343,0 4.75499115348344,45.7709643007123,0 4.75498845769108,45.7709645227914,0 4.75498575903905,45.7709646548438,0 4.7549831947497,45.77096496494819,0 4.75498049609763,45.77096509700049,0 4.75497779458592,45.77096513902601,0 4.75497509593384,45.7709652710781,0 4.75497252306553,45.7709653111023,0 4.7549698215538,45.77096535312771,0 4.75469363752674,45.77138748919641,0 4.75452741539876,45.7718273698184,0 4.7542877597801,45.7720543830449,0 4.75411243929261,45.7723578566279,0 4.75376502552995,45.77275848985529,0 4.75376220627032,45.7727953727711,0 4.75385879775781,45.7728012570478,0 4.75403412471474,45.7727816880026,0 4.75438625611522,45.7729309549419,0 4.75449366290797,45.7729288343064,0 4.75500448271348,45.77306950657321,0 
							</coordinates>
						</LinearRing>
					</outerBoundaryIs>
				</Polygon>
			</MultiGeometry>
		</Placemark>
		<Placemark id="personne_morale.14364">
<styleUrl>#personne_morale</styleUrl>			<visibility>0</visibility>
			<ExtendedData>
				<SchemaData schemaUrl="#personne_morale">
					<SimpleData name="Numero de Parcelle">69044000AM0118</SimpleData>
					<SimpleData name="Departement">69</SimpleData>
					<SimpleData name="Commune">CHARBONNIERES-LES-BAINS</SimpleData>
					<SimpleData name="Adresse">155, RTE DE PARIS</SimpleData>
					<SimpleData name="Groupe de personne">Personnes morales non remarquables</SimpleData>
					<SimpleData name="Forme Juridique Abregee">SAS</SimpleData>
					<SimpleData name="Denomination">FONCIA SAINT LOUIS</SimpleData>
				</SchemaData>
			</ExtendedData>
	<Region>
		<LatLonAltBox>
			<north> 45.7729201517385 </north>
			<south> 45.77071527166581 </south>
			<east> 4.75520423212971 </east>
			<west> 4.7529967238311 </west>
		</LatLonAltBox>
		<Lod>
			<minLodPixels>100</minLodPixels>
			<maxLodPixels>-1</maxLodPixels>
		</Lod>
	</Region>
			<MultiGeometry>
				<Polygon><altitudeMode>relativeToGround</altitudeMode>
					<outerBoundaryIs>
						<LinearRing>
							<coordinates>								4.75520423212971,45.77071527166581,0 4.75500936208936,45.7708122475647,0 4.75476966074329,45.7709322580959,0 4.75476320000743,45.7709355110789,0 4.75485538013199,45.7709363290138,0 4.75485628921375,45.7709365850863,0 4.75485719829551,45.7709368411587,0 4.7548579758745,45.7709370092056,0 4.75485888781572,45.7709373553047,0 4.75485979689751,45.7709376113771,0 4.75486057733596,45.7709378694507,0 4.75486148641777,45.7709381255231,0 4.75486226971567,45.7709384736233,0 4.7548631787975,45.77093872969571,0 4.75486396209542,45.7709390777958,0 4.75486487403671,45.7709394238949,0 4.75486552583185,45.7709396839695,0 4.75486630912979,45.7709400320696,0 4.75486709242776,45.7709403801698,0 4.75486787572572,45.7709407282699,0 4.7548686590237,45.77094107637,0 4.75486944518115,45.7709415144968,0 4.75487022847915,45.77094186259691,0 4.75487101463661,45.77094230072371,0 4.75487180079409,45.7709427388505,0 4.75487258695158,45.7709431769772,0 4.75487324160626,45.77094352707841,0 4.75487402776377,45.7709439652052,0 4.75487468527793,45.770944405333,0 4.75487547429493,45.7709449334864,0 4.75487613180911,45.7709453736143,0 4.7548767893233,45.7709458137421,0 4.75487744969696,45.7709463438966,0 4.75487810721117,45.7709467840244,0 4.75487863894149,45.77094731618,0 4.75487929645572,45.77094775630781,0 4.75487995682943,45.7709482864623,0 4.75488048570031,45.77094872859119,0 4.75488114607404,45.77094925874571,0 4.75488167780441,45.7709497909013,0 4.75488220953479,45.77095032305681,0 4.75488286990856,45.7709508532113,0 4.75488340163896,45.7709513853669,0 4.75488380472598,45.7709519195235,0 4.75488433931588,45.7709525417058,0 4.7548849996897,45.7709530718602,0 4.75488553142014,45.7709536040158,0 4.75488593736667,45.7709542281991,0 4.75488646909714,45.7709547603547,0 4.75488687504369,45.770955384538,0 4.75488728099026,45.77095600872129,0 4.75488768407735,45.770956542878,0 4.75488809002394,45.7709571670613,0 4.75488849597053,45.77095779124459,0 4.75488890191714,45.7709584154279,0 4.75488917922034,45.7709590416124,0 4.75488958516697,45.7709596657957,0 4.75488986247019,45.7709602919801,0 4.75489013977342,45.7709609181645,0 4.75489041707665,45.770961544349,0 4.75489069437989,45.77096217053341,0 4.75489097168314,45.7709627967178,0 4.75489137762981,45.7709634209011,0 4.75489165493307,45.7709640470856,0 4.75489180645241,45.7709647652977,0 4.75489208375569,45.77096539148221,0 4.75489223241555,45.77096601966771,0 4.75489238107541,45.7709666478532,0 4.75489253259477,45.7709673660655,0 4.75489268125464,45.770967994251,0 4.75489282991451,45.7709686224365,0 4.75489298143388,45.7709693406487,0 4.75489300145033,45.7709699708354,0 4.75489315011021,45.77097059902099,0 4.75489317298616,45.77097131923431,0 4.75489319300261,45.7709719494209,0 4.75489334166251,45.7709725776065,0 4.75489336453846,45.7709732978198,0 4.75489338455491,45.7709739280064,0 4.75489340457137,45.7709745581931,0 4.75489342744732,45.77097527840639,0 4.75489331882034,45.7709759105942,0 4.75489334169629,45.7709766308075,0 4.7548932330693,45.77097726299531,0 4.75489312444231,45.7709778951831,0 4.75489301581532,45.7709785273708,0 4.75489291004782,45.7709792495853,0 4.75489267277737,45.7709798837742,0 4.75489256415036,45.7709805159619,0 4.75489245838285,45.7709812381764,0 4.75489222111239,45.7709818723653,0 4.75489198384192,45.77098250655419,0 4.75489174657144,45.77098314074309,0 4.75489150930096,45.7709837749319,0 4.75463174522601,45.7713758418709,0 4.75446362725843,45.7718046731274,0 4.7542494548569,45.77201543744669,0 4.75424870299107,45.7720160796358,0 4.75424795112522,45.7720167218249,0 4.75424719925934,45.772017364014,0 4.75424644739346,45.772018006203,0 4.75424569552755,45.77201864839211,0 4.75424507516601,45.7720193786075,0 4.75424432330007,45.7720200207966,0 4.75424357143412,45.7720206629857,0 4.75424294821404,45.7720213031743,0 4.75424232499395,45.772021943363,0 4.75424157598643,45.7720226755788,0 4.75424082412041,45.7720233177678,0 4.75424020090027,45.7720239579565,0 4.75423945189269,45.77202469017219,0 4.75423882867253,45.7720253303609,0 4.75423807680643,45.77202597254999,0 4.75423745644471,45.7720267027653,0 4.75423670457858,45.7720273449543,0 4.75423608421683,45.7720280751696,0 4.75423533520914,45.7720288073854,0 4.75423471484736,45.77202953760069,0 4.75423409162708,45.7720301777893,0 4.75423334261934,45.772030910005,0 4.75423284804495,45.7720315481933,0 4.7542322276831,45.7720322784086,0 4.75423160446277,45.7720329185972,0 4.75423098410088,45.7720336488125,0 4.75423036373898,45.77203437902779,0 4.75422961187267,45.7720350212168,0 4.75422899151074,45.7720357514321,0 4.75422837114879,45.7720364816474,0 4.75422775078682,45.7720372118627,0 4.75422712756638,45.7720378520513,0 4.75422663585032,45.77203858026619,0 4.75422601548831,45.7720393104815,0 4.75422539512628,45.7720400406968,0 4.75422477476424,45.7720407709121,0 4.75422415440218,45.7720415011273,0 4.75422365696913,45.7720420492889,0 4.754223165253,45.7720427775038,0 4.75422254489089,45.7720435077191,0 4.75422192452877,45.77204423793431,0 4.75422143281259,45.7720449661492,0 4.75422081530889,45.7720457863912,0 4.75422032359268,45.7720465146061,0 4.7542197032305,45.77204724482129,0 4.75421921151426,45.77204797303621,0 4.75421859115205,45.7720487032514,0 4.75421809943578,45.7720494314663,0 4.75421748193198,45.77205025170829,0 4.75421699021569,45.77205097992321,0 4.75421649849938,45.7720517081381,0 4.75421613542904,45.7720524343526,0 4.75421551506673,45.7720531645678,0 4.75421502335039,45.7720538927827,0 4.75421453449247,45.77205471102419,0 4.7542140427761,45.7720554392391,0 4.75421355105972,45.772056167454,0 4.75421305934332,45.7720568956689,0 4.75421257048535,45.7720577139104,0 4.75421207876892,45.7720584421253,0 4.75421158705249,45.7720591703401,0 4.75421109819448,45.7720599885817,0 4.75421060647801,45.7720607167965,0 4.75421011476153,45.7720614450114,0 4.75420962590348,45.77206226325289,0 4.75420939147897,45.7720629874671,0 4.75420890262089,45.7720638057086,0 4.75420841090437,45.7720645339235,0 4.75420792204626,45.772065352165,0 4.75420755897571,45.7720660783795,0 4.75420706725915,45.7720668065944,0 4.75420670990544,45.7720677128623,0 4.75420622104729,45.77206853110379,0 4.75420585797669,45.7720692573183,0 4.75420536911851,45.7720700755598,0 4.7542050060479,45.7720708017743,0 4.7542046458357,45.7720716180155,0 4.75420415411905,45.7720723462304,0 4.75420392255286,45.7720731604712,0 4.75420356234063,45.7720739767124,0 4.75420307062394,45.7720747049272,0 4.7542027104117,45.7720755211684,0 4.75420234734101,45.7720762473829,0 4.75420198712875,45.7720770636241,0 4.75420162691647,45.7720778798652,0 4.75420126670418,45.77207869610639,0 4.75420090363345,45.7720794223209,0 4.75420054342114,45.7720802385621,0 4.75406021467133,45.7723264231511,0 4.75404333318266,45.7723541573142,0 4.75375594107263,45.7726831514702,0 4.7537520530217,45.7726863643992,0 4.75374903406775,45.7726885730356,0 4.75374575496088,45.7726906956448,0 4.75374373089377,45.7726918079622,0 4.75374081486731,45.7726932043583,0 4.75373865643712,45.7726941386219,0 4.75373407942385,45.772695921122,0 4.75373026286449,45.7726973315164,0 4.75372694374882,45.7726981937513,0 4.75372451659249,45.7726987719075,0 4.75372029694416,45.7726996481406,0 4.75371773542486,45.772700048243,0 4.75371517390552,45.7727004483453,0 4.75371260667083,45.77270066839419,0 4.75370991078862,45.7727008904428,0 4.75370823837109,45.7727009164398,0 4.75370476488854,45.7727009704334,0 4.75370218908086,45.772700920402,0 4.75369871274066,45.7727008843687,0 4.75369600257022,45.77270065628349,0 4.75369341818967,45.77270033617171,0 4.75368746611319,45.7726993478396,0 4.7535517261754,45.7726806513199,0 4.75329159007701,45.7727979137473,0 4.75323448137851,45.77282348073389,0 4.75302959765579,45.7727958601858,0 4.7529967238311,45.7729077889497,0 4.75308798639109,45.7729201517385,0 4.75310618159774,45.7728567291542,0 4.75312540174529,45.7728499453677,0 4.75327405817068,45.7728700629548,0 4.75331527154203,45.7728546508019,0 4.75353007785559,45.7727569177549,0 4.7536575130827,45.7727734916148,0 4.75376502552995,45.77275848985529,0 4.75411243929261,45.7723578566279,0 4.7542877597801,45.7720543830449,0 4.75452741539876,45.7718273698184,0 4.75469363752674,45.77138748919641,0 4.7549698215538,45.77096535312771,0 4.75497252306553,45.7709653111023,0 4.75497509593384,45.7709652710781,0 4.75497779458592,45.77096513902601,0 4.75498049609763,45.77096509700049,0 4.7549831947497,45.77096496494819,0 4.75498575903905,45.7709646548438,0 4.75498845769108,45.7709645227914,0 4.75499115348344,45.7709643007123,0 4.75499372063237,45.7709640806343,0 4.75499641356504,45.77096376852839,0 4.75499897499459,45.77096336839709,0 4.75500166792719,45.770963056291,0 4.75500423221635,45.7709627461862,0 4.75500692228921,45.7709623440534,0 4.75500935507522,45.770961945923,0 4.75501191650459,45.77096154579129,0 4.75501460371765,45.7709610536317,0 4.75501716228725,45.7709605634732,0 4.75501972085681,45.7709600733147,0 4.75502215078292,45.7709595851574,0 4.75502470649268,45.77095900497211,0 4.75502726220239,45.77095842478671,0 4.75502981505233,45.77095775457461,0 4.75503223925881,45.7709570863638,0 4.75503479210863,45.77095641615159,0 4.75503721631499,45.7709557479406,0 4.75503976916468,45.7709550777283,0 4.75504219051119,45.7709543194906,0 4.75504461185764,45.77095356125281,0 4.75504703320401,45.77095280301499,0 4.75504945169058,45.77095195475041,0 4.75505174153369,45.7709511084871,0 4.75505416287986,45.7709503502491,0 4.75505644986307,45.7709494139591,0 4.75505886548958,45.7709484756677,0 4.75506115247263,45.7709475393775,0 4.75506343945561,45.7709466030873,0 4.75506572643851,45.7709456667971,0 4.75506801056155,45.77094464048011,0 4.75507029754429,45.7709437041898,0 4.75507245016403,45.7709425898474,0 4.75507473142704,45.7709414735037,0 4.75507675826304,45.77094045118919,0 4.75507891088252,45.7709393368467,0 4.75508106350191,45.7709382225041,0 4.75508321612121,45.7709371081615,0 4.75508524009709,45.7709359958203,0 4.75508738699661,45.7709347014243,0 4.7550894081125,45.77093349905621,0 4.75509142922831,45.7709322966882,0 4.75509344748421,45.77093100429341,0 4.7550953399565,45.7709298039266,0 4.75509722956889,45.7709285135332,0 4.7550991191812,45.77092722313969,0 4.75510100593358,45.7709258427194,0 4.75510289554571,45.77092455232589,0 4.75510478515774,45.7709232619323,0 4.75510654326654,45.7709218835133,0 4.75510843001856,45.770920503093,0 4.75511005662403,45.7709190366487,0 4.75511168608927,45.7709176602311,0 4.75511344133786,45.7709161917854,0 4.75511506794308,45.770914725341,0 4.75511669168835,45.77091316887,0 4.75511831829339,45.7709117024256,0 4.75511994489834,45.7709102359811,0 4.75512131135679,45.7709086835128,0 4.75512293510171,45.7709071270417,0 4.75512430155999,45.7709055745733,0 4.75512579666147,45.7709040201035,0 4.75512729176286,45.77090246563369,0 4.75512865536104,45.77090082313859,0 4.75513001895913,45.77089918064349,0 4.75513125391389,45.7708975401497,0 4.75513248886858,45.770895899656,0 4.75513372382319,45.7708942591622,0 4.75513495877773,45.7708926186684,0 4.7551361937322,45.7708909781746,0 4.75513729718347,45.7708892496555,0 4.75513840349457,45.7708876111631,0 4.75513937830248,45.7708858846454,0 4.75514048175356,45.7708841561263,0 4.75514145656134,45.7708824296086,0 4.75514256001228,45.7708807010895,0 4.75514340617674,45.77087897657311,0 4.75514424948124,45.7708771620301,0 4.75514509278569,45.77087534748721,0 4.75514593894998,45.7708736229708,0 4.75514678225432,45.7708718084278,0 4.75518753171888,45.7707365180743,0 4.75520423212971,45.77071527166581,0 
							</coordinates>
						</LinearRing>
					</outerBoundaryIs>
				</Polygon>
			</MultiGeometry>
		</Placemark>
		<Placemark id="personne_morale.14399">
<styleUrl>#personne_morale</styleUrl>			<visibility>0</visibility>
			<ExtendedData>
				<SchemaData schemaUrl="#personne_morale">
					<SimpleData name="Numero de Parcelle">69044000AT0118</SimpleData>
					<SimpleData name="Departement">69</SimpleData>
					<SimpleData name="Commune">CHARBONNIERES-LES-BAINS</SimpleData>
					<SimpleData name="Adresse">GDES BRUYERES</SimpleData>
					<SimpleData name="Groupe de personne">Personnes morales non remarquables</SimpleData>
					<SimpleData name="Forme Juridique Abregee">AUPM</SimpleData>
					<SimpleData name="Denomination">ASS SYNDICALE LIBRE DES HAUTINIERES</SimpleData>
				</SchemaData>
			</ExtendedData>
	<Region>
		<LatLonAltBox>
			<north> 45.779454653683 </north>
			<south> 45.7787355751624 </south>
			<east> 4.73433471048994 </east>
			<west> 4.73247698135908 </west>
		</LatLonAltBox>
		<Lod>
			<minLodPixels>100</minLodPixels>
			<maxLodPixels>-1</maxLodPixels>
		</Lod>
	</Region>
			<MultiGeometry>
				<Polygon><altitudeMode>relativeToGround</altitudeMode>
					<outerBoundaryIs>
						<LinearRing>
							<coordinates>								4.73287717412276,45.779454653683,0 4.73302859439681,45.77931226824019,0 4.73316738325951,45.77918169572221,0 4.73331067339674,45.7790469106267,0 4.73346484574034,45.7789020503825,0 4.73378434718929,45.7789719900316,0 4.73400171416675,45.7790196297196,0 4.73427170591184,45.7790787998218,0 4.73433471048994,45.77893714102029,0 4.73430385417475,45.7789301394447,0 4.73407024620909,45.7788777059876,0 4.73385996747021,45.77883031779849,0 4.73359542603403,45.7787355751624,0 4.73343871334043,45.778848679688,0 4.73328287804735,45.7789610499433,0 4.73301312974279,45.7791557828682,0 4.73268023521773,45.7791964732859,0 4.73247698135908,45.7792212112774,0 4.73270788934088,45.7793558339039,0 4.73287717412276,45.779454653683,0 
							</coordinates>
						</LinearRing>
					</outerBoundaryIs>
				</Polygon>
			</MultiGeometry>
		</Placemark>
		<Placemark id="personne_morale.14650">
<styleUrl>#personne_morale</styleUrl>			<visibility>0</visibility>
			<ExtendedData>
				<SchemaData schemaUrl="#personne_morale">
					<SimpleData name="Numero de Parcelle">69044000AH0119</SimpleData>
					<SimpleData name="Departement">69</SimpleData>
					<SimpleData name="Commune">CHARBONNIERES-LES-BAINS</SimpleData>
					<SimpleData name="Adresse">LA COMBE</SimpleData>
					<SimpleData name="Groupe de personne">Personnes morales non remarquables</SimpleData>
					<SimpleData name="Forme Juridique Abregee">SA</SimpleData>
					<SimpleData name="Denomination">RHIMO HOLDING</SimpleData>
				</SchemaData>
			</ExtendedData>
	<Region>
		<LatLonAltBox>
			<north> 45.7823701017563 </north>
			<south> 45.77923464200231 </south>
			<east> 4.7509266369107 </east>
			<west> 4.74998516274764 </west>
		</LatLonAltBox>
		<Lod>
			<minLodPixels>100</minLodPixels>
			<maxLodPixels>-1</maxLodPixels>
		</Lod>
	</Region>
			<MultiGeometry>
				<Polygon><altitudeMode>relativeToGround</altitudeMode>
					<outerBoundaryIs>
						<LinearRing>
							<coordinates>								4.75086737185882,45.7792370928732,0 4.75076406820889,45.77960870783391,0 4.7507314798885,45.77972585553309,0 4.75072889519652,45.77972553535331,0 4.75064998506455,45.7800057999065,0 4.7504331696469,45.78077647915489,0 4.75037786018401,45.7809728814744,0 4.75010110382539,45.7819566071939,0 4.75009057005088,45.7819938798537,0 4.74998516274764,45.78236849896101,0 4.7500444308758,45.7823701017563,0 4.7509266369107,45.77923464200231,0 4.75086737185882,45.7792370928732,0 
							</coordinates>
						</LinearRing>
					</outerBoundaryIs>
				</Polygon>
			</MultiGeometry>
		</Placemark>
		<Placemark id="personne_morale.14656">
<styleUrl>#personne_morale</styleUrl>			<visibility>0</visibility>
			<ExtendedData>
				<SchemaData schemaUrl="#personne_morale">
					<SimpleData name="Numero de Parcelle">69044000AI0119</SimpleData>
					<SimpleData name="Departement">69</SimpleData>
					<SimpleData name="Commune">CHARBONNIERES-LES-BAINS</SimpleData>
					<SimpleData name="Adresse">20, AV GEN DE GAULLE</SimpleData>
					<SimpleData name="Groupe de personne">Personnes morales non remarquables</SimpleData>
					<SimpleData name="Forme Juridique Abregee">SCI</SimpleData>
					<SimpleData name="Denomination">VILLA DES LILAS</SimpleData>
				</SchemaData>
			</ExtendedData>
	<Region>
		<LatLonAltBox>
			<north> 45.78362325217001 </north>
			<south> 45.7832770004954 </south>
			<east> 4.73586276851425 </east>
			<west> 4.73519224000549 </west>
		</LatLonAltBox>
		<Lod>
			<minLodPixels>100</minLodPixels>
			<maxLodPixels>-1</maxLodPixels>
		</Lod>
	</Region>
			<MultiGeometry>
				<Polygon><altitudeMode>relativeToGround</altitudeMode>
					<outerBoundaryIs>
						<LinearRing>
							<coordinates>								4.73533978249595,45.7832927284111,0 4.73530243766889,45.7832882587617,0 4.73527425124257,45.7832843688268,0 4.73520282934098,45.7832770004954,0 4.73519224000549,45.7832964384631,0 4.73527196063546,45.7833098039908,0 4.73528486472589,45.78332716933679,0 4.7353195173335,45.7833278974252,0 4.73535133630972,45.7833285790102,0 4.73535742073374,45.78333785279229,0 4.73536420791909,45.7833490072512,0 4.73537414265366,45.7833620047884,0 4.7353900642664,45.7833852683832,0 4.73540525767565,45.783405841054,0 4.73542190609843,45.7834276523356,0 4.73543733142165,45.78344741079939,0 4.73545389501573,45.78346652126011,0 4.73547053499052,45.783488062453,0 4.73548897640487,45.7835095759375,0 4.73550626825885,45.7835313773118,0 4.73552352901208,45.7835521883842,0 4.73554098916706,45.7835752481551,0 4.73555907290377,45.7835976678375,0 4.73568291777159,45.7836099941346,0 4.73581644716175,45.78362325217001,0 4.73586276851425,45.7833111651249,0 4.73571509862761,45.7833026282027,0 4.73565848395588,45.78329944585669,0 4.7356063841544,45.7832965543217,0 4.73534550203864,45.7832821922497,0 4.73533978249595,45.7832927284111,0 
							</coordinates>
						</LinearRing>
					</outerBoundaryIs>
				</Polygon>
			</MultiGeometry>
		</Placemark>
		<Placemark id="personne_morale.15229">
<styleUrl>#personne_morale</styleUrl>			<visibility>0</visibility>
			<ExtendedData>
				<SchemaData schemaUrl="#personne_morale">
					<SimpleData name="Numero de Parcelle">69044000AH0120</SimpleData>
					<SimpleData name="Departement">69</SimpleData>
					<SimpleData name="Commune">CHARBONNIERES-LES-BAINS</SimpleData>
					<SimpleData name="Adresse">RTE DE PARIS</SimpleData>
					<SimpleData name="Groupe de personne">Personnes morales non remarquables</SimpleData>
					<SimpleData name="Forme Juridique Abregee">SARL</SimpleData>
					<SimpleData name="Denomination">ENI FRANCE SARL</SimpleData>
				</SchemaData>
			</ExtendedData>
	<Region>
		<LatLonAltBox>
			<north> 45.7792370928732 </north>
			<south> 45.7786631318178 </south>
			<east> 4.75108316563758 </east>
			<west> 4.75086737185882 </west>
		</LatLonAltBox>
		<Lod>
			<minLodPixels>100</minLodPixels>
			<maxLodPixels>-1</maxLodPixels>
		</Lod>
	</Region>
			<MultiGeometry>
				<Polygon><altitudeMode>relativeToGround</altitudeMode>
					<outerBoundaryIs>
						<LinearRing>
							<coordinates>								4.75086737185882,45.7792370928732,0 4.7509266369107,45.77923464200231,0 4.75108316563758,45.7787066480932,0 4.75103750493015,45.7786631318178,0 4.75086737185882,45.7792370928732,0 
							</coordinates>
						</LinearRing>
					</outerBoundaryIs>
				</Polygon>
			</MultiGeometry>
		</Placemark>
		<Placemark id="personne_morale.15256">
<styleUrl>#personne_morale</styleUrl>			<visibility>0</visibility>
			<ExtendedData>
				<SchemaData schemaUrl="#personne_morale">
					<SimpleData name="Numero de Parcelle">69044000AL0120</SimpleData>
					<SimpleData name="Departement">69</SimpleData>
					<SimpleData name="Commune">CHARBONNIERES-LES-BAINS</SimpleData>
					<SimpleData name="Adresse">107, RTE DE PARIS</SimpleData>
					<SimpleData name="Groupe de personne">Personnes morales non remarquables</SimpleData>
					<SimpleData name="Forme Juridique Abregee">SAS</SimpleData>
					<SimpleData name="Denomination">SPP</SimpleData>
				</SchemaData>
			</ExtendedData>
	<Region>
		<LatLonAltBox>
			<north> 45.7759020047883 </north>
			<south> 45.7754193742094 </south>
			<east> 4.7530929540754 </east>
			<west> 4.75249074123977 </west>
		</LatLonAltBox>
		<Lod>
			<minLodPixels>100</minLodPixels>
			<maxLodPixels>-1</maxLodPixels>
		</Lod>
	</Region>
			<MultiGeometry>
				<Polygon><altitudeMode>relativeToGround</altitudeMode>
					<outerBoundaryIs>
						<LinearRing>
							<coordinates>								4.75285296133032,45.7759020047883,0 4.75293116840332,45.7758272916987,0 4.75293785647408,45.7757946721138,0 4.75309067129719,45.7757265458308,0 4.75309099441123,45.7757245592455,0 4.75309095727279,45.775723388898,0 4.75309104593211,45.7757221265247,0 4.75309126324597,45.7757208621523,0 4.75309135476208,45.7757196898057,0 4.75309144342139,45.77571842743241,0 4.75309153208069,45.7757171650591,0 4.75309162359678,45.7757159927125,0 4.75309171225607,45.7757147303392,0 4.75309167226082,45.775713469965,0 4.75309176377691,45.7757122976184,0 4.75309185243619,45.7757110352451,0 4.75309194109547,45.7757097728718,0 4.75309202975474,45.77570851049849,0 4.75309212127081,45.7757073381519,0 4.75309220993008,45.77570607577859,0 4.75309229858934,45.7757048134053,0 4.75309226145089,45.7757036430578,0 4.75309222145563,45.7757023826835,0 4.75309231011489,45.7757011203102,0 4.75309240163094,45.7756999479636,0 4.75309249029019,45.77569868559029,0 4.75309245029493,45.7756974252161,0 4.75309254181098,45.7756962528695,0 4.75309263047021,45.77569499049619,0 4.75309271912945,45.7756937281229,0 4.7530925504797,45.7756924697477,0 4.75309264199573,45.7756912974011,0 4.75309273065496,45.7756900350278,0 4.7530926906597,45.7756887746536,0 4.75309278217573,45.775687602307,0 4.75309274218047,45.7756863419327,0 4.75309283083969,45.7756850795594,0 4.7530929194989,45.7756838171861,0 4.75309275370598,45.7756826488377,0 4.7530928423652,45.77568138646441,0 4.75309280236994,45.7756801260901,0 4.75309289388595,45.7756789537436,0 4.7530928538907,45.7756776933693,0 4.7530929425499,45.775676430996,0 4.75309290255465,45.7756751706218,0 4.7530928654162,45.7756740002742,0 4.7530929540754,45.7756727379009,0 4.7530927854257,45.77567147952579,0 4.75309274828726,45.7756703091783,0 4.75309283694645,45.7756690468049,0 4.75309279695121,45.7756677864307,0 4.75309275695597,45.7756665260565,0 4.75309284847196,45.7756653537099,0 4.75309280847671,45.77566409333561,0 4.75309276848147,45.7756628329614,0 4.75309260268862,45.775661664613,0 4.7530926913478,45.7756604022396,0 4.75309265135257,45.7756591418654,0 4.75309261135733,45.77565788149119,0 4.7530925742189,45.7756567111437,0 4.75309253422367,45.7756554507694,0 4.75309249422845,45.77565419039519,0 4.75309245709002,45.7756530200477,0 4.7530922884404,45.77565176167251,0 4.75309224844518,45.7756505012982,0 4.75309233710436,45.7756492389249,0 4.75309229996594,45.7756480685774,0 4.75309225997072,45.7756468082032,0 4.75309209132113,45.77564554982799,0 4.75309205418272,45.7756443794805,0 4.75309201418751,45.7756431191063,0 4.7530919741923,45.77564185873201,0 4.75309180554273,45.7756406003568,0 4.75309176840433,45.77563943000931,0 4.75309172840913,45.7756381696351,0 4.75309168841393,45.7756369092609,0 4.75309164841874,45.7756356488866,0 4.75309148262599,45.7756344805381,0 4.7530914426308,45.7756332201639,0 4.75309140263561,45.7756319597897,0 4.75309123684288,45.7756307914412,0 4.75309106819336,45.77562953306609,0 4.75309102819818,45.77562827269179,0 4.75309098820301,45.7756270123176,0 4.7530908224103,45.7756258439691,0 4.75309078241513,45.7756245835949,0 4.75309074241997,45.7756233232206,0 4.75309057662728,45.7756221548722,0 4.75309040797779,45.775620896497,0 4.75309023932832,45.7756196381218,0 4.75309020218997,45.77561846777431,0 4.7530900363973,45.77561729942591,0 4.75308999640216,45.77561603905171,0 4.75308983917989,45.7756151407834,0 4.75308968195763,45.77561424251509,0 4.75308952473537,45.7756133442469,0 4.75308949616742,45.77561244397959,0 4.75308933894517,45.7756115457113,0 4.75308905306863,45.7756106494421,0 4.75308889584639,45.7756097511739,0 4.75308873862416,45.77560885290559,0 4.75308858140193,45.7756079546374,0 4.75308842417971,45.7756070563691,0 4.75308839846858,45.7756062461285,0 4.75308824124636,45.7756053478603,0 4.75308808402416,45.775604449592,0 4.75308792680195,45.7756035513238,0 4.75308776957975,45.7756026530555,0 4.75308761235756,45.7756017547873,0 4.75308745513537,45.775600856519,0 4.75308729791319,45.7755999582508,0 4.75308714069101,45.7755990599825,0 4.75308698346884,45.7755981617142,0 4.75308682624667,45.775597263446,0 4.75308666902451,45.77559636517771,0 4.75308651180235,45.7755954669095,0 4.75308648323446,45.7755945666422,0 4.75308632601231,45.7755936683739,0 4.75308616879017,45.7755927701057,0 4.75308601156803,45.7755918718374,0 4.75308585434589,45.7755909735691,0 4.75308569712377,45.77559007530089,0 4.75308553704485,45.7755890870059,0 4.75308537982274,45.7755881887376,0 4.75308522260062,45.77558729046941,0 4.75308506537851,45.7755863922011,0 4.75308503681065,45.7755854919338,0 4.75308487958855,45.7755845936655,0 4.75308472236646,45.77558369539729,0 4.75308456514437,45.775582797129,0 4.75308440792228,45.7755818988608,0 4.75308450800866,45.7755809965944,0 4.75308435078658,45.77558009832611,0 4.75308406491029,45.77557920205691,0 4.75308390768822,45.7755783037887,0 4.75308375046616,45.77557740552039,0 4.75308372189832,45.7755765052531,0 4.75308356467627,45.77557560698489,0 4.75308340745422,45.7755747087166,0 4.75308325023218,45.7755738104483,0 4.75308322166435,45.775572910181,0 4.75308306444232,45.7755720119128,0 4.75308290722029,45.77557111364451,0 4.75308274999826,45.7755702153762,0 4.75308259277624,45.775569317108,0 4.75308243555423,45.7755684188397,0 4.75308227833222,45.7755675205714,0 4.75308212111022,45.7755666223032,0 4.75308209254241,45.7755657220359,0 4.75308193532042,45.7755648237676,0 4.75308177809843,45.7755639254994,0 4.75308162087644,45.7755630272311,0 4.75308159230865,45.7755621269638,0 4.75308143508667,45.7755612286955,0 4.7530812778647,45.7755603304273,0 4.75308112064273,45.775559432159,0 4.75308096342077,45.7755585338907,0 4.75308080619881,45.7755576356225,0 4.75308064897686,45.7755567373542,0 4.75308049175491,45.7755558390859,0 4.75308046318714,45.7755549388186,0 4.7530803059652,45.7755540405504,0 4.75308014874326,45.7755531422821,0 4.7530801201755,45.7755522420148,0 4.7530799600968,45.77555125371979,0 4.75307980287488,45.7755503554515,0 4.75307964565296,45.7755494571833,0 4.75307948843105,45.77554855891499,0 4.75307933120915,45.7755476606468,0 4.75307917398725,45.7755467623785,0 4.7530791454195,45.7755458621112,0 4.75307898819761,45.77554496384289,0 4.75307883097573,45.77554406557461,0 4.75307867375384,45.7755431673064,0 4.75307864518611,45.7755422670391,0 4.75307848796423,45.7755413687708,0 4.75307833074237,45.77554047050249,0 4.75307830217464,45.7755395702352,0 4.75307814495278,45.77553867196691,0 4.75307785907679,45.77553777569771,0 4.75307783050908,45.77553687543039,0 4.75307767328723,45.77553597716211,0 4.75305862827506,45.7754752949369,0 4.75262294784393,45.7754193742094,0 4.75261917078629,45.77543015134461,0 4.75249769501833,45.77578016312349,0 4.75249074123977,45.77580035699279,0 4.75268423385285,45.775837793258,0 4.75268811920349,45.77583854354061,0 4.7526920074104,45.7758393838499,0 4.75269576125024,45.7758400461041,0 4.75269964945737,45.7758408864131,0 4.75270354052079,45.7758418167486,0 4.75270730292949,45.7758427490827,0 4.75271106248213,45.7758435913899,0 4.75271482774728,45.7758446137505,0 4.75271859301256,45.77584563611089,0 4.75272235827798,45.7758466584712,0 4.75272599203247,45.7758475928033,0 4.75272976015438,45.7758487051901,0 4.75273340247781,45.7758499096022,0 4.75273704194516,45.7758510239874,0 4.75274081006753,45.77585213637389,0 4.75274432659279,45.775853432811,0 4.75274796891685,45.7758546372226,0 4.75275148544243,45.7758559336595,0 4.75275500196818,45.7758572300963,0 4.75275904453873,45.77585887864521,0 4.75276308710952,45.77586052719401,0 4.75276726119173,45.7758622637706,0 4.75277117225182,45.7758638242911,0 4.75277521767962,45.7758655628661,0 4.75277913445278,45.77586730343981,0 4.75278305122618,45.77586904401329,0 4.75278709379843,45.7758706925612,0 4.75279114208356,45.7758725211624,0 4.75279493020278,45.7758742637342,0 4.75279884697718,45.77587600430721,0 4.75280276660816,45.77587783490671,0 4.7528066862394,45.7758796655062,0 4.75281060872725,45.77588158613219,0 4.75281439684771,45.7758833287033,0 4.75281831933609,45.7758852493291,0 4.75282211031342,45.7758870819267,0 4.75282577549242,45.7758890065497,0 4.7528294378153,45.7758908411459,0 4.75283374626963,45.7758927557748,0 4.75283780027072,45.7758947644279,0 4.7528418514157,45.7758966830541,0 4.75284590256097,45.7758986016801,0 4.75284995656293,45.7759006103327,0 4.75285296133032,45.7759020047883,0 
							</coordinates>
						</LinearRing>
					</outerBoundaryIs>
				</Polygon>
			</MultiGeometry>
		</Placemark>
		<Placemark id="personne_morale.15282">
<styleUrl>#personne_morale</styleUrl>			<visibility>0</visibility>
			<ExtendedData>
				<SchemaData schemaUrl="#personne_morale">
					<SimpleData name="Numero de Parcelle">69044000AP0120</SimpleData>
					<SimpleData name="Departement">69</SimpleData>
					<SimpleData name="Commune">CHARBONNIERES-LES-BAINS</SimpleData>
					<SimpleData name="Adresse">LE CHAPOLY</SimpleData>
					<SimpleData name="Groupe de personne">Personnes morales non remarquables</SimpleData>
					<SimpleData name="Forme Juridique Abregee">AUPM</SimpleData>
					<SimpleData name="Denomination">ASS SYNDICALE LIBRE DES HAUTINIERES</SimpleData>
				</SchemaData>
			</ExtendedData>
	<Region>
		<LatLonAltBox>
			<north> 45.7753868037244 </north>
			<south> 45.7745310291667 </south>
			<east> 4.73342647100003 </east>
			<west> 4.73272183475164 </west>
		</LatLonAltBox>
		<Lod>
			<minLodPixels>100</minLodPixels>
			<maxLodPixels>-1</maxLodPixels>
		</Lod>
	</Region>
			<MultiGeometry>
				<Polygon><altitudeMode>relativeToGround</altitudeMode>
					<outerBoundaryIs>
						<LinearRing>
							<coordinates>								4.73272183475164,45.7745432369193,0 4.73336909186939,45.7753868037244,0 4.73342647100003,45.7753653860653,0 4.7327836209734,45.7745310291667,0 4.73272183475164,45.7745432369193,0 
							</coordinates>
						</LinearRing>
					</outerBoundaryIs>
				</Polygon>
			</MultiGeometry>
		</Placemark>
		<Placemark id="personne_morale.15576">
<styleUrl>#personne_morale</styleUrl>			<visibility>0</visibility>
			<ExtendedData>
				<SchemaData schemaUrl="#personne_morale">
					<SimpleData name="Numero de Parcelle">69044000AP0121</SimpleData>
					<SimpleData name="Departement">69</SimpleData>
					<SimpleData name="Commune">CHARBONNIERES-LES-BAINS</SimpleData>
					<SimpleData name="Adresse">LE CHAPOLY</SimpleData>
					<SimpleData name="Groupe de personne">Personnes morales non remarquables</SimpleData>
					<SimpleData name="Forme Juridique Abregee">AUPM</SimpleData>
					<SimpleData name="Denomination">ASS SYNDICALE LIBRE DES HAUTINIERES</SimpleData>
				</SchemaData>
			</ExtendedData>
	<Region>
		<LatLonAltBox>
			<north> 45.77567703882221 </north>
			<south> 45.7753653860653 </south>
			<east> 4.733645998447 </east>
			<west> 4.73336909186939 </west>
		</LatLonAltBox>
		<Lod>
			<minLodPixels>100</minLodPixels>
			<maxLodPixels>-1</maxLodPixels>
		</Lod>
	</Region>
			<MultiGeometry>
				<Polygon><altitudeMode>relativeToGround</altitudeMode>
					<outerBoundaryIs>
						<LinearRing>
							<coordinates>								4.73336909186939,45.7753868037244,0 4.73359006668334,45.77567703882221,0 4.733645998447,45.77565050926779,0 4.73342647100003,45.7753653860653,0 4.73336909186939,45.7753868037244,0 
							</coordinates>
						</LinearRing>
					</outerBoundaryIs>
				</Polygon>
			</MultiGeometry>
		</Placemark>
		<Placemark id="personne_morale.15590">
<styleUrl>#personne_morale</styleUrl>			<visibility>0</visibility>
			<ExtendedData>
				<SchemaData schemaUrl="#personne_morale">
					<SimpleData name="Numero de Parcelle">69044000AV0121</SimpleData>
					<SimpleData name="Departement">69</SimpleData>
					<SimpleData name="Commune">CHARBONNIERES-LES-BAINS</SimpleData>
					<SimpleData name="Adresse">2, CHE DES GDES BRUYERES</SimpleData>
					<SimpleData name="Groupe de personne">Personnes morales non remarquables</SimpleData>
					<SimpleData name="Forme Juridique Abregee">SC</SimpleData>
					<SimpleData name="Denomination">D G F A</SimpleData>
				</SchemaData>
			</ExtendedData>
	<Region>
		<LatLonAltBox>
			<north> 45.7835353272083 </north>
			<south> 45.7829827166932 </south>
			<east> 4.73316062550681 </east>
			<west> 4.73179772341779 </west>
		</LatLonAltBox>
		<Lod>
			<minLodPixels>100</minLodPixels>
			<maxLodPixels>-1</maxLodPixels>
		</Lod>
	</Region>
			<MultiGeometry>
				<Polygon><altitudeMode>relativeToGround</altitudeMode>
					<outerBoundaryIs>
						<LinearRing>
							<coordinates>								4.73186245867102,45.7829827166932,0 4.73184288257258,45.7829988695741,0 4.73179772341779,45.7830366717537,0 4.73190290744726,45.7830944139405,0 4.73200849510099,45.78309522520419,0 4.73209429998108,45.78314254626731,0 4.7321203543531,45.7832139326179,0 4.73215921635491,45.7832914273042,0 4.73221057085262,45.7833198218567,0 4.73225960100652,45.78329051679509,0 4.73252604197034,45.7833384870574,0 4.73281953705969,45.78339117527461,0 4.73285020936338,45.78345789695619,0 4.73279526375844,45.783507919293,0 4.73284593587784,45.78353506305439,0 4.73284633037093,45.7835353272083,0 4.73290127595689,45.7834853048465,0 4.73312833000792,45.78319287108431,0 4.73316062550681,45.78315130283089,0 4.73312101755503,45.78313623888751,0 4.73301379254883,45.783095552513,0 4.73295228824174,45.78317449826951,0 4.73298056043161,45.783185232833,0 4.73298123768795,45.7831863032796,0 4.73298178627165,45.7831873757023,0 4.73298246070361,45.78318835612151,0 4.73298300928736,45.7831894285442,0 4.7329836865438,45.7831904989908,0 4.73298423512758,45.7831915714134,0 4.73298478371139,45.78319264383611,0 4.73298533229522,45.7831937162588,0 4.73298588087907,45.7831947886815,0 4.73298642946294,45.7831958611041,0 4.73298684937415,45.7831969355029,0 4.73298740078249,45.7831980979529,0 4.73298794936643,45.7831991703755,0 4.73298836927769,45.78320024477429,0 4.73298878918896,45.78320131917321,0 4.73298921192469,45.7832024835992,0 4.7329897605087,45.7832035560219,0 4.73299018042003,45.7832046304207,0 4.7329904744831,45.7832057968229,0 4.73299089439446,45.78320687122169,0 4.73299131430584,45.7832079456205,0 4.73299160836895,45.7832091120227,0 4.73299202828036,45.7832101864215,0 4.7329923223435,45.7832113528237,0 4.73299261358221,45.78321242919859,0 4.7329930363181,45.7832135936247,0 4.73299332755684,45.7832146699996,0 4.73299362162003,45.78321583640181,0 4.73299378418606,45.78321691475291,0 4.73299407824927,45.7832180811551,0 4.73299436948806,45.7832191575301,0 4.73299453487855,45.7832203259084,0 4.7329948289418,45.78322149231061,0 4.73299499150787,45.78322257066169,0 4.73299515689839,45.78322373904,0 4.73299531946447,45.78322481739109,0 4.732995484855,45.7832259857695,0 4.73299565024554,45.7832271541478,0 4.73299581281164,45.78322823249891,0 4.73299597820219,45.78322940087731,0 4.73299601209554,45.7832304812045,0 4.73299617466166,45.7832315595556,0 4.73299621137946,45.7832327299101,0 4.73299624809725,45.7832339002646,0 4.73299628199061,45.7832349805918,0 4.73299631870841,45.7832361509464,0 4.73299635542622,45.7832373213008,0 4.73299638931958,45.78323840162809,0 4.73299642603739,45.7832395719826,0 4.73299633408241,45.7832407443132,0 4.73299636797577,45.7832418246405,0 4.73299627602078,45.7832429969711,0 4.73299618406579,45.7832441693018,0 4.73299608928635,45.78324525160519,0 4.73299599733136,45.7832464239359,0 4.73299590537635,45.78324759626651,0 4.7329958105969,45.7832486785699,0 4.73299571864189,45.7832498509006,0 4.73299562668688,45.78325102323131,0 4.7329954032346,45.7832521075108,0 4.73299518260676,45.7832532818176,0 4.73299508782729,45.783254364121,0 4.73299486719943,45.7832555384278,0 4.73299464374711,45.7832566227073,0 4.73299442311924,45.7832577970142,0 4.73299419966691,45.7832588812937,0 4.73299397903901,45.7832600556005,0 4.73299362691383,45.7832611418562,0 4.73299340628591,45.783262316163,0 4.7329930541607,45.7832634024187,0 4.73299283353276,45.7832645767255,0 4.73299248140752,45.7832656629812,0 4.73299212928227,45.7832667492369,0 4.73299177998145,45.7832679255199,0 4.73299142785617,45.7832690117755,0 4.73299107573088,45.7832700980312,0 4.73299072643001,45.7832712743142,0 4.73299024563183,45.783272362546,0 4.73298989350649,45.78327344880171,0 4.73298941270827,45.7832745370335,0 4.73298893191003,45.7832756252653,0 4.73298857978464,45.783276711521,0 4.73298809898637,45.7832777997528,0 4.73298761818808,45.7832788879846,0 4.73298713738976,45.78327997621649,0 4.73298652791855,45.7832810664244,0 4.73298604712019,45.78328215465621,0 4.73298556632182,45.783283242888,0 4.73298495685054,45.783284333096,0 4.7329235837895,45.7833633668886,0 4.73230617545404,45.7832526927012,0 4.73217734924236,45.7831881982264,0 4.73215128916271,45.7831166318345,0 4.73200524251301,45.7830284427275,0 4.73200484802755,45.7830281785707,0 4.73186245867102,45.7829827166932,0 
							</coordinates>
						</LinearRing>
					</outerBoundaryIs>
				</Polygon>
			</MultiGeometry>
		</Placemark>
		<Placemark id="personne_morale.15883">
<styleUrl>#personne_morale</styleUrl>			<visibility>0</visibility>
			<ExtendedData>
				<SchemaData schemaUrl="#personne_morale">
					<SimpleData name="Numero de Parcelle">69044000AP0122</SimpleData>
					<SimpleData name="Departement">69</SimpleData>
					<SimpleData name="Commune">CHARBONNIERES-LES-BAINS</SimpleData>
					<SimpleData name="Adresse">LE CHAPOLY</SimpleData>
					<SimpleData name="Groupe de personne">Personnes morales non remarquables</SimpleData>
					<SimpleData name="Forme Juridique Abregee">AUPM</SimpleData>
					<SimpleData name="Denomination">ASS SYNDICALE LIBRE DES HAUTINIERES</SimpleData>
				</SchemaData>
			</ExtendedData>
	<Region>
		<LatLonAltBox>
			<north> 45.7759482172365 </north>
			<south> 45.77565050926779 </south>
			<east> 4.73385210031674 </east>
			<west> 4.73359006668334 </west>
		</LatLonAltBox>
		<Lod>
			<minLodPixels>100</minLodPixels>
			<maxLodPixels>-1</maxLodPixels>
		</Lod>
	</Region>
			<MultiGeometry>
				<Polygon><altitudeMode>relativeToGround</altitudeMode>
					<outerBoundaryIs>
						<LinearRing>
							<coordinates>								4.73379680167032,45.7759482172365,0 4.73385210031674,45.7759179143447,0 4.7338189548572,45.7758748295176,0 4.733645998447,45.77565050926779,0 4.73359006668334,45.77567703882221,0 4.73379680167032,45.7759482172365,0 
							</coordinates>
						</LinearRing>
					</outerBoundaryIs>
				</Polygon>
			</MultiGeometry>
		</Placemark>
		<Placemark id="personne_morale.16458">
<styleUrl>#personne_morale</styleUrl>			<visibility>0</visibility>
			<ExtendedData>
				<SchemaData schemaUrl="#personne_morale">
					<SimpleData name="Numero de Parcelle">69044000AI0124</SimpleData>
					<SimpleData name="Departement">69</SimpleData>
					<SimpleData name="Commune">CHARBONNIERES-LES-BAINS</SimpleData>
					<SimpleData name="Adresse">3, AV DE LA VICTOIRE</SimpleData>
					<SimpleData name="Groupe de personne">Personnes morales non remarquables</SimpleData>
					<SimpleData name="Forme Juridique Abregee">SCI</SimpleData>
					<SimpleData name="Denomination">SCI NUCLEOLE</SimpleData>
				</SchemaData>
			</ExtendedData>
	<Region>
		<LatLonAltBox>
			<north> 45.7843502982105 </north>
			<south> 45.7839979734298 </south>
			<east> 4.73502864688129 </east>
			<west> 4.734516774697 </west>
		</LatLonAltBox>
		<Lod>
			<minLodPixels>100</minLodPixels>
			<maxLodPixels>-1</maxLodPixels>
		</Lod>
	</Region>
			<MultiGeometry>
				<Polygon><altitudeMode>relativeToGround</altitudeMode>
					<outerBoundaryIs>
						<LinearRing>
							<coordinates>								4.73477798920595,45.7839979734298,0 4.7347736863429,45.78400443459941,0 4.73476937782409,45.78401071571441,0 4.73476494062977,45.7840169988074,0 4.73476050908917,45.7840234619546,0 4.73475607189282,45.7840297450473,0 4.73475163469545,45.7840360281398,0 4.73474720032442,45.78404240125931,0 4.73474250577582,45.7840486883077,0 4.73473806574807,45.7840548813725,0 4.73473336837004,45.7840610783933,0 4.73472893399489,45.78406745151209,0 4.73472436528944,45.7840736465544,0 4.73471966790829,45.7840798435747,0 4.73471497618066,45.7840862206492,0 4.73471027879738,45.7840924176691,0 4.73470558141304,45.78409861468881,0 4.73470088685493,45.7841049017355,0 4.73469606079372,45.7841111007328,0 4.73469136057895,45.7841172077247,0 4.7346865401701,45.78412358677609,0 4.73460476138622,45.7842250925884,0 4.734516774697,45.78433389941539,0 4.73472146720925,45.7843502982105,0 4.73471539422148,45.78432499163411,0 4.73474357634857,45.7842139515749,0 4.73474604529793,45.7842023845703,0 4.73474790335554,45.78419596098649,0 4.73475003289936,45.78418998358259,0 4.7347532257704,45.7841850706802,0 4.73475684142135,45.7841813221972,0 4.73476010780287,45.7841787500025,0 4.73476719767531,45.7841749481086,0 4.73477469901799,45.7841719505248,0 4.7348213161869,45.7841560118991,0 4.73502864688129,45.7840842804224,0 4.73488727183498,45.7840343932189,0 4.73483884222351,45.78401721372181,0 4.73483813803602,45.7840193862448,0 4.73477798920595,45.7839979734298,0 
							</coordinates>
						</LinearRing>
					</outerBoundaryIs>
				</Polygon>
			</MultiGeometry>
		</Placemark>
		<Placemark id="personne_morale.16754">
<styleUrl>#personne_morale</styleUrl>			<visibility>0</visibility>
			<ExtendedData>
				<SchemaData schemaUrl="#personne_morale">
					<SimpleData name="Numero de Parcelle">69044000AI0125</SimpleData>
					<SimpleData name="Departement">69</SimpleData>
					<SimpleData name="Commune">CHARBONNIERES-LES-BAINS</SimpleData>
					<SimpleData name="Adresse">1, AV DE LA VICTOIRE</SimpleData>
					<SimpleData name="Groupe de personne">Personnes morales non remarquables</SimpleData>
					<SimpleData name="Forme Juridique Abregee">SAS</SimpleData>
					<SimpleData name="Denomination">IDF DEVELOPPEMENT</SimpleData>
				</SchemaData>
			</ExtendedData>
	<Region>
		<LatLonAltBox>
			<north> 45.78456895443531 </north>
			<south> 45.78433389941539 </south>
			<east> 4.73474376976998 </east>
			<west> 4.73438389210042 </west>
		</LatLonAltBox>
		<Lod>
			<minLodPixels>100</minLodPixels>
			<maxLodPixels>-1</maxLodPixels>
		</Lod>
	</Region>
			<MultiGeometry>
				<Polygon><altitudeMode>relativeToGround</altitudeMode>
					<outerBoundaryIs>
						<LinearRing>
							<coordinates>								4.734516774697,45.78433389941539,0 4.73451665167568,45.7843340814477,0 4.73438389210042,45.78448068549,0 4.73469447607873,45.78456895443531,0 4.73474376976998,45.7844414671791,0 4.73472146720925,45.7843502982105,0 4.734516774697,45.78433389941539,0 
							</coordinates>
						</LinearRing>
					</outerBoundaryIs>
				</Polygon>
			</MultiGeometry>
		</Placemark>
		<Placemark id="personne_morale.16828">
<styleUrl>#personne_morale</styleUrl>			<visibility>0</visibility>
			<ExtendedData>
				<SchemaData schemaUrl="#personne_morale">
					<SimpleData name="Numero de Parcelle">69044000AT0125</SimpleData>
					<SimpleData name="Departement">69</SimpleData>
					<SimpleData name="Commune">CHARBONNIERES-LES-BAINS</SimpleData>
					<SimpleData name="Adresse">GDES BRUYERES</SimpleData>
					<SimpleData name="Groupe de personne">Personnes morales non remarquables</SimpleData>
					<SimpleData name="Forme Juridique Abregee">AUPM</SimpleData>
					<SimpleData name="Denomination">ASS SYNDICALE LIBRE DES HAUTINIERES</SimpleData>
				</SchemaData>
			</ExtendedData>
	<Region>
		<LatLonAltBox>
			<north> 45.7791314114133 </north>
			<south> 45.77893862233429 </south>
			<east> 4.7316731083012 </east>
			<west> 4.73141032533025 </west>
		</LatLonAltBox>
		<Lod>
			<minLodPixels>100</minLodPixels>
			<maxLodPixels>-1</maxLodPixels>
		</Lod>
	</Region>
			<MultiGeometry>
				<Polygon><altitudeMode>relativeToGround</altitudeMode>
					<outerBoundaryIs>
						<LinearRing>
							<coordinates>								4.73141032533025,45.7790557316662,0 4.73164349369484,45.77912294892711,0 4.7316731083012,45.7791314114133,0 4.73166384685526,45.77893862233429,0 4.73159686264533,45.7789453247924,0 4.73155265456614,45.7789517677526,0 4.73157122237655,45.7790266917485,0 4.73151339005567,45.77903379412901,0 4.73149641538527,45.7789645201238,0 4.7314943878187,45.7789655420151,0 4.73148791912985,45.7789686136119,0 4.73148184771604,45.7789720393943,0 4.73147604209254,45.7789757313093,0 4.73147062810052,45.7789795973555,0 4.73141032533025,45.7790557316662,0 
							</coordinates>
						</LinearRing>
					</outerBoundaryIs>
				</Polygon>
			</MultiGeometry>
		</Placemark>
		<Placemark id="personne_morale.17089">
<styleUrl>#personne_morale</styleUrl>			<visibility>0</visibility>
			<ExtendedData>
				<SchemaData schemaUrl="#personne_morale">
					<SimpleData name="Numero de Parcelle">69044000AN0126</SimpleData>
					<SimpleData name="Departement">69</SimpleData>
					<SimpleData name="Commune">CHARBONNIERES-LES-BAINS</SimpleData>
					<SimpleData name="Adresse">20, RUE BENOIT BENNIER</SimpleData>
					<SimpleData name="Groupe de personne">Personnes morales non remarquables</SimpleData>
					<SimpleData name="Forme Juridique Abregee">SNC</SimpleData>
					<SimpleData name="Denomination">COMPAGNIE DE CHARBONNIERES</SimpleData>
				</SchemaData>
			</ExtendedData>
	<Region>
		<LatLonAltBox>
			<north> 45.7767249400706 </north>
			<south> 45.77641631256689 </south>
			<east> 4.74861969991849 </east>
			<west> 4.74797872539365 </west>
		</LatLonAltBox>
		<Lod>
			<minLodPixels>100</minLodPixels>
			<maxLodPixels>-1</maxLodPixels>
		</Lod>
	</Region>
			<MultiGeometry>
				<Polygon><altitudeMode>relativeToGround</altitudeMode>
					<outerBoundaryIs>
						<LinearRing>
							<coordinates>								4.74802554714046,45.7767249400706,0 4.74815493664601,45.77669321193011,0 4.7483678465102,45.7766405539518,0 4.74849031664849,45.7766098333539,0 4.74861969991849,45.7765779246269,0 4.74857132676478,45.77648112741559,0 4.74838881062328,45.77641631256689,0 4.748195107371,45.7764291318311,0 4.74820037771081,45.7764695821195,0 4.74797872539365,45.7765225553754,0 4.74802554714046,45.7767249400706,0 
							</coordinates>
						</LinearRing>
					</outerBoundaryIs>
				</Polygon>
			</MultiGeometry>
		</Placemark>
		<Placemark id="personne_morale.17124">
<styleUrl>#personne_morale</styleUrl>			<visibility>0</visibility>
			<ExtendedData>
				<SchemaData schemaUrl="#personne_morale">
					<SimpleData name="Numero de Parcelle">69044000AT0126</SimpleData>
					<SimpleData name="Departement">69</SimpleData>
					<SimpleData name="Commune">CHARBONNIERES-LES-BAINS</SimpleData>
					<SimpleData name="Adresse">GDES BRUYERES</SimpleData>
					<SimpleData name="Groupe de personne">Personnes morales non remarquables</SimpleData>
					<SimpleData name="Forme Juridique Abregee">AUPM</SimpleData>
					<SimpleData name="Denomination">ASS SYNDICALE LIBRE DES HAUTINIERES</SimpleData>
				</SchemaData>
			</ExtendedData>
	<Region>
		<LatLonAltBox>
			<north> 45.77903379412901 </north>
			<south> 45.7789517677526 </south>
			<east> 4.73157122237655 </east>
			<west> 4.73149641538527 </west>
		</LatLonAltBox>
		<Lod>
			<minLodPixels>100</minLodPixels>
			<maxLodPixels>-1</maxLodPixels>
		</Lod>
	</Region>
			<MultiGeometry>
				<Polygon><altitudeMode>relativeToGround</altitudeMode>
					<outerBoundaryIs>
						<LinearRing>
							<coordinates>								4.73149641538527,45.7789645201238,0 4.73151339005567,45.77903379412901,0 4.73157122237655,45.7790266917485,0 4.73155265456614,45.7789517677526,0 4.73154507474523,45.7789522443574,0 4.73153738319245,45.7789532630999,0 4.73152969728305,45.7789544618965,0 4.73152227998635,45.7789560168528,0 4.73151500263936,45.7789579299433,0 4.73150786524194,45.778960201168,0 4.73150086215041,45.77896265047239,0 4.73149641538527,45.7789645201238,0 
							</coordinates>
						</LinearRing>
					</outerBoundaryIs>
				</Polygon>
			</MultiGeometry>
		</Placemark>
		<Placemark id="personne_morale.17367">
<styleUrl>#personne_morale</styleUrl>			<visibility>0</visibility>
			<ExtendedData>
				<SchemaData schemaUrl="#personne_morale">
					<SimpleData name="Numero de Parcelle">69044000AL0127</SimpleData>
					<SimpleData name="Departement">69</SimpleData>
					<SimpleData name="Commune">CHARBONNIERES-LES-BAINS</SimpleData>
					<SimpleData name="Adresse">12, CHE DU SIROUX</SimpleData>
					<SimpleData name="Groupe de personne">Personnes morales non remarquables</SimpleData>
					<SimpleData name="Forme Juridique Abregee">SARL</SimpleData>
					<SimpleData name="Denomination">NOOVEL-R</SimpleData>
				</SchemaData>
			</ExtendedData>
	<Region>
		<LatLonAltBox>
			<north> 45.7810225404059 </north>
			<south> 45.7807867061601 </south>
			<east> 4.7534100024308 </east>
			<west> 4.75304163429282 </west>
		</LatLonAltBox>
		<Lod>
			<minLodPixels>100</minLodPixels>
			<maxLodPixels>-1</maxLodPixels>
		</Lod>
	</Region>
			<MultiGeometry>
				<Polygon><altitudeMode>relativeToGround</altitudeMode>
					<outerBoundaryIs>
						<LinearRing>
							<coordinates>								4.75305854525799,45.7809974672327,0 4.7534100024308,45.7810225404059,0 4.75338282103615,45.7807867061601,0 4.7530656124634,45.7808023534082,0 4.75304163429282,45.780821550813,0 4.75305854525799,45.7809974672327,0 
							</coordinates>
						</LinearRing>
					</outerBoundaryIs>
				</Polygon>
			</MultiGeometry>
		</Placemark>
		<Placemark id="personne_morale.17649">
<styleUrl>#personne_morale</styleUrl>			<visibility>0</visibility>
			<ExtendedData>
				<SchemaData schemaUrl="#personne_morale">
					<SimpleData name="Numero de Parcelle">69044000AI0128</SimpleData>
					<SimpleData name="Departement">69</SimpleData>
					<SimpleData name="Commune">CHARBONNIERES-LES-BAINS</SimpleData>
					<SimpleData name="Adresse">8, AV GEN DE GAULLE</SimpleData>
					<SimpleData name="Groupe de personne">Personnes morales non remarquables</SimpleData>
					<SimpleData name="Forme Juridique Abregee">SCI</SimpleData>
					<SimpleData name="Denomination">SCCV ATHENA</SimpleData>
				</SchemaData>
			</ExtendedData>
	<Region>
		<LatLonAltBox>
			<north> 45.7847689322642 </north>
			<south> 45.7845650692299 </south>
			<east> 4.73545829851776 </east>
			<west> 4.73531301124317 </west>
		</LatLonAltBox>
		<Lod>
			<minLodPixels>100</minLodPixels>
			<maxLodPixels>-1</maxLodPixels>
		</Lod>
	</Region>
			<MultiGeometry>
				<Polygon><altitudeMode>relativeToGround</altitudeMode>
					<outerBoundaryIs>
						<LinearRing>
							<coordinates>								4.73531301124317,45.78473535230551,0 4.73538441248425,45.78475839321881,0 4.73541950297072,45.7847689322642,0 4.73545829851776,45.784573692804,0 4.7353455105999,45.7845650692299,0 4.73531301124317,45.78473535230551,0 
							</coordinates>
						</LinearRing>
					</outerBoundaryIs>
				</Polygon>
			</MultiGeometry>
		</Placemark>
		<Placemark id="personne_morale.17676">
<styleUrl>#personne_morale</styleUrl>			<visibility>0</visibility>
			<ExtendedData>
				<SchemaData schemaUrl="#personne_morale">
					<SimpleData name="Numero de Parcelle">69044000AN0128</SimpleData>
					<SimpleData name="Departement">69</SimpleData>
					<SimpleData name="Commune">CHARBONNIERES-LES-BAINS</SimpleData>
					<SimpleData name="Adresse">12, IMP DES LILAS</SimpleData>
					<SimpleData name="Groupe de personne">Personnes morales non remarquables</SimpleData>
					<SimpleData name="Forme Juridique Abregee">SAS</SimpleData>
					<SimpleData name="Denomination">FONCIA LYON OUEST</SimpleData>
				</SchemaData>
			</ExtendedData>
	<Region>
		<LatLonAltBox>
			<north> 45.7750266684746 </north>
			<south> 45.7741591107348 </south>
			<east> 4.75045814485372 </east>
			<west> 4.74829688623212 </west>
		</LatLonAltBox>
		<Lod>
			<minLodPixels>100</minLodPixels>
			<maxLodPixels>-1</maxLodPixels>
		</Lod>
	</Region>
			<MultiGeometry>
				<Polygon><altitudeMode>relativeToGround</altitudeMode>
					<outerBoundaryIs>
						<LinearRing>
							<coordinates>								4.74829969378318,45.77451953727881,0 4.74829688623212,45.77452030135269,0 4.74871547329157,45.7747400724943,0 4.74887716820015,45.7749198698811,0 4.74893692673631,45.7750266684746,0 4.74903888672081,45.775014999933,0 4.74950126154063,45.7749589224528,0 4.74971593079223,45.7749336161237,0 4.74989289854681,45.774912767198,0 4.75005665771338,45.77489347394491,0 4.75002592986568,45.7745695146926,0 4.7500790818203,45.7745855335049,0 4.75025382720072,45.774636775303,0 4.75045814485372,45.7743823072333,0 4.75036689937045,45.7743461632671,0 4.75030721451425,45.7744123907373,0 4.75001517935469,45.77429514492329,0 4.75004979295502,45.7742501129214,0 4.75005156302424,45.77424504148651,0 4.75005211819668,45.77423818747589,0 4.75005113208498,45.77423550064101,0 4.75004991148515,45.77423353801171,0 4.75004722439042,45.77422997685149,0 4.75004616666322,45.7742290925483,0 4.7500411666994,45.7742256573354,0 4.749875411951,45.7741656289672,0 4.74987425124006,45.77416555689901,0 4.74986482834723,45.7741647122676,0 4.74985555406589,45.77416449582779,0 4.74984515329096,45.7741652876403,0 4.74983491253238,45.7741670677514,0 4.74982827115141,45.7741687019651,0 4.7498168180171,45.77417284272499,0 4.74980731460689,45.7741775837416,0 4.74979886891737,45.774183209063,0 4.74979448588588,45.7741870600247,0 4.74978813853027,45.7741939137957,0 4.74978751808541,45.7741946439867,0 4.74975280097315,45.7742445413464,0 4.74969695986541,45.77422081798369,0 4.7496626427607,45.77420612818329,0 4.74968735477197,45.7741776427795,0 4.74968853864036,45.77417438186251,0 4.74968882480229,45.77417122493861,0 4.74968822751383,45.7741686221418,0 4.74968633231013,45.7741656791896,0 4.74968446846954,45.77416372653219,0 4.74968222437826,45.774161959914,0 4.74968039190076,45.7741609975516,0 4.74967752451263,45.7741598710968,0 4.74967428257613,45.7741591107348,0 4.7496290908217,45.77420340595331,0 4.74954135962921,45.7742334991077,0 4.74953091001148,45.7742368136371,0 4.74951545439787,45.7742405660774,0 4.74948862864512,45.7742470168181,0 4.749374266853,45.7742734695937,0 4.74829969378318,45.77451953727881,0 
							</coordinates>
						</LinearRing>
					</outerBoundaryIs>
				</Polygon>
			</MultiGeometry>
		</Placemark>
		<Placemark id="personne_morale.17965">
<styleUrl>#personne_morale</styleUrl>			<visibility>0</visibility>
			<ExtendedData>
				<SchemaData schemaUrl="#personne_morale">
					<SimpleData name="Numero de Parcelle">69044000AI0129</SimpleData>
					<SimpleData name="Departement">69</SimpleData>
					<SimpleData name="Commune">CHARBONNIERES-LES-BAINS</SimpleData>
					<SimpleData name="Adresse">8, AV GEN DE GAULLE</SimpleData>
					<SimpleData name="Groupe de personne">Personnes morales non remarquables</SimpleData>
					<SimpleData name="Forme Juridique Abregee">SCI</SimpleData>
					<SimpleData name="Denomination">SCCV ATHENA</SimpleData>
				</SchemaData>
			</ExtendedData>
	<Region>
		<LatLonAltBox>
			<north> 45.7848188730753 </north>
			<south> 45.7845624519996 </south>
			<east> 4.73568155126051 </east>
			<west> 4.73541950297072 </west>
		</LatLonAltBox>
		<Lod>
			<minLodPixels>100</minLodPixels>
			<maxLodPixels>-1</maxLodPixels>
		</Lod>
	</Region>
			<MultiGeometry>
				<Polygon><altitudeMode>relativeToGround</altitudeMode>
					<outerBoundaryIs>
						<LinearRing>
							<coordinates>								4.73541950297072,45.7847689322642,0 4.73559834500311,45.7848188730753,0 4.73568155126051,45.7845948483891,0 4.73565215231029,45.7845892658442,0 4.73554497220736,45.7845624519996,0 4.73554153484734,45.7845800686566,0 4.73545829851776,45.784573692804,0 4.73541950297072,45.7847689322642,0 
							</coordinates>
						</LinearRing>
					</outerBoundaryIs>
				</Polygon>
			</MultiGeometry>
		</Placemark>
		<Placemark id="personne_morale.18019">
<styleUrl>#personne_morale</styleUrl>			<visibility>0</visibility>
			<ExtendedData>
				<SchemaData schemaUrl="#personne_morale">
					<SimpleData name="Numero de Parcelle">69044000AR0129</SimpleData>
					<SimpleData name="Departement">69</SimpleData>
					<SimpleData name="Commune">CHARBONNIERES-LES-BAINS</SimpleData>
					<SimpleData name="Adresse">20, CHE VERT</SimpleData>
					<SimpleData name="Groupe de personne">Personnes morales non remarquables</SimpleData>
					<SimpleData name="Forme Juridique Abregee">SCI</SimpleData>
					<SimpleData name="Denomination">FLOCHA</SimpleData>
				</SchemaData>
			</ExtendedData>
	<Region>
		<LatLonAltBox>
			<north> 45.7761779783488 </north>
			<south> 45.7756565553711 </south>
			<east> 4.74115336926846 </east>
			<west> 4.74053182372124 </west>
		</LatLonAltBox>
		<Lod>
			<minLodPixels>100</minLodPixels>
			<maxLodPixels>-1</maxLodPixels>
		</Lod>
	</Region>
			<MultiGeometry>
				<Polygon><altitudeMode>relativeToGround</altitudeMode>
					<outerBoundaryIs>
						<LinearRing>
							<coordinates>								4.74079921862422,45.7761779783488,0 4.74115336926846,45.7758608685184,0 4.740776560374,45.7756713193448,0 4.74074687631483,45.7756565553711,0 4.74057957373345,45.7756697648797,0 4.74062614681942,45.77595502118591,0 4.74053182372124,45.7760416833119,0 4.74079921862422,45.7761779783488,0 
							</coordinates>
						</LinearRing>
					</outerBoundaryIs>
				</Polygon>
			</MultiGeometry>
		</Placemark>
		<Placemark id="personne_morale.18031">
<styleUrl>#personne_morale</styleUrl>			<visibility>0</visibility>
			<ExtendedData>
				<SchemaData schemaUrl="#personne_morale">
					<SimpleData name="Numero de Parcelle">69044000AV0129</SimpleData>
					<SimpleData name="Departement">69</SimpleData>
					<SimpleData name="Commune">CHARBONNIERES-LES-BAINS</SimpleData>
					<SimpleData name="Adresse">2, CHE DES GDES BRUYERES</SimpleData>
					<SimpleData name="Groupe de personne">Personnes morales non remarquables</SimpleData>
					<SimpleData name="Forme Juridique Abregee">SC</SimpleData>
					<SimpleData name="Denomination">D G F A</SimpleData>
				</SchemaData>
			</ExtendedData>
	<Region>
		<LatLonAltBox>
			<north> 45.7831633073722 </north>
			<south> 45.7829392491371 </south>
			<east> 4.73371642899915 </east>
			<west> 4.73312101755503 </west>
		</LatLonAltBox>
		<Lod>
			<minLodPixels>100</minLodPixels>
			<maxLodPixels>-1</maxLodPixels>
		</Lod>
	</Region>
			<MultiGeometry>
				<Polygon><altitudeMode>relativeToGround</altitudeMode>
					<outerBoundaryIs>
						<LinearRing>
							<coordinates>								4.73327382354287,45.7829392491371,0 4.73312101755503,45.78313623888751,0 4.73316062550681,45.78315130283089,0 4.73329017325856,45.7829843936053,0 4.73369254742311,45.7831633073722,0 4.73371642899915,45.78313258663489,0 4.73327382354287,45.7829392491371,0 
							</coordinates>
						</LinearRing>
					</outerBoundaryIs>
				</Polygon>
			</MultiGeometry>
		</Placemark>
		<Placemark id="personne_morale.18347">
<styleUrl>#personne_morale</styleUrl>			<visibility>0</visibility>
			<ExtendedData>
				<SchemaData schemaUrl="#personne_morale">
					<SimpleData name="Numero de Parcelle">69044000AX0013</SimpleData>
					<SimpleData name="Departement">69</SimpleData>
					<SimpleData name="Commune">CHARBONNIERES-LES-BAINS</SimpleData>
					<SimpleData name="Adresse">LE BUCLAY</SimpleData>
					<SimpleData name="Groupe de personne">Personnes morales non remarquables</SimpleData>
					<SimpleData name="Forme Juridique Abregee">AUPM</SimpleData>
					<SimpleData name="Denomination">ASSOCIATION SYNDICALE LES VERRIERES</SimpleData>
				</SchemaData>
			</ExtendedData>
	<Region>
		<LatLonAltBox>
			<north> 45.7884830053759 </north>
			<south> 45.7868973455219 </south>
			<east> 4.74461879726848 </east>
			<west> 4.74194677893097 </west>
		</LatLonAltBox>
		<Lod>
			<minLodPixels>100</minLodPixels>
			<maxLodPixels>-1</maxLodPixels>
		</Lod>
	</Region>
			<MultiGeometry>
				<Polygon><altitudeMode>relativeToGround</altitudeMode>
					<outerBoundaryIs>
						<LinearRing>
							<coordinates>								4.74338524796458,45.7877561141616,0 4.74330535944067,45.78772546320889,0 4.74290365753273,45.7875658474776,0 4.74289054497368,45.7875583038964,0 4.74287654016319,45.7875510443069,0 4.74286421390985,45.7875439389334,0 4.74285084115577,45.78753630929539,0 4.74284426783862,45.7875319973397,0 4.74283227650841,45.7875232655139,0 4.74282213502701,45.7875160363235,0 4.74273993377887,45.7874447086475,0 4.74270590236086,45.7874147902286,0 4.74257998182092,45.7873002730549,0 4.74249287601173,45.7872203741381,0 4.74245930847106,45.7871888272104,0 4.74240099592058,45.7871360453295,0 4.74238363881049,45.78712046084819,0 4.74233493615083,45.78708662558761,0 4.74225261064667,45.7870398888505,0 4.74224317237022,45.78703454024279,0 4.7421817598697,45.78700999830421,0 4.74215692335201,45.7870021852852,0 4.74213584415209,45.7869951248936,0 4.7421077962968,45.7869875415822,0 4.74208271947399,45.7869802726823,0 4.74205760381409,45.786967690194,0 4.74202756694141,45.7869419432483,0 4.74201525502372,45.7869230382783,0 4.74201042750416,45.7869128447188,0 4.74200868457942,45.78690656666189,0 4.74200504642381,45.7868973455219,0 4.74194677893097,45.78707865695969,0 4.74197662531599,45.7870616231958,0 4.74200553501786,45.7870516294126,0 4.74201066807492,45.7870510998202,0 4.74203464255554,45.7870519907202,0 4.74204536285842,45.7870530862223,0 4.74205701800405,45.7870552481429,0 4.74207892416086,45.7870599539401,0 4.74210359793831,45.7870666886382,0 4.74212715902163,45.78707488164281,0 4.74214499565969,45.7870811814572,0 4.74216116796207,45.7870877771758,0 4.74217981929092,45.7870954154709,0 4.74219918218362,45.7871052044789,0 4.74222258248372,45.7871164623568,0 4.74224617110897,45.78712960881131,0 4.74226558230119,45.7871409282679,0 4.74228329508295,45.7871514633054,0 4.74230420414262,45.7871653716858,0 4.74232128684207,45.7871804199905,0 4.74252533964374,45.7873720026167,0 4.74269372333254,45.787522522972,0 4.74269949484405,45.7875993544001,0 4.74278185479263,45.78765122434099,0 4.74278039899019,45.7875846844203,0 4.74283237709276,45.787616217142,0 4.74288673573495,45.7876415882525,0 4.74299428817951,45.7876839717934,0 4.74313430900447,45.7877393643512,0 4.74318450541651,45.7877593052884,0 4.74340748298167,45.7878487238522,0 4.74353307630311,45.7879119948469,0 4.74403134082069,45.7881775707635,0 4.74428984069629,45.78831543724921,0 4.7442944725838,45.7883194188484,0 4.74430009339851,45.7883261773613,0 4.74430453331131,45.7883322335593,0 4.74430677990642,45.7883381435169,0 4.74430831484523,45.7883419027717,0 4.74430837739437,45.7883438833658,0 4.74430564510721,45.7883511312745,0 4.74429720583205,45.7883692759089,0 4.74428834428208,45.7883822029544,0 4.74427915712483,45.788392973329,0 4.74445065949757,45.7884830053759,0 4.74456450374216,45.7883780241881,0 4.74461879726848,45.78832791603091,0 4.74438236538211,45.7881998871881,0 4.74435044300531,45.7882327160969,0 4.74432436131516,45.7882425766948,0 4.74425601975363,45.7882066138691,0 4.74419540140516,45.7881746748983,0 4.74412443800744,45.7881372213123,0 4.74382269502897,45.78797534325859,0 4.74353523035604,45.7878211700679,0 4.74344286182162,45.7877785524515,0 4.74338524796458,45.7877561141616,0 
							</coordinates>
						</LinearRing>
					</outerBoundaryIs>
				</Polygon>
			</MultiGeometry>
		</Placemark>
		<Placemark id="personne_morale.18499">
<styleUrl>#personne_morale</styleUrl>			<visibility>0</visibility>
			<ExtendedData>
				<SchemaData schemaUrl="#personne_morale">
					<SimpleData name="Numero de Parcelle">69044000AH0130</SimpleData>
					<SimpleData name="Departement">69</SimpleData>
					<SimpleData name="Commune">CHARBONNIERES-LES-BAINS</SimpleData>
					<SimpleData name="Adresse">9, BD BEAU SITE</SimpleData>
					<SimpleData name="Groupe de personne">Personnes morales non remarquables</SimpleData>
					<SimpleData name="Forme Juridique Abregee">SCI</SimpleData>
					<SimpleData name="Denomination">DURANTRIX</SimpleData>
				</SchemaData>
			</ExtendedData>
	<Region>
		<LatLonAltBox>
			<north> 45.7842347388888 </north>
			<south> 45.7841363795068 </south>
			<east> 4.74291154142418 </east>
			<west> 4.7427180894418 </west>
		</LatLonAltBox>
		<Lod>
			<minLodPixels>100</minLodPixels>
			<maxLodPixels>-1</maxLodPixels>
		</Lod>
	</Region>
			<MultiGeometry>
				<Polygon><altitudeMode>relativeToGround</altitudeMode>
					<outerBoundaryIs>
						<LinearRing>
							<coordinates>								4.7427180894418,45.7842347388888,0 4.74271834679131,45.7842347349143,0 4.74289712171217,45.7842048624521,0 4.74290189971917,45.7842053290788,0 4.74291154142418,45.7841518581842,0 4.74273571291612,45.7841363795068,0 4.7427180894418,45.7842347388888,0 
							</coordinates>
						</LinearRing>
					</outerBoundaryIs>
				</Polygon>
			</MultiGeometry>
		</Placemark>
		<Placemark id="personne_morale.18520">
<styleUrl>#personne_morale</styleUrl>			<visibility>0</visibility>
			<ExtendedData>
				<SchemaData schemaUrl="#personne_morale">
					<SimpleData name="Numero de Parcelle">69044000AL0130</SimpleData>
					<SimpleData name="Departement">69</SimpleData>
					<SimpleData name="Commune">CHARBONNIERES-LES-BAINS</SimpleData>
					<SimpleData name="Adresse">LES FLACHERES</SimpleData>
					<SimpleData name="Groupe de personne">Personnes morales non remarquables</SimpleData>
					<SimpleData name="Forme Juridique Abregee">ASS</SimpleData>
					<SimpleData name="Denomination">ASSOCIATION SYNDICALE LIBRE DU LOTISSEMENT SIS A CHARBONNIER</SimpleData>
				</SchemaData>
			</ExtendedData>
	<Region>
		<LatLonAltBox>
			<north> 45.7809974672327 </north>
			<south> 45.7807233415467 </south>
			<east> 4.75305854525799 </east>
			<west> 4.75296074283436 </west>
		</LatLonAltBox>
		<Lod>
			<minLodPixels>100</minLodPixels>
			<maxLodPixels>-1</maxLodPixels>
		</Lod>
	</Region>
			<MultiGeometry>
				<Polygon><altitudeMode>relativeToGround</altitudeMode>
					<outerBoundaryIs>
						<LinearRing>
							<coordinates>								4.75296074283436,45.7807267016363,0 4.75298797022329,45.78099243885909,0 4.75305854525799,45.7809974672327,0 4.75304163429282,45.780821550813,0 4.7530320811591,45.7807233415467,0 4.75296074283436,45.7807267016363,0 
							</coordinates>
						</LinearRing>
					</outerBoundaryIs>
				</Polygon>
			</MultiGeometry>
		</Placemark>
		<Placemark id="personne_morale.18566">
<styleUrl>#personne_morale</styleUrl>			<visibility>0</visibility>
			<ExtendedData>
				<SchemaData schemaUrl="#personne_morale">
					<SimpleData name="Numero de Parcelle">69044000AV0130</SimpleData>
					<SimpleData name="Departement">69</SimpleData>
					<SimpleData name="Commune">CHARBONNIERES-LES-BAINS</SimpleData>
					<SimpleData name="Adresse">2, CHE DES GDES BRUYERES</SimpleData>
					<SimpleData name="Groupe de personne">Personnes morales non remarquables</SimpleData>
					<SimpleData name="Forme Juridique Abregee">SC</SimpleData>
					<SimpleData name="Denomination">D G F A</SimpleData>
				</SchemaData>
			</ExtendedData>
	<Region>
		<LatLonAltBox>
			<north> 45.7833025171236 </north>
			<south> 45.78313258663489 </south>
			<east> 4.73405448677774 </east>
			<west> 4.73369254742311 </west>
		</LatLonAltBox>
		<Lod>
			<minLodPixels>100</minLodPixels>
			<maxLodPixels>-1</maxLodPixels>
		</Lod>
	</Region>
			<MultiGeometry>
				<Polygon><altitudeMode>relativeToGround</altitudeMode>
					<outerBoundaryIs>
						<LinearRing>
							<coordinates>								4.73371642899915,45.78313258663489,0 4.73369254742311,45.7831633073722,0 4.73381892511098,45.7832194611938,0 4.73384019981053,45.7832246286109,0 4.73389376967527,45.7832415493944,0 4.73403510339246,45.7833025171236,0 4.73405448677774,45.7832802420097,0 4.73371642899915,45.78313258663489,0 
							</coordinates>
						</LinearRing>
					</outerBoundaryIs>
				</Polygon>
			</MultiGeometry>
		</Placemark>
		<Placemark id="personne_morale.18804">
<styleUrl>#personne_morale</styleUrl>			<visibility>0</visibility>
			<ExtendedData>
				<SchemaData schemaUrl="#personne_morale">
					<SimpleData name="Numero de Parcelle">69044000AI0131</SimpleData>
					<SimpleData name="Departement">69</SimpleData>
					<SimpleData name="Commune">CHARBONNIERES-LES-BAINS</SimpleData>
					<SimpleData name="Adresse">12, AV GEN DE GAULLE</SimpleData>
					<SimpleData name="Groupe de personne">Personnes morales non remarquables</SimpleData>
					<SimpleData name="Forme Juridique Abregee">SA</SimpleData>
					<SimpleData name="Denomination">COGESTRIM</SimpleData>
				</SchemaData>
			</ExtendedData>
	<Region>
		<LatLonAltBox>
			<north> 45.7844290152764 </north>
			<south> 45.7841691145451 </south>
			<east> 4.7357123891219 </east>
			<west> 4.73477328539013 </west>
		</LatLonAltBox>
		<Lod>
			<minLodPixels>100</minLodPixels>
			<maxLodPixels>-1</maxLodPixels>
		</Lod>
	</Region>
			<MultiGeometry>
				<Polygon><altitudeMode>relativeToGround</altitudeMode>
					<outerBoundaryIs>
						<LinearRing>
							<coordinates>								4.73490643665744,45.7841691145451,0 4.73481693954852,45.78420111453351,0 4.73480580559064,45.7842073204415,0 4.7347999162031,45.7842124549423,0 4.73479611954364,45.7842186381183,0 4.73479434209963,45.7842235292618,0 4.73477328539013,45.78431959812841,0 4.73477941489562,45.7843549016805,0 4.73482587938491,45.78435869088511,0 4.73531453744454,45.78439873458791,0 4.73556506296206,45.78441929084061,0 4.73559255852209,45.78442166013621,0 4.73568239103313,45.7844290152764,0 4.73571228307823,45.78426183458609,0 4.7357123891219,45.7842611123892,0 4.73555802982991,45.7842487150055,0 4.73548304334258,45.7842426626462,0 4.73548822969993,45.7842028616963,0 4.73490643665744,45.7841691145451,0 
							</coordinates>
						</LinearRing>
					</outerBoundaryIs>
				</Polygon>
			</MultiGeometry>
		</Placemark>
		<Placemark id="personne_morale.18811">
<styleUrl>#personne_morale</styleUrl>			<visibility>0</visibility>
			<ExtendedData>
				<SchemaData schemaUrl="#personne_morale">
					<SimpleData name="Numero de Parcelle">69044000AK0131</SimpleData>
					<SimpleData name="Departement">69</SimpleData>
					<SimpleData name="Commune">CHARBONNIERES-LES-BAINS</SimpleData>
					<SimpleData name="Adresse">69, AV DENIS DELORME</SimpleData>
					<SimpleData name="Groupe de personne">Personnes morales non remarquables</SimpleData>
					<SimpleData name="Forme Juridique Abregee">SNC</SimpleData>
					<SimpleData name="Denomination">LECRIN</SimpleData>
				</SchemaData>
			</ExtendedData>
	<Region>
		<LatLonAltBox>
			<north> 45.7792788674231 </north>
			<south> 45.7792251670314 </south>
			<east> 4.74474654526136 </east>
			<west> 4.74457074109717 </west>
		</LatLonAltBox>
		<Lod>
			<minLodPixels>100</minLodPixels>
			<maxLodPixels>-1</maxLodPixels>
		</Lod>
	</Region>
			<MultiGeometry>
				<Polygon><altitudeMode>relativeToGround</altitudeMode>
					<outerBoundaryIs>
						<LinearRing>
							<coordinates>								4.74469331924093,45.7792788674231,0 4.74474654526136,45.779248230912,0 4.74474099071328,45.7792435430442,0 4.74473150163553,45.7792406273639,0 4.7447103106214,45.77923401958,0 4.74466802171956,45.7792278280926,0 4.74461876440229,45.7792251670314,0 4.74457074109717,45.7792289719751,0 4.74457504952559,45.7792308869197,0 4.74469331924093,45.7792788674231,0 
							</coordinates>
						</LinearRing>
					</outerBoundaryIs>
				</Polygon>
			</MultiGeometry>
		</Placemark>
		<Placemark id="personne_morale.18836">
<styleUrl>#personne_morale</styleUrl>			<visibility>0</visibility>
			<ExtendedData>
				<SchemaData schemaUrl="#personne_morale">
					<SimpleData name="Numero de Parcelle">69044000AN0131</SimpleData>
					<SimpleData name="Departement">69</SimpleData>
					<SimpleData name="Commune">CHARBONNIERES-LES-BAINS</SimpleData>
					<SimpleData name="Adresse">12, IMP DES LILAS</SimpleData>
					<SimpleData name="Groupe de personne">Personnes morales non remarquables</SimpleData>
					<SimpleData name="Forme Juridique Abregee">SAS</SimpleData>
					<SimpleData name="Denomination">FONCIA LYON OUEST</SimpleData>
				</SchemaData>
			</ExtendedData>
	<Region>
		<LatLonAltBox>
			<north> 45.77494598501821 </north>
			<south> 45.7748366285873 </south>
			<east> 4.75113995716809 </east>
			<west> 4.75092668721 </west>
		</LatLonAltBox>
		<Lod>
			<minLodPixels>100</minLodPixels>
			<maxLodPixels>-1</maxLodPixels>
		</Lod>
	</Region>
			<MultiGeometry>
				<Polygon><altitudeMode>relativeToGround</altitudeMode>
					<outerBoundaryIs>
						<LinearRing>
							<coordinates>								4.75092668721,45.77488249706749,0 4.75109577285828,45.77494598501821,0 4.75113995716809,45.7749105318033,0 4.75100203378774,45.7748515141959,0 4.75096294723927,45.7748366285873,0 4.75092668721,45.77488249706749,0 
							</coordinates>
						</LinearRing>
					</outerBoundaryIs>
				</Polygon>
			</MultiGeometry>
		</Placemark>
		<Placemark id="personne_morale.19072">
<styleUrl>#personne_morale</styleUrl>			<visibility>0</visibility>
			<ExtendedData>
				<SchemaData schemaUrl="#personne_morale">
					<SimpleData name="Numero de Parcelle">69044000AH0132</SimpleData>
					<SimpleData name="Departement">69</SimpleData>
					<SimpleData name="Commune">CHARBONNIERES-LES-BAINS</SimpleData>
					<SimpleData name="Adresse">9, BD BEAU SITE</SimpleData>
					<SimpleData name="Groupe de personne">Personnes morales non remarquables</SimpleData>
					<SimpleData name="Forme Juridique Abregee">SCI</SimpleData>
					<SimpleData name="Denomination">DURANTRIX</SimpleData>
				</SchemaData>
			</ExtendedData>
	<Region>
		<LatLonAltBox>
			<north> 45.78455342965499 </north>
			<south> 45.7840766914267 </south>
			<east> 4.74361462963577 </east>
			<west> 4.74290189971917 </west>
		</LatLonAltBox>
		<Lod>
			<minLodPixels>100</minLodPixels>
			<maxLodPixels>-1</maxLodPixels>
		</Lod>
	</Region>
			<MultiGeometry>
				<Polygon><altitudeMode>relativeToGround</altitudeMode>
					<outerBoundaryIs>
						<LinearRing>
							<coordinates>								4.74290189971917,45.7842053290788,0 4.74300117439751,45.7842140637689,0 4.74316318957421,45.7842283142902,0 4.74319185142068,45.7845287083569,0 4.74357974741876,45.78455342965499,0 4.74361462963577,45.7841454098326,0 4.74331046257903,45.7841099377419,0 4.74318202605185,45.78409498857601,0 4.74302541926327,45.7840766914267,0 4.74301081884877,45.78416068289279,0 4.74291154142418,45.7841518581842,0 4.74290189971917,45.7842053290788,0 
							</coordinates>
						</LinearRing>
					</outerBoundaryIs>
				</Polygon>
			</MultiGeometry>
		</Placemark>
		<Placemark id="personne_morale.19108">
<styleUrl>#personne_morale</styleUrl>			<visibility>0</visibility>
			<ExtendedData>
				<SchemaData schemaUrl="#personne_morale">
					<SimpleData name="Numero de Parcelle">69044000AN0132</SimpleData>
					<SimpleData name="Departement">69</SimpleData>
					<SimpleData name="Commune">CHARBONNIERES-LES-BAINS</SimpleData>
					<SimpleData name="Adresse">4, CHE DE L ALOUETTE</SimpleData>
					<SimpleData name="Groupe de personne">Personnes morales non remarquables</SimpleData>
					<SimpleData name="Forme Juridique Abregee">SCI</SimpleData>
					<SimpleData name="Denomination">A B 2J M</SimpleData>
				</SchemaData>
			</ExtendedData>
	<Region>
		<LatLonAltBox>
			<north> 45.7719253185995 </north>
			<south> 45.77168225500889 </south>
			<east> 4.75200098973121 </east>
			<west> 4.75158435583477 </west>
		</LatLonAltBox>
		<Lod>
			<minLodPixels>100</minLodPixels>
			<maxLodPixels>-1</maxLodPixels>
		</Lod>
	</Region>
			<MultiGeometry>
				<Polygon><altitudeMode>relativeToGround</altitudeMode>
					<outerBoundaryIs>
						<LinearRing>
							<coordinates>								4.75169047794133,45.771703561853,0 4.75158435583477,45.7718395055133,0 4.75159230025617,45.7718424445845,0 4.75181798052443,45.7719253185995,0 4.75200098973121,45.77190860573771,0 4.75197670305988,45.77174343226019,0 4.75192572515363,45.77168225500889,0 4.75169047794133,45.771703561853,0 
							</coordinates>
						</LinearRing>
					</outerBoundaryIs>
				</Polygon>
			</MultiGeometry>
		</Placemark>
		<Placemark id="personne_morale.19136">
<styleUrl>#personne_morale</styleUrl>			<visibility>0</visibility>
			<ExtendedData>
				<SchemaData schemaUrl="#personne_morale">
					<SimpleData name="Numero de Parcelle">69044000AV0132</SimpleData>
					<SimpleData name="Departement">69</SimpleData>
					<SimpleData name="Commune">CHARBONNIERES-LES-BAINS</SimpleData>
					<SimpleData name="Adresse">2, CHE DES GDES BRUYERES</SimpleData>
					<SimpleData name="Groupe de personne">Personnes morales non remarquables</SimpleData>
					<SimpleData name="Forme Juridique Abregee">SC</SimpleData>
					<SimpleData name="Denomination">D G F A</SimpleData>
				</SchemaData>
			</ExtendedData>
	<Region>
		<LatLonAltBox>
			<north> 45.7831651687047 </north>
			<south> 45.7830366717537 </south>
			<east> 4.73190290744726 </east>
			<west> 4.73177677139925 </west>
		</LatLonAltBox>
		<Lod>
			<minLodPixels>100</minLodPixels>
			<maxLodPixels>-1</maxLodPixels>
		</Lod>
	</Region>
			<MultiGeometry>
				<Polygon><altitudeMode>relativeToGround</altitudeMode>
					<outerBoundaryIs>
						<LinearRing>
							<coordinates>								4.73181166455012,45.7831651687047,0 4.73190290744726,45.7830944139405,0 4.73179772341779,45.7830366717537,0 4.73177677139925,45.783054106728,0 4.73181166455012,45.7831651687047,0 
							</coordinates>
						</LinearRing>
					</outerBoundaryIs>
				</Polygon>
			</MultiGeometry>
		</Placemark>
		<Placemark id="personne_morale.19391">
<styleUrl>#personne_morale</styleUrl>			<visibility>0</visibility>
			<ExtendedData>
				<SchemaData schemaUrl="#personne_morale">
					<SimpleData name="Numero de Parcelle">69044000AM0133</SimpleData>
					<SimpleData name="Departement">69</SimpleData>
					<SimpleData name="Commune">CHARBONNIERES-LES-BAINS</SimpleData>
					<SimpleData name="Adresse">171, RTE DE PARIS</SimpleData>
					<SimpleData name="Groupe de personne">Personnes morales non remarquables</SimpleData>
					<SimpleData name="Forme Juridique Abregee">SCI</SimpleData>
					<SimpleData name="Denomination">LE CHENEROND</SimpleData>
				</SchemaData>
			</ExtendedData>
	<Region>
		<LatLonAltBox>
			<north> 45.7696859713386 </north>
			<south> 45.7693438409223 </south>
			<east> 4.75822733377347 </east>
			<west> 4.75757139384818 </west>
		</LatLonAltBox>
		<Lod>
			<minLodPixels>100</minLodPixels>
			<maxLodPixels>-1</maxLodPixels>
		</Lod>
	</Region>
			<MultiGeometry>
				<Polygon><altitudeMode>relativeToGround</altitudeMode>
					<outerBoundaryIs>
						<LinearRing>
							<coordinates>								4.75757139384818,45.7695376657604,0 4.75772437864415,45.7696859713386,0 4.75822733377347,45.76947096985459,0 4.75820285875917,45.769441988089,0 4.75820128929891,45.7694412019085,0 4.75800715155261,45.7693505533698,0 4.75795815941843,45.7693438409223,0 4.75757139384818,45.7695376657604,0 
							</coordinates>
						</LinearRing>
					</outerBoundaryIs>
				</Polygon>
			</MultiGeometry>
		</Placemark>
		<Placemark id="personne_morale.19614">
<styleUrl>#personne_morale</styleUrl>			<visibility>0</visibility>
			<ExtendedData>
				<SchemaData schemaUrl="#personne_morale">
					<SimpleData name="Numero de Parcelle">69044000AA0134</SimpleData>
					<SimpleData name="Departement">69</SimpleData>
					<SimpleData name="Commune">CHARBONNIERES-LES-BAINS</SimpleData>
					<SimpleData name="Adresse">LE BEAUDY</SimpleData>
					<SimpleData name="Groupe de personne">Personnes morales non remarquables</SimpleData>
					<SimpleData name="Forme Juridique Abregee">SARL</SimpleData>
					<SimpleData name="Denomination">CHALETS DU DAUPHINE</SimpleData>
				</SchemaData>
			</ExtendedData>
	<Region>
		<LatLonAltBox>
			<north> 45.7887613601371 </north>
			<south> 45.7880400410088 </south>
			<east> 4.75084100084084 </east>
			<west> 4.75039913401889 </west>
		</LatLonAltBox>
		<Lod>
			<minLodPixels>100</minLodPixels>
			<maxLodPixels>-1</maxLodPixels>
		</Lod>
	</Region>
			<MultiGeometry>
				<Polygon><altitudeMode>relativeToGround</altitudeMode>
					<outerBoundaryIs>
						<LinearRing>
							<coordinates>								4.75084100084084,45.78804708598909,0 4.75081322574565,45.7880400410088,0 4.75074204897018,45.788264071272,0 4.75073039880238,45.7883067655768,0 4.75071193868408,45.7883661386123,0 4.75068486985038,45.78844230835059,0 4.75068440076992,45.7884437567654,0 4.75067684982279,45.7884654909728,0 4.75067046301218,45.7884833340622,0 4.75066323560681,45.7884990284848,0 4.7506494330442,45.78852662422321,0 4.75063285390264,45.7885519211835,0 4.75061674382928,45.78857576972689,0 4.75060139186389,45.788595102952,0 4.75058026591501,45.7886191193697,0 4.75055655769289,45.7886429056265,0 4.75053374767671,45.788662534674,0 4.7505055927997,45.7886841381179,0 4.75047372601129,45.7887064296291,0 4.75044370958283,45.7887261704387,0 4.7504193413012,45.7887413200771,0 4.75039913401889,45.7887537030367,0 4.75042229387811,45.7887613601371,0 4.75058964365622,45.7886468959433,0 4.75059077043161,45.78864588768211,0 4.750591774229,45.7886450614707,0 4.75059277802637,45.7886442352593,0 4.75059365313896,45.7886434110442,0 4.75059465408286,45.78864249480589,0 4.7505955291954,45.7886416705907,0 4.75059627276977,45.7886407583449,0 4.75059714502885,45.78863984410291,0 4.75059788860317,45.7886389318571,0 4.75059863217746,45.7886380196112,0 4.75059937575173,45.7886371073654,0 4.75060011647256,45.7886361050927,0 4.75060085719337,45.78863510282,0 4.75060147208285,45.7886341925704,0 4.75060208126547,45.7886331022671,0 4.75060269330149,45.78863210199059,0 4.7506769928726,45.7885065611816,0 4.75067759349174,45.7885052007973,0 4.75067844862614,45.7885037463936,0 4.75067917222255,45.7885022039593,0 4.75068002450332,45.7885006595287,0 4.75068075095319,45.7884992071213,0 4.75068147454947,45.788497664687,0 4.75068206946132,45.788496124249,0 4.75068266437314,45.7884945838111,0 4.75068338796931,45.78849304137669,0 4.75068398288106,45.7884915009388,0 4.75068457779278,45.7884899605008,0 4.75068517270446,45.7884884200628,0 4.75068576476256,45.7884867895979,0 4.75068623098981,45.7884852511562,0 4.75068669721703,45.7884837127146,0 4.75068728927504,45.78848208224969,0 4.75072688003474,45.7883704103731,0 4.75076107054284,45.78827521520349,0 4.75078659186399,45.7882030325823,0 4.75084100084084,45.78804708598909,0 
							</coordinates>
						</LinearRing>
					</outerBoundaryIs>
				</Polygon>
			</MultiGeometry>
		</Placemark>
		<Placemark id="personne_morale.19993">
<styleUrl>#personne_morale</styleUrl>			<visibility>0</visibility>
			<ExtendedData>
				<SchemaData schemaUrl="#personne_morale">
					<SimpleData name="Numero de Parcelle">69044000AM0135</SimpleData>
					<SimpleData name="Departement">69</SimpleData>
					<SimpleData name="Commune">CHARBONNIERES-LES-BAINS</SimpleData>
					<SimpleData name="Adresse">171, RTE DE PARIS</SimpleData>
					<SimpleData name="Groupe de personne">Personnes morales non remarquables</SimpleData>
					<SimpleData name="Forme Juridique Abregee">SCI</SimpleData>
					<SimpleData name="Denomination">SCI DE LA MONTEE DES PERES</SimpleData>
				</SchemaData>
			</ExtendedData>
	<Region>
		<LatLonAltBox>
			<north> 45.77023333246681 </north>
			<south> 45.7697543776475 </south>
			<east> 4.75760789068609 </east>
			<west> 4.75694393035412 </west>
		</LatLonAltBox>
		<Lod>
			<minLodPixels>100</minLodPixels>
			<maxLodPixels>-1</maxLodPixels>
		</Lod>
	</Region>
			<MultiGeometry>
				<Polygon><altitudeMode>relativeToGround</altitudeMode>
					<outerBoundaryIs>
						<LinearRing>
							<coordinates>								4.75716364764945,45.77023333246681,0 4.75732529417656,45.7701440759946,0 4.75760789068609,45.76998907447491,0 4.75728977056461,45.7698405489724,0 4.75720131282185,45.7697543776475,0 4.75702269905953,45.7698645245202,0 4.75698680368026,45.7698892226554,0 4.75694393035412,45.76991709187429,0 4.75694568284378,45.7699195865744,0 4.75716364764945,45.77023333246681,0 
							</coordinates>
						</LinearRing>
					</outerBoundaryIs>
				</Polygon>
			</MultiGeometry>
		</Placemark>
		<Placemark id="personne_morale.20011">
<styleUrl>#personne_morale</styleUrl>			<visibility>0</visibility>
			<ExtendedData>
				<SchemaData schemaUrl="#personne_morale">
					<SimpleData name="Numero de Parcelle">69044000AR0135</SimpleData>
					<SimpleData name="Departement">69</SimpleData>
					<SimpleData name="Commune">CHARBONNIERES-LES-BAINS</SimpleData>
					<SimpleData name="Adresse">20, CHE VERT</SimpleData>
					<SimpleData name="Groupe de personne">Personnes morales non remarquables</SimpleData>
					<SimpleData name="Forme Juridique Abregee">AUPM</SimpleData>
				</SchemaData>
			</ExtendedData>
	<Region>
		<LatLonAltBox>
			<north> 45.7757330515096 </north>
			<south> 45.7753232721328 </south>
			<east> 4.7408042101515 </east>
			<west> 4.73950708369826 </west>
		</LatLonAltBox>
		<Lod>
			<minLodPixels>100</minLodPixels>
			<maxLodPixels>-1</maxLodPixels>
		</Lod>
	</Region>
			<MultiGeometry>
				<Polygon><altitudeMode>relativeToGround</altitudeMode>
					<outerBoundaryIs>
						<LinearRing>
							<coordinates>								4.73991017688586,45.7757330515096,0 4.73991683966034,45.775727994867,0 4.7399627546219,45.7757186399879,0 4.74057957373345,45.7756697648797,0 4.74074687631483,45.7756565553711,0 4.740776560374,45.7756713193448,0 4.7408042101515,45.7756460331875,0 4.74079269328524,45.7756032471075,0 4.74058130564292,45.775626684316,0 4.74057795494563,45.7756265558667,0 4.74057473290314,45.7756264254324,0 4.74057151086067,45.7756262949982,0 4.74056815732703,45.7756260765215,0 4.74056505543022,45.77562567402111,0 4.74056182487866,45.77562527350539,0 4.74055859432715,45.7756248729895,0 4.74055536093932,45.77562438244659,0 4.74055212471517,45.77562380187649,0 4.74054901714587,45.7756232193215,0 4.74054590390392,45.7756224567124,0 4.74054279066206,45.7756216941032,0 4.74053955160185,45.7756210235057,0 4.74053656134225,45.7756200788574,0 4.74053344526431,45.7756192262209,0 4.74053058082334,45.7756181895607,0 4.74052759056404,45.77561724491219,0 4.74052472328696,45.7756161182248,0 4.74052185601,45.77561499153741,0 4.74051898589684,45.77561377482279,0 4.74051624443857,45.7756125561234,0 4.74051362879886,45.77561124541219,0 4.74051075584978,45.7756099386703,0 4.74050813737403,45.77560853793191,0 4.74050564471687,45.7756070451817,0 4.74050315205984,45.7756055524314,0 4.74050065656667,45.775603969654,0 4.74049828972837,45.7756023848919,0 4.74049592572648,45.7756008901568,0 4.7404936847069,45.77559921338279,0 4.74049144085119,45.7755974465817,0 4.74048932565035,45.7755956777959,0 4.74048733910435,45.7755939070253,0 4.74048534972222,45.77559204622771,0 4.74048336034023,45.77559018543,0 4.74048149961307,45.7755883226476,0 4.74047976470449,45.77558636785341,0 4.74047802979602,45.7755844130592,0 4.74047642070613,45.7755823662533,0 4.74047481161636,45.7755803194473,0 4.74046727653797,45.77549639962779,0 4.74046736548532,45.7754951372645,0 4.74046745443268,45.77549387490111,0 4.74046766919828,45.775492520526,0 4.7404678868001,45.775491256178,0 4.74046810440191,45.7754899918299,0 4.74046845065818,45.77548872549719,0 4.74046866825997,45.7754874611492,0 4.74046901451621,45.7754861948165,0 4.7404694894269,45.7754849264991,0 4.74046996717379,45.7754837482088,0 4.74047044208443,45.7754824798914,0 4.74047104848573,45.7754812996164,0 4.74047165205078,45.7754800293143,0 4.74047225845203,45.7754788490393,0 4.74047299350769,45.7754776667796,0 4.74047347125445,45.7754764884892,0 4.7404743349645,45.77547530424491,0 4.74047507002007,45.77547412198509,0 4.74047593656629,45.77547302776781,0 4.74047680027623,45.77547184352339,0 4.7404777954768,45.77547074732131,0 4.74047879067733,45.77546965111931,0 4.74047978587782,45.7754685549172,0 4.74048078391452,45.77546754874221,0 4.74048164762427,45.7754663644978,0 4.74048277431531,45.775465356338,0 4.74048402966072,45.77546434619359,0 4.74048515918792,45.77546342806091,0 4.74048641453325,45.7754624179164,0 4.74048767271478,45.775461497799,0 4.74048893089627,45.77546057768159,0 4.74049018907771,45.77545965756411,0 4.74049157591352,45.775458735462,0 4.74049296558554,45.7754579033869,0 4.74049435525752,45.7754570713117,0 4.7404956134388,45.7754561511942,0 4.74049713460135,45.7754554071614,0 4.74049852710948,45.7754546651132,0 4.74050004827196,45.77545392108029,0 4.74050156943439,45.7754531770474,0 4.74043782614404,45.7753950739313,0 4.74039159182914,45.7754024523776,0 4.74040947486007,45.77553701250581,0 4.74041047754295,45.7755402395874,0 4.74041122291674,45.77554347063819,0 4.74041183963602,45.77554670367359,0 4.74041219904613,45.7755499406782,0 4.74041255845629,45.7755531776828,0 4.74041253190261,45.7755564206412,0 4.74041237669428,45.7755596655843,0 4.74041209283129,45.775562912512,0 4.74041155165896,45.7755661634089,0 4.74041088183191,45.7755694162903,0 4.74041008051398,45.7755725811294,0 4.74040902472274,45.7755758399647,0 4.74040783744056,45.7755790107575,0 4.74040651866743,45.77558209350779,0 4.74040481393006,45.775585182212,0 4.74040310635637,45.7755881808891,0 4.74040114147308,45.7755911835353,0 4.74039917375346,45.7755940961545,0 4.74039681723334,45.7755969247003,0 4.74039446354909,45.77559984327319,0 4.74039197270154,45.7756024937494,0 4.74038922454426,45.77560514819469,0 4.74038634489586,45.7756077145975,0 4.74038333092026,45.7756101029307,0 4.74038031978049,45.77561258129091,0 4.74037704565874,45.77561488356601,0 4.74037364004588,45.7756170977986,0 4.74037010294189,45.7756192239885,0 4.74036643434679,45.7756212621358,0 4.74036276575141,45.775623300283,0 4.74035883133801,45.7756250723181,0 4.74035489408832,45.7756267543259,0 4.74035082818359,45.77562843831821,0 4.74034662795174,45.77562994424071,0 4.74034242488363,45.775631360136,0 4.74033808748846,45.7756325979616,0 4.7403338759119,45.7756337437754,0 4.74032940418952,45.7756348035311,0 4.74032492679498,45.7756356832325,0 4.74032044940029,45.7756365629337,0 4.74005166539367,45.7756562908597,0 4.74004830902472,45.7756559823406,0 4.74004482116539,45.7756555857784,0 4.74004146763206,45.7756553672861,0 4.74003810559216,45.7756548787125,0 4.74003474638784,45.77565448016589,0 4.74003138434805,45.7756539915921,0 4.74002802230832,45.7756535030182,0 4.74002466310417,45.7756531044713,0 4.74002129822905,45.7756525258701,0 4.740017933354,45.7756519472689,0 4.74001456847902,45.7756513686675,0 4.74001133509446,45.775650878109,0 4.74000796738413,45.7756502094804,0 4.74000472832875,45.77564953886749,0 4.74000148643797,45.77564877822751,0 4.73999811589242,45.77564801957149,0 4.73999487683728,45.7756473489584,0 4.73999150629191,45.7756465903022,0 4.73998826156604,45.7756457396348,0 4.73998514833056,45.7756449770102,0 4.73998190360488,45.77564412634249,0 4.73997865887929,45.7756432756748,0 4.73997553997323,45.7756423329958,0 4.73997242106727,45.7756413903167,0 4.73996930216141,45.77564044763751,0 4.73996618325567,45.7756395049583,0 4.73996306151462,45.7756384722519,0 4.73995993977368,45.7756374395454,0 4.73995668937803,45.7756364088229,0 4.73995369345677,45.7756352841051,0 4.73995070037102,45.7756342494143,0 4.73994757579517,45.7756331266804,0 4.7399445770389,45.7756319119353,0 4.73994170693757,45.775630695206,0 4.73993871101693,45.7756295704878,0 4.73993571226104,45.7756283557424,0 4.73993283932473,45.7756270489859,0 4.73992983773375,45.77562574421329,0 4.73992696479772,45.77562443745661,0 4.73992409186183,45.7756231306998,0 4.73992172787459,45.7756216359526,0 4.739919229562,45.7756199631353,0 4.73991699139449,45.775618376377,0 4.73991475039177,45.7756166995914,0 4.73991225207962,45.775615026774,0 4.7399098824224,45.7756133519724,0 4.73990764425542,45.7756117652139,0 4.73990540041794,45.7756099984011,0 4.73990315941592,45.7756083216154,0 4.73990091557872,45.77560655480259,0 4.73989854308691,45.77560478997371,0 4.73989642790476,45.77560302117681,0 4.73989431272275,45.77560125237981,0 4.73989220037616,45.7755995736098,0 4.73989008235913,45.7755977147857,0 4.73988783852278,45.7755959479726,0 4.73988584916077,45.77559408716441,0 4.73988385979889,45.77559222635621,0 4.73988174178242,45.7755903675319,0 4.73987988107554,45.7755885047396,0 4.73987789454933,45.7755867339583,0 4.739875773698,45.7755847851068,0 4.73987391299151,45.7755829223144,0 4.73987204944988,45.7755809694949,0 4.73987018590839,45.77557901667539,0 4.73986845102173,45.7755770618718,0 4.7398664588258,45.7755751110362,0 4.73986472393939,45.7755731562325,0 4.7398629890531,45.77557120142891,0 4.73986125416693,45.7755692466252,0 4.73985951644566,45.7755672017944,0 4.73985778155974,45.7755652469907,0 4.73985617249338,45.77556320017591,0 4.73985456342714,45.7755611533611,0 4.73985295436102,45.77555910654629,0 4.73985134529502,45.7755570597314,0 4.73984973339391,45.7755549228895,0 4.73984825581801,45.77555296411769,0 4.739846775407,45.7755509153188,0 4.73984529216089,45.7755487764928,0 4.73984346371414,45.7755438507957,0 4.73984163810292,45.7755390151256,0 4.73983955518282,45.77553418342351,0 4.73983747226309,45.7755293517212,0 4.73983526352434,45.77552461203,0 4.73983280314722,45.7755200563607,0 4.73983033710014,45.7755153206373,0 4.73982761657957,45.7755106789088,0 4.73982489605946,45.7755060371802,0 4.73982191823076,45.7755013994194,0 4.73981894323773,45.7754968516856,0 4.73981571377134,45.7754923979466,0 4.73981248430548,45.7754879442075,0 4.73980912618565,45.7754834924523,0 4.73980551359257,45.77547913469191,0 4.7398019038352,45.7754748669584,0 4.7397981625888,45.77547051118169,0 4.7397942983588,45.7754663374428,0 4.73979030263983,45.7754620756607,0 4.73978618677239,45.7754580859435,0 4.73978193941602,45.775454008183,0 4.73977756340588,45.7754499324062,0 4.73977319590166,45.77544612671049,0 4.73976843959979,45.7754422369391,0 4.73976381195297,45.7754383451837,0 4.73975918997693,45.7754346334822,0 4.73975418203844,45.7754309277321,0 4.73974917693566,45.7754273120088,0 4.73974417466858,45.7754237863124,0 4.7397389179285,45.7754203546105,0 4.73973366118908,45.7754169229084,0 4.73972840728532,45.7754135812331,0 4.73972277025425,45.7754103355361,0 4.73971726187816,45.77540708785499,0 4.7397117591727,45.7754040202277,0 4.73970587050496,45.7754009585516,0 4.73970011332713,45.7753979849185,0 4.73969423316556,45.775395193323,0 4.73968835300458,45.7753924017272,0 4.7396822183706,45.7753897041257,0 4.73967872486084,45.7753891274981,0 4.73967523135115,45.7753885508704,0 4.73967186366088,45.7753878822318,0 4.73966849313577,45.77538712356599,0 4.73966524843011,45.77538627288919,0 4.73966199805473,45.77538524215831,0 4.73965874767948,45.7753842114272,0 4.7396556259586,45.7753831787123,0 4.73965250140294,45.7753820559703,0 4.73964937117764,45.775380753174,0 4.73964636677186,45.7753793583668,0 4.73964349102047,45.7753779615759,0 4.73964060959949,45.77537638473069,0 4.73963785966776,45.7753748959287,0 4.7396352327207,45.7753732250889,0 4.73963273442802,45.7753715522653,0 4.73963010181156,45.7753697013712,0 4.73962772650372,45.7753678465095,0 4.73962547985025,45.77536598966421,0 4.73962323036209,45.7753640427917,0 4.73962123818251,45.77536209195181,0 4.73961911167919,45.7753599630414,0 4.73961724248442,45.7753578301636,0 4.73961550194399,45.775355695302,0 4.73961388722306,45.7753534684296,0 4.73961240115644,45.77535123957351,0 4.73961078360094,45.775348922674,0 4.73960955484291,45.7753466898505,0 4.7396084490695,45.77534427498919,0 4.73960734613101,45.7753419501549,0 4.73960636901195,45.7753395333098,0 4.73960564920127,45.7753371124974,0 4.73960492655585,45.7753346016578,0 4.73960446405357,45.775332176878,0 4.73960399871653,45.7753296620711,0 4.73960366486846,45.7753272353076,0 4.73960358549385,45.7753247145496,0 4.73960366879105,45.7753232721328,0 4.73950708369826,45.77539942998759,0 4.73950823875227,45.7753993221083,0 4.73951235852441,45.7753993486609,0 4.73951648113122,45.7753994652403,0 4.73952060373805,45.77539958181961,0 4.73952472634489,45.7753996983987,0 4.73952885178644,45.77539990500479,0 4.73953298006272,45.7754002016378,0 4.73953697968475,45.7754005002542,0 4.73954110796112,45.7754007968869,0 4.73954524190696,45.7754012735736,0 4.73954924719858,45.7754017522437,0 4.73955325249026,45.7754022309137,0 4.73955738927105,45.7754027976271,0 4.73956152888667,45.77540345436729,0 4.73956553984809,45.775404113091,0 4.73956942215529,45.7754047737982,0 4.73957343878642,45.7754056125758,0 4.73957732676336,45.7754064533369,0 4.73958134339473,45.77540729211421,0 4.73958523420669,45.7754082229021,0 4.73958899636446,45.7754091556735,0 4.73959289001147,45.77541017648819,0 4.73959665500431,45.7754111992864,0 4.73960055148642,45.775412310128,0 4.73960432214917,45.7754135129801,0 4.7396080956469,45.7754148058591,0 4.73961186347516,45.7754159186839,0 4.73961551115373,45.7754173035735,0 4.73961915883249,45.775418688463,0 4.73962267785709,45.7754200753361,0 4.73962619688186,45.775421462209,0 4.73962984739601,45.7754229371252,0 4.73963337209087,45.7754245040521,0 4.73963676813158,45.7754260729626,0 4.73964016700735,45.7754277319,0 4.73964356304844,45.7754293008103,0 4.73964683610513,45.7754310517584,0 4.73965010916203,45.7754328027063,0 4.73965365937214,45.7754351798762,0 4.73965720674766,45.7754374670189,0 4.73966075695838,45.77543984418849,0 4.73966418134992,45.77544231336891,0 4.73966773439617,45.7754447805654,0 4.73967115595341,45.7754471597185,0 4.7396744545264,45.7754497209093,0 4.73967775309969,45.77545228210009,0 4.7396811803277,45.775454841307,0 4.73968447890161,45.7754574024976,0 4.73968764598644,45.7754598756448,0 4.73969081874147,45.77546252884599,0 4.73969412015125,45.7754651800634,0 4.73969716425244,45.7754678352483,0 4.7397002111889,45.7754705804601,0 4.73970325529069,45.7754732356448,0 4.73970630222775,45.7754759808565,0 4.73970922051064,45.7754787280519,0 4.73971213879382,45.77548147524719,0 4.73971518856677,45.77548431048579,0 4.73971797819605,45.7754870596648,0 4.73972077066061,45.7754898988708,0 4.73972343447095,45.77549274006049,0 4.7397262297711,45.7754956692934,0 4.739728893582,45.7754985104831,0 4.73973142873865,45.7755013536564,0 4.73973396673059,45.7755042868569,0 4.73973663621238,45.7755073081004,0 4.73973917136983,45.77551015127359,0 4.73974158354307,45.7755131764848,0 4.73974399571658,45.7755162016959,0 4.7397464050553,45.77551913687981,0 4.73974868857476,45.7755221640747,0 4.73975110074905,45.7755251892856,0 4.73975325844949,45.7755283084913,0 4.73975541331511,45.7755313376699,0 4.73975744236143,45.7755344588593,0 4.7397597287172,45.775537576081,0 4.739761757764,45.7755406972704,0 4.7397636581564,45.7755438204436,0 4.73976552452802,45.7755458632919,0 4.7397671364256,45.7755480001351,0 4.73976861966867,45.7755501389621,0 4.73976997425721,45.775552279773,0 4.7397712030263,45.7755545125948,0 4.73977243463058,45.77555683544361,0 4.73977340609056,45.7755590722331,0 4.73977425173104,45.7755614010336,0 4.73977496871693,45.7755637318179,0 4.7397755570482,45.77556606458611,0 4.73977614254442,45.7755683073273,0 4.73977647640153,45.7755707340903,0 4.73977667876886,45.7755730728102,0 4.73977675531662,45.77557550354101,0 4.73977682902929,45.77557784424471,0 4.73977651961294,45.7755802809272,0 4.73977620736146,45.7755826275826,0 4.73977576929034,45.7755850662489,0 4.73977532838407,45.7755874148882,0 4.73977463016831,45.77558976749521,0 4.73977367180792,45.775592034043,0 4.73977271628255,45.7755943906177,0 4.73977162643216,45.7755965691223,0 4.73977053941678,45.7755988376538,0 4.7397691922567,45.7756010201261,0 4.739767587787,45.77560320656611,0 4.73976598048208,45.775605302979,0 4.73976437034195,45.7756073093647,0 4.73976263154694,45.7756093177344,0 4.73976063827731,45.77561142009881,0 4.73975876515709,45.7756132503981,0 4.73975663756224,45.7756151746922,0 4.73975437564231,45.775616920916,0 4.73975211372224,45.7756186671397,0 4.73974959165736,45.775620327304,0 4.73974706959232,45.7756219874682,0 4.73974529961063,45.7756230055398,0 4.73991017688586,45.7757330515096,0 
							</coordinates>
						</LinearRing>
					</outerBoundaryIs>
				</Polygon>
			</MultiGeometry>
		</Placemark>
		<Placemark id="personne_morale.20024">
<styleUrl>#personne_morale</styleUrl>			<visibility>0</visibility>
			<ExtendedData>
				<SchemaData schemaUrl="#personne_morale">
					<SimpleData name="Numero de Parcelle">69044000AT0135</SimpleData>
					<SimpleData name="Departement">69</SimpleData>
					<SimpleData name="Commune">CHARBONNIERES-LES-BAINS</SimpleData>
					<SimpleData name="Adresse">GDES BRUYERES</SimpleData>
					<SimpleData name="Groupe de personne">Personnes morales non remarquables</SimpleData>
					<SimpleData name="Forme Juridique Abregee">AUPM</SimpleData>
					<SimpleData name="Denomination">ASS SYNDICALE LIBRE DES HAUTINIERES</SimpleData>
				</SchemaData>
			</ExtendedData>
	<Region>
		<LatLonAltBox>
			<north> 45.78024229959319 </north>
			<south> 45.779751479589 </south>
			<east> 4.73210221631584 </east>
			<west> 4.73133180721159 </west>
		</LatLonAltBox>
		<Lod>
			<minLodPixels>100</minLodPixels>
			<maxLodPixels>-1</maxLodPixels>
		</Lod>
	</Region>
			<MultiGeometry>
				<Polygon><altitudeMode>relativeToGround</altitudeMode>
					<outerBoundaryIs>
						<LinearRing>
							<coordinates>								4.73141156091314,45.77991246417771,0 4.73165509302748,45.7800391491799,0 4.73204558487304,45.78024229959319,0 4.73210221631584,45.7801886488859,0 4.7319134936336,45.7798024407691,0 4.73187950120499,45.7797939554645,0 4.73183320516458,45.77987753101021,0 4.73159141566165,45.7798105364614,0 4.73137819539151,45.779751479589,0 4.73133180721159,45.77982803082541,0 4.73141156091314,45.77991246417771,0 
							</coordinates>
						</LinearRing>
					</outerBoundaryIs>
				</Polygon>
			</MultiGeometry>
		</Placemark>
		<Placemark id="personne_morale.20287">
<styleUrl>#personne_morale</styleUrl>			<visibility>0</visibility>
			<ExtendedData>
				<SchemaData schemaUrl="#personne_morale">
					<SimpleData name="Numero de Parcelle">69044000AM0136</SimpleData>
					<SimpleData name="Departement">69</SimpleData>
					<SimpleData name="Commune">CHARBONNIERES-LES-BAINS</SimpleData>
					<SimpleData name="Adresse">171, RTE DE PARIS</SimpleData>
					<SimpleData name="Groupe de personne">Personnes morales non remarquables</SimpleData>
					<SimpleData name="Forme Juridique Abregee">SCI</SimpleData>
					<SimpleData name="Denomination">LE CHENEROND</SimpleData>
				</SchemaData>
			</ExtendedData>
	<Region>
		<LatLonAltBox>
			<north> 45.7698658516328 </north>
			<south> 45.769441988089 </south>
			<east> 4.75841883687933 </east>
			<west> 4.75772437864415 </west>
		</LatLonAltBox>
		<Lod>
			<minLodPixels>100</minLodPixels>
			<maxLodPixels>-1</maxLodPixels>
		</Lod>
	</Region>
			<MultiGeometry>
				<Polygon><altitudeMode>relativeToGround</altitudeMode>
					<outerBoundaryIs>
						<LinearRing>
							<coordinates>								4.75841883687933,45.76964461469619,0 4.75833356275089,45.7695250682596,0 4.75832254154981,45.7695103782881,0 4.75830859888226,45.7694969047763,0 4.75829200062401,45.7694849137927,0 4.75827327565937,45.7694748474493,0 4.75820285875917,45.769441988089,0 4.75822733377347,45.76947096985459,0 4.75772437864415,45.7696859713386,0 4.75789149671499,45.7698658516328,0 4.75841883687933,45.76964461469619,0 
							</coordinates>
						</LinearRing>
					</outerBoundaryIs>
				</Polygon>
			</MultiGeometry>
		</Placemark>
		<Placemark id="personne_morale.20309">
<styleUrl>#personne_morale</styleUrl>			<visibility>0</visibility>
			<ExtendedData>
				<SchemaData schemaUrl="#personne_morale">
					<SimpleData name="Numero de Parcelle">69044000AR0136</SimpleData>
					<SimpleData name="Departement">69</SimpleData>
					<SimpleData name="Commune">CHARBONNIERES-LES-BAINS</SimpleData>
					<SimpleData name="Adresse">20, CHE VERT</SimpleData>
					<SimpleData name="Groupe de personne">Personnes morales non remarquables</SimpleData>
					<SimpleData name="Forme Juridique Abregee">AUPM</SimpleData>
				</SchemaData>
			</ExtendedData>
	<Region>
		<LatLonAltBox>
			<north> 45.7756230055398 </north>
			<south> 45.7753993221083 </south>
			<east> 4.73977682902929 </east>
			<west> 4.73946262288685 </west>
		</LatLonAltBox>
		<Lod>
			<minLodPixels>100</minLodPixels>
			<maxLodPixels>-1</maxLodPixels>
		</Lod>
	</Region>
			<MultiGeometry>
				<Polygon><altitudeMode>relativeToGround</altitudeMode>
					<outerBoundaryIs>
						<LinearRing>
							<coordinates>								4.73946262288685,45.7754345225068,0 4.73974529961063,45.7756230055398,0 4.73974706959232,45.7756219874682,0 4.73974959165736,45.775620327304,0 4.73975211372224,45.7756186671397,0 4.73975437564231,45.775616920916,0 4.73975663756224,45.7756151746922,0 4.73975876515709,45.7756132503981,0 4.73976063827731,45.77561142009881,0 4.73976263154694,45.7756093177344,0 4.73976437034195,45.7756073093647,0 4.73976598048208,45.775605302979,0 4.739767587787,45.77560320656611,0 4.7397691922567,45.7756010201261,0 4.73977053941678,45.7755988376538,0 4.73977162643216,45.7755965691223,0 4.73977271628255,45.7755943906177,0 4.73977367180792,45.775592034043,0 4.73977463016831,45.77558976749521,0 4.73977532838407,45.7755874148882,0 4.73977576929034,45.7755850662489,0 4.73977620736146,45.7755826275826,0 4.73977651961294,45.7755802809272,0 4.73977682902929,45.77557784424471,0 4.73977675531662,45.77557550354101,0 4.73977667876886,45.7755730728102,0 4.73977647640153,45.7755707340903,0 4.73977614254442,45.7755683073273,0 4.7397755570482,45.77556606458611,0 4.73977496871693,45.7755637318179,0 4.73977425173104,45.7755614010336,0 4.73977340609056,45.7755590722331,0 4.73977243463058,45.77555683544361,0 4.7397712030263,45.7755545125948,0 4.73976997425721,45.775552279773,0 4.73976861966867,45.7755501389621,0 4.7397671364256,45.7755480001351,0 4.73976552452802,45.7755458632919,0 4.7397636581564,45.7755438204436,0 4.739761757764,45.7755406972704,0 4.7397597287172,45.775537576081,0 4.73975744236143,45.7755344588593,0 4.73975541331511,45.7755313376699,0 4.73975325844949,45.7755283084913,0 4.73975110074905,45.7755251892856,0 4.73974868857476,45.7755221640747,0 4.7397464050553,45.77551913687981,0 4.73974399571658,45.7755162016959,0 4.73974158354307,45.7755131764848,0 4.73973917136983,45.77551015127359,0 4.73973663621238,45.7755073081004,0 4.73973396673059,45.7755042868569,0 4.73973142873865,45.7755013536564,0 4.739728893582,45.7754985104831,0 4.7397262297711,45.7754956692934,0 4.73972343447095,45.77549274006049,0 4.73972077066061,45.7754898988708,0 4.73971797819605,45.7754870596648,0 4.73971518856677,45.77548431048579,0 4.73971213879382,45.77548147524719,0 4.73970922051064,45.7754787280519,0 4.73970630222775,45.7754759808565,0 4.73970325529069,45.7754732356448,0 4.7397002111889,45.7754705804601,0 4.73969716425244,45.7754678352483,0 4.73969412015125,45.7754651800634,0 4.73969081874147,45.77546252884599,0 4.73968764598644,45.7754598756448,0 4.73968447890161,45.7754574024976,0 4.7396811803277,45.775454841307,0 4.73967775309969,45.77545228210009,0 4.7396744545264,45.7754497209093,0 4.73967115595341,45.7754471597185,0 4.73966773439617,45.7754447805654,0 4.73966418134992,45.77544231336891,0 4.73966075695838,45.77543984418849,0 4.73965720674766,45.7754374670189,0 4.73965365937214,45.7754351798762,0 4.73965010916203,45.7754328027063,0 4.73964683610513,45.7754310517584,0 4.73964356304844,45.7754293008103,0 4.73964016700735,45.7754277319,0 4.73963676813158,45.7754260729626,0 4.73963337209087,45.7754245040521,0 4.73962984739601,45.7754229371252,0 4.73962619688186,45.775421462209,0 4.73962267785709,45.7754200753361,0 4.73961915883249,45.775418688463,0 4.73961551115373,45.7754173035735,0 4.73961186347516,45.7754159186839,0 4.7396080956469,45.7754148058591,0 4.73960432214917,45.7754135129801,0 4.73960055148642,45.775412310128,0 4.73959665500431,45.7754111992864,0 4.73959289001147,45.77541017648819,0 4.73958899636446,45.7754091556735,0 4.73958523420669,45.7754082229021,0 4.73958134339473,45.77540729211421,0 4.73957732676336,45.7754064533369,0 4.73957343878642,45.7754056125758,0 4.73956942215529,45.7754047737982,0 4.73956553984809,45.775404113091,0 4.73956152888667,45.77540345436729,0 4.73955738927105,45.7754027976271,0 4.73955325249026,45.7754022309137,0 4.73954924719858,45.7754017522437,0 4.73954524190696,45.7754012735736,0 4.73954110796112,45.7754007968869,0 4.73953697968475,45.7754005002542,0 4.73953298006272,45.7754002016378,0 4.73952885178644,45.77539990500479,0 4.73952472634489,45.7753996983987,0 4.73952060373805,45.77539958181961,0 4.73951648113122,45.7753994652403,0 4.73951235852441,45.7753993486609,0 4.73950823875227,45.7753993221083,0 4.73950708369826,45.77539942998759,0 4.73946262288685,45.7754345225068,0 
							</coordinates>
						</LinearRing>
					</outerBoundaryIs>
				</Polygon>
			</MultiGeometry>
		</Placemark>
		<Placemark id="personne_morale.20322">
<styleUrl>#personne_morale</styleUrl>			<visibility>0</visibility>
			<ExtendedData>
				<SchemaData schemaUrl="#personne_morale">
					<SimpleData name="Numero de Parcelle">69044000AT0136</SimpleData>
					<SimpleData name="Departement">69</SimpleData>
					<SimpleData name="Commune">CHARBONNIERES-LES-BAINS</SimpleData>
					<SimpleData name="Adresse">GDES BRUYERES</SimpleData>
					<SimpleData name="Groupe de personne">Personnes morales non remarquables</SimpleData>
					<SimpleData name="Forme Juridique Abregee">AUPM</SimpleData>
					<SimpleData name="Denomination">ASS SYNDICALE LIBRE DES HAUTINIERES</SimpleData>
				</SchemaData>
			</ExtendedData>
	<Region>
		<LatLonAltBox>
			<north> 45.7798024407691 </north>
			<south> 45.7795993771043 </south>
			<east> 4.73201158037067 </east>
			<west> 4.73187950120499 </west>
		</LatLonAltBox>
		<Lod>
			<minLodPixels>100</minLodPixels>
			<maxLodPixels>-1</maxLodPixels>
		</Lod>
	</Region>
			<MultiGeometry>
				<Polygon><altitudeMode>relativeToGround</altitudeMode>
					<outerBoundaryIs>
						<LinearRing>
							<coordinates>								4.73198680882886,45.7795993771043,0 4.73187950120499,45.7797939554645,0 4.7319134936336,45.7798024407691,0 4.73201158037067,45.7796216946506,0 4.7320085110061,45.7796182290124,0 4.73200544728722,45.7796149434286,0 4.73200212906259,45.77961175182211,0 4.73199868217398,45.7796085621905,0 4.73199498077968,45.7796054665362,0 4.73199128785366,45.7796026409635,0 4.73198680882886,45.7795993771043,0 
							</coordinates>
						</LinearRing>
					</outerBoundaryIs>
				</Polygon>
			</MultiGeometry>
		</Placemark>
		<Placemark id="personne_morale.20586">
<styleUrl>#personne_morale</styleUrl>			<visibility>0</visibility>
			<ExtendedData>
				<SchemaData schemaUrl="#personne_morale">
					<SimpleData name="Numero de Parcelle">69044000AR0137</SimpleData>
					<SimpleData name="Departement">69</SimpleData>
					<SimpleData name="Commune">CHARBONNIERES-LES-BAINS</SimpleData>
					<SimpleData name="Adresse">20, CHE VERT</SimpleData>
					<SimpleData name="Groupe de personne">Personnes morales non remarquables</SimpleData>
					<SimpleData name="Forme Juridique Abregee">SCI</SimpleData>
					<SimpleData name="Denomination">FLOCHA</SimpleData>
				</SchemaData>
			</ExtendedData>
	<Region>
		<LatLonAltBox>
			<north> 45.7758608685184 </north>
			<south> 45.7756460331875 </south>
			<east> 4.74118266594999 </east>
			<west> 4.740776560374 </west>
		</LatLonAltBox>
		<Lod>
			<minLodPixels>100</minLodPixels>
			<maxLodPixels>-1</maxLodPixels>
		</Lod>
	</Region>
			<MultiGeometry>
				<Polygon><altitudeMode>relativeToGround</altitudeMode>
					<outerBoundaryIs>
						<LinearRing>
							<coordinates>								4.74118266594999,45.775834746214,0 4.7408042101515,45.7756460331875,0 4.740776560374,45.7756713193448,0 4.74115336926846,45.7758608685184,0 4.74118266594999,45.775834746214,0 
							</coordinates>
						</LinearRing>
					</outerBoundaryIs>
				</Polygon>
			</MultiGeometry>
		</Placemark>
		<Placemark id="personne_morale.20787">
<styleUrl>#personne_morale</styleUrl>			<visibility>0</visibility>
			<ExtendedData>
				<SchemaData schemaUrl="#personne_morale">
					<SimpleData name="Numero de Parcelle">69044000AI0138</SimpleData>
					<SimpleData name="Departement">69</SimpleData>
					<SimpleData name="Commune">CHARBONNIERES-LES-BAINS</SimpleData>
					<SimpleData name="Adresse">4, CHE DES BROSSES</SimpleData>
					<SimpleData name="Groupe de personne">Personnes morales non remarquables</SimpleData>
					<SimpleData name="Forme Juridique Abregee">SA</SimpleData>
					<SimpleData name="Denomination">GALYO</SimpleData>
				</SchemaData>
			</ExtendedData>
	<Region>
		<LatLonAltBox>
			<north> 45.7845339790409 </north>
			<south> 45.7837726449692 </south>
			<east> 4.73675924312635 </east>
			<west> 4.73623109697897 </west>
		</LatLonAltBox>
		<Lod>
			<minLodPixels>100</minLodPixels>
			<maxLodPixels>-1</maxLodPixels>
		</Lod>
	</Region>
			<MultiGeometry>
				<Polygon><altitudeMode>relativeToGround</altitudeMode>
					<outerBoundaryIs>
						<LinearRing>
							<coordinates>								4.73623109697897,45.7843438337782,0 4.73634719210652,45.7844249125159,0 4.7363801192279,45.78444034837031,0 4.73638599452467,45.7844429600853,0 4.73639134946002,45.7844453996657,0 4.73639670722589,45.78444792927311,0 4.73640219366774,45.7844504569002,0 4.73640754860453,45.7844528964798,0 4.73641290637187,45.7844554260864,0 4.7364182641397,45.78445795569269,0 4.73642374492334,45.7844603032644,0 4.73642910269214,45.7844628328702,0 4.73643458630684,45.7844652704685,0 4.7364399412465,45.78446771004661,0 4.73644542769229,45.7844702376716,0 4.73645077980277,45.784472587222,0 4.73645626341939,45.7844750248193,0 4.73646162119111,45.7844775544236,0 4.73646723065409,45.784479900013,0 4.73647258559661,45.7844823395896,0 4.73647806921516,45.7844847771858,0 4.73648356415497,45.78448757489051,0 4.7364896968128,45.7844901826398,0 4.73649569796543,45.78449270234181,0 4.73650169911859,45.7844952220435,0 4.73650770310254,45.78449783177199,0 4.73651370142658,45.7845002614458,0 4.73651983125699,45.7845027791664,0 4.73652582958209,45.78450520883959,0 4.73653183073799,45.7845077285397,0 4.73653808358512,45.7845100642246,0 4.7365440847421,45.784512583924,0 4.73655021174496,45.7845150116157,0 4.73655633874837,45.7845174393071,0 4.73656233707667,45.78451986897839,0 4.73656858992645,45.78452220466171,0 4.73657471693146,45.784524632352,0 4.736580843937,45.7845270600421,0 4.73658709395802,45.78452930569721,0 4.7365933496403,45.7845317314063,0 4.73659947098668,45.7845339790409,0 4.73665899086699,45.7843101379484,0 4.73669827360645,45.7841592053018,0 4.73675924312635,45.7839241730647,0 4.73648606393964,45.7837726449692,0 4.73635516260882,45.7838880583576,0 4.73633847032411,45.7839549675534,0 4.7363117167744,45.78406220310829,0 4.73630394038091,45.7840933070969,0 4.73629630329822,45.7840919834772,0 4.73627554022733,45.7841727361215,0 4.73625911776277,45.7842359482519,0 4.73623914211823,45.7843130859433,0 4.73623109697897,45.7843438337782,0 
							</coordinates>
						</LinearRing>
					</outerBoundaryIs>
				</Polygon>
			</MultiGeometry>
		</Placemark>
		<Placemark id="personne_morale.21325">
<styleUrl>#personne_morale</styleUrl>			<visibility>0</visibility>
			<ExtendedData>
				<SchemaData schemaUrl="#personne_morale">
					<SimpleData name="Numero de Parcelle">69044000AH0014</SimpleData>
					<SimpleData name="Departement">69</SimpleData>
					<SimpleData name="Commune">CHARBONNIERES-LES-BAINS</SimpleData>
					<SimpleData name="Adresse">LA COMBE</SimpleData>
					<SimpleData name="Groupe de personne">Personnes morales non remarquables</SimpleData>
					<SimpleData name="Forme Juridique Abregee">SAS</SimpleData>
					<SimpleData name="Denomination">FONCIA SAINT LOUIS</SimpleData>
				</SchemaData>
			</ExtendedData>
	<Region>
		<LatLonAltBox>
			<north> 45.7831034991686 </north>
			<south> 45.783061406049 </south>
			<east> 4.74979414493687 </east>
			<west> 4.74876473508852 </west>
		</LatLonAltBox>
		<Lod>
			<minLodPixels>100</minLodPixels>
			<maxLodPixels>-1</maxLodPixels>
		</Lod>
	</Region>
			<MultiGeometry>
				<Polygon><altitudeMode>relativeToGround</altitudeMode>
					<outerBoundaryIs>
						<LinearRing>
							<coordinates>								4.74978638014613,45.7831034991686,0 4.74979414493687,45.7830844638362,0 4.74944154814133,45.783076600463,0 4.74888437261982,45.7830640707339,0 4.74876572337431,45.783061406049,0 4.74876473508852,45.7830789852188,0 4.74978638014613,45.7831034991686,0 
							</coordinates>
						</LinearRing>
					</outerBoundaryIs>
				</Polygon>
			</MultiGeometry>
		</Placemark>
		<Placemark id="personne_morale.21357">
<styleUrl>#personne_morale</styleUrl>			<visibility>0</visibility>
			<ExtendedData>
				<SchemaData schemaUrl="#personne_morale">
					<SimpleData name="Numero de Parcelle">69044000AM0014</SimpleData>
					<SimpleData name="Departement">69</SimpleData>
					<SimpleData name="Commune">CHARBONNIERES-LES-BAINS</SimpleData>
					<SimpleData name="Adresse">CHE DES RIVIERES</SimpleData>
					<SimpleData name="Groupe de personne">Personnes morales non remarquables</SimpleData>
					<SimpleData name="Forme Juridique Abregee">SARL</SimpleData>
					<SimpleData name="Denomination">TOLOZAN IMMOB</SimpleData>
				</SchemaData>
			</ExtendedData>
	<Region>
		<LatLonAltBox>
			<north> 45.7705563137143 </north>
			<south> 45.7699004383546 </south>
			<east> 4.75912381771124 </east>
			<west> 4.75860409958576 </west>
		</LatLonAltBox>
		<Lod>
			<minLodPixels>100</minLodPixels>
			<maxLodPixels>-1</maxLodPixels>
		</Lod>
	</Region>
			<MultiGeometry>
				<Polygon><altitudeMode>relativeToGround</altitudeMode>
					<outerBoundaryIs>
						<LinearRing>
							<coordinates>								4.75912381771124,45.7705563137143,0 4.7589641477094,45.77035992604851,0 4.75883353525123,45.770170651137,0 4.75864281637868,45.7699004383546,0 4.75860409958576,45.7699173448011,0 4.75862391815857,45.7699455884347,0 4.75867015966351,45.77001143021521,0 4.75873798973704,45.7701085504227,0 4.75894887482959,45.7704097934361,0 4.75896175468659,45.77042625579769,0 4.75897407412522,45.77044128575601,0 4.75897767356987,45.7704451927688,0 4.75898114150683,45.7704490117606,0 4.75898473808635,45.7704528287466,0 4.75898820602429,45.7704566477382,0 4.75899180260479,45.770460464724,0 4.75899565360385,45.7704641876715,0 4.75899937596132,45.7704679126246,0 4.7590032269614,45.77047163557181,0 4.75900720660414,45.7704753565131,0 4.75901105187292,45.7704788994069,0 4.75901515729266,45.77048252831559,0 4.7590191340708,45.7704861592299,0 4.75902323662542,45.7704896981117,0 4.75902746495653,45.7704931449609,0 4.75903169328817,45.77049659181,0 4.75903592448655,45.77050012868549,0 4.7590387090929,45.770502697333,0 4.75904213977672,45.7705053459777,0 4.7590455733271,45.7705080846489,0 4.75904887536937,45.7705107352993,0 4.75905243469639,45.7705133819379,0 4.7590559911575,45.7705159385497,0 4.7590595504852,45.7705185851881,0 4.75906297830474,45.77052114380569,0 4.75906666340907,45.7705236984114,0 4.75907034564747,45.77052616299039,0 4.7590740278862,45.7705286275693,0 4.75907783876752,45.7705310901421,0 4.75908164964917,45.77053355271489,0 4.75908558344083,45.77053583322849,0 4.75908939145685,45.77053820577449,0 4.75909332811547,45.7705405763144,0 4.75909726190811,45.7705428568276,0 4.75910132147703,45.7705450453082,0 4.75912381771124,45.7705563137143,0 
							</coordinates>
						</LinearRing>
					</outerBoundaryIs>
				</Polygon>
			</MultiGeometry>
		</Placemark>
		<Placemark id="personne_morale.21886">
<styleUrl>#personne_morale</styleUrl>			<visibility>0</visibility>
			<ExtendedData>
				<SchemaData schemaUrl="#personne_morale">
					<SimpleData name="Numero de Parcelle">69044000AT0141</SimpleData>
					<SimpleData name="Departement">69</SimpleData>
					<SimpleData name="Commune">CHARBONNIERES-LES-BAINS</SimpleData>
					<SimpleData name="Adresse">GDES BRUYERES</SimpleData>
					<SimpleData name="Groupe de personne">Personnes morales non remarquables</SimpleData>
					<SimpleData name="Forme Juridique Abregee">AUPM</SimpleData>
					<SimpleData name="Denomination">ASS SYNDICALE LIBRE DES HAUTINIERES</SimpleData>
				</SchemaData>
			</ExtendedData>
	<Region>
		<LatLonAltBox>
			<north> 45.7799450997467 </north>
			<south> 45.77963572234181 </south>
			<east> 4.73098401329184 </east>
			<west> 4.7307316063254 </west>
		</LatLonAltBox>
		<Lod>
			<minLodPixels>100</minLodPixels>
			<maxLodPixels>-1</maxLodPixels>
		</Lod>
	</Region>
			<MultiGeometry>
				<Polygon><altitudeMode>relativeToGround</altitudeMode>
					<outerBoundaryIs>
						<LinearRing>
							<coordinates>								4.73073444974888,45.7799450997467,0 4.73098401329184,45.7797015035641,0 4.73095659296913,45.77963572234181,0 4.73073936877281,45.7799089960636,0 4.73073544328952,45.7799151810753,0 4.73073294158367,45.7799216144596,0 4.7307316063254,45.7799283001636,0 4.73073168920429,45.7799350541856,0 4.7307330530939,45.7799416084173,0 4.73073444974888,45.7799450997467,0 
							</coordinates>
						</LinearRing>
					</outerBoundaryIs>
				</Polygon>
			</MultiGeometry>
		</Placemark>
		<Placemark id="personne_morale.22411">
<styleUrl>#personne_morale</styleUrl>			<visibility>0</visibility>
			<ExtendedData>
				<SchemaData schemaUrl="#personne_morale">
					<SimpleData name="Numero de Parcelle">69044000AI0143</SimpleData>
					<SimpleData name="Departement">69</SimpleData>
					<SimpleData name="Commune">CHARBONNIERES-LES-BAINS</SimpleData>
					<SimpleData name="Adresse">33, AV GEN DE GAULLE</SimpleData>
					<SimpleData name="Groupe de personne">Personnes morales non remarquables</SimpleData>
					<SimpleData name="Forme Juridique Abregee">SCI</SimpleData>
					<SimpleData name="Denomination">CHABOU</SimpleData>
				</SchemaData>
			</ExtendedData>
	<Region>
		<LatLonAltBox>
			<north> 45.7831322441451 </north>
			<south> 45.7826604915172 </south>
			<east> 4.7367185644728 </east>
			<west> 4.73615563806881 </west>
		</LatLonAltBox>
		<Lod>
			<minLodPixels>100</minLodPixels>
			<maxLodPixels>-1</maxLodPixels>
		</Lod>
	</Region>
			<MultiGeometry>
				<Polygon><altitudeMode>relativeToGround</altitudeMode>
					<outerBoundaryIs>
						<LinearRing>
							<coordinates>								4.73637811024277,45.7826604915172,0 4.7362777028291,45.7827343633478,0 4.73627566539124,45.78273916844689,0 4.73615563806881,45.7830079848955,0 4.73618801717377,45.7831043127356,0 4.73626935424225,45.7831322441451,0 4.7367185644728,45.7829006047461,0 4.73664104933893,45.78281406886209,0 4.73652714085272,45.7828679728577,0 4.73637811024277,45.7826604915172,0 
							</coordinates>
						</LinearRing>
					</outerBoundaryIs>
				</Polygon>
			</MultiGeometry>
		</Placemark>
		<Placemark id="personne_morale.22480">
<styleUrl>#personne_morale</styleUrl>			<visibility>0</visibility>
			<ExtendedData>
				<SchemaData schemaUrl="#personne_morale">
					<SimpleData name="Numero de Parcelle">69044000AW0143</SimpleData>
					<SimpleData name="Departement">69</SimpleData>
					<SimpleData name="Commune">CHARBONNIERES-LES-BAINS</SimpleData>
					<SimpleData name="Adresse">BOIS DE LA LUNE</SimpleData>
					<SimpleData name="Groupe de personne">Personnes morales non remarquables</SimpleData>
					<SimpleData name="Forme Juridique Abregee">SARL</SimpleData>
					<SimpleData name="Denomination">ERICDAN</SimpleData>
				</SchemaData>
			</ExtendedData>
	<Region>
		<LatLonAltBox>
			<north> 45.7881045006961 </north>
			<south> 45.7877935423097 </south>
			<east> 4.73513241904313 </east>
			<west> 4.73474902998048 </west>
		</LatLonAltBox>
		<Lod>
			<minLodPixels>100</minLodPixels>
			<maxLodPixels>-1</maxLodPixels>
		</Lod>
	</Region>
			<MultiGeometry>
				<Polygon><altitudeMode>relativeToGround</altitudeMode>
					<outerBoundaryIs>
						<LinearRing>
							<coordinates>								4.7350518075565,45.7881045006961,0 4.7350818179498,45.7880024395152,0 4.73513241904313,45.78784682993659,0 4.73485484349769,45.7877935423097,0 4.73474902998048,45.7880481775776,0 4.73475317331408,45.7880489245219,0 4.7350518075565,45.7881045006961,0 
							</coordinates>
						</LinearRing>
					</outerBoundaryIs>
				</Polygon>
			</MultiGeometry>
		</Placemark>
		<Placemark id="personne_morale.22752">
<styleUrl>#personne_morale</styleUrl>			<visibility>0</visibility>
			<ExtendedData>
				<SchemaData schemaUrl="#personne_morale">
					<SimpleData name="Numero de Parcelle">69044000AW0144</SimpleData>
					<SimpleData name="Departement">69</SimpleData>
					<SimpleData name="Commune">CHARBONNIERES-LES-BAINS</SimpleData>
					<SimpleData name="Adresse">17, AV GEN DE GAULLE</SimpleData>
					<SimpleData name="Groupe de personne">Personnes morales non remarquables</SimpleData>
					<SimpleData name="Forme Juridique Abregee">SC</SimpleData>
					<SimpleData name="Denomination">S C I  AU BONHEUR DE PHILIPPE</SimpleData>
				</SchemaData>
			</ExtendedData>
	<Region>
		<LatLonAltBox>
			<north> 45.7846876728414 </north>
			<south> 45.7845082286488 </south>
			<east> 4.73612255580575 </east>
			<west> 4.73580508191568 </west>
		</LatLonAltBox>
		<Lod>
			<minLodPixels>100</minLodPixels>
			<maxLodPixels>-1</maxLodPixels>
		</Lod>
	</Region>
			<MultiGeometry>
				<Polygon><altitudeMode>relativeToGround</altitudeMode>
					<outerBoundaryIs>
						<LinearRing>
							<coordinates>								4.73580508191568,45.78462987724291,0 4.73588142090239,45.78464617665411,0 4.73588384447272,45.7846413656234,0 4.73601271172022,45.7846659540259,0 4.73601037870184,45.7846736459298,0 4.73607634732761,45.7846876728414,0 4.73612255580575,45.7845850018518,0 4.73591287851553,45.78453292418279,0 4.73582113810622,45.78450992626561,0 4.73581439039059,45.7845082286488,0 4.73580508191568,45.78462987724291,0 
							</coordinates>
						</LinearRing>
					</outerBoundaryIs>
				</Polygon>
			</MultiGeometry>
		</Placemark>
		<Placemark id="personne_morale.23569">
<styleUrl>#personne_morale</styleUrl>			<visibility>0</visibility>
			<ExtendedData>
				<SchemaData schemaUrl="#personne_morale">
					<SimpleData name="Numero de Parcelle">69044000AT0147</SimpleData>
					<SimpleData name="Departement">69</SimpleData>
					<SimpleData name="Commune">CHARBONNIERES-LES-BAINS</SimpleData>
					<SimpleData name="Adresse">GDES BRUYERES</SimpleData>
					<SimpleData name="Groupe de personne">Personnes morales non remarquables</SimpleData>
					<SimpleData name="Forme Juridique Abregee">AUPM</SimpleData>
					<SimpleData name="Denomination">ASS SYNDICALE LIBRE DES HAUTINIERES</SimpleData>
				</SchemaData>
			</ExtendedData>
	<Region>
		<LatLonAltBox>
			<north> 45.7808627691215 </north>
			<south> 45.78057195127819 </south>
			<east> 4.73115555447345 </east>
			<west> 4.73040038928945 </west>
		</LatLonAltBox>
		<Lod>
			<minLodPixels>100</minLodPixels>
			<maxLodPixels>-1</maxLodPixels>
		</Lod>
	</Region>
			<MultiGeometry>
				<Polygon><altitudeMode>relativeToGround</altitudeMode>
					<outerBoundaryIs>
						<LinearRing>
							<coordinates>								4.73057069784974,45.7807049247831,0 4.73040038928945,45.7808240880274,0 4.73041814114358,45.7808401185637,0 4.73080125620789,45.7806311333792,0 4.73094972975271,45.7808627691215,0 4.73104942187783,45.780798820833,0 4.73115555447345,45.780730900606,0 4.73091293161163,45.7806332933431,0 4.73076052591163,45.78057195127819,0 4.73057069784974,45.7807049247831,0 
							</coordinates>
						</LinearRing>
					</outerBoundaryIs>
				</Polygon>
			</MultiGeometry>
		</Placemark>
		<Placemark id="personne_morale.23843">
<styleUrl>#personne_morale</styleUrl>			<visibility>0</visibility>
			<ExtendedData>
				<SchemaData schemaUrl="#personne_morale">
					<SimpleData name="Numero de Parcelle">69044000AO0148</SimpleData>
					<SimpleData name="Departement">69</SimpleData>
					<SimpleData name="Commune">CHARBONNIERES-LES-BAINS</SimpleData>
					<SimpleData name="Adresse">CHE DE LA HALTE DU MERIDIEN</SimpleData>
					<SimpleData name="Groupe de personne">Personnes morales non remarquables</SimpleData>
					<SimpleData name="Forme Juridique Abregee">AUPM</SimpleData>
					<SimpleData name="Denomination">ASSOCIES DU LOTISSEMENT DE LA HALTE DU MERIDIEN AO148</SimpleData>
				</SchemaData>
			</ExtendedData>
	<Region>
		<LatLonAltBox>
			<north> 45.77356362872149 </north>
			<south> 45.7723747972629 </south>
			<east> 4.74317910220893 </east>
			<west> 4.74194977120122 </west>
		</LatLonAltBox>
		<Lod>
			<minLodPixels>100</minLodPixels>
			<maxLodPixels>-1</maxLodPixels>
		</Lod>
	</Region>
			<MultiGeometry>
				<Polygon><altitudeMode>relativeToGround</altitudeMode>
					<outerBoundaryIs>
						<LinearRing>
							<coordinates>								4.74304134002916,45.7723747972629,0 4.74289586132281,45.7725082780511,0 4.74264104747139,45.77274189496551,0 4.74250407640663,45.772867677858,0 4.74238074891548,45.7729853236306,0 4.74226679701586,45.7730941776739,0 4.74214271869723,45.7732411077881,0 4.74194977120122,45.773469444305,0 4.74200175654042,45.7735220536388,0 4.74204502773322,45.77356362872149,0 4.74204756984837,45.7734972973359,0 4.74217545411433,45.7733118483187,0 4.7421900801045,45.7732858622025,0 4.74232548216799,45.7731265975946,0 4.74238100947801,45.773075210304,0 4.74260499345789,45.7728679205502,0 4.7428537408701,45.7726378201358,0 4.74301021152841,45.7724937213667,0 4.74303778584541,45.77250284285759,0 4.74306810319939,45.7725050765763,0 4.74309781022543,45.7725002041193,0 4.74312357628209,45.7724887273021,0 4.74317910220893,45.7724373396203,0 4.74313796762926,45.77241860996,0 4.74304134002916,45.7723747972629,0 
							</coordinates>
						</LinearRing>
					</outerBoundaryIs>
				</Polygon>
			</MultiGeometry>
		</Placemark>
		<Placemark id="personne_morale.24702">
<styleUrl>#personne_morale</styleUrl>			<visibility>0</visibility>
			<ExtendedData>
				<SchemaData schemaUrl="#personne_morale">
					<SimpleData name="Numero de Parcelle">69044000AM0150</SimpleData>
					<SimpleData name="Departement">69</SimpleData>
					<SimpleData name="Commune">CHARBONNIERES-LES-BAINS</SimpleData>
					<SimpleData name="Adresse">156, RTE DE PARIS</SimpleData>
					<SimpleData name="Groupe de personne">Personnes morales non remarquables</SimpleData>
					<SimpleData name="Forme Juridique Abregee">ASS</SimpleData>
					<SimpleData name="Denomination">COPROPRIETAIRES PARCELLES AM 95 150 152 156</SimpleData>
				</SchemaData>
			</ExtendedData>
	<Region>
		<LatLonAltBox>
			<north> 45.7734859509282 </north>
			<south> 45.7734026579055 </south>
			<east> 4.75343500125283 </east>
			<west> 4.7533838904711 </west>
		</LatLonAltBox>
		<Lod>
			<minLodPixels>100</minLodPixels>
			<maxLodPixels>-1</maxLodPixels>
		</Lod>
	</Region>
			<MultiGeometry>
				<Polygon><altitudeMode>relativeToGround</altitudeMode>
					<outerBoundaryIs>
						<LinearRing>
							<coordinates>								4.75343500125283,45.773407087682,0 4.7533838904711,45.7734026579055,0 4.75338712809985,45.7734803389637,0 4.75338723952946,45.7734838500055,0 4.75342012796938,45.7734859509282,0 4.75342776194986,45.7734425981447,0 4.75343500125283,45.773407087682,0 
							</coordinates>
						</LinearRing>
					</outerBoundaryIs>
				</Polygon>
			</MultiGeometry>
		</Placemark>
		<Placemark id="personne_morale.25204">
<styleUrl>#personne_morale</styleUrl>			<visibility>0</visibility>
			<ExtendedData>
				<SchemaData schemaUrl="#personne_morale">
					<SimpleData name="Numero de Parcelle">69044000AI0152</SimpleData>
					<SimpleData name="Departement">69</SimpleData>
					<SimpleData name="Commune">CHARBONNIERES-LES-BAINS</SimpleData>
					<SimpleData name="Adresse">39, CHE DE LA CHANTERIE</SimpleData>
					<SimpleData name="Groupe de personne">Personnes morales non remarquables</SimpleData>
					<SimpleData name="Forme Juridique Abregee">SYCO</SimpleData>
					<SimpleData name="Denomination">INNOVACTI</SimpleData>
				</SchemaData>
			</ExtendedData>
	<Region>
		<LatLonAltBox>
			<north> 45.783558455038 </north>
			<south> 45.782959827285 </south>
			<east> 4.73767494409575 </east>
			<west> 4.73688234413169 </west>
		</LatLonAltBox>
		<Lod>
			<minLodPixels>100</minLodPixels>
			<maxLodPixels>-1</maxLodPixels>
		</Lod>
	</Region>
			<MultiGeometry>
				<Polygon><altitudeMode>relativeToGround</altitudeMode>
					<outerBoundaryIs>
						<LinearRing>
							<coordinates>								4.73745183336081,45.7835513366491,0 4.73746103237083,45.7835409269412,0 4.73747022854563,45.78353042720551,0 4.73747955622199,45.7835200155149,0 4.73748901539986,45.78350969186939,0 4.7374984745742,45.7834993682232,0 4.73750793091319,45.7834889545489,0 4.73751752158546,45.78347871894691,0 4.73752710942232,45.78346839331701,0 4.73753683159245,45.7834582457592,0 4.73754655092714,45.7834480081734,0 4.737642223026,45.7833545726985,0 4.73767494409575,45.7833225440498,0 4.7375986321953,45.7832497710873,0 4.73729483880433,45.782959827285,0 4.73688234413169,45.7831758620578,0 4.73697967446614,45.7832661459555,0 4.73724255580183,45.7834545802447,0 4.73738730321268,45.783558455038,0 4.73745183336081,45.7835513366491,0 
							</coordinates>
						</LinearRing>
					</outerBoundaryIs>
				</Polygon>
			</MultiGeometry>
		</Placemark>
		<Placemark id="personne_morale.25222">
<styleUrl>#personne_morale</styleUrl>			<visibility>0</visibility>
			<ExtendedData>
				<SchemaData schemaUrl="#personne_morale">
					<SimpleData name="Numero de Parcelle">69044000AM0152</SimpleData>
					<SimpleData name="Departement">69</SimpleData>
					<SimpleData name="Commune">CHARBONNIERES-LES-BAINS</SimpleData>
					<SimpleData name="Adresse">156, RTE DE PARIS</SimpleData>
					<SimpleData name="Groupe de personne">Personnes morales non remarquables</SimpleData>
					<SimpleData name="Forme Juridique Abregee">ASS</SimpleData>
					<SimpleData name="Denomination">COPROPRIETAIRES PARCELLES AM 95 150 152 156</SimpleData>
				</SchemaData>
			</ExtendedData>
	<Region>
		<LatLonAltBox>
			<north> 45.7734803389637 </north>
			<south> 45.77297854365959 </south>
			<east> 4.75343500125283 </east>
			<west> 4.75287497962167 </west>
		</LatLonAltBox>
		<Lod>
			<minLodPixels>100</minLodPixels>
			<maxLodPixels>-1</maxLodPixels>
		</Lod>
	</Region>
			<MultiGeometry>
				<Polygon><altitudeMode>relativeToGround</altitudeMode>
					<outerBoundaryIs>
						<LinearRing>
							<coordinates>								4.75288287656349,45.7732992054705,0 4.75291788895428,45.773303345173,0 4.7529112844549,45.77332236272171,0 4.75287729838797,45.7733181169999,0 4.75287497962167,45.7733261693549,0 4.75333684878383,45.7733520484558,0 4.75327011200174,45.77345954965611,0 4.75331756921979,45.7734624149843,0 4.75331718302644,45.773474580587,0 4.75338712809985,45.7734803389637,0 4.7533838904711,45.7734026579055,0 4.75343500125283,45.773407087682,0 4.75340751740211,45.773335998362,0 4.75337877778932,45.77330645133841,0 4.75308416956583,45.7732825671228,0 4.75307971986288,45.7732194063465,0 4.75307597320354,45.7731662325391,0 4.75304121726774,45.7730849880327,0 4.75306749812808,45.77299243691931,0 4.75297618689322,45.77297854365959,0 4.75288287656349,45.7732992054705,0 
							</coordinates>
						</LinearRing>
					</outerBoundaryIs>
				</Polygon>
			</MultiGeometry>
		</Placemark>
		<Placemark id="personne_morale.25485">
<styleUrl>#personne_morale</styleUrl>			<visibility>0</visibility>
			<ExtendedData>
				<SchemaData schemaUrl="#personne_morale">
					<SimpleData name="Numero de Parcelle">69044000AI0153</SimpleData>
					<SimpleData name="Departement">69</SimpleData>
					<SimpleData name="Commune">CHARBONNIERES-LES-BAINS</SimpleData>
					<SimpleData name="Adresse">LES BROSSES</SimpleData>
					<SimpleData name="Groupe de personne">Personnes morales non remarquables</SimpleData>
					<SimpleData name="Forme Juridique Abregee">SCI</SimpleData>
					<SimpleData name="Denomination">SYMPHONIE CHARBONNIERES</SimpleData>
				</SchemaData>
			</ExtendedData>
	<Region>
		<LatLonAltBox>
			<north> 45.7836496232959 </north>
			<south> 45.7826632375894 </south>
			<east> 4.73745183336081 </east>
			<west> 4.73664104933893 </west>
		</LatLonAltBox>
		<Lod>
			<minLodPixels>100</minLodPixels>
			<maxLodPixels>-1</maxLodPixels>
		</Lod>
	</Region>
			<MultiGeometry>
				<Polygon><altitudeMode>relativeToGround</altitudeMode>
					<outerBoundaryIs>
						<LinearRing>
							<coordinates>								4.73736867183153,45.7836496232959,0 4.73737114053417,45.78364625266811,0 4.73737994505971,45.7836355788288,0 4.73738862373995,45.7836249969971,0 4.73739743109036,45.78361441318361,0 4.73740636711087,45.78360382738819,0 4.73741543180141,45.7835932396109,0 4.73742436781506,45.7835826538141,0 4.73743356683547,45.78357224410851,0 4.73744263717903,45.7835618363833,0 4.73745183336081,45.7835513366491,0 4.73738730321268,45.783558455038,0 4.73724255580183,45.7834545802447,0 4.73697967446614,45.7832661459555,0 4.73688234413169,45.7831758620578,0 4.73729483880433,45.782959827285,0 4.73722397049773,45.7828922844495,0 4.73710041163747,45.7827743925429,0 4.73698388803223,45.7826632375894,0 4.73688699390268,45.78269733469529,0 4.73664104933893,45.78281406886209,0 4.7367185644728,45.7829006047461,0 4.73674498690146,45.7829302817008,0 4.73665257630695,45.782980071968,0 4.73666843108949,45.7830257640311,0 4.73670677990633,45.783135870753,0 4.73676845351688,45.783181217885,0 4.73677029739101,45.78318254056629,0 4.73731500325303,45.7835682149966,0 4.73736677657357,45.7836016447621,0 4.73736867183153,45.7836496232959,0 
							</coordinates>
						</LinearRing>
					</outerBoundaryIs>
				</Polygon>
			</MultiGeometry>
		</Placemark>
		<Placemark id="personne_morale.25503">
<styleUrl>#personne_morale</styleUrl>			<visibility>0</visibility>
			<ExtendedData>
				<SchemaData schemaUrl="#personne_morale">
					<SimpleData name="Numero de Parcelle">69044000AM0153</SimpleData>
					<SimpleData name="Departement">69</SimpleData>
					<SimpleData name="Commune">CHARBONNIERES-LES-BAINS</SimpleData>
					<SimpleData name="Adresse">161, RTE DE PARIS</SimpleData>
					<SimpleData name="Groupe de personne">Personnes morales non remarquables</SimpleData>
					<SimpleData name="Forme Juridique Abregee">SCI</SimpleData>
					<SimpleData name="Denomination">SCI DE LA MONTEE DES PERES</SimpleData>
				</SchemaData>
			</ExtendedData>
	<Region>
		<LatLonAltBox>
			<north> 45.7709469964702 </north>
			<south> 45.7701843055259 </south>
			<east> 4.75712649027738 </east>
			<west> 4.75625918746631 </west>
		</LatLonAltBox>
		<Lod>
			<minLodPixels>100</minLodPixels>
			<maxLodPixels>-1</maxLodPixels>
		</Lod>
	</Region>
			<MultiGeometry>
				<Polygon><altitudeMode>relativeToGround</altitudeMode>
					<outerBoundaryIs>
						<LinearRing>
							<coordinates>								4.75687834901563,45.7709469964702,0 4.75712649027738,45.770821355591,0 4.75677107570322,45.77036221346869,0 4.75663336732963,45.7701843055259,0 4.7566171071354,45.7701869906373,0 4.7566014786984,45.7701893056246,0 4.75658597031501,45.7701913485268,0 4.75657032470236,45.7701931233501,0 4.75655506215123,45.7701948021355,0 4.75654005402018,45.7701963868862,0 4.7565251630814,45.7701976095255,0 4.75651052656302,45.7701987381303,0 4.75649652752779,45.7701996766652,0 4.7564695328304,45.770200727467,0 4.75643415925716,45.7702013682896,0 4.75643209812986,45.770201310309,0 4.75643003700255,45.7702012523283,0 4.7564281073788,45.7702012823713,0 4.7564260462515,45.7702012243906,0 4.75642398512421,45.7702011664098,0 4.75642192399692,45.770201108429,0 4.75641986286963,45.7702010504481,0 4.75641793038394,45.7702009904643,0 4.7564158721186,45.77020102250999,0 4.75641381099132,45.770200964529,0 4.75641175558791,45.7702010866012,0 4.75640969732256,45.7702011186468,0 4.75640776769879,45.7702011486895,0 4.75640570943344,45.770201180735,0 4.75640365116809,45.77020121278039,0 4.75640159290273,45.7702012448258,0 4.75639953463737,45.7702012768712,0 4.75639747923391,45.7702013989432,0 4.75639568111361,45.7702015170095,0 4.75639362284824,45.7702015490547,0 4.75639156744476,45.7702016711266,0 4.75638951204127,45.7702017931984,0 4.75638745377588,45.7702018252436,0 4.75638539837238,45.7702019473153,0 4.75638347447233,45.7702021574108,0 4.75638141906881,45.77020227948249,0 4.75637936366527,45.77020240155421,0 4.7563773111236,45.7702026136524,0 4.75637538436163,45.7702027337211,0 4.75637332895807,45.77020285579259,0 4.75637127641635,45.7702030678908,0 4.75636922673648,45.77020337001549,0 4.75636729997447,45.7702034900841,0 4.75636524743271,45.7702037021821,0 4.75636319489094,45.7702039142801,0 4.75636114234915,45.770204126378,0 4.75635921844893,45.7702043364731,0 4.75635716876895,45.7702046385976,0 4.75635511622711,45.77020485069539,0 4.75635319518868,45.77020515081701,0 4.75635114550863,45.7702054529414,0 4.75634922160834,45.7702056630363,0 4.75634717192825,45.77020596516059,0 4.75634512224814,45.7702062672849,0 4.75634320120961,45.7702065674063,0 4.75634114866764,45.7702067795039,0 4.75633923049088,45.7702071696519,0 4.75633730945228,45.7702074697733,0 4.75633538841367,45.7702077698946,0 4.75633333873343,45.77020807201859,0 4.75633142055656,45.77020846216649,0 4.75632937087627,45.7702087642905,0 4.75632745269936,45.7702091544383,0 4.75632553452242,45.7702095445861,0 4.75632348770384,45.77020993673661,0 4.75632156952685,45.77021032688431,0 4.75631965134982,45.770210717032,0 4.75631760453116,45.77021110918239,0 4.75631568635408,45.77021149933,0 4.75631377103875,45.7702119795042,0 4.75631172422,45.7702123716545,0 4.75630980890459,45.7702128518286,0 4.75630789358916,45.7702133320027,0 4.75630597827369,45.7702138121768,0 4.75630406009644,45.7702142023242,0 4.7563021447809,45.7702146824982,0 4.75630022946534,45.77021516267219,0 4.75629831414974,45.7702156428461,0 4.75629639883411,45.77021612302,0 4.75629448638018,45.7702166932205,0 4.75629257106448,45.7702171733944,0 4.75629065861048,45.77021774359481,0 4.75628887193633,45.77021822176591,0 4.75628695948226,45.7702187919663,0 4.75628504416642,45.77021927214,0 4.75628326035389,45.7702198403376,0 4.7562813478997,45.7702204105379,0 4.75627943830718,45.77022107076471,0 4.75627765449455,45.7702216389623,0 4.75625918746631,45.7702277810824,0 4.75687834901563,45.7709469964702,0 
							</coordinates>
						</LinearRing>
					</outerBoundaryIs>
				</Polygon>
			</MultiGeometry>
		</Placemark>
		<Placemark id="personne_morale.25830">
<styleUrl>#personne_morale</styleUrl>			<visibility>0</visibility>
			<ExtendedData>
				<SchemaData schemaUrl="#personne_morale">
					<SimpleData name="Numero de Parcelle">69044000AT0154</SimpleData>
					<SimpleData name="Departement">69</SimpleData>
					<SimpleData name="Commune">CHARBONNIERES-LES-BAINS</SimpleData>
					<SimpleData name="Adresse">GDES BRUYERES</SimpleData>
					<SimpleData name="Groupe de personne">Personnes morales non remarquables</SimpleData>
					<SimpleData name="Forme Juridique Abregee">AUPM</SimpleData>
					<SimpleData name="Denomination">ASS SYNDICALE LIBRE DES HAUTINIERES</SimpleData>
				</SchemaData>
			</ExtendedData>
	<Region>
		<LatLonAltBox>
			<north> 45.78110430607011 </north>
			<south> 45.7808240880274 </south>
			<east> 4.73041814114358 </east>
			<west> 4.72992051239353 </west>
		</LatLonAltBox>
		<Lod>
			<minLodPixels>100</minLodPixels>
			<maxLodPixels>-1</maxLodPixels>
		</Lod>
	</Region>
			<MultiGeometry>
				<Polygon><altitudeMode>relativeToGround</altitudeMode>
					<outerBoundaryIs>
						<LinearRing>
							<coordinates>								4.72992051239353,45.7810879671803,0 4.72992658156253,45.7810967911175,0 4.72992990641688,45.78110430607011,0 4.73041814114358,45.7808401185637,0 4.73040038928945,45.7808240880274,0 4.73018690305518,45.7809415712514,0 4.72992051239353,45.7810879671803,0 
							</coordinates>
						</LinearRing>
					</outerBoundaryIs>
				</Polygon>
			</MultiGeometry>
		</Placemark>
		<Placemark id="personne_morale.26367">
<styleUrl>#personne_morale</styleUrl>			<visibility>0</visibility>
			<ExtendedData>
				<SchemaData schemaUrl="#personne_morale">
					<SimpleData name="Numero de Parcelle">69044000AM0156</SimpleData>
					<SimpleData name="Departement">69</SimpleData>
					<SimpleData name="Commune">CHARBONNIERES-LES-BAINS</SimpleData>
					<SimpleData name="Adresse">139, RTE DE PARIS</SimpleData>
					<SimpleData name="Groupe de personne">Personnes morales non remarquables</SimpleData>
					<SimpleData name="Forme Juridique Abregee">ASS</SimpleData>
					<SimpleData name="Denomination">COPROPRIETAIRES PARCELLES AM 95 150 152 156</SimpleData>
				</SchemaData>
			</ExtendedData>
	<Region>
		<LatLonAltBox>
			<north> 45.773407087682 </north>
			<south> 45.7732194063465 </south>
			<east> 4.75343527005329 </east>
			<west> 4.75307971986288 </west>
		</LatLonAltBox>
		<Lod>
			<minLodPixels>100</minLodPixels>
			<maxLodPixels>-1</maxLodPixels>
		</Lod>
	</Region>
			<MultiGeometry>
				<Polygon><altitudeMode>relativeToGround</altitudeMode>
					<outerBoundaryIs>
						<LinearRing>
							<coordinates>								4.75307971986288,45.7732194063465,0 4.75308416956583,45.7732825671228,0 4.75337877778932,45.77330645133841,0 4.75340751740211,45.773335998362,0 4.75343500125283,45.773407087682,0 4.75343527005329,45.7734033905884,0 4.75342255534432,45.7733191014887,0 4.75339880138225,45.7733006458026,0 4.7533672196987,45.773291048664,0 4.75333393114478,45.77328850359031,0 4.75323597782962,45.7732924577664,0 4.75309617685982,45.7732796784093,0 4.75307971986288,45.7732194063465,0 
							</coordinates>
						</LinearRing>
					</outerBoundaryIs>
				</Polygon>
			</MultiGeometry>
		</Placemark>
		<Placemark id="personne_morale.27079">
<styleUrl>#personne_morale</styleUrl>			<visibility>0</visibility>
			<ExtendedData>
				<SchemaData schemaUrl="#personne_morale">
					<SimpleData name="Numero de Parcelle">69044000AE0159</SimpleData>
					<SimpleData name="Departement">69</SimpleData>
					<SimpleData name="Commune">CHARBONNIERES-LES-BAINS</SimpleData>
					<SimpleData name="Adresse">69, RTE DE PARIS</SimpleData>
					<SimpleData name="Groupe de personne">Personnes morales non remarquables</SimpleData>
					<SimpleData name="Forme Juridique Abregee">SC</SimpleData>
					<SimpleData name="Denomination">MAGIREVE</SimpleData>
				</SchemaData>
			</ExtendedData>
	<Region>
		<LatLonAltBox>
			<north> 45.7812301434718 </north>
			<south> 45.7809642299348 </south>
			<east> 4.75082959650074 </east>
			<west> 4.750607205029 </west>
		</LatLonAltBox>
		<Lod>
			<minLodPixels>100</minLodPixels>
			<maxLodPixels>-1</maxLodPixels>
		</Lod>
	</Region>
			<MultiGeometry>
				<Polygon><altitudeMode>relativeToGround</altitudeMode>
					<outerBoundaryIs>
						<LinearRing>
							<coordinates>								4.75069748038061,45.7809642299348,0 4.75064771973995,45.7811447838677,0 4.75061781276499,45.78117190891209,0 4.750607205029,45.78121089412459,0 4.75077722471405,45.7812301434718,0 4.75078943394356,45.7811848284162,0 4.75082959650074,45.7810345070879,0 4.7507475220234,45.7810240713409,0 4.75076070662392,45.7809729766052,0 4.75069748038061,45.7809642299348,0 
							</coordinates>
						</LinearRing>
					</outerBoundaryIs>
				</Polygon>
			</MultiGeometry>
		</Placemark>
		<Placemark id="personne_morale.27162">
<styleUrl>#personne_morale</styleUrl>			<visibility>0</visibility>
			<ExtendedData>
				<SchemaData schemaUrl="#personne_morale">
					<SimpleData name="Numero de Parcelle">69044000AT0159</SimpleData>
					<SimpleData name="Departement">69</SimpleData>
					<SimpleData name="Commune">CHARBONNIERES-LES-BAINS</SimpleData>
					<SimpleData name="Adresse">GDES BRUYERES</SimpleData>
					<SimpleData name="Groupe de personne">Personnes morales non remarquables</SimpleData>
					<SimpleData name="Forme Juridique Abregee">AUPM</SimpleData>
					<SimpleData name="Denomination">ASS SYNDICALE LIBRE DES HAUTINIERES</SimpleData>
				</SchemaData>
			</ExtendedData>
	<Region>
		<LatLonAltBox>
			<north> 45.78063599679511 </north>
			<south> 45.7804277928584 </south>
			<east> 4.72913030177242 </east>
			<west> 4.72899962524143 </west>
		</LatLonAltBox>
		<Lod>
			<minLodPixels>100</minLodPixels>
			<maxLodPixels>-1</maxLodPixels>
		</Lod>
	</Region>
			<MultiGeometry>
				<Polygon><altitudeMode>relativeToGround</altitudeMode>
					<outerBoundaryIs>
						<LinearRing>
							<coordinates>								4.72908937932768,45.7804364362442,0 4.72899962524143,45.7806287611475,0 4.72903293495702,45.78063599679511,0 4.72913030177242,45.7804277928584,0 4.72911460825294,45.7804322666677,0 4.72910194072942,45.7804347125519,0 4.72908937932768,45.7804364362442,0 
							</coordinates>
						</LinearRing>
					</outerBoundaryIs>
				</Polygon>
			</MultiGeometry>
		</Placemark>
		<Placemark id="personne_morale.27474">
<styleUrl>#personne_morale</styleUrl>			<visibility>0</visibility>
			<ExtendedData>
				<SchemaData schemaUrl="#personne_morale">
					<SimpleData name="Numero de Parcelle">69044000AX0016</SimpleData>
					<SimpleData name="Departement">69</SimpleData>
					<SimpleData name="Commune">CHARBONNIERES-LES-BAINS</SimpleData>
					<SimpleData name="Adresse">27, CHE DES VERRIERES</SimpleData>
					<SimpleData name="Groupe de personne">Personnes morales non remarquables</SimpleData>
					<SimpleData name="Forme Juridique Abregee">SCI</SimpleData>
					<SimpleData name="Denomination">MILEO 01</SimpleData>
				</SchemaData>
			</ExtendedData>
	<Region>
		<LatLonAltBox>
			<north> 45.7887383164045 </north>
			<south> 45.7881775707635 </south>
			<east> 4.74445065949757 </east>
			<west> 4.74371656189991 </west>
		</LatLonAltBox>
		<Lod>
			<minLodPixels>100</minLodPixels>
			<maxLodPixels>-1</maxLodPixels>
		</Lod>
	</Region>
			<MultiGeometry>
				<Polygon><altitudeMode>relativeToGround</altitudeMode>
					<outerBoundaryIs>
						<LinearRing>
							<coordinates>								4.74403134082069,45.7881775707635,0 4.74371656189991,45.7884673294271,0 4.74417354635608,45.7887383164045,0 4.74445065949757,45.7884830053759,0 4.74427915712483,45.788392973329,0 4.74428834428208,45.7883822029544,0 4.74429720583205,45.7883692759089,0 4.74430564510721,45.7883511312745,0 4.74430837739437,45.7883438833658,0 4.74430831484523,45.7883419027717,0 4.74430677990642,45.7883381435169,0 4.74430453331131,45.7883322335593,0 4.74430009339851,45.7883261773613,0 4.7442944725838,45.7883194188484,0 4.74428984069629,45.78831543724921,0 4.74403134082069,45.7881775707635,0 
							</coordinates>
						</LinearRing>
					</outerBoundaryIs>
				</Polygon>
			</MultiGeometry>
		</Placemark>
		<Placemark id="personne_morale.27642">
<styleUrl>#personne_morale</styleUrl>			<visibility>0</visibility>
			<ExtendedData>
				<SchemaData schemaUrl="#personne_morale">
					<SimpleData name="Numero de Parcelle">69044000AE0160</SimpleData>
					<SimpleData name="Departement">69</SimpleData>
					<SimpleData name="Commune">CHARBONNIERES-LES-BAINS</SimpleData>
					<SimpleData name="Adresse">21, CHE DU SIROUX</SimpleData>
					<SimpleData name="Groupe de personne">Personnes morales non remarquables</SimpleData>
					<SimpleData name="Forme Juridique Abregee">SARL</SimpleData>
					<SimpleData name="Denomination">SARL LA PARISIENNE</SimpleData>
				</SchemaData>
			</ExtendedData>
	<Region>
		<LatLonAltBox>
			<north> 45.7814282205391 </north>
			<south> 45.78121089412459 </south>
			<east> 4.75077722471405 </east>
			<west> 4.75055344261751 </west>
		</LatLonAltBox>
		<Lod>
			<minLodPixels>100</minLodPixels>
			<maxLodPixels>-1</maxLodPixels>
		</Lod>
	</Region>
			<MultiGeometry>
				<Polygon><altitudeMode>relativeToGround</altitudeMode>
					<outerBoundaryIs>
						<LinearRing>
							<coordinates>								4.75055344261751,45.78140736260629,0 4.75072428625434,45.7814282205391,0 4.75073936416851,45.7813718723078,0 4.75077722471405,45.7812301434718,0 4.750607205029,45.78121089412459,0 4.75055344261751,45.78140736260629,0 
							</coordinates>
						</LinearRing>
					</outerBoundaryIs>
				</Polygon>
			</MultiGeometry>
		</Placemark>
		<Placemark id="personne_morale.27696">
<styleUrl>#personne_morale</styleUrl>			<visibility>0</visibility>
			<ExtendedData>
				<SchemaData schemaUrl="#personne_morale">
					<SimpleData name="Numero de Parcelle">69044000AR0160</SimpleData>
					<SimpleData name="Departement">69</SimpleData>
					<SimpleData name="Commune">CHARBONNIERES-LES-BAINS</SimpleData>
					<SimpleData name="Adresse">8, CHE VERT</SimpleData>
					<SimpleData name="Groupe de personne">Personnes morales non remarquables</SimpleData>
					<SimpleData name="Forme Juridique Abregee">SCI</SimpleData>
					<SimpleData name="Denomination">DU CHEMIN VERT</SimpleData>
				</SchemaData>
			</ExtendedData>
	<Region>
		<LatLonAltBox>
			<north> 45.7772234345949 </north>
			<south> 45.77666832513221 </south>
			<east> 4.73830917018548 </east>
			<west> 4.73752221887622 </west>
		</LatLonAltBox>
		<Lod>
			<minLodPixels>100</minLodPixels>
			<maxLodPixels>-1</maxLodPixels>
		</Lod>
	</Region>
			<MultiGeometry>
				<Polygon><altitudeMode>relativeToGround</altitudeMode>
					<outerBoundaryIs>
						<LinearRing>
							<coordinates>								4.73752221887622,45.7769324847796,0 4.73796528805046,45.7772234345949,0 4.73809565766492,45.7771203669639,0 4.73830917018548,45.7769515275793,0 4.7378778011014,45.77666832513221,0 4.73752221887622,45.7769324847796,0 
							</coordinates>
						</LinearRing>
					</outerBoundaryIs>
				</Polygon>
			</MultiGeometry>
		</Placemark>
		<Placemark id="personne_morale.27952">
<styleUrl>#personne_morale</styleUrl>			<visibility>0</visibility>
			<ExtendedData>
				<SchemaData schemaUrl="#personne_morale">
					<SimpleData name="Numero de Parcelle">69044000AT0161</SimpleData>
					<SimpleData name="Departement">69</SimpleData>
					<SimpleData name="Commune">CHARBONNIERES-LES-BAINS</SimpleData>
					<SimpleData name="Adresse">GDES BRUYERES</SimpleData>
					<SimpleData name="Groupe de personne">Personnes morales non remarquables</SimpleData>
					<SimpleData name="Forme Juridique Abregee">AUPM</SimpleData>
					<SimpleData name="Denomination">ASS SYNDICALE LIBRE DES HAUTINIERES</SimpleData>
				</SchemaData>
			</ExtendedData>
	<Region>
		<LatLonAltBox>
			<north> 45.7808189813001 </north>
			<south> 45.7805248173393 </south>
			<east> 4.72903293495702 </east>
			<west> 4.72816203735483 </west>
		</LatLonAltBox>
		<Lod>
			<minLodPixels>100</minLodPixels>
			<maxLodPixels>-1</maxLodPixels>
		</Lod>
	</Region>
			<MultiGeometry>
				<Polygon><altitudeMode>relativeToGround</altitudeMode>
					<outerBoundaryIs>
						<LinearRing>
							<coordinates>								4.72899962524143,45.7806287611475,0 4.72859494244278,45.7806711698366,0 4.72840763325771,45.78056802619179,0 4.72834580403484,45.7805338457745,0 4.72832955924941,45.7805248173393,0 4.72816203735483,45.7806673527889,0 4.72818086394399,45.7806766119172,0 4.72839435449019,45.78078133645009,0 4.72847109625486,45.7808189813001,0 4.72849706740676,45.7808056133016,0 4.72851924332027,45.7807943750583,0 4.72853242188704,45.7807876880977,0 4.72855930494818,45.7807746663969,0 4.72857516016233,45.7807671277919,0 4.7285912670722,45.78075940518779,0 4.72861665680935,45.7807480276196,0 4.72863672703371,45.7807394336566,0 4.72864231513917,45.7807370062128,0 4.72864536934317,45.7807358785758,0 4.72865122041658,45.7807336272439,0 4.72865783504037,45.7807310940024,0 4.72867081822104,45.7807263915701,0 4.7286862235356,45.7807209314639,0 4.72869730769594,45.7807172488982,0 4.72870420218837,45.7807154319305,0 4.72873114808779,45.780708534021,0 4.72875210297818,45.7807035293043,0 4.7287654195488,45.7807012536574,0 4.72878040878959,45.7806989523815,0 4.72880451366478,45.78069588094471,0 4.72883632446988,45.7806922410817,0 4.72901423707139,45.78067609448919,0 4.72903293495702,45.78063599679511,0 4.72899962524143,45.7806287611475,0 
							</coordinates>
						</LinearRing>
					</outerBoundaryIs>
				</Polygon>
			</MultiGeometry>
		</Placemark>
		<Placemark id="personne_morale.28144">
<styleUrl>#personne_morale</styleUrl>			<visibility>0</visibility>
			<ExtendedData>
				<SchemaData schemaUrl="#personne_morale">
					<SimpleData name="Numero de Parcelle">69044000AE0162</SimpleData>
					<SimpleData name="Departement">69</SimpleData>
					<SimpleData name="Commune">CHARBONNIERES-LES-BAINS</SimpleData>
					<SimpleData name="Adresse">71, RTE DE PARIS</SimpleData>
					<SimpleData name="Groupe de personne">Personnes morales non remarquables</SimpleData>
					<SimpleData name="Forme Juridique Abregee">SC</SimpleData>
					<SimpleData name="Denomination">MAGIREVE</SimpleData>
				</SchemaData>
			</ExtendedData>
	<Region>
		<LatLonAltBox>
			<north> 45.78119528047011 </north>
			<south> 45.7810345070879 </south>
			<east> 4.7509200942905 </east>
			<west> 4.75078943394356 </west>
		</LatLonAltBox>
		<Lod>
			<minLodPixels>100</minLodPixels>
			<maxLodPixels>-1</maxLodPixels>
		</Lod>
	</Region>
			<MultiGeometry>
				<Polygon><altitudeMode>relativeToGround</altitudeMode>
					<outerBoundaryIs>
						<LinearRing>
							<coordinates>								4.75082959650074,45.7810345070879,0 4.75078943394356,45.7811848284162,0 4.75088206510002,45.78119528047011,0 4.7509200942905,45.7810467035601,0 4.75082959650074,45.7810345070879,0 
							</coordinates>
						</LinearRing>
					</outerBoundaryIs>
				</Polygon>
			</MultiGeometry>
		</Placemark>
		<Placemark id="personne_morale.28684">
<styleUrl>#personne_morale</styleUrl>			<visibility>0</visibility>
			<ExtendedData>
				<SchemaData schemaUrl="#personne_morale">
					<SimpleData name="Numero de Parcelle">69044000AR0164</SimpleData>
					<SimpleData name="Departement">69</SimpleData>
					<SimpleData name="Commune">CHARBONNIERES-LES-BAINS</SimpleData>
					<SimpleData name="Adresse">20, CHE DES GDES BRUYERES</SimpleData>
					<SimpleData name="Groupe de personne">Personnes morales non remarquables</SimpleData>
					<SimpleData name="Forme Juridique Abregee">SCI</SimpleData>
					<SimpleData name="Denomination">LE TARTARET</SimpleData>
				</SchemaData>
			</ExtendedData>
	<Region>
		<LatLonAltBox>
			<north> 45.78003435288949 </north>
			<south> 45.7797149930069 </south>
			<east> 4.7342291176364 </east>
			<west> 4.73396244748389 </west>
		</LatLonAltBox>
		<Lod>
			<minLodPixels>100</minLodPixels>
			<maxLodPixels>-1</maxLodPixels>
		</Lod>
	</Region>
			<MultiGeometry>
				<Polygon><altitudeMode>relativeToGround</altitudeMode>
					<outerBoundaryIs>
						<LinearRing>
							<coordinates>								4.7342291176364,45.7797149930069,0 4.73419700520065,45.7797171979094,0 4.73396244748389,45.7800201075186,0 4.7339908284661,45.78003435288949,0 4.73405105427071,45.77993534039331,0 4.7342291176364,45.7797149930069,0 
							</coordinates>
						</LinearRing>
					</outerBoundaryIs>
				</Polygon>
			</MultiGeometry>
		</Placemark>
		<Placemark id="personne_morale.28852">
<styleUrl>#personne_morale</styleUrl>			<visibility>0</visibility>
			<ExtendedData>
				<SchemaData schemaUrl="#personne_morale">
					<SimpleData name="Numero de Parcelle">69044000AE0165</SimpleData>
					<SimpleData name="Departement">69</SimpleData>
					<SimpleData name="Commune">CHARBONNIERES-LES-BAINS</SimpleData>
					<SimpleData name="Adresse">71, RTE DE PARIS</SimpleData>
					<SimpleData name="Groupe de personne">Personnes morales non remarquables</SimpleData>
					<SimpleData name="Forme Juridique Abregee">SC</SimpleData>
					<SimpleData name="Denomination">MAGIREVE</SimpleData>
				</SchemaData>
			</ExtendedData>
	<Region>
		<LatLonAltBox>
			<north> 45.78096178929961 </north>
			<south> 45.7809049307666 </south>
			<east> 4.75116290259451 </east>
			<west> 4.75108296647256 </west>
		</LatLonAltBox>
		<Lod>
			<minLodPixels>100</minLodPixels>
			<maxLodPixels>-1</maxLodPixels>
		</Lod>
	</Region>
			<MultiGeometry>
				<Polygon><altitudeMode>relativeToGround</altitudeMode>
					<outerBoundaryIs>
						<LinearRing>
							<coordinates>								4.75108296647256,45.7809541950534,0 4.75115079052443,45.78096178929961,0 4.75116290259451,45.7809093600898,0 4.7510942778221,45.7809049307666,0 4.75108296647256,45.7809541950534,0 
							</coordinates>
						</LinearRing>
					</outerBoundaryIs>
				</Polygon>
			</MultiGeometry>
		</Placemark>
		<Placemark id="personne_morale.29093">
<styleUrl>#personne_morale</styleUrl>			<visibility>0</visibility>
			<ExtendedData>
				<SchemaData schemaUrl="#personne_morale">
					<SimpleData name="Numero de Parcelle">69044000AE0166</SimpleData>
					<SimpleData name="Departement">69</SimpleData>
					<SimpleData name="Commune">CHARBONNIERES-LES-BAINS</SimpleData>
					<SimpleData name="Adresse">21, CHE DU SIROUX</SimpleData>
					<SimpleData name="Groupe de personne">Personnes morales non remarquables</SimpleData>
					<SimpleData name="Forme Juridique Abregee">SARL</SimpleData>
					<SimpleData name="Denomination">SARL LA PARISIENNE</SimpleData>
				</SchemaData>
			</ExtendedData>
	<Region>
		<LatLonAltBox>
			<north> 45.7814344375051 </north>
			<south> 45.7809093600898 </south>
			<east> 4.7513272083772 </east>
			<west> 4.75073936416851 </west>
		</LatLonAltBox>
		<Lod>
			<minLodPixels>100</minLodPixels>
			<maxLodPixels>-1</maxLodPixels>
		</Lod>
	</Region>
			<MultiGeometry>
				<Polygon><altitudeMode>relativeToGround</altitudeMode>
					<outerBoundaryIs>
						<LinearRing>
							<coordinates>								4.75073936416851,45.7813718723078,0 4.75114788028863,45.7814344375051,0 4.75115469638592,45.7813936195874,0 4.75122403610831,45.78120942890769,0 4.7513272083772,45.7809351823936,0 4.75116290259451,45.7809093600898,0 4.75115079052443,45.78096178929961,0 4.75108296647256,45.7809541950534,0 4.75101526825244,45.7809465087429,0 4.75100406266145,45.7809950508107,0 4.75099342048341,45.78104106214351,0 4.75092352912314,45.7810332296678,0 4.7509200942905,45.7810467035601,0 4.75088206510002,45.78119528047011,0 4.75078943394356,45.7811848284162,0 4.75077722471405,45.7812301434718,0 4.75073936416851,45.7813718723078,0 
							</coordinates>
						</LinearRing>
					</outerBoundaryIs>
				</Polygon>
			</MultiGeometry>
		</Placemark>
		<Placemark id="personne_morale.30035">
<styleUrl>#personne_morale</styleUrl>			<visibility>0</visibility>
			<ExtendedData>
				<SchemaData schemaUrl="#personne_morale">
					<SimpleData name="Numero de Parcelle">69044000AI0017</SimpleData>
					<SimpleData name="Departement">69</SimpleData>
					<SimpleData name="Commune">CHARBONNIERES-LES-BAINS</SimpleData>
					<SimpleData name="Adresse">6, BD BEAU SITE</SimpleData>
					<SimpleData name="Groupe de personne">Personnes morales non remarquables</SimpleData>
					<SimpleData name="Forme Juridique Abregee">SCI</SimpleData>
					<SimpleData name="Denomination">ARTHURET</SimpleData>
				</SchemaData>
			</ExtendedData>
	<Region>
		<LatLonAltBox>
			<north> 45.78462468115221 </north>
			<south> 45.7842320729452 </south>
			<east> 4.74256678546224 </east>
			<west> 4.74179240338124 </west>
		</LatLonAltBox>
		<Lod>
			<minLodPixels>100</minLodPixels>
			<maxLodPixels>-1</maxLodPixels>
		</Lod>
	</Region>
			<MultiGeometry>
				<Polygon><altitudeMode>relativeToGround</altitudeMode>
					<outerBoundaryIs>
						<LinearRing>
							<coordinates>								4.74251230937123,45.78462468115221,0 4.74256678546224,45.7843151669718,0 4.74252539800376,45.7842886947526,0 4.74185237484087,45.7842320729452,0 4.74179240338124,45.784534826157,0 4.74232373951864,45.78460120211079,0 4.74251230937123,45.78462468115221,0 
							</coordinates>
						</LinearRing>
					</outerBoundaryIs>
				</Polygon>
			</MultiGeometry>
		</Placemark>
		<Placemark id="personne_morale.30550">
<styleUrl>#personne_morale</styleUrl>			<visibility>0</visibility>
			<ExtendedData>
				<SchemaData schemaUrl="#personne_morale">
					<SimpleData name="Numero de Parcelle">69044000AM0171</SimpleData>
					<SimpleData name="Departement">69</SimpleData>
					<SimpleData name="Commune">CHARBONNIERES-LES-BAINS</SimpleData>
					<SimpleData name="Adresse">LE MERIDIEN</SimpleData>
					<SimpleData name="Groupe de personne">Personnes morales non remarquables</SimpleData>
					<SimpleData name="Forme Juridique Abregee">SCI</SimpleData>
					<SimpleData name="Denomination">DU BOURG</SimpleData>
				</SchemaData>
			</ExtendedData>
	<Region>
		<LatLonAltBox>
			<north> 45.7748097516076 </north>
			<south> 45.7727166814432 </south>
			<east> 4.75679456001645 </east>
			<west> 4.75461457736216 </west>
		</LatLonAltBox>
		<Lod>
			<minLodPixels>100</minLodPixels>
			<maxLodPixels>-1</maxLodPixels>
		</Lod>
	</Region>
			<MultiGeometry>
				<Polygon><altitudeMode>relativeToGround</altitudeMode>
					<outerBoundaryIs>
						<LinearRing>
							<coordinates>								4.7555960289127,45.7727166814432,0 4.755591415618,45.7727578256862,0 4.75554715537863,45.7727704938869,0 4.75554120898273,45.7727696857059,0 4.75553525686573,45.7727686974713,0 4.75552930474895,45.77276770923629,0 4.75552348414058,45.77276680902591,0 4.75551752916361,45.77276573076369,0 4.75551157990806,45.7727648325545,0 4.75550575357911,45.77276375228979,0 4.75549966709466,45.7727625860018,0 4.75549384362675,45.7727615957632,0 4.75548801443794,45.77276042547091,0 4.75548205946234,45.77275934720691,0 4.75547622741348,45.77275808688739,0 4.75547039536489,45.7727568265676,0 4.75546456617708,45.77275565627409,0 4.75545886277657,45.7727543939519,0 4.75545303072876,45.7727531336312,0 4.75544707003366,45.77275187531199,0 4.75544136091299,45.7727504329356,0 4.75543552886599,45.772749172614,0 4.75542969109835,45.7727477322388,0 4.75541668382676,45.7727718034879,0 4.75549180598858,45.7727987367913,0 4.75549389009632,45.7727995150025,0 4.75549597420411,45.7728002932135,0 4.75549818695964,45.7728010694227,0 4.75550026820698,45.772801757607,0 4.75550222652786,45.77280262784651,0 4.75550431349647,45.772803496084,0 4.75550652911283,45.77280436231969,0 4.75550849029449,45.7728053225857,0 4.75551044861563,45.772806192825,0 4.75551240979742,45.77280715309081,0 4.75551437383988,45.7728082033834,0 4.75551620065292,45.77280898559771,0 4.75551803604783,45.77281003789201,0 4.7555200000905,45.7728110881844,0 4.75552170969847,45.77281223250711,0 4.75552354509359,45.77281328480131,0 4.7555255119971,45.7728144251203,0 4.75552722160529,45.7728155694429,0 4.75552867963939,45.7728168978225,0 4.7555298775175,45.7728181401791,0 4.75553108111694,45.77281956258899,0 4.75553215606871,45.77282098700079,0 4.75553310523346,45.772822503441,0 4.75553405153763,45.7728239298546,0 4.75553500070248,45.7728254462948,0 4.75553569543255,45.77282705676541,0 4.7555362586543,45.77282857921121,0 4.75553682473672,45.7728301916836,0 4.7555372593108,45.7728317161312,0 4.75553756809779,45.7728333326074,0 4.75553774251577,45.772834771032,0 4.75553764533506,45.77283576332711,0 4.75553755101499,45.7728368456488,0 4.75553732518652,45.7728378399458,0 4.7555370964974,45.7728387442161,0 4.75553687352955,45.7728398285396,0 4.7555366505617,45.7728409128632,0 4.75553629894607,45.77284199918871,0 4.75553594446979,45.77284299548739,0 4.75553546420636,45.7728440838147,0 4.75553524123846,45.7728451681383,0 4.7555346294666,45.7728461684408,0 4.75553414920312,45.7728472567681,0 4.75553354029184,45.7728483470972,0 4.75544248049991,45.7730044162104,0 4.75526702633916,45.7731334258854,0 4.75484812299545,45.7737591817062,0 4.75461457736216,45.7745516572765,0 4.75471042995655,45.7748097516076,0 4.75489196416833,45.7748071082312,0 4.75489430561425,45.7748038292494,0 4.7548968043092,45.7748014485332,0 4.75490008063741,45.7747992358636,0 4.75490728799357,45.7747951606252,0 4.7549124912462,45.7747928279115,0 4.75492227736646,45.77478889270269,0 4.75493476804358,45.77478500549519,0 4.75494727301784,45.7747815684198,0 4.75495568971509,45.7747790956479,0 4.75496563308021,45.77477605870089,0 4.75497542777319,45.7747723935675,0 4.75498328696114,45.7747685783982,0 4.75498970523452,45.7747639750018,0 4.75499968001196,45.7747578751435,0 4.75500935744443,45.7747505189133,0 4.75502301160991,45.7747386873345,0 4.75503301779415,45.77472952456489,0 4.7550482757436,45.7747114531244,0 4.75505061431624,45.7747080841127,0 4.75505269558436,45.77470471910361,0 4.75505490550433,45.7747013520931,0 4.75505711542404,45.7746979850825,0 4.75505906517933,45.7746945320479,0 4.75506114358646,45.7746910770119,0 4.75506309334126,45.7746876239772,0 4.75506478579167,45.7746841749451,0 4.75506660403396,45.7746806338849,0 4.75506829648394,45.7746771848528,0 4.75506985742169,45.7746736477952,0 4.75507142121921,45.7746702007643,0 4.75507298215656,45.7746666637067,0 4.75507428292969,45.7746630406251,0 4.75507571235466,45.7746594155421,0 4.75507701312744,45.7746557924604,0 4.75507805659606,45.77465217338139,0 4.75507922871653,45.774648552301,0 4.75508027218487,45.774644933222,0 4.7550811870011,45.7746413161442,0 4.75508373124955,45.7746241630437,0 4.75508592386069,45.77460809626721,0 4.75508629246463,45.774591337296,0 4.75508631510488,45.77457179150051,0 4.75508754999892,45.7745579914017,0 4.75509243261086,45.7745212564814,0 4.755092675469,45.77450864274,0 4.75509244666891,45.774501440606,0 4.75509221214888,45.7744940584185,0 4.75509152017412,45.7744844315683,0 4.75508897554943,45.7744691590549,0 4.75508711141167,45.77445910008329,0 4.75508578757267,45.7744457901446,0 4.75508568747313,45.774442639211,0 4.75508558451361,45.7744393982506,0 4.75508548441409,45.774436247317,0 4.75508563875757,45.77443300235399,0 4.75508592175251,45.7744297553897,0 4.75508620760739,45.774426598452,0 4.75508674790519,45.774423347485,0 4.75508729106291,45.7744201865446,0 4.75508796287201,45.77441702360301,0 4.75508863754103,45.7744139506879,0 4.75508943800141,45.77441078574489,0 4.75509049862454,45.7744077068259,0 4.75509142773615,45.77440453988149,0 4.75509261701046,45.7744014589611,0 4.75509393493605,45.7743983760393,0 4.75509525572149,45.7743953831442,0 4.75509670515817,45.7743923882477,0 4.75509828324609,45.7743893913498,0 4.75509998712519,45.77438630242399,0 4.75510157093277,45.7743834855794,0 4.75510622516337,45.7743760273404,0 4.75511639413956,45.7743598364789,0 4.75513187780158,45.7743407707313,0 4.75514582627077,45.7743260522802,0 4.75516207896019,45.7743068844933,0 4.75517609028103,45.77429009342359,0 4.75518721698158,45.7742756890791,0 4.75518920675589,45.7742734964157,0 4.75519105643834,45.77427094564699,0 4.75519290898077,45.774268484905,0 4.75519463001179,45.77426593613771,0 4.75519622239157,45.77426338937191,0 4.75519768325996,45.7742607545808,0 4.75519914698837,45.7742582098164,0 4.75520047634525,45.7742554870001,0 4.75520167705094,45.7742527661852,0 4.75520274910546,45.7742500473718,0 4.75520382115987,45.7742473285584,0 4.75520476456314,45.7742446117465,0 4.75520570796631,45.7742418949345,0 4.7552062654163,45.774239184127,0 4.75520695151726,45.77423647131801,0 4.75520750610696,45.77423367048381,0 4.75520806069661,45.7742308696496,0 4.75520822933319,45.7742280748198,0 4.75520852662075,45.7742252779886,0 4.75520869525729,45.7742224831588,0 4.75520862358216,45.77420807288689,0 4.75520655349912,45.774191531997,0 4.75520336268502,45.7741721262654,0 4.75520133545093,45.77415288257391,0 4.75520086930129,45.7741422614281,0 4.75520170962433,45.7741281972527,0 4.75520389354444,45.7741078071926,0 4.75520626331691,45.7740892156644,0 4.75521048567976,45.7740722165956,0 4.7552154714205,45.77405898863941,0 4.75522013985157,45.7740479273275,0 4.75522580036087,45.7740397328585,0 4.75523923126672,45.7740249323753,0 4.75524930301127,45.77401378699859,0 4.75526499532912,45.77400129318,0 4.75528085061369,45.77398987767761,0 4.75529862420675,45.7739780720426,0 4.75530936212966,45.7739716900677,0 4.75532617515627,45.7739620610811,0 4.75534288527008,45.7739532443337,0 4.75537270620225,45.7739398101065,0 4.75545054763212,45.7739064435393,0 4.75546652871662,45.77389898918409,0 4.75549452846234,45.7738849527628,0 4.75551293100279,45.7738767401535,0 4.755538838076,45.7738657086321,0 4.75555458758303,45.7738590685081,0 4.75555776378615,45.773857758088,0 4.75556080561753,45.7738562696164,0 4.75556371879864,45.77385478314649,0 4.7555667606297,45.77385329467469,0 4.75556980246059,45.7738518062028,0 4.75557271278047,45.7738502297061,0 4.75557562310017,45.77384865320929,0 4.7555783990481,45.773846898661,0 4.75558118071737,45.773845324166,0 4.75558395666494,45.7738435696175,0 4.75558673833389,45.7738419951223,0 4.75558938563104,45.7738402425757,0 4.75559215871732,45.7738383980004,0 4.75559480315334,45.7738365554269,0 4.7555973189391,45.77383471485529,0 4.75559983472471,45.7738328742837,0 4.75560235051014,45.77383103371201,0 4.75560486343461,45.7738291031135,0 4.75560724484804,45.77382708449031,0 4.75560962626129,45.77382506586711,0 4.75561889175169,45.77381690535081,0 4.75562599307583,45.77380949908029,0 4.75563618190968,45.7737979915606,0 4.7556445753616,45.77378669212091,0 4.75564642500673,45.77378414134479,0 4.75564789156272,45.7737816866013,0 4.75564948390765,45.7737791398292,0 4.75565107625243,45.773776593057,0 4.75565241129721,45.7737740502887,0 4.75565361769194,45.7737715095224,0 4.75565482122568,45.77376887872951,0 4.7556558961094,45.7737662499385,0 4.75565697099301,45.7737636211475,0 4.75565778857672,45.77376099636051,0 4.75565860329947,45.7737582815468,0 4.75565928937225,45.7737555687351,0 4.75565997830585,45.77375294595009,0 4.75566040707875,45.7737502371424,0 4.75566083299072,45.77374743830801,0 4.75566113311367,45.7737447315023,0 4.7556614332366,45.7737420246966,0 4.75566147892068,45.7737394119215,0 4.75566151888299,45.7737366190931,0 4.75566143305634,45.77373391829331,0 4.75566024918972,45.7737209664666,0 4.75565604343949,45.773706080099,0 4.75565145174231,45.77369119973731,0 4.7556421226293,45.773664954057,0 4.75563793128085,45.77365457102371,0 4.75563193875121,45.77364016281621,0 4.75562745005578,45.7736285234132,0 4.75562466813645,45.7736179383046,0 4.75562204624948,45.7736042882857,0 4.75562151127682,45.7735874533006,0 4.75562167390726,45.7735723188122,0 4.75562195391825,45.77356492861849,0 4.75562436652645,45.7735517406835,0 4.75562711376207,45.7735450326658,0 4.75563287420057,45.773535935908,0 4.75564301720899,45.77352298796129,0 4.75565092185755,45.77351655997071,0 4.75566303464999,45.7735048423657,0 4.75567057909378,45.7734992306196,0 4.75567221434292,45.773498034247,0 4.7556738467311,45.7734967478477,0 4.75567561062938,45.773495549473,0 4.75567737452759,45.77349435109831,0 4.75567901263735,45.7734932447523,0 4.75568078225722,45.7734922264309,0 4.75568267766539,45.7734911160807,0 4.7556845787953,45.7734901857839,0 4.75568660571351,45.7734891634583,0 4.75568850398237,45.7734881431348,0 4.75569040511209,45.7734872128378,0 4.75569243775193,45.7734863705654,0 4.75569459904096,45.773485526291,0 4.7556966345416,45.7734847740452,0 4.75569879869144,45.7734840197974,0 4.75570096284122,45.77348326554951,0 4.7557029983417,45.7734825133036,0 4.7557052968625,45.7734819371069,0 4.755719328119,45.7734779357617,0 4.75573465158773,45.7734740944472,0 4.75575015806291,45.773471961635,0 4.75577015867634,45.7734694886667,0 4.75578348669549,45.7734676599659,0 4.7558034987503,45.7734655470983,0 4.7559041565749,45.7734575854708,0 4.75598732094582,45.77344998610319,0 4.75604018132576,45.7734446597838,0 4.75606301792052,45.77344232276351,0 4.75608509406478,45.77344035786,0 4.75609151793691,45.773439987656,0 4.75609459693144,45.7734396695164,0 4.75609690116954,45.773439273365,0 4.75609933119516,45.7734387851845,0 4.75610175835915,45.77343820697719,0 4.75610393108642,45.7734377228015,0 4.75610635825031,45.7734371445941,0 4.75610865676502,45.7734365683892,0 4.75611108392881,45.7734359901818,0 4.75611338244343,45.7734354139767,0 4.75611567523477,45.7734346577184,0 4.75611797088767,45.7734339914866,0 4.75612026654051,45.7734333252548,0 4.75612256219329,45.77343265902299,0 4.7561248549844,45.7734319027645,0 4.75612701912632,45.7734311485084,0 4.75612930905566,45.7734303022231,0 4.75613147033583,45.7734294579404,0 4.75613363161593,45.7734286136575,0 4.75613579289596,45.7734277693746,0 4.75613782552682,45.77342692709429,0 4.75615050156703,45.7734207850813,0 4.75617376949868,45.77340772285261,0 4.75618700292389,45.7733988700233,0 4.75621074523858,45.7733804862021,0 4.75622986176704,45.7733583013228,0 4.75624466444902,45.77334212829191,0 4.75626060206737,45.7733252170217,0 4.75627572212834,45.7733109305408,0 4.75628898113487,45.7732988347379,0 4.75629174558494,45.7732967200655,0 4.7562946415455,45.773294693417,0 4.75629753750584,45.7732926667684,0 4.75630043632788,45.77329073014639,0 4.75630346093658,45.7732887014949,0 4.75630648840697,45.7732867628701,0 4.75630964738784,45.773284912269,0 4.75631280923042,45.7732831516945,0 4.75631609972156,45.7732813891171,0 4.7563192587018,45.7732795385158,0 4.7563225549164,45.7732779559915,0 4.75632597691761,45.77327628143781,0 4.75632940464252,45.7732747869372,0 4.75633295815403,45.7732732004071,0 4.75633638587856,45.7732717059063,0 4.75633981646487,45.77327030143209,0 4.75634350434847,45.7732688929522,0 4.75634706358316,45.7732674864749,0 4.75635075719035,45.77326625804811,0 4.75637141225191,45.7732600818644,0 4.75638462285694,45.77325456200041,0 4.75638805630301,45.7732532475513,0 4.75639085509164,45.77325221319621,0 4.75639377680473,45.7732509967849,0 4.75639657273107,45.773249872403,0 4.75639924000862,45.7732487500238,0 4.75640203307267,45.77324753561509,0 4.75640469462585,45.7732462331826,0 4.75640748482757,45.77324492874709,0 4.7564101463805,45.7732436263144,0 4.75641280507121,45.7732422338551,0 4.75641533511313,45.77324084339839,0 4.75641773650626,45.7732394549447,0 4.75642013217507,45.7732378864375,0 4.7564226593545,45.7732364059542,0 4.75642505788515,45.7732349274736,0 4.75642745355356,45.7732333589663,0 4.75642984922184,45.77323179045901,0 4.75643211624134,45.7732302239545,0 4.75643425174996,45.7732285694262,0 4.75643651304496,45.7732268228683,0 4.75644817684219,45.7732171838033,0 4.75647077817845,45.7731953049118,0 4.756482630417,45.7731794479967,0 4.75648874513775,45.7731693548936,0 4.75649462545706,45.7731599860091,0 4.75650753820106,45.7731410501593,0 4.75651201498323,45.77313611661449,0 4.75651451353307,45.7731337358627,0 4.7565171407311,45.7731313531079,0 4.75651989943956,45.7731290583767,0 4.75652278393392,45.77312667161579,0 4.75652554550418,45.7731244669111,0 4.75652843572259,45.7731222602034,0 4.75653145745142,45.7731201415192,0 4.75653460782839,45.77311802083191,0 4.75653775820512,45.7731159001446,0 4.75654078279554,45.7731138714868,0 4.75654406754474,45.77311192884951,0 4.75654735229371,45.7731099862122,0 4.75655076569079,45.77310804157171,0 4.75655418481226,45.7731062769845,0 4.75655773258184,45.7731045103941,0 4.75656115170286,45.7731027458066,0 4.75656470519665,45.7731011592692,0 4.7565683816139,45.7730993906754,0 4.75657206661792,45.7730978921615,0 4.7565758888571,45.7730966617242,0 4.75659104343907,45.7730915619237,0 4.75660817067862,45.7730877824746,0 4.75662748493671,45.7730839689702,0 4.75665106462259,45.77308071954611,0 4.75665183078733,45.7730805274741,0 4.75665451522636,45.7730799452487,0 4.75665733403855,45.77307954107339,0 4.75666002706491,45.7730792289277,0 4.756662851602,45.7730790048055,0 4.75666567613907,45.77307878068319,0 4.75666837202784,45.773078558564,0 4.75667120228986,45.77307851449489,0 4.75667403541438,45.7730785604523,0 4.75667673989064,45.77307860841281,0 4.75667957587768,45.7730787443966,0 4.75668241472725,45.7730789704071,0 4.75668512492858,45.7730791984206,0 4.75668783799245,45.7730795164607,0 4.75669068256716,45.7730799225242,0 4.75669340135617,45.7730804206175,0 4.75669599149695,45.7730809207138,0 4.75669871028606,45.7730814188069,0 4.75670143480031,45.7730820969532,0 4.75672158711477,45.7730884484291,0 4.75674343190019,45.7730954040458,0 4.75674591915742,45.7730967163839,0 4.75674864939826,45.7730975745823,0 4.75675137963918,45.77309843278061,0 4.75675410701756,45.7730992009523,0 4.75675683153337,45.7730998790972,0 4.75675968469757,45.77310055523889,0 4.75676253499919,45.7731011413538,0 4.75676525665254,45.773101729472,0 4.75676836138827,45.7731022215536,0 4.75677120882741,45.7731027176417,0 4.75677405054126,45.7731030336765,0 4.75677702376614,45.7731034377345,0 4.75677999412839,45.77310375176591,0 4.75678283297966,45.7731039777738,0 4.75678567183095,45.7731042037817,0 4.75678863360521,45.7731042477329,0 4.75679159824218,45.7731043817107,0 4.75679456001645,45.7731044256618,0 4.75667843153214,45.7730589465508,0 4.75631963805365,45.7729189776293,0 4.75602584595814,45.77281546547571,0 4.75560108621435,45.77271786374141,0 4.7555960289127,45.7727166814432,0 
							</coordinates>
						</LinearRing>
					</outerBoundaryIs>
				</Polygon>
			</MultiGeometry>
		</Placemark>
		<Placemark id="personne_morale.31636">
<styleUrl>#personne_morale</styleUrl>			<visibility>0</visibility>
			<ExtendedData>
				<SchemaData schemaUrl="#personne_morale">
					<SimpleData name="Numero de Parcelle">69044000AT0176</SimpleData>
					<SimpleData name="Departement">69</SimpleData>
					<SimpleData name="Commune">CHARBONNIERES-LES-BAINS</SimpleData>
					<SimpleData name="Adresse">GDES BRUYERES</SimpleData>
					<SimpleData name="Groupe de personne">Personnes morales non remarquables</SimpleData>
					<SimpleData name="Forme Juridique Abregee">AUPM</SimpleData>
					<SimpleData name="Denomination">ASS SYNDICALE LIBRE DES HAUTINIERES</SimpleData>
				</SchemaData>
			</ExtendedData>
	<Region>
		<LatLonAltBox>
			<north> 45.77925275027911 </north>
			<south> 45.7790686835112 </south>
			<east> 4.73115378682301 </east>
			<west> 4.73033703611403 </west>
		</LatLonAltBox>
		<Lod>
			<minLodPixels>100</minLodPixels>
			<maxLodPixels>-1</maxLodPixels>
		</Lod>
	</Region>
			<MultiGeometry>
				<Polygon><altitudeMode>relativeToGround</altitudeMode>
					<outerBoundaryIs>
						<LinearRing>
							<coordinates>								4.73035734301789,45.7790923308617,0 4.73073646315294,45.7790972345378,0 4.73073710646904,45.77909722466989,0 4.73081946245672,45.77912919741581,0 4.73113806722276,45.77925275027911,0 4.73115378682301,45.7792326935697,0 4.73074248126391,45.77907156218239,0 4.73033703611403,45.7790686835112,0 4.73033797059504,45.7790697500272,0 4.73034956753959,45.7790824522715,0 4.73035734301789,45.7790923308617,0 
							</coordinates>
						</LinearRing>
					</outerBoundaryIs>
				</Polygon>
			</MultiGeometry>
		</Placemark>
		<Placemark id="personne_morale.31773">
<styleUrl>#personne_morale</styleUrl>			<visibility>0</visibility>
			<ExtendedData>
				<SchemaData schemaUrl="#personne_morale">
					<SimpleData name="Numero de Parcelle">69044000AE0177</SimpleData>
					<SimpleData name="Departement">69</SimpleData>
					<SimpleData name="Commune">CHARBONNIERES-LES-BAINS</SimpleData>
					<SimpleData name="Adresse">LE SIROUX</SimpleData>
					<SimpleData name="Groupe de personne">Personnes morales non remarquables</SimpleData>
					<SimpleData name="Forme Juridique Abregee">SCI</SimpleData>
					<SimpleData name="Denomination">NEO NLF INVEST</SimpleData>
				</SchemaData>
			</ExtendedData>
	<Region>
		<LatLonAltBox>
			<north> 45.7845993837048 </north>
			<south> 45.78426654850659 </south>
			<east> 4.75084521120185 </east>
			<west> 4.75057963240996 </west>
		</LatLonAltBox>
		<Lod>
			<minLodPixels>100</minLodPixels>
			<maxLodPixels>-1</maxLodPixels>
		</Lod>
	</Region>
			<MultiGeometry>
				<Polygon><altitudeMode>relativeToGround</altitudeMode>
					<outerBoundaryIs>
						<LinearRing>
							<coordinates>								4.75057963240996,45.7845410699016,0 4.75077458840191,45.7845993837048,0 4.75084521120185,45.78428898379229,0 4.75064251043433,45.78426654850659,0 4.75060674536308,45.78442166536419,0 4.75060300125407,45.7844375759622,0 4.7505897494938,45.7844947064778,0 4.75058475543273,45.78451586058989,0 4.75057963240996,45.7845410699016,0 
							</coordinates>
						</LinearRing>
					</outerBoundaryIs>
				</Polygon>
			</MultiGeometry>
		</Placemark>
		<Placemark id="personne_morale.32491">
<styleUrl>#personne_morale</styleUrl>			<visibility>0</visibility>
			<ExtendedData>
				<SchemaData schemaUrl="#personne_morale">
					<SimpleData name="Numero de Parcelle">69044000AV0018</SimpleData>
					<SimpleData name="Departement">69</SimpleData>
					<SimpleData name="Commune">CHARBONNIERES-LES-BAINS</SimpleData>
					<SimpleData name="Adresse">BOIS DE L ETOILE</SimpleData>
					<SimpleData name="Groupe de personne">Personnes morales non remarquables</SimpleData>
					<SimpleData name="Forme Juridique Abregee">SARL</SimpleData>
					<SimpleData name="Denomination">GE CO PRIM</SimpleData>
				</SchemaData>
			</ExtendedData>
	<Region>
		<LatLonAltBox>
			<north> 45.78398538581949 </north>
			<south> 45.7839097390813 </south>
			<east> 4.72607702429439 </east>
			<west> 4.72507653267553 </west>
		</LatLonAltBox>
		<Lod>
			<minLodPixels>100</minLodPixels>
			<maxLodPixels>-1</maxLodPixels>
		</Lod>
	</Region>
			<MultiGeometry>
				<Polygon><altitudeMode>relativeToGround</altitudeMode>
					<outerBoundaryIs>
						<LinearRing>
							<coordinates>								4.72507653267553,45.78398538581949,0 4.72607702429439,45.7839097390813,0 4.72566647775045,45.783938355716,0 4.72507968984437,45.7839793028337,0 4.72507653267553,45.78398538581949,0 
							</coordinates>
						</LinearRing>
					</outerBoundaryIs>
				</Polygon>
			</MultiGeometry>
		</Placemark>
		<Placemark id="personne_morale.33241">
<styleUrl>#personne_morale</styleUrl>			<visibility>0</visibility>
			<ExtendedData>
				<SchemaData schemaUrl="#personne_morale">
					<SimpleData name="Numero de Parcelle">69044000AA0183</SimpleData>
					<SimpleData name="Departement">69</SimpleData>
					<SimpleData name="Commune">CHARBONNIERES-LES-BAINS</SimpleData>
					<SimpleData name="Adresse">15, RTE DE PARIS</SimpleData>
					<SimpleData name="Groupe de personne">Personnes morales non remarquables</SimpleData>
					<SimpleData name="Forme Juridique Abregee">SCI</SimpleData>
					<SimpleData name="Denomination">LA FERME</SimpleData>
				</SchemaData>
			</ExtendedData>
	<Region>
		<LatLonAltBox>
			<north> 45.7895593448101 </north>
			<south> 45.78914708999729 </south>
			<east> 4.74542334708543 </east>
			<west> 4.74479924618372 </west>
		</LatLonAltBox>
		<Lod>
			<minLodPixels>100</minLodPixels>
			<maxLodPixels>-1</maxLodPixels>
		</Lod>
	</Region>
			<MultiGeometry>
				<Polygon><altitudeMode>relativeToGround</altitudeMode>
					<outerBoundaryIs>
						<LinearRing>
							<coordinates>								4.74479924618372,45.789247272778,0 4.74529590826871,45.7895593448101,0 4.74542334708543,45.7894608177688,0 4.74512772860512,45.78927308799981,0 4.74492895032103,45.78914708999729,0 4.74492693969438,45.7891486522923,0 4.74479924618372,45.789247272778,0 
							</coordinates>
						</LinearRing>
					</outerBoundaryIs>
				</Polygon>
			</MultiGeometry>
		</Placemark>
		<Placemark id="personne_morale.33489">
<styleUrl>#personne_morale</styleUrl>			<visibility>0</visibility>
			<ExtendedData>
				<SchemaData schemaUrl="#personne_morale">
					<SimpleData name="Numero de Parcelle">69044000AK0184</SimpleData>
					<SimpleData name="Departement">69</SimpleData>
					<SimpleData name="Commune">CHARBONNIERES-LES-BAINS</SimpleData>
					<SimpleData name="Adresse">8, RUE BENOIT BENNIER</SimpleData>
					<SimpleData name="Groupe de personne">Personnes morales non remarquables</SimpleData>
					<SimpleData name="Forme Juridique Abregee">SCI</SimpleData>
					<SimpleData name="Denomination">CHARBONNIERES</SimpleData>
				</SchemaData>
			</ExtendedData>
	<Region>
		<LatLonAltBox>
			<north> 45.7776995576417 </north>
			<south> 45.777101472206 </south>
			<east> 4.74585314214026 </east>
			<west> 4.74497042152454 </west>
		</LatLonAltBox>
		<Lod>
			<minLodPixels>100</minLodPixels>
			<maxLodPixels>-1</maxLodPixels>
		</Lod>
	</Region>
			<MultiGeometry>
				<Polygon><altitudeMode>relativeToGround</altitudeMode>
					<outerBoundaryIs>
						<LinearRing>
							<coordinates>								4.745731167473,45.777101472206,0 4.74554768344579,45.7771607855066,0 4.74544141504211,45.7771951252782,0 4.74535298517434,45.7772236946744,0 4.74534487316649,45.7772113903717,0 4.74531556617704,45.7772208508147,0 4.7452768323164,45.77723342941079,0 4.745247653962,45.7772428878461,0 4.74522048536036,45.77720187546641,0 4.74524978951192,45.77719232502109,0 4.74528839753583,45.7771798384514,0 4.74531770450817,45.7771703780155,0 4.74531472612873,45.7771657403993,0 4.74530526498397,45.77715147540321,0 4.74524966025557,45.7771271156675,0 4.74497042152454,45.7774436204925,0 4.7449728776211,45.77749285130249,0 4.7450992617004,45.7776714888165,0 4.74515382557825,45.7776995576417,0 4.74524554689054,45.7776895821848,0 4.74517334450558,45.77756360891479,0 4.74533301062647,45.7775081774553,0 4.74544259638705,45.7774728857671,0 4.74558667240424,45.7774292241978,0 4.74559198594355,45.7774385093685,0 4.74563416521625,45.7774249766497,0 4.74566780398565,45.7774140980397,0 4.74570271510494,45.7774027493786,0 4.74573475485337,45.77745125224,0 4.74585314214026,45.7774052856646,0 4.74583401085317,45.7773579341625,0 4.74581360787108,45.7773069994972,0 4.7456957423679,45.7773450317177,0 4.74561750836542,45.7773703811548,0 4.74550516638509,45.7774080575021,0 4.74547013509651,45.7774196781733,0 4.74539215251383,45.7774448434197,0 4.74531417270433,45.7774700986391,0 4.74527900698897,45.7774815411873,0 4.74524383557084,45.7774928036707,0 4.74516598428488,45.7775180567977,0 4.74504072959509,45.7775585444563,0 4.74498151046333,45.777468668852,0 4.74506824590264,45.7773701408531,0 4.74508626439051,45.7773496862788,0 4.74517355089066,45.77732158513649,0 4.74528657034369,45.7772849794919,0 4.74539984980809,45.7772484597806,0 4.74551286896161,45.7772118539095,0 4.7455911056323,45.777186594572,0 4.74574541148546,45.77713673976451,0 4.74573158474082,45.7771024565302,0 4.745731167473,45.777101472206,0 
							</coordinates>
						</LinearRing>
					</outerBoundaryIs>
					<innerBoundaryIs>
						<LinearRing>
							<coordinates>								4.74513266228679,45.7776163892277,0 4.7451056250899,45.7775754648566,0 4.74514423057016,45.7775628883091,0 4.74517127063349,45.77760390269789,0 4.74513266228679,45.7776163892277,0 
							</coordinates>
						</LinearRing>
						<LinearRing>
							<coordinates>								4.74581183699777,45.7773324269047,0 4.74582968198067,45.77735944228,0 4.74577107084566,45.7773784534372,0 4.74575322304035,45.7773513480257,0 4.74581183699777,45.7773324269047,0 
							</coordinates>
						</LinearRing>
						<LinearRing>
							<coordinates>								4.74577215132444,45.7773800579961,0 4.74579932326818,45.7774211602703,0 4.74576058653231,45.7774336490056,0 4.74573341745614,45.777392636749,0 4.74577215132444,45.7773800579961,0 
							</coordinates>
						</LinearRing>
					</innerBoundaryIs>
				</Polygon>
			</MultiGeometry>
		</Placemark>
		<Placemark id="personne_morale.33543">
<styleUrl>#personne_morale</styleUrl>			<visibility>0</visibility>
			<ExtendedData>
				<SchemaData schemaUrl="#personne_morale">
					<SimpleData name="Numero de Parcelle">69044000AW0184</SimpleData>
					<SimpleData name="Departement">69</SimpleData>
					<SimpleData name="Commune">CHARBONNIERES-LES-BAINS</SimpleData>
					<SimpleData name="Adresse">CHE DES VERRIERES</SimpleData>
					<SimpleData name="Groupe de personne">Personnes morales non remarquables</SimpleData>
					<SimpleData name="Forme Juridique Abregee">SYCO</SimpleData>
					<SimpleData name="Denomination">ASSOCIATION SYNDICALE LIBRE LE JARDIN DES VERRIERES</SimpleData>
				</SchemaData>
			</ExtendedData>
	<Region>
		<LatLonAltBox>
			<north> 45.787758696376 </north>
			<south> 45.7872969300979 </south>
			<east> 4.7416931593532 </east>
			<west> 4.74046486552879 </west>
		</LatLonAltBox>
		<Lod>
			<minLodPixels>100</minLodPixels>
			<maxLodPixels>-1</maxLodPixels>
		</Lod>
	</Region>
			<MultiGeometry>
				<Polygon><altitudeMode>relativeToGround</altitudeMode>
					<outerBoundaryIs>
						<LinearRing>
							<coordinates>								4.74060641842037,45.78733991839089,0 4.74047270419846,45.7874069218442,0 4.74046486552879,45.78747684765091,0 4.740674864753,45.78759583479021,0 4.74079318186077,45.78759175793479,0 4.74084763133798,45.7876159576901,0 4.74090369131242,45.7876381510159,0 4.74096136177992,45.78765833791001,0 4.74102492616033,45.7876776232068,0 4.74108970079159,45.7876944578828,0 4.74115593735604,45.78770865791071,0 4.74122312678979,45.7877204112842,0 4.7412747210365,45.7877275414276,0 4.74132665309513,45.7877331351301,0 4.74160220211044,45.787758696376,0 4.7416931593532,45.7874667239241,0 4.7416464495462,45.78745933844941,0 4.74118177518389,45.7875603628839,0 4.74098439191664,45.787498557181,0 4.74084979300624,45.78741902943861,0 4.74078655945158,45.7873816347027,0 4.74064304334667,45.7872969300979,0 4.74060641842037,45.78733991839089,0 
							</coordinates>
						</LinearRing>
					</outerBoundaryIs>
				</Polygon>
			</MultiGeometry>
		</Placemark>
		<Placemark id="personne_morale.33640">
<styleUrl>#personne_morale</styleUrl>			<visibility>0</visibility>
			<ExtendedData>
				<SchemaData schemaUrl="#personne_morale">
					<SimpleData name="Numero de Parcelle">69044000AA0185</SimpleData>
					<SimpleData name="Departement">69</SimpleData>
					<SimpleData name="Commune">CHARBONNIERES-LES-BAINS</SimpleData>
					<SimpleData name="Adresse">15, RTE DE PARIS</SimpleData>
					<SimpleData name="Groupe de personne">Personnes morales non remarquables</SimpleData>
					<SimpleData name="Forme Juridique Abregee">SCI</SimpleData>
					<SimpleData name="Denomination">LA FERME</SimpleData>
				</SchemaData>
			</ExtendedData>
	<Region>
		<LatLonAltBox>
			<north> 45.7894608177688 </north>
			<south> 45.7887045989612 </south>
			<east> 4.74608679429667 </east>
			<west> 4.74492895032103 </west>
		</LatLonAltBox>
		<Lod>
			<minLodPixels>100</minLodPixels>
			<maxLodPixels>-1</maxLodPixels>
		</Lod>
	</Region>
			<MultiGeometry>
				<Polygon><altitudeMode>relativeToGround</altitudeMode>
					<outerBoundaryIs>
						<LinearRing>
							<coordinates>								4.74549794171042,45.7887045989612,0 4.74517512396116,45.7889557555896,0 4.74492895032103,45.78914708999729,0 4.74512772860512,45.78927308799981,0 4.74542334708543,45.7894608177688,0 4.74569809027345,45.7893138956934,0 4.74573718373268,45.7893409427492,0 4.74596732250589,45.7891596723676,0 4.74608679429667,45.78906577135639,0 4.74549794171042,45.7887045989612,0 
							</coordinates>
						</LinearRing>
					</outerBoundaryIs>
				</Polygon>
			</MultiGeometry>
		</Placemark>
		<Placemark id="personne_morale.33711">
<styleUrl>#personne_morale</styleUrl>			<visibility>0</visibility>
			<ExtendedData>
				<SchemaData schemaUrl="#personne_morale">
					<SimpleData name="Numero de Parcelle">69044000AO0185</SimpleData>
					<SimpleData name="Departement">69</SimpleData>
					<SimpleData name="Commune">CHARBONNIERES-LES-BAINS</SimpleData>
					<SimpleData name="Adresse">LA BEGULE</SimpleData>
					<SimpleData name="Groupe de personne">Personnes morales non remarquables</SimpleData>
					<SimpleData name="Forme Juridique Abregee">SCI</SimpleData>
					<SimpleData name="Denomination">JAD</SimpleData>
				</SchemaData>
			</ExtendedData>
	<Region>
		<LatLonAltBox>
			<north> 45.772684212011 </north>
			<south> 45.7718948172682 </south>
			<east> 4.74581764084882 </east>
			<west> 4.74482461281508 </west>
		</LatLonAltBox>
		<Lod>
			<minLodPixels>100</minLodPixels>
			<maxLodPixels>-1</maxLodPixels>
		</Lod>
	</Region>
			<MultiGeometry>
				<Polygon><altitudeMode>relativeToGround</altitudeMode>
					<outerBoundaryIs>
						<LinearRing>
							<coordinates>								4.74488661661535,45.77265890862639,0 4.74527135956503,45.772684212011,0 4.74581764084882,45.7719968953115,0 4.74523728500489,45.7718948172682,0 4.74487212960997,45.77223688031,0 4.74482461281508,45.7722728329312,0 4.74488661661535,45.77265890862639,0 
							</coordinates>
						</LinearRing>
					</outerBoundaryIs>
				</Polygon>
			</MultiGeometry>
		</Placemark>
		<Placemark id="personne_morale.33937">
<styleUrl>#personne_morale</styleUrl>			<visibility>0</visibility>
			<ExtendedData>
				<SchemaData schemaUrl="#personne_morale">
					<SimpleData name="Numero de Parcelle">69044000AW0186</SimpleData>
					<SimpleData name="Departement">69</SimpleData>
					<SimpleData name="Commune">CHARBONNIERES-LES-BAINS</SimpleData>
					<SimpleData name="Adresse">CHE DES VERRIERES</SimpleData>
					<SimpleData name="Groupe de personne">Personnes morales non remarquables</SimpleData>
					<SimpleData name="Forme Juridique Abregee">SYCO</SimpleData>
					<SimpleData name="Denomination">ASSOCIATION SYNDICALE LIBRE LE JARDIN DES VERRIERES</SimpleData>
				</SchemaData>
			</ExtendedData>
	<Region>
		<LatLonAltBox>
			<north> 45.7878263040711 </north>
			<south> 45.7874667239241 </south>
			<east> 4.74170661328602 </east>
			<west> 4.74158115965459 </west>
		</LatLonAltBox>
		<Lod>
			<minLodPixels>100</minLodPixels>
			<maxLodPixels>-1</maxLodPixels>
		</Lod>
	</Region>
			<MultiGeometry>
				<Polygon><altitudeMode>relativeToGround</altitudeMode>
					<outerBoundaryIs>
						<LinearRing>
							<coordinates>								4.74158115965459,45.7878263040711,0 4.74167491993023,45.7876068855094,0 4.74170661328602,45.7874687680488,0 4.7416931593532,45.7874667239241,0 4.74160220211044,45.787758696376,0 4.74158115965459,45.7878263040711,0 
							</coordinates>
						</LinearRing>
					</outerBoundaryIs>
				</Polygon>
			</MultiGeometry>
		</Placemark>
		<Placemark id="personne_morale.34198">
<styleUrl>#personne_morale</styleUrl>			<visibility>0</visibility>
			<ExtendedData>
				<SchemaData schemaUrl="#personne_morale">
					<SimpleData name="Numero de Parcelle">69044000AA0188</SimpleData>
					<SimpleData name="Departement">69</SimpleData>
					<SimpleData name="Commune">CHARBONNIERES-LES-BAINS</SimpleData>
					<SimpleData name="Adresse">BRUSSILLAY</SimpleData>
					<SimpleData name="Groupe de personne">Personnes morales non remarquables</SimpleData>
					<SimpleData name="Forme Juridique Abregee">AUPM</SimpleData>
					<SimpleData name="Denomination">ASSOCIATION SYNDICALE DU LOTIS LES VERGERS DU BRUSSILLAY</SimpleData>
				</SchemaData>
			</ExtendedData>
	<Region>
		<LatLonAltBox>
			<north> 45.78970856485141 </north>
			<south> 45.78945708665709 </south>
			<east> 4.74747869015487 </east>
			<west> 4.74726987897874 </west>
		</LatLonAltBox>
		<Lod>
			<minLodPixels>100</minLodPixels>
			<maxLodPixels>-1</maxLodPixels>
		</Lod>
	</Region>
			<MultiGeometry>
				<Polygon><altitudeMode>relativeToGround</altitudeMode>
					<outerBoundaryIs>
						<LinearRing>
							<coordinates>								4.74739310045814,45.78945708665709,0 4.74730899740136,45.7896067358578,0 4.74726987897874,45.7896766061486,0 4.74735238899339,45.78970856485141,0 4.74747869015487,45.7894887273648,0 4.74739310045814,45.78945708665709,0 
							</coordinates>
						</LinearRing>
					</outerBoundaryIs>
				</Polygon>
			</MultiGeometry>
		</Placemark>
		<Placemark id="personne_morale.34436">
<styleUrl>#personne_morale</styleUrl>			<visibility>0</visibility>
			<ExtendedData>
				<SchemaData schemaUrl="#personne_morale">
					<SimpleData name="Numero de Parcelle">69044000AI0189</SimpleData>
					<SimpleData name="Departement">69</SimpleData>
					<SimpleData name="Commune">CHARBONNIERES-LES-BAINS</SimpleData>
					<SimpleData name="Adresse">MONTMUZARD</SimpleData>
					<SimpleData name="Groupe de personne">Personnes morales non remarquables</SimpleData>
					<SimpleData name="Forme Juridique Abregee">SYCO</SimpleData>
					<SimpleData name="Denomination">INNOVACTI</SimpleData>
				</SchemaData>
			</ExtendedData>
	<Region>
		<LatLonAltBox>
			<north> 45.7833225440498 </north>
			<south> 45.7828362860245 </south>
			<east> 4.73803244646634 </east>
			<west> 4.73722397049773 </west>
		</LatLonAltBox>
		<Lod>
			<minLodPixels>100</minLodPixels>
			<maxLodPixels>-1</maxLodPixels>
		</Lod>
	</Region>
			<MultiGeometry>
				<Polygon><altitudeMode>relativeToGround</altitudeMode>
					<outerBoundaryIs>
						<LinearRing>
							<coordinates>								4.73767494409575,45.7833225440498,0 4.73771190689034,45.7832862167436,0 4.73771715820921,45.7832812720531,0 4.73772253819984,45.7832763253807,0 4.7377281755349,45.783271374745,0 4.73773368986059,45.78326660614479,0 4.73773946436286,45.78326192360839,0 4.73774523603195,45.7832571510446,0 4.73775126787754,45.7832524645445,0 4.73775717388167,45.7832478700528,0 4.73776334006229,45.7832433616247,0 4.7377695062419,45.7832388531963,0 4.73777593543018,45.7832345208587,0 4.7377823674497,45.78323027854779,0 4.73778879663598,45.7832259462095,0 4.73779549166319,45.78322187998899,0 4.73780218385714,45.7832177237409,0 4.73780901038722,45.7832137455651,0 4.73781596558885,45.7832097654072,0 4.73782279494926,45.78320587725769,0 4.73782950696546,45.7832023511981,0 4.7378362274778,45.7831990952195,0 4.73784294798935,45.7831958392405,0 4.73784992867747,45.7831926693248,0 4.73785704086964,45.7831895874542,0 4.73786403288567,45.7831867776463,0 4.73787127941356,45.7831838738474,0 4.73787853160548,45.7831811501023,0 4.73788591530158,45.7831785144022,0 4.73789330749423,45.78317614878301,0 4.73790069685383,45.7831736931362,0 4.73790834922256,45.7831714135797,0 4.73791600442312,45.7831692240498,0 4.73792366245554,45.78316712454661,0 4.73793132331987,45.78316511507,0 4.737939250026,45.78316337171071,0 4.73794704522669,45.78316154030549,0 4.73795497759686,45.7831599769994,0 4.7379609912104,45.7831588035285,0 4.73796700765622,45.7831577200845,0 4.73797315843934,45.7831568147127,0 4.73797917771727,45.7831558212951,0 4.73798520266013,45.7831550079316,0 4.73799135627522,45.78315419258579,0 4.73799751272273,45.7831534672669,0 4.73800367200267,45.7831528319748,0 4.73800983411509,45.78315228670951,0 4.73801600189262,45.7831519214982,0 4.73802216683745,45.7831514662593,0 4.73802846611985,45.7831511890925,0 4.73803244646634,45.78315085757239,0 4.73798934115859,45.78312287899439,0 4.73781099700329,45.7830068224164,0 4.73759669658943,45.7828362860245,0 4.73722397049773,45.7828922844495,0 4.73729483880433,45.782959827285,0 4.7375986321953,45.7832497710873,0 4.73767494409575,45.7833225440498,0 
							</coordinates>
						</LinearRing>
					</outerBoundaryIs>
				</Polygon>
			</MultiGeometry>
		</Placemark>
		<Placemark id="personne_morale.34627">
<styleUrl>#personne_morale</styleUrl>			<visibility>0</visibility>
			<ExtendedData>
				<SchemaData schemaUrl="#personne_morale">
					<SimpleData name="Numero de Parcelle">69044000AH0019</SimpleData>
					<SimpleData name="Departement">69</SimpleData>
					<SimpleData name="Commune">CHARBONNIERES-LES-BAINS</SimpleData>
					<SimpleData name="Adresse">80, RTE DE PARIS</SimpleData>
					<SimpleData name="Groupe de personne">Personnes morales non remarquables</SimpleData>
					<SimpleData name="Forme Juridique Abregee">SARL</SimpleData>
					<SimpleData name="Denomination">ENI FRANCE SARL</SimpleData>
				</SchemaData>
			</ExtendedData>
	<Region>
		<LatLonAltBox>
			<north> 45.77925218628079 </north>
			<south> 45.7785034434107 </south>
			<east> 4.75103750493015 </east>
			<west> 4.75047510681322 </west>
		</LatLonAltBox>
		<Lod>
			<minLodPixels>100</minLodPixels>
			<maxLodPixels>-1</maxLodPixels>
		</Lod>
	</Region>
			<MultiGeometry>
				<Polygon><altitudeMode>relativeToGround</altitudeMode>
					<outerBoundaryIs>
						<LinearRing>
							<coordinates>								4.75047510681322,45.77925218628079,0 4.75070753811433,45.7792425453297,0 4.75086737185882,45.7792370928732,0 4.75103750493015,45.7786631318178,0 4.75088539932792,45.77851840620109,0 4.75068874911889,45.7785034434107,0 4.75066360846915,45.7785915627184,0 4.75047510681322,45.77925218628079,0 
							</coordinates>
						</LinearRing>
					</outerBoundaryIs>
				</Polygon>
			</MultiGeometry>
		</Placemark>
		<Placemark id="personne_morale.34662">
<styleUrl>#personne_morale</styleUrl>			<visibility>0</visibility>
			<ExtendedData>
				<SchemaData schemaUrl="#personne_morale">
					<SimpleData name="Numero de Parcelle">69044000AM0019</SimpleData>
					<SimpleData name="Departement">69</SimpleData>
					<SimpleData name="Commune">CHARBONNIERES-LES-BAINS</SimpleData>
					<SimpleData name="Adresse">CHE DES RIVIERES</SimpleData>
					<SimpleData name="Groupe de personne">Personnes morales non remarquables</SimpleData>
					<SimpleData name="Forme Juridique Abregee">SARL</SimpleData>
					<SimpleData name="Denomination">TOLOZAN IMMOB</SimpleData>
				</SchemaData>
			</ExtendedData>
	<Region>
		<LatLonAltBox>
			<north> 45.7705965396611 </north>
			<south> 45.77001143021521 </south>
			<east> 4.75873798973704 </east>
			<west> 4.7584371064806 </west>
		</LatLonAltBox>
		<Lod>
			<minLodPixels>100</minLodPixels>
			<maxLodPixels>-1</maxLodPixels>
		</Lod>
	</Region>
			<MultiGeometry>
				<Polygon><altitudeMode>relativeToGround</altitudeMode>
					<outerBoundaryIs>
						<LinearRing>
							<coordinates>								4.75869271507538,45.7704976434249,0 4.75868096309724,45.7705004386961,0 4.75866992852433,45.77050151142879,0 4.75866813039913,45.7705016295313,0 4.7586663294083,45.77050165760711,0 4.75866452841747,45.770501685683,0 4.75866272456103,45.7705016237323,0 4.75866091783898,45.7705014717549,0 4.75865911111695,45.7705013197776,0 4.75865730439492,45.7705011678002,0 4.7586554976729,45.77050101582279,0 4.7586538138619,45.7705006817868,0 4.75865200140873,45.7705003497562,0 4.75865031473218,45.7704999256935,0 4.75864862805566,45.77049950163091,0 4.75864693851358,45.77049898754171,0 4.75864524897154,45.77049847345241,0 4.75864368520614,45.7704978673312,0 4.75864212144077,45.7704972612099,0 4.75864055767544,45.77049665508861,0 4.75863899104457,45.77049595894079,0 4.75863755019036,45.7704951707609,0 4.75863596350061,45.770493844427,0 4.75862836184172,45.77048954943729,0 4.75862607463048,45.7704864325988,0 4.75857471258528,45.7704174280495,0 4.7585381428202,45.7703643156487,0 4.75853758813706,45.77036306329781,0 4.75853690194666,45.7703617229256,0 4.75853647304006,45.7703603785429,0 4.75853604413348,45.7703590341602,0 4.75853562095771,45.7703578698306,0 4.75853532069303,45.77035652344259,0 4.75853502042837,45.7703551770546,0 4.75853484880559,45.7703538286613,0 4.75853454854096,45.77035248227331,0 4.7585343740528,45.7703510438534,0 4.7585343310719,45.7703496934549,0 4.75853441673285,45.77034834105099,0 4.7585345023938,45.77034698864719,0 4.75853458805475,45.77034563624339,0 4.75853480235753,45.7703442818343,0 4.75853501666029,45.7703429274252,0 4.75853510232122,45.7703415750214,0 4.7585354481312,45.7703403086336,0 4.7585359168522,45.7703388601874,0 4.75853639130396,45.77033759179439,0 4.75854084158793,45.7703277947297,0 4.75861330540999,45.7702308293391,0 4.75869111397681,45.7701238727408,0 4.75870887986652,45.7701118865178,0 4.75873798973704,45.7701085504227,0 4.75867015966351,45.77001143021521,0 4.75867064619346,45.77001862832951,0 4.75867017492392,45.7700240399506,0 4.75866927188143,45.7700280171628,0 4.75866760272334,45.7700321864607,0 4.75866393835005,45.7700383684297,0 4.7584911020506,45.7702774096006,0 4.7584371064806,45.7703521096621,0 4.75852690494211,45.7704762692283,0 4.75852799425247,45.7704781437442,0 4.75852870050183,45.7704801143024,0 4.75852927810908,45.7704820868659,0 4.75852960129743,45.7704841534665,0 4.75852966433607,45.77048613405109,0 4.75852972737471,45.7704881146356,0 4.75852953599439,45.7704901892573,0 4.75852908446429,45.77049217786289,0 4.75852850142658,45.7704940784472,0 4.75852766396983,45.7704960730686,0 4.75852669500543,45.7704979796687,0 4.75852546589118,45.7704998002527,0 4.75852410526925,45.77050153281541,0 4.75852261887041,45.7705033574099,0 4.75852086659089,45.7705049159351,0 4.75851898566907,45.7705064764656,0 4.75851710188176,45.7705079469695,0 4.75851495507916,45.7705092414308,0 4.75851267963423,45.77051053789721,0 4.7585105271007,45.7705116523052,0 4.75850331770361,45.7705156377463,0 4.7585599492666,45.7705965396611,0 4.75865475052404,45.7705624560555,0 4.75872129684725,45.770538360407,0 4.75869271507538,45.7704976434249,0 
							</coordinates>
						</LinearRing>
					</outerBoundaryIs>
				</Polygon>
			</MultiGeometry>
		</Placemark>
		<Placemark id="personne_morale.35058">
<styleUrl>#personne_morale</styleUrl>			<visibility>0</visibility>
			<ExtendedData>
				<SchemaData schemaUrl="#personne_morale">
					<SimpleData name="Numero de Parcelle">69044000AA0191</SimpleData>
					<SimpleData name="Departement">69</SimpleData>
					<SimpleData name="Commune">CHARBONNIERES-LES-BAINS</SimpleData>
					<SimpleData name="Adresse">BRUSSILLAY</SimpleData>
					<SimpleData name="Groupe de personne">Personnes morales non remarquables</SimpleData>
					<SimpleData name="Forme Juridique Abregee">AUPM</SimpleData>
					<SimpleData name="Denomination">ASSOCIATION SYNDICALE DU LOTIS LES VERGERS DU BRUSSILLAY</SimpleData>
				</SchemaData>
			</ExtendedData>
	<Region>
		<LatLonAltBox>
			<north> 45.7899837980341 </north>
			<south> 45.7896766061486 </south>
			<east> 4.74735238899339 </east>
			<west> 4.74709213569522 </west>
		</LatLonAltBox>
		<Lod>
			<minLodPixels>100</minLodPixels>
			<maxLodPixels>-1</maxLodPixels>
		</Lod>
	</Region>
			<MultiGeometry>
				<Polygon><altitudeMode>relativeToGround</altitudeMode>
					<outerBoundaryIs>
						<LinearRing>
							<coordinates>								4.74719991983663,45.789801266739,0 4.7471629181662,45.7898647992453,0 4.74709213569522,45.7899837980341,0 4.74710218243966,45.7899798595163,0 4.74711259815981,45.7899753748591,0 4.74712262211877,45.7899707161239,0 4.7471326432282,45.7899659673608,0 4.74714239841651,45.78996095250059,0 4.74715201637154,45.789955669551,0 4.74716137694891,45.7899503905853,0 4.74717059744503,45.7899447535033,0 4.7471795577156,45.7899390303782,0 4.74718838360061,45.7899331291909,0 4.74719681772431,45.7899270539261,0 4.74720021540207,45.7899245694054,0 4.74720512315831,45.789920980653,0 4.747213159823,45.7899145512562,0 4.74722093626223,45.7899080358167,0 4.74722857546788,45.7899012522882,0 4.74723569992056,45.7898944767288,0 4.74724268998771,45.7898875231074,0 4.7472494198296,45.7898804834435,0 4.74725588375024,45.7898731776832,0 4.74726196160605,45.7898658778997,0 4.74735238899339,45.78970856485141,0 4.74726987897874,45.7896766061486,0 4.74724293998498,45.789724490668,0 4.74719991983663,45.789801266739,0 
							</coordinates>
						</LinearRing>
					</outerBoundaryIs>
				</Polygon>
			</MultiGeometry>
		</Placemark>
		<Placemark id="personne_morale.35767">
<styleUrl>#personne_morale</styleUrl>			<visibility>0</visibility>
			<ExtendedData>
				<SchemaData schemaUrl="#personne_morale">
					<SimpleData name="Numero de Parcelle">69044000AO0194</SimpleData>
					<SimpleData name="Departement">69</SimpleData>
					<SimpleData name="Commune">CHARBONNIERES-LES-BAINS</SimpleData>
					<SimpleData name="Adresse">LA BEGULE</SimpleData>
					<SimpleData name="Groupe de personne">Personnes morales non remarquables</SimpleData>
					<SimpleData name="Forme Juridique Abregee">SCI</SimpleData>
					<SimpleData name="Denomination">SAIN BEL IMMO</SimpleData>
				</SchemaData>
			</ExtendedData>
	<Region>
		<LatLonAltBox>
			<north> 45.7722843852125 </north>
			<south> 45.77124234546951 </south>
			<east> 4.74364246044338 </east>
			<west> 4.74309456039282 </west>
		</LatLonAltBox>
		<Lod>
			<minLodPixels>100</minLodPixels>
			<maxLodPixels>-1</maxLodPixels>
		</Lod>
	</Region>
			<MultiGeometry>
				<Polygon><altitudeMode>relativeToGround</altitudeMode>
					<outerBoundaryIs>
						<LinearRing>
							<coordinates>								4.74332055961039,45.77124234546951,0 4.74314812464435,45.7713004935929,0 4.74332275553458,45.7716953679418,0 4.74316297675988,45.7720812684734,0 4.74309456039282,45.7722462545218,0 4.74309979431657,45.7722489658511,0 4.74316835564066,45.7722843852125,0 4.74364246044338,45.7717889646978,0 4.74332055961039,45.77124234546951,0 
							</coordinates>
						</LinearRing>
					</outerBoundaryIs>
				</Polygon>
			</MultiGeometry>
		</Placemark>
		<Placemark id="personne_morale.35940">
<styleUrl>#personne_morale</styleUrl>			<visibility>0</visibility>
			<ExtendedData>
				<SchemaData schemaUrl="#personne_morale">
					<SimpleData name="Numero de Parcelle">69044000AK0195</SimpleData>
					<SimpleData name="Departement">69</SimpleData>
					<SimpleData name="Commune">CHARBONNIERES-LES-BAINS</SimpleData>
					<SimpleData name="Adresse">8, RUE BENOIT BENNIER</SimpleData>
					<SimpleData name="Groupe de personne">Personnes morales non remarquables</SimpleData>
					<SimpleData name="Forme Juridique Abregee">SCI</SimpleData>
					<SimpleData name="Denomination">CHARBONNIERES</SimpleData>
				</SchemaData>
			</ExtendedData>
	<Region>
		<LatLonAltBox>
			<north> 45.7772208508147 </north>
			<south> 45.7771703780155 </south>
			<east> 4.74534487316649 </east>
			<west> 4.74528839753583 </west>
		</LatLonAltBox>
		<Lod>
			<minLodPixels>100</minLodPixels>
			<maxLodPixels>-1</maxLodPixels>
		</Lod>
	</Region>
			<MultiGeometry>
				<Polygon><altitudeMode>relativeToGround</altitudeMode>
					<outerBoundaryIs>
						<LinearRing>
							<coordinates>								4.74531770450817,45.7771703780155,0 4.74528839753583,45.7771798384514,0 4.74531556617704,45.7772208508147,0 4.74534487316649,45.7772113903717,0 4.74531770450817,45.7771703780155,0 
							</coordinates>
						</LinearRing>
					</outerBoundaryIs>
				</Polygon>
			</MultiGeometry>
		</Placemark>
		<Placemark id="personne_morale.35984">
<styleUrl>#personne_morale</styleUrl>			<visibility>0</visibility>
			<ExtendedData>
				<SchemaData schemaUrl="#personne_morale">
					<SimpleData name="Numero de Parcelle">69044000AW0195</SimpleData>
					<SimpleData name="Departement">69</SimpleData>
					<SimpleData name="Commune">CHARBONNIERES-LES-BAINS</SimpleData>
					<SimpleData name="Adresse">PL MARSONNAT</SimpleData>
					<SimpleData name="Groupe de personne">Personnes morales non remarquables</SimpleData>
					<SimpleData name="Forme Juridique Abregee">SAS</SimpleData>
					<SimpleData name="Denomination">CITYA BOURGUIGNON PALLUAT</SimpleData>
				</SchemaData>
			</ExtendedData>
	<Region>
		<LatLonAltBox>
			<north> 45.7851250687945 </north>
			<south> 45.78469759689721 </south>
			<east> 4.7351131106234 </east>
			<west> 4.73439503337618 </west>
		</LatLonAltBox>
		<Lod>
			<minLodPixels>100</minLodPixels>
			<maxLodPixels>-1</maxLodPixels>
		</Lod>
	</Region>
			<MultiGeometry>
				<Polygon><altitudeMode>relativeToGround</altitudeMode>
					<outerBoundaryIs>
						<LinearRing>
							<coordinates>								4.73483369123017,45.78469759689721,0 4.73439503337618,45.7849749122594,0 4.73443586724821,45.7850125646832,0 4.73456440571472,45.7851250687945,0 4.73494817126392,45.7848789505778,0 4.7351131106234,45.7847731935129,0 4.73483369123017,45.78469759689721,0 
							</coordinates>
						</LinearRing>
					</outerBoundaryIs>
				</Polygon>
			</MultiGeometry>
		</Placemark>
		<Placemark id="personne_morale.36087">
<styleUrl>#personne_morale</styleUrl>			<visibility>0</visibility>
			<ExtendedData>
				<SchemaData schemaUrl="#personne_morale">
					<SimpleData name="Numero de Parcelle">69044000AA0196</SimpleData>
					<SimpleData name="Departement">69</SimpleData>
					<SimpleData name="Commune">CHARBONNIERES-LES-BAINS</SimpleData>
					<SimpleData name="Adresse">BRUSSILLAY</SimpleData>
					<SimpleData name="Groupe de personne">Personnes morales non remarquables</SimpleData>
					<SimpleData name="Forme Juridique Abregee">AUPM</SimpleData>
					<SimpleData name="Denomination">ASSOCIATION SYNDICALE DU LOTIS LES VERGERS DU BRUSSILLAY</SimpleData>
				</SchemaData>
			</ExtendedData>
	<Region>
		<LatLonAltBox>
			<north> 45.7900376310001 </north>
			<south> 45.7898647992453 </south>
			<east> 4.7471629181662 </east>
			<west> 4.7461379753716 </west>
		</LatLonAltBox>
		<Lod>
			<minLodPixels>100</minLodPixels>
			<maxLodPixels>-1</maxLodPixels>
		</Lod>
	</Region>
			<MultiGeometry>
				<Polygon><altitudeMode>relativeToGround</altitudeMode>
					<outerBoundaryIs>
						<LinearRing>
							<coordinates>								4.74626184882374,45.7900376310001,0 4.74637042745649,45.790034869985,0 4.74670016400935,45.7900268846758,0 4.74685814743721,45.79002299823,0 4.74688248941808,45.79002325193579,0 4.74690680007708,45.7900225153399,0 4.7469309507248,45.7900207904345,0 4.74695494705506,45.7900182572734,0 4.74697865468359,45.79001473779499,0 4.74700207930441,45.7900104120534,0 4.7470304515637,45.7900037579393,0 4.74704793659265,45.7899988936386,0 4.74706999173705,45.7899919770232,0 4.74709213569522,45.7899837980341,0 4.7471629181662,45.7898647992453,0 4.74715865954655,45.7898685580882,0 4.74715163814481,45.789874521408,0 4.74714409629487,45.7898803126426,0 4.74713654874769,45.78988592382291,0 4.74712874097561,45.7898914489602,0 4.74712053574738,45.78989661996599,0 4.74711220182982,45.7899017929635,0 4.74710360199174,45.78990669986401,0 4.74709473908096,45.7899114306944,0 4.74708587047316,45.78991598147021,0 4.74707660725716,45.7899202681411,0 4.747067341192,45.7899244647844,0 4.74705768336644,45.7899284873495,0 4.74704788546083,45.78993215179819,0 4.74703808470626,45.7899357262191,0 4.74702802087932,45.7899391245696,0 4.74701781697269,45.7899421648036,0 4.74700761021731,45.78994511500959,0 4.74699713754219,45.7899477991182,0 4.74698665632329,45.789950213145,0 4.74697591203248,45.789952451101,0 4.74696541657398,45.7899544149911,0 4.7469546580438,45.7899562028104,0 4.74694363359449,45.7899577245319,0 4.74693272929,45.7899589741796,0 4.74692169344959,45.7899601357912,0 4.74691064621885,45.789960937294,0 4.74689959044544,45.7899614687148,0 4.74688852897696,45.78996182008061,0 4.74687733312556,45.78996199338349,0 4.74686625741986,45.7899618946124,0 4.74685517032469,45.7899614357325,0 4.74684408038234,45.7899608868245,0 4.7468331077388,45.78995997581571,0 4.7465210166717,45.78996408559911,0 4.74624826078511,45.7899702880001,0 4.74621056089644,45.7899710514879,0 4.74619996009375,45.7899696843091,0 4.7461921904273,45.78996827332289,0 4.74618182138506,45.7899660919172,0 4.74616935918088,45.7899628620458,0 4.74615960511797,45.7899597704126,0 4.74614774366297,45.78995518017861,0 4.7461379753716,45.7899516384086,0 4.74626184882374,45.7900376310001,0 
							</coordinates>
						</LinearRing>
					</outerBoundaryIs>
				</Polygon>
			</MultiGeometry>
		</Placemark>
		<Placemark id="personne_morale.36123">
<styleUrl>#personne_morale</styleUrl>			<visibility>0</visibility>
			<ExtendedData>
				<SchemaData schemaUrl="#personne_morale">
					<SimpleData name="Numero de Parcelle">69044000AH0196</SimpleData>
					<SimpleData name="Departement">69</SimpleData>
					<SimpleData name="Commune">CHARBONNIERES-LES-BAINS</SimpleData>
					<SimpleData name="Adresse">54, RTE DE PARIS</SimpleData>
					<SimpleData name="Groupe de personne">Personnes morales non remarquables</SimpleData>
					<SimpleData name="Forme Juridique Abregee">SAS</SimpleData>
					<SimpleData name="Denomination">FONCIA SAINT LOUIS</SimpleData>
				</SchemaData>
			</ExtendedData>
	<Region>
		<LatLonAltBox>
			<north> 45.7828660527986 </north>
			<south> 45.782563707927 </south>
			<east> 4.74829813943479 </east>
			<west> 4.74785801825541 </west>
		</LatLonAltBox>
		<Lod>
			<minLodPixels>100</minLodPixels>
			<maxLodPixels>-1</maxLodPixels>
		</Lod>
	</Region>
			<MultiGeometry>
				<Polygon><altitudeMode>relativeToGround</altitudeMode>
					<outerBoundaryIs>
						<LinearRing>
							<coordinates>								4.74811827044897,45.782563707927,0 4.74799345658785,45.7825940138739,0 4.74787990620904,45.7826670190141,0 4.74785801825541,45.78273608224571,0 4.74802541136095,45.7828268028049,0 4.74810234929504,45.7828660527986,0 4.74814983980029,45.7828209120495,0 4.74817520219101,45.78279656022829,0 4.74819544528996,45.7827812948163,0 4.74824770366229,45.782748509958,0 4.7482140020957,45.7827086802814,0 4.74824697412206,45.7827010538287,0 4.74826349620065,45.78269431273149,0 4.74828992683986,45.7826793117191,0 4.74829813943479,45.78267441071059,0 4.74811827044897,45.782563707927,0 
							</coordinates>
						</LinearRing>
					</outerBoundaryIs>
				</Polygon>
			</MultiGeometry>
		</Placemark>
		<Placemark id="personne_morale.36170">
<styleUrl>#personne_morale</styleUrl>			<visibility>0</visibility>
			<ExtendedData>
				<SchemaData schemaUrl="#personne_morale">
					<SimpleData name="Numero de Parcelle">69044000AW0196</SimpleData>
					<SimpleData name="Departement">69</SimpleData>
					<SimpleData name="Commune">CHARBONNIERES-LES-BAINS</SimpleData>
					<SimpleData name="Adresse">PL MARSONNAT</SimpleData>
					<SimpleData name="Groupe de personne">Personnes morales non remarquables</SimpleData>
					<SimpleData name="Forme Juridique Abregee">SAS</SimpleData>
					<SimpleData name="Denomination">CITYA BOURGUIGNON PALLUAT</SimpleData>
				</SchemaData>
			</ExtendedData>
	<Region>
		<LatLonAltBox>
			<north> 45.7847731935129 </north>
			<south> 45.7846957508529 </south>
			<east> 4.73511588777003 </east>
			<west> 4.73483369123017 </west>
		</LatLonAltBox>
		<Lod>
			<minLodPixels>100</minLodPixels>
			<maxLodPixels>-1</maxLodPixels>
		</Lod>
	</Region>
			<MultiGeometry>
				<Polygon><altitudeMode>relativeToGround</altitudeMode>
					<outerBoundaryIs>
						<LinearRing>
							<coordinates>								4.7351131106234,45.7847731935129,0 4.73511588777003,45.7847714394671,0 4.73483659423047,45.7846957508529,0 4.73483369123017,45.78469759689721,0 4.7351131106234,45.7847731935129,0 
							</coordinates>
						</LinearRing>
					</outerBoundaryIs>
				</Polygon>
			</MultiGeometry>
		</Placemark>
		<Placemark id="personne_morale.36299">
<styleUrl>#personne_morale</styleUrl>			<visibility>0</visibility>
			<ExtendedData>
				<SchemaData schemaUrl="#personne_morale">
					<SimpleData name="Numero de Parcelle">69044000AH0197</SimpleData>
					<SimpleData name="Departement">69</SimpleData>
					<SimpleData name="Commune">CHARBONNIERES-LES-BAINS</SimpleData>
					<SimpleData name="Adresse">54, RTE DE PARIS</SimpleData>
					<SimpleData name="Groupe de personne">Personnes morales non remarquables</SimpleData>
					<SimpleData name="Forme Juridique Abregee">SAS</SimpleData>
					<SimpleData name="Denomination">FONCIA SAINT LOUIS</SimpleData>
				</SchemaData>
			</ExtendedData>
	<Region>
		<LatLonAltBox>
			<north> 45.7830789852188 </north>
			<south> 45.7820885251832 </south>
			<east> 4.74895544247968 </east>
			<west> 4.74734860191958 </west>
		</LatLonAltBox>
		<Lod>
			<minLodPixels>100</minLodPixels>
			<maxLodPixels>-1</maxLodPixels>
		</Lod>
	</Region>
			<MultiGeometry>
				<Polygon><altitudeMode>relativeToGround</altitudeMode>
					<outerBoundaryIs>
						<LinearRing>
							<coordinates>								4.74876473508852,45.7830789852188,0 4.74876572337431,45.783061406049,0 4.74888437261982,45.7830640707339,0 4.74876868352982,45.7827198107787,0 4.74874056548465,45.78262864429821,0 4.7488553011995,45.7825280581627,0 4.74895544247968,45.7823405994138,0 4.74879322733013,45.78233617811421,0 4.74865252576421,45.78233223382669,0 4.74799618644067,45.7822083775435,0 4.74734860191958,45.7820885251832,0 4.74740319888704,45.78239419133899,0 4.74751628038629,45.78289233421629,0 4.74749437163692,45.78305435097511,0 4.74852458867741,45.7830731591764,0 4.74876473508852,45.7830789852188,0 
							</coordinates>
						</LinearRing>
					</outerBoundaryIs>
					<innerBoundaryIs>
						<LinearRing>
							<coordinates>								4.74811827044897,45.782563707927,0 4.74829813943479,45.78267441071059,0 4.74828992683986,45.7826793117191,0 4.74826349620065,45.78269431273149,0 4.74824697412206,45.7827010538287,0 4.7482140020957,45.7827086802814,0 4.74824770366229,45.782748509958,0 4.74819544528996,45.7827812948163,0 4.74817520219101,45.78279656022829,0 4.74814983980029,45.7828209120495,0 4.74810234929504,45.7828660527986,0 4.74802541136095,45.7828268028049,0 4.74785801825541,45.78273608224571,0 4.74787990620904,45.7826670190141,0 4.74799345658785,45.7825940138739,0 4.74811827044897,45.782563707927,0 
							</coordinates>
						</LinearRing>
					</innerBoundaryIs>
				</Polygon>
			</MultiGeometry>
		</Placemark>
		<Placemark id="personne_morale.36351">
<styleUrl>#personne_morale</styleUrl>			<visibility>0</visibility>
			<ExtendedData>
				<SchemaData schemaUrl="#personne_morale">
					<SimpleData name="Numero de Parcelle">69044000AW0197</SimpleData>
					<SimpleData name="Departement">69</SimpleData>
					<SimpleData name="Commune">CHARBONNIERES-LES-BAINS</SimpleData>
					<SimpleData name="Adresse">AV GEN DE GAULLE</SimpleData>
					<SimpleData name="Groupe de personne">Personnes morales non remarquables</SimpleData>
					<SimpleData name="Forme Juridique Abregee">SAS</SimpleData>
					<SimpleData name="Denomination">CITYA BOURGUIGNON PALLUAT</SimpleData>
				</SchemaData>
			</ExtendedData>
	<Region>
		<LatLonAltBox>
			<north> 45.7849749122594 </north>
			<south> 45.7846565004186 </south>
			<east> 4.73483369123017 </east>
			<west> 4.73436620730375 </west>
		</LatLonAltBox>
		<Lod>
			<minLodPixels>100</minLodPixels>
			<maxLodPixels>-1</maxLodPixels>
		</Lod>
	</Region>
			<MultiGeometry>
				<Polygon><altitudeMode>relativeToGround</altitudeMode>
					<outerBoundaryIs>
						<LinearRing>
							<coordinates>								4.73439503337618,45.7849749122594,0 4.73483369123017,45.78469759689721,0 4.73468293550755,45.7846565004186,0 4.73468667255643,45.784681212412,0 4.73468415261183,45.78469935535989,0 4.73467594829605,45.784716865125,0 4.73466435315777,45.7847329858833,0 4.73464727162125,45.7847465789282,0 4.73436846582939,45.784928303697,0 4.73436620730375,45.7849506759406,0 4.73439503337618,45.7849749122594,0 
							</coordinates>
						</LinearRing>
					</outerBoundaryIs>
				</Polygon>
			</MultiGeometry>
		</Placemark>
		<Placemark id="personne_morale.36553">
<styleUrl>#personne_morale</styleUrl>			<visibility>0</visibility>
			<ExtendedData>
				<SchemaData schemaUrl="#personne_morale">
					<SimpleData name="Numero de Parcelle">69044000AT0198</SimpleData>
					<SimpleData name="Departement">69</SimpleData>
					<SimpleData name="Commune">CHARBONNIERES-LES-BAINS</SimpleData>
					<SimpleData name="Adresse">GDES BRUYERES</SimpleData>
					<SimpleData name="Groupe de personne">Personnes morales non remarquables</SimpleData>
					<SimpleData name="Forme Juridique Abregee">AUPM</SimpleData>
					<SimpleData name="Denomination">ASS SYNDICALE LIBRE DES HAUTINIERES</SimpleData>
				</SchemaData>
			</ExtendedData>
	<Region>
		<LatLonAltBox>
			<north> 45.7777074111652 </north>
			<south> 45.7775665904747 </south>
			<east> 4.72918430615022 </east>
			<west> 4.72886527909538 </west>
		</LatLonAltBox>
		<Lod>
			<minLodPixels>100</minLodPixels>
			<maxLodPixels>-1</maxLodPixels>
		</Lod>
	</Region>
			<MultiGeometry>
				<Polygon><altitudeMode>relativeToGround</altitudeMode>
					<outerBoundaryIs>
						<LinearRing>
							<coordinates>								4.72918430615022,45.7776828763512,0 4.72896019625577,45.7776210096452,0 4.72888486444878,45.7775665904747,0 4.72886527909538,45.7776235449386,0 4.72916434991302,45.7777074111652,0 4.72916987472951,45.7776988598646,0 4.72917656593811,45.7776905608996,0 4.72918430615022,45.7776828763512,0 
							</coordinates>
						</LinearRing>
					</outerBoundaryIs>
				</Polygon>
			</MultiGeometry>
		</Placemark>
		<Placemark id="personne_morale.36713">
<styleUrl>#personne_morale</styleUrl>			<visibility>0</visibility>
			<ExtendedData>
				<SchemaData schemaUrl="#personne_morale">
					<SimpleData name="Numero de Parcelle">69044000AI0199</SimpleData>
					<SimpleData name="Departement">69</SimpleData>
					<SimpleData name="Commune">CHARBONNIERES-LES-BAINS</SimpleData>
					<SimpleData name="Adresse">10, AV DE LA VICTOIRE</SimpleData>
					<SimpleData name="Groupe de personne">Personnes morales non remarquables</SimpleData>
					<SimpleData name="Forme Juridique Abregee">SAS</SimpleData>
					<SimpleData name="Denomination">FONCIA LYON OUEST</SimpleData>
				</SchemaData>
			</ExtendedData>
	<Region>
		<LatLonAltBox>
			<north> 45.7829722264355 </north>
			<south> 45.7823988075973 </south>
			<east> 4.7361410723713 </east>
			<west> 4.73542129558265 </west>
		</LatLonAltBox>
		<Lod>
			<minLodPixels>100</minLodPixels>
			<maxLodPixels>-1</maxLodPixels>
		</Lod>
	</Region>
			<MultiGeometry>
				<Polygon><altitudeMode>relativeToGround</altitudeMode>
					<outerBoundaryIs>
						<LinearRing>
							<coordinates>								4.73579261167366,45.7824100059891,0 4.73578972862811,45.7824124822482,0 4.73578445175878,45.7824166166041,0 4.73577918054654,45.7824209310142,0 4.73577416384614,45.7824251514382,0 4.73576914714496,45.782429371862,0 4.73576426194275,45.7824336803334,0 4.73575925089786,45.7824380808111,0 4.7357543656941,45.7824423892822,0 4.73574974348906,45.78244687384881,0 4.73574486111267,45.7824512723466,0 4.73574036474809,45.7824556649063,0 4.73573574536967,45.7824602394996,0 4.73573125466136,45.7824648121133,0 4.73572663245256,45.782469296679,0 4.73572227324252,45.7824739573404,0 4.73571791120291,45.78247852797439,0 4.73571368066233,45.7824831866561,0 4.73570945012104,45.78248784533769,0 4.73570522240787,45.7824925940464,0 4.73570125203588,45.78249733879639,0 4.73559382846472,45.7826429241465,0 4.73542129558265,45.78290011758831,0 4.73553604701946,45.7829180781876,0 4.73587464586511,45.7829722264355,0 4.73595485682796,45.782689881759,0 4.73610705704885,45.7827074457835,0 4.73612662527734,45.78264193350689,0 4.7361410723713,45.7825937035288,0 4.73606703524795,45.7825768284979,0 4.7360682822126,45.7825673518871,0 4.73594268482472,45.7825524409585,0 4.73590374855609,45.78246044726111,0 4.73588393041309,45.7824606620703,0 4.7358589434388,45.7823988075973,0 4.73579261167366,45.7824100059891,0 
							</coordinates>
						</LinearRing>
					</outerBoundaryIs>
				</Polygon>
			</MultiGeometry>
		</Placemark>
		<Placemark id="personne_morale.36932">
<styleUrl>#personne_morale</styleUrl>			<visibility>0</visibility>
			<ExtendedData>
				<SchemaData schemaUrl="#personne_morale">
					<SimpleData name="Numero de Parcelle">69044000AA0002</SimpleData>
					<SimpleData name="Departement">69</SimpleData>
					<SimpleData name="Commune">CHARBONNIERES-LES-BAINS</SimpleData>
					<SimpleData name="Adresse">BRUSSILLAY</SimpleData>
					<SimpleData name="Groupe de personne">Personnes morales non remarquables</SimpleData>
					<SimpleData name="Forme Juridique Abregee">SC</SimpleData>
					<SimpleData name="Denomination">SYBELE</SimpleData>
				</SchemaData>
			</ExtendedData>
	<Region>
		<LatLonAltBox>
			<north> 45.7906107857688 </north>
			<south> 45.790295910787 </south>
			<east> 4.74425165101592 </east>
			<west> 4.74361106452682 </west>
		</LatLonAltBox>
		<Lod>
			<minLodPixels>100</minLodPixels>
			<maxLodPixels>-1</maxLodPixels>
		</Lod>
	</Region>
			<MultiGeometry>
				<Polygon><altitudeMode>relativeToGround</altitudeMode>
					<outerBoundaryIs>
						<LinearRing>
							<coordinates>								4.74363163597504,45.790295910787,0 4.74361106452682,45.7903172151497,0 4.74422701355583,45.7906107857688,0 4.74425165101592,45.7905918503645,0 4.74363163597504,45.790295910787,0 
							</coordinates>
						</LinearRing>
					</outerBoundaryIs>
				</Polygon>
			</MultiGeometry>
		</Placemark>
		<Placemark id="personne_morale.37081">
<styleUrl>#personne_morale</styleUrl>			<visibility>0</visibility>
			<ExtendedData>
				<SchemaData schemaUrl="#personne_morale">
					<SimpleData name="Numero de Parcelle">69044000AW0002</SimpleData>
					<SimpleData name="Departement">69</SimpleData>
					<SimpleData name="Commune">CHARBONNIERES-LES-BAINS</SimpleData>
					<SimpleData name="Adresse">LE CASINO</SimpleData>
					<SimpleData name="Groupe de personne">Personnes morales non remarquables</SimpleData>
					<SimpleData name="Forme Juridique Abregee">SA</SimpleData>
					<SimpleData name="Denomination">SOC ACTIV THERMALES HOTELIERES ET LOISIRS</SimpleData>
				</SchemaData>
			</ExtendedData>
	<Region>
		<LatLonAltBox>
			<north> 45.7866035925578 </north>
			<south> 45.7858774402963 </south>
			<east> 4.73379516860161 </east>
			<west> 4.73266929072137 </west>
		</LatLonAltBox>
		<Lod>
			<minLodPixels>100</minLodPixels>
			<maxLodPixels>-1</maxLodPixels>
		</Lod>
	</Region>
			<MultiGeometry>
				<Polygon><altitudeMode>relativeToGround</altitudeMode>
					<outerBoundaryIs>
						<LinearRing>
							<coordinates>								4.73289855932306,45.7866035925578,0 4.73296596042742,45.7865483349766,0 4.73297524834377,45.7865407164788,0 4.73298466493802,45.78653309600411,0 4.73299433889056,45.7865254715763,0 4.73300402413893,45.7865182072568,0 4.73301383524052,45.786510850933,0 4.73302403520531,45.7865035787071,0 4.73303148046535,45.7864987806932,0 4.73303905440447,45.78649398070261,0 4.73304650248661,45.78648927271501,0 4.7330540735984,45.78648438269621,0 4.73306165318302,45.7864797627586,0 4.73306935579722,45.7864749607898,0 4.73307680387421,45.7864702528002,0 4.73308463799083,45.78646553888129,0 4.73309234625059,45.7864609169655,0 4.733099923004,45.7864562069981,0 4.73310776276624,45.7864516731322,0 4.73311533951707,45.7864469631638,0 4.73312317927673,45.78644242929681,0 4.73313088753004,45.78643780737839,0 4.73313872446228,45.786433183483,0 4.73314656421806,45.7864286496145,0 4.73315440679743,45.7864242057726,0 4.7331538864269,45.7864240336234,0 4.73316528685213,45.7864180940069,0 4.73317669292472,45.7864123344439,0 4.73327745682118,45.7863617883535,0 4.73333795319798,45.7863244705867,0 4.73379516860161,45.7860308418594,0 4.73363174458936,45.7858774402963,0 4.73319819512893,45.7860964866563,0 4.7330582524834,45.7861415996504,0 4.73293392775467,45.7860854133522,0 4.73278851773497,45.78623941531981,0 4.73266929072137,45.7864975871002,0 4.73269501440525,45.7865214211371,0 4.73274363548386,45.7865282405143,0 4.73289855932306,45.7866035925578,0 
							</coordinates>
						</LinearRing>
					</outerBoundaryIs>
				</Polygon>
			</MultiGeometry>
		</Placemark>
		<Placemark id="personne_morale.37088">
<styleUrl>#personne_morale</styleUrl>			<visibility>0</visibility>
			<ExtendedData>
				<SchemaData schemaUrl="#personne_morale">
					<SimpleData name="Numero de Parcelle">69044000AX0002</SimpleData>
					<SimpleData name="Departement">69</SimpleData>
					<SimpleData name="Commune">CHARBONNIERES-LES-BAINS</SimpleData>
					<SimpleData name="Adresse">LE BUCLAY</SimpleData>
					<SimpleData name="Groupe de personne">Personnes morales non remarquables</SimpleData>
					<SimpleData name="Forme Juridique Abregee">SAS</SimpleData>
					<SimpleData name="Denomination">FONCIA LYON OUEST</SimpleData>
				</SchemaData>
			</ExtendedData>
	<Region>
		<LatLonAltBox>
			<north> 45.790615246044 </north>
			<south> 45.7896899758727 </south>
			<east> 4.74304113139911 </east>
			<west> 4.74050345131095 </west>
		</LatLonAltBox>
		<Lod>
			<minLodPixels>100</minLodPixels>
			<maxLodPixels>-1</maxLodPixels>
		</Lod>
	</Region>
			<MultiGeometry>
				<Polygon><altitudeMode>relativeToGround</altitudeMode>
					<outerBoundaryIs>
						<LinearRing>
							<coordinates>								4.74162045114122,45.790056393282,0 4.74140074341349,45.7899728653091,0 4.74105046486219,45.78983974076699,0 4.7406811235756,45.7896899758727,0 4.74058535625489,45.7898091755965,0 4.740516228199,45.7898095211998,0 4.74051311029961,45.7898127217667,0 4.74050345131095,45.78995563305271,0 4.74051039592517,45.79009837833791,0 4.74225891735731,45.790615246044,0 4.74302894883907,45.7906100208912,0 4.74304113139911,45.7905962320222,0 4.74162045114122,45.790056393282,0 
							</coordinates>
						</LinearRing>
					</outerBoundaryIs>
				</Polygon>
			</MultiGeometry>
		</Placemark>
		<Placemark id="personne_morale.37352">
<styleUrl>#personne_morale</styleUrl>			<visibility>0</visibility>
			<ExtendedData>
				<SchemaData schemaUrl="#personne_morale">
					<SimpleData name="Numero de Parcelle">69044000AX0020</SimpleData>
					<SimpleData name="Departement">69</SimpleData>
					<SimpleData name="Commune">CHARBONNIERES-LES-BAINS</SimpleData>
					<SimpleData name="Adresse">LE BUCLAY</SimpleData>
					<SimpleData name="Groupe de personne">Personnes morales non remarquables</SimpleData>
					<SimpleData name="Forme Juridique Abregee">AUPM</SimpleData>
					<SimpleData name="Denomination">ASSOCIATION SYNDICALE LES VERRIERES</SimpleData>
				</SchemaData>
			</ExtendedData>
	<Region>
		<LatLonAltBox>
			<north> 45.7887172334327 </north>
			<south> 45.7880025446728 </south>
			<east> 4.7453565740803 </east>
			<west> 4.74425601975363 </west>
		</LatLonAltBox>
		<Lod>
			<minLodPixels>100</minLodPixels>
			<maxLodPixels>-1</maxLodPixels>
		</Lod>
	</Region>
			<MultiGeometry>
				<Polygon><altitudeMode>relativeToGround</altitudeMode>
					<outerBoundaryIs>
						<LinearRing>
							<coordinates>								4.74456450374216,45.7883780241881,0 4.74513527165336,45.7887172334327,0 4.7453565740803,45.7885497016556,0 4.74525083446969,45.78848738658841,0 4.74519455353121,45.78845421013861,0 4.74510966763263,45.7884040022415,0 4.74505863378898,45.7883738970699,0 4.74492180512061,45.78829332768511,0 4.74442879011691,45.7880025446728,0 4.74425601975363,45.7882066138691,0 4.74432436131516,45.7882425766948,0 4.74435044300531,45.7882327160969,0 4.74438236538211,45.7881998871881,0 4.74461879726848,45.78832791603091,0 4.74456450374216,45.7883780241881,0 
							</coordinates>
						</LinearRing>
					</outerBoundaryIs>
				</Polygon>
			</MultiGeometry>
		</Placemark>
		<Placemark id="personne_morale.37578">
<styleUrl>#personne_morale</styleUrl>			<visibility>0</visibility>
			<ExtendedData>
				<SchemaData schemaUrl="#personne_morale">
					<SimpleData name="Numero de Parcelle">69044000AR0200</SimpleData>
					<SimpleData name="Departement">69</SimpleData>
					<SimpleData name="Commune">CHARBONNIERES-LES-BAINS</SimpleData>
					<SimpleData name="Adresse">8, CHE DE LA FERRIERE</SimpleData>
					<SimpleData name="Groupe de personne">Personnes morales non remarquables</SimpleData>
					<SimpleData name="Forme Juridique Abregee">ASS</SimpleData>
					<SimpleData name="Denomination">PROPRIETAIRES LOTISST LA BRESSONNIERE AR68 AR69 AR200 AR201</SimpleData>
				</SchemaData>
			</ExtendedData>
	<Region>
		<LatLonAltBox>
			<north> 45.7778115905702 </north>
			<south> 45.7773674280139 </south>
			<east> 4.74107315562052 </east>
			<west> 4.74090761457837 </west>
		</LatLonAltBox>
		<Lod>
			<minLodPixels>100</minLodPixels>
			<maxLodPixels>-1</maxLodPixels>
		</Lod>
	</Region>
			<MultiGeometry>
				<Polygon><altitudeMode>relativeToGround</altitudeMode>
					<outerBoundaryIs>
						<LinearRing>
							<coordinates>								4.74104020812652,45.7773674280139,0 4.74090761457837,45.7778041557642,0 4.74094858416215,45.777809378215,0 4.74096281334933,45.7778115905702,0 4.74107142140707,45.7774470193237,0 4.74107244314728,45.77744268015739,0 4.74107311961274,45.7774355541235,0 4.74107315562052,45.7774285280434,0 4.74107241967459,45.77742151387559,0 4.74107116909312,45.7774145076491,0 4.74106902073686,45.7774076053472,0 4.74106623192392,45.7774008029991,0 4.74106293131343,45.7773940986194,0 4.74105886442509,45.77738758620569,0 4.74105416559253,45.7773814438268,0 4.74104882630408,45.7773754014014,0 4.74104020812652,45.7773674280139,0 
							</coordinates>
						</LinearRing>
					</outerBoundaryIs>
				</Polygon>
			</MultiGeometry>
		</Placemark>
		<Placemark id="personne_morale.37583">
<styleUrl>#personne_morale</styleUrl>			<visibility>0</visibility>
			<ExtendedData>
				<SchemaData schemaUrl="#personne_morale">
					<SimpleData name="Numero de Parcelle">69044000AT0200</SimpleData>
					<SimpleData name="Departement">69</SimpleData>
					<SimpleData name="Commune">CHARBONNIERES-LES-BAINS</SimpleData>
					<SimpleData name="Adresse">11, SQ DES AMANDIERS</SimpleData>
					<SimpleData name="Groupe de personne">Personnes morales non remarquables</SimpleData>
					<SimpleData name="Forme Juridique Abregee">SCI</SimpleData>
					<SimpleData name="Denomination">SCI DES AMANDIERS DE CHARBONNIERES</SimpleData>
				</SchemaData>
			</ExtendedData>
	<Region>
		<LatLonAltBox>
			<north> 45.7776606330713 </north>
			<south> 45.7772348818824 </south>
			<east> 4.72959518509552 </east>
			<west> 4.7290789214088 </west>
		</LatLonAltBox>
		<Lod>
			<minLodPixels>100</minLodPixels>
			<maxLodPixels>-1</maxLodPixels>
		</Lod>
	</Region>
			<MultiGeometry>
				<Polygon><altitudeMode>relativeToGround</altitudeMode>
					<outerBoundaryIs>
						<LinearRing>
							<coordinates>								4.72934270987612,45.7776606330713,0 4.72959518509552,45.77734160625459,0 4.72917736319748,45.7772348818824,0 4.7290789214088,45.7772687258552,0 4.72929856013908,45.77759078452551,0 4.7292544444049,45.777653609334,0 4.72926560118216,45.7776522674238,0 4.7292769091636,45.7776516437594,0 4.7292882340535,45.7776515602579,0 4.72929945001041,45.7776521089185,0 4.72931055703473,45.77765328974129,0 4.72932155794501,45.7776551927537,0 4.72933231844535,45.77765763987301,0 4.72934270987612,45.7776606330713,0 
							</coordinates>
						</LinearRing>
					</outerBoundaryIs>
				</Polygon>
			</MultiGeometry>
		</Placemark>
		<Placemark id="personne_morale.37707">
<styleUrl>#personne_morale</styleUrl>			<visibility>0</visibility>
			<ExtendedData>
				<SchemaData schemaUrl="#personne_morale">
					<SimpleData name="Numero de Parcelle">69044000AA0201</SimpleData>
					<SimpleData name="Departement">69</SimpleData>
					<SimpleData name="Commune">CHARBONNIERES-LES-BAINS</SimpleData>
					<SimpleData name="Adresse">BRUSSILLAY</SimpleData>
					<SimpleData name="Groupe de personne">Personnes morales non remarquables</SimpleData>
					<SimpleData name="Forme Juridique Abregee">SCI</SimpleData>
					<SimpleData name="Denomination">LA FERME</SimpleData>
				</SchemaData>
			</ExtendedData>
	<Region>
		<LatLonAltBox>
			<north> 45.7896325108257 </north>
			<south> 45.789247272778 </south>
			<east> 4.74529590826871 </east>
			<west> 4.74470488632666 </west>
		</LatLonAltBox>
		<Lod>
			<minLodPixels>100</minLodPixels>
			<maxLodPixels>-1</maxLodPixels>
		</Lod>
	</Region>
			<MultiGeometry>
				<Polygon><altitudeMode>relativeToGround</altitudeMode>
					<outerBoundaryIs>
						<LinearRing>
							<coordinates>								4.74470488632666,45.789321058616,0 4.74520088519313,45.7896325108257,0 4.74529590826871,45.7895593448101,0 4.74479924618372,45.789247272778,0 4.74470488632666,45.789321058616,0 
							</coordinates>
						</LinearRing>
					</outerBoundaryIs>
				</Polygon>
			</MultiGeometry>
		</Placemark>
		<Placemark id="personne_morale.37803">
<styleUrl>#personne_morale</styleUrl>			<visibility>0</visibility>
			<ExtendedData>
				<SchemaData schemaUrl="#personne_morale">
					<SimpleData name="Numero de Parcelle">69044000AR0201</SimpleData>
					<SimpleData name="Departement">69</SimpleData>
					<SimpleData name="Commune">CHARBONNIERES-LES-BAINS</SimpleData>
					<SimpleData name="Adresse">8, CHE DE LA FERRIERE</SimpleData>
					<SimpleData name="Groupe de personne">Personnes morales non remarquables</SimpleData>
					<SimpleData name="Forme Juridique Abregee">ASS</SimpleData>
					<SimpleData name="Denomination">PROPRIETAIRES LOTISST LA BRESSONNIERE AR68 AR69 AR200 AR201</SimpleData>
				</SchemaData>
			</ExtendedData>
	<Region>
		<LatLonAltBox>
			<north> 45.7774470193237 </north>
			<south> 45.7768983056425 </south>
			<east> 4.74123147805254 </east>
			<west> 4.74104020812652 </west>
		</LatLonAltBox>
		<Lod>
			<minLodPixels>100</minLodPixels>
			<maxLodPixels>-1</maxLodPixels>
		</Lod>
	</Region>
			<MultiGeometry>
				<Polygon><altitudeMode>relativeToGround</altitudeMode>
					<outerBoundaryIs>
						<LinearRing>
							<coordinates>								4.74108101678306,45.7772327729033,0 4.74104020812652,45.7773674280139,0 4.74104882630408,45.7773754014014,0 4.74105416559253,45.7773814438268,0 4.74105886442509,45.77738758620569,0 4.74106293131343,45.7773940986194,0 4.74106623192392,45.7774008029991,0 4.74106902073686,45.7774076053472,0 4.74107116909312,45.7774145076491,0 4.74107241967459,45.77742151387559,0 4.74107315562052,45.7774285280434,0 4.74107311961274,45.7774355541235,0 4.74107244314728,45.77744268015739,0 4.74107142140707,45.7774470193237,0 4.74123147805254,45.7769097087681,0 4.74118246236466,45.7768983056425,0 4.74108101678306,45.7772327729033,0 
							</coordinates>
						</LinearRing>
					</outerBoundaryIs>
				</Polygon>
			</MultiGeometry>
		</Placemark>
		<Placemark id="personne_morale.38002">
<styleUrl>#personne_morale</styleUrl>			<visibility>0</visibility>
			<ExtendedData>
				<SchemaData schemaUrl="#personne_morale">
					<SimpleData name="Numero de Parcelle">69044000AO0202</SimpleData>
					<SimpleData name="Departement">69</SimpleData>
					<SimpleData name="Commune">CHARBONNIERES-LES-BAINS</SimpleData>
					<SimpleData name="Adresse">CHE DE LA HALTE DU MERIDIEN</SimpleData>
					<SimpleData name="Groupe de personne">Personnes morales non remarquables</SimpleData>
					<SimpleData name="Forme Juridique Abregee">SAS</SimpleData>
					<SimpleData name="Denomination">SOCIETE DETUDES FONCIERES ET INVESTISSEMENTS - S E F I</SimpleData>
				</SchemaData>
			</ExtendedData>
	<Region>
		<LatLonAltBox>
			<north> 45.7733397091763 </north>
			<south> 45.7733163041646 </south>
			<east> 4.74491115908893 </east>
			<west> 4.74487885604672 </west>
		</LatLonAltBox>
		<Lod>
			<minLodPixels>100</minLodPixels>
			<maxLodPixels>-1</maxLodPixels>
		</Lod>
	</Region>
			<MultiGeometry>
				<Polygon><altitudeMode>relativeToGround</altitudeMode>
					<outerBoundaryIs>
						<LinearRing>
							<coordinates>								4.74487885604672,45.7733301469445,0 4.74489537577923,45.7733397091763,0 4.74491115908893,45.77332595443131,0 4.74489450786523,45.7733163041646,0 4.74487885604672,45.7733301469445,0 
							</coordinates>
						</LinearRing>
					</outerBoundaryIs>
				</Polygon>
			</MultiGeometry>
		</Placemark>
		<Placemark id="personne_morale.38016">
<styleUrl>#personne_morale</styleUrl>			<visibility>0</visibility>
			<ExtendedData>
				<SchemaData schemaUrl="#personne_morale">
					<SimpleData name="Numero de Parcelle">69044000AT0202</SimpleData>
					<SimpleData name="Departement">69</SimpleData>
					<SimpleData name="Commune">CHARBONNIERES-LES-BAINS</SimpleData>
					<SimpleData name="Adresse">GDES BRUYERES</SimpleData>
					<SimpleData name="Groupe de personne">Personnes morales non remarquables</SimpleData>
					<SimpleData name="Forme Juridique Abregee">AUPM</SimpleData>
					<SimpleData name="Denomination">ASS SYNDICALE LIBRE DES HAUTINIERES</SimpleData>
				</SchemaData>
			</ExtendedData>
	<Region>
		<LatLonAltBox>
			<north> 45.7781217503791 </north>
			<south> 45.7768905862645 </south>
			<east> 4.73022028747379 </east>
			<west> 4.72838774341891 </west>
		</LatLonAltBox>
		<Lod>
			<minLodPixels>100</minLodPixels>
			<maxLodPixels>-1</maxLodPixels>
		</Lod>
	</Region>
			<MultiGeometry>
				<Polygon><altitudeMode>relativeToGround</altitudeMode>
					<outerBoundaryIs>
						<LinearRing>
							<coordinates>								4.72978993671574,45.7776169386269,0 4.72992669289324,45.7775775527136,0 4.73020009010179,45.77749923249961,0 4.73020134476181,45.7774612034863,0 4.73020877786194,45.77723411170779,0 4.73021595671362,45.7770194535655,0 4.73022028747379,45.7768905862645,0 4.73014625504458,45.7769105462816,0 4.7301362986538,45.7769132209325,0 4.73012608494573,45.7769158995282,0 4.73011599989484,45.7769185761502,0 4.73010578618479,45.7769212547441,0 4.73009582697073,45.77692383936411,0 4.73008560761997,45.7769263379015,0 4.73007539108765,45.77692892646531,0 4.73006516891568,45.7769313349736,0 4.73005507822036,45.77693383153549,0 4.7300447302077,45.776936332042,0 4.73003450521372,45.7769386505202,0 4.73002415437995,45.77694106099751,0 4.73001392938423,45.7769433794739,0 4.73000370438766,45.7769456979492,0 4.72999334791275,45.7769479283691,0 4.72998299143701,45.7769501587881,0 4.72997250630218,45.7769523911787,0 4.72996227284466,45.7769544395684,0 4.72995191354727,45.7769565799572,0 4.72994142559082,45.7769587223177,0 4.72993106065356,45.7769606826499,0 4.72992069853469,45.7769627330084,0 4.72991020775676,45.7769647853387,0 4.72990060912884,45.7769665537776,0 4.72989203694758,45.7769682164076,0 4.72988359060505,45.77696978703689,0 4.72987501560374,45.7769713596382,0 4.72986644060194,45.7769729322388,0 4.72985786278064,45.7769744148115,0 4.7298494136172,45.776975895411,0 4.72984070713666,45.7769773799549,0 4.72983212649501,45.77697877249831,0 4.72982354303397,45.7769800750137,0 4.7298148309142,45.776981379501,0 4.72980611879401,45.7769826839876,0 4.72979753251284,45.7769838964738,0 4.72978881475405,45.7769850209044,0 4.7297800969949,45.7769861453344,0 4.72977150507487,45.7769871777639,0 4.72976278731503,45.7769883021925,0 4.72975406391715,45.7769892465658,0 4.72974546917732,45.776990188966,0 4.72973674577885,45.776991133338,0 4.72972788808411,45.776991899627,0 4.72971916186628,45.7769927539703,0 4.7297104328294,45.7769935182856,0 4.72970157513392,45.7769942845726,0 4.72969232582562,45.7769948767214,0 4.72963778977201,45.777000306366,0 4.72958762527443,45.77700557890001,0 4.7295383726501,45.7770111977155,0 4.72949028075995,45.7770168887874,0 4.72944273167702,45.7770234722237,0 4.72937612802028,45.7770340405942,0 4.72935641888987,45.77703767529579,0 4.72928318229219,45.77705428993139,0 4.7290232793713,45.7771853626116,0 4.72886126602175,45.7772814285266,0 4.72870902644074,45.7773854507979,0 4.72863329360374,45.7774991992623,0 4.72862654691999,45.7775098408774,0 4.72861967157401,45.7775204844633,0 4.72861293051907,45.7775313061323,0 4.72860644396383,45.7775420338313,0 4.72859982874637,45.777552763501,0 4.72859334500305,45.7775635812266,0 4.72858698709997,45.7775743069533,0 4.72858063482835,45.77758521273439,0 4.72857453705687,45.7775960245456,0 4.72856831625707,45.77760701838219,0 4.72856221848077,45.7776178301927,0 4.72855612915287,45.77762891208501,0 4.7285501628486,45.7776398119511,0 4.7285443252019,45.7776507098459,0 4.72853849318669,45.777661787795,0 4.72853278419536,45.7776726837182,0 4.72852721231242,45.777683847752,0 4.72852163479348,45.7776948317308,0 4.72851618874925,45.77770590376569,0 4.72851074551969,45.7777170658277,0 4.7285054281312,45.777728135891,0 4.72850023940072,45.7777392039831,0 4.72849505630182,45.7777504521296,0 4.72848999904418,45.7777616082776,0 4.72843281197535,45.7778880426345,0 4.72838774341891,45.7781014795757,0 4.72877544679893,45.7781217503791,0 4.72877210912945,45.77811792848641,0 4.72875541515441,45.7780986389666,0 4.72863768238462,45.77796443630369,0 4.7285988617969,45.777920896507,0 4.72858509143373,45.7779045344998,0 4.72886527909538,45.7776235449386,0 4.72888486444878,45.7775665904747,0 4.72886064530121,45.7773438569075,0 4.7290789214088,45.7772687258552,0 4.72917736319748,45.7772348818824,0 4.72959518509552,45.77734160625459,0 4.72978993671574,45.7776169386269,0 
							</coordinates>
						</LinearRing>
					</outerBoundaryIs>
				</Polygon>
			</MultiGeometry>
		</Placemark>
		<Placemark id="personne_morale.38387">
<styleUrl>#personne_morale</styleUrl>			<visibility>0</visibility>
			<ExtendedData>
				<SchemaData schemaUrl="#personne_morale">
					<SimpleData name="Numero de Parcelle">69044000AO0204</SimpleData>
					<SimpleData name="Departement">69</SimpleData>
					<SimpleData name="Commune">CHARBONNIERES-LES-BAINS</SimpleData>
					<SimpleData name="Adresse">CHE DE LA HALTE DU MERIDIEN</SimpleData>
					<SimpleData name="Groupe de personne">Personnes morales non remarquables</SimpleData>
					<SimpleData name="Forme Juridique Abregee">SAS</SimpleData>
					<SimpleData name="Denomination">SOCIETE DETUDES FONCIERES ET INVESTISSEMENTS - S E F I</SimpleData>
				</SchemaData>
			</ExtendedData>
	<Region>
		<LatLonAltBox>
			<north> 45.7733325040879 </north>
			<south> 45.7732905716855 </south>
			<east> 4.74572530370468 </east>
			<west> 4.74556922650093 </west>
		</LatLonAltBox>
		<Lod>
			<minLodPixels>100</minLodPixels>
			<maxLodPixels>-1</maxLodPixels>
		</Lod>
	</Region>
			<MultiGeometry>
				<Polygon><altitudeMode>relativeToGround</altitudeMode>
					<outerBoundaryIs>
						<LinearRing>
							<coordinates>								4.74556922650093,45.77332883487989,0 4.74557075826427,45.7733325040879,0 4.74564151444923,45.77331915966519,0 4.74572530370468,45.7732905716855,0 4.74564244692861,45.7733160828257,0 4.74556922650093,45.77332883487989,0 
							</coordinates>
						</LinearRing>
					</outerBoundaryIs>
				</Polygon>
			</MultiGeometry>
		</Placemark>
		<Placemark id="personne_morale.38578">
<styleUrl>#personne_morale</styleUrl>			<visibility>0</visibility>
			<ExtendedData>
				<SchemaData schemaUrl="#personne_morale">
					<SimpleData name="Numero de Parcelle">69044000AO0205</SimpleData>
					<SimpleData name="Departement">69</SimpleData>
					<SimpleData name="Commune">CHARBONNIERES-LES-BAINS</SimpleData>
					<SimpleData name="Adresse">CHE DE LA HALTE DU MERIDIEN</SimpleData>
					<SimpleData name="Groupe de personne">Personnes morales non remarquables</SimpleData>
					<SimpleData name="Forme Juridique Abregee">SAS</SimpleData>
					<SimpleData name="Denomination">SOCIETE DETUDES FONCIERES ET INVESTISSEMENTS - S E F I</SimpleData>
				</SchemaData>
			</ExtendedData>
	<Region>
		<LatLonAltBox>
			<north> 45.7732905716855 </north>
			<south> 45.7730621136931 </south>
			<east> 4.74615830000648 </east>
			<west> 4.74572530370468 </west>
		</LatLonAltBox>
		<Lod>
			<minLodPixels>100</minLodPixels>
			<maxLodPixels>-1</maxLodPixels>
		</Lod>
	</Region>
			<MultiGeometry>
				<Polygon><altitudeMode>relativeToGround</altitudeMode>
					<outerBoundaryIs>
						<LinearRing>
							<coordinates>								4.74615830000648,45.7730709431523,0 4.74614682303989,45.7730621136931,0 4.74610732079433,45.77309100735129,0 4.74611003318739,45.7730953788472,0 4.74592465978767,45.7732044413562,0 4.74581419395223,45.77325641038111,0 4.74572530370468,45.7732905716855,0 4.74580656825331,45.7732635539162,0 4.74600485063541,45.7731678925379,0 4.74615830000648,45.7730709431523,0 
							</coordinates>
						</LinearRing>
					</outerBoundaryIs>
				</Polygon>
			</MultiGeometry>
		</Placemark>
		<Placemark id="personne_morale.39590">
<styleUrl>#personne_morale</styleUrl>			<visibility>0</visibility>
			<ExtendedData>
				<SchemaData schemaUrl="#personne_morale">
					<SimpleData name="Numero de Parcelle">69044000AT0021</SimpleData>
					<SimpleData name="Departement">69</SimpleData>
					<SimpleData name="Commune">CHARBONNIERES-LES-BAINS</SimpleData>
					<SimpleData name="Adresse">GDES BRUYERES</SimpleData>
					<SimpleData name="Groupe de personne">Personnes morales non remarquables</SimpleData>
					<SimpleData name="Forme Juridique Abregee">AUPM</SimpleData>
					<SimpleData name="Denomination">ASS SYNDICALE LIBRE DES HAUTINIERES</SimpleData>
				</SchemaData>
			</ExtendedData>
	<Region>
		<LatLonAltBox>
			<north> 45.7791558852212 </north>
			<south> 45.7791260272132 </south>
			<east> 4.73484097868569 </east>
			<west> 4.73464768681976 </west>
		</LatLonAltBox>
		<Lod>
			<minLodPixels>100</minLodPixels>
			<maxLodPixels>-1</maxLodPixels>
		</Lod>
	</Region>
			<MultiGeometry>
				<Polygon><altitudeMode>relativeToGround</altitudeMode>
					<outerBoundaryIs>
						<LinearRing>
							<coordinates>								4.73464768681976,45.7791558852212,0 4.73470606040863,45.77914553036441,0 4.73473887662108,45.7791411527953,0 4.73478221493668,45.7791357127336,0 4.73484097868569,45.7791295851294,0 4.73481464375979,45.7791271978473,0 4.73473260900376,45.7791260272132,0 4.73471524085963,45.7791304374896,0 4.73469664827523,45.7791368481428,0 4.73467449552183,45.77914466458709,0 4.73464768681976,45.7791558852212,0 
							</coordinates>
						</LinearRing>
					</outerBoundaryIs>
				</Polygon>
			</MultiGeometry>
		</Placemark>
		<Placemark id="personne_morale.39608">
<styleUrl>#personne_morale</styleUrl>			<visibility>0</visibility>
			<ExtendedData>
				<SchemaData schemaUrl="#personne_morale">
					<SimpleData name="Numero de Parcelle">69044000AX0021</SimpleData>
					<SimpleData name="Departement">69</SimpleData>
					<SimpleData name="Commune">CHARBONNIERES-LES-BAINS</SimpleData>
					<SimpleData name="Adresse">LE BUCLAY</SimpleData>
					<SimpleData name="Groupe de personne">Personnes morales non remarquables</SimpleData>
					<SimpleData name="Forme Juridique Abregee">AUPM</SimpleData>
					<SimpleData name="Denomination">ASSOCIATION SYNDICALE LES VERRIERES</SimpleData>
				</SchemaData>
			</ExtendedData>
	<Region>
		<LatLonAltBox>
			<north> 45.7882066138691 </north>
			<south> 45.7879667346339 </south>
			<east> 4.74442879011691 </east>
			<west> 4.74419540140516 </west>
		</LatLonAltBox>
		<Lod>
			<minLodPixels>100</minLodPixels>
			<maxLodPixels>-1</maxLodPixels>
		</Lod>
	</Region>
			<MultiGeometry>
				<Polygon><altitudeMode>relativeToGround</altitudeMode>
					<outerBoundaryIs>
						<LinearRing>
							<coordinates>								4.74425601975363,45.7882066138691,0 4.74442879011691,45.7880025446728,0 4.74441619766636,45.78799517336601,0 4.74436804963399,45.7879667346339,0 4.74419540140516,45.7881746748983,0 4.74425601975363,45.7882066138691,0 
							</coordinates>
						</LinearRing>
					</outerBoundaryIs>
				</Polygon>
			</MultiGeometry>
		</Placemark>
		<Placemark id="personne_morale.39992">
<styleUrl>#personne_morale</styleUrl>			<visibility>0</visibility>
			<ExtendedData>
				<SchemaData schemaUrl="#personne_morale">
					<SimpleData name="Numero de Parcelle">69044000AK0211</SimpleData>
					<SimpleData name="Departement">69</SimpleData>
					<SimpleData name="Commune">CHARBONNIERES-LES-BAINS</SimpleData>
					<SimpleData name="Adresse">102, RTE DE PARIS</SimpleData>
					<SimpleData name="Groupe de personne">Personnes morales non remarquables</SimpleData>
					<SimpleData name="Forme Juridique Abregee">SCI</SimpleData>
					<SimpleData name="Denomination">DE LA MORAINE DU RHONE</SimpleData>
				</SchemaData>
			</ExtendedData>
	<Region>
		<LatLonAltBox>
			<north> 45.77727044202561 </north>
			<south> 45.77717608485429 </south>
			<east> 4.75148788381788 </east>
			<west> 4.75095114083345 </west>
		</LatLonAltBox>
		<Lod>
			<minLodPixels>100</minLodPixels>
			<maxLodPixels>-1</maxLodPixels>
		</Lod>
	</Region>
			<MultiGeometry>
				<Polygon><altitudeMode>relativeToGround</altitudeMode>
					<outerBoundaryIs>
						<LinearRing>
							<coordinates>								4.75095114083345,45.77727044202561,0 4.75148339133379,45.7772619106566,0 4.75148788381788,45.7772452678371,0 4.75097775609091,45.77717608485429,0 4.75095114083345,45.77727044202561,0 
							</coordinates>
						</LinearRing>
					</outerBoundaryIs>
				</Polygon>
			</MultiGeometry>
		</Placemark>
		<Placemark id="personne_morale.40168">
<styleUrl>#personne_morale</styleUrl>			<visibility>0</visibility>
			<ExtendedData>
				<SchemaData schemaUrl="#personne_morale">
					<SimpleData name="Numero de Parcelle">69044000AK0212</SimpleData>
					<SimpleData name="Departement">69</SimpleData>
					<SimpleData name="Commune">CHARBONNIERES-LES-BAINS</SimpleData>
					<SimpleData name="Adresse">100, RTE DE PARIS</SimpleData>
					<SimpleData name="Groupe de personne">Personnes morales non remarquables</SimpleData>
					<SimpleData name="Forme Juridique Abregee">SAS</SimpleData>
					<SimpleData name="Denomination">ACTINEUF</SimpleData>
				</SchemaData>
			</ExtendedData>
	<Region>
		<LatLonAltBox>
			<north> 45.7777694899424 </north>
			<south> 45.77727044202561 </south>
			<east> 4.75095114083345 </east>
			<west> 4.74961750907788 </west>
		</LatLonAltBox>
		<Lod>
			<minLodPixels>100</minLodPixels>
			<maxLodPixels>-1</maxLodPixels>
		</Lod>
	</Region>
			<MultiGeometry>
				<Polygon><altitudeMode>relativeToGround</altitudeMode>
					<outerBoundaryIs>
						<LinearRing>
							<coordinates>								4.75074812097075,45.7772736825424,0 4.74968464576735,45.7772906298459,0 4.74969097324802,45.7774863461687,0 4.74961750907788,45.77748748539669,0 4.74962373654936,45.7776800507861,0 4.7496263800191,45.7777594524535,0 4.74973051681867,45.7777594588414,0 4.74994633251398,45.7777618763424,0 4.75025395084669,45.77776503108541,0 4.75052885834299,45.7777677017198,0 4.75081995697904,45.7777694899424,0 4.75095114083345,45.77727044202561,0 4.75074812097075,45.7772736825424,0 
							</coordinates>
						</LinearRing>
					</outerBoundaryIs>
				</Polygon>
			</MultiGeometry>
		</Placemark>
		<Placemark id="personne_morale.41135">
<styleUrl>#personne_morale</styleUrl>			<visibility>0</visibility>
			<ExtendedData>
				<SchemaData schemaUrl="#personne_morale">
					<SimpleData name="Numero de Parcelle">69044000AR0217</SimpleData>
					<SimpleData name="Departement">69</SimpleData>
					<SimpleData name="Commune">CHARBONNIERES-LES-BAINS</SimpleData>
					<SimpleData name="Adresse">34, LE TARTARET</SimpleData>
					<SimpleData name="Groupe de personne">Personnes morales non remarquables</SimpleData>
					<SimpleData name="Forme Juridique Abregee">SCI</SimpleData>
					<SimpleData name="Denomination">LE TARTARET</SimpleData>
				</SchemaData>
			</ExtendedData>
	<Region>
		<LatLonAltBox>
			<north> 45.7789288828511 </north>
			<south> 45.77854832316639 </south>
			<east> 4.7374313464496 </east>
			<west> 4.73596734023623 </west>
		</LatLonAltBox>
		<Lod>
			<minLodPixels>100</minLodPixels>
			<maxLodPixels>-1</maxLodPixels>
		</Lod>
	</Region>
			<MultiGeometry>
				<Polygon><altitudeMode>relativeToGround</altitudeMode>
					<outerBoundaryIs>
						<LinearRing>
							<coordinates>								4.73734802853999,45.7789288828511,0 4.7374313464496,45.77878258602,0 4.73720587238916,45.7787146316721,0 4.73715981389152,45.77870723443879,0 4.73665640345622,45.7786304074898,0 4.73627731313479,45.7785690489491,0 4.73614330369046,45.77854832316639,0 4.73596734023623,45.7786876678658,0 4.73624890624217,45.778738278591,0 4.73707250231476,45.77888619814829,0 4.73707767712361,45.7788870191877,0 4.73714506699128,45.77889733058811,0 4.73734802853999,45.7789288828511,0 
							</coordinates>
						</LinearRing>
					</outerBoundaryIs>
				</Polygon>
			</MultiGeometry>
		</Placemark>
		<Placemark id="personne_morale.41247">
<styleUrl>#personne_morale</styleUrl>			<visibility>0</visibility>
			<ExtendedData>
				<SchemaData schemaUrl="#personne_morale">
					<SimpleData name="Numero de Parcelle">69044000AA0218</SimpleData>
					<SimpleData name="Departement">69</SimpleData>
					<SimpleData name="Commune">CHARBONNIERES-LES-BAINS</SimpleData>
					<SimpleData name="Adresse">15, RTE DE PARIS</SimpleData>
					<SimpleData name="Groupe de personne">Personnes morales non remarquables</SimpleData>
					<SimpleData name="Forme Juridique Abregee">AUPM</SimpleData>
					<SimpleData name="Denomination">ASSOCIATION SYNDICALE DU LOTIS LES VERGERS DU BRUSSILLAY</SimpleData>
				</SchemaData>
			</ExtendedData>
	<Region>
		<LatLonAltBox>
			<north> 45.7900899104771 </north>
			<south> 45.7897964816506 </south>
			<east> 4.74626184882374 </east>
			<west> 4.74574080354351 </west>
		</LatLonAltBox>
		<Lod>
			<minLodPixels>100</minLodPixels>
			<maxLodPixels>-1</maxLodPixels>
		</Lod>
	</Region>
			<MultiGeometry>
				<Polygon><altitudeMode>relativeToGround</altitudeMode>
					<outerBoundaryIs>
						<LinearRing>
							<coordinates>								4.74577802878874,45.78999773909301,0 4.74587080852504,45.79006133506909,0 4.74587371081033,45.7900635419451,0 4.74587529206418,45.7900646884058,0 4.74587674178408,45.7900657468302,0 4.74588002444294,45.7900677676796,0 4.74588317841381,45.7900697905197,0 4.74588658406978,45.7900716293241,0 4.74588998688017,45.7900733781014,0 4.74589351837902,45.7900751248877,0 4.74589704703227,45.790076781647,0 4.74590095605884,45.79007825237961,0 4.74590461055494,45.79007981712071,0 4.74590851673608,45.7900811978261,0 4.74591242007158,45.79008248850441,0 4.74591631771555,45.7900835991285,0 4.74592034404795,45.79008470776171,0 4.74592436468877,45.7900856363407,0 4.74592851117213,45.7900864729018,0 4.74593265765562,45.7900873094627,0 4.74593692713573,45.7900879639785,0 4.74594119661595,45.7900886184943,0 4.74594545755856,45.79008900292891,0 4.74594971850123,45.7900893873634,0 4.74595397659805,45.7900896817707,0 4.74595835769135,45.7900897941331,0 4.74596248140811,45.7900899104771,0 4.74596685680957,45.7900898427851,0 4.7459711006768,45.790089687057,0 4.74597533885211,45.7900893512747,0 4.74597970856161,45.7900891035283,0 4.74598394104489,45.7900885876918,0 4.74598817068213,45.7900879818281,0 4.74599240031927,45.79008737596429,0 4.74599649557608,45.7900865920374,0 4.74600058798679,45.7900857180834,0 4.74600467755137,45.7900847541022,0 4.74600863558154,45.7900837020849,0 4.74601271945381,45.7900825580495,0 4.74601667179164,45.7900813259779,0 4.746020489749,45.7900799158433,0 4.74602430770616,45.79007850570861,0 4.74602799412884,45.7900770075378,0 4.74603348218671,45.79007548149259,0 4.74603373671716,45.7900753874836,0 4.74603923046682,45.7900740414921,0 4.74604485005839,45.79007260348231,0 4.74605059833789,45.79007116348119,0 4.74605634946318,45.7900698135067,0 4.74606196905387,45.7900683754961,0 4.74606772017859,45.79006702552109,0 4.74607347414914,45.7900657655728,0 4.74607909658509,45.79006441758829,0 4.74608485055511,45.7900631576393,0 4.74609073321307,45.7900618956991,0 4.7460964900287,45.7900607257765,0 4.74610224684409,45.79005955585369,0 4.74610813234744,45.7900583839395,0 4.74611388916234,45.790057214016,0 4.74611977751137,45.79005613212819,0 4.74612566586017,45.79005505024,0 4.74613129967856,45.79005406236071,0 4.74613705933873,45.79005298246311,0 4.74614295053308,45.790051990601,0 4.74614884172721,45.7900509987386,0 4.74615473292114,45.7900500068759,0 4.74616062980735,45.7900491950668,0 4.74616652100087,45.7900482032034,0 4.74617241788671,45.7900473913937,0 4.74617844061428,45.7900464875655,0 4.74618433749976,45.7900456757552,0 4.74619023723138,45.7900449539715,0 4.74619626280469,45.7900441401694,0 4.74620203384782,45.79004342037631,0 4.74620793357896,45.79004269859171,0 4.74621396484443,45.7900420648425,0 4.74621986742162,45.79004143308429,0 4.74622589868682,45.7900407993344,0 4.74623192995189,45.7900401655843,0 4.74623783537504,45.7900396238521,0 4.74624386948622,45.7900390801283,0 4.74624990644368,45.79003862643109,0 4.74625581186649,45.7900380846979,0 4.74626184882374,45.7900376310001,0 4.7461379753716,45.7899516384086,0 4.74613468417159,45.78994934748589,0 4.74600370260182,45.7898584207582,0 4.74591669060344,45.7897980682911,0 4.7459144516892,45.7897964816506,0 4.74577645551582,45.7898909392293,0 4.74577316939026,45.78989288155459,0 4.74577014348573,45.78989490992539,0 4.7457700176435,45.7898950019431,0 4.74576699458434,45.7898971203407,0 4.74576410590398,45.7898994168015,0 4.74576135160241,45.78990189132549,0 4.74575885183071,45.789904271841,0 4.74575635774997,45.78990683241041,0 4.74575412104472,45.78990938899831,0 4.74575188718484,45.7899120356133,0 4.74575004223396,45.789914766283,0 4.74574833166191,45.7899176750159,0 4.74574674693201,45.7899204917312,0 4.74574529373542,45.7899233964828,0 4.74574409791448,45.7899262972529,0 4.74574302793577,45.7899291060054,0 4.7457422210239,45.7899320908304,0 4.74574167433336,45.7899351617011,0 4.7457411247972,45.7899381425448,0 4.74574083548242,45.78994120943399,0 4.74574080354351,45.7899442723419,0 4.74574102898049,45.7899473312685,0 4.7457412544175,45.789950390195,0 4.74574173438492,45.7899533551132,0 4.7457424745739,45.7899564060769,0 4.74574334060537,45.78995936502309,0 4.74574446401292,45.7899623199878,0 4.74574571610859,45.7899652729618,0 4.74574722273482,45.7899681319275,0 4.74574885804922,45.7899709889024,0 4.74575061636064,45.78997366383269,0 4.74575263489387,45.7899764248085,0 4.74575477926973,45.7899790937666,0 4.74575704948825,45.78998167070699,0 4.74575957423747,45.789984153639,0 4.74576222767497,45.7899866345802,0 4.74576500126394,45.7899888434497,0 4.7457679063868,45.7899911403554,0 4.74577106604041,45.7899933432526,0 4.74577422000304,45.7899953660957,0 4.74577802878874,45.78999773909301,0 
							</coordinates>
						</LinearRing>
					</outerBoundaryIs>
				</Polygon>
			</MultiGeometry>
		</Placemark>
		<Placemark id="personne_morale.41297">
<styleUrl>#personne_morale</styleUrl>			<visibility>0</visibility>
			<ExtendedData>
				<SchemaData schemaUrl="#personne_morale">
					<SimpleData name="Numero de Parcelle">69044000AK0218</SimpleData>
					<SimpleData name="Departement">69</SimpleData>
					<SimpleData name="Commune">CHARBONNIERES-LES-BAINS</SimpleData>
					<SimpleData name="Adresse">69, AV DENIS DELORME</SimpleData>
					<SimpleData name="Groupe de personne">Personnes morales non remarquables</SimpleData>
					<SimpleData name="Forme Juridique Abregee">SNC</SimpleData>
					<SimpleData name="Denomination">LECRIN</SimpleData>
				</SchemaData>
			</ExtendedData>
	<Region>
		<LatLonAltBox>
			<north> 45.7796464513458 </north>
			<south> 45.77921986131 </south>
			<east> 4.74501967537576 </east>
			<west> 4.74416207215643 </west>
		</LatLonAltBox>
		<Lod>
			<minLodPixels>100</minLodPixels>
			<maxLodPixels>-1</maxLodPixels>
		</Lod>
	</Region>
			<MultiGeometry>
				<Polygon><altitudeMode>relativeToGround</altitudeMode>
					<outerBoundaryIs>
						<LinearRing>
							<coordinates>								4.74501967537576,45.7796223050209,0 4.74484432438795,45.7793403025806,0 4.74469331924093,45.7792788674231,0 4.74457504952559,45.7792308869197,0 4.74457074109717,45.7792289719751,0 4.74454831253378,45.77921986131,0 4.74450055399724,45.7793094997167,0 4.74445194867712,45.7794008625405,0 4.74442108229252,45.7793935936502,0 4.74431266686297,45.7793682484619,0 4.74430928601796,45.779375326259,0 4.74424884279904,45.7793608585291,0 4.74422075602406,45.7794130834889,0 4.7442202349359,45.7794169645935,0 4.74416207215643,45.7795318033942,0 4.74434370571726,45.7796051955528,0 4.74442597862838,45.7796383307089,0 4.74456487385534,45.7796464513458,0 4.74456680882982,45.77963435192439,0 4.74501967537576,45.7796223050209,0 
							</coordinates>
						</LinearRing>
					</outerBoundaryIs>
				</Polygon>
			</MultiGeometry>
		</Placemark>
		<Placemark id="personne_morale.41432">
<styleUrl>#personne_morale</styleUrl>			<visibility>0</visibility>
			<ExtendedData>
				<SchemaData schemaUrl="#personne_morale">
					<SimpleData name="Numero de Parcelle">69044000AA0219</SimpleData>
					<SimpleData name="Departement">69</SimpleData>
					<SimpleData name="Commune">CHARBONNIERES-LES-BAINS</SimpleData>
					<SimpleData name="Adresse">9001, ALL DES VERGERS DU BRUSSILAY</SimpleData>
					<SimpleData name="Groupe de personne">Personnes morales non remarquables</SimpleData>
					<SimpleData name="Forme Juridique Abregee">AUPM</SimpleData>
					<SimpleData name="Denomination">ASSOCIATION SYNDICALE DU LOTIS LES VERGERS DU BRUSSILLAY</SimpleData>
				</SchemaData>
			</ExtendedData>
	<Region>
		<LatLonAltBox>
			<north> 45.7900606907313 </north>
			<south> 45.7899837980341 </south>
			<east> 4.74709213569522 </east>
			<west> 4.74701119932032 </west>
		</LatLonAltBox>
		<Lod>
			<minLodPixels>100</minLodPixels>
			<maxLodPixels>-1</maxLodPixels>
		</Lod>
	</Region>
			<MultiGeometry>
				<Polygon><altitudeMode>relativeToGround</altitudeMode>
					<outerBoundaryIs>
						<LinearRing>
							<coordinates>								4.74705903266761,45.7900606907313,0 4.74708315616475,45.7900051938092,0 4.74709213569522,45.7899837980341,0 4.74706999173705,45.7899919770232,0 4.74704793659265,45.7899988936386,0 4.7470304515637,45.7900037579393,0 4.74701119932032,45.7900504425512,0 4.74705903266761,45.7900606907313,0 
							</coordinates>
						</LinearRing>
					</outerBoundaryIs>
				</Polygon>
			</MultiGeometry>
		</Placemark>
		<Placemark id="personne_morale.41464">
<styleUrl>#personne_morale</styleUrl>			<visibility>0</visibility>
			<ExtendedData>
				<SchemaData schemaUrl="#personne_morale">
					<SimpleData name="Numero de Parcelle">69044000AH0219</SimpleData>
					<SimpleData name="Departement">69</SimpleData>
					<SimpleData name="Commune">CHARBONNIERES-LES-BAINS</SimpleData>
					<SimpleData name="Adresse">34, RTE DE PARIS</SimpleData>
					<SimpleData name="Groupe de personne">Personnes morales non remarquables</SimpleData>
					<SimpleData name="Forme Juridique Abregee">ASS</SimpleData>
					<SimpleData name="Denomination">ASSOCIATION SYNDICALE CLOS DES CHENES</SimpleData>
				</SchemaData>
			</ExtendedData>
	<Region>
		<LatLonAltBox>
			<north> 45.78529217016911 </north>
			<south> 45.7849756170123 </south>
			<east> 4.74786723983174 </east>
			<west> 4.74769647137005 </west>
		</LatLonAltBox>
		<Lod>
			<minLodPixels>100</minLodPixels>
			<maxLodPixels>-1</maxLodPixels>
		</Lod>
	</Region>
			<MultiGeometry>
				<Polygon><altitudeMode>relativeToGround</altitudeMode>
					<outerBoundaryIs>
						<LinearRing>
							<coordinates>								4.74770145016403,45.7849771324839,0 4.74769647137005,45.785238865922,0 4.74770343629332,45.78529217016911,0 4.74786723983174,45.7852610805801,0 4.74784544553073,45.7852314245025,0 4.74781348863262,45.7852020158989,0 4.74777459128095,45.78517703819301,0 4.74775017225424,45.7851458014729,0 4.74774178243134,45.7850759462288,0 4.74774403407325,45.7850657333291,0 4.74775251630882,45.7850571352777,0 4.74776549033463,45.7850521605671,0 4.74778879884385,45.785044233587,0 4.74780653486419,45.7850310787224,0 4.74781669654621,45.78501452840301,0 4.74781767092484,45.78499649910539,0 4.74771788085177,45.7849756170123,0 4.74770145016403,45.7849771324839,0 
							</coordinates>
						</LinearRing>
					</outerBoundaryIs>
				</Polygon>
			</MultiGeometry>
		</Placemark>
		<Placemark id="personne_morale.41649">
<styleUrl>#personne_morale</styleUrl>			<visibility>0</visibility>
			<ExtendedData>
				<SchemaData schemaUrl="#personne_morale">
					<SimpleData name="Numero de Parcelle">69044000AH0022</SimpleData>
					<SimpleData name="Departement">69</SimpleData>
					<SimpleData name="Commune">CHARBONNIERES-LES-BAINS</SimpleData>
					<SimpleData name="Adresse">49, AV DENIS DELORME</SimpleData>
					<SimpleData name="Groupe de personne">Personnes morales non remarquables</SimpleData>
					<SimpleData name="Forme Juridique Abregee">ASS</SimpleData>
					<SimpleData name="Denomination">ASSOC DIOCESAINE DE LYON</SimpleData>
				</SchemaData>
			</ExtendedData>
	<Region>
		<LatLonAltBox>
			<north> 45.7799478120001 </north>
			<south> 45.7797231172992 </south>
			<east> 4.74547395216025 </east>
			<west> 4.74462598624055 </west>
		</LatLonAltBox>
		<Lod>
			<minLodPixels>100</minLodPixels>
			<maxLodPixels>-1</maxLodPixels>
		</Lod>
	</Region>
			<MultiGeometry>
				<Polygon><altitudeMode>relativeToGround</altitudeMode>
					<outerBoundaryIs>
						<LinearRing>
							<coordinates>								4.74529221932495,45.7797250939212,0 4.74502401847442,45.7797231172992,0 4.7447711109099,45.779724416322,0 4.74462598624055,45.7797269305538,0 4.74463202976436,45.7797960115789,0 4.74467558567867,45.779931975701,0 4.74469410768926,45.7799478120001,0 4.74547395216025,45.7798871125705,0 4.74529221932495,45.7797250939212,0 
							</coordinates>
						</LinearRing>
					</outerBoundaryIs>
				</Polygon>
			</MultiGeometry>
		</Placemark>
		<Placemark id="personne_morale.41694">
<styleUrl>#personne_morale</styleUrl>			<visibility>0</visibility>
			<ExtendedData>
				<SchemaData schemaUrl="#personne_morale">
					<SimpleData name="Numero de Parcelle">69044000AN0022</SimpleData>
					<SimpleData name="Departement">69</SimpleData>
					<SimpleData name="Commune">CHARBONNIERES-LES-BAINS</SimpleData>
					<SimpleData name="Adresse">LE MERIDIEN</SimpleData>
					<SimpleData name="Groupe de personne">Personnes morales non remarquables</SimpleData>
					<SimpleData name="Forme Juridique Abregee">SC</SimpleData>
					<SimpleData name="Denomination">LA PERSEVERANCE</SimpleData>
				</SchemaData>
			</ExtendedData>
	<Region>
		<LatLonAltBox>
			<north> 45.77532767387 </north>
			<south> 45.7749313117472 </south>
			<east> 4.75211944860412 </east>
			<west> 4.75155461729407 </west>
		</LatLonAltBox>
		<Lod>
			<minLodPixels>100</minLodPixels>
			<maxLodPixels>-1</maxLodPixels>
		</Lod>
	</Region>
			<MultiGeometry>
				<Polygon><altitudeMode>relativeToGround</altitudeMode>
					<outerBoundaryIs>
						<LinearRing>
							<coordinates>								4.75155461729407,45.7752698736921,0 4.75202613827283,45.77532767387,0 4.75207887120918,45.7751437404398,0 4.75211944860412,45.7750026894536,0 4.7520033929608,45.7749879186356,0 4.75165226229183,45.7749313117472,0 4.75160853837374,45.77508276957219,0 4.75155461729407,45.7752698736921,0 
							</coordinates>
						</LinearRing>
					</outerBoundaryIs>
				</Polygon>
			</MultiGeometry>
		</Placemark>
		<Placemark id="personne_morale.41729">
<styleUrl>#personne_morale</styleUrl>			<visibility>0</visibility>
			<ExtendedData>
				<SchemaData schemaUrl="#personne_morale">
					<SimpleData name="Numero de Parcelle">69044000AT0022</SimpleData>
					<SimpleData name="Departement">69</SimpleData>
					<SimpleData name="Commune">CHARBONNIERES-LES-BAINS</SimpleData>
					<SimpleData name="Adresse">GDES BRUYERES</SimpleData>
					<SimpleData name="Groupe de personne">Personnes morales non remarquables</SimpleData>
					<SimpleData name="Forme Juridique Abregee">AUPM</SimpleData>
					<SimpleData name="Denomination">ASS SYNDICALE LIBRE DES HAUTINIERES</SimpleData>
				</SchemaData>
			</ExtendedData>
	<Region>
		<LatLonAltBox>
			<north> 45.7791256707613 </north>
			<south> 45.77908500925021 </south>
			<east> 4.73512740830717 </east>
			<west> 4.73499596970692 </west>
		</LatLonAltBox>
		<Lod>
			<minLodPixels>100</minLodPixels>
			<maxLodPixels>-1</maxLodPixels>
		</Lod>
	</Region>
			<MultiGeometry>
				<Polygon><altitudeMode>relativeToGround</altitudeMode>
					<outerBoundaryIs>
						<LinearRing>
							<coordinates>								4.73512740830717,45.77908500925021,0 4.73509278521099,45.7790974310098,0 4.73506999204163,45.7791053474516,0 4.73504895208034,45.77911170572751,0 4.73502585350434,45.7791180956549,0 4.73499596970692,45.7791256707613,0 4.73505435733655,45.7791157658603,0 4.73508362184568,45.7791048676463,0 4.73512740830717,45.77908500925021,0 
							</coordinates>
						</LinearRing>
					</outerBoundaryIs>
				</Polygon>
			</MultiGeometry>
		</Placemark>
		<Placemark id="personne_morale.42067">
<styleUrl>#personne_morale</styleUrl>			<visibility>0</visibility>
			<ExtendedData>
				<SchemaData schemaUrl="#personne_morale">
					<SimpleData name="Numero de Parcelle">69044000AK0221</SimpleData>
					<SimpleData name="Departement">69</SimpleData>
					<SimpleData name="Commune">CHARBONNIERES-LES-BAINS</SimpleData>
					<SimpleData name="Adresse">69, AV DENIS DELORME</SimpleData>
					<SimpleData name="Groupe de personne">Personnes morales non remarquables</SimpleData>
					<SimpleData name="Forme Juridique Abregee">SNC</SimpleData>
					<SimpleData name="Denomination">LECRIN</SimpleData>
				</SchemaData>
			</ExtendedData>
	<Region>
		<LatLonAltBox>
			<north> 45.7796223050209 </north>
			<south> 45.77924545450021 </south>
			<east> 4.74501967537576 </east>
			<west> 4.74469331924093 </west>
		</LatLonAltBox>
		<Lod>
			<minLodPixels>100</minLodPixels>
			<maxLodPixels>-1</maxLodPixels>
		</Lod>
	</Region>
			<MultiGeometry>
				<Polygon><altitudeMode>relativeToGround</altitudeMode>
					<outerBoundaryIs>
						<LinearRing>
							<coordinates>								4.74475134915613,45.77924545450021,0 4.74474654526136,45.779248230912,0 4.74469331924093,45.7792788674231,0 4.74484432438795,45.7793403025806,0 4.74501967537576,45.7796223050209,0 4.74491374573551,45.7793537304404,0 4.74489119260143,45.77932030261709,0 4.74484819981721,45.77928367810721,0 4.74475134915613,45.77924545450021,0 
							</coordinates>
						</LinearRing>
					</outerBoundaryIs>
				</Polygon>
			</MultiGeometry>
		</Placemark>
		<Placemark id="personne_morale.42198">
<styleUrl>#personne_morale</styleUrl>			<visibility>0</visibility>
			<ExtendedData>
				<SchemaData schemaUrl="#personne_morale">
					<SimpleData name="Numero de Parcelle">69044000AA0222</SimpleData>
					<SimpleData name="Departement">69</SimpleData>
					<SimpleData name="Commune">CHARBONNIERES-LES-BAINS</SimpleData>
					<SimpleData name="Adresse">BRUSSILLAY</SimpleData>
					<SimpleData name="Groupe de personne">Personnes morales non remarquables</SimpleData>
					<SimpleData name="Forme Juridique Abregee">AUPM</SimpleData>
					<SimpleData name="Denomination">ASSOCIATION SYNDICALE DU LOTIS LES VERGERS DU BRUSSILLAY</SimpleData>
				</SchemaData>
			</ExtendedData>
	<Region>
		<LatLonAltBox>
			<north> 45.7899710514879 </north>
			<south> 45.7898308357065 </south>
			<east> 4.74624826078511 </east>
			<west> 4.74600370260182 </west>
		</LatLonAltBox>
		<Lod>
			<minLodPixels>100</minLodPixels>
			<maxLodPixels>-1</maxLodPixels>
		</Lod>
	</Region>
			<MultiGeometry>
				<Polygon><altitudeMode>relativeToGround</altitudeMode>
					<outerBoundaryIs>
						<LinearRing>
							<coordinates>								4.74600370260182,45.7898584207582,0 4.74613468417159,45.78994934748589,0 4.7461379753716,45.7899516384086,0 4.74614774366297,45.78995518017861,0 4.74615960511797,45.7899597704126,0 4.74616935918088,45.7899628620458,0 4.74618182138506,45.7899660919172,0 4.7461921904273,45.78996827332289,0 4.74619996009375,45.7899696843091,0 4.74621056089644,45.7899710514879,0 4.74624826078511,45.7899702880001,0 4.74604596202373,45.7898308357065,0 4.74600370260182,45.7898584207582,0 
							</coordinates>
						</LinearRing>
					</outerBoundaryIs>
				</Polygon>
			</MultiGeometry>
		</Placemark>
		<Placemark id="personne_morale.42408">
<styleUrl>#personne_morale</styleUrl>			<visibility>0</visibility>
			<ExtendedData>
				<SchemaData schemaUrl="#personne_morale">
					<SimpleData name="Numero de Parcelle">69044000AK0223</SimpleData>
					<SimpleData name="Departement">69</SimpleData>
					<SimpleData name="Commune">CHARBONNIERES-LES-BAINS</SimpleData>
					<SimpleData name="Adresse">102, RTE DE PARIS</SimpleData>
					<SimpleData name="Groupe de personne">Personnes morales non remarquables</SimpleData>
					<SimpleData name="Forme Juridique Abregee">SCI</SimpleData>
					<SimpleData name="Denomination">SCCV DE LA MORAINE DU RHONE</SimpleData>
				</SchemaData>
			</ExtendedData>
	<Region>
		<LatLonAltBox>
			<north> 45.7772736825424 </north>
			<south> 45.77686111849881 </south>
			<east> 4.75082025939278 </east>
			<west> 4.75073903538993 </west>
		</LatLonAltBox>
		<Lod>
			<minLodPixels>100</minLodPixels>
			<maxLodPixels>-1</maxLodPixels>
		</Lod>
	</Region>
			<MultiGeometry>
				<Polygon><altitudeMode>relativeToGround</altitudeMode>
					<outerBoundaryIs>
						<LinearRing>
							<coordinates>								4.75082025939278,45.77686111849881,0 4.75081305458438,45.7768612303012,0 4.75073903538993,45.7771372757834,0 4.75074812097075,45.7772736825424,0 4.75074374437872,45.77713558143479,0 4.75082025939278,45.77686111849881,0 
							</coordinates>
						</LinearRing>
					</outerBoundaryIs>
				</Polygon>
			</MultiGeometry>
		</Placemark>
		<Placemark id="personne_morale.42451">
<styleUrl>#personne_morale</styleUrl>			<visibility>0</visibility>
			<ExtendedData>
				<SchemaData schemaUrl="#personne_morale">
					<SimpleData name="Numero de Parcelle">69044000AT0223</SimpleData>
					<SimpleData name="Departement">69</SimpleData>
					<SimpleData name="Commune">CHARBONNIERES-LES-BAINS</SimpleData>
					<SimpleData name="Adresse">210, RTE DE SAIN BEL</SimpleData>
					<SimpleData name="Groupe de personne">Personnes morales non remarquables</SimpleData>
					<SimpleData name="Forme Juridique Abregee">SCI</SimpleData>
					<SimpleData name="Denomination">SCI CORNATEL</SimpleData>
				</SchemaData>
			</ExtendedData>
	<Region>
		<LatLonAltBox>
			<north> 45.7788900096451 </north>
			<south> 45.77849985854701 </south>
			<east> 4.7288863166218 </east>
			<west> 4.72825269032417 </west>
		</LatLonAltBox>
		<Lod>
			<minLodPixels>100</minLodPixels>
			<maxLodPixels>-1</maxLodPixels>
		</Lod>
	</Region>
			<MultiGeometry>
				<Polygon><altitudeMode>relativeToGround</altitudeMode>
					<outerBoundaryIs>
						<LinearRing>
							<coordinates>								4.72825269032417,45.77849985854701,0 4.72877232809668,45.7788900096451,0 4.7288863166218,45.7787482034173,0 4.72884696467781,45.7787206143176,0 4.72825269032417,45.77849985854701,0 
							</coordinates>
						</LinearRing>
					</outerBoundaryIs>
				</Polygon>
			</MultiGeometry>
		</Placemark>
		<Placemark id="personne_morale.42568">
<styleUrl>#personne_morale</styleUrl>			<visibility>0</visibility>
			<ExtendedData>
				<SchemaData schemaUrl="#personne_morale">
					<SimpleData name="Numero de Parcelle">69044000AH0224</SimpleData>
					<SimpleData name="Departement">69</SimpleData>
					<SimpleData name="Commune">CHARBONNIERES-LES-BAINS</SimpleData>
					<SimpleData name="Adresse">LA COMBE</SimpleData>
					<SimpleData name="Groupe de personne">Personnes morales non remarquables</SimpleData>
					<SimpleData name="Forme Juridique Abregee">ASS</SimpleData>
					<SimpleData name="Denomination">ASSOCIATION SYNDICALE CLOS DES CHENES</SimpleData>
				</SchemaData>
			</ExtendedData>
	<Region>
		<LatLonAltBox>
			<north> 45.7853096094814 </north>
			<south> 45.7852582655166 </south>
			<east> 4.74790139857264 </east>
			<west> 4.74770343629332 </west>
		</LatLonAltBox>
		<Lod>
			<minLodPixels>100</minLodPixels>
			<maxLodPixels>-1</maxLodPixels>
		</Lod>
	</Region>
			<MultiGeometry>
				<Polygon><altitudeMode>relativeToGround</altitudeMode>
					<outerBoundaryIs>
						<LinearRing>
							<coordinates>								4.74770343629332,45.78529217016911,0 4.7477056617081,45.7853096094814,0 4.74789909663131,45.7852669821811,0 4.74790139857264,45.78526649617,0 4.74789779087864,45.7852582655166,0 4.74786952704765,45.7852641976389,0 4.74786723983174,45.7852610805801,0 4.74770343629332,45.78529217016911,0 
							</coordinates>
						</LinearRing>
					</outerBoundaryIs>
				</Polygon>
			</MultiGeometry>
		</Placemark>
		<Placemark id="personne_morale.42781">
<styleUrl>#personne_morale</styleUrl>			<visibility>0</visibility>
			<ExtendedData>
				<SchemaData schemaUrl="#personne_morale">
					<SimpleData name="Numero de Parcelle">69044000AK0225</SimpleData>
					<SimpleData name="Departement">69</SimpleData>
					<SimpleData name="Commune">CHARBONNIERES-LES-BAINS</SimpleData>
					<SimpleData name="Adresse">104, RTE DE PARIS</SimpleData>
					<SimpleData name="Groupe de personne">Personnes morales non remarquables</SimpleData>
					<SimpleData name="Forme Juridique Abregee">SCI</SimpleData>
					<SimpleData name="Denomination">SCCV DE LA MORAINE DU RHONE</SimpleData>
				</SchemaData>
			</ExtendedData>
	<Region>
		<LatLonAltBox>
			<north> 45.7768612303012 </north>
			<south> 45.77634702051351 </south>
			<east> 4.75096357858206 </east>
			<west> 4.75081305458438 </west>
		</LatLonAltBox>
		<Lod>
			<minLodPixels>100</minLodPixels>
			<maxLodPixels>-1</maxLodPixels>
		</Lod>
	</Region>
			<MultiGeometry>
				<Polygon><altitudeMode>relativeToGround</altitudeMode>
					<outerBoundaryIs>
						<LinearRing>
							<coordinates>								4.75095084448242,45.7763473082068,0 4.75081305458438,45.7768612303012,0 4.75082025939278,45.77686111849881,0 4.75096357858206,45.77634702051351,0 4.75095084448242,45.7763473082068,0 
							</coordinates>
						</LinearRing>
					</outerBoundaryIs>
				</Polygon>
			</MultiGeometry>
		</Placemark>
		<Placemark id="personne_morale.43134">
<styleUrl>#personne_morale</styleUrl>			<visibility>0</visibility>
			<ExtendedData>
				<SchemaData schemaUrl="#personne_morale">
					<SimpleData name="Numero de Parcelle">69044000AI0227</SimpleData>
					<SimpleData name="Departement">69</SimpleData>
					<SimpleData name="Commune">CHARBONNIERES-LES-BAINS</SimpleData>
					<SimpleData name="Adresse">23, AV GEN DE GAULLE</SimpleData>
					<SimpleData name="Groupe de personne">Personnes morales non remarquables</SimpleData>
					<SimpleData name="Forme Juridique Abregee">SAS</SimpleData>
					<SimpleData name="Denomination">FONCIA LYON OUEST</SimpleData>
				</SchemaData>
			</ExtendedData>
	<Region>
		<LatLonAltBox>
			<north> 45.7839549675534 </north>
			<south> 45.7838185095731 </south>
			<east> 4.73635516260882 </east>
			<west> 4.73592074732923 </west>
		</LatLonAltBox>
		<Lod>
			<minLodPixels>100</minLodPixels>
			<maxLodPixels>-1</maxLodPixels>
		</Lod>
	</Region>
			<MultiGeometry>
				<Polygon><altitudeMode>relativeToGround</altitudeMode>
					<outerBoundaryIs>
						<LinearRing>
							<coordinates>								4.73635516260882,45.7838880583576,0 4.73610770446789,45.7838503432607,0 4.73593458358111,45.7838185095731,0 4.73592074732923,45.7839025782708,0 4.73633847032411,45.7839549675534,0 4.73635516260882,45.7838880583576,0 
							</coordinates>
						</LinearRing>
					</outerBoundaryIs>
				</Polygon>
			</MultiGeometry>
		</Placemark>
		<Placemark id="personne_morale.43767">
<styleUrl>#personne_morale</styleUrl>			<visibility>0</visibility>
			<ExtendedData>
				<SchemaData schemaUrl="#personne_morale">
					<SimpleData name="Numero de Parcelle">69044000AW0023</SimpleData>
					<SimpleData name="Departement">69</SimpleData>
					<SimpleData name="Commune">CHARBONNIERES-LES-BAINS</SimpleData>
					<SimpleData name="Adresse">3, AV GEN DE GAULLE</SimpleData>
					<SimpleData name="Groupe de personne">Personnes morales non remarquables</SimpleData>
					<SimpleData name="Forme Juridique Abregee">SCI</SimpleData>
					<SimpleData name="Denomination">CHARLES III</SimpleData>
				</SchemaData>
			</ExtendedData>
	<Region>
		<LatLonAltBox>
			<north> 45.78549860601461 </north>
			<south> 45.78530449362221 </south>
			<east> 4.73521950823155 </east>
			<west> 4.73488527128142 </west>
		</LatLonAltBox>
		<Lod>
			<minLodPixels>100</minLodPixels>
			<maxLodPixels>-1</maxLodPixels>
		</Lod>
	</Region>
			<MultiGeometry>
				<Polygon><altitudeMode>relativeToGround</altitudeMode>
					<outerBoundaryIs>
						<LinearRing>
							<coordinates>								4.73521950823155,45.78542258855801,0 4.73515289415028,45.7853470527645,0 4.73511486641329,45.78530449362221,0 4.73492233763427,45.7853844642684,0 4.73488527128142,45.7854053000457,0 4.73496776329629,45.78549860601461,0 4.73516479330409,45.78544306531549,0 4.73521950823155,45.78542258855801,0 
							</coordinates>
						</LinearRing>
					</outerBoundaryIs>
				</Polygon>
			</MultiGeometry>
		</Placemark>
		<Placemark id="personne_morale.43978">
<styleUrl>#personne_morale</styleUrl>			<visibility>0</visibility>
			<ExtendedData>
				<SchemaData schemaUrl="#personne_morale">
					<SimpleData name="Numero de Parcelle">69044000AR0230</SimpleData>
					<SimpleData name="Departement">69</SimpleData>
					<SimpleData name="Commune">CHARBONNIERES-LES-BAINS</SimpleData>
					<SimpleData name="Adresse">30, CHE DES GDES BRUYERES</SimpleData>
					<SimpleData name="Groupe de personne">Personnes morales non remarquables</SimpleData>
					<SimpleData name="Forme Juridique Abregee">SARL</SimpleData>
					<SimpleData name="Denomination">DARYL</SimpleData>
				</SchemaData>
			</ExtendedData>
	<Region>
		<LatLonAltBox>
			<north> 45.77933661638101 </north>
			<south> 45.7790624050308 </south>
			<east> 4.73709534848315 </east>
			<west> 4.73604064685413 </west>
		</LatLonAltBox>
		<Lod>
			<minLodPixels>100</minLodPixels>
			<maxLodPixels>-1</maxLodPixels>
		</Lod>
	</Region>
			<MultiGeometry>
				<Polygon><altitudeMode>relativeToGround</altitudeMode>
					<outerBoundaryIs>
						<LinearRing>
							<coordinates>								4.73604064685413,45.7790624050308,0 4.73658369376121,45.7792288756027,0 4.73693373934962,45.77933661638101,0 4.73696965185472,45.7792874253448,0 4.73709534848315,45.7791910961346,0 4.73687552739448,45.7791269271171,0 4.73604064685413,45.7790624050308,0 
							</coordinates>
						</LinearRing>
					</outerBoundaryIs>
				</Polygon>
			</MultiGeometry>
		</Placemark>
		<Placemark id="personne_morale.44126">
<styleUrl>#personne_morale</styleUrl>			<visibility>0</visibility>
			<ExtendedData>
				<SchemaData schemaUrl="#personne_morale">
					<SimpleData name="Numero de Parcelle">69044000AH0231</SimpleData>
					<SimpleData name="Departement">69</SimpleData>
					<SimpleData name="Commune">CHARBONNIERES-LES-BAINS</SimpleData>
					<SimpleData name="Adresse">40, AV DE LA PAIX</SimpleData>
					<SimpleData name="Groupe de personne">Personnes morales non remarquables</SimpleData>
					<SimpleData name="Forme Juridique Abregee">ASS</SimpleData>
					<SimpleData name="Denomination">ASSOCIATION SYNDICALE CLOS DES CHENES</SimpleData>
				</SchemaData>
			</ExtendedData>
	<Region>
		<LatLonAltBox>
			<north> 45.785238865922 </north>
			<south> 45.7849771324839 </south>
			<east> 4.74770145016403 </east>
			<west> 4.74764830906136 </west>
		</LatLonAltBox>
		<Lod>
			<minLodPixels>100</minLodPixels>
			<maxLodPixels>-1</maxLodPixels>
		</Lod>
	</Region>
			<MultiGeometry>
				<Polygon><altitudeMode>relativeToGround</altitudeMode>
					<outerBoundaryIs>
						<LinearRing>
							<coordinates>								4.74770145016403,45.7849771324839,0 4.74767244622682,45.7849800136065,0 4.74764830906136,45.7850065080273,0 4.7476702457188,45.7850162562386,0 4.74769647137005,45.785238865922,0 4.74770145016403,45.7849771324839,0 
							</coordinates>
						</LinearRing>
					</outerBoundaryIs>
				</Polygon>
			</MultiGeometry>
		</Placemark>
		<Placemark id="personne_morale.44818">
<styleUrl>#personne_morale</styleUrl>			<visibility>0</visibility>
			<ExtendedData>
				<SchemaData schemaUrl="#personne_morale">
					<SimpleData name="Numero de Parcelle">69044000AH0235</SimpleData>
					<SimpleData name="Departement">69</SimpleData>
					<SimpleData name="Commune">CHARBONNIERES-LES-BAINS</SimpleData>
					<SimpleData name="Adresse">48, RTE DE PARIS</SimpleData>
					<SimpleData name="Groupe de personne">Personnes morales non remarquables</SimpleData>
					<SimpleData name="Forme Juridique Abregee">SNC</SimpleData>
					<SimpleData name="Denomination">LA VILLA NORMANDE</SimpleData>
				</SchemaData>
			</ExtendedData>
	<Region>
		<LatLonAltBox>
			<north> 45.7838797862074 </north>
			<south> 45.7834636334606 </south>
			<east> 4.74956293581983 </east>
			<west> 4.748588757187 </west>
		</LatLonAltBox>
		<Lod>
			<minLodPixels>100</minLodPixels>
			<maxLodPixels>-1</maxLodPixels>
		</Lod>
	</Region>
			<MultiGeometry>
				<Polygon><altitudeMode>relativeToGround</altitudeMode>
					<outerBoundaryIs>
						<LinearRing>
							<coordinates>								4.74877813628882,45.7838397877915,0 4.74877836228391,45.78383879350749,0 4.74910489480821,45.78384463112349,0 4.74909493081804,45.7838633402083,0 4.74916123611701,45.7838797862074,0 4.74919297828794,45.7838211082612,0 4.74922759758525,45.78375572044649,0 4.7492607728851,45.7836894542945,0 4.74928389432689,45.7836553192155,0 4.74931679737064,45.7836251757608,0 4.74935785487604,45.7836004902841,0 4.74940529963684,45.7835823710267,0 4.74943890361366,45.7835784273472,0 4.74947277027037,45.78357871292509,0 4.74953521265748,45.783591075322,0 4.74956293581983,45.7835437184597,0 4.74955331779209,45.7835326987723,0 4.74940422731625,45.7835200584767,0 4.7493124388599,45.7834794182837,0 4.74875391550867,45.7834935697719,0 4.74868628258108,45.7834636334606,0 4.748588757187,45.7834654149832,0 4.74858909218518,45.78348819776529,0 4.74859429673439,45.7838356111934,0 4.74859433378303,45.7838367815428,0 4.74877813628882,45.7838397877915,0 
							</coordinates>
						</LinearRing>
					</outerBoundaryIs>
				</Polygon>
			</MultiGeometry>
		</Placemark>
		<Placemark id="personne_morale.45191">
<styleUrl>#personne_morale</styleUrl>			<visibility>0</visibility>
			<ExtendedData>
				<SchemaData schemaUrl="#personne_morale">
					<SimpleData name="Numero de Parcelle">69044000AW0237</SimpleData>
					<SimpleData name="Departement">69</SimpleData>
					<SimpleData name="Commune">CHARBONNIERES-LES-BAINS</SimpleData>
					<SimpleData name="Adresse">41, CHE DES BROSSES</SimpleData>
					<SimpleData name="Groupe de personne">Personnes morales non remarquables</SimpleData>
					<SimpleData name="Forme Juridique Abregee">ASS</SimpleData>
					<SimpleData name="Denomination">ASSOCIATION SYNDICALE LIBRE LE DOMAINE DU CENTRE PRIMALOGE</SimpleData>
				</SchemaData>
			</ExtendedData>
	<Region>
		<LatLonAltBox>
			<north> 45.7868013732644 </north>
			<south> 45.7867414337982 </south>
			<east> 4.74044486444885 </east>
			<west> 4.74034127258307 </west>
		</LatLonAltBox>
		<Lod>
			<minLodPixels>100</minLodPixels>
			<maxLodPixels>-1</maxLodPixels>
		</Lod>
	</Region>
			<MultiGeometry>
				<Polygon><altitudeMode>relativeToGround</altitudeMode>
					<outerBoundaryIs>
						<LinearRing>
							<coordinates>								4.74044486444885,45.7867808183811,0 4.74034127258307,45.7867414337982,0 4.74040276934335,45.7868013732644,0 4.74044486444885,45.7867808183811,0 
							</coordinates>
						</LinearRing>
					</outerBoundaryIs>
				</Polygon>
			</MultiGeometry>
		</Placemark>
		<Placemark id="personne_morale.45484">
<styleUrl>#personne_morale</styleUrl>			<visibility>0</visibility>
			<ExtendedData>
				<SchemaData schemaUrl="#personne_morale">
					<SimpleData name="Numero de Parcelle">69044000AH0239</SimpleData>
					<SimpleData name="Departement">69</SimpleData>
					<SimpleData name="Commune">CHARBONNIERES-LES-BAINS</SimpleData>
					<SimpleData name="Adresse">48, RTE DE PARIS</SimpleData>
					<SimpleData name="Groupe de personne">Personnes morales non remarquables</SimpleData>
					<SimpleData name="Forme Juridique Abregee">SNC</SimpleData>
					<SimpleData name="Denomination">LA VILLA NORMANDE</SimpleData>
				</SchemaData>
			</ExtendedData>
	<Region>
		<LatLonAltBox>
			<north> 45.783830624792 </north>
			<south> 45.7835784273472 </south>
			<east> 4.74953521265748 </east>
			<west> 4.74919297828794 </west>
		</LatLonAltBox>
		<Lod>
			<minLodPixels>100</minLodPixels>
			<maxLodPixels>-1</maxLodPixels>
		</Lod>
	</Region>
			<MultiGeometry>
				<Polygon><altitudeMode>relativeToGround</altitudeMode>
					<outerBoundaryIs>
						<LinearRing>
							<coordinates>								4.74919297828794,45.7838211082612,0 4.74922984088266,45.783830624792,0 4.74931013472445,45.7836586954117,0 4.74941728682744,45.78360722493981,0 4.74951861131521,45.7836197051016,0 4.74953521265748,45.783591075322,0 4.74947277027037,45.78357871292509,0 4.74943890361366,45.7835784273472,0 4.74940529963684,45.7835823710267,0 4.74935785487604,45.7836004902841,0 4.74931679737064,45.7836251757608,0 4.74928389432689,45.7836553192155,0 4.7492607728851,45.7836894542945,0 4.74922759758525,45.78375572044649,0 4.74919297828794,45.7838211082612,0 
							</coordinates>
						</LinearRing>
					</outerBoundaryIs>
				</Polygon>
			</MultiGeometry>
		</Placemark>
		<Placemark id="personne_morale.46061">
<styleUrl>#personne_morale</styleUrl>			<visibility>0</visibility>
			<ExtendedData>
				<SchemaData schemaUrl="#personne_morale">
					<SimpleData name="Numero de Parcelle">69044000AH0241</SimpleData>
					<SimpleData name="Departement">69</SimpleData>
					<SimpleData name="Commune">CHARBONNIERES-LES-BAINS</SimpleData>
					<SimpleData name="Adresse">31, CHE TRACOL</SimpleData>
					<SimpleData name="Groupe de personne">Personnes morales non remarquables</SimpleData>
					<SimpleData name="Forme Juridique Abregee">SCI</SimpleData>
					<SimpleData name="Denomination">BERTHET-DALAUDIERE</SimpleData>
				</SchemaData>
			</ExtendedData>
	<Region>
		<LatLonAltBox>
			<north> 45.78183297937889 </north>
			<south> 45.781508810083 </south>
			<east> 4.74400911231658 </east>
			<west> 4.74351641456578 </west>
		</LatLonAltBox>
		<Lod>
			<minLodPixels>100</minLodPixels>
			<maxLodPixels>-1</maxLodPixels>
		</Lod>
	</Region>
			<MultiGeometry>
				<Polygon><altitudeMode>relativeToGround</altitudeMode>
					<outerBoundaryIs>
						<LinearRing>
							<coordinates>								4.743646620951,45.781508810083,0 4.74362821820277,45.78152530722021,0 4.74355095645298,45.78170403085241,0 4.74351641456578,45.7817842773388,0 4.74351899931226,45.7817845976838,0 4.74394078620294,45.78183140156681,0 4.74395125103461,45.7818325908919,0 4.7439552539884,45.78183297937889,0 4.74400815818039,45.781628961714,0 4.74400849870938,45.7816275153161,0 4.7440087077274,45.7816259808799,0 4.74400878807679,45.7816244484324,0 4.74400887126847,45.7816230060119,0 4.74400895161785,45.7816214735644,0 4.74400903196722,45.7816199411169,0 4.74400911231658,45.7816184086695,0 4.74400906399733,45.78161687821069,0 4.74400901852039,45.7816154377789,0 4.74400871286393,45.7816139112976,0 4.74400866454469,45.7816123808388,0 4.74400849039917,45.7816109423957,0 4.74400818474275,45.7816094159144,0 4.74400801059724,45.78160797747131,0 4.74400770494085,45.7816064509899,0 4.74400739928448,45.78160492450859,0 4.74400683913326,45.7816034920316,0 4.74400640480835,45.781601967539,0 4.74400597332577,45.7816005330733,0 4.74400541033233,45.78159901056939,0 4.7440049788498,45.7815975761037,0 4.74400429003015,45.7815961456154,0 4.74400372703681,45.7815946231115,0 4.74400290954868,45.7815931946119,0 4.74400222072914,45.7815917641236,0 4.74400153190965,45.78159033363539,0 4.74400071442164,45.7815889051358,0 4.74399990261825,45.7815876566901,0 4.74399908513032,45.7815862281906,0 4.74399826764243,45.78158479969099,0 4.74399719565981,45.7815834651957,0 4.74399625234576,45.7815821287118,0 4.74399530903177,45.7815807922279,0 4.74399423704929,45.7815794577326,0 4.74399316506686,45.7815781232374,0 4.74399209308449,45.7815767887421,0 4.74399089527592,45.7815755462625,0 4.74398982329365,45.78157421176719,0 4.74398849681669,45.7815729712762,0 4.74398717033978,45.7815717307853,0 4.74398597253144,45.7815704883056,0 4.74398465173918,45.7815694278686,0 4.74398332526244,45.7815681873776,0 4.74398200162802,45.7815670369135,0 4.74398054932517,45.7815658884382,0 4.74397909702238,45.7815647399628,0 4.74397764471964,45.7815635914874,0 4.74397606659073,45.7815625350276,0 4.74397461428812,45.7815613865521,0 4.74397303615933,45.7815603300923,0 4.7439714580306,45.7815592736325,0 4.74396988558642,45.7815583972266,0 4.74396830745781,45.7815573407667,0 4.74396660350302,45.78155637632249,0 4.74396489954829,45.7815554118782,0 4.74396319843585,45.7815545374609,0 4.74396149448124,45.78155357301661,0 4.74395966470045,45.7815527005878,0 4.74395783491971,45.7815518281591,0 4.74395600513903,45.7815509557303,0 4.74395418104285,45.7815502633555,0 4.74395235410449,45.7815494809536,0 4.74395052716619,45.7815486985518,0 4.74394870022793,45.7815479161499,0 4.74394674746349,45.7815472257636,0 4.74394479469909,45.7815465353772,0 4.74394284193474,45.78154584499089,0 4.74394089201263,45.7815452446314,0 4.74393894209056,45.781544644272,0 4.74393699216854,45.7815440439125,0 4.7439349164203,45.7815435355686,0 4.74393283782991,45.7815429371977,0 4.74393076208175,45.7815424288537,0 4.74392868633363,45.78154192050961,0 4.74392674209615,45.7815415002039,0 4.74392467203243,45.7815411719138,0 4.74392247045814,45.7815407555853,0 4.74392039755232,45.7815403372681,0 4.74391845615712,45.7815400069893,0 4.74391638609351,45.781539678699,0 4.74391418736148,45.7815393523973,0 4.74391212014007,45.78153911413389,0 4.74390992709238,45.7815389678861,0 4.743907859871,45.7815387296227,0 4.7439056639812,45.7815384933478,0 4.74390347093355,45.7815383470998,0 4.74390140939648,45.7815382888903,0 4.74389921634885,45.7815381426422,0 4.743646620951,45.781508810083,0 
							</coordinates>
						</LinearRing>
					</outerBoundaryIs>
				</Polygon>
			</MultiGeometry>
		</Placemark>
		<Placemark id="personne_morale.46115">
<styleUrl>#personne_morale</styleUrl>			<visibility>0</visibility>
			<ExtendedData>
				<SchemaData schemaUrl="#personne_morale">
					<SimpleData name="Numero de Parcelle">69044000AW0241</SimpleData>
					<SimpleData name="Departement">69</SimpleData>
					<SimpleData name="Commune">CHARBONNIERES-LES-BAINS</SimpleData>
					<SimpleData name="Adresse">41, CHE DES BROSSES</SimpleData>
					<SimpleData name="Groupe de personne">Personnes morales non remarquables</SimpleData>
					<SimpleData name="Forme Juridique Abregee">ASS</SimpleData>
					<SimpleData name="Denomination">ASSOCIATION SYNDICALE LIBRE LE DOMAINE DU CENTRE PRIMALOGE</SimpleData>
				</SchemaData>
			</ExtendedData>
	<Region>
		<LatLonAltBox>
			<north> 45.7862141378427 </north>
			<south> 45.78588233552789 </south>
			<east> 4.74065678469704 </east>
			<west> 4.74014571185706 </west>
		</LatLonAltBox>
		<Lod>
			<minLodPixels>100</minLodPixels>
			<maxLodPixels>-1</maxLodPixels>
		</Lod>
	</Region>
			<MultiGeometry>
				<Polygon><altitudeMode>relativeToGround</altitudeMode>
					<outerBoundaryIs>
						<LinearRing>
							<coordinates>								4.74015574910074,45.7862141378427,0 4.74032548615576,45.7861096501407,0 4.74046857341535,45.78602151574879,0 4.74063042827397,45.78594065763329,0 4.74065678469704,45.78588233552789,0 4.74057046480687,45.78589258400629,0 4.74056558636412,45.78589301953661,0 4.74014571185706,45.7861489011936,0 4.74015245034967,45.78615438167419,0 4.74017795482481,45.786175245095,0 4.74015574910074,45.7862141378427,0 
							</coordinates>
						</LinearRing>
					</outerBoundaryIs>
				</Polygon>
			</MultiGeometry>
		</Placemark>
		<Placemark id="personne_morale.46228">
<styleUrl>#personne_morale</styleUrl>			<visibility>0</visibility>
			<ExtendedData>
				<SchemaData schemaUrl="#personne_morale">
					<SimpleData name="Numero de Parcelle">69044000AI0242</SimpleData>
					<SimpleData name="Departement">69</SimpleData>
					<SimpleData name="Commune">CHARBONNIERES-LES-BAINS</SimpleData>
					<SimpleData name="Adresse">35, CHE DE LA CHANTERIE</SimpleData>
					<SimpleData name="Groupe de personne">Personnes morales non remarquables</SimpleData>
					<SimpleData name="Forme Juridique Abregee">SAS</SimpleData>
					<SimpleData name="Denomination">FONCIA LYON OUEST</SimpleData>
				</SchemaData>
			</ExtendedData>
	<Region>
		<LatLonAltBox>
			<north> 45.7846437466823 </north>
			<south> 45.7829006047461 </south>
			<east> 4.73736867183153 </east>
			<west> 4.73615052572642 </west>
		</LatLonAltBox>
		<Lod>
			<minLodPixels>100</minLodPixels>
			<maxLodPixels>-1</maxLodPixels>
		</Lod>
	</Region>
			<MultiGeometry>
				<Polygon><altitudeMode>relativeToGround</altitudeMode>
					<outerBoundaryIs>
						<LinearRing>
							<coordinates>								4.7367185644728,45.7829006047461,0 4.73626935424225,45.7831322441451,0 4.73618801717377,45.7831043127356,0 4.73615563806881,45.7830079848955,0 4.73615052572642,45.783041930147,0 4.73616185126262,45.7830950777617,0 4.73615497399142,45.78311382821601,0 4.73625130518432,45.783368957529,0 4.73634596583756,45.7836200592991,0 4.73636448590759,45.78366453947341,0 4.7363949115469,45.7836946052671,0 4.7363779722563,45.78371269993271,0 4.73648606393964,45.7837726449692,0 4.73675924312635,45.7839241730647,0 4.73704317047276,45.7840817499524,0 4.73686501967243,45.78463104150319,0 4.73689979227382,45.7846437466823,0 4.73699524252408,45.7845022174319,0 4.73700175374689,45.7844922994918,0 4.73700801327837,45.78448256556731,0 4.73701439582106,45.7844726496072,0 4.73702065534809,45.7844629156819,0 4.73702690921076,45.7844530017019,0 4.73703316307119,45.78444308772159,0 4.73703941692938,45.78443317374089,0 4.73704554494102,45.7844233517679,0 4.737051541444,45.784413441748,0 4.73705753794482,45.78440353172789,0 4.7370635344435,45.7843936217075,0 4.73706939660243,45.7843835336132,0 4.73707526442152,45.784373625573,0 4.73708099790093,45.78436353945889,0 4.73708673420941,45.7843535433717,0 4.73709234184061,45.78434354926511,0 4.73709794663859,45.784333465131,0 4.73710355143452,45.7843233809966,0 4.73710903038448,45.78431338887,0 4.73711450650123,45.78430330671591,0 4.73711838345143,45.7842955910192,0 4.73712225756933,45.78428778529509,0 4.73712626036119,45.78427997759,0 4.73713000863307,45.7842722638737,0 4.73713362539763,45.784264462111,0 4.73713737083618,45.7842566583673,0 4.73714111344242,45.7842487645963,0 4.73714460152891,45.7842409648141,0 4.73714821828936,45.7842331630509,0 4.73715157486765,45.7842252752222,0 4.73715518879482,45.7842173834317,0 4.73715854537116,45.78420949560281,0 4.73716190194655,45.7842016077738,0 4.7371651326774,45.7841938119528,0 4.73716848641959,45.7841858340965,0 4.73717158564247,45.7841779502291,0 4.73717468486447,45.7841700663615,0 4.73717778125427,45.7841620924668,0 4.73718087764318,45.7841541185719,0 4.73718288674133,45.78414841318449,0 4.73718476999565,45.7841427998052,0 4.737186779093,45.7841370944178,0 4.73718866234653,45.7841314810384,0 4.73719054559969,45.78412586765899,0 4.73719242885246,45.78412025427961,0 4.73719430644219,45.7841144608458,0 4.73719606101953,45.78410884944729,0 4.73719807011447,45.78410314405971,0 4.73719969601643,45.784097534642,0 4.73720157926731,45.7840919212624,0 4.73720333384319,45.78408630986381,0 4.73720495691278,45.7840806104189,0 4.73720684016254,45.7840749970392,0 4.73720846040008,45.7840692075671,0 4.73721021214319,45.78406350614121,0 4.73721170653686,45.7840578086772,0 4.73721346111063,45.7840521972784,0 4.73723454492807,45.7839653146907,0 4.73724614924257,45.7839167680411,0 4.73712222681506,45.7838201384119,0 4.73736152590061,45.78365982124391,0 4.73736608294977,45.7836532659863,0 4.73736867183153,45.7836496232959,0 4.73736677657357,45.7836016447621,0 4.73731500325303,45.7835682149966,0 4.73677029739101,45.78318254056629,0 4.73676845351688,45.783181217885,0 4.73670677990633,45.783135870753,0 4.73666843108949,45.7830257640311,0 4.73665257630695,45.782980071968,0 4.73674498690146,45.7829302817008,0 4.7367185644728,45.7829006047461,0 
							</coordinates>
						</LinearRing>
					</outerBoundaryIs>
				</Polygon>
			</MultiGeometry>
		</Placemark>
		<Placemark id="personne_morale.46414">
<styleUrl>#personne_morale</styleUrl>			<visibility>0</visibility>
			<ExtendedData>
				<SchemaData schemaUrl="#personne_morale">
					<SimpleData name="Numero de Parcelle">69044000AW0243</SimpleData>
					<SimpleData name="Departement">69</SimpleData>
					<SimpleData name="Commune">CHARBONNIERES-LES-BAINS</SimpleData>
					<SimpleData name="Adresse">41, CHE DES BROSSES</SimpleData>
					<SimpleData name="Groupe de personne">Personnes morales non remarquables</SimpleData>
					<SimpleData name="Forme Juridique Abregee">ASS</SimpleData>
					<SimpleData name="Denomination">ASSOCIATION SYNDICALE LIBRE LE DOMAINE DU CENTRE PRIMALOGE</SimpleData>
				</SchemaData>
			</ExtendedData>
	<Region>
		<LatLonAltBox>
			<north> 45.7867808183811 </north>
			<south> 45.785874167984 </south>
			<east> 4.74071330217903 </east>
			<west> 4.74012232659836 </west>
		</LatLonAltBox>
		<Lod>
			<minLodPixels>100</minLodPixels>
			<maxLodPixels>-1</maxLodPixels>
		</Lod>
	</Region>
			<MultiGeometry>
				<Polygon><altitudeMode>relativeToGround</altitudeMode>
					<outerBoundaryIs>
						<LinearRing>
							<coordinates>								4.74071330217903,45.785874167984,0 4.74070753717423,45.7858750675505,0 4.7407024155625,45.785875957192,0 4.74069729395061,45.7858768468333,0 4.74069216950143,45.7858776464472,0 4.7406870450521,45.7858784460609,0 4.74068192060262,45.7858792456744,0 4.7406767933159,45.7858799552606,0 4.74065678469704,45.78588233552789,0 4.74063042827397,45.78594065763329,0 4.74046857341535,45.78602151574879,0 4.74015574910074,45.7862141378427,0 4.74015281962435,45.786219226984,0 4.74013507300804,45.786264806278,0 4.74012482949122,45.7863115308606,0 4.74012232659836,45.7863587665757,0 4.74012755867679,45.78640633336949,0 4.74014023225422,45.7864612612923,0 4.74016072131129,45.7865149878451,0 4.74018862564692,45.7865670688413,0 4.74022379958082,45.78661696609719,0 4.74027471590657,45.7866761680817,0 4.74032347624136,45.7867241444391,0 4.74033184125041,45.7867322118809,0 4.74034127258307,45.7867414337982,0 4.74044486444885,45.7867808183811,0 4.74045031829218,45.7867782122825,0 4.74051878746023,45.7867448208213,0 4.74047388916738,45.78670092823911,0 4.74046247812246,45.7867065084855,0 4.74043965137888,45.7867134357166,0 4.74041481885734,45.7867139087766,0 4.74039145210606,45.7867077840533,0 4.74037305671143,45.78669599826259,0 4.74028015260228,45.7865953807629,0 4.74024767136595,45.7865492249745,0 4.7402218191501,45.78650098539241,0 4.74020300183478,45.78645128625789,0 4.7401912279115,45.7864003976556,0 4.74018637614552,45.7863526448575,0 4.74019053196476,45.7863047531547,0 4.74020346635011,45.78625762678601,0 4.74022507896399,45.7862121680037,0 4.74025500076743,45.7861689229187,0 4.7403257520238,45.78610991625299,0 4.74046919774077,45.7860290720706,0 4.74057908580949,45.7859741452923,0 4.74069135595183,45.7859294497363,0 4.74071330217903,45.785874167984,0 
							</coordinates>
						</LinearRing>
					</outerBoundaryIs>
				</Polygon>
			</MultiGeometry>
		</Placemark>
		<Placemark id="personne_morale.47159">
<styleUrl>#personne_morale</styleUrl>			<visibility>0</visibility>
			<ExtendedData>
				<SchemaData schemaUrl="#personne_morale">
					<SimpleData name="Numero de Parcelle">69044000AH0248</SimpleData>
					<SimpleData name="Departement">69</SimpleData>
					<SimpleData name="Commune">CHARBONNIERES-LES-BAINS</SimpleData>
					<SimpleData name="Adresse">22, AV DE LA PAIX</SimpleData>
					<SimpleData name="Groupe de personne">Personnes morales non remarquables</SimpleData>
					<SimpleData name="Forme Juridique Abregee">SCI</SimpleData>
					<SimpleData name="Denomination">SCI DES DEUX CHENES</SimpleData>
				</SchemaData>
			</ExtendedData>
	<Region>
		<LatLonAltBox>
			<north> 45.785340602594 </north>
			<south> 45.7848396141478 </south>
			<east> 4.74563970549065 </east>
			<west> 4.74530151164119 </west>
		</LatLonAltBox>
		<Lod>
			<minLodPixels>100</minLodPixels>
			<maxLodPixels>-1</maxLodPixels>
		</Lod>
	</Region>
			<MultiGeometry>
				<Polygon><altitudeMode>relativeToGround</altitudeMode>
					<outerBoundaryIs>
						<LinearRing>
							<coordinates>								4.74538983864883,45.7848396141478,0 4.74530151164119,45.7848636781851,0 4.74538462778413,45.7851595367469,0 4.74543553702831,45.785340602594,0 4.74563970549065,45.78531573729519,0 4.74561984096841,45.7852778544946,0 4.74538983864883,45.7848396141478,0 
							</coordinates>
						</LinearRing>
					</outerBoundaryIs>
				</Polygon>
			</MultiGeometry>
		</Placemark>
		<Placemark id="personne_morale.47529">
<styleUrl>#personne_morale</styleUrl>			<visibility>0</visibility>
			<ExtendedData>
				<SchemaData schemaUrl="#personne_morale">
					<SimpleData name="Numero de Parcelle">69044000AP0025</SimpleData>
					<SimpleData name="Departement">69</SimpleData>
					<SimpleData name="Commune">CHARBONNIERES-LES-BAINS</SimpleData>
					<SimpleData name="Adresse">11, CHE DU GD CHENE</SimpleData>
					<SimpleData name="Groupe de personne">Personnes morales non remarquables</SimpleData>
					<SimpleData name="Forme Juridique Abregee">SCI</SimpleData>
					<SimpleData name="Denomination">DU GRAND CHENE</SimpleData>
				</SchemaData>
			</ExtendedData>
	<Region>
		<LatLonAltBox>
			<north> 45.77613663369701 </north>
			<south> 45.77548936504719 </south>
			<east> 4.73766322958855 </east>
			<west> 4.73632481671299 </west>
		</LatLonAltBox>
		<Lod>
			<minLodPixels>100</minLodPixels>
			<maxLodPixels>-1</maxLodPixels>
		</Lod>
	</Region>
			<MultiGeometry>
				<Polygon><altitudeMode>relativeToGround</altitudeMode>
					<outerBoundaryIs>
						<LinearRing>
							<coordinates>								4.73687593281008,45.77561065004349,0 4.73659310093632,45.77576497146589,0 4.73632481671299,45.775911232125,0 4.73664378555805,45.77613663369701,0 4.73675049206348,45.7760751842372,0 4.73679047374675,45.77605313195261,0 4.7368601857192,45.7760145893953,0 4.73694749202867,45.7759665887166,0 4.73718885536452,45.7758361431584,0 4.73766322958855,45.7755307940714,0 4.73760451877185,45.77548936504719,0 4.73713003163931,45.77579930923239,0 4.73689607681996,45.7756208782083,0 4.73689331151138,45.7756229924057,0 4.73687593281008,45.77561065004349,0 
							</coordinates>
						</LinearRing>
					</outerBoundaryIs>
				</Polygon>
			</MultiGeometry>
		</Placemark>
		<Placemark id="personne_morale.47544">
<styleUrl>#personne_morale</styleUrl>			<visibility>0</visibility>
			<ExtendedData>
				<SchemaData schemaUrl="#personne_morale">
					<SimpleData name="Numero de Parcelle">69044000AT0025</SimpleData>
					<SimpleData name="Departement">69</SimpleData>
					<SimpleData name="Commune">CHARBONNIERES-LES-BAINS</SimpleData>
					<SimpleData name="Adresse">GDES BRUYERES</SimpleData>
					<SimpleData name="Groupe de personne">Personnes morales non remarquables</SimpleData>
					<SimpleData name="Forme Juridique Abregee">AUPM</SimpleData>
					<SimpleData name="Denomination">ASS SYNDICALE LIBRE DES HAUTINIERES</SimpleData>
				</SchemaData>
			</ExtendedData>
	<Region>
		<LatLonAltBox>
			<north> 45.77893714102029 </north>
			<south> 45.7785914176076 </south>
			<east> 4.73448613929353 </east>
			<west> 4.73430385417475 </west>
		</LatLonAltBox>
		<Lod>
			<minLodPixels>100</minLodPixels>
			<maxLodPixels>-1</maxLodPixels>
		</Lod>
	</Region>
			<MultiGeometry>
				<Polygon><altitudeMode>relativeToGround</altitudeMode>
					<outerBoundaryIs>
						<LinearRing>
							<coordinates>								4.73430385417475,45.7789301394447,0 4.73433471048994,45.77893714102029,0 4.73448613929353,45.7785983993636,0 4.73445399652923,45.7785914176076,0 4.73430385417475,45.7789301394447,0 
							</coordinates>
						</LinearRing>
					</outerBoundaryIs>
				</Polygon>
			</MultiGeometry>
		</Placemark>
		<Placemark id="personne_morale.47557">
<styleUrl>#personne_morale</styleUrl>			<visibility>0</visibility>
			<ExtendedData>
				<SchemaData schemaUrl="#personne_morale">
					<SimpleData name="Numero de Parcelle">69044000AX0025</SimpleData>
					<SimpleData name="Departement">69</SimpleData>
					<SimpleData name="Commune">CHARBONNIERES-LES-BAINS</SimpleData>
					<SimpleData name="Adresse">LE BUCLAY</SimpleData>
					<SimpleData name="Groupe de personne">Personnes morales non remarquables</SimpleData>
					<SimpleData name="Forme Juridique Abregee">AUPM</SimpleData>
					<SimpleData name="Denomination">ASSOCIATION SYNDICALE LES VERRIERES</SimpleData>
				</SchemaData>
			</ExtendedData>
	<Region>
		<LatLonAltBox>
			<north> 45.7877561141616 </north>
			<south> 45.7875160363235 </south>
			<east> 4.74340197430011 </east>
			<west> 4.74282213502701 </west>
		</LatLonAltBox>
		<Lod>
			<minLodPixels>100</minLodPixels>
			<maxLodPixels>-1</maxLodPixels>
		</Lod>
	</Region>
			<MultiGeometry>
				<Polygon><altitudeMode>relativeToGround</altitudeMode>
					<outerBoundaryIs>
						<LinearRing>
							<coordinates>								4.74338524796458,45.7877561141616,0 4.74340197430011,45.7877394628495,0 4.74300855184389,45.7875321621318,0 4.74282213502701,45.7875160363235,0 4.74283227650841,45.7875232655139,0 4.74284426783862,45.7875319973397,0 4.74285084115577,45.78753630929539,0 4.74286421390985,45.7875439389334,0 4.74287654016319,45.7875510443069,0 4.74289054497368,45.7875583038964,0 4.74290365753273,45.7875658474776,0 4.74330535944067,45.78772546320889,0 4.74338524796458,45.7877561141616,0 
							</coordinates>
						</LinearRing>
					</outerBoundaryIs>
				</Polygon>
			</MultiGeometry>
		</Placemark>
		<Placemark id="personne_morale.47845">
<styleUrl>#personne_morale</styleUrl>			<visibility>0</visibility>
			<ExtendedData>
				<SchemaData schemaUrl="#personne_morale">
					<SimpleData name="Numero de Parcelle">69044000AA0251</SimpleData>
					<SimpleData name="Departement">69</SimpleData>
					<SimpleData name="Commune">CHARBONNIERES-LES-BAINS</SimpleData>
					<SimpleData name="Adresse">41, CHE DU BAUDY</SimpleData>
					<SimpleData name="Groupe de personne">Personnes morales non remarquables</SimpleData>
					<SimpleData name="Forme Juridique Abregee">SCI</SimpleData>
					<SimpleData name="Denomination">IDJI</SimpleData>
				</SchemaData>
			</ExtendedData>
	<Region>
		<LatLonAltBox>
			<north> 45.7862743338886 </north>
			<south> 45.7858506958321 </south>
			<east> 4.75287891821147 </east>
			<west> 4.75156965829196 </west>
		</LatLonAltBox>
		<Lod>
			<minLodPixels>100</minLodPixels>
			<maxLodPixels>-1</maxLodPixels>
		</Lod>
	</Region>
			<MultiGeometry>
				<Polygon><altitudeMode>relativeToGround</altitudeMode>
					<outerBoundaryIs>
						<LinearRing>
							<coordinates>								4.75237331088866,45.7858506958321,0 4.7523121009514,45.7859787367315,0 4.75228071230162,45.7860444356527,0 4.75223109543144,45.7861483375593,0 4.75220646709328,45.7861998803869,0 4.75191747165405,45.7861318601131,0 4.75191604476507,45.7861315219808,0 4.75167419131356,45.7860804231519,0 4.75165327745067,45.7860664264813,0 4.75164653191353,45.7860648198378,0 4.75164696383376,45.7860622010706,0 4.75158537450696,45.7860240662065,0 4.75156965829196,45.78608465780719,0 4.7522248640371,45.78623193026861,0 4.7523457154526,45.7862591466519,0 4.75235367131928,45.78624208973191,0 4.75249875720311,45.7862743338886,0 4.75252034416091,45.78626490145451,0 4.75252059866275,45.7862648074309,0 4.7525216138137,45.7862643413096,0 4.75260911396767,45.7862264134905,0 4.75274071113179,45.78608511956871,0 4.75287891821147,45.78586409990449,0 4.75270386407024,45.7858773572974,0 4.7524610776794,45.78585770948231,0 4.75237331088866,45.7858506958321,0 
							</coordinates>
						</LinearRing>
					</outerBoundaryIs>
				</Polygon>
			</MultiGeometry>
		</Placemark>
		<Placemark id="personne_morale.47876">
<styleUrl>#personne_morale</styleUrl>			<visibility>0</visibility>
			<ExtendedData>
				<SchemaData schemaUrl="#personne_morale">
					<SimpleData name="Numero de Parcelle">69044000AH0251</SimpleData>
					<SimpleData name="Departement">69</SimpleData>
					<SimpleData name="Commune">CHARBONNIERES-LES-BAINS</SimpleData>
					<SimpleData name="Adresse">20, AV DE LA PAIX</SimpleData>
					<SimpleData name="Groupe de personne">Personnes morales non remarquables</SimpleData>
					<SimpleData name="Forme Juridique Abregee">SCI</SimpleData>
					<SimpleData name="Denomination">SCI CELISE  CHARBONNIERES</SimpleData>
				</SchemaData>
			</ExtendedData>
	<Region>
		<LatLonAltBox>
			<north> 45.78566133474709 </north>
			<south> 45.7851686244608 </south>
			<east> 4.74534356845045 </east>
			<west> 4.74483646170949 </west>
		</LatLonAltBox>
		<Lod>
			<minLodPixels>100</minLodPixels>
			<maxLodPixels>-1</maxLodPixels>
		</Lod>
	</Region>
			<MultiGeometry>
				<Polygon><altitudeMode>relativeToGround</altitudeMode>
					<outerBoundaryIs>
						<LinearRing>
							<coordinates>								4.74483646170949,45.7852168325002,0 4.74486193353488,45.7856319359561,0 4.74500524961646,45.78566133474709,0 4.74500830782905,45.7856195846014,0 4.74501974655019,45.78559860132311,0 4.74530807878897,45.7854585854073,0 4.74528379543183,45.7853582616441,0 4.74534356845045,45.7853513024052,0 4.74534282265586,45.7853480713855,0 4.74529788689032,45.7851686244608,0 4.74483646170949,45.7852168325002,0 
							</coordinates>
						</LinearRing>
					</outerBoundaryIs>
				</Polygon>
			</MultiGeometry>
		</Placemark>
		<Placemark id="personne_morale.48039">
<styleUrl>#personne_morale</styleUrl>			<visibility>0</visibility>
			<ExtendedData>
				<SchemaData schemaUrl="#personne_morale">
					<SimpleData name="Numero de Parcelle">69044000AH0252</SimpleData>
					<SimpleData name="Departement">69</SimpleData>
					<SimpleData name="Commune">CHARBONNIERES-LES-BAINS</SimpleData>
					<SimpleData name="Adresse">20, AV DE LA PAIX</SimpleData>
					<SimpleData name="Groupe de personne">Personnes morales non remarquables</SimpleData>
					<SimpleData name="Forme Juridique Abregee">SCI</SimpleData>
					<SimpleData name="Denomination">SCI DES DEUX CHENES</SimpleData>
				</SchemaData>
			</ExtendedData>
	<Region>
		<LatLonAltBox>
			<north> 45.7853513024052 </north>
			<south> 45.7851595367469 </south>
			<east> 4.74543553702831 </east>
			<west> 4.74529788689032 </west>
		</LatLonAltBox>
		<Lod>
			<minLodPixels>100</minLodPixels>
			<maxLodPixels>-1</maxLodPixels>
		</Lod>
	</Region>
			<MultiGeometry>
				<Polygon><altitudeMode>relativeToGround</altitudeMode>
					<outerBoundaryIs>
						<LinearRing>
							<coordinates>								4.74538462778413,45.7851595367469,0 4.74529788689032,45.7851686244608,0 4.74534282265586,45.7853480713855,0 4.74534356845045,45.7853513024052,0 4.74543553702831,45.785340602594,0 4.74538462778413,45.7851595367469,0 
							</coordinates>
						</LinearRing>
					</outerBoundaryIs>
				</Polygon>
			</MultiGeometry>
		</Placemark>
		<Placemark id="personne_morale.48540">
<styleUrl>#personne_morale</styleUrl>			<visibility>0</visibility>
			<ExtendedData>
				<SchemaData schemaUrl="#personne_morale">
					<SimpleData name="Numero de Parcelle">69044000AP0255</SimpleData>
					<SimpleData name="Departement">69</SimpleData>
					<SimpleData name="Commune">CHARBONNIERES-LES-BAINS</SimpleData>
					<SimpleData name="Adresse">13, CHE VERT</SimpleData>
					<SimpleData name="Groupe de personne">Personnes morales non remarquables</SimpleData>
					<SimpleData name="Forme Juridique Abregee">SCI</SimpleData>
					<SimpleData name="Denomination">LE GRAZIELLA</SimpleData>
				</SchemaData>
			</ExtendedData>
	<Region>
		<LatLonAltBox>
			<north> 45.7751897384901 </north>
			<south> 45.7747452914505 </south>
			<east> 4.73966975775858 </east>
			<west> 4.73905637116681 </west>
		</LatLonAltBox>
		<Lod>
			<minLodPixels>100</minLodPixels>
			<maxLodPixels>-1</maxLodPixels>
		</Lod>
	</Region>
			<MultiGeometry>
				<Polygon><altitudeMode>relativeToGround</altitudeMode>
					<outerBoundaryIs>
						<LinearRing>
							<coordinates>								4.73954257145209,45.7751897384901,0 4.73966975775858,45.77508392581829,0 4.73918864026307,45.7747452914505,0 4.73905637116681,45.7748491102949,0 4.73954257145209,45.7751897384901,0 
							</coordinates>
						</LinearRing>
					</outerBoundaryIs>
				</Polygon>
			</MultiGeometry>
		</Placemark>
		<Placemark id="personne_morale.50526">
<styleUrl>#personne_morale</styleUrl>			<visibility>0</visibility>
			<ExtendedData>
				<SchemaData schemaUrl="#personne_morale">
					<SimpleData name="Numero de Parcelle">69044000AT0266</SimpleData>
					<SimpleData name="Departement">69</SimpleData>
					<SimpleData name="Commune">CHARBONNIERES-LES-BAINS</SimpleData>
					<SimpleData name="Adresse">214, RTE DE SAIN BEL</SimpleData>
					<SimpleData name="Groupe de personne">Personnes morales non remarquables</SimpleData>
					<SimpleData name="Forme Juridique Abregee">SNC</SimpleData>
					<SimpleData name="Denomination">SNC KAUFMAN ET BROAD PROMOTION 6</SimpleData>
				</SchemaData>
			</ExtendedData>
	<Region>
		<LatLonAltBox>
			<north> 45.7803503249207 </north>
			<south> 45.77978075025689 </south>
			<east> 4.72797635363936 </east>
			<west> 4.72733496165977 </west>
		</LatLonAltBox>
		<Lod>
			<minLodPixels>100</minLodPixels>
			<maxLodPixels>-1</maxLodPixels>
		</Lod>
	</Region>
			<MultiGeometry>
				<Polygon><altitudeMode>relativeToGround</altitudeMode>
					<outerBoundaryIs>
						<LinearRing>
							<coordinates>								4.72790667387393,45.7798782828533,0 4.7279219993082,45.779866158855,0 4.72793137885356,45.7798573684482,0 4.72794047572148,45.7798477717351,0 4.72795162190543,45.7798337301827,0 4.72796107572621,45.779819084053,0 4.72796907198616,45.7798031091864,0 4.72797428830267,45.7797887981615,0 4.72797635363936,45.77978075025689,0 4.72788239990357,45.7798471299002,0 4.72735229680442,45.7802462424411,0 4.72733902333884,45.7802540115623,0 4.72733496165977,45.7802805544661,0 4.72748427925487,45.7803503249207,0 4.72750277173192,45.7803406744691,0 4.72750908116779,45.78033661476911,0 4.72751360616795,45.7803331228117,0 4.72751711309937,45.78033000672291,0 4.72752166822648,45.7803233618365,0 4.72751908082579,45.7803229510977,0 4.72754833791482,45.78023765675119,0 4.72757290185009,45.7801545959439,0 4.72761924008825,45.78012155115159,0 4.72785212114226,45.77996558593379,0 4.72788465223706,45.77994383113199,0 4.72785170027838,45.7799192060686,0 4.72789410866762,45.7798881128176,0 4.72790667387393,45.7798782828533,0 
							</coordinates>
						</LinearRing>
					</outerBoundaryIs>
				</Polygon>
			</MultiGeometry>
		</Placemark>
		<Placemark id="personne_morale.50673">
<styleUrl>#personne_morale</styleUrl>			<visibility>0</visibility>
			<ExtendedData>
				<SchemaData schemaUrl="#personne_morale">
					<SimpleData name="Numero de Parcelle">69044000AT0267</SimpleData>
					<SimpleData name="Departement">69</SimpleData>
					<SimpleData name="Commune">CHARBONNIERES-LES-BAINS</SimpleData>
					<SimpleData name="Adresse">214, RTE DE SAIN BEL</SimpleData>
					<SimpleData name="Groupe de personne">Personnes morales non remarquables</SimpleData>
					<SimpleData name="Forme Juridique Abregee">SNC</SimpleData>
					<SimpleData name="Denomination">SNC KAUFMAN ET BROAD PROMOTION 6</SimpleData>
				</SchemaData>
			</ExtendedData>
	<Region>
		<LatLonAltBox>
			<north> 45.7805413184862 </north>
			<south> 45.7791795988699 </south>
			<east> 4.72940452290243 </east>
			<west> 4.72774228925619 </west>
		</LatLonAltBox>
		<Lod>
			<minLodPixels>100</minLodPixels>
			<maxLodPixels>-1</maxLodPixels>
		</Lod>
	</Region>
			<MultiGeometry>
				<Polygon><altitudeMode>relativeToGround</altitudeMode>
					<outerBoundaryIs>
						<LinearRing>
							<coordinates>								4.729177091842,45.7791795988699,0 4.72917647767003,45.7791846522322,0 4.72917540238624,45.7791914240013,0 4.72917361148133,45.7792000081481,0 4.72917189851524,45.7792069698309,0 4.72916957886505,45.779215111728,0 4.72916723103415,45.7792223533517,0 4.72916450002988,45.779229690918,0 4.72916126564245,45.7792373964808,0 4.7291575222356,45.7792452899853,0 4.72915177938697,45.7792551056123,0 4.72914325665898,45.77926658511011,0 4.72913554439883,45.7792751699299,0 4.72912518937498,45.77928568673,0 4.72911596695957,45.77929537553739,0 4.72910128058825,45.77931145301421,0 4.72909196331516,45.7793222241196,0 4.7290822544112,45.7793328210846,0 4.72907613304444,45.7793387694751,0 4.72906962286693,45.77934463375301,0 4.72906561270153,45.779348117886,0 4.72906222613013,45.779350961969,0 4.72905330796759,45.77935803406311,0 4.72902288598046,45.7793525555934,0 4.72899740676314,45.7793487127147,0 4.72896756424882,45.7793452969728,0 4.72893555981133,45.7793427249852,0 4.72890913300386,45.7793415086521,0 4.72887127483725,45.7793410979639,0 4.72887449798068,45.7793083529756,0 4.72878309504655,45.7793039889487,0 4.72877902942061,45.77934683474069,0 4.72873968174623,45.7793523014142,0 4.72861669407548,45.779358779277,0 4.72854683900523,45.779351923245,0 4.72850933562549,45.7793875352078,0 4.72843355110246,45.7794585908671,0 4.72836930131042,45.7795033493348,0 4.72836627815274,45.7795054672653,0 4.72826502054429,45.7795770030695,0 4.72828770107942,45.77958602300189,0 4.72827745004906,45.7795998707372,0 4.72826688906702,45.7796161551228,0 4.72825701646617,45.7796338700918,0 4.72824627790053,45.77965682241339,0 4.72820440200235,45.77963908942831,0 4.72817091853464,45.779692113381,0 4.72817598687701,45.77979651754751,0 4.72824055414403,45.7797948080399,0 4.72824432970832,45.77987022930139,0 4.72821834780535,45.77987089746919,0 4.72822152432406,45.7799312861308,0 4.72819134863269,45.7799666056034,0 4.72814454007349,45.7800216350461,0 4.72820506325956,45.7800470086555,0 4.72816359012017,45.7800956514502,0 4.72813700760579,45.7801265024184,0 4.72817679140254,45.78014318663091,0 4.72813374940495,45.78021986537171,0 4.72806756710208,45.7802975289865,0 4.72803665643361,45.7802846719465,0 4.72792750421016,45.78041253232381,0 4.7279062478365,45.7804202436199,0 4.72788919194414,45.7803976268973,0 4.7278142268763,45.7804249853664,0 4.72779542359182,45.78043292928911,0 4.72778478174397,45.78043840640329,0 4.72777442538489,45.7804447798499,0 4.72776333926119,45.7804525155276,0 4.72775781590856,45.7804570135578,0 4.72774228925619,45.78047094202229,0 4.72789317159237,45.7805413184862,0 4.72805935066015,45.7804751838012,0 4.72799707380184,45.78043902850209,0 4.72802344215386,45.7804260148111,0 4.72804749168236,45.78041294655571,0 4.72809796607309,45.78044216701559,0 4.72813462787114,45.7804166559898,0 4.72818867099809,45.78037889935941,0 4.72825024915529,45.7803268862193,0 4.72828315324147,45.7802964788204,0 4.72830753638327,45.7802488183191,0 4.72835955027369,45.78014209866781,0 4.72839097337057,45.7800808197324,0 4.72844028860953,45.7799907143536,0 4.72860428795233,45.7800318862166,0 4.72866264606609,45.7799181337909,0 4.7286966408943,45.7799267100919,0 4.72871386050362,45.7798928499664,0 4.72875589736386,45.7799033746598,0 4.72879168135379,45.77983338201931,0 4.72857496255931,45.7798269746832,0 4.72854545601931,45.7798260756536,0 4.72854164645495,45.779889453591,0 4.72831578942812,45.7798830956758,0 4.72830758837216,45.7797156000645,0 4.72830836239338,45.7796991953747,0 4.728311083284,45.779683301287,0 4.72831669022706,45.7796650211587,0 4.72832317900321,45.7796502402728,0 4.72833050172977,45.7796374281637,0 4.72833566059135,45.7796295130073,0 4.72836160485804,45.7796235312268,0 4.72838783179892,45.77961835574491,0 4.72841816845701,45.7796169903349,0 4.72843422335294,45.7796158436933,0 4.72844847131139,45.7796145445884,0 4.7284943275689,45.7796072669745,0 4.72853372805489,45.7795993676765,0 4.728568104982,45.7795913651833,0 4.72857602583669,45.7795894424272,0 4.72858880495166,45.77958645446681,0 4.72860324825153,45.779583170798,0 4.7286207541416,45.7795790295731,0 4.72863391642783,45.77957594566669,0 4.7286630462578,45.7795689242365,0 4.72868704077425,45.77956234175791,0 4.72870654893595,45.7795563684326,0 4.72871966613535,45.7795518440784,0 4.7287427289967,45.779544285086,0 4.72876091387719,45.7795371611086,0 4.7287847205386,45.779528690006,0 4.7287963106581,45.7795247294633,0 4.72881935377549,45.7795165402637,0 4.72884964340559,45.7795054478402,0 4.72887240382077,45.7794964523264,0 4.72889438379065,45.7794871985548,0 4.72893733130098,45.77946924693499,0 4.7289596803355,45.77945944707199,0 4.72906263991786,45.77948344938209,0 4.72913136734391,45.7794995095738,0 4.72915587086827,45.7795050787161,0 4.72918024855136,45.7795107398522,0 4.7292672586172,45.77953102330299,0 4.72929166496237,45.779480029607,0 4.72938217713803,45.77950116000039,0 4.72940452290243,45.77945425103509,0 4.72909745670818,45.77938257726429,0 4.7291074933936,45.7793742270383,0 4.72911676936427,45.7793662487511,0 4.72912828237975,45.7793557142061,0 4.72914202680121,45.77934244334771,0 4.72915536831669,45.7793286382389,0 4.72916755185145,45.7793148508746,0 4.72918168691502,45.77929761092089,0 4.72919601166393,45.77927820636549,0 4.72921357642078,45.77925127629881,0 4.72922331998297,45.77923356321839,0 4.72923650169797,45.77920643010891,0 4.72924605643028,45.7791826851944,0 4.729177091842,45.7791795988699,0 
							</coordinates>
						</LinearRing>
					</outerBoundaryIs>
				</Polygon>
			</MultiGeometry>
		</Placemark>
		<Placemark id="personne_morale.50834">
<styleUrl>#personne_morale</styleUrl>			<visibility>0</visibility>
			<ExtendedData>
				<SchemaData schemaUrl="#personne_morale">
					<SimpleData name="Numero de Parcelle">69044000AT0268</SimpleData>
					<SimpleData name="Departement">69</SimpleData>
					<SimpleData name="Commune">CHARBONNIERES-LES-BAINS</SimpleData>
					<SimpleData name="Adresse">214, RTE DE SAIN BEL</SimpleData>
					<SimpleData name="Groupe de personne">Personnes morales non remarquables</SimpleData>
					<SimpleData name="Forme Juridique Abregee">SNC</SimpleData>
					<SimpleData name="Denomination">SNC KAUFMAN ET BROAD PROMOTION 6</SimpleData>
				</SchemaData>
			</ExtendedData>
	<Region>
		<LatLonAltBox>
			<north> 45.7806673527889 </north>
			<south> 45.780520520306 </south>
			<east> 4.72832955924941 </east>
			<west> 4.72815262969545 </west>
		</LatLonAltBox>
		<Lod>
			<minLodPixels>100</minLodPixels>
			<maxLodPixels>-1</maxLodPixels>
		</Lod>
	</Region>
			<MultiGeometry>
				<Polygon><altitudeMode>relativeToGround</altitudeMode>
					<outerBoundaryIs>
						<LinearRing>
							<coordinates>								4.72832955924941,45.7805248173393,0 4.7283219585669,45.780520520306,0 4.72832108043406,45.7805212543207,0 4.72831856906867,45.7805232743394,0 4.72823886832898,45.7805885352461,0 4.72815262969545,45.7806629032784,0 4.72816203735483,45.7806673527889,0 4.72832955924941,45.7805248173393,0 
							</coordinates>
						</LinearRing>
					</outerBoundaryIs>
				</Polygon>
			</MultiGeometry>
		</Placemark>
		<Placemark id="personne_morale.50981">
<styleUrl>#personne_morale</styleUrl>			<visibility>0</visibility>
			<ExtendedData>
				<SchemaData schemaUrl="#personne_morale">
					<SimpleData name="Numero de Parcelle">69044000AT0269</SimpleData>
					<SimpleData name="Departement">69</SimpleData>
					<SimpleData name="Commune">CHARBONNIERES-LES-BAINS</SimpleData>
					<SimpleData name="Adresse">214, RTE DE SAIN BEL</SimpleData>
					<SimpleData name="Groupe de personne">Personnes morales non remarquables</SimpleData>
					<SimpleData name="Forme Juridique Abregee">SNC</SimpleData>
					<SimpleData name="Denomination">SNC KAUFMAN ET BROAD PROMOTION 6</SimpleData>
				</SchemaData>
			</ExtendedData>
	<Region>
		<LatLonAltBox>
			<north> 45.7805248173393 </north>
			<south> 45.78013807074209 </south>
			<east> 4.72877995847844 </east>
			<west> 4.7283219585669 </west>
		</LatLonAltBox>
		<Lod>
			<minLodPixels>100</minLodPixels>
			<maxLodPixels>-1</maxLodPixels>
		</Lod>
	</Region>
			<MultiGeometry>
				<Polygon><altitudeMode>relativeToGround</altitudeMode>
					<outerBoundaryIs>
						<LinearRing>
							<coordinates>								4.72832955924941,45.7805248173393,0 4.72877995847844,45.7801416028396,0 4.72877534248171,45.78013807074209,0 4.72869682618563,45.7802041244752,0 4.72867613441181,45.78022164495651,0 4.72865356052824,45.7802407254672,0 4.72858809279717,45.78029595089,0 4.72851773371769,45.7803553043776,0 4.7284569024266,45.7804064955914,0 4.7283219585669,45.780520520306,0 4.72832955924941,45.7805248173393,0 
							</coordinates>
						</LinearRing>
					</outerBoundaryIs>
				</Polygon>
			</MultiGeometry>
		</Placemark>
		<Placemark id="personne_morale.51354">
<styleUrl>#personne_morale</styleUrl>			<visibility>0</visibility>
			<ExtendedData>
				<SchemaData schemaUrl="#personne_morale">
					<SimpleData name="Numero de Parcelle">69044000AI0270</SimpleData>
					<SimpleData name="Departement">69</SimpleData>
					<SimpleData name="Commune">CHARBONNIERES-LES-BAINS</SimpleData>
					<SimpleData name="Adresse">16, CHE TRACOL</SimpleData>
					<SimpleData name="Groupe de personne">Personnes morales non remarquables</SimpleData>
					<SimpleData name="Forme Juridique Abregee">SCI</SimpleData>
					<SimpleData name="Denomination">SCI BERTRAND</SimpleData>
				</SchemaData>
			</ExtendedData>
	<Region>
		<LatLonAltBox>
			<north> 45.7825666955486 </north>
			<south> 45.7821675822456 </south>
			<east> 4.74278359590575 </east>
			<west> 4.74247762569328 </west>
		</LatLonAltBox>
		<Lod>
			<minLodPixels>100</minLodPixels>
			<maxLodPixels>-1</maxLodPixels>
		</Lod>
	</Region>
			<MultiGeometry>
				<Polygon><altitudeMode>relativeToGround</altitudeMode>
					<outerBoundaryIs>
						<LinearRing>
							<coordinates>								4.74277180248218,45.7825341815049,0 4.74277039394824,45.7825017777391,0 4.74277910663252,45.7825004722512,0 4.74278359590575,45.7824999525603,0 4.74276218673346,45.7823436499452,0 4.74274513777798,45.7823377884412,0 4.7427371279094,45.78228792280759,0 4.742745310821,45.7822902283395,0 4.74272591497653,45.7822140577165,0 4.74255671010831,45.7821675822456,0 4.74252476785095,45.782224189686,0 4.74259320462949,45.78224303848,0 4.74256991799418,45.7822842902821,0 4.74252576400971,45.7822720920122,0 4.74251746598263,45.7822865414264,0 4.74251267307079,45.7822896778515,0 4.74251388527003,45.7823566718687,0 4.74247762569328,45.782464145942,0 4.74273691163085,45.7825666955486,0 4.74277180248218,45.7825341815049,0 
							</coordinates>
						</LinearRing>
					</outerBoundaryIs>
				</Polygon>
			</MultiGeometry>
		</Placemark>
		<Placemark id="personne_morale.51380">
<styleUrl>#personne_morale</styleUrl>			<visibility>0</visibility>
			<ExtendedData>
				<SchemaData schemaUrl="#personne_morale">
					<SimpleData name="Numero de Parcelle">69044000AT0270</SimpleData>
					<SimpleData name="Departement">69</SimpleData>
					<SimpleData name="Commune">CHARBONNIERES-LES-BAINS</SimpleData>
					<SimpleData name="Adresse">214, RTE DE SAIN BEL</SimpleData>
					<SimpleData name="Groupe de personne">Personnes morales non remarquables</SimpleData>
					<SimpleData name="Forme Juridique Abregee">SNC</SimpleData>
					<SimpleData name="Denomination">SNC KAUFMAN ET BROAD PROMOTION 6</SimpleData>
				</SchemaData>
			</ExtendedData>
	<Region>
		<LatLonAltBox>
			<north> 45.7801416028396 </north>
			<south> 45.7798829473975 </south>
			<east> 4.7290820268488 </east>
			<west> 4.72877534248171 </west>
		</LatLonAltBox>
		<Lod>
			<minLodPixels>100</minLodPixels>
			<maxLodPixels>-1</maxLodPixels>
		</Lod>
	</Region>
			<MultiGeometry>
				<Polygon><altitudeMode>relativeToGround</altitudeMode>
					<outerBoundaryIs>
						<LinearRing>
							<coordinates>								4.7290820268488,45.7798848668769,0 4.72907797623666,45.7798829473975,0 4.72898566533896,45.77996065168931,0 4.72890928332429,45.780024961533,0 4.7288330297974,45.7800892693538,0 4.72879089131958,45.7801248623546,0 4.72877534248171,45.78013807074209,0 4.72877995847844,45.7801416028396,0 4.7290820268488,45.7798848668769,0 
							</coordinates>
						</LinearRing>
					</outerBoundaryIs>
				</Polygon>
			</MultiGeometry>
		</Placemark>
		<Placemark id="personne_morale.51527">
<styleUrl>#personne_morale</styleUrl>			<visibility>0</visibility>
			<ExtendedData>
				<SchemaData schemaUrl="#personne_morale">
					<SimpleData name="Numero de Parcelle">69044000AT0271</SimpleData>
					<SimpleData name="Departement">69</SimpleData>
					<SimpleData name="Commune">CHARBONNIERES-LES-BAINS</SimpleData>
					<SimpleData name="Adresse">214, RTE DE SAIN BEL</SimpleData>
					<SimpleData name="Groupe de personne">Personnes morales non remarquables</SimpleData>
					<SimpleData name="Forme Juridique Abregee">SNC</SimpleData>
					<SimpleData name="Denomination">SNC KAUFMAN ET BROAD PROMOTION 6</SimpleData>
				</SchemaData>
			</ExtendedData>
	<Region>
		<LatLonAltBox>
			<north> 45.7798848668769 </north>
			<south> 45.77977542020341 </south>
			<east> 4.72921080673315 </east>
			<west> 4.72907797623666 </west>
		</LatLonAltBox>
		<Lod>
			<minLodPixels>100</minLodPixels>
			<maxLodPixels>-1</maxLodPixels>
		</Lod>
	</Region>
			<MultiGeometry>
				<Polygon><altitudeMode>relativeToGround</altitudeMode>
					<outerBoundaryIs>
						<LinearRing>
							<coordinates>								4.72921080673315,45.779775529272,0 4.72920616916217,45.77977542020341,0 4.7291128236682,45.77985296031881,0 4.72909666265558,45.77986716890991,0 4.72907797623666,45.7798829473975,0 4.7290820268488,45.7798848668769,0 4.72921080673315,45.779775529272,0 
							</coordinates>
						</LinearRing>
					</outerBoundaryIs>
				</Polygon>
			</MultiGeometry>
		</Placemark>
		<Placemark id="personne_morale.51671">
<styleUrl>#personne_morale</styleUrl>			<visibility>0</visibility>
			<ExtendedData>
				<SchemaData schemaUrl="#personne_morale">
					<SimpleData name="Numero de Parcelle">69044000AT0272</SimpleData>
					<SimpleData name="Departement">69</SimpleData>
					<SimpleData name="Commune">CHARBONNIERES-LES-BAINS</SimpleData>
					<SimpleData name="Adresse">214, RTE DE SAIN BEL</SimpleData>
					<SimpleData name="Groupe de personne">Personnes morales non remarquables</SimpleData>
					<SimpleData name="Forme Juridique Abregee">SNC</SimpleData>
					<SimpleData name="Denomination">SNC KAUFMAN ET BROAD PROMOTION 6</SimpleData>
				</SchemaData>
			</ExtendedData>
	<Region>
		<LatLonAltBox>
			<north> 45.779775529272 </north>
			<south> 45.7795437161376 </south>
			<east> 4.72948124535332 </east>
			<west> 4.72920616916217 </west>
		</LatLonAltBox>
		<Lod>
			<minLodPixels>100</minLodPixels>
			<maxLodPixels>-1</maxLodPixels>
		</Lod>
	</Region>
			<MultiGeometry>
				<Polygon><altitudeMode>relativeToGround</altitudeMode>
					<outerBoundaryIs>
						<LinearRing>
							<coordinates>								4.72947928156637,45.7795437161376,0 4.72933632158179,45.7796647103554,0 4.72928977348975,45.7797033434634,0 4.72922322795541,45.7797611077663,0 4.72922235266474,45.7797619318154,0 4.72920616916217,45.77977542020341,0 4.72921080673315,45.779775529272,0 4.72948124535332,45.7795447668835,0 4.72947928156637,45.7795437161376,0 
							</coordinates>
						</LinearRing>
					</outerBoundaryIs>
				</Polygon>
			</MultiGeometry>
		</Placemark>
		<Placemark id="personne_morale.52382">
<styleUrl>#personne_morale</styleUrl>			<visibility>0</visibility>
			<ExtendedData>
				<SchemaData schemaUrl="#personne_morale">
					<SimpleData name="Numero de Parcelle">69044000AT0277</SimpleData>
					<SimpleData name="Departement">69</SimpleData>
					<SimpleData name="Commune">CHARBONNIERES-LES-BAINS</SimpleData>
					<SimpleData name="Adresse">GDES BRUYERES</SimpleData>
					<SimpleData name="Groupe de personne">Personnes morales non remarquables</SimpleData>
					<SimpleData name="Forme Juridique Abregee">SAS</SimpleData>
					<SimpleData name="Denomination">RIGAL INVEST 5</SimpleData>
				</SchemaData>
			</ExtendedData>
	<Region>
		<LatLonAltBox>
			<north> 45.7816376932789 </north>
			<south> 45.7811332126009 </south>
			<east> 4.73129461644496 </east>
			<west> 4.73003701013349 </west>
		</LatLonAltBox>
		<Lod>
			<minLodPixels>100</minLodPixels>
			<maxLodPixels>-1</maxLodPixels>
		</Lod>
	</Region>
			<MultiGeometry>
				<Polygon><altitudeMode>relativeToGround</altitudeMode>
					<outerBoundaryIs>
						<LinearRing>
							<coordinates>								4.73082445623617,45.7814003405746,0 4.73098764190782,45.7813044341122,0 4.73129461644496,45.7812166793977,0 4.73124578648931,45.7811332126009,0 4.730923753618,45.7812251612922,0 4.73089859452808,45.7812192422929,0 4.73087237051936,45.7812163119529,0 4.7308457305702,45.7812165404577,0 4.73081957253236,45.7812198239639,0 4.7307440015823,45.781207292411,0 4.73072844181532,45.78125301671859,0 4.73062188676703,45.7813157189079,0 4.73065347620996,45.7813419853642,0 4.73052366046975,45.7814182845955,0 4.73056516237323,45.7814527756172,0 4.73051586715296,45.7814818138048,0 4.73049029627949,45.7814956264851,0 4.73046339640128,45.7815081084823,0 4.73042387813439,45.78147529834401,0 4.73021718300781,45.7815343117149,0 4.73003701013349,45.7815482430584,0 4.73005397200574,45.7816376932789,0 4.7302494229544,45.7816224467917,0 4.73035838139743,45.78159123281371,0 4.73037173477696,45.7815901273324,0 4.73038394811107,45.7815937230024,0 4.73039203381293,45.781601164934,0 4.73039937676077,45.7816136622077,0 4.73052109765124,45.7815789197414,0 4.73060237082291,45.7815310167058,0 4.73082445623617,45.7814003405746,0 
							</coordinates>
						</LinearRing>
					</outerBoundaryIs>
				</Polygon>
			</MultiGeometry>
		</Placemark>
		<Placemark id="personne_morale.52493">
<styleUrl>#personne_morale</styleUrl>			<visibility>0</visibility>
			<ExtendedData>
				<SchemaData schemaUrl="#personne_morale">
					<SimpleData name="Numero de Parcelle">69044000AI0278</SimpleData>
					<SimpleData name="Departement">69</SimpleData>
					<SimpleData name="Commune">CHARBONNIERES-LES-BAINS</SimpleData>
					<SimpleData name="Adresse">19, AV LAMARTINE</SimpleData>
					<SimpleData name="Groupe de personne">Personnes morales non remarquables</SimpleData>
					<SimpleData name="Forme Juridique Abregee">AUPM</SimpleData>
					<SimpleData name="Denomination">COPROPRI TERRASSES DU PARC AI 278 279 280 19 AV LAMARTINE</SimpleData>
				</SchemaData>
			</ExtendedData>
	<Region>
		<LatLonAltBox>
			<north> 45.7826900058597 </north>
			<south> 45.7820149380404 </south>
			<east> 4.74074155603198 </east>
			<west> 4.73940716295113 </west>
		</LatLonAltBox>
		<Lod>
			<minLodPixels>100</minLodPixels>
			<maxLodPixels>-1</maxLodPixels>
		</Lod>
	</Region>
			<MultiGeometry>
				<Polygon><altitudeMode>relativeToGround</altitudeMode>
					<outerBoundaryIs>
						<LinearRing>
							<coordinates>								4.74074155603198,45.7822321678717,0 4.74064664444208,45.7821942710703,0 4.74042448887769,45.7821055553844,0 4.7401971248449,45.7820149380404,0 4.73940716295113,45.782589430219,0 4.73950486131981,45.7826095411512,0 4.73950923459237,45.78262577654969,0 4.73952619034272,45.7826900058597,0 4.73992791904529,45.7825862653903,0 4.74038836318519,45.782548360358,0 4.74074155603198,45.7822321678717,0 
							</coordinates>
						</LinearRing>
					</outerBoundaryIs>
				</Polygon>
			</MultiGeometry>
		</Placemark>
		<Placemark id="personne_morale.52636">
<styleUrl>#personne_morale</styleUrl>			<visibility>0</visibility>
			<ExtendedData>
				<SchemaData schemaUrl="#personne_morale">
					<SimpleData name="Numero de Parcelle">69044000AI0279</SimpleData>
					<SimpleData name="Departement">69</SimpleData>
					<SimpleData name="Commune">CHARBONNIERES-LES-BAINS</SimpleData>
					<SimpleData name="Adresse">19, AV LAMARTINE</SimpleData>
					<SimpleData name="Groupe de personne">Personnes morales non remarquables</SimpleData>
					<SimpleData name="Forme Juridique Abregee">AUPM</SimpleData>
					<SimpleData name="Denomination">COPROPRI TERRASSES DU PARC AI 278 279 280 19 AV LAMARTINE</SimpleData>
				</SchemaData>
			</ExtendedData>
	<Region>
		<LatLonAltBox>
			<north> 45.7832107160263 </north>
			<south> 45.7822321678717 </south>
			<east> 4.74129250449473 </east>
			<west> 4.73937707350888 </west>
		</LatLonAltBox>
		<Lod>
			<minLodPixels>100</minLodPixels>
			<maxLodPixels>-1</maxLodPixels>
		</Lod>
	</Region>
			<MultiGeometry>
				<Polygon><altitudeMode>relativeToGround</altitudeMode>
					<outerBoundaryIs>
						<LinearRing>
							<coordinates>								4.73937707350888,45.78279084201019,0 4.73938147621076,45.7828039244815,0 4.73938470386154,45.782816484641,0 4.73939075724709,45.7828370175442,0 4.73939585890807,45.7828559438433,0 4.73939646431013,45.7828588167769,0 4.73939706687739,45.7828615996835,0 4.7393977981164,45.7828643806066,0 4.73939840351865,45.7828672535402,0 4.73939900892097,45.7828701264738,0 4.73939961148848,45.7828729093803,0 4.73940034556263,45.7828757803305,0 4.73940082229342,45.7828786552476,0 4.73940142486112,45.7828814381541,0 4.73940203026375,45.78288431108771,0 4.73940276433818,45.7828871820379,0 4.73940324106919,45.782890056955,0 4.73940384363714,45.7828928398615,0 4.73940457771177,45.7828957108116,0 4.73940505444296,45.7828985857287,0 4.73940565984596,45.7829014586623,0 4.73940613374238,45.7829042435522,0 4.73940686781728,45.7829071145024,0 4.73940734454869,45.7829099894194,0 4.73940794995193,45.78291286235301,0 4.73942419333834,45.7829994402201,0 4.73943085563287,45.7830311325157,0 4.73943133803644,45.7830341874868,0 4.73943207778422,45.783037238491,0 4.73943294620419,45.7830402875117,0 4.73943368595215,45.7830433385159,0 4.73943455437229,45.78304638753661,0 4.73943555146465,45.7830494345738,0 4.73943654572219,45.78305239158391,0 4.73943754281476,45.7830554386211,0 4.73943866574465,45.7830583936477,0 4.73944004885387,45.7830614347343,0 4.73944130045616,45.7830643877774,0 4.73944255205859,45.7830673408204,0 4.73944406100547,45.7830702898964,0 4.73944543561045,45.7830730609016,0 4.73944694172269,45.7830759199505,0 4.73944844783508,45.7830787789993,0 4.73945021129201,45.7830816340811,0 4.73945184607693,45.78308449114639,0 4.73945333801501,45.7830869000596,0 4.73945470128101,45.78308931095631,0 4.73945632189156,45.783091717886,0 4.73945781099506,45.78309403677211,0 4.73945930009869,45.7830963556581,0 4.73946091787467,45.7830986725606,0 4.73946266432302,45.7831009874796,0 4.7394642792643,45.78310321435501,0 4.73946602571293,45.78310552927379,0 4.73946777216171,45.7831078441927,0 4.7394696444479,45.7831100671009,0 4.7394716454065,45.7831122880256,0 4.73947351769299,45.7831145109337,0 4.73947538714464,45.7831166438147,0 4.73947738526871,45.7831187747122,0 4.73947938622794,45.7831209956367,0 4.73948164169688,45.7831231225669,0 4.73948363982143,45.78312525346429,0 4.73948537209649,45.7831271182474,0 4.73948723304397,45.78312898104679,0 4.73948921982886,45.7831307518356,0 4.73949133528617,45.78313252064079,0 4.73949331923629,45.7831342014025,0 4.73949543469387,45.78313597020761,0 4.73949767598887,45.783137647002,0 4.73949991444896,45.7831392337693,0 4.73950215290918,45.7831408205365,0 4.73950464871419,45.7831424033365,0 4.73950713884924,45.78314380608229,0 4.73950950031207,45.7831452108116,0 4.7395148524245,45.7831475602165,0 4.73952019603215,45.7831496395399,0 4.73952579981999,45.78315180492301,0 4.73953101475612,45.78315388622951,0 4.73953648420225,45.78315587354141,0 4.73954195648389,45.7831579508802,0 4.73954742593082,45.7831599381915,0 4.73955314988776,45.78316183150829,0 4.73955861650034,45.7831637287921,0 4.73956421178568,45.78316562409191,0 4.73956980423625,45.7831674293643,0 4.73957539668718,45.7831692346365,0 4.7395809863033,45.7831709498813,0 4.73958683609975,45.7831727511856,0 4.73959255438898,45.78317446444619,0 4.73959826984337,45.7831760876793,0 4.73960658426315,45.78317848148239,0 4.73961438115878,45.7831807931925,0 4.73962243539989,45.7831831009346,0 4.739630358134,45.7831853206328,0 4.73963828086875,45.7831875403305,0 4.739646326606,45.7831895779896,0 4.73965437234385,45.7831916156482,0 4.73966254675473,45.7831936513224,0 4.73967058398781,45.78319541889849,0 4.73967862689207,45.78319736652829,0 4.73968678996331,45.7831990420923,0 4.73969495587041,45.7832008076829,0 4.73970337061683,45.78320229922401,0 4.73971165952662,45.7832038827754,0 4.73971994560149,45.7832053762991,0 4.73972822600598,45.7832066897679,0 4.73973650924629,45.7832080932633,0 4.73974155582707,45.7832089161645,0 4.73974685124662,45.7832094650164,0 4.73975214950173,45.78321010389529,0 4.7397785585497,45.7832106874997,0 4.73978255023198,45.7832107160263,0 4.73978666491573,45.7832105625146,0 4.73979078243497,45.7832104990298,0 4.73979477128172,45.78321043752889,0 4.73979888880095,45.7832103740438,0 4.73980287197661,45.78321013248841,0 4.73980698666025,45.7832099789759,0 4.73981302859543,45.78320970567739,0 4.73981714044345,45.7832094621375,0 4.73982317670738,45.78320900878419,0 4.73982715988284,45.7832087672279,0 4.73983126605957,45.7832083436333,0 4.73983511772689,45.78320801403351,0 4.73984115115491,45.7832074706522,0 4.73984525449583,45.78320695703,0 4.73984923199982,45.7832065354187,0 4.73985320950375,45.7832061138072,0 4.73985731284445,45.7832056001846,0 4.73986128467699,45.78320499851869,0 4.73986525934508,45.78320448687969,0 4.73986923117745,45.7832038852135,0 4.73987320300973,45.7832032835472,0 4.73987717200627,45.78320259185361,0 4.73988114100271,45.7832019001599,0 4.73988511283472,45.7832012984931,0 4.73988895315852,45.7832006087831,0 4.73989278781086,45.7831997390188,0 4.7398967568069,45.78319904732459,0 4.7399005942947,45.7831982675871,0 4.73990455478343,45.7831973058113,0 4.739908392271,45.7831965260735,0 4.73991235559519,45.78319565432451,0 4.73991619024681,45.7831947845594,0 4.73992002206259,45.7831938247671,0 4.73992576978601,45.7831923850784,0 4.73992960160145,45.78319142528569,0 4.74069030825651,45.7829221805067,0 4.74069818093808,45.7829187264392,0 4.74070351422742,45.782916392395,0 4.74070871884456,45.7829140603354,0 4.74071366328076,45.7829116422184,0 4.74071886789703,45.7829093101584,0 4.74072393816707,45.78290680002889,0 4.74072900843666,45.7829042898992,0 4.7407339528711,45.78290187178131,0 4.74073902030273,45.7828992716241,0 4.74074383039046,45.7828966754366,0 4.74074890065821,45.782894165306,0 4.74075370790796,45.78289147909109,0 4.74075851515725,45.7828887928759,0 4.74076345391484,45.7828861947026,0 4.7407682583261,45.7828834184599,0 4.7407729340652,45.7828806442021,0 4.74077774131261,45.7828779579861,0 4.74078241421366,45.7828750937008,0 4.74078708711423,45.7828722294153,0 4.74079163417979,45.7828694571417,0 4.7407963070794,45.78286659285579,0 4.74080084563261,45.78286355050071,0 4.74080526118799,45.7828606901845,0 4.74080980257738,45.782857737856,0 4.74081434112911,45.7828546955003,0 4.74081875100874,45.7828516551295,0 4.74082303221629,45.78284861674361,0 4.74082743925776,45.7828454863454,0 4.74083172046436,45.7828424479591,0 4.7408358701617,45.7828393215307,0 4.74084014853015,45.7828361931171,0 4.74084442406089,45.7828329746763,0 4.74084844508525,45.7828298502325,0 4.74085259194348,45.78282663377641,0 4.74085660729245,45.7828233292783,0 4.74086075414971,45.7828201128219,0 4.74086464082621,45.78281681030861,0 4.74086852750223,45.7828135077951,0 4.74087253717478,45.7828100232422,0 4.74087629517836,45.7828067227136,0 4.74088017901571,45.7828033301726,0 4.74088393134382,45.7827998495896,0 4.74088755783727,45.78279646101869,0 4.74089131016445,45.7827929804355,0 4.74113948431159,45.7825226316654,0 4.74116428105555,45.7824965788477,0 4.74116715818915,45.7824939223972,0 4.74117016399322,45.7824912639611,0 4.74117329846775,45.78248860353939,0 4.74117757111444,45.7824852950589,0 4.74118210677758,45.7824821626614,0 4.74118803795386,45.78247837823389,0 4.74119297097903,45.7824755999877,0 4.74120209905703,45.78247113573251,0 4.74120755811478,45.78246870965179,0 4.74121595389556,45.78246551768739,0 4.74122321717954,45.7824631538358,0 4.74123062048488,45.7824611481063,0 4.74123675127211,45.78245961236721,0 4.74124609598793,45.7824579369617,0 4.7412539108445,45.78245673551759,0 4.7412618657229,45.7824558921956,0 4.74126829074252,45.7824555228354,0 4.74127780669587,45.78245519584759,0 4.7412874711852,45.7824554970628,0 4.74129250449473,45.7824518165561,0 4.74127255963615,45.7824439278907,0 4.74074155603198,45.7822321678717,0 4.74038836318519,45.782548360358,0 4.73992791904529,45.7825862653903,0 4.73952619034272,45.7826900058597,0 4.73945692447652,45.782767453687,0 4.73937707350888,45.78279084201019,0 
							</coordinates>
						</LinearRing>
					</outerBoundaryIs>
				</Polygon>
			</MultiGeometry>
		</Placemark>
		<Placemark id="personne_morale.53033">
<styleUrl>#personne_morale</styleUrl>			<visibility>0</visibility>
			<ExtendedData>
				<SchemaData schemaUrl="#personne_morale">
					<SimpleData name="Numero de Parcelle">69044000AI0280</SimpleData>
					<SimpleData name="Departement">69</SimpleData>
					<SimpleData name="Commune">CHARBONNIERES-LES-BAINS</SimpleData>
					<SimpleData name="Adresse">19, AV LAMARTINE</SimpleData>
					<SimpleData name="Groupe de personne">Personnes morales non remarquables</SimpleData>
					<SimpleData name="Forme Juridique Abregee">AUPM</SimpleData>
					<SimpleData name="Denomination">COPROPRI TERRASSES DU PARC AI 278 279 280 19 AV LAMARTINE</SimpleData>
				</SchemaData>
			</ExtendedData>
	<Region>
		<LatLonAltBox>
			<north> 45.7832133345363 </north>
			<south> 45.78245519584759 </south>
			<east> 4.7412874711852 </east>
			<west> 4.73975214950173 </west>
		</LatLonAltBox>
		<Lod>
			<minLodPixels>100</minLodPixels>
			<maxLodPixels>-1</maxLodPixels>
		</Lod>
	</Region>
			<MultiGeometry>
				<Polygon><altitudeMode>relativeToGround</altitudeMode>
					<outerBoundaryIs>
						<LinearRing>
							<coordinates>								4.73976286617838,45.78321110958701,0 4.73976828743536,45.7832115664269,0 4.73977370302144,45.7832118432125,0 4.73977899277059,45.7832122120087,0 4.7397844111923,45.7832125788209,0 4.73978969527057,45.78321276756239,0 4.73979510802135,45.7832129543198,0 4.73980052077217,45.783213141077,0 4.73980593068748,45.7832132378068,0 4.73981134060282,45.7832133345363,0 4.73981674484705,45.7832132512114,0 4.73982202325436,45.7832132598972,0 4.73982742749857,45.7832131765718,0 4.7398327002347,45.7832130052029,0 4.73983964854863,45.7832128980695,0 4.73984671986379,45.7832126088975,0 4.73985379117888,45.783212319725,0 4.73986072531453,45.7832117624549,0 4.73986778812251,45.7832112032002,0 4.73987471658657,45.783210465875,0 4.73988164221478,45.78320963852221,0 4.7398885650071,45.7832087211419,0 4.73989535345536,45.78320762569099,0 4.7399022705758,45.7832065282557,0 4.73990905051639,45.7832051627227,0 4.73991582762092,45.7832037071622,0 4.7399224732169,45.7832021635582,0 4.73992911597678,45.7832005299267,0 4.73993562439231,45.7831987182248,0 4.73994213280742,45.7831969065224,0 4.73994863271478,45.78319482473841,0 4.73995500394922,45.78319274493809,0 4.74046077574774,45.7830243486672,0 4.74061486322611,45.7829709917902,0 4.74062225243729,45.7829685359652,0 4.74062938146719,45.7829659940824,0 4.74063663633141,45.7829633601872,0 4.74064389403184,45.78296081631861,0 4.74065101738594,45.7829580943802,0 4.74065814357624,45.7829554624685,0 4.74066526692894,45.7829527405293,0 4.740672387444,45.78294992856249,0 4.74067951079529,45.7829472066224,0 4.74068649980012,45.7829443066125,0 4.74069349164119,45.7829414966294,0 4.74070048064457,45.78293859661869,0 4.74070746964721,45.7829356966076,0 4.74071432714031,45.7829327085539,0 4.74072131614149,45.782929808542,0 4.74072830514192,45.7829269085295,0 4.74073439911328,45.78292420246571,0 4.74074011274283,45.7829216824106,0 4.74074582920893,45.7829192523823,0 4.74075154283744,45.7829167323267,0 4.74075712211954,45.7829140342016,0 4.74076257556643,45.7829114280883,0 4.74076815484745,45.7829087299627,0 4.74077373412792,45.7829060318368,0 4.74077918189902,45.7829032456685,0 4.74078449816072,45.782900371458,0 4.740789817259,45.78289758727429,0 4.74079513351961,45.78289471306321,0 4.74080031543367,45.78289166078281,0 4.74080550018432,45.78288869852929,0 4.74081068493441,45.7828857362755,0 4.7408158640096,45.7828825939674,0 4.74082078574087,45.7828794556291,0 4.74082583614324,45.7828763153056,0 4.74083075503619,45.7828730869398,0 4.74083779325359,45.7828676641775,0 4.74084509165008,45.7828623274717,0 4.74085213270194,45.7828569947356,0 4.74085930242403,45.782851660014,0 4.7408663406359,45.7828462372499,0 4.74087337600913,45.7828407244584,0 4.7408801568751,45.7828353056637,0 4.74088680339363,45.7828297087997,0 4.74089357858234,45.7828241099501,0 4.74090022226085,45.7828184230582,0 4.74090673726649,45.78281273815109,0 4.74091312076196,45.7828069652018,0 4.74091963009024,45.7828011002398,0 4.74092588491156,45.7827953292749,0 4.74093213405685,45.7827893782555,0 4.74093799718648,45.7827834331914,0 4.7409439861489,45.7827773961147,0 4.74094997794739,45.7827714490648,0 4.74095570956441,45.78276541595789,0 4.74096156417675,45.7827592008114,0 4.7411366654361,45.7825802304341,0 4.7411400402331,45.7825770258801,0 4.74114366953391,45.78257372732811,0 4.74114717016334,45.7825704307614,0 4.74115067363006,45.7825672242217,0 4.74115430576729,45.7825640156963,0 4.7411579379041,45.7825608071709,0 4.74116144136958,45.7825576006308,0 4.74116507350556,45.7825543921052,0 4.74116870564111,45.78255118357941,0 4.74117221194309,45.782548067066,0 4.74117571256919,45.7825447704985,0 4.74117947904986,45.782541740041,0 4.74118324269235,45.78253861955631,0 4.74118674615496,45.7825354130154,0 4.74119050695885,45.7825322025035,0 4.74119427060007,45.78252908201841,0 4.74119790840782,45.7825260535459,0 4.7412016720482,45.7825229330606,0 4.74120619068634,45.7825192604997,0 4.74121058349086,45.7825156799513,0 4.74121497913261,45.7825121894297,0 4.74121949776898,45.7825085168683,0 4.74122389057179,45.78250493631939,0 4.74122841488262,45.7825014438118,0 4.74123293351722,45.78249777124989,0 4.74123745782689,45.7824942787419,0 4.74124198213599,45.7824907862337,0 4.74124650360667,45.7824872036983,0 4.74125089640603,45.78248362314831,0 4.74125554938413,45.7824801286541,0 4.74126007369093,45.7824766361452,0 4.74126459515927,45.7824730536091,0 4.74126911946492,45.7824695610998,0 4.74127377244068,45.7824660666048,0 4.74127829390728,45.7824624840681,0 4.74128294688186,45.78245898957281,0 4.7412874711852,45.7824554970628,0 4.74127780669587,45.78245519584759,0 4.74126829074252,45.7824555228354,0 4.7412618657229,45.7824558921956,0 4.7412539108445,45.78245673551759,0 4.74124609598793,45.7824579369617,0 4.74123675127211,45.78245961236721,0 4.74123062048488,45.7824611481063,0 4.74122321717954,45.7824631538358,0 4.74121595389556,45.78246551768739,0 4.74120755811478,45.78246870965179,0 4.74120209905703,45.78247113573251,0 4.74119297097903,45.7824755999877,0 4.74118803795386,45.78247837823389,0 4.74118210677758,45.7824821626614,0 4.74117757111444,45.7824852950589,0 4.74117329846775,45.78248860353939,0 4.74117016399322,45.7824912639611,0 4.74116715818915,45.7824939223972,0 4.74116428105555,45.7824965788477,0 4.74113948431159,45.7825226316654,0 4.74089131016445,45.7827929804355,0 4.74088755783727,45.78279646101869,0 4.74088393134382,45.7827998495896,0 4.74088017901571,45.7828033301726,0 4.74087629517836,45.7828067227136,0 4.74087253717478,45.7828100232422,0 4.74086852750223,45.7828135077951,0 4.74086464082621,45.78281681030861,0 4.74086075414971,45.7828201128219,0 4.74085660729245,45.7828233292783,0 4.74085259194348,45.78282663377641,0 4.74084844508525,45.7828298502325,0 4.74084442406089,45.7828329746763,0 4.74084014853015,45.7828361931171,0 4.7408358701617,45.7828393215307,0 4.74083172046436,45.7828424479591,0 4.74082743925776,45.7828454863454,0 4.74082303221629,45.78284861674361,0 4.74081875100874,45.7828516551295,0 4.74081434112911,45.7828546955003,0 4.74080980257738,45.782857737856,0 4.74080526118799,45.7828606901845,0 4.74080084563261,45.78286355050071,0 4.7407963070794,45.78286659285579,0 4.74079163417979,45.7828694571417,0 4.74078708711423,45.7828722294153,0 4.74078241421366,45.7828750937008,0 4.74077774131261,45.7828779579861,0 4.7407729340652,45.7828806442021,0 4.7407682583261,45.7828834184599,0 4.74076345391484,45.7828861947026,0 4.74075851515725,45.7828887928759,0 4.74075370790796,45.78289147909109,0 4.74074890065821,45.782894165306,0 4.74074383039046,45.7828966754366,0 4.74073902030273,45.7828992716241,0 4.7407339528711,45.78290187178131,0 4.74072900843666,45.7829042898992,0 4.74072393816707,45.78290680002889,0 4.74071886789703,45.7829093101584,0 4.74071366328076,45.7829116422184,0 4.74070871884456,45.7829140603354,0 4.74070351422742,45.782916392395,0 4.74069818093808,45.7829187264392,0 4.74069030825651,45.7829221805067,0 4.73992960160145,45.78319142528569,0 4.73992576978601,45.7831923850784,0 4.73992002206259,45.7831938247671,0 4.73991619024681,45.7831947845594,0 4.73991235559519,45.78319565432451,0 4.739908392271,45.7831965260735,0 4.73990455478343,45.7831973058113,0 4.7399005942947,45.7831982675871,0 4.7398967568069,45.78319904732459,0 4.73989278781086,45.7831997390188,0 4.73988895315852,45.7832006087831,0 4.73988511283472,45.7832012984931,0 4.73988114100271,45.7832019001599,0 4.73987717200627,45.78320259185361,0 4.73987320300973,45.7832032835472,0 4.73986923117745,45.7832038852135,0 4.73986525934508,45.78320448687969,0 4.73986128467699,45.78320499851869,0 4.73985731284445,45.7832056001846,0 4.73985320950375,45.7832061138072,0 4.73984923199982,45.7832065354187,0 4.73984525449583,45.78320695703,0 4.73984115115491,45.7832074706522,0 4.73983511772689,45.78320801403351,0 4.73983126605957,45.7832083436333,0 4.73982715988284,45.7832087672279,0 4.73982317670738,45.78320900878419,0 4.73981714044345,45.7832094621375,0 4.73981302859543,45.78320970567739,0 4.73980698666025,45.7832099789759,0 4.73980287197661,45.78321013248841,0 4.73979888880095,45.7832103740438,0 4.73979477128172,45.78321043752889,0 4.73979078243497,45.7832104990298,0 4.73978666491573,45.7832105625146,0 4.73978255023198,45.7832107160263,0 4.7397785585497,45.7832106874997,0 4.73975214950173,45.78321010389529,0 4.73976286617838,45.78321110958701,0 
							</coordinates>
						</LinearRing>
					</outerBoundaryIs>
				</Polygon>
			</MultiGeometry>
		</Placemark>
		<Placemark id="personne_morale.55187">
<styleUrl>#personne_morale</styleUrl>			<visibility>0</visibility>
			<ExtendedData>
				<SchemaData schemaUrl="#personne_morale">
					<SimpleData name="Numero de Parcelle">69044000AI0294</SimpleData>
					<SimpleData name="Departement">69</SimpleData>
					<SimpleData name="Commune">CHARBONNIERES-LES-BAINS</SimpleData>
					<SimpleData name="Adresse">5, AV DE LA VICTOIRE</SimpleData>
					<SimpleData name="Groupe de personne">Personnes morales non remarquables</SimpleData>
					<SimpleData name="Forme Juridique Abregee">SNC</SimpleData>
					<SimpleData name="Denomination">SNC DES JARRAUDS</SimpleData>
				</SchemaData>
			</ExtendedData>
	<Region>
		<LatLonAltBox>
			<north> 45.7840343932189 </north>
			<south> 45.7837449805616 </south>
			<east> 4.73517050146719 </east>
			<west> 4.73477798920595 </west>
		</LatLonAltBox>
		<Lod>
			<minLodPixels>100</minLodPixels>
			<maxLodPixels>-1</maxLodPixels>
		</Lod>
	</Region>
			<MultiGeometry>
				<Polygon><altitudeMode>relativeToGround</altitudeMode>
					<outerBoundaryIs>
						<LinearRing>
							<coordinates>								4.73492759474937,45.7837688753414,0 4.73480639825558,45.78395565380429,0 4.73477798920595,45.7839979734298,0 4.73483813803602,45.7840193862448,0 4.73483884222351,45.78401721372181,0 4.73488727183498,45.7840343932189,0 4.73497156115048,45.7839144741676,0 4.73508812587029,45.783945017272,0 4.73508994145073,45.7839454397085,0 4.73517050146719,45.7838092750458,0 4.73494100521389,45.7837449805616,0 4.73492759474937,45.7837688753414,0 
							</coordinates>
						</LinearRing>
					</outerBoundaryIs>
				</Polygon>
			</MultiGeometry>
		</Placemark>
		<Placemark id="personne_morale.55280">
<styleUrl>#personne_morale</styleUrl>			<visibility>0</visibility>
			<ExtendedData>
				<SchemaData schemaUrl="#personne_morale">
					<SimpleData name="Numero de Parcelle">69044000AA0295</SimpleData>
					<SimpleData name="Departement">69</SimpleData>
					<SimpleData name="Commune">CHARBONNIERES-LES-BAINS</SimpleData>
					<SimpleData name="Adresse">41, RTE DE PARIS</SimpleData>
					<SimpleData name="Groupe de personne">Personnes morales non remarquables</SimpleData>
					<SimpleData name="Forme Juridique Abregee">SCI</SimpleData>
					<SimpleData name="Denomination">LES GRIGOUS</SimpleData>
				</SchemaData>
			</ExtendedData>
	<Region>
		<LatLonAltBox>
			<north> 45.7862517703401 </north>
			<south> 45.78567365065781 </south>
			<east> 4.74958347823886 </east>
			<west> 4.74841872239875 </west>
		</LatLonAltBox>
		<Lod>
			<minLodPixels>100</minLodPixels>
			<maxLodPixels>-1</maxLodPixels>
		</Lod>
	</Region>
			<MultiGeometry>
				<Polygon><altitudeMode>relativeToGround</altitudeMode>
					<outerBoundaryIs>
						<LinearRing>
							<coordinates>								4.74857342856764,45.7856977931512,0 4.74841872239875,45.7859715743381,0 4.74883773636577,45.7861410802318,0 4.74911134252987,45.7862517703401,0 4.74942782906345,45.7860415923813,0 4.74958347823886,45.7858505704335,0 4.74925605376665,45.7857153157202,0 4.74915483122503,45.78567365065781,0 4.74894226502623,45.7859537337138,0 4.74891964897874,45.7859835374646,0 4.7489158513322,45.7859855778851,0 4.74890493604875,45.7859905208195,0 4.74889362047497,45.7859950196012,0 4.74888190176056,45.7859989842032,0 4.74886977990577,45.7860024146256,0 4.74885725206045,45.78600522084109,0 4.74884483293962,45.7860073948729,0 4.74883200782903,45.7860089446977,0 4.74881903123607,45.78600977630029,0 4.74880590886193,45.7860100697342,0 4.74879289521401,45.7860097309842,0 4.74877999029276,45.7860087600504,0 4.7487671940986,45.7860071569327,0 4.74875437795332,45.7860049236255,0 4.74874205657196,45.7860020521521,0 4.74872997259759,45.78599854650111,0 4.74871825755943,45.7859944947052,0 4.74870704298656,45.7859899847974,0 4.74869632317878,45.785984836724,0 4.7486921256584,45.7859823797808,0 4.74867990773469,45.78597464286071,0 4.7486684447851,45.7859663538139,0 4.74865811999521,45.78595741663159,0 4.74864843005105,45.78594819939761,0 4.74863975528783,45.7859385160765,0 4.74863209285519,45.7859282766416,0 4.74862544845289,45.7859176611468,0 4.74861995930904,45.7859069376791,0 4.7486154881945,45.78589583815181,0 4.74861204080879,45.78588454261899,0 4.74860974867971,45.7858731391135,0 4.74860874333491,45.78586171566851,0 4.74860876456697,45.785850186245,0 4.74861007258181,45.7858386368819,0 4.74861241857222,45.7858273416478,0 4.74861592551574,45.7858161184949,0 4.74862047043356,45.78580514947079,0 4.7486261763032,45.7857942525277,0 4.74862912207678,45.7857897033279,0 4.74862973126697,45.7857886130354,0 4.74863180764352,45.7857850680891,0 4.74866704330164,45.7857228234056,0 4.74862757178098,45.7857122662471,0 4.74857342856764,45.7856977931512,0 
							</coordinates>
						</LinearRing>
					</outerBoundaryIs>
				</Polygon>
			</MultiGeometry>
		</Placemark>
		<Placemark id="personne_morale.55986">
<styleUrl>#personne_morale</styleUrl>			<visibility>0</visibility>
			<ExtendedData>
				<SchemaData schemaUrl="#personne_morale">
					<SimpleData name="Numero de Parcelle">69044000AE0003</SimpleData>
					<SimpleData name="Departement">69</SimpleData>
					<SimpleData name="Commune">CHARBONNIERES-LES-BAINS</SimpleData>
					<SimpleData name="Adresse">51, RTE DE PARIS</SimpleData>
					<SimpleData name="Groupe de personne">Personnes morales non remarquables</SimpleData>
					<SimpleData name="Forme Juridique Abregee">SARL</SimpleData>
					<SimpleData name="Denomination">ENI FRANCE SARL</SimpleData>
				</SchemaData>
			</ExtendedData>
	<Region>
		<LatLonAltBox>
			<north> 45.7845395418004 </north>
			<south> 45.78339560084871 </south>
			<east> 4.7501515767946 </east>
			<west> 4.74931541176997 </west>
		</LatLonAltBox>
		<Lod>
			<minLodPixels>100</minLodPixels>
			<maxLodPixels>-1</maxLodPixels>
		</Lod>
	</Region>
			<MultiGeometry>
				<Polygon><altitudeMode>relativeToGround</altitudeMode>
					<outerBoundaryIs>
						<LinearRing>
							<coordinates>								4.75010007186496,45.783630594148,0 4.7501515767946,45.783464334746,0 4.74990827694839,45.78339560084871,0 4.74960136429155,45.7839237629597,0 4.74931541176997,45.7844147601647,0 4.74974317038666,45.7845395418004,0 4.74992872026212,45.78418313551551,0 4.75001923873926,45.7838910723624,0 4.75010007186496,45.783630594148,0 
							</coordinates>
						</LinearRing>
					</outerBoundaryIs>
				</Polygon>
			</MultiGeometry>
		</Placemark>
		<Placemark id="personne_morale.56086">
<styleUrl>#personne_morale</styleUrl>			<visibility>0</visibility>
			<ExtendedData>
				<SchemaData schemaUrl="#personne_morale">
					<SimpleData name="Numero de Parcelle">69044000AW0003</SimpleData>
					<SimpleData name="Departement">69</SimpleData>
					<SimpleData name="Commune">CHARBONNIERES-LES-BAINS</SimpleData>
					<SimpleData name="Adresse">LE CASINO</SimpleData>
					<SimpleData name="Groupe de personne">Personnes morales non remarquables</SimpleData>
					<SimpleData name="Forme Juridique Abregee">SA</SimpleData>
					<SimpleData name="Denomination">SOC ACTIV THERMALES HOTELIERES ET LOISIRS</SimpleData>
				</SchemaData>
			</ExtendedData>
	<Region>
		<LatLonAltBox>
			<north> 45.7876705340083 </north>
			<south> 45.785190947267 </south>
			<east> 4.73437445172848 </east>
			<west> 4.73151119184791 </west>
		</LatLonAltBox>
		<Lod>
			<minLodPixels>100</minLodPixels>
			<maxLodPixels>-1</maxLodPixels>
		</Lod>
	</Region>
			<MultiGeometry>
				<Polygon><altitudeMode>relativeToGround</altitudeMode>
					<outerBoundaryIs>
						<LinearRing>
							<coordinates>								4.73234856520363,45.787173987787,0 4.73235294080718,45.7871657241875,0 4.73235744509134,45.7871574586123,0 4.73236207805608,45.7871491910616,0 4.73236671384305,45.7871410135379,0 4.73237134680502,45.7871327459868,0 4.73237598258924,45.78712456846281,0 4.73238074987756,45.78711647899051,0 4.73238564019902,45.7871082074879,0 4.73239041030817,45.7871002080424,0 4.7323953034504,45.78709202656681,0 4.73240019659118,45.7870838450908,0 4.73240534991768,45.787075749691,0 4.73241037738463,45.78706774629381,0 4.73241539920273,45.7870595628417,0 4.73242055534844,45.7870515574686,0 4.73242571149265,45.7870435520952,0 4.73243112217495,45.7870354527432,0 4.73243681563248,45.78702815968569,0 4.7324425090885,45.7870208666278,0 4.73244833122462,45.7870135715942,0 4.73245415618296,45.7870063665875,0 4.73245998113977,45.7869991615806,0 4.73246593477662,45.7869919545978,0 4.73247201709344,45.7869847456391,0 4.73247810223246,45.7869776267074,0 4.73248405868842,45.786970509751,0 4.73249039836348,45.7869632968402,0 4.73249648632159,45.7869562679348,0 4.73250270013577,45.7869491470262,0 4.73250917413505,45.7869421121934,0 4.73251551662742,45.7869349893085,0 4.73252173608447,45.7869280484534,0 4.73252821007885,45.78692101361949,0 4.73253468689547,45.78691406881251,0 4.73254129521569,45.7869072120568,0 4.73254790071038,45.7869002652734,0 4.73255339607807,45.7868948667346,0 4.7325591488073,45.7868894642441,0 4.73256464699676,45.786884155732,0 4.73257040254771,45.78687884326821,0 4.73257602659234,45.7868734427526,0 4.73258178214109,45.7868681302882,0 4.73258753486476,45.7868627277964,0 4.73259329323525,45.7868575053587,0 4.73259904878068,45.7868521928936,0 4.7326049330062,45.7868468784524,0 4.7326106913734,45.7868416560139,0 4.73261670427785,45.7868363395963,0 4.73262246264284,45.7868311171573,0 4.73262848119308,45.78682598079371,0 4.73263436541297,45.786820666351,0 4.73264038396096,45.7868155299868,0 4.73264627100266,45.7868103055707,0 4.73265242105359,45.7868052572574,0 4.73265830809305,45.7868000328408,0 4.73266472115207,45.78679516062991,0 4.73289855932306,45.7866035925578,0 4.73274363548386,45.7865282405143,0 4.73269501440525,45.7865214211371,0 4.73266929072137,45.7864975871002,0 4.73278851773497,45.78623941531981,0 4.73293392775467,45.7860854133522,0 4.7330582524834,45.7861415996504,0 4.73319819512893,45.7860964866563,0 4.73363174458936,45.7858774402963,0 4.73379516860161,45.7860308418594,0 4.73432489793553,45.7856933131831,0 4.73432804988182,45.7856911931147,0 4.73433081861929,45.7856891690064,0 4.73433358170305,45.7856869648436,0 4.73433609025648,45.78568485466331,0 4.73433872466138,45.7856826524781,0 4.73434109888247,45.7856803642209,0 4.73434360178178,45.785678073986,0 4.73434584732405,45.7856757877064,0 4.73434795853418,45.78567332334989,0 4.73435006974412,45.78567085899349,0 4.73435205227548,45.78566839661459,0 4.73435403480666,45.7856659342358,0 4.73435562847573,45.7856633877628,0 4.73435747950141,45.7856608373343,0 4.73435907034338,45.785658200834,0 4.73436053250683,45.78565556631141,0 4.73436186599178,45.7856529337664,0 4.73436319382301,45.785650121167,0 4.73436439580256,45.7856474005725,0 4.73436594141499,45.7856433236362,0 4.7343674926808,45.7856394267543,0 4.73436878093614,45.7856353537734,0 4.73436994333979,45.7856313727974,0 4.73437097423816,45.7856273037719,0 4.73437187645809,45.78562323672399,0 4.7343726499996,45.785619171654,0 4.73437342071419,45.7856150165566,0 4.7343738082207,45.7856109574197,0 4.73437419290033,45.7856068082555,0 4.73437445172848,45.7856027510963,0 4.73437445037331,45.7855986078653,0 4.73437444901814,45.78559446463431,0 4.73437406445514,45.7855904173638,0 4.73437380857041,45.7855863681155,0 4.73437329250251,45.78558223279541,0 4.7343726477565,45.785578099453,0 4.73437187715923,45.7855740581156,0 4.73437084637893,45.78556993070641,0 4.73436981842558,45.78556589332441,0 4.73436934193341,45.7855630183857,0 4.73436860243141,45.785559967348,0 4.73436786292948,45.78555691631019,0 4.73436686607138,45.7855538692279,0 4.73436574336206,45.7855509141506,0 4.73436462065286,45.78554795907321,0 4.73436324058757,45.7855450079512,0 4.73436186052243,45.7855420568293,0 4.73436010007672,45.78553929169491,0 4.7343583368044,45.7855364365332,0 4.73435657353227,45.7855335813716,0 4.73435455573094,45.7855308201925,0 4.73435228340046,45.78552815299611,0 4.73435013974825,45.7855254838219,0 4.73434773874014,45.7855228186031,0 4.73434521470773,45.7855203354164,0 4.73434256199751,45.7855178542073,0 4.73433990928752,45.7855153729982,0 4.73433713072648,45.785512983794,0 4.7343342263144,45.7855106865946,0 4.73397594694997,45.785190947267,0 4.73377953681251,45.7852703450906,0 4.73379314382498,45.7852813948612,0 4.7336087257072,45.78540654417011,0 4.73360993184198,45.7854080568418,0 4.73361113797684,45.7854095695136,0 4.73361221543393,45.7854110841623,0 4.73361316703883,45.785412690815,0 4.73361424732161,45.7854142954909,0 4.73361519892662,45.7854159021436,0 4.73361602185384,45.7854175107732,0 4.73361684478111,45.7854191194028,0 4.73361741317831,45.7854208220133,0 4.73361810742783,45.7854224326197,0 4.73361880450295,45.78542413325341,0 4.73361924422241,45.7854258378408,0 4.73361968394189,45.78542754242829,0 4.73361999498354,45.7854292489925,0 4.7336203060252,45.7854309555568,0 4.73362048838901,45.7854326640979,0 4.73362067075283,45.7854343726391,0 4.73362072443878,45.7854360831571,0 4.73362050381551,45.7854372574652,0 4.73362028319223,45.7854384317734,0 4.73362006256894,45.7854396060815,0 4.73361971044217,45.7854406923393,0 4.73361923246307,45.7854418706011,0 4.73361875165837,45.7854429588358,0 4.73361814217576,45.7854440490472,0 4.73361766137102,45.7854451372818,0 4.73361705188836,45.7854462274933,0 4.73361631372777,45.7854473196816,0 4.73361544406367,45.78544832381961,0 4.73361457439955,45.7854493279575,0 4.73361370473538,45.7854503320954,0 4.73361270356771,45.78545124818291,0 4.7336117024,45.7854521642704,0 4.73361057255434,45.7854530823347,0 4.73360944270864,45.785454000399,0 4.73360831003735,45.7854548284361,0 4.73360717736602,45.7854556564731,0 4.7336057873388,45.78545648846379,0 4.73360465184185,45.7854572264735,0 4.73360338484139,45.78545787643289,0 4.73360211784089,45.7854585263922,0 4.73360085366592,45.7854592663787,0 4.73359958383982,45.78545982631069,0 4.73359831683924,45.78546047627,0 4.73359704701309,45.785461036202,0 4.73359564850897,45.7854615981108,0 4.73359437868276,45.78546215804271,0 4.73359298300412,45.78546280997881,0 4.73359158167439,45.7854632818602,0 4.73359018034463,45.7854637537417,0 4.73358877901484,45.7854642256232,0 4.73358724900709,45.7854646994814,0 4.73358584485174,45.7854650813356,0 4.73358431201841,45.78546546516651,0 4.73358303654097,45.78546584504381,0 4.73358150088209,45.7854661388475,0 4.73358035408257,45.7854665167479,0 4.73357907577957,45.7854668065979,0 4.73357779747655,45.78546709644791,0 4.73357651917352,45.7854673862978,0 4.73357536672293,45.7854675841437,0 4.73357408276887,45.7854676939391,0 4.73357279881481,45.7854678037345,0 4.73357138618278,45.7854679155067,0 4.73357009940321,45.7854679352748,0 4.73356880979815,45.7854678650156,0 4.73356752301858,45.78546788478361,0 4.73356623341352,45.7854678145244,0 4.73356494098298,45.7854676542379,0 4.73356365137793,45.7854675839787,0 4.73356248762536,45.7854674217154,0 4.73356119236935,45.7854671714015,0 4.73355989428788,45.7854668310605,0 4.73355872770986,45.7854665787698,0 4.73355755830637,45.7854662364519,0 4.73354429188239,45.7854619367209,0 4.73353190360256,45.78545690293281,0 4.7333496040336,45.7855798575598,0 4.73333498738656,45.7855694537387,0 4.73329880820788,45.785593968254,0 4.73331906947546,45.78561194138409,0 4.73291912031994,45.7858965824346,0 4.73289018234494,45.78588108431249,0 4.73287324846655,45.7858953053046,0 4.73290145673661,45.7859121656966,0 4.73283881588798,45.7859714033305,0 4.73267128714602,45.78612619514819,0 4.7325947663494,45.78625599093291,0 4.73256436440814,45.7862471804307,0 4.73255414145258,45.7862619288316,0 4.73258357608787,45.7862727357425,0 4.73250993224238,45.78640807167339,0 4.73245698379195,45.7864685113358,0 4.73245200317861,45.7864739019677,0 4.73244714842093,45.78647920059661,0 4.73244203912529,45.7864845932037,0 4.73243718436571,45.7864898918322,0 4.73243207224442,45.7864951944115,0 4.73242709162624,45.7865005850423,0 4.73242197950299,45.78650588762121,0 4.73241699888286,45.7865112782516,0 4.73241175525355,45.7865164927782,0 4.73240677180781,45.7865217933808,0 4.73240153100019,45.7865270979343,0 4.73239641604839,45.7865323104847,0 4.73239117241515,45.7865375250103,0 4.73238605746141,45.7865427375602,0 4.73238068514568,45.7865479540608,0 4.73237543868586,45.7865530785584,0 4.73237019787225,45.7865583831104,0 4.73236495141047,45.7865635076075,0 4.73235944758658,45.78656863605519,0 4.73235446695469,45.7865740266829,0 4.73235183807531,45.7865764088765,0 4.7323493378763,45.7865787890947,0 4.73234683767706,45.7865811693128,0 4.73234421162057,45.7865836415335,0 4.7323415827403,45.7865860237269,0 4.73233882517918,45.7865884078956,0 4.7323361934749,45.78659070006159,0 4.73233356459394,45.7865930822548,0 4.7323308042086,45.7865953763961,0 4.73232817532718,45.7865977585891,0 4.73232541494138,45.7866000527302,0 4.73232265455534,45.78660234687129,0 4.73231989416908,45.78660464101219,0 4.73231713378259,45.7866069351532,0 4.73231424471521,45.78660923126941,0 4.73231135564759,45.7866115273855,0 4.73230872111757,45.7866137295235,0 4.73230582922599,45.7866159356122,0 4.73230293733417,45.7866181417009,0 4.73229991676144,45.7866203497648,0 4.73223054679247,45.7866703229914,0 4.73222942254568,45.78667142109661,0 4.73222816961804,45.786672521177,0 4.73222678800954,45.78667362323269,0 4.73222553225843,45.7866746332858,0 4.73222440801146,45.78667573139089,0 4.73222315226026,45.786676741444,0 4.73222189933238,45.7866778415243,0 4.73222064640445,45.7866789416047,0 4.73221939065311,45.7866799516577,0 4.7322182664059,45.7866810497628,0 4.73221701347783,45.7866821498431,0 4.7322157605497,45.7866832499234,0 4.73221463630236,45.7866843480284,0 4.73221364355916,45.7866855341854,0 4.73221252213508,45.7866867223177,0 4.73221126920676,45.786687822398,0 4.73221014495923,45.7866889205029,0 4.73220915221586,45.7866901066599,0 4.73220802796825,45.7866912047649,0 4.73220690654393,45.7866923928971,0 4.73192416823616,45.7869791940951,0 4.73189850395149,45.78695725045559,0 4.73187771303311,45.7869757638047,0 4.73190472905969,45.78699975832799,0 4.73186982101202,45.7870238025012,0 4.73163692196524,45.7872619204685,0 4.73163293961134,45.7872663049671,0 4.73162896007924,45.7872707794929,0 4.73162498336891,45.7872753440459,0 4.73162113251775,45.7872798165969,0 4.73161728731079,45.78728446920239,0 4.73161343928077,45.7872890317804,0 4.73160984861468,45.78729359040911,0 4.73160626077039,45.7872982390651,0 4.73160280443018,45.7873029757736,0 4.73159921658468,45.7873076244294,0 4.7315958889256,45.7873123591632,0 4.73159243258362,45.7873170958715,0 4.73158923642809,45.7873219186579,0 4.73158616613201,45.78732664944229,0 4.73158296715304,45.7873313822012,0 4.73157989967824,45.7873362030128,0 4.73157683502525,45.7873411138516,0 4.73157389623178,45.7873459326885,0 4.73157096026014,45.7873508415527,0 4.73156828165282,45.7873557464677,0 4.73156546871793,45.7873604733025,0 4.73156304465224,45.787365284241,0 4.73156049472598,45.7873701871813,0 4.7315580678371,45.7873749080924,0 4.73155564377013,45.7873797190308,0 4.73155334838523,45.7873845279946,0 4.73155092713972,45.7873894289602,0 4.73154876043652,45.78739423594939,0 4.73154646787271,45.7873991349404,0 4.73154430399103,45.7874040319568,0 4.73154214010897,45.78740892897331,0 4.73154010490909,45.7874138240151,0 4.73153793820399,45.7874186310041,0 4.73153590582566,45.7874236160733,0 4.73153400212956,45.7874285991679,0 4.73153209278856,45.7874334022078,0 4.73153018626951,45.787438295275,0 4.73152841125501,45.787443276395,0 4.73152663341793,45.7874481674877,0 4.73152522469491,45.787452512493,0 4.7315239474766,45.7874569455511,0 4.73152267025808,45.78746137860919,0 4.73152165322698,45.78746589774569,0 4.73152050469076,45.7874703288293,0 4.73151936179887,45.7874749399675,0 4.73151847062772,45.7874793671021,0 4.73151745359594,45.7874838862386,0 4.73151669392948,45.787488401426,0 4.73151593426289,45.78749291661351,0 4.73151530327893,45.7874974298265,0 4.73151454361211,45.787501945014,0 4.73151391262793,45.787506458227,0 4.73151353900923,45.7875109674911,0 4.73151303670768,45.7875154787296,0 4.7315127945939,45.7875200760465,0 4.73151242097502,45.7875245853106,0 4.73151217603891,45.7875290926002,0 4.73151193392501,45.7875336899172,0 4.73151194635453,45.7875381932579,0 4.73151119184791,45.78757162103771,0 4.73176881455378,45.7875758643083,0 4.7317723031063,45.78757626112651,0 4.7317750139159,45.7875764897385,0 4.73177785340847,45.7875767163756,0 4.73178069007837,45.7875768529854,0 4.73178339806535,45.7875769915699,0 4.73178623473528,45.7875771281795,0 4.73178893707689,45.7875770867092,0 4.73179176810142,45.7875770432641,0 4.73179446762031,45.7875769117663,0 4.73179729582212,45.7875767782937,0 4.73179999534098,45.78757664679581,0 4.73180268639166,45.7875762452159,0 4.73180538308776,45.7875760236906,0 4.73180807413837,45.78757562211059,0 4.73181076518894,45.7875752205305,0 4.73181345623947,45.7875748189504,0 4.73181614446722,45.7875743273428,0 4.73181882704943,45.78757365568061,0 4.73182151245432,45.78757307404561,0 4.73182406635347,45.7875724043581,0 4.7319555250087,45.78757272870289,0 4.73195642861209,45.78757280490539,0 4.73195656576393,45.7875730730124,0 4.7322907541863,45.7876705340083,0 4.73228248757171,45.7876122050543,0 4.73228174413576,45.78760492074391,0 4.73228086919353,45.7875975483815,0 4.73227999707505,45.7875902660465,0 4.73227938232265,45.78758297976069,0 4.732278636064,45.78757560542301,0 4.73227802131194,45.7875683191373,0 4.73227740373656,45.7875609428242,0 4.73227691766769,45.7875536545632,0 4.7322763029161,45.7875463682774,0 4.73227581684751,45.78753908001631,0 4.73227558814466,45.7875317878046,0 4.7322750992528,45.7875244095162,0 4.73227474186733,45.7875171192798,0 4.73227438165847,45.78750973901609,0 4.73227428163868,45.7875024448291,0 4.73227405293619,45.78749515261731,0 4.73227382141027,45.7874877703783,0 4.73227385007328,45.7874804742159,0 4.73227374723013,45.78747309000149,0 4.73227364721049,45.7874657958145,0 4.73227367587351,45.7874584996521,0 4.73227383321915,45.7874512015144,0 4.73227399338823,45.78744399340399,0 4.73227427941638,45.787436693291,0 4.73227482563308,45.7874294792546,0 4.73227524316708,45.7874222671935,0 4.73227578656002,45.7874149631298,0 4.73227658731787,45.7874076551154,0 4.73227739089899,45.7874004371284,0 4.7322781944799,45.7873932191413,0 4.73227912391958,45.7873859091516,0 4.73228018486496,45.78737868721391,0 4.7322813744925,45.7873714633008,0 4.73228256411973,45.7873642393877,0 4.73228401111145,45.7873570115239,0 4.73228532659691,45.7873496956081,0 4.7322867764114,45.7873425577716,0 4.7322884807667,45.787335325957,0 4.73229018512157,45.7873280941425,0 4.73229214401712,45.7873207683499,0 4.73229410573565,45.78731353258449,0 4.73229632199473,45.7873062028412,0 4.73229853542971,45.7872987830705,0 4.73230075451113,45.7872915433543,0 4.73230309945068,45.78728421163551,0 4.73230544721313,45.7872769699439,0 4.73230792365717,45.7872697262769,0 4.73231052878274,45.78726248063441,0 4.73231313108409,45.7872551449646,0 4.73231573620828,45.7872478993221,0 4.73231847001393,45.7872406517041,0 4.73232133532452,45.7872334921379,0 4.73232420063438,45.78722633257169,0 4.732327191802,45.7872190810028,0 4.73233031729804,45.78721200751289,0 4.73233331128766,45.7872048459711,0 4.73233643678211,45.7871977724811,0 4.7323398168162,45.7871906050129,0 4.73234418959878,45.7871822513864,0 4.73234856520363,45.787173987787,0 
							</coordinates>
						</LinearRing>
					</outerBoundaryIs>
				</Polygon>
			</MultiGeometry>
		</Placemark>
		<Placemark id="personne_morale.56324">
<styleUrl>#personne_morale</styleUrl>			<visibility>0</visibility>
			<ExtendedData>
				<SchemaData schemaUrl="#personne_morale">
					<SimpleData name="Numero de Parcelle">69044000AT0030</SimpleData>
					<SimpleData name="Departement">69</SimpleData>
					<SimpleData name="Commune">CHARBONNIERES-LES-BAINS</SimpleData>
					<SimpleData name="Adresse">GDES BRUYERES</SimpleData>
					<SimpleData name="Groupe de personne">Personnes morales non remarquables</SimpleData>
					<SimpleData name="Forme Juridique Abregee">AUPM</SimpleData>
					<SimpleData name="Denomination">ASS SYNDICALE LIBRE DES HAUTINIERES</SimpleData>
				</SchemaData>
			</ExtendedData>
	<Region>
		<LatLonAltBox>
			<north> 45.7787019519341 </north>
			<south> 45.77684745292621 </south>
			<east> 4.73549549960819 </east>
			<west> 4.73311314837086 </west>
		</LatLonAltBox>
		<Lod>
			<minLodPixels>100</minLodPixels>
			<maxLodPixels>-1</maxLodPixels>
		</Lod>
	</Region>
			<MultiGeometry>
				<Polygon><altitudeMode>relativeToGround</altitudeMode>
					<outerBoundaryIs>
						<LinearRing>
							<coordinates>								4.73358639461568,45.7783247215843,0 4.73374763251342,45.7783845730045,0 4.7339186390591,45.7784480570481,0 4.73394911887177,45.7784594779719,0 4.73397488492964,45.7784683592797,0 4.73401260655461,45.7784808398131,0 4.73422362900778,45.7785396552412,0 4.73428173017938,45.7785534437194,0 4.73445399652923,45.7785914176076,0 4.73448613929353,45.7785983993636,0 4.73479029146271,45.7786468650793,0 4.73486625855892,45.77865569489271,0 4.73492787633372,45.7786625836005,0 4.7350018654752,45.7786699125354,0 4.73505648463377,45.7786752875189,0 4.73510269269682,45.77867926062,0 4.73549549960819,45.7787019519341,0 4.73548211016606,45.7786854948038,0 4.73516351875934,45.7786691380159,0 4.73509772861869,45.7786646554361,0 4.73503498113735,45.7786586848993,0 4.73497806021785,45.7786537956529,0 4.73481153066962,45.7786345591216,0 4.73470059871723,45.77861906118629,0 4.73449267717359,45.7785852386135,0 4.7344661347154,45.77858033246601,0 4.7342231711625,45.7785250708317,0 4.73403830647344,45.77847531081859,0 4.73399227985666,45.77846070616009,0 4.73370506186628,45.7783570350246,0 4.73355682453221,45.7782971639428,0 4.7334636722125,45.77825752291509,0 4.73343587189631,45.7782453401327,0 4.73340894114669,45.7782321532074,0 4.73338314293627,45.7782181382412,0 4.73335821146892,45.7782030291064,0 4.73333454402741,45.7781871799827,0 4.73331187764023,45.7781704147695,0 4.73329073542534,45.7781529956433,0 4.73327085441099,45.7781347465033,0 4.73325223742143,45.77811575737741,0 4.73323501876606,45.7780962063443,0 4.73321932428012,45.7780760014011,0 4.73320503095083,45.7780553245792,0 4.73319227026215,45.77803426393,0 4.73318116522424,45.7780126374232,0 4.73317132985382,45.7779904509884,0 4.73316362084617,45.7779703935851,0 4.73315668098247,45.777950234296,0 4.7331506360979,45.7779298811177,0 4.73314549184037,45.77790951410489,0 4.73314124820889,45.7778891332576,0 4.73313776806897,45.7778684704706,0 4.73313518855324,45.7778477938493,0 4.73313350966068,45.7778271033938,0 4.7331327285659,45.7778063090769,0 4.73313272508097,45.7777856829566,0 4.73313374805192,45.7777649509987,0 4.7331355458064,45.7777442972101,0 4.73313811551916,45.7777236315636,0 4.7331417145091,45.7777029501066,0 4.73314621693963,45.77768234484239,0 4.73316081220864,45.7776387966737,0 4.73324158897318,45.77740301191471,0 4.733254178932,45.7773694023065,0 4.73328608196901,45.7772908209751,0 4.7333163983671,45.7772191093761,0 4.73336172771596,45.7771171736064,0 4.73349330525886,45.7768513352297,0 4.73347632112933,45.77684745292621,0 4.73345418069472,45.7768925581938,0 4.733369328636,45.77706814848131,0 4.73328025261516,45.77725272057981,0 4.73326385787005,45.7772922432314,0 4.73324936629518,45.77732678275951,0 4.73323124060577,45.7773767801893,0 4.73319459156107,45.7774846172923,0 4.73312825978794,45.7776802788417,0 4.733127793163,45.77768181721011,0 4.73312539916301,45.77769167168191,0 4.73312326813067,45.7777017022556,0 4.73312139159302,45.7777116388494,0 4.73311964371462,45.7777215734668,0 4.73311815597987,45.777731594159,0 4.73311679690455,45.77774161287479,0 4.73311569514875,45.777751627638,0 4.73311459339255,45.7777616424012,0 4.73311400910051,45.7777717392865,0 4.73311355064397,45.7777817441683,0 4.73311322367171,45.77779183710101,0 4.73311314837086,45.77780174602669,0 4.73311333603899,45.77781183105429,0 4.73311365236735,45.7778219141056,0 4.73311422319184,45.7778319031771,0 4.73311461608164,45.7778362205322,0 4.73311505416133,45.77784197832321,0 4.73311601379136,45.7778520514931,0 4.7331172279179,45.7778620306832,0 4.7331187021898,45.7778720959478,0 4.73312030229818,45.777882069209,0 4.73312215972779,45.7778920385176,0 4.73312427447877,45.7779020038734,0 4.7331265178909,45.777911967253,0 4.73312888431545,45.7779217486017,0 4.7331316395465,45.7779316140488,0 4.73313452343898,45.7779414775194,0 4.73313753599295,45.7779513390137,0 4.73314080586898,45.7779611965552,0 4.73314432741836,45.7779708700895,0 4.73314810911447,45.7779806296983,0 4.73315201664804,45.7779902973035,0 4.73315605284356,45.7779999629321,0 4.73316034353724,45.7780095345807,0 4.7331642087082,45.7780178517768,0 4.73316931091102,45.7780286719483,0 4.73317423361469,45.77803787360569,0 4.73317941929033,45.7780472513646,0 4.73318499094987,45.7780566231941,0 4.73319081145926,45.7780657209889,0 4.73319688929208,45.7780748148307,0 4.73320335310922,45.77808390274291,0 4.73320993711568,45.7780927185967,0 4.73321690710668,45.7781015285209,0 4.73322400293618,45.77811024644101,0 4.73323148192592,45.7781188684041,0 4.733239209766,45.7781272163321,0 4.73324719775479,45.77813565033399,0 4.73325464003169,45.7781431019415,0 4.73326392875753,45.77815196631401,0 4.73327267177154,45.77815984829181,0 4.73328166646067,45.77816754626159,0 4.73329079263796,45.77817533228149,0 4.73330016766577,45.7781828442658,0 4.73330992585448,45.7781902602926,0 4.73331980705742,45.7781974942876,0 4.73333007142136,45.77820463232489,0 4.7333403273137,45.7782115002795,0 4.73335096919183,45.7782183623035,0 4.73336173125935,45.7782249522683,0 4.73337261916574,45.77823145022819,0 4.7333838845836,45.7782376721755,0 4.733395150004,45.7782438941217,0 4.73342599143917,45.7782586422413,0 4.73351322685035,45.7782943210281,0 4.73358639461568,45.7783247215843,0 
							</coordinates>
						</LinearRing>
					</outerBoundaryIs>
				</Polygon>
			</MultiGeometry>
		</Placemark>
		<Placemark id="personne_morale.56841">
<styleUrl>#personne_morale</styleUrl>			<visibility>0</visibility>
			<ExtendedData>
				<SchemaData schemaUrl="#personne_morale">
					<SimpleData name="Numero de Parcelle">69044000AA0303</SimpleData>
					<SimpleData name="Departement">69</SimpleData>
					<SimpleData name="Commune">CHARBONNIERES-LES-BAINS</SimpleData>
					<SimpleData name="Adresse">33, RTE DE PARIS</SimpleData>
					<SimpleData name="Groupe de personne">Personnes morales non remarquables</SimpleData>
					<SimpleData name="Forme Juridique Abregee">SCI</SimpleData>
					<SimpleData name="Denomination">MAISBO</SimpleData>
				</SchemaData>
			</ExtendedData>
	<Region>
		<LatLonAltBox>
			<north> 45.7876237896644 </north>
			<south> 45.7873216839089 </south>
			<east> 4.74753963511586 </east>
			<west> 4.74711342594733 </west>
		</LatLonAltBox>
		<Lod>
			<minLodPixels>100</minLodPixels>
			<maxLodPixels>-1</maxLodPixels>
		</Lod>
	</Region>
			<MultiGeometry>
				<Polygon><altitudeMode>relativeToGround</altitudeMode>
					<outerBoundaryIs>
						<LinearRing>
							<coordinates>								4.74729413052299,45.7873216839089,0 4.74711342594733,45.7874617499528,0 4.74720614030965,45.7875233642316,0 4.74735763190861,45.7876237896644,0 4.74753963511586,45.7874800102047,0 4.74729413052299,45.7873216839089,0 
							</coordinates>
						</LinearRing>
					</outerBoundaryIs>
				</Polygon>
			</MultiGeometry>
		</Placemark>
		<Placemark id="personne_morale.56955">
<styleUrl>#personne_morale</styleUrl>			<visibility>0</visibility>
			<ExtendedData>
				<SchemaData schemaUrl="#personne_morale">
					<SimpleData name="Numero de Parcelle">69044000AA0304</SimpleData>
					<SimpleData name="Departement">69</SimpleData>
					<SimpleData name="Commune">CHARBONNIERES-LES-BAINS</SimpleData>
					<SimpleData name="Adresse">33, RTE DE PARIS</SimpleData>
					<SimpleData name="Groupe de personne">Personnes morales non remarquables</SimpleData>
					<SimpleData name="Forme Juridique Abregee">SCI</SimpleData>
					<SimpleData name="Denomination">CHARBO</SimpleData>
				</SchemaData>
			</ExtendedData>
	<Region>
		<LatLonAltBox>
			<north> 45.7879144226113 </north>
			<south> 45.78715405354199 </south>
			<east> 4.74811469829532 </east>
			<west> 4.74729413052299 </west>
		</LatLonAltBox>
		<Lod>
			<minLodPixels>100</minLodPixels>
			<maxLodPixels>-1</maxLodPixels>
		</Lod>
	</Region>
			<MultiGeometry>
				<Polygon><altitudeMode>relativeToGround</altitudeMode>
					<outerBoundaryIs>
						<LinearRing>
							<coordinates>								4.74735763190861,45.7876237896644,0 4.74779555122562,45.7879144226113,0 4.74811469829532,45.7875966625091,0 4.74796639253466,45.7875074476056,0 4.74802031601743,45.7874579739821,0 4.74770553156161,45.787270728033,0 4.74750988181617,45.78715405354199,0 4.74729413052299,45.7873216839089,0 4.74753963511586,45.7874800102047,0 4.74735763190861,45.7876237896644,0 
							</coordinates>
						</LinearRing>
					</outerBoundaryIs>
				</Polygon>
			</MultiGeometry>
		</Placemark>
		<Placemark id="personne_morale.57719">
<styleUrl>#personne_morale</styleUrl>			<visibility>0</visibility>
			<ExtendedData>
				<SchemaData schemaUrl="#personne_morale">
					<SimpleData name="Numero de Parcelle">69044000AH0031</SimpleData>
					<SimpleData name="Departement">69</SimpleData>
					<SimpleData name="Commune">CHARBONNIERES-LES-BAINS</SimpleData>
					<SimpleData name="Adresse">LA COMBE</SimpleData>
					<SimpleData name="Groupe de personne">Personnes morales non remarquables</SimpleData>
					<SimpleData name="Forme Juridique Abregee">SC</SimpleData>
					<SimpleData name="Denomination">CHARBONNIERES 77</SimpleData>
				</SchemaData>
			</ExtendedData>
	<Region>
		<LatLonAltBox>
			<north> 45.78335103858129 </north>
			<south> 45.78239419133899 </south>
			<east> 4.74751628038629 </east>
			<west> 4.74739293068304 </west>
		</LatLonAltBox>
		<Lod>
			<minLodPixels>100</minLodPixels>
			<maxLodPixels>-1</maxLodPixels>
		</Lod>
	</Region>
			<MultiGeometry>
				<Polygon><altitudeMode>relativeToGround</altitudeMode>
					<outerBoundaryIs>
						<LinearRing>
							<coordinates>								4.74745406567274,45.78335103858129,0 4.74749437163692,45.78305435097511,0 4.74751628038629,45.78289233421629,0 4.74740319888704,45.78239419133899,0 4.74741232899455,45.7827072268422,0 4.74740083624895,45.7830072512035,0 4.74739293068304,45.7833392852957,0 4.7474259614642,45.78334570925811,0 4.74745406567274,45.78335103858129,0 
							</coordinates>
						</LinearRing>
					</outerBoundaryIs>
				</Polygon>
			</MultiGeometry>
		</Placemark>
		<Placemark id="personne_morale.57739">
<styleUrl>#personne_morale</styleUrl>			<visibility>0</visibility>
			<ExtendedData>
				<SchemaData schemaUrl="#personne_morale">
					<SimpleData name="Numero de Parcelle">69044000AK0031</SimpleData>
					<SimpleData name="Departement">69</SimpleData>
					<SimpleData name="Commune">CHARBONNIERES-LES-BAINS</SimpleData>
					<SimpleData name="Adresse">12, CHE ST ROCH</SimpleData>
					<SimpleData name="Groupe de personne">Personnes morales non remarquables</SimpleData>
					<SimpleData name="Forme Juridique Abregee">AUPM</SimpleData>
					<SimpleData name="Denomination">REGIE IMMOBILIERE LESPINASSE</SimpleData>
				</SchemaData>
			</ExtendedData>
	<Region>
		<LatLonAltBox>
			<north> 45.7793817966996 </north>
			<south> 45.7784742118802 </south>
			<east> 4.74699483111435 </east>
			<west> 4.74567638531577 </west>
		</LatLonAltBox>
		<Lod>
			<minLodPixels>100</minLodPixels>
			<maxLodPixels>-1</maxLodPixels>
		</Lod>
	</Region>
			<MultiGeometry>
				<Polygon><altitudeMode>relativeToGround</altitudeMode>
					<outerBoundaryIs>
						<LinearRing>
							<coordinates>								4.74567638531577,45.7787773691552,0 4.74628152905877,45.779323292461,0 4.74631654914232,45.7793560767126,0 4.74632276991947,45.7793614747615,0 4.74632593752523,45.7793639477228,0 4.74633093772305,45.7793673831012,0 4.74633801930216,45.7793715068329,0 4.74634548118027,45.7793754445362,0 4.74635589093167,45.7793789763294,0 4.74636586631185,45.7793809836384,0 4.74637734865397,45.7793817966996,0 4.74638609206774,45.77938148122961,0 4.74639750325812,45.7793800436159,0 4.74640581229787,45.779378203661,0 4.74641383839544,45.7793755574462,0 4.74649823990468,45.7793456985501,0 4.74678020574248,45.7792456783379,0 4.74699483111435,45.7791695781026,0 4.74677275011306,45.7789284737108,0 4.74657115895572,45.7787124517556,0 4.74647091306024,45.77860348639929,0 4.74635599460144,45.7784742118802,0 4.74602826003874,45.7786492478876,0 4.74567638531577,45.7787773691552,0 
							</coordinates>
						</LinearRing>
					</outerBoundaryIs>
				</Polygon>
			</MultiGeometry>
		</Placemark>
		<Placemark id="personne_morale.58343">
<styleUrl>#personne_morale</styleUrl>			<visibility>0</visibility>
			<ExtendedData>
				<SchemaData schemaUrl="#personne_morale">
					<SimpleData name="Numero de Parcelle">69044000AI0313</SimpleData>
					<SimpleData name="Departement">69</SimpleData>
					<SimpleData name="Commune">CHARBONNIERES-LES-BAINS</SimpleData>
					<SimpleData name="Adresse">LE BARTHELEMY</SimpleData>
					<SimpleData name="Groupe de personne">Personnes morales non remarquables</SimpleData>
					<SimpleData name="Forme Juridique Abregee">AUPM</SimpleData>
					<SimpleData name="Denomination">ASS SYNDICALE LIBRE DU LOT DES CEDRES</SimpleData>
				</SchemaData>
			</ExtendedData>
	<Region>
		<LatLonAltBox>
			<north> 45.7825015077177 </north>
			<south> 45.7807961963394 </south>
			<east> 4.74141688254275 </east>
			<west> 4.74042572751028 </west>
		</LatLonAltBox>
		<Lod>
			<minLodPixels>100</minLodPixels>
			<maxLodPixels>-1</maxLodPixels>
		</Lod>
	</Region>
			<MultiGeometry>
				<Polygon><altitudeMode>relativeToGround</altitudeMode>
					<outerBoundaryIs>
						<LinearRing>
							<coordinates>								4.74072189521947,45.7813223053851,0 4.74069165848725,45.7813677171886,0 4.74048379935614,45.78164275734061,0 4.74042572751028,45.78171994306311,0 4.74060371639824,45.7817756535454,0 4.74064905145935,45.7817150571014,0 4.74067238318353,45.7815894086487,0 4.74081516340541,45.7813979671339,0 4.74081615303183,45.7813966908744,0 4.7408171426582,45.7813954146149,0 4.74081826378983,45.78139422639741,0 4.74081938492142,45.7813930381799,0 4.74082050605295,45.7813918499624,0 4.74082175585264,45.7813906597598,0 4.74082287982118,45.78138956156931,0 4.74082412962076,45.78138837136671,0 4.7408253822574,45.78138727119109,0 4.74082663205688,45.7813860809885,0 4.74082775602523,45.7813849827979,0 4.74082913732991,45.7813838806372,0 4.74083038996635,45.7813827804616,0 4.7408317684338,45.7813815882738,0 4.74083314973831,45.78138048611299,0 4.74083453387989,45.7813794739793,0 4.74083578651612,45.7813783738036,0 4.7408375566621,45.7813773557146,0 4.74083945547619,45.7813763356405,0 4.74084122845918,45.7813754075785,0 4.74084326161557,45.7813745655733,0 4.74084529193476,45.78137363354099,0 4.74084732792817,45.78137288156289,0 4.74084936675866,45.7813722196117,0 4.74085153425727,45.7813715556754,0 4.74085370743013,45.7813710717932,0 4.74085600927111,45.7813705859258,0 4.7408581824439,45.7813701020435,0 4.74086048712196,45.7813697062032,0 4.74086279463716,45.7813694003898,0 4.74086510215233,45.78136909457641,0 4.74086741534184,45.781368968817,0 4.7408692195331,45.7813690310523,0 4.74087204739518,45.78136889735231,0 4.7408747465891,45.78136876563741,0 4.74087745429459,45.78136890400369,0 4.74088016483729,45.7813691323969,0 4.74088274954906,45.7813694528023,0 4.74088546576623,45.78136986124949,0 4.7408880589897,45.781370451736,0 4.74089039487692,45.7813710461927,0 4.74089299377494,45.78137181673311,0 4.74089533817394,45.781372681271,0 4.74089768541024,45.7813736358358,0 4.74089990681569,45.7813746824127,0 4.74090226256386,45.7813759070586,0 4.74090422947039,45.78137704763299,0 4.74090620205149,45.7813783682613,0 4.74090804880175,45.7813797809019,0 4.74090989271486,45.78138110351539,0 4.7410021231986,45.7815749540694,0 4.7411509137782,45.7819132160885,0 4.74118023240396,45.7819162764426,0 4.74122847049784,45.7820294716991,0 4.74127410955865,45.7822031445869,0 4.7412359683288,45.78220607500469,0 4.74127255963615,45.7824439278907,0 4.74129250449473,45.7824518165561,0 4.74141688254275,45.7825015077177,0 4.74135738195951,45.7821535815485,0 4.74134089836213,45.7820553884873,0 4.74128532596704,45.7819178071855,0 4.74120155492802,45.78171058588259,0 4.7411309196901,45.78155252065991,0 4.74110453264455,45.7814995158133,0 4.74105250332133,45.7813885407163,0 4.74097976385183,45.78123311993681,0 4.74097942966203,45.7811612485633,0 4.74097947320922,45.7811585457663,0 4.74097951675642,45.7811558429692,0 4.7409796861339,45.78115304815981,0 4.74097985834871,45.7811503433774,0 4.74098016206849,45.7811477266369,0 4.74098033428326,45.7811450218546,0 4.74098076383325,45.7811423131017,0 4.7409811933832,45.7811396043489,0 4.7409814942655,45.7811368975813,0 4.74098205248297,45.7811341868432,0 4.74098261070038,45.7811314761051,0 4.74098329758532,45.78112876338169,0 4.74098385863997,45.7811261426707,0 4.74098454552479,45.7811234299473,0 4.74098536391446,45.7811208052657,0 4.74098630813425,45.7811180885718,0 4.74098699785621,45.7811154658754,0 4.74103284979743,45.7810182024572,0 4.74112653291078,45.7810090108104,0 4.74122184852853,45.7809045890108,0 4.74111282818036,45.7808560117813,0 4.74109450268069,45.7808463867607,0 4.74108441088982,45.7808406878763,0 4.74106734369432,45.78083014272699,0 4.74104226893042,45.78081467716499,0 4.74101413837263,45.7807961963394,0 4.74072189521947,45.7813223053851,0 
							</coordinates>
						</LinearRing>
					</outerBoundaryIs>
				</Polygon>
			</MultiGeometry>
		</Placemark>
		<Placemark id="personne_morale.58600">
<styleUrl>#personne_morale</styleUrl>			<visibility>0</visibility>
			<ExtendedData>
				<SchemaData schemaUrl="#personne_morale">
					<SimpleData name="Numero de Parcelle">69044000AI0315</SimpleData>
					<SimpleData name="Departement">69</SimpleData>
					<SimpleData name="Commune">CHARBONNIERES-LES-BAINS</SimpleData>
					<SimpleData name="Adresse">26, CHE DES BROSSES</SimpleData>
					<SimpleData name="Groupe de personne">Personnes morales non remarquables</SimpleData>
					<SimpleData name="Forme Juridique Abregee">SCI</SimpleData>
					<SimpleData name="Denomination">RICDEFREJEAN</SimpleData>
				</SchemaData>
			</ExtendedData>
	<Region>
		<LatLonAltBox>
			<north> 45.7850945564601 </north>
			<south> 45.78459376087729 </south>
			<east> 4.7399831342703 </east>
			<west> 4.73919762438779 </west>
		</LatLonAltBox>
		<Lod>
			<minLodPixels>100</minLodPixels>
			<maxLodPixels>-1</maxLodPixels>
		</Lod>
	</Region>
			<MultiGeometry>
				<Polygon><altitudeMode>relativeToGround</altitudeMode>
					<outerBoundaryIs>
						<LinearRing>
							<coordinates>								4.73945476668697,45.7850945564601,0 4.73948887218319,45.7850819612388,0 4.7399831342703,45.7848990632595,0 4.73984743448629,45.7847189423135,0 4.73975285982988,45.78459376087729,0 4.73921862627162,45.78479096471491,0 4.73919762438779,45.78481903021811,0 4.73931370268267,45.7849811699797,0 4.73939726451474,45.78501419894931,0 4.73945476668697,45.7850945564601,0 
							</coordinates>
						</LinearRing>
					</outerBoundaryIs>
				</Polygon>
			</MultiGeometry>
		</Placemark>
		<Placemark id="personne_morale.60044">
<styleUrl>#personne_morale</styleUrl>			<visibility>0</visibility>
			<ExtendedData>
				<SchemaData schemaUrl="#personne_morale">
					<SimpleData name="Numero de Parcelle">69044000AI0325</SimpleData>
					<SimpleData name="Departement">69</SimpleData>
					<SimpleData name="Commune">CHARBONNIERES-LES-BAINS</SimpleData>
					<SimpleData name="Adresse">78, AV DENIS DELORME</SimpleData>
					<SimpleData name="Groupe de personne">Personnes morales non remarquables</SimpleData>
					<SimpleData name="Forme Juridique Abregee">SCI</SimpleData>
					<SimpleData name="Denomination">FRANCHENORD</SimpleData>
				</SchemaData>
			</ExtendedData>
	<Region>
		<LatLonAltBox>
			<north> 45.7795984290274 </north>
			<south> 45.7792517078019 </south>
			<east> 4.74318316886335 </east>
			<west> 4.74294835070781 </west>
		</LatLonAltBox>
		<Lod>
			<minLodPixels>100</minLodPixels>
			<maxLodPixels>-1</maxLodPixels>
		</Lod>
	</Region>
			<MultiGeometry>
				<Polygon><altitudeMode>relativeToGround</altitudeMode>
					<outerBoundaryIs>
						<LinearRing>
							<coordinates>								4.74294835070781,45.7795167819824,0 4.74295034599516,45.779518822791,0 4.74301554756856,45.7795984290274,0 4.74318316886335,45.7792971644578,0 4.74308337227329,45.7792552920433,0 4.74301220250569,45.7792517078019,0 4.74295627411204,45.77937623908289,0 4.74296078659072,45.7794417409788,0 4.74294835070781,45.7795167819824,0 
							</coordinates>
						</LinearRing>
					</outerBoundaryIs>
				</Polygon>
			</MultiGeometry>
		</Placemark>
		<Placemark id="personne_morale.60367">
<styleUrl>#personne_morale</styleUrl>			<visibility>0</visibility>
			<ExtendedData>
				<SchemaData schemaUrl="#personne_morale">
					<SimpleData name="Numero de Parcelle">69044000AI0328</SimpleData>
					<SimpleData name="Departement">69</SimpleData>
					<SimpleData name="Commune">CHARBONNIERES-LES-BAINS</SimpleData>
					<SimpleData name="Adresse">41, AV LAMARTINE</SimpleData>
					<SimpleData name="Groupe de personne">Personnes morales non remarquables</SimpleData>
					<SimpleData name="Forme Juridique Abregee">SCI</SimpleData>
					<SimpleData name="Denomination">M ET MS</SimpleData>
				</SchemaData>
			</ExtendedData>
	<Region>
		<LatLonAltBox>
			<north> 45.7794861829176 </north>
			<south> 45.7791356327954 </south>
			<east> 4.74171559304116 </east>
			<west> 4.74126009555754 </west>
		</LatLonAltBox>
		<Lod>
			<minLodPixels>100</minLodPixels>
			<maxLodPixels>-1</maxLodPixels>
		</Lod>
	</Region>
			<MultiGeometry>
				<Polygon><altitudeMode>relativeToGround</altitudeMode>
					<outerBoundaryIs>
						<LinearRing>
							<coordinates>								4.74140050045597,45.7791356327954,0 4.74126009555754,45.77924291233209,0 4.74151035766192,45.779382352636,0 4.74151764605431,45.7794297975492,0 4.74161094805952,45.7794861829176,0 4.74171559304116,45.7794042244341,0 4.74156399706295,45.7793157730066,0 4.7415608921028,45.7792907812366,0 4.74159465388758,45.7792633289351,0 4.74159411936693,45.7792627066897,0 4.7415927731315,45.7792608359815,0 4.74159155555936,45.77925896328721,0 4.74159059247547,45.7792569965941,0 4.74158988671804,45.77925502592899,0 4.74158917812242,45.77925296523689,0 4.74158872685324,45.7792509005729,0 4.74158853291046,45.77924883193699,0 4.74158859629405,45.7792467593292,0 4.74158891700399,45.7792446827495,0 4.74158923771391,45.7792426061698,0 4.74158981291189,45.77924043559109,0 4.74159065111263,45.7792384410947,0 4.74159174947788,45.7792365326533,0 4.7415929765062,45.77923462222599,0 4.74159433503584,45.77923279983969,0 4.74159595089167,45.77923097348151,0 4.74159770108705,45.7792293251914,0 4.74159971144686,45.7792277629564,0 4.74160172464482,45.7792262907484,0 4.74160399800719,45.7792249045955,0 4.74160640003258,45.7792235164565,0 4.74160754380935,45.7792230484476,0 4.7415526916754,45.7791694923103,0 4.74149177635357,45.7791849339254,0 4.74146985917886,45.7791797778807,0 4.74140050045597,45.7791356327954,0 
							</coordinates>
						</LinearRing>
					</outerBoundaryIs>
				</Polygon>
			</MultiGeometry>
		</Placemark>
		<Placemark id="personne_morale.60472">
<styleUrl>#personne_morale</styleUrl>			<visibility>0</visibility>
			<ExtendedData>
				<SchemaData schemaUrl="#personne_morale">
					<SimpleData name="Numero de Parcelle">69044000AI0329</SimpleData>
					<SimpleData name="Departement">69</SimpleData>
					<SimpleData name="Commune">CHARBONNIERES-LES-BAINS</SimpleData>
					<SimpleData name="Adresse">23, AV GEN DE GAULLE</SimpleData>
					<SimpleData name="Groupe de personne">Personnes morales non remarquables</SimpleData>
					<SimpleData name="Forme Juridique Abregee">SAS</SimpleData>
					<SimpleData name="Denomination">FONCIA LYON OUEST</SimpleData>
				</SchemaData>
			</ExtendedData>
	<Region>
		<LatLonAltBox>
			<north> 45.7842359482519 </north>
			<south> 45.7841449067851 </south>
			<east> 4.73627554022733 </east>
			<west> 4.73604996538496 </west>
		</LatLonAltBox>
		<Lod>
			<minLodPixels>100</minLodPixels>
			<maxLodPixels>-1</maxLodPixels>
		</Lod>
	</Region>
			<MultiGeometry>
				<Polygon><altitudeMode>relativeToGround</altitudeMode>
					<outerBoundaryIs>
						<LinearRing>
							<coordinates>								4.7361440835127,45.7842254685628,0 4.73625911776277,45.7842359482519,0 4.73627554022733,45.7841727361215,0 4.73615746452513,45.7841596911951,0 4.73615812338819,45.7841560782287,0 4.73605877350029,45.7841449067851,0 4.73604996538496,45.7842169187374,0 4.7361440835127,45.7842254685628,0 
							</coordinates>
						</LinearRing>
					</outerBoundaryIs>
				</Polygon>
			</MultiGeometry>
		</Placemark>
		<Placemark id="personne_morale.60608">
<styleUrl>#personne_morale</styleUrl>			<visibility>0</visibility>
			<ExtendedData>
				<SchemaData schemaUrl="#personne_morale">
					<SimpleData name="Numero de Parcelle">69044000AH0033</SimpleData>
					<SimpleData name="Departement">69</SimpleData>
					<SimpleData name="Commune">CHARBONNIERES-LES-BAINS</SimpleData>
					<SimpleData name="Adresse">21, AV DENIS DELORME</SimpleData>
					<SimpleData name="Groupe de personne">Personnes morales non remarquables</SimpleData>
					<SimpleData name="Forme Juridique Abregee">SCI</SimpleData>
					<SimpleData name="Denomination">LE PINSON</SimpleData>
				</SchemaData>
			</ExtendedData>
	<Region>
		<LatLonAltBox>
			<north> 45.784366718165 </north>
			<south> 45.7831851224287 </south>
			<east> 4.7474259614642 </east>
			<west> 4.74633753930893 </west>
		</LatLonAltBox>
		<Lod>
			<minLodPixels>100</minLodPixels>
			<maxLodPixels>-1</maxLodPixels>
		</Lod>
	</Region>
			<MultiGeometry>
				<Polygon><altitudeMode>relativeToGround</altitudeMode>
					<outerBoundaryIs>
						<LinearRing>
							<coordinates>								4.74739293068304,45.7833392852957,0 4.74710241899522,45.78328370630351,0 4.74697276946189,45.783258872437,0 4.7465875786735,45.7831851224287,0 4.74655938428271,45.7833723660619,0 4.74655458576968,45.7833956786492,0 4.74654927029356,45.7834148559723,0 4.74654813158649,45.7834195572888,0 4.74654686135997,45.7834241705698,0 4.7465457226525,45.7834288718862,0 4.74654432659934,45.7834335771858,0 4.74654292769941,45.78343819245841,0 4.74654153164577,45.783442897758,0 4.74654013274537,45.78344751303061,0 4.74653873384474,45.7834521283032,0 4.74653720911759,45.7834568355943,0 4.74653568439017,45.78346154288529,0 4.74653402814315,45.783466162141,0 4.7465325005687,45.7834707794051,0 4.74653084147462,45.7834753086339,0 4.74652918238027,45.7834798378626,0 4.74652739745929,45.7834844591098,0 4.74652561253801,45.783489080357,0 4.74652382476992,45.7834936115772,0 4.74652191402164,45.7834983248428,0 4.74652012625296,45.783502856063,0 4.7465168598782,45.7835094818013,0 4.74651371932912,45.78351601552111,0 4.74651058162578,45.7835226392678,0 4.74650718657574,45.78352926699741,0 4.74650378867841,45.7835358047001,0 4.74650039078027,45.7835423424026,0 4.74649686136184,45.7835487920697,0 4.74649333763551,45.7835554217905,0 4.74648967954237,45.7835618734489,0 4.74648615012144,45.7835683231156,0 4.74648249202661,45.7835747747737,0 4.74647857658473,45.7835812304148,0 4.74647491848816,45.7835876820727,0 4.74647100019805,45.7835940476866,0 4.74646708190704,45.7836004133004,0 4.74646316646154,45.7836068689409,0 4.74645899082237,45.78361323853739,0 4.74645494385543,45.78361960614231,0 4.74645089404116,45.78362588371999,0 4.74637168250531,45.7837468140005,0 4.74633753930893,45.78379886301279,0 4.74634532234259,45.7838007241233,0 4.74669195710148,45.7838804761052,0 4.74673906255498,45.78390451646401,0 4.74682437286438,45.7839479611464,0 4.74686014428498,45.7843015665571,0 4.74713744636383,45.784366718165,0 4.74718935052878,45.7842819683393,0 4.74721089497085,45.7838112839485,0 4.747262804541,45.7838121915268,0 4.74735831024703,45.7834209753871,0 4.7474259614642,45.78334570925811,0 4.74739293068304,45.7833392852957,0 
							</coordinates>
						</LinearRing>
					</outerBoundaryIs>
				</Polygon>
			</MultiGeometry>
		</Placemark>
		<Placemark id="personne_morale.61083">
<styleUrl>#personne_morale</styleUrl>			<visibility>0</visibility>
			<ExtendedData>
				<SchemaData schemaUrl="#personne_morale">
					<SimpleData name="Numero de Parcelle">69044000AI0332</SimpleData>
					<SimpleData name="Departement">69</SimpleData>
					<SimpleData name="Commune">CHARBONNIERES-LES-BAINS</SimpleData>
					<SimpleData name="Adresse">23, AV GEN DE GAULLE</SimpleData>
					<SimpleData name="Groupe de personne">Personnes morales non remarquables</SimpleData>
					<SimpleData name="Forme Juridique Abregee">SAS</SimpleData>
					<SimpleData name="Denomination">FONCIA LYON OUEST</SimpleData>
				</SchemaData>
			</ExtendedData>
	<Region>
		<LatLonAltBox>
			<north> 45.7842169187374 </north>
			<south> 45.7839025782708 </south>
			<east> 4.73633847032411 </east>
			<west> 4.7358964469528 </west>
		</LatLonAltBox>
		<Lod>
			<minLodPixels>100</minLodPixels>
			<maxLodPixels>-1</maxLodPixels>
		</Lod>
	</Region>
			<MultiGeometry>
				<Polygon><altitudeMode>relativeToGround</altitudeMode>
					<outerBoundaryIs>
						<LinearRing>
							<coordinates>								4.7358964469528,45.7840592248032,0 4.73593930838123,45.78406306897429,0 4.73591273122343,45.7842046186549,0 4.73604996538496,45.7842169187374,0 4.73605877350029,45.7841449067851,0 4.73615812338819,45.7841560782287,0 4.73615746452513,45.7841596911951,0 4.73627554022733,45.7841727361215,0 4.73629630329822,45.7840919834772,0 4.73630394038091,45.7840933070969,0 4.7363117167744,45.78406220310829,0 4.73633847032411,45.7839549675534,0 4.73592074732923,45.7839025782708,0 4.7359164434734,45.7839294855556,0 4.7358964469528,45.7840592248032,0 
							</coordinates>
						</LinearRing>
					</outerBoundaryIs>
				</Polygon>
			</MultiGeometry>
		</Placemark>
		<Placemark id="personne_morale.61209">
<styleUrl>#personne_morale</styleUrl>			<visibility>0</visibility>
			<ExtendedData>
				<SchemaData schemaUrl="#personne_morale">
					<SimpleData name="Numero de Parcelle">69044000AI0333</SimpleData>
					<SimpleData name="Departement">69</SimpleData>
					<SimpleData name="Commune">CHARBONNIERES-LES-BAINS</SimpleData>
					<SimpleData name="Adresse">23, AV GEN DE GAULLE</SimpleData>
					<SimpleData name="Groupe de personne">Personnes morales non remarquables</SimpleData>
					<SimpleData name="Forme Juridique Abregee">SCI</SimpleData>
					<SimpleData name="Denomination">LE MAZARIN</SimpleData>
				</SchemaData>
			</ExtendedData>
	<Region>
		<LatLonAltBox>
			<north> 45.7840592248032 </north>
			<south> 45.7839294855556 </south>
			<east> 4.7359164434734 </east>
			<west> 4.73589515737766 </west>
		</LatLonAltBox>
		<Lod>
			<minLodPixels>100</minLodPixels>
			<maxLodPixels>-1</maxLodPixels>
		</Lod>
	</Region>
			<MultiGeometry>
				<Polygon><altitudeMode>relativeToGround</altitudeMode>
					<outerBoundaryIs>
						<LinearRing>
							<coordinates>								4.7359164434734,45.7839294855556,0 4.73589515737766,45.7840591545706,0 4.7358964469528,45.7840592248032,0 4.7359164434734,45.7839294855556,0 
							</coordinates>
						</LinearRing>
					</outerBoundaryIs>
				</Polygon>
			</MultiGeometry>
		</Placemark>
		<Placemark id="personne_morale.61326">
<styleUrl>#personne_morale</styleUrl>			<visibility>0</visibility>
			<ExtendedData>
				<SchemaData schemaUrl="#personne_morale">
					<SimpleData name="Numero de Parcelle">69044000AI0334</SimpleData>
					<SimpleData name="Departement">69</SimpleData>
					<SimpleData name="Commune">CHARBONNIERES-LES-BAINS</SimpleData>
					<SimpleData name="Adresse">23, AV GEN DE GAULLE</SimpleData>
					<SimpleData name="Groupe de personne">Personnes morales non remarquables</SimpleData>
					<SimpleData name="Forme Juridique Abregee">SAS</SimpleData>
					<SimpleData name="Denomination">FONCIA LYON OUEST</SimpleData>
				</SchemaData>
			</ExtendedData>
	<Region>
		<LatLonAltBox>
			<north> 45.7842046186549 </north>
			<south> 45.7840592248032 </south>
			<east> 4.73593930838123 </east>
			<west> 4.73587934027864 </west>
		</LatLonAltBox>
		<Lod>
			<minLodPixels>100</minLodPixels>
			<maxLodPixels>-1</maxLodPixels>
		</Lod>
	</Region>
			<MultiGeometry>
				<Polygon><altitudeMode>relativeToGround</altitudeMode>
					<outerBoundaryIs>
						<LinearRing>
							<coordinates>								4.73591273122343,45.7842046186549,0 4.73593930838123,45.78406306897429,0 4.7358964469528,45.7840592248032,0 4.73587934027864,45.784166221769,0 4.73591273122343,45.7842046186549,0 
							</coordinates>
						</LinearRing>
					</outerBoundaryIs>
				</Polygon>
			</MultiGeometry>
		</Placemark>
		<Placemark id="personne_morale.62404">
<styleUrl>#personne_morale</styleUrl>			<visibility>0</visibility>
			<ExtendedData>
				<SchemaData schemaUrl="#personne_morale">
					<SimpleData name="Numero de Parcelle">69044000AA0342</SimpleData>
					<SimpleData name="Departement">69</SimpleData>
					<SimpleData name="Commune">CHARBONNIERES-LES-BAINS</SimpleData>
					<SimpleData name="Adresse">41, RTE DE PARIS</SimpleData>
					<SimpleData name="Groupe de personne">Personnes morales non remarquables</SimpleData>
					<SimpleData name="Forme Juridique Abregee">AUPM</SimpleData>
					<SimpleData name="Denomination">ASSOCIES DU LOTISSEMENT 41 RTE DE PARIS 044</SimpleData>
				</SchemaData>
			</ExtendedData>
	<Region>
		<LatLonAltBox>
			<north> 45.7857964563145 </north>
			<south> 45.7857228234056 </south>
			<east> 4.74871875182439 </east>
			<west> 4.74863180764352 </west>
		</LatLonAltBox>
		<Lod>
			<minLodPixels>100</minLodPixels>
			<maxLodPixels>-1</maxLodPixels>
		</Lod>
	</Region>
			<MultiGeometry>
				<Polygon><altitudeMode>relativeToGround</altitudeMode>
					<outerBoundaryIs>
						<LinearRing>
							<coordinates>								4.74866704330164,45.7857228234056,0 4.74863180764352,45.7857850680891,0 4.74868739819089,45.7857964563145,0 4.74871875182439,45.7857498540634,0 4.74866704330164,45.7857228234056,0 
							</coordinates>
						</LinearRing>
					</outerBoundaryIs>
				</Polygon>
			</MultiGeometry>
		</Placemark>
		<Placemark id="personne_morale.62513">
<styleUrl>#personne_morale</styleUrl>			<visibility>0</visibility>
			<ExtendedData>
				<SchemaData schemaUrl="#personne_morale">
					<SimpleData name="Numero de Parcelle">69044000AA0343</SimpleData>
					<SimpleData name="Departement">69</SimpleData>
					<SimpleData name="Commune">CHARBONNIERES-LES-BAINS</SimpleData>
					<SimpleData name="Adresse">41, RTE DE PARIS</SimpleData>
					<SimpleData name="Groupe de personne">Personnes morales non remarquables</SimpleData>
					<SimpleData name="Forme Juridique Abregee">AUPM</SimpleData>
					<SimpleData name="Denomination">ASSOCIES DU LOTISSEMENT 41 RTE DE PARIS 044</SimpleData>
				</SchemaData>
			</ExtendedData>
	<Region>
		<LatLonAltBox>
			<north> 45.7857122662471 </north>
			<south> 45.785661809518 </south>
			<east> 4.74864952811349 </east>
			<west> 4.74857342856764 </west>
		</LatLonAltBox>
		<Lod>
			<minLodPixels>100</minLodPixels>
			<maxLodPixels>-1</maxLodPixels>
		</Lod>
	</Region>
			<MultiGeometry>
				<Polygon><altitudeMode>relativeToGround</altitudeMode>
					<outerBoundaryIs>
						<LinearRing>
							<coordinates>								4.74859378918959,45.785661809518,0 4.74857342856764,45.7856977931512,0 4.74862757178098,45.7857122662471,0 4.74864952811349,45.78570228841031,0 4.74859378918959,45.785661809518,0 
							</coordinates>
						</LinearRing>
					</outerBoundaryIs>
				</Polygon>
			</MultiGeometry>
		</Placemark>
		<Placemark id="personne_morale.64489">
<styleUrl>#personne_morale</styleUrl>			<visibility>0</visibility>
			<ExtendedData>
				<SchemaData schemaUrl="#personne_morale">
					<SimpleData name="Numero de Parcelle">69044000AA0036</SimpleData>
					<SimpleData name="Departement">69</SimpleData>
					<SimpleData name="Commune">CHARBONNIERES-LES-BAINS</SimpleData>
					<SimpleData name="Adresse">BRUSSILLAY</SimpleData>
					<SimpleData name="Groupe de personne">Personnes morales non remarquables</SimpleData>
					<SimpleData name="Forme Juridique Abregee">SCI</SimpleData>
					<SimpleData name="Denomination">SCI DU PARC DU BUCLAY</SimpleData>
				</SchemaData>
			</ExtendedData>
	<Region>
		<LatLonAltBox>
			<north> 45.7883742002904 </north>
			<south> 45.7879698589001 </south>
			<east> 4.74709571439127 </east>
			<west> 4.74659641741741 </west>
		</LatLonAltBox>
		<Lod>
			<minLodPixels>100</minLodPixels>
			<maxLodPixels>-1</maxLodPixels>
		</Lod>
	</Region>
			<MultiGeometry>
				<Polygon><altitudeMode>relativeToGround</altitudeMode>
					<outerBoundaryIs>
						<LinearRing>
							<coordinates>								4.74659641741741,45.7880001812307,0 4.74706371611999,45.7883730474919,0 4.74707070493594,45.7883742002904,0 4.74709571439127,45.7883385953384,0 4.74688872752729,45.788172916467,0 4.74685689187016,45.78814737874701,0 4.74663511241775,45.7879698589001,0 4.74659641741741,45.7880001812307,0 
							</coordinates>
						</LinearRing>
					</outerBoundaryIs>
				</Polygon>
			</MultiGeometry>
		</Placemark>
		<Placemark id="personne_morale.64516">
<styleUrl>#personne_morale</styleUrl>			<visibility>0</visibility>
			<ExtendedData>
				<SchemaData schemaUrl="#personne_morale">
					<SimpleData name="Numero de Parcelle">69044000AE0036</SimpleData>
					<SimpleData name="Departement">69</SimpleData>
					<SimpleData name="Commune">CHARBONNIERES-LES-BAINS</SimpleData>
					<SimpleData name="Adresse">CHE DU SIROUX</SimpleData>
					<SimpleData name="Groupe de personne">Personnes morales non remarquables</SimpleData>
					<SimpleData name="Forme Juridique Abregee">SAS</SimpleData>
					<SimpleData name="Denomination">SIER</SimpleData>
				</SchemaData>
			</ExtendedData>
	<Region>
		<LatLonAltBox>
			<north> 45.7822467004423 </north>
			<south> 45.7819972280588 </south>
			<east> 4.75246046560165 </east>
			<west> 4.75088785368107 </west>
		</LatLonAltBox>
		<Lod>
			<minLodPixels>100</minLodPixels>
			<maxLodPixels>-1</maxLodPixels>
		</Lod>
	</Region>
			<MultiGeometry>
				<Polygon><altitudeMode>relativeToGround</altitudeMode>
					<outerBoundaryIs>
						<LinearRing>
							<coordinates>								4.75093142822232,45.7819972280588,0 4.75091293281526,45.78206353716801,0 4.75088785368107,45.78215363713029,0 4.7509727891318,45.7821649291176,0 4.75116722153741,45.78219073457001,0 4.75151988807511,45.7822375021042,0 4.75153477963701,45.7821793552258,0 4.75184090431682,45.782183339852,0 4.75199055549991,45.7821853397824,0 4.75237047935107,45.78219042887289,0 4.75241835095827,45.7822467004423,0 4.75246046560165,45.78209715879269,0 4.75238640206701,45.7821364091263,0 4.75195327240083,45.7821300745636,0 4.7516603952593,45.78212570445369,0 4.75147568619464,45.7821223567727,0 4.75148906206866,45.78206918733841,0 4.75093142822232,45.7819972280588,0 
							</coordinates>
						</LinearRing>
					</outerBoundaryIs>
				</Polygon>
			</MultiGeometry>
		</Placemark>
		<Placemark id="personne_morale.65109">
<styleUrl>#personne_morale</styleUrl>			<visibility>0</visibility>
			<ExtendedData>
				<SchemaData schemaUrl="#personne_morale">
					<SimpleData name="Numero de Parcelle">69044000AA0364</SimpleData>
					<SimpleData name="Departement">69</SimpleData>
					<SimpleData name="Commune">CHARBONNIERES-LES-BAINS</SimpleData>
					<SimpleData name="Adresse">9003, CHE DES CHALETS</SimpleData>
					<SimpleData name="Groupe de personne">Personnes morales non remarquables</SimpleData>
					<SimpleData name="Forme Juridique Abregee">ASS</SimpleData>
					<SimpleData name="Denomination">ASSOCIATION SYNDICALE LIBRE DU LOTISSEMENT LE PARC DES CEDRE</SimpleData>
				</SchemaData>
			</ExtendedData>
	<Region>
		<LatLonAltBox>
			<north> 45.7869637842968 </north>
			<south> 45.78669376332181 </south>
			<east> 4.74963233147975 </east>
			<west> 4.74899842264787 </west>
		</LatLonAltBox>
		<Lod>
			<minLodPixels>100</minLodPixels>
			<maxLodPixels>-1</maxLodPixels>
		</Lod>
	</Region>
			<MultiGeometry>
				<Polygon><altitudeMode>relativeToGround</altitudeMode>
					<outerBoundaryIs>
						<LinearRing>
							<coordinates>								4.74910461145068,45.78669376332181,0 4.74899842264787,45.7867433269844,0 4.74905788495751,45.786795637371,0 4.74909685144609,45.7867739567786,0 4.7494549462794,45.78692621036651,0 4.74961088673314,45.7869637842968,0 4.74963233147975,45.7869213886157,0 4.74945381534765,45.7868783100863,0 4.74913552425858,45.7867430034043,0 4.74910461145068,45.78669376332181,0 
							</coordinates>
						</LinearRing>
					</outerBoundaryIs>
				</Polygon>
			</MultiGeometry>
		</Placemark>
		<Placemark id="personne_morale.65688">
<styleUrl>#personne_morale</styleUrl>			<visibility>0</visibility>
			<ExtendedData>
				<SchemaData schemaUrl="#personne_morale">
					<SimpleData name="Numero de Parcelle">69044000AA0037</SimpleData>
					<SimpleData name="Departement">69</SimpleData>
					<SimpleData name="Commune">CHARBONNIERES-LES-BAINS</SimpleData>
					<SimpleData name="Adresse">BRUSSILLAY</SimpleData>
					<SimpleData name="Groupe de personne">Personnes morales non remarquables</SimpleData>
					<SimpleData name="Forme Juridique Abregee">SCI</SimpleData>
					<SimpleData name="Denomination">SCI DU PARC DU BUCLAY</SimpleData>
				</SchemaData>
			</ExtendedData>
	<Region>
		<LatLonAltBox>
			<north> 45.7880001812307 </north>
			<south> 45.7874617499528 </south>
			<east> 4.74720614030965 </east>
			<west> 4.74650713584502 </west>
		</LatLonAltBox>
		<Lod>
			<minLodPixels>100</minLodPixels>
			<maxLodPixels>-1</maxLodPixels>
		</Lod>
	</Region>
			<MultiGeometry>
				<Polygon><altitudeMode>relativeToGround</altitudeMode>
					<outerBoundaryIs>
						<LinearRing>
							<coordinates>								4.74711342594733,45.7874617499528,0 4.74650713584502,45.7879290558649,0 4.74659641741741,45.7880001812307,0 4.74663511241775,45.7879698589001,0 4.74677746271297,45.7878585795776,0 4.74697195152137,45.78770650141151,0 4.74720614030965,45.7875233642316,0 4.74711342594733,45.7874617499528,0 
							</coordinates>
						</LinearRing>
					</outerBoundaryIs>
				</Polygon>
			</MultiGeometry>
		</Placemark>
		<Placemark id="personne_morale.65736">
<styleUrl>#personne_morale</styleUrl>			<visibility>0</visibility>
			<ExtendedData>
				<SchemaData schemaUrl="#personne_morale">
					<SimpleData name="Numero de Parcelle">69044000AH0037</SimpleData>
					<SimpleData name="Departement">69</SimpleData>
					<SimpleData name="Commune">CHARBONNIERES-LES-BAINS</SimpleData>
					<SimpleData name="Adresse">15, AV DENIS DELORME</SimpleData>
					<SimpleData name="Groupe de personne">Personnes morales non remarquables</SimpleData>
					<SimpleData name="Forme Juridique Abregee">SCI</SimpleData>
					<SimpleData name="Denomination">ISC</SimpleData>
				</SchemaData>
			</ExtendedData>
	<Region>
		<LatLonAltBox>
			<north> 45.78478346116321 </north>
			<south> 45.7843163973528 </south>
			<east> 4.74700524841919 </east>
			<west> 4.74588598558304 </west>
		</LatLonAltBox>
		<Lod>
			<minLodPixels>100</minLodPixels>
			<maxLodPixels>-1</maxLodPixels>
		</Lod>
	</Region>
			<MultiGeometry>
				<Polygon><altitudeMode>relativeToGround</altitudeMode>
					<outerBoundaryIs>
						<LinearRing>
							<coordinates>								4.74601828202714,45.7843163973528,0 4.74597519733345,45.7843829058842,0 4.74588598558304,45.78451335790629,0 4.74649563820192,45.78467866150611,0 4.74688246492778,45.78478346116321,0 4.74700524841919,45.7845829537609,0 4.74660090368723,45.7844737420012,0 4.74637198292374,45.7844118935208,0 4.74601828202714,45.7843163973528,0 
							</coordinates>
						</LinearRing>
					</outerBoundaryIs>
				</Polygon>
			</MultiGeometry>
		</Placemark>
		<Placemark id="personne_morale.65933">
<styleUrl>#personne_morale</styleUrl>			<visibility>0</visibility>
			<ExtendedData>
				<SchemaData schemaUrl="#personne_morale">
					<SimpleData name="Numero de Parcelle">69044000AI0370</SimpleData>
					<SimpleData name="Departement">69</SimpleData>
					<SimpleData name="Commune">CHARBONNIERES-LES-BAINS</SimpleData>
					<SimpleData name="Adresse">27, CHE DU BARTHELEMY</SimpleData>
					<SimpleData name="Groupe de personne">Personnes morales non remarquables</SimpleData>
					<SimpleData name="Forme Juridique Abregee">ASS</SimpleData>
					<SimpleData name="Denomination">ASSOCIATION DU LOTISSEMENT LE CARRIOT</SimpleData>
				</SchemaData>
			</ExtendedData>
	<Region>
		<LatLonAltBox>
			<north> 45.7841013829137 </north>
			<south> 45.78312213361681 </south>
			<east> 4.74061112846965 </east>
			<west> 4.74027117788628 </west>
		</LatLonAltBox>
		<Lod>
			<minLodPixels>100</minLodPixels>
			<maxLodPixels>-1</maxLodPixels>
		</Lod>
	</Region>
			<MultiGeometry>
				<Polygon><altitudeMode>relativeToGround</altitudeMode>
					<outerBoundaryIs>
						<LinearRing>
							<coordinates>								4.74042781105141,45.78312213361681,0 4.74040797928475,45.7831300955189,0 4.74034532490425,45.7831517781559,0 4.74027117788628,45.78317643019871,0 4.74027162062939,45.7831782247871,0 4.74041117024052,45.7837952194154,0 4.74048042210025,45.7841013829137,0 4.74054751746371,45.7840939529795,0 4.74054827736407,45.78408538452841,0 4.74055526470111,45.784078341296,0 4.74056635441742,45.7840748376181,0 4.74061112846965,45.7840699136465,0 4.74060279645744,45.78403428404539,0 4.74055980728698,45.784014140789,0 4.7405454705384,45.7840126505838,0 4.7405358333508,45.7840050531417,0 4.74045087763153,45.7836417567696,0 4.74035324274393,45.7832069595283,0 4.74035255349089,45.7831850829466,0 4.74036012196004,45.7831637995708,0 4.74037548167283,45.78314464779779,0 4.74040050108126,45.7831338136936,0 4.74042781105141,45.78312213361681,0 
							</coordinates>
						</LinearRing>
					</outerBoundaryIs>
				</Polygon>
			</MultiGeometry>
		</Placemark>
		<Placemark id="personne_morale.66131">
<styleUrl>#personne_morale</styleUrl>			<visibility>0</visibility>
			<ExtendedData>
				<SchemaData schemaUrl="#personne_morale">
					<SimpleData name="Numero de Parcelle">69044000AI0372</SimpleData>
					<SimpleData name="Departement">69</SimpleData>
					<SimpleData name="Commune">CHARBONNIERES-LES-BAINS</SimpleData>
					<SimpleData name="Adresse">9, AV DE LA VICTOIRE</SimpleData>
					<SimpleData name="Groupe de personne">Personnes morales non remarquables</SimpleData>
					<SimpleData name="Forme Juridique Abregee">SCI</SimpleData>
					<SimpleData name="Denomination">PHINIVI PIERRE II</SimpleData>
				</SchemaData>
			</ExtendedData>
	<Region>
		<LatLonAltBox>
			<north> 45.7829623558163 </north>
			<south> 45.78290011758831 </south>
			<east> 4.73553604701946 </east>
			<west> 4.73540228479198 </west>
		</LatLonAltBox>
		<Lod>
			<minLodPixels>100</minLodPixels>
			<maxLodPixels>-1</maxLodPixels>
		</Lod>
	</Region>
			<MultiGeometry>
				<Polygon><altitudeMode>relativeToGround</altitudeMode>
					<outerBoundaryIs>
						<LinearRing>
							<coordinates>								4.73541307619285,45.782913034039,0 4.7354048567992,45.7829259504891,0 4.73540228479198,45.7829301332976,0 4.73546642858268,45.782947611282,0 4.7355150384253,45.7829623558163,0 4.73553604701946,45.7829180781876,0 4.73542129558265,45.78290011758831,0 4.73541307619285,45.782913034039,0 
							</coordinates>
						</LinearRing>
					</outerBoundaryIs>
				</Polygon>
			</MultiGeometry>
		</Placemark>
		<Placemark id="personne_morale.66903">
<styleUrl>#personne_morale</styleUrl>			<visibility>0</visibility>
			<ExtendedData>
				<SchemaData schemaUrl="#personne_morale">
					<SimpleData name="Numero de Parcelle">69044000AM0038</SimpleData>
					<SimpleData name="Departement">69</SimpleData>
					<SimpleData name="Commune">CHARBONNIERES-LES-BAINS</SimpleData>
					<SimpleData name="Adresse">RTE DE PARIS</SimpleData>
					<SimpleData name="Groupe de personne">Personnes morales non remarquables</SimpleData>
					<SimpleData name="Forme Juridique Abregee">AUPM</SimpleData>
					<SimpleData name="Denomination">EDF DISTRIBUTION LYON METROPOLE</SimpleData>
				</SchemaData>
			</ExtendedData>
	<Region>
		<LatLonAltBox>
			<north> 45.77332236272171 </north>
			<south> 45.7732992054705 </south>
			<east> 4.75291788895428 </east>
			<west> 4.75287729838797 </west>
		</LatLonAltBox>
		<Lod>
			<minLodPixels>100</minLodPixels>
			<maxLodPixels>-1</maxLodPixels>
		</Lod>
	</Region>
			<MultiGeometry>
				<Polygon><altitudeMode>relativeToGround</altitudeMode>
					<outerBoundaryIs>
						<LinearRing>
							<coordinates>								4.75288287656349,45.7732992054705,0 4.75287729838797,45.7733181169999,0 4.7529112844549,45.77332236272171,0 4.75291788895428,45.773303345173,0 4.75288287656349,45.7732992054705,0 
							</coordinates>
						</LinearRing>
					</outerBoundaryIs>
				</Polygon>
			</MultiGeometry>
		</Placemark>
		<Placemark id="personne_morale.69222">
<styleUrl>#personne_morale</styleUrl>			<visibility>0</visibility>
			<ExtendedData>
				<SchemaData schemaUrl="#personne_morale">
					<SimpleData name="Numero de Parcelle">69044000AW0004</SimpleData>
					<SimpleData name="Departement">69</SimpleData>
					<SimpleData name="Commune">CHARBONNIERES-LES-BAINS</SimpleData>
					<SimpleData name="Adresse">AV DU CASINO GEORGES BASSINET</SimpleData>
					<SimpleData name="Groupe de personne">Personnes morales non remarquables</SimpleData>
					<SimpleData name="Forme Juridique Abregee">SA</SimpleData>
					<SimpleData name="Denomination">ENEDIS</SimpleData>
				</SchemaData>
			</ExtendedData>
	<Region>
		<LatLonAltBox>
			<north> 45.7858813552509 </north>
			<south> 45.7858397409953 </south>
			<east> 4.73434919879824 </east>
			<west> 4.73429009268326 </west>
		</LatLonAltBox>
		<Lod>
			<minLodPixels>100</minLodPixels>
			<maxLodPixels>-1</maxLodPixels>
		</Lod>
	</Region>
			<MultiGeometry>
				<Polygon><altitudeMode>relativeToGround</altitudeMode>
					<outerBoundaryIs>
						<LinearRing>
							<coordinates>								4.73432666328884,45.7858397409953,0 4.73430309220123,45.7858557755583,0 4.73429009268326,45.7858640817072,0 4.73431483834662,45.7858813552509,0 4.73434919879824,45.7858563279338,0 4.73432666328884,45.7858397409953,0 
							</coordinates>
						</LinearRing>
					</outerBoundaryIs>
				</Polygon>
			</MultiGeometry>
		</Placemark>
		<Placemark id="personne_morale.69338">
<styleUrl>#personne_morale</styleUrl>			<visibility>0</visibility>
			<ExtendedData>
				<SchemaData schemaUrl="#personne_morale">
					<SimpleData name="Numero de Parcelle">69044000AA0040</SimpleData>
					<SimpleData name="Departement">69</SimpleData>
					<SimpleData name="Commune">CHARBONNIERES-LES-BAINS</SimpleData>
					<SimpleData name="Adresse">27, RTE DE PARIS</SimpleData>
					<SimpleData name="Groupe de personne">Personnes morales non remarquables</SimpleData>
					<SimpleData name="Forme Juridique Abregee">SCI</SimpleData>
					<SimpleData name="Denomination">SCI DU PARC DU BUCLAY</SimpleData>
				</SchemaData>
			</ExtendedData>
	<Region>
		<LatLonAltBox>
			<north> 45.7879766401908 </north>
			<south> 45.7879095060149 </south>
			<east> 4.74768047183019 </east>
			<west> 4.74759607458675 </west>
		</LatLonAltBox>
		<Lod>
			<minLodPixels>100</minLodPixels>
			<maxLodPixels>-1</maxLodPixels>
		</Lod>
	</Region>
			<MultiGeometry>
				<Polygon><altitudeMode>relativeToGround</altitudeMode>
					<outerBoundaryIs>
						<LinearRing>
							<coordinates>								4.74764572808391,45.7879766401908,0 4.74768047183019,45.7879353900174,0 4.74764193017792,45.7879095060149,0 4.74759607458675,45.7879454339227,0 4.74764572808391,45.7879766401908,0 
							</coordinates>
						</LinearRing>
					</outerBoundaryIs>
				</Polygon>
			</MultiGeometry>
		</Placemark>
		<Placemark id="personne_morale.69431">
<styleUrl>#personne_morale</styleUrl>			<visibility>0</visibility>
			<ExtendedData>
				<SchemaData schemaUrl="#personne_morale">
					<SimpleData name="Numero de Parcelle">69044000AN0040</SimpleData>
					<SimpleData name="Departement">69</SimpleData>
					<SimpleData name="Commune">CHARBONNIERES-LES-BAINS</SimpleData>
					<SimpleData name="Adresse">22, RUE BENOIT BENNIER</SimpleData>
					<SimpleData name="Groupe de personne">Personnes morales non remarquables</SimpleData>
					<SimpleData name="Forme Juridique Abregee">SA</SimpleData>
					<SimpleData name="Denomination">NATIOCREDIBAIL</SimpleData>
				</SchemaData>
			</ExtendedData>
	<Region>
		<LatLonAltBox>
			<north> 45.7761205211442 </north>
			<south> 45.7754706670958 </south>
			<east> 4.75035685670609 </east>
			<west> 4.74904547989606 </west>
		</LatLonAltBox>
		<Lod>
			<minLodPixels>100</minLodPixels>
			<maxLodPixels>-1</maxLodPixels>
		</Lod>
	</Region>
			<MultiGeometry>
				<Polygon><altitudeMode>relativeToGround</altitudeMode>
					<outerBoundaryIs>
						<LinearRing>
							<coordinates>								4.74956734515834,45.7760742380645,0 4.74962138228984,45.7761181654086,0 4.74970359453173,45.7760681620531,0 4.74979955598019,45.7760133517776,0 4.74982168856741,45.7760009390026,0 4.74987613525602,45.7759683895604,0 4.74992085508622,45.77594166543129,0 4.74995393822117,45.77592142674669,0 4.74998601775697,45.77590201425789,0 4.75005788497417,45.7758586562078,0 4.75012747621842,45.77581659440959,0 4.75016022172283,45.7757978921074,0 4.75018002124375,45.7757849750244,0 4.7502171758176,45.775759178768,0 4.75026879193768,45.77572261984209,0 4.75035685670609,45.7756542407782,0 4.75027058494822,45.7756410777265,0 4.7498308043626,45.7755735006133,0 4.74981554045928,45.77557112528561,0 4.74946072866953,45.77551618992339,0 4.74935763537279,45.77550022460071,0 4.74916684145852,45.7754706670958,0 4.74905833958046,45.77571482038591,0 4.74904547989606,45.7757436623262,0 4.74931486874871,45.7758000135734,0 4.74928116862172,45.77587394396539,0 4.74930472067139,45.7758779022117,0 4.74926387413584,45.775970047676,0 4.7492391755546,45.77596646748049,0 4.74922556677816,45.7759960416243,0 4.74924672117448,45.7759893186044,0 4.7492761876333,45.77603371712171,0 4.74925934156571,45.7760423549126,0 4.74926726613468,45.7760487171624,0 4.74931494577384,45.776017894193,0 4.74940252493785,45.7760885930972,0 4.74935326721032,45.77611835971939,0 4.74937071268897,45.7761205211442,0 4.74951567807892,45.7760319852946,0 4.74956734515834,45.7760742380645,0 
							</coordinates>
						</LinearRing>
					</outerBoundaryIs>
				</Polygon>
			</MultiGeometry>
		</Placemark>
		<Placemark id="personne_morale.69942">
<styleUrl>#personne_morale</styleUrl>			<visibility>0</visibility>
			<ExtendedData>
				<SchemaData schemaUrl="#personne_morale">
					<SimpleData name="Numero de Parcelle">69044000AI0404</SimpleData>
					<SimpleData name="Departement">69</SimpleData>
					<SimpleData name="Commune">CHARBONNIERES-LES-BAINS</SimpleData>
					<SimpleData name="Adresse">5, AV LAMARTINE</SimpleData>
					<SimpleData name="Groupe de personne">Personnes morales non remarquables</SimpleData>
					<SimpleData name="Forme Juridique Abregee">SCI</SimpleData>
					<SimpleData name="Denomination">BILLY</SimpleData>
				</SchemaData>
			</ExtendedData>
	<Region>
		<LatLonAltBox>
			<north> 45.78241788265381 </north>
			<south> 45.782243769283 </south>
			<east> 4.73727427054483 </east>
			<west> 4.73694810449553 </west>
		</LatLonAltBox>
		<Lod>
			<minLodPixels>100</minLodPixels>
			<maxLodPixels>-1</maxLodPixels>
		</Lod>
	</Region>
			<MultiGeometry>
				<Polygon><altitudeMode>relativeToGround</altitudeMode>
					<outerBoundaryIs>
						<LinearRing>
							<coordinates>								4.73694810449553,45.7823522337152,0 4.73695419169363,45.7823984363753,0 4.7369927718033,45.7824012651818,0 4.73716541038617,45.78241788265381,0 4.73719184143534,45.7823741517099,0 4.73720170407606,45.7823807551763,0 4.73724274625012,45.7823554439186,0 4.73722562961907,45.7823392244954,0 4.73727427054483,45.7823181196331,0 4.73720679351156,45.782243769283,0 4.73694810449553,45.7823522337152,0 
							</coordinates>
						</LinearRing>
					</outerBoundaryIs>
				</Polygon>
			</MultiGeometry>
		</Placemark>
		<Placemark id="personne_morale.70508">
<styleUrl>#personne_morale</styleUrl>			<visibility>0</visibility>
			<ExtendedData>
				<SchemaData schemaUrl="#personne_morale">
					<SimpleData name="Numero de Parcelle">69044000AN0041</SimpleData>
					<SimpleData name="Departement">69</SimpleData>
					<SimpleData name="Commune">CHARBONNIERES-LES-BAINS</SimpleData>
					<SimpleData name="Adresse">26, RUE BENOIT BENNIER</SimpleData>
					<SimpleData name="Groupe de personne">Personnes morales non remarquables</SimpleData>
					<SimpleData name="Forme Juridique Abregee">SCI</SimpleData>
					<SimpleData name="Denomination">CLIWEST</SimpleData>
				</SchemaData>
			</ExtendedData>
	<Region>
		<LatLonAltBox>
			<north> 45.7764159771466 </north>
			<south> 45.7757174679525 </south>
			<east> 4.74930006633727 </east>
			<west> 4.74867915988608 </west>
		</LatLonAltBox>
		<Lod>
			<minLodPixels>100</minLodPixels>
			<maxLodPixels>-1</maxLodPixels>
		</Lod>
	</Region>
			<MultiGeometry>
				<Polygon><altitudeMode>relativeToGround</altitudeMode>
					<outerBoundaryIs>
						<LinearRing>
							<coordinates>								4.74868783473312,45.7757415500638,0 4.74882346909579,45.7760413658007,0 4.74867915988608,45.7760774692446,0 4.74876130402608,45.7762530054622,0 4.7487015375899,45.7762679828855,0 4.74877146019929,45.7764111928884,0 4.74878821645472,45.7764159771466,0 4.7490486341718,45.7763515027461,0 4.74907905638996,45.7763285133747,0 4.74905975669887,45.7763125097112,0 4.74916198421906,45.7762482354682,0 4.74917094660519,45.77625485184861,0 4.74919733116044,45.77623850022589,0 4.74918822016462,45.7762312556543,0 4.74929534808225,45.7761632124005,0 4.74930006633727,45.7761536817886,0 4.74921030044012,45.7760789635114,0 4.74914775672718,45.7759899522021,0 4.7491603306009,45.7759602139706,0 4.74922726617794,45.7758017320771,0 4.74901546184613,45.7757590794616,0 4.74903280855232,45.7757174679525,0 4.74868783473312,45.7757415500638,0 
							</coordinates>
						</LinearRing>
					</outerBoundaryIs>
				</Polygon>
			</MultiGeometry>
		</Placemark>
		<Placemark id="personne_morale.70543">
<styleUrl>#personne_morale</styleUrl>			<visibility>0</visibility>
			<ExtendedData>
				<SchemaData schemaUrl="#personne_morale">
					<SimpleData name="Numero de Parcelle">69044000AV0041</SimpleData>
					<SimpleData name="Departement">69</SimpleData>
					<SimpleData name="Commune">CHARBONNIERES-LES-BAINS</SimpleData>
					<SimpleData name="Adresse">LE PICHAUDIER</SimpleData>
					<SimpleData name="Groupe de personne">Personnes morales non remarquables</SimpleData>
					<SimpleData name="Forme Juridique Abregee">SC</SimpleData>
					<SimpleData name="Denomination">D G F A</SimpleData>
				</SchemaData>
			</ExtendedData>
	<Region>
		<LatLonAltBox>
			<north> 45.7839173276178 </north>
			<south> 45.78315471639781 </south>
			<east> 4.73465161663806 </east>
			<west> 4.73403510339246 </west>
		</LatLonAltBox>
		<Lod>
			<minLodPixels>100</minLodPixels>
			<maxLodPixels>-1</maxLodPixels>
		</Lod>
	</Region>
			<MultiGeometry>
				<Polygon><altitudeMode>relativeToGround</altitudeMode>
					<outerBoundaryIs>
						<LinearRing>
							<coordinates>								4.73405448677774,45.7832802420097,0 4.73403510339246,45.7833025171236,0 4.73412998542451,45.7833436624454,0 4.73439658000685,45.7834620612342,0 4.73440547960617,45.78346669819031,0 4.73441345870668,45.7834707187995,0 4.73442230878544,45.7834778784946,0 4.73443432334954,45.7834874214574,0 4.73440661237074,45.7836626745882,0 4.73430724297145,45.7838968544613,0 4.7343582217119,45.7839173276178,0 4.73461490086699,45.7835476952002,0 4.73463089100569,45.7834747623483,0 4.7346423770064,45.78345927376301,0 4.73464534948005,45.783430945872,0 4.73464961999033,45.7834029583096,0 4.73465161663806,45.78339274962801,0 4.73461824693042,45.7833467861271,0 4.73461543171424,45.783343226576,0 4.7346120961524,45.7833394948823,0 4.73460876059101,45.7833357631885,0 4.73460516768418,45.7833320354506,0 4.7346014545861,45.7833285797722,0 4.73459748414263,45.7833251280497,0 4.73459338785378,45.7833217683322,0 4.73458903704665,45.7833185025978,0 4.73458469189412,45.7833154169176,0 4.73458008939626,45.7833123351933,0 4.73457523238016,45.7833093474518,0 4.73457038384563,45.7833066297919,0 4.73456540381169,45.78330382408241,0 4.73456030358637,45.7833012904324,0 4.73455494884278,45.7832988507652,0 4.73453888461482,45.7832915317622,0 4.73452803797821,45.7832863843217,0 4.73450861695634,45.7832787566308,0 4.73448736907862,45.78327034638139,0 4.73416370397166,45.78315471639781,0 4.73405448677774,45.7832802420097,0 
							</coordinates>
						</LinearRing>
					</outerBoundaryIs>
				</Polygon>
			</MultiGeometry>
		</Placemark>
		<Placemark id="personne_morale.71349">
<styleUrl>#personne_morale</styleUrl>			<visibility>0</visibility>
			<ExtendedData>
				<SchemaData schemaUrl="#personne_morale">
					<SimpleData name="Numero de Parcelle">69044000AI0419</SimpleData>
					<SimpleData name="Departement">69</SimpleData>
					<SimpleData name="Commune">CHARBONNIERES-LES-BAINS</SimpleData>
					<SimpleData name="Adresse">30, AV LAMARTINE</SimpleData>
					<SimpleData name="Groupe de personne">Personnes morales non remarquables</SimpleData>
					<SimpleData name="Forme Juridique Abregee">SIVU</SimpleData>
					<SimpleData name="Denomination">SYNDICAT INTERCOMMUNAL A VOCATION UNIQUE DAMENAGEMENT ET DE</SimpleData>
				</SchemaData>
			</ExtendedData>
	<Region>
		<LatLonAltBox>
			<north> 45.7797368686921 </north>
			<south> 45.7795122051477 </south>
			<east> 4.7403658327958 </east>
			<west> 4.74011880604642 </west>
		</LatLonAltBox>
		<Lod>
			<minLodPixels>100</minLodPixels>
			<maxLodPixels>-1</maxLodPixels>
		</Lod>
	</Region>
			<MultiGeometry>
				<Polygon><altitudeMode>relativeToGround</altitudeMode>
					<outerBoundaryIs>
						<LinearRing>
							<coordinates>								4.74028807883616,45.77951641188051,0 4.7402448099473,45.7795976025443,0 4.74018502250592,45.7796488742293,0 4.74012068780145,45.77971516776429,0 4.74011880604642,45.7797167279888,0 4.74015612764402,45.7797368686921,0 4.74020592506703,45.77967494260171,0 4.74021361013857,45.7796655467816,0 4.74023919787415,45.7796401124539,0 4.74023618471368,45.779638447581,0 4.74025836268645,45.7796191906533,0 4.74026163033864,45.7796207615297,0 4.74029694538503,45.7796385012219,0 4.74034138946091,45.7795905285423,0 4.74035235969283,45.77955874447909,0 4.7403658327958,45.7795451161146,0 4.7403486024057,45.77953754571959,0 4.74030657419706,45.77951918902059,0 4.74029219428073,45.7795122051477,0 4.74028807883616,45.77951641188051,0 
							</coordinates>
						</LinearRing>
					</outerBoundaryIs>
				</Polygon>
			</MultiGeometry>
		</Placemark>
		<Placemark id="personne_morale.72456">
<styleUrl>#personne_morale</styleUrl>			<visibility>0</visibility>
			<ExtendedData>
				<SchemaData schemaUrl="#personne_morale">
					<SimpleData name="Numero de Parcelle">69044000AN0043</SimpleData>
					<SimpleData name="Departement">69</SimpleData>
					<SimpleData name="Commune">CHARBONNIERES-LES-BAINS</SimpleData>
					<SimpleData name="Adresse">RUE BENOIT BENNIER</SimpleData>
					<SimpleData name="Groupe de personne">Personnes morales non remarquables</SimpleData>
					<SimpleData name="Forme Juridique Abregee">SCI</SimpleData>
					<SimpleData name="Denomination">CLIWEST</SimpleData>
				</SchemaData>
			</ExtendedData>
	<Region>
		<LatLonAltBox>
			<north> 45.77654406166759 </north>
			<south> 45.77642788604369 </south>
			<east> 4.74899823539285 </east>
			<west> 4.74874114226775 </west>
		</LatLonAltBox>
		<Lod>
			<minLodPixels>100</minLodPixels>
			<maxLodPixels>-1</maxLodPixels>
		</Lod>
	</Region>
			<MultiGeometry>
				<Polygon><altitudeMode>relativeToGround</altitudeMode>
					<outerBoundaryIs>
						<LinearRing>
							<coordinates>								4.74875893260406,45.77654406166759,0 4.74891375861603,45.7765067142666,0 4.74894196980657,45.7764951982268,0 4.74896041694194,45.7764883370877,0 4.74898470531648,45.7764789534794,0 4.74899823539285,45.77646721465,0 4.74897871211597,45.77642788604369,0 4.74878732716161,45.7764732760965,0 4.74879479043196,45.7764894632706,0 4.74874114226775,45.7765025444581,0 4.74875893260406,45.77654406166759,0 
							</coordinates>
						</LinearRing>
					</outerBoundaryIs>
				</Polygon>
			</MultiGeometry>
		</Placemark>
		<Placemark id="personne_morale.73321">
<styleUrl>#personne_morale</styleUrl>			<visibility>0</visibility>
			<ExtendedData>
				<SchemaData schemaUrl="#personne_morale">
					<SimpleData name="Numero de Parcelle">69044000AK0044</SimpleData>
					<SimpleData name="Departement">69</SimpleData>
					<SimpleData name="Commune">CHARBONNIERES-LES-BAINS</SimpleData>
					<SimpleData name="Adresse">48, CHE BECKENSTEINER</SimpleData>
					<SimpleData name="Groupe de personne">Personnes morales non remarquables</SimpleData>
					<SimpleData name="Forme Juridique Abregee">SAS</SimpleData>
					<SimpleData name="Denomination">ADMINISTRATION DIMMEUBLES PITANCE</SimpleData>
				</SchemaData>
			</ExtendedData>
	<Region>
		<LatLonAltBox>
			<north> 45.7783848178603 </north>
			<south> 45.7777618763424 </south>
			<east> 4.75025395084669 </east>
			<west> 4.74991738645206 </west>
		</LatLonAltBox>
		<Lod>
			<minLodPixels>100</minLodPixels>
			<maxLodPixels>-1</maxLodPixels>
		</Lod>
	</Region>
			<MultiGeometry>
				<Polygon><altitudeMode>relativeToGround</altitudeMode>
					<outerBoundaryIs>
						<LinearRing>
							<coordinates>								4.74994633251398,45.7777618763424,0 4.74992490842171,45.778158341106,0 4.74991738645206,45.7783638197666,0 4.75014559494155,45.7783794653063,0 4.75022441493635,45.7783848178603,0 4.75024180897011,45.77801967017681,0 4.75024193223299,45.7780154349249,0 4.75025395084669,45.77776503108541,0 4.74994633251398,45.7777618763424,0 
							</coordinates>
						</LinearRing>
					</outerBoundaryIs>
				</Polygon>
			</MultiGeometry>
		</Placemark>
		<Placemark id="personne_morale.73347">
<styleUrl>#personne_morale</styleUrl>			<visibility>0</visibility>
			<ExtendedData>
				<SchemaData schemaUrl="#personne_morale">
					<SimpleData name="Numero de Parcelle">69044000AN0044</SimpleData>
					<SimpleData name="Departement">69</SimpleData>
					<SimpleData name="Commune">CHARBONNIERES-LES-BAINS</SimpleData>
					<SimpleData name="Adresse">RUE BENOIT BENNIER</SimpleData>
					<SimpleData name="Groupe de personne">Personnes morales non remarquables</SimpleData>
					<SimpleData name="Forme Juridique Abregee">SCI</SimpleData>
					<SimpleData name="Denomination">CLIWEST</SimpleData>
				</SchemaData>
			</ExtendedData>
	<Region>
		<LatLonAltBox>
			<north> 45.7763292931579 </north>
			<south> 45.7760742380645 </south>
			<east> 4.74962138228984 </east>
			<west> 4.74923847196417 </west>
		</LatLonAltBox>
		<Lod>
			<minLodPixels>100</minLodPixels>
			<maxLodPixels>-1</maxLodPixels>
		</Lod>
	</Region>
			<MultiGeometry>
				<Polygon><altitudeMode>relativeToGround</altitudeMode>
					<outerBoundaryIs>
						<LinearRing>
							<coordinates>								4.7492843883098,45.7763292931579,0 4.74942851117886,45.77623851871701,0 4.74946913726506,45.7762125788175,0 4.74952591193747,45.77617630054039,0 4.74956734122822,45.7761513389307,0 4.74962138228984,45.7761181654086,0 4.74956734515834,45.7760742380645,0 4.74923847196417,45.77627353051591,0 4.74927942145029,45.7763065821955,0 4.74926551728619,45.77631463394789,0 4.7492843883098,45.7763292931579,0 
							</coordinates>
						</LinearRing>
					</outerBoundaryIs>
				</Polygon>
			</MultiGeometry>
		</Placemark>
		<Placemark id="personne_morale.73915">
<styleUrl>#personne_morale</styleUrl>			<visibility>0</visibility>
			<ExtendedData>
				<SchemaData schemaUrl="#personne_morale">
					<SimpleData name="Numero de Parcelle">69044000AI0446</SimpleData>
					<SimpleData name="Departement">69</SimpleData>
					<SimpleData name="Commune">CHARBONNIERES-LES-BAINS</SimpleData>
					<SimpleData name="Adresse">24, AV GEN DE GAULLE</SimpleData>
					<SimpleData name="Groupe de personne">Personnes morales non remarquables</SimpleData>
					<SimpleData name="Forme Juridique Abregee">SCI</SimpleData>
					<SimpleData name="Denomination">PHINIVI PIERRE II</SimpleData>
				</SchemaData>
			</ExtendedData>
	<Region>
		<LatLonAltBox>
			<north> 45.7831434234859 </north>
			<south> 45.7829180781876 </south>
			<east> 4.7359039232065 </east>
			<west> 4.7355150384253 </west>
		</LatLonAltBox>
		<Lod>
			<minLodPixels>100</minLodPixels>
			<maxLodPixels>-1</maxLodPixels>
		</Lod>
	</Region>
			<MultiGeometry>
				<Polygon><altitudeMode>relativeToGround</altitudeMode>
					<outerBoundaryIs>
						<LinearRing>
							<coordinates>								4.7355150384253,45.7829623558163,0 4.73556546667477,45.7829776127857,0 4.73560640571201,45.78298995328459,0 4.73554026626373,45.7831138270175,0 4.73567389763364,45.7831262729973,0 4.73588813606847,45.7831434234859,0 4.7359039232065,45.7830395092227,0 4.73587011206608,45.7830368768866,0 4.73588020988421,45.7829731316188,0 4.73587464586511,45.7829722264355,0 4.73553604701946,45.7829180781876,0 4.7355150384253,45.7829623558163,0 
							</coordinates>
						</LinearRing>
					</outerBoundaryIs>
				</Polygon>
			</MultiGeometry>
		</Placemark>
		<Placemark id="personne_morale.74233">
<styleUrl>#personne_morale</styleUrl>			<visibility>0</visibility>
			<ExtendedData>
				<SchemaData schemaUrl="#personne_morale">
					<SimpleData name="Numero de Parcelle">69044000AH0045</SimpleData>
					<SimpleData name="Departement">69</SimpleData>
					<SimpleData name="Commune">CHARBONNIERES-LES-BAINS</SimpleData>
					<SimpleData name="Adresse">AV DE LA PAIX</SimpleData>
					<SimpleData name="Groupe de personne">Personnes morales non remarquables</SimpleData>
					<SimpleData name="Forme Juridique Abregee">SA</SimpleData>
					<SimpleData name="Denomination">ENEDIS</SimpleData>
				</SchemaData>
			</ExtendedData>
	<Region>
		<LatLonAltBox>
			<north> 45.7852413752397 </north>
			<south> 45.7852128840213 </south>
			<east> 4.74305221394967 </east>
			<west> 4.74300830047686 </west>
		</LatLonAltBox>
		<Lod>
			<minLodPixels>100</minLodPixels>
			<maxLodPixels>-1</maxLodPixels>
		</Lod>
	</Region>
			<MultiGeometry>
				<Polygon><altitudeMode>relativeToGround</altitudeMode>
					<outerBoundaryIs>
						<LinearRing>
							<coordinates>								4.74300830047686,45.7852354478313,0 4.74304440592739,45.7852413752397,0 4.74305221394967,45.785219547544,0 4.74301711520176,45.7852128840213,0 4.74300830047686,45.7852354478313,0 
							</coordinates>
						</LinearRing>
					</outerBoundaryIs>
				</Polygon>
			</MultiGeometry>
		</Placemark>
		<Placemark id="personne_morale.74256">
<styleUrl>#personne_morale</styleUrl>			<visibility>0</visibility>
			<ExtendedData>
				<SchemaData schemaUrl="#personne_morale">
					<SimpleData name="Numero de Parcelle">69044000AK0045</SimpleData>
					<SimpleData name="Departement">69</SimpleData>
					<SimpleData name="Commune">CHARBONNIERES-LES-BAINS</SimpleData>
					<SimpleData name="Adresse">50, CHE BECKENSTEINER</SimpleData>
					<SimpleData name="Groupe de personne">Personnes morales non remarquables</SimpleData>
					<SimpleData name="Forme Juridique Abregee">SAS</SimpleData>
					<SimpleData name="Denomination">ADMINISTRATION DIMMEUBLES PITANCE</SimpleData>
				</SchemaData>
			</ExtendedData>
	<Region>
		<LatLonAltBox>
			<north> 45.7784028907311 </north>
			<south> 45.77776503108541 </south>
			<east> 4.75053906491731 </east>
			<west> 4.75022441493635 </west>
		</LatLonAltBox>
		<Lod>
			<minLodPixels>100</minLodPixels>
			<maxLodPixels>-1</maxLodPixels>
		</Lod>
	</Region>
			<MultiGeometry>
				<Polygon><altitudeMode>relativeToGround</altitudeMode>
					<outerBoundaryIs>
						<LinearRing>
							<coordinates>								4.75053906491731,45.7780573019858,0 4.75043911431355,45.7780431803044,0 4.75047442635732,45.77793481740061,0 4.75052885834299,45.7777677017198,0 4.75025395084669,45.77776503108541,0 4.75024193223299,45.7780154349249,0 4.75024180897011,45.77801967017681,0 4.75022441493635,45.7783848178603,0 4.75048771350041,45.7784028907311,0 4.75053906491731,45.7780573019858,0 
							</coordinates>
						</LinearRing>
					</outerBoundaryIs>
				</Polygon>
			</MultiGeometry>
		</Placemark>
		<Placemark id="personne_morale.74281">
<styleUrl>#personne_morale</styleUrl>			<visibility>0</visibility>
			<ExtendedData>
				<SchemaData schemaUrl="#personne_morale">
					<SimpleData name="Numero de Parcelle">69044000AN0045</SimpleData>
					<SimpleData name="Departement">69</SimpleData>
					<SimpleData name="Commune">CHARBONNIERES-LES-BAINS</SimpleData>
					<SimpleData name="Adresse">RUE BENOIT BENNIER</SimpleData>
					<SimpleData name="Groupe de personne">Personnes morales non remarquables</SimpleData>
					<SimpleData name="Forme Juridique Abregee">SCI</SimpleData>
					<SimpleData name="Denomination">CLIWEST</SimpleData>
				</SchemaData>
			</ExtendedData>
	<Region>
		<LatLonAltBox>
			<north> 45.77611835971939 </north>
			<south> 45.776017894193 </south>
			<east> 4.74940252493785 </east>
			<west> 4.74926726613468 </west>
		</LatLonAltBox>
		<Lod>
			<minLodPixels>100</minLodPixels>
			<maxLodPixels>-1</maxLodPixels>
		</Lod>
	</Region>
			<MultiGeometry>
				<Polygon><altitudeMode>relativeToGround</altitudeMode>
					<outerBoundaryIs>
						<LinearRing>
							<coordinates>								4.74935326721032,45.77611835971939,0 4.74940252493785,45.7760885930972,0 4.74931494577384,45.776017894193,0 4.74926726613468,45.7760487171624,0 4.74935326721032,45.77611835971939,0 
							</coordinates>
						</LinearRing>
					</outerBoundaryIs>
				</Polygon>
			</MultiGeometry>
		</Placemark>
		<Placemark id="personne_morale.74726">
<styleUrl>#personne_morale</styleUrl>			<visibility>0</visibility>
			<ExtendedData>
				<SchemaData schemaUrl="#personne_morale">
					<SimpleData name="Numero de Parcelle">69044000AI0454</SimpleData>
					<SimpleData name="Departement">69</SimpleData>
					<SimpleData name="Commune">CHARBONNIERES-LES-BAINS</SimpleData>
					<SimpleData name="Adresse">18, AV LAMARTINE</SimpleData>
					<SimpleData name="Groupe de personne">Personnes morales non remarquables</SimpleData>
					<SimpleData name="Forme Juridique Abregee">SAS</SimpleData>
					<SimpleData name="Denomination">BARI</SimpleData>
				</SchemaData>
			</ExtendedData>
	<Region>
		<LatLonAltBox>
			<north> 45.781794328569 </north>
			<south> 45.7806638545449 </south>
			<east> 4.73867156465718 </east>
			<west> 4.73766929320885 </west>
		</LatLonAltBox>
		<Lod>
			<minLodPixels>100</minLodPixels>
			<maxLodPixels>-1</maxLodPixels>
		</Lod>
	</Region>
			<MultiGeometry>
				<Polygon><altitudeMode>relativeToGround</altitudeMode>
					<outerBoundaryIs>
						<LinearRing>
							<coordinates>								4.73766929320885,45.781628760329,0 4.73780316982855,45.7816900183147,0 4.73803070181065,45.781794328569,0 4.73807862092176,45.7817748557404,0 4.73804776898604,45.7817557856054,0 4.7381462633785,45.7817071614235,0 4.73825876551185,45.781657780939,0 4.73841343964353,45.7816067598478,0 4.73864374065273,45.7815495293044,0 4.73866084149277,45.7815816012155,0 4.73867156465718,45.78157873386199,0 4.73863400587601,45.7813056775557,0 4.73856305543798,45.7807692283701,0 4.73855291855929,45.7806925541866,0 4.73855137805467,45.7806804183678,0 4.7385449352187,45.7806638545449,0 4.73851064406864,45.7806745608913,0 4.73845547002793,45.7807211669291,0 4.7383647793594,45.7807640867961,0 4.73826390172915,45.78076555082699,0 4.73817565476561,45.7808206825169,0 4.73812307825276,45.78085166612961,0 4.73807058099359,45.7808851704775,0 4.73807968280116,45.78089214586689,0 4.73808566260788,45.7808980884969,0 4.73808627805163,45.7809053747487,0 4.73808129042466,45.7809186919793,0 4.73805240519595,45.78097029710939,0 4.73803823487377,45.7809986174586,0 4.73802762799582,45.78103381836631,0 4.73802306840869,45.7810402836227,0 4.73804912610431,45.7810747396351,0 4.73809601960112,45.78113724698549,0 4.73808851415902,45.78118510010359,0 4.7380605395126,45.78121246217199,0 4.73799485427551,45.7812768837494,0 4.73794891338966,45.7813469458479,0 4.73793404980372,45.7813696024021,0 4.73792200516903,45.7813836588137,0 4.73788647815449,45.7814328442126,0 4.73788057842345,45.7814458151982,0 4.73787878151554,45.7814500761995,0 4.73787447799879,45.7814605906896,0 4.73786784711834,45.7814707807417,0 4.73785511013717,45.7814955662297,0 4.73781811783914,45.781567742217,0 4.73775011554382,45.7815953603868,0 4.73766929320885,45.781628760329,0 
							</coordinates>
						</LinearRing>
					</outerBoundaryIs>
				</Polygon>
			</MultiGeometry>
		</Placemark>
		<Placemark id="personne_morale.74797">
<styleUrl>#personne_morale</styleUrl>			<visibility>0</visibility>
			<ExtendedData>
				<SchemaData schemaUrl="#personne_morale">
					<SimpleData name="Numero de Parcelle">69044000AI0455</SimpleData>
					<SimpleData name="Departement">69</SimpleData>
					<SimpleData name="Commune">CHARBONNIERES-LES-BAINS</SimpleData>
					<SimpleData name="Adresse">18, AV LAMARTINE</SimpleData>
					<SimpleData name="Groupe de personne">Personnes morales non remarquables</SimpleData>
					<SimpleData name="Forme Juridique Abregee">SIVU</SimpleData>
					<SimpleData name="Denomination">SYNDICAT INTERCOMMUNAL A VOCATION UNIQUE DAMENAGEMENT ET DE</SimpleData>
				</SchemaData>
			</ExtendedData>
	<Region>
		<LatLonAltBox>
			<north> 45.781628760329 </north>
			<south> 45.7806191898989 </south>
			<east> 4.7385449352187 </east>
			<west> 4.73755844575685 </west>
		</LatLonAltBox>
		<Lod>
			<minLodPixels>100</minLodPixels>
			<maxLodPixels>-1</maxLodPixels>
		</Lod>
	</Region>
			<MultiGeometry>
				<Polygon><altitudeMode>relativeToGround</altitudeMode>
					<outerBoundaryIs>
						<LinearRing>
							<coordinates>								4.73846678046497,45.7806347048663,0 4.73839956607326,45.7806914041689,0 4.73834697399087,45.78071779452009,0 4.73826766712859,45.78071748509959,0 4.73811694568314,45.78079177346609,0 4.73797152917572,45.78089966638,0 4.73794923745601,45.7809603571417,0 4.73794294004566,45.78096477753411,0 4.73790112034377,45.780993974084,0 4.73790456928853,45.7810299492675,0 4.73798839711123,45.7811166572476,0 4.73800718024246,45.7811531168047,0 4.73798657687885,45.7811897326739,0 4.73783306867157,45.7813882711402,0 4.73779275452377,45.7814489692231,0 4.73776701144021,45.781489987602,0 4.73771537637504,45.78153455719789,0 4.73759536111893,45.78157018193669,0 4.73755844575685,45.7815670574972,0 4.73758374360211,45.78158963597841,0 4.73766929320885,45.781628760329,0 4.73775011554382,45.7815953603868,0 4.73781811783914,45.781567742217,0 4.73785511013717,45.7814955662297,0 4.73786784711834,45.7814707807417,0 4.73787447799879,45.7814605906896,0 4.73787878151554,45.7814500761995,0 4.73788057842345,45.7814458151982,0 4.73788647815449,45.7814328442126,0 4.73792200516903,45.7813836588137,0 4.73793404980372,45.7813696024021,0 4.73794891338966,45.7813469458479,0 4.73799485427551,45.7812768837494,0 4.7380605395126,45.78121246217199,0 4.73808851415902,45.78118510010359,0 4.73809601960112,45.78113724698549,0 4.73804912610431,45.7810747396351,0 4.73802306840869,45.7810402836227,0 4.73802762799582,45.78103381836631,0 4.73803823487377,45.7809986174586,0 4.73805240519595,45.78097029710939,0 4.73808129042466,45.7809186919793,0 4.73808627805163,45.7809053747487,0 4.73808566260788,45.7808980884969,0 4.73807968280116,45.78089214586689,0 4.73807058099359,45.7808851704775,0 4.73812307825276,45.78085166612961,0 4.73817565476561,45.7808206825169,0 4.73826390172915,45.78076555082699,0 4.7383647793594,45.7807640867961,0 4.73845547002793,45.7807211669291,0 4.73851064406864,45.7806745608913,0 4.7385449352187,45.7806638545449,0 4.73854114955226,45.7806540050886,0 4.73852087324021,45.7806191898989,0 4.73846678046497,45.7806347048663,0 
							</coordinates>
						</LinearRing>
					</outerBoundaryIs>
				</Polygon>
			</MultiGeometry>
		</Placemark>
		<Placemark id="personne_morale.75172">
<styleUrl>#personne_morale</styleUrl>			<visibility>0</visibility>
			<ExtendedData>
				<SchemaData schemaUrl="#personne_morale">
					<SimpleData name="Numero de Parcelle">69044000AK0046</SimpleData>
					<SimpleData name="Departement">69</SimpleData>
					<SimpleData name="Commune">CHARBONNIERES-LES-BAINS</SimpleData>
					<SimpleData name="Adresse">48, CHE BECKENSTEINER</SimpleData>
					<SimpleData name="Groupe de personne">Personnes morales non remarquables</SimpleData>
					<SimpleData name="Forme Juridique Abregee">SAS</SimpleData>
					<SimpleData name="Denomination">ADMINISTRATION DIMMEUBLES PITANCE</SimpleData>
				</SchemaData>
			</ExtendedData>
	<Region>
		<LatLonAltBox>
			<north> 45.7784059871876 </north>
			<south> 45.7780573019858 </south>
			<east> 4.75058418980893 </east>
			<west> 4.75048771350041 </west>
		</LatLonAltBox>
		<Lod>
			<minLodPixels>100</minLodPixels>
			<maxLodPixels>-1</maxLodPixels>
		</Lod>
	</Region>
			<MultiGeometry>
				<Polygon><altitudeMode>relativeToGround</altitudeMode>
					<outerBoundaryIs>
						<LinearRing>
							<coordinates>								4.75053196400316,45.7784059871876,0 4.75058418980893,45.7780636274098,0 4.75053906491731,45.7780573019858,0 4.75048771350041,45.7784028907311,0 4.75053196400316,45.7784059871876,0 
							</coordinates>
						</LinearRing>
					</outerBoundaryIs>
				</Polygon>
			</MultiGeometry>
		</Placemark>
		<Placemark id="personne_morale.75187">
<styleUrl>#personne_morale</styleUrl>			<visibility>0</visibility>
			<ExtendedData>
				<SchemaData schemaUrl="#personne_morale">
					<SimpleData name="Numero de Parcelle">69044000AN0046</SimpleData>
					<SimpleData name="Departement">69</SimpleData>
					<SimpleData name="Commune">CHARBONNIERES-LES-BAINS</SimpleData>
					<SimpleData name="Adresse">RUE BENOIT BENNIER</SimpleData>
					<SimpleData name="Groupe de personne">Personnes morales non remarquables</SimpleData>
					<SimpleData name="Forme Juridique Abregee">SCI</SimpleData>
					<SimpleData name="Denomination">CLIWEST</SimpleData>
				</SchemaData>
			</ExtendedData>
	<Region>
		<LatLonAltBox>
			<north> 45.7760423549126 </north>
			<south> 45.7759893186044 </south>
			<east> 4.7492761876333 </east>
			<west> 4.74922556677816 </west>
		</LatLonAltBox>
		<Lod>
			<minLodPixels>100</minLodPixels>
			<maxLodPixels>-1</maxLodPixels>
		</Lod>
	</Region>
			<MultiGeometry>
				<Polygon><altitudeMode>relativeToGround</altitudeMode>
					<outerBoundaryIs>
						<LinearRing>
							<coordinates>								4.74925934156571,45.7760423549126,0 4.7492761876333,45.77603371712171,0 4.74924672117448,45.7759893186044,0 4.74922556677816,45.7759960416243,0 4.74925577094936,45.7760393478571,0 4.74925934156571,45.7760423549126,0 
							</coordinates>
						</LinearRing>
					</outerBoundaryIs>
				</Polygon>
			</MultiGeometry>
		</Placemark>
		<Placemark id="personne_morale.75202">
<styleUrl>#personne_morale</styleUrl>			<visibility>0</visibility>
			<ExtendedData>
				<SchemaData schemaUrl="#personne_morale">
					<SimpleData name="Numero de Parcelle">69044000AP0046</SimpleData>
					<SimpleData name="Departement">69</SimpleData>
					<SimpleData name="Commune">CHARBONNIERES-LES-BAINS</SimpleData>
					<SimpleData name="Adresse">LE CHAPOLY</SimpleData>
					<SimpleData name="Groupe de personne">Personnes morales non remarquables</SimpleData>
					<SimpleData name="Forme Juridique Abregee">SA</SimpleData>
					<SimpleData name="Denomination">ENEDIS</SimpleData>
				</SchemaData>
			</ExtendedData>
	<Region>
		<LatLonAltBox>
			<north> 45.7742796803917 </north>
			<south> 45.7742527959482 </south>
			<east> 4.73688686170422 </east>
			<west> 4.7368471692903 </west>
		</LatLonAltBox>
		<Lod>
			<minLodPixels>100</minLodPixels>
			<maxLodPixels>-1</maxLodPixels>
		</Lod>
	</Region>
			<MultiGeometry>
				<Polygon><altitudeMode>relativeToGround</altitudeMode>
					<outerBoundaryIs>
						<LinearRing>
							<coordinates>								4.73686670970009,45.7742527959482,0 4.7368471692903,45.7742699399888,0 4.7368697430385,45.7742796803917,0 4.73688686170422,45.7742632941953,0 4.73686670970009,45.7742527959482,0 
							</coordinates>
						</LinearRing>
					</outerBoundaryIs>
				</Polygon>
			</MultiGeometry>
		</Placemark>
		<Placemark id="personne_morale.76028">
<styleUrl>#personne_morale</styleUrl>			<visibility>0</visibility>
			<ExtendedData>
				<SchemaData schemaUrl="#personne_morale">
					<SimpleData name="Numero de Parcelle">69044000AL0047</SimpleData>
					<SimpleData name="Departement">69</SimpleData>
					<SimpleData name="Commune">CHARBONNIERES-LES-BAINS</SimpleData>
					<SimpleData name="Adresse">23, AV LOUIS MOMET</SimpleData>
					<SimpleData name="Groupe de personne">Personnes morales non remarquables</SimpleData>
					<SimpleData name="Forme Juridique Abregee">SCI</SimpleData>
					<SimpleData name="Denomination">SCI DE LAVENUE LOUIS MOMET</SimpleData>
				</SchemaData>
			</ExtendedData>
	<Region>
		<LatLonAltBox>
			<north> 45.7786761750182 </north>
			<south> 45.7783820937503 </south>
			<east> 4.75393389226775 </east>
			<west> 4.75350882543791 </west>
		</LatLonAltBox>
		<Lod>
			<minLodPixels>100</minLodPixels>
			<maxLodPixels>-1</maxLodPixels>
		</Lod>
	</Region>
			<MultiGeometry>
				<Polygon><altitudeMode>relativeToGround</altitudeMode>
					<outerBoundaryIs>
						<LinearRing>
							<coordinates>								4.75380479092274,45.7783820937503,0 4.75350882543791,45.77838930585559,0 4.75351509931663,45.7786761750182,0 4.75393389226775,45.77866155930929,0 4.75387592368355,45.7786115702067,0 4.75380479092274,45.7783820937503,0 
							</coordinates>
						</LinearRing>
					</outerBoundaryIs>
				</Polygon>
			</MultiGeometry>
		</Placemark>
		<Placemark id="personne_morale.76037">
<styleUrl>#personne_morale</styleUrl>			<visibility>0</visibility>
			<ExtendedData>
				<SchemaData schemaUrl="#personne_morale">
					<SimpleData name="Numero de Parcelle">69044000AN0047</SimpleData>
					<SimpleData name="Departement">69</SimpleData>
					<SimpleData name="Commune">CHARBONNIERES-LES-BAINS</SimpleData>
					<SimpleData name="Adresse">RUE BENOIT BENNIER</SimpleData>
					<SimpleData name="Groupe de personne">Personnes morales non remarquables</SimpleData>
					<SimpleData name="Forme Juridique Abregee">SCI</SimpleData>
					<SimpleData name="Denomination">CLIWEST</SimpleData>
				</SchemaData>
			</ExtendedData>
	<Region>
		<LatLonAltBox>
			<north> 45.775970047676 </north>
			<south> 45.77587394396539 </south>
			<east> 4.74930472067139 </east>
			<west> 4.7492391755546 </west>
		</LatLonAltBox>
		<Lod>
			<minLodPixels>100</minLodPixels>
			<maxLodPixels>-1</maxLodPixels>
		</Lod>
	</Region>
			<MultiGeometry>
				<Polygon><altitudeMode>relativeToGround</altitudeMode>
					<outerBoundaryIs>
						<LinearRing>
							<coordinates>								4.7492391755546,45.77596646748049,0 4.74926387413584,45.775970047676,0 4.74930472067139,45.7758779022117,0 4.74928116862172,45.77587394396539,0 4.7492391755546,45.77596646748049,0 
							</coordinates>
						</LinearRing>
					</outerBoundaryIs>
				</Polygon>
			</MultiGeometry>
		</Placemark>
		<Placemark id="personne_morale.76643">
<styleUrl>#personne_morale</styleUrl>			<visibility>0</visibility>
			<ExtendedData>
				<SchemaData schemaUrl="#personne_morale">
					<SimpleData name="Numero de Parcelle">69044000AI0477</SimpleData>
					<SimpleData name="Departement">69</SimpleData>
					<SimpleData name="Commune">CHARBONNIERES-LES-BAINS</SimpleData>
					<SimpleData name="Adresse">25, CHE DU BARTHELEMY</SimpleData>
					<SimpleData name="Groupe de personne">Personnes morales non remarquables</SimpleData>
					<SimpleData name="Forme Juridique Abregee">SAS</SimpleData>
					<SimpleData name="Denomination">DANI ALU INTERNATIONAL</SimpleData>
				</SchemaData>
			</ExtendedData>
	<Region>
		<LatLonAltBox>
			<north> 45.7845600801581 </north>
			<south> 45.78416241675531 </south>
			<east> 4.74056282790793 </east>
			<west> 4.74014162326172 </west>
		</LatLonAltBox>
		<Lod>
			<minLodPixels>100</minLodPixels>
			<maxLodPixels>-1</maxLodPixels>
		</Lod>
	</Region>
			<MultiGeometry>
				<Polygon><altitudeMode>relativeToGround</altitudeMode>
					<outerBoundaryIs>
						<LinearRing>
							<coordinates>								4.74014162326172,45.7842455873582,0 4.74029571754522,45.7845600801581,0 4.74041106655308,45.7845192104058,0 4.74056282790793,45.78446543918359,0 4.7404943177934,45.78416241675531,0 4.74014162326172,45.7842455873582,0 
							</coordinates>
						</LinearRing>
					</outerBoundaryIs>
				</Polygon>
			</MultiGeometry>
		</Placemark>
		<Placemark id="personne_morale.77324">
<styleUrl>#personne_morale</styleUrl>			<visibility>0</visibility>
			<ExtendedData>
				<SchemaData schemaUrl="#personne_morale">
					<SimpleData name="Numero de Parcelle">69044000AI0484</SimpleData>
					<SimpleData name="Departement">69</SimpleData>
					<SimpleData name="Commune">CHARBONNIERES-LES-BAINS</SimpleData>
					<SimpleData name="Adresse">30, CHE TRACOL</SimpleData>
					<SimpleData name="Groupe de personne">Personnes morales non remarquables</SimpleData>
					<SimpleData name="Forme Juridique Abregee">SARL</SimpleData>
					<SimpleData name="Denomination">FR IMMOBILIER</SimpleData>
				</SchemaData>
			</ExtendedData>
	<Region>
		<LatLonAltBox>
			<north> 45.7809259144082 </north>
			<south> 45.7804070774255 </south>
			<east> 4.742554120548 </east>
			<west> 4.74174066424591 </west>
		</LatLonAltBox>
		<Lod>
			<minLodPixels>100</minLodPixels>
			<maxLodPixels>-1</maxLodPixels>
		</Lod>
	</Region>
			<MultiGeometry>
				<Polygon><altitudeMode>relativeToGround</altitudeMode>
					<outerBoundaryIs>
						<LinearRing>
							<coordinates>								4.74174066424591,45.7806280804641,0 4.7417691024084,45.78063998119,0 4.74205331810967,45.780749623258,0 4.74208303171246,45.780761143932,0 4.74223145988798,45.7808183890632,0 4.74250685706866,45.7809259144082,0 4.74250661196877,45.7809222252873,0 4.74250649553595,45.7809185341795,0 4.74250625043612,45.78091484505859,0 4.74250613684317,45.7809112439777,0 4.74250602041041,45.7809075528698,0 4.74250577531066,45.780903863749,0 4.74250565887794,45.7809001726411,0 4.74250567111222,45.7808964795462,0 4.74250542601254,45.78089279042531,0 4.74250543824684,45.7808890973305,0 4.742505324654,45.7808854962496,0 4.7425053368883,45.7808818031548,0 4.74250547778955,45.7808781080729,0 4.7425053613569,45.780874416965,0 4.74250563092506,45.7808707198962,0 4.74250564315934,45.7808670268013,0 4.74250565823344,45.78086342373351,0 4.74250579913462,45.78085972865161,0 4.74250606870267,45.7808560315828,0 4.74250608945638,45.780852608569,0 4.74250636754385,45.7808491815812,0 4.74250651696441,45.78084575658039,0 4.74250666354512,45.7808422415526,0 4.7425069416325,45.7808388145648,0 4.74250721971984,45.780835387577,0 4.74250736914031,45.78083196257621,0 4.74250764722759,45.7808285355884,0 4.74250805398166,45.7808251066136,0 4.74250820340205,45.78082168161281,0 4.74250861015604,45.780818252638,0 4.74250901974979,45.7808149136903,0 4.74250942650368,45.7808114847155,0 4.74250983325751,45.78080805574071,0 4.74251036867807,45.7808046247789,0 4.74251064676503,45.78080119779109,0 4.74251118218547,45.7807977668293,0 4.74251171760584,45.7807943358675,0 4.74251199569267,45.7807909088797,0 4.74251253395275,45.78078756794489,0 4.74251306937294,45.7807841369831,0 4.74251360479307,45.7807807060213,0 4.74251426887984,45.7807772730725,0 4.74251493296653,45.78077384012371,0 4.74251559989297,45.78077049720189,0 4.74251639548601,45.7807671522931,0 4.74251719107896,45.7807638073843,0 4.74251798383197,45.7807603724485,0 4.74251890809139,45.7807570255526,0 4.7425198323507,45.7807536786568,0 4.74252075660989,45.7807503317609,0 4.74252181237546,45.7807470729051,0 4.74252299396769,45.7807437220352,0 4.74252404689315,45.7807403731523,0 4.74252523132494,45.7807371123094,0 4.74252654158336,45.7807337594525,0 4.74252760018812,45.78073059062361,0 4.74252878745935,45.78072741980769,0 4.74252997473044,45.7807242489917,0 4.74253129350783,45.7807211662158,0 4.74253248077864,45.7807179953998,0 4.74253392822231,45.7807149106368,0 4.74253537566581,45.7807118258738,0 4.74253669444261,45.7807087430978,0 4.74253827339221,45.78070574637471,0 4.74253984950176,45.7807026596247,0 4.74254129978449,45.7806996648886,0 4.74254287305383,45.7806964881114,0 4.74254458066926,45.7806934894012,0 4.742554120548,45.7806735264804,0 4.74235520179259,45.7805867976325,0 4.74228341314089,45.78055548063419,0 4.74222964171731,45.7805321719163,0 4.74209898441934,45.7804751027786,0 4.74194287984277,45.7804070774255,0 4.74193976539552,45.7804103680575,0 4.74178894607108,45.78057527420921,0 4.74174415052361,45.780624333744,0 4.74174066424591,45.7806280804641,0 
							</coordinates>
						</LinearRing>
					</outerBoundaryIs>
				</Polygon>
			</MultiGeometry>
		</Placemark>
		<Placemark id="personne_morale.77698">
<styleUrl>#personne_morale</styleUrl>			<visibility>0</visibility>
			<ExtendedData>
				<SchemaData schemaUrl="#personne_morale">
					<SimpleData name="Numero de Parcelle">69044000AI0049</SimpleData>
					<SimpleData name="Departement">69</SimpleData>
					<SimpleData name="Commune">CHARBONNIERES-LES-BAINS</SimpleData>
					<SimpleData name="Adresse">23, AV LAMARTINE</SimpleData>
					<SimpleData name="Groupe de personne">Personnes morales non remarquables</SimpleData>
					<SimpleData name="Forme Juridique Abregee">SCI</SimpleData>
					<SimpleData name="Denomination">GAUVILLE</SimpleData>
				</SchemaData>
			</ExtendedData>
	<Region>
		<LatLonAltBox>
			<north> 45.781364962865 </north>
			<south> 45.780904448988 </south>
			<east> 4.740477330312 </east>
			<west> 4.73975525841584 </west>
		</LatLonAltBox>
		<Lod>
			<minLodPixels>100</minLodPixels>
			<maxLodPixels>-1</maxLodPixels>
		</Lod>
	</Region>
			<MultiGeometry>
				<Polygon><altitudeMode>relativeToGround</altitudeMode>
					<outerBoundaryIs>
						<LinearRing>
							<coordinates>								4.73998140552161,45.780904448988,0 4.73975525841584,45.7812160683081,0 4.74016364715864,45.781364962865,0 4.74035653289918,45.7811907633723,0 4.740477330312,45.7810819860819,0 4.73998140552161,45.780904448988,0 
							</coordinates>
						</LinearRing>
					</outerBoundaryIs>
				</Polygon>
			</MultiGeometry>
		</Placemark>
		<Placemark id="personne_morale.77730">
<styleUrl>#personne_morale</styleUrl>			<visibility>0</visibility>
			<ExtendedData>
				<SchemaData schemaUrl="#personne_morale">
					<SimpleData name="Numero de Parcelle">69044000AO0049</SimpleData>
					<SimpleData name="Departement">69</SimpleData>
					<SimpleData name="Commune">CHARBONNIERES-LES-BAINS</SimpleData>
					<SimpleData name="Adresse">66, RTE DE SAIN BEL</SimpleData>
					<SimpleData name="Groupe de personne">Personnes morales non remarquables</SimpleData>
					<SimpleData name="Forme Juridique Abregee">SARL</SimpleData>
					<SimpleData name="Denomination">NOOVEL-R</SimpleData>
				</SchemaData>
			</ExtendedData>
	<Region>
		<LatLonAltBox>
			<north> 45.7720812684734 </north>
			<south> 45.7711895574852 </south>
			<east> 4.74332275553458 </east>
			<west> 4.7420073323344 </west>
		</LatLonAltBox>
		<Lod>
			<minLodPixels>100</minLodPixels>
			<maxLodPixels>-1</maxLodPixels>
		</Lod>
	</Region>
			<MultiGeometry>
				<Polygon><altitudeMode>relativeToGround</altitudeMode>
					<outerBoundaryIs>
						<LinearRing>
							<coordinates>								4.7420073323344,45.7712292146465,0 4.74248302224098,45.77157980991269,0 4.74312566089574,45.7720530223695,0 4.74316297675988,45.7720812684734,0 4.74332275553458,45.7716953679418,0 4.74314812464435,45.7713004935929,0 4.74292218506705,45.7713843276214,0 4.74258874652733,45.7715081018051,0 4.7424863854202,45.771494641028,0 4.74206734651142,45.7711895574852,0 4.7420073323344,45.7712292146465,0 
							</coordinates>
						</LinearRing>
					</outerBoundaryIs>
				</Polygon>
			</MultiGeometry>
		</Placemark>
		<Placemark id="personne_morale.78577">
<styleUrl>#personne_morale</styleUrl>			<visibility>0</visibility>
			<ExtendedData>
				<SchemaData schemaUrl="#personne_morale">
					<SimpleData name="Numero de Parcelle">69044000AP0005</SimpleData>
					<SimpleData name="Departement">69</SimpleData>
					<SimpleData name="Commune">CHARBONNIERES-LES-BAINS</SimpleData>
					<SimpleData name="Adresse">LE CHAPOLY</SimpleData>
					<SimpleData name="Groupe de personne">Personnes morales non remarquables</SimpleData>
					<SimpleData name="Forme Juridique Abregee">SAS</SimpleData>
					<SimpleData name="Denomination">LES REGIES DE LOPERA</SimpleData>
				</SchemaData>
			</ExtendedData>
	<Region>
		<LatLonAltBox>
			<north> 45.7769724663122 </north>
			<south> 45.7764930625102 </south>
			<east> 4.73651157069676 </east>
			<west> 4.73586549907281 </west>
		</LatLonAltBox>
		<Lod>
			<minLodPixels>100</minLodPixels>
			<maxLodPixels>-1</maxLodPixels>
		</Lod>
	</Region>
			<MultiGeometry>
				<Polygon><altitudeMode>relativeToGround</altitudeMode>
					<outerBoundaryIs>
						<LinearRing>
							<coordinates>								4.73586549907281,45.77668381066101,0 4.73623169495817,45.77690461379989,0 4.7363092314325,45.7769511580824,0 4.73631613502223,45.7769455575293,0 4.73635855741789,45.7769724663122,0 4.73640452553395,45.7769278944414,0 4.73651157069676,45.7768239266465,0 4.73626528090737,45.7766503677927,0 4.73605142579229,45.7764930625102,0 4.73586549907281,45.77668381066101,0 
							</coordinates>
						</LinearRing>
					</outerBoundaryIs>
				</Polygon>
			</MultiGeometry>
		</Placemark>
		<Placemark id="personne_morale.78822">
<styleUrl>#personne_morale</styleUrl>			<visibility>0</visibility>
			<ExtendedData>
				<SchemaData schemaUrl="#personne_morale">
					<SimpleData name="Numero de Parcelle">69044000AN0050</SimpleData>
					<SimpleData name="Departement">69</SimpleData>
					<SimpleData name="Commune">CHARBONNIERES-LES-BAINS</SimpleData>
					<SimpleData name="Adresse">22, RUE BENOIT BENNIER</SimpleData>
					<SimpleData name="Groupe de personne">Personnes morales non remarquables</SimpleData>
					<SimpleData name="Forme Juridique Abregee">SCI</SimpleData>
					<SimpleData name="Denomination">CLIWEST</SimpleData>
				</SchemaData>
			</ExtendedData>
	<Region>
		<LatLonAltBox>
			<north> 45.77576885362811 </north>
			<south> 45.7750564346181 </south>
			<east> 4.7486196358831 </east>
			<west> 4.7479577468374 </west>
		</LatLonAltBox>
		<Lod>
			<minLodPixels>100</minLodPixels>
			<maxLodPixels>-1</maxLodPixels>
		</Lod>
	</Region>
			<MultiGeometry>
				<Polygon><altitudeMode>relativeToGround</altitudeMode>
					<outerBoundaryIs>
						<LinearRing>
							<coordinates>								4.7479577468374,45.7753672695514,0 4.74805489810183,45.7753622515945,0 4.74809068399204,45.77563488245901,0 4.74820705982306,45.7756272246667,0 4.74827488114493,45.7756227510603,0 4.74829296848262,45.7757387524466,0 4.74829765388394,45.77576885362811,0 4.74838768422192,45.7757625046027,0 4.74842903984399,45.7757596119521,0 4.74850147578725,45.7757545262734,0 4.7486196358831,45.7757462999808,0 4.74852739281401,45.7750564346181,0 4.74840924557623,45.7750650209212,0 4.74822907274846,45.77507817106199,0 4.74821006625544,45.7750795464236,0 4.7479577468374,45.7753672695514,0 
							</coordinates>
						</LinearRing>
					</outerBoundaryIs>
				</Polygon>
			</MultiGeometry>
		</Placemark>
		<Placemark id="personne_morale.78830">
<styleUrl>#personne_morale</styleUrl>			<visibility>0</visibility>
			<ExtendedData>
				<SchemaData schemaUrl="#personne_morale">
					<SimpleData name="Numero de Parcelle">69044000AO0050</SimpleData>
					<SimpleData name="Departement">69</SimpleData>
					<SimpleData name="Commune">CHARBONNIERES-LES-BAINS</SimpleData>
					<SimpleData name="Adresse">66, RTE DE SAIN BEL</SimpleData>
					<SimpleData name="Groupe de personne">Personnes morales non remarquables</SimpleData>
					<SimpleData name="Forme Juridique Abregee">AUPM</SimpleData>
					<SimpleData name="Denomination">ASSOCIES DU LOTISSEMENT 2000 SA</SimpleData>
				</SchemaData>
			</ExtendedData>
	<Region>
		<LatLonAltBox>
			<north> 45.7712292146465 </north>
			<south> 45.7705551621475 </south>
			<east> 4.74208686167703 </east>
			<west> 4.74116176783095 </west>
		</LatLonAltBox>
		<Lod>
			<minLodPixels>100</minLodPixels>
			<maxLodPixels>-1</maxLodPixels>
		</Lod>
	</Region>
			<MultiGeometry>
				<Polygon><altitudeMode>relativeToGround</altitudeMode>
					<outerBoundaryIs>
						<LinearRing>
							<coordinates>								4.7413631451532,45.7705551621475,0 4.74116176783095,45.77069959144589,0 4.74128828660639,45.77069962025979,0 4.74183880261221,45.771105087183,0 4.7420073323344,45.7712292146465,0 4.74206734651142,45.7711895574852,0 4.74208686167703,45.77109414134571,0 4.74199314099426,45.7710281254921,0 4.74186901461397,45.7710264392436,0 4.74165126059537,45.77086776377351,0 4.74136724816074,45.7706608419373,0 4.7413631451532,45.7705551621475,0 
							</coordinates>
						</LinearRing>
					</outerBoundaryIs>
				</Polygon>
			</MultiGeometry>
		</Placemark>
		<Placemark id="personne_morale.78870">
<styleUrl>#personne_morale</styleUrl>			<visibility>0</visibility>
			<ExtendedData>
				<SchemaData schemaUrl="#personne_morale">
					<SimpleData name="Numero de Parcelle">69044000AX0050</SimpleData>
					<SimpleData name="Departement">69</SimpleData>
					<SimpleData name="Commune">CHARBONNIERES-LES-BAINS</SimpleData>
					<SimpleData name="Adresse">LE BUCLAY</SimpleData>
					<SimpleData name="Groupe de personne">Personnes morales non remarquables</SimpleData>
					<SimpleData name="Forme Juridique Abregee">ASS</SimpleData>
					<SimpleData name="Denomination">PROPRIETAIRES PARCELLE AX50 LOTISSEMENT LE BUCLAY</SimpleData>
				</SchemaData>
			</ExtendedData>
	<Region>
		<LatLonAltBox>
			<north> 45.7873779443096 </north>
			<south> 45.7858386148745 </south>
			<east> 4.74643189800147 </east>
			<west> 4.74536501754539 </west>
		</LatLonAltBox>
		<Lod>
			<minLodPixels>100</minLodPixels>
			<maxLodPixels>-1</maxLodPixels>
		</Lod>
	</Region>
			<MultiGeometry>
				<Polygon><altitudeMode>relativeToGround</altitudeMode>
					<outerBoundaryIs>
						<LinearRing>
							<coordinates>								4.74602443058829,45.7866409442473,0 4.74603548954902,45.78665275257831,0 4.74604705754387,45.78666437289019,0 4.74605830780444,45.786678159821,0 4.74606920902659,45.7866931230743,0 4.74607904381421,45.78670693190471,0 4.74608652251569,45.7867195161963,0 4.74608842649616,45.7867227292916,0 4.74609033332283,45.7867260324138,0 4.74609210577734,45.7867291574731,0 4.746093883924,45.7867324625863,0 4.74609566207086,45.7867357676995,0 4.746097182857,45.78673907679489,0 4.74609870364333,45.78674238589019,0 4.74610022442983,45.78674569498549,0 4.74610161653603,45.7867490060719,0 4.74610301148838,45.7867524071852,0 4.74610440644091,45.7867558082985,0 4.74610554118658,45.7867591233671,0 4.74610667593239,45.7867624384356,0 4.74610794220487,45.78676584154,0 4.74610895396241,45.7867693386535,0 4.74610983419355,45.7867727477311,0 4.74611084310534,45.7867761548177,0 4.7461117233367,45.7867795638953,0 4.7461124777336,45.78678306499101,0 4.74611323213059,45.7867865660867,0 4.74611468624045,45.78679591097001,0 4.7461159285257,45.7868067002668,0 4.7461150885427,45.78682085440991,0 4.74611506678984,45.78683238383351,0 4.74611479905958,45.7868442773471,0 4.74611376270114,45.7868522196302,0 4.74611236876021,45.7868610681562,0 4.74610999090871,45.7868713730424,0 4.74610931843412,45.7868745359324,0 4.74610864880546,45.7868777888495,0 4.74610772181512,45.7868810457487,0 4.74610666329787,45.786884214612,0 4.7461056019345,45.7868872934484,0 4.74610454341701,45.7868904623118,0 4.74610309601092,45.78689354712139,0 4.74610164860466,45.78689663193109,0 4.74610019835226,45.7868996267138,0 4.74609861941885,45.7869026234875,0 4.74609678312356,45.7869056242434,0 4.74609494682807,45.78690862499929,0 4.74609311053238,45.7869116257552,0 4.74609101402876,45.7869145404662,0 4.74608891467895,45.78691736515021,0 4.74608668380206,45.7869201017983,0 4.74608432424406,45.7869228404375,0 4.74608183600493,45.78692558106771,0 4.7460793506115,45.7869284117248,0 4.74607659931813,45.7869309762831,0 4.74607110811439,45.7869364655073,0 4.74606092686288,45.786944279074,0 4.74604859218296,45.786953206811,0 4.7460340926893,45.7869628886097,0 4.74601982493983,45.7869717561818,0 4.74600831986829,45.7869784193034,0 4.74598867596469,45.7869882707627,0 4.7459654232924,45.78699799791101,0 4.74594088380093,45.7870077449636,0 4.74590030406503,45.7870232345059,0 4.74586323916536,45.7870358774547,0 4.74581586773846,45.7870523727497,0 4.74579185145785,45.78706238188779,0 4.74575736013235,45.787074984987,0 4.74571966314029,45.78708799795001,0 4.74570098315378,45.7870957628137,0 4.74568791392473,45.7871018196016,0 4.74567486745525,45.7871085966037,0 4.74566172644464,45.7871164559186,0 4.74565341272679,45.7871222589964,0 4.74564613983936,45.787128406257,0 4.74563929851852,45.7871359879768,0 4.74563372978386,45.78714309965581,0 4.7456269169118,45.78715158164459,0 4.74562109650149,45.787158877358,0 4.74561813553438,45.7871670295488,0 4.74561514611427,45.78717428146991,0 4.74561225976802,45.7871807211577,0 4.74561019103355,45.7871885893337,0 4.74560880269389,45.78719761790749,0 4.74560810108714,45.7872039337291,0 4.74560773081866,45.7872125862708,0 4.74560755312113,45.78721511100699,0 4.74560737542359,45.7872176357432,0 4.74560732640763,45.7872201584889,0 4.7456075347549,45.7872226772535,0 4.74560748573895,45.7872251999992,0 4.74560769408624,45.7872277187638,0 4.74560777375192,45.7872302395189,0 4.74560811078088,45.787232756293,0 4.74560844780987,45.7872352730671,0 4.74560878483889,45.7872377898412,0 4.7456092505496,45.7872403046247,0 4.74560958757869,45.7872428213988,0 4.7456103106528,45.7872453322013,0 4.74561090504531,45.7872478449943,0 4.74561149659266,45.78725026776029,0 4.74561209098528,45.7872527805533,0 4.74561294274132,45.7872552893652,0 4.74561379165223,45.7872577081501,0 4.74561464056322,45.7872601269351,0 4.74561526056303,45.7872634499708,0 4.7456165239715,45.78726676305369,0 4.74561778738011,45.78727007613671,0 4.74561917947061,45.78727338722909,0 4.74562069739779,45.787276606304,0 4.74562221817037,45.7872799154058,0 4.7456239934614,45.7872831304996,0 4.74562576875264,45.78728634559329,0 4.74562766988062,45.78728946866941,0 4.74562969684535,45.787292499728,0 4.74563185533732,45.787295618823,0 4.74563401382954,45.787298737918,0 4.74563629815854,45.7873017649953,0 4.7456387111696,45.78730479008199,0 4.7456412471722,45.78730763312421,0 4.74564378602034,45.78731056619331,0 4.74564644786002,45.7873133172179,0 4.7456493699089,45.7873161542881,0 4.74565216327625,45.7873189933489,0 4.74565612047102,45.78732199454831,0 4.7456599432938,45.7873248176841,0 4.74566402632597,45.7873277268657,0 4.74566798067671,45.7873306380376,0 4.74567218670098,45.7873333651743,0 4.74567651856222,45.7873360002933,0 4.74568084757854,45.7873385453851,0 4.74568517659526,45.7873410904768,0 4.74568962860358,45.7873434535237,0 4.74569433797608,45.7873458125892,0 4.74569904450362,45.7873480816275,0 4.74570387971346,45.787350348675,0 4.74570870638757,45.7873523456414,0 4.74571366174395,45.7873543406169,0 4.74571874293721,45.7873562435746,0 4.74572381844002,45.7873579664781,0 4.74572889678856,45.7873597794083,0 4.74573422396504,45.7873613182761,0 4.74573942245989,45.7873628591343,0 4.74574449227309,45.787364401983,0 4.74575006827801,45.7873656667877,0 4.74575564428319,45.7873669315922,0 4.74576122028862,45.7873681963964,0 4.74576679060337,45.7873692811464,0 4.74577248960029,45.7873703639053,0 4.74577805991547,45.7873714486548,0 4.74578375037634,45.7873722613323,0 4.74578944368289,45.7873731640365,0 4.74579513129859,45.7873738866865,0 4.74580095044192,45.7873746973724,0 4.74580663521239,45.7873753299948,0 4.74581257450137,45.7873758686085,0 4.74581825642655,45.7873764112034,0 4.74582406134267,45.78737677175329,0 4.74582986910444,45.7873772223299,0 4.74583554533876,45.78737758487,0 4.7458414704003,45.78737767334729,0 4.74584727247111,45.787377943869,0 4.74585306600514,45.7873779443096,0 4.74585911405748,45.78737785074121,0 4.74586477890954,45.787377853172,0 4.74587043807032,45.7873776755485,0 4.74587610007671,45.7873775879518,0 4.74588175639177,45.78737732030079,0 4.74588741270677,45.78737705264949,0 4.74589306902172,45.787376784998,0 4.74589871964524,45.7873763372923,0 4.74590424443241,45.7873759816041,0 4.74590989505576,45.7873755338977,0 4.7459155399876,45.7873749061372,0 4.74592105623735,45.7873742803673,0 4.74592656964125,45.78737356457021,0 4.7459322145727,45.78737293680881,0 4.74593772797632,45.7873722210111,0 4.74594323568828,45.7873713251593,0 4.74594874340007,45.7873704293071,0 4.74595425111167,45.78736953345469,0 4.74595975313154,45.78736845754811,0 4.74596525799697,45.7873674716682,0 4.74597204114414,45.7873661957977,0 4.7459785583897,45.7873646538277,0 4.74598494410714,45.78736302382141,0 4.74599132697837,45.7873613037878,0 4.74599784137696,45.7873596717899,0 4.74600409271963,45.7873578637195,0 4.7460104727438,45.78735605365789,0 4.7460167183939,45.787354065533,0 4.74602296404354,45.7873520774077,0 4.74602920684685,45.7873499992551,0 4.74603544964968,45.7873479211022,0 4.74604156377016,45.7873458449399,0 4.74604767219833,45.7873435887234,0 4.74605365194412,45.7873413344976,0 4.74605975752535,45.7873389882535,0 4.7460657344242,45.7873366440001,0 4.74607170847658,45.7873342097195,0 4.74607742231876,45.7873316893937,0 4.74608326484226,45.78732916707649,0 4.74610229674727,45.7873203158527,0 4.74612106559049,45.787311288554,0 4.74613740085807,45.7873026591916,0 4.74614976406256,45.7872946317143,0 4.74616227017575,45.7872870523793,0 4.74617312049986,45.78728003909,0 4.74618408242605,45.7872724836467,0 4.74619578513159,45.7872639259586,0 4.74621178331687,45.7872527798131,0 4.74622873694717,45.78723927703469,0 4.74624821296866,45.7872241139433,0 4.74626413712878,45.7872106270897,0 4.74627470729154,45.78720289755749,0 4.74628732556813,45.7871907228515,0 4.74630283235496,45.7871762516699,0 4.74631503041868,45.7871630026114,0 4.74632733154062,45.7871489413176,0 4.74633899209579,45.7871349800063,0 4.74635082461551,45.7871183139026,0 4.74636116703451,45.7871033822064,0 4.74638410264942,45.78707141234581,0 4.74639120406894,45.7870639166249,0 4.74639845183611,45.78705290586971,0 4.74640552252883,45.7870403666474,0 4.74641148917173,45.7870295558597,0 4.74641711590126,45.7870161382731,0 4.74642200754637,45.7870039029853,0 4.74642514604558,45.786993226036,0 4.74642914889308,45.7869773115918,0 4.74642980142491,45.78697351851121,0 4.74643045395664,45.7869697254306,0 4.74643084627978,45.7869658463059,0 4.74643123575633,45.7869618771544,0 4.74643162807936,45.7869579980297,0 4.74643163435947,45.7869541248795,0 4.74643189800147,45.78695024774639,0 4.74643177275409,45.78694628656071,0 4.74643177903418,45.7869424134105,0 4.74643165663336,45.7869385422517,0 4.7464314027051,45.78693458305749,0 4.74643102294251,45.7869307158817,0 4.74643064317998,45.78692684870591,0 4.74643013189009,45.7869228934946,0 4.74642962344679,45.78691902831029,0 4.74642885764184,45.7869151671089,0 4.74642809183699,45.7869113059075,0 4.74642732603225,45.7869074447061,0 4.74642630286594,45.78690358748769,0 4.74641889473023,45.78687695104879,0 4.74641196598963,45.7868573327285,0 4.74640582867451,45.7868423858519,0 4.74639782436464,45.7868253962353,0 4.74639093489836,45.786811091495,0 4.74638175824011,45.7867936696653,0 4.74636641346075,45.786776613503,0 4.74635222966182,45.7867596294432,0 4.74633741385473,45.78674301544611,0 4.74632120534255,45.7867271435676,0 4.74630259176047,45.7867125698992,0 4.74628465859167,45.7866991566217,0 4.74627041671493,45.7866884784207,0 4.74622142787459,45.78666194498589,0 4.74618625564412,45.78664078213529,0 4.74610518934466,45.7865891648509,0 4.74593559048874,45.78643299382041,0 4.74568575151502,45.7862024042416,0 4.74567454127793,45.7861898776514,0 4.74566102969052,45.78617378382171,0 4.74565188971194,45.78616158548769,0 4.74564325022781,45.7861489290558,0 4.74563498540411,45.78613590654371,0 4.74562843893483,45.7861242985852,0 4.74562225289886,45.786111874412,0 4.74561630430755,45.7860988160687,0 4.74561223119848,45.7860880705586,0 4.74560936237119,45.7860746943611,0 4.74560696842894,45.78606004982381,0 4.74560542622504,45.78604791409839,0 4.74560414422466,45.7860358644188,0 4.74560591986759,45.786018723466,0 4.74560856496426,45.7860005782828,0 4.74560910153745,45.7859890408977,0 4.74561741702973,45.7859710782116,0 4.74562452035058,45.7859514229276,0 4.7456362782122,45.7859364694025,0 4.74564684032804,45.7859244166448,0 4.74566234059327,45.78591381870189,0 4.74567646522212,45.7859045030312,0 4.74568877632437,45.7858989083235,0 4.74570495126512,45.7858892907183,0 4.74570326990872,45.78588904651581,0 4.74554406721203,45.7858661993071,0 4.74541768551359,45.7858471676329,0 4.74536501754539,45.7858386148745,0 4.74539041137898,45.7858477696305,0 4.74540774181364,45.78585434697099,0 4.74541924473959,45.7858598435226,0 4.74542790820726,45.7858651137794,0 4.74543631431965,45.7858703880162,0 4.7454424987611,45.7858746157647,0 4.74545303135049,45.7858860720059,0 4.74546092209614,45.78589540740619,0 4.74546885551809,45.7859060932105,0 4.74547613351342,45.7859204820622,0 4.745481718776,45.7859342665998,0 4.74548641685915,45.7859525684085,0 4.74548915697164,45.7859659465995,0 4.74549034090493,45.7859830417713,0 4.74548956839675,45.7860034097603,0 4.74548751260101,45.78601983447629,0 4.74548682456373,45.78603065363561,0 4.74548818335197,45.78604513404459,0 4.7454888937127,45.7860553911477,0 4.74548989338212,45.78606258136269,0 4.74549781917711,45.78608524672299,0 4.74550575985847,45.7861043090136,0 4.7455116565599,45.7861198000813,0 4.74551805725504,45.7861308698752,0 4.7455688845118,45.7862074546268,0 4.74602443058829,45.7866409442473,0 
							</coordinates>
						</LinearRing>
					</outerBoundaryIs>
				</Polygon>
			</MultiGeometry>
		</Placemark>
		<Placemark id="personne_morale.79183">
<styleUrl>#personne_morale</styleUrl>			<visibility>0</visibility>
			<ExtendedData>
				<SchemaData schemaUrl="#personne_morale">
					<SimpleData name="Numero de Parcelle">69044000AI0503</SimpleData>
					<SimpleData name="Departement">69</SimpleData>
					<SimpleData name="Commune">CHARBONNIERES-LES-BAINS</SimpleData>
					<SimpleData name="Adresse">3, AV ALEXIS BREVET</SimpleData>
					<SimpleData name="Groupe de personne">Personnes morales non remarquables</SimpleData>
					<SimpleData name="Forme Juridique Abregee">SCI</SimpleData>
					<SimpleData name="Denomination">IML INVEST</SimpleData>
				</SchemaData>
			</ExtendedData>
	<Region>
		<LatLonAltBox>
			<north> 45.77946448945369 </north>
			<south> 45.7790784944179 </south>
			<east> 4.742950123245 </east>
			<west> 4.7422806802266 </west>
		</LatLonAltBox>
		<Lod>
			<minLodPixels>100</minLodPixels>
			<maxLodPixels>-1</maxLodPixels>
		</Lod>
	</Region>
			<MultiGeometry>
				<Polygon><altitudeMode>relativeToGround</altitudeMode>
					<outerBoundaryIs>
						<LinearRing>
							<coordinates>								4.74289920078846,45.77946448945369,0 4.74288148920806,45.7794457580843,0 4.74287951096804,45.77944425743651,0 4.7428618241149,45.7794303895097,0 4.74284518841072,45.7793396748845,0 4.74291319653294,45.77919000743331,0 4.74293967261644,45.77914789563619,0 4.742950123245,45.7791323320815,0 4.74279691475785,45.7790784944179,0 4.74279555343147,45.7790802267916,0 4.74273526252011,45.7791195282219,0 4.74262628037525,45.7791700298615,0 4.74258354462361,45.77918230902731,0 4.74231347917147,45.7792598873761,0 4.7422806802266,45.77938316043,0 4.74254036920107,45.7794173402297,0 4.74277821209908,45.7794486143164,0 4.74281647262231,45.77945360774179,0 4.74289920078846,45.77946448945369,0 
							</coordinates>
						</LinearRing>
					</outerBoundaryIs>
				</Polygon>
			</MultiGeometry>
		</Placemark>
		<Placemark id="personne_morale.79660">
<styleUrl>#personne_morale</styleUrl>			<visibility>0</visibility>
			<ExtendedData>
				<SchemaData schemaUrl="#personne_morale">
					<SimpleData name="Numero de Parcelle">69044000AE0051</SimpleData>
					<SimpleData name="Departement">69</SimpleData>
					<SimpleData name="Commune">CHARBONNIERES-LES-BAINS</SimpleData>
					<SimpleData name="Adresse">21, CHE DU SIROUX</SimpleData>
					<SimpleData name="Groupe de personne">Personnes morales non remarquables</SimpleData>
					<SimpleData name="Forme Juridique Abregee">SARL</SimpleData>
					<SimpleData name="Denomination">SARL LA PARISIENNE</SimpleData>
				</SchemaData>
			</ExtendedData>
	<Region>
		<LatLonAltBox>
			<north> 45.781710005865 </north>
			<south> 45.7813718723078 </south>
			<east> 4.75114788028863 </east>
			<west> 4.75068543882214 </west>
		</LatLonAltBox>
		<Lod>
			<minLodPixels>100</minLodPixels>
			<maxLodPixels>-1</maxLodPixels>
		</Lod>
	</Region>
			<MultiGeometry>
				<Polygon><altitudeMode>relativeToGround</altitudeMode>
					<outerBoundaryIs>
						<LinearRing>
							<coordinates>								4.75068543882214,45.7816566130508,0 4.75071891802938,45.7816609574468,0 4.75101427813333,45.78169906809,0 4.75109881548988,45.781710005865,0 4.75111800575404,45.7816372008187,0 4.75114788028863,45.7814344375051,0 4.75073936416851,45.7813718723078,0 4.75072428625434,45.7814282205391,0 4.75073875983443,45.7814299775352,0 4.75068543882214,45.7816566130508,0 
							</coordinates>
						</LinearRing>
					</outerBoundaryIs>
				</Polygon>
			</MultiGeometry>
		</Placemark>
		<Placemark id="personne_morale.79677">
<styleUrl>#personne_morale</styleUrl>			<visibility>0</visibility>
			<ExtendedData>
				<SchemaData schemaUrl="#personne_morale">
					<SimpleData name="Numero de Parcelle">69044000AI0051</SimpleData>
					<SimpleData name="Departement">69</SimpleData>
					<SimpleData name="Commune">CHARBONNIERES-LES-BAINS</SimpleData>
					<SimpleData name="Adresse">27, AV LAMARTINE</SimpleData>
					<SimpleData name="Groupe de personne">Personnes morales non remarquables</SimpleData>
					<SimpleData name="Forme Juridique Abregee">SAS</SimpleData>
					<SimpleData name="Denomination">GERIMMO</SimpleData>
				</SchemaData>
			</ExtendedData>
	<Region>
		<LatLonAltBox>
			<north> 45.7808069672091 </north>
			<south> 45.78034356259751 </south>
			<east> 4.74090014353248 </east>
			<west> 4.74019534214862 </west>
		</LatLonAltBox>
		<Lod>
			<minLodPixels>100</minLodPixels>
			<maxLodPixels>-1</maxLodPixels>
		</Lod>
	</Region>
			<MultiGeometry>
				<Polygon><altitudeMode>relativeToGround</altitudeMode>
					<outerBoundaryIs>
						<LinearRing>
							<coordinates>								4.74036202402001,45.78034356259751,0 4.74019534214862,45.780622110371,0 4.74036361848509,45.78068427592,0 4.74036804703877,45.78068591895949,0 4.7405148327914,45.78074012924241,0 4.74069548638699,45.7808069672091,0 4.74080584092648,45.78066097125131,0 4.74090014353248,45.7805366596995,0 4.74068361562588,45.7804588464399,0 4.7404208758682,45.78036472219781,0 4.74036202402001,45.78034356259751,0 
							</coordinates>
						</LinearRing>
					</outerBoundaryIs>
				</Polygon>
			</MultiGeometry>
		</Placemark>
		<Placemark id="personne_morale.79688">
<styleUrl>#personne_morale</styleUrl>			<visibility>0</visibility>
			<ExtendedData>
				<SchemaData schemaUrl="#personne_morale">
					<SimpleData name="Numero de Parcelle">69044000AK0051</SimpleData>
					<SimpleData name="Departement">69</SimpleData>
					<SimpleData name="Commune">CHARBONNIERES-LES-BAINS</SimpleData>
					<SimpleData name="Adresse">92, RTE DE PARIS</SimpleData>
					<SimpleData name="Groupe de personne">Personnes morales non remarquables</SimpleData>
					<SimpleData name="Forme Juridique Abregee">SCI</SimpleData>
					<SimpleData name="Denomination">SCI L EFFORT</SimpleData>
				</SchemaData>
			</ExtendedData>
	<Region>
		<LatLonAltBox>
			<north> 45.7778013627691 </north>
			<south> 45.7777757124854 </south>
			<east> 4.75134297932048 </east>
			<west> 4.75130707649044 </west>
		</LatLonAltBox>
		<Lod>
			<minLodPixels>100</minLodPixels>
			<maxLodPixels>-1</maxLodPixels>
		</Lod>
	</Region>
			<MultiGeometry>
				<Polygon><altitudeMode>relativeToGround</altitudeMode>
					<outerBoundaryIs>
						<LinearRing>
							<coordinates>								4.75134297932048,45.7777783060855,0 4.75131277598203,45.7777757124854,0 4.75130707649044,45.77779894922101,0 4.75133727413322,45.7778013627691,0 4.75134297932048,45.7777783060855,0 
							</coordinates>
						</LinearRing>
					</outerBoundaryIs>
				</Polygon>
			</MultiGeometry>
		</Placemark>
		<Placemark id="personne_morale.79715">
<styleUrl>#personne_morale</styleUrl>			<visibility>0</visibility>
			<ExtendedData>
				<SchemaData schemaUrl="#personne_morale">
					<SimpleData name="Numero de Parcelle">69044000AN0051</SimpleData>
					<SimpleData name="Departement">69</SimpleData>
					<SimpleData name="Commune">CHARBONNIERES-LES-BAINS</SimpleData>
					<SimpleData name="Adresse">RUE BENOIT BENNIER</SimpleData>
					<SimpleData name="Groupe de personne">Personnes morales non remarquables</SimpleData>
					<SimpleData name="Forme Juridique Abregee">SARL</SimpleData>
					<SimpleData name="Denomination">JOSEPH BAUR IMMOBILIER</SimpleData>
				</SchemaData>
			</ExtendedData>
	<Region>
		<LatLonAltBox>
			<north> 45.77655975701611 </north>
			<south> 45.775014999933 </south>
			<east> 4.74956734515834 </east>
			<west> 4.74820705982306 </west>
		</LatLonAltBox>
		<Lod>
			<minLodPixels>100</minLodPixels>
			<maxLodPixels>-1</maxLodPixels>
		</Lod>
	</Region>
			<MultiGeometry>
				<Polygon><altitudeMode>relativeToGround</altitudeMode>
					<outerBoundaryIs>
						<LinearRing>
							<coordinates>								4.74903888672081,45.775014999933,0 4.74893692673631,45.7750266684746,0 4.74852739281401,45.7750564346181,0 4.7486196358831,45.7757462999808,0 4.74868783473312,45.7757415500638,0 4.74903280855232,45.7757174679525,0 4.74901546184613,45.7757590794616,0 4.74922726617794,45.7758017320771,0 4.7491603306009,45.7759602139706,0 4.74914775672718,45.7759899522021,0 4.74921030044012,45.7760789635114,0 4.74930006633727,45.7761536817886,0 4.74929534808225,45.7761632124005,0 4.74918822016462,45.7762312556543,0 4.74919733116044,45.77623850022589,0 4.74917094660519,45.77625485184861,0 4.74916198421906,45.7762482354682,0 4.74905975669887,45.7763125097112,0 4.74907905638996,45.7763285133747,0 4.7490486341718,45.7763515027461,0 4.74878821645472,45.7764159771466,0 4.74877146019929,45.7764111928884,0 4.7487015375899,45.7762679828855,0 4.74861510239082,45.7760910719955,0 4.74833568849055,45.7760148786518,0 4.74829765388394,45.77576885362811,0 4.74829296848262,45.7757387524466,0 4.74827488114493,45.7756227510603,0 4.74820705982306,45.7756272246667,0 4.74826058235032,45.7760413524214,0 4.74852692271124,45.7761111733779,0 4.7485497760961,45.7761255908472,0 4.74859964390184,45.7762248868844,0 4.74861483142279,45.7762207784498,0 4.74862649380909,45.7762435658086,0 4.7486109203149,45.7762476802267,0 4.74863069772882,45.7762869148814,0 4.74864409547852,45.7762831944659,0 4.74865524083995,45.7763018465688,0 4.7486396644819,45.7763058709641,0 4.74872666970364,45.7764763779665,0 4.74865940631992,45.77649444390461,0 4.74869352490688,45.77655975701611,0 4.74875893260406,45.77654406166759,0 4.74874114226775,45.7765025444581,0 4.74879479043196,45.7764894632706,0 4.74878732716161,45.7764732760965,0 4.74897871211597,45.77642788604369,0 4.74899823539285,45.77646721465,0 4.74898470531648,45.7764789534794,0 4.74901088647694,45.7764683696009,0 4.74903847429726,45.7764574936969,0 4.74906733156891,45.7764460576804,0 4.74908764866124,45.77643727603971,0 4.74909832183041,45.77643287724,0 4.74912773114625,45.7764185503768,0 4.74916472870387,45.7763999625966,0 4.74919031250343,45.7763867758766,0 4.74920586357304,45.7763778879617,0 4.74923426391741,45.7763601540136,0 4.7492843883098,45.7763292931579,0 4.74926551728619,45.77631463394789,0 4.74927942145029,45.7763065821955,0 4.74923847196417,45.77627353051591,0 4.74956734515834,45.7760742380645,0 4.74951567807892,45.7760319852946,0 4.74937071268897,45.7761205211442,0 4.74935326721032,45.77611835971939,0 4.74926726613468,45.7760487171624,0 4.74925934156571,45.7760423549126,0 4.74925577094936,45.7760393478571,0 4.74922556677816,45.7759960416243,0 4.7492391755546,45.77596646748049,0 4.74928116862172,45.77587394396539,0 4.74931486874871,45.7758000135734,0 4.74904547989606,45.7757436623262,0 4.74905833958046,45.77571482038591,0 4.74916684145852,45.7754706670958,0 4.74900062597404,45.7754449615963,0 4.7490195848176,45.775230658958,0 4.74903888672081,45.775014999933,0 
							</coordinates>
						</LinearRing>
					</outerBoundaryIs>
				</Polygon>
			</MultiGeometry>
		</Placemark>
		<Placemark id="personne_morale.80477">
<styleUrl>#personne_morale</styleUrl>			<visibility>0</visibility>
			<ExtendedData>
				<SchemaData schemaUrl="#personne_morale">
					<SimpleData name="Numero de Parcelle">69044000AE0052</SimpleData>
					<SimpleData name="Departement">69</SimpleData>
					<SimpleData name="Commune">CHARBONNIERES-LES-BAINS</SimpleData>
					<SimpleData name="Adresse">65, RTE DE PARIS</SimpleData>
					<SimpleData name="Groupe de personne">Personnes morales non remarquables</SimpleData>
					<SimpleData name="Forme Juridique Abregee">SNC</SimpleData>
					<SimpleData name="Denomination">SNC PLOUTOS</SimpleData>
				</SchemaData>
			</ExtendedData>
	<Region>
		<LatLonAltBox>
			<north> 45.7816566130508 </north>
			<south> 45.78140736260629 </south>
			<east> 4.75073875983443 </east>
			<west> 4.75049230661686 </west>
		</LatLonAltBox>
		<Lod>
			<minLodPixels>100</minLodPixels>
			<maxLodPixels>-1</maxLodPixels>
		</Lod>
	</Region>
			<MultiGeometry>
				<Polygon><altitudeMode>relativeToGround</altitudeMode>
					<outerBoundaryIs>
						<LinearRing>
							<coordinates>								4.75055344261751,45.78140736260629,0 4.75049230661686,45.7816311469153,0 4.75068543882214,45.7816566130508,0 4.75073875983443,45.7814299775352,0 4.75072428625434,45.7814282205391,0 4.75055344261751,45.78140736260629,0 
							</coordinates>
						</LinearRing>
					</outerBoundaryIs>
				</Polygon>
			</MultiGeometry>
		</Placemark>
		<Placemark id="personne_morale.80558">
<styleUrl>#personne_morale</styleUrl>			<visibility>0</visibility>
			<ExtendedData>
				<SchemaData schemaUrl="#personne_morale">
					<SimpleData name="Numero de Parcelle">69044000AT0052</SimpleData>
					<SimpleData name="Departement">69</SimpleData>
					<SimpleData name="Commune">CHARBONNIERES-LES-BAINS</SimpleData>
					<SimpleData name="Adresse">GDES BRUYERES</SimpleData>
					<SimpleData name="Groupe de personne">Personnes morales non remarquables</SimpleData>
					<SimpleData name="Forme Juridique Abregee">AUPM</SimpleData>
					<SimpleData name="Denomination">ASS SYNDICALE LIBRE DES HAUTINIERES</SimpleData>
				</SchemaData>
			</ExtendedData>
	<Region>
		<LatLonAltBox>
			<north> 45.7776856125747 </north>
			<south> 45.7772939733012 </south>
			<east> 4.73286509862631 </east>
			<west> 4.7322258257158 </west>
		</LatLonAltBox>
		<Lod>
			<minLodPixels>100</minLodPixels>
			<maxLodPixels>-1</maxLodPixels>
		</Lod>
	</Region>
			<MultiGeometry>
				<Polygon><altitudeMode>relativeToGround</altitudeMode>
					<outerBoundaryIs>
						<LinearRing>
							<coordinates>								4.7322258257158,45.77739402198619,0 4.73236305323119,45.77755034927859,0 4.7324818573259,45.7776856125747,0 4.73275295196378,45.7776529872871,0 4.7328251849803,45.7774238191473,0 4.73286509862631,45.7772969271353,0 4.7328350872035,45.7772963072132,0 4.73276589286533,45.7772940372794,0 4.73273486911591,45.7772939733012,0 4.73269182766354,45.7772965257768,0 4.73264803966557,45.7772999003357,0 4.73259979095052,45.7773046944361,0 4.7325526082035,45.77731064306509,0 4.73251417708244,45.7773165473608,0 4.73247345832362,45.7773233874761,0 4.73250215299435,45.7773928416598,0 4.73244696183268,45.7774061188627,0 4.73241587513494,45.7773342694878,0 4.73238306101725,45.7773427896104,0 4.73235370374649,45.77735071622359,0 4.73228996702608,45.7773706096407,0 4.73225470953925,45.777383310487,0 4.7322258257158,45.77739402198619,0 
							</coordinates>
						</LinearRing>
					</outerBoundaryIs>
				</Polygon>
			</MultiGeometry>
		</Placemark>
		<Placemark id="personne_morale.81374">
<styleUrl>#personne_morale</styleUrl>			<visibility>0</visibility>
			<ExtendedData>
				<SchemaData schemaUrl="#personne_morale">
					<SimpleData name="Numero de Parcelle">69044000AT0053</SimpleData>
					<SimpleData name="Departement">69</SimpleData>
					<SimpleData name="Commune">CHARBONNIERES-LES-BAINS</SimpleData>
					<SimpleData name="Adresse">GDES BRUYERES</SimpleData>
					<SimpleData name="Groupe de personne">Personnes morales non remarquables</SimpleData>
					<SimpleData name="Forme Juridique Abregee">AUPM</SimpleData>
					<SimpleData name="Denomination">ASS SYNDICALE LIBRE DES HAUTINIERES</SimpleData>
				</SchemaData>
			</ExtendedData>
	<Region>
		<LatLonAltBox>
			<north> 45.7774061188627 </north>
			<south> 45.7773233874761 </south>
			<east> 4.73250215299435 </east>
			<west> 4.73241587513494 </west>
		</LatLonAltBox>
		<Lod>
			<minLodPixels>100</minLodPixels>
			<maxLodPixels>-1</maxLodPixels>
		</Lod>
	</Region>
			<MultiGeometry>
				<Polygon><altitudeMode>relativeToGround</altitudeMode>
					<outerBoundaryIs>
						<LinearRing>
							<coordinates>								4.73241587513494,45.7773342694878,0 4.73244696183268,45.7774061188627,0 4.73250215299435,45.7773928416598,0 4.73247345832362,45.7773233874761,0 4.73241587513494,45.7773342694878,0 
							</coordinates>
						</LinearRing>
					</outerBoundaryIs>
				</Polygon>
			</MultiGeometry>
		</Placemark>
		<Placemark id="personne_morale.81386">
<styleUrl>#personne_morale</styleUrl>			<visibility>0</visibility>
			<ExtendedData>
				<SchemaData schemaUrl="#personne_morale">
					<SimpleData name="Numero de Parcelle">69044000AW0053</SimpleData>
					<SimpleData name="Departement">69</SimpleData>
					<SimpleData name="Commune">CHARBONNIERES-LES-BAINS</SimpleData>
					<SimpleData name="Adresse">39, CHE DES BROSSES</SimpleData>
					<SimpleData name="Groupe de personne">Personnes morales non remarquables</SimpleData>
					<SimpleData name="Forme Juridique Abregee">ASS</SimpleData>
					<SimpleData name="Denomination">CAPSO</SimpleData>
				</SchemaData>
			</ExtendedData>
	<Region>
		<LatLonAltBox>
			<north> 45.7866645013002 </north>
			<south> 45.7856578075677 </south>
			<east> 4.74056558636412 </east>
			<west> 4.73892938691375 </west>
		</LatLonAltBox>
		<Lod>
			<minLodPixels>100</minLodPixels>
			<maxLodPixels>-1</maxLodPixels>
		</Lod>
	</Region>
			<MultiGeometry>
				<Polygon><altitudeMode>relativeToGround</altitudeMode>
					<outerBoundaryIs>
						<LinearRing>
							<coordinates>								4.74056558636412,45.78589301953661,0 4.74056057640569,45.7858933670243,0 4.74053414235238,45.7858961165899,0 4.74053157728887,45.7858964263661,0 4.74052900938847,45.78589664611511,0 4.74052644432491,45.7858969558912,0 4.74052387926132,45.7858972656673,0 4.74052144003957,45.7858974834314,0 4.74051900081779,45.78589770119551,0 4.74051643291729,45.78589792094431,0 4.74051386217993,45.7858980506659,0 4.74051129144256,45.78589818038751,0 4.74050859486329,45.78589840212081,0 4.74050602412589,45.7858985318422,0 4.74050345338849,45.7858986615636,0 4.74050088265106,45.78589879128491,0 4.74049830907682,45.7858988309791,0 4.74049573550257,45.7858988706732,0 4.74049316476512,45.7858990003944,0 4.74049059119087,45.7858990400884,0 4.74048801477981,45.7858989897552,0 4.74048544120555,45.78589902944909,0 4.74048182685446,45.78589872491209,0 4.7404768140582,45.78589898236899,0 4.74047205578257,45.7858991458293,0 4.74045994296295,45.7858987922257,0 4.74044796165892,45.7858985266633,0 4.74043571448747,45.7858979949877,0 4.74042373034704,45.7858976393956,0 4.7404116146914,45.7858971957598,0 4.74039949903594,45.7858967521226,0 4.74038738338069,45.7858963084842,0 4.74037539356773,45.78589577283281,0 4.7403632722397,45.7858951491376,0 4.74035115091195,45.78589452544109,0 4.74033916109973,45.7858939897859,0 4.7403270397725,45.7858933660868,0 4.74031504712425,45.7858927404019,0 4.74030292296109,45.7858920266732,0 4.74029105331917,45.785891218947,0 4.74027892915664,45.7858905052157,0 4.7402669308367,45.78588969947149,0 4.74025480383841,45.78588889571041,0 4.74024267684047,45.7858880919481,0 4.74022964341929,45.785887122021,0 4.7402226720789,45.78588650896171,0 4.74021570073867,45.78588589590191,0 4.74020859788356,45.7858851947989,0 4.74020162370733,45.7858844917112,0 4.74019464953127,45.785883788623,0 4.74018767251909,45.7858829955073,0 4.74018082418579,45.7858822004068,0 4.74017384433773,45.7858813172631,0 4.74016686732616,45.7858805241461,0 4.7401597559636,45.78587955295879,0 4.74015290479489,45.7858786678295,0 4.74014592211149,45.785877694657,0 4.74013919962191,45.7858768075425,0 4.74013221410277,45.7858757443421,0 4.74012535726258,45.7858746791569,0 4.74011850042265,45.7858736139714,0 4.74011164074681,45.7858724587583,0 4.74010478390741,45.78587139357181,0 4.74009779271732,45.7858701503151,0 4.74009170795043,45.7858690732223,0 4.73998737754313,45.7858511365933,0 4.73984872051948,45.78582652345539,0 4.73978254326042,45.7858141232038,0 4.73971408100859,45.7858027489203,0 4.73964170172203,45.785789633565,0 4.7395752813732,45.7857776872949,0 4.73955676977743,45.7857744598985,0 4.73944249682784,45.785747398745,0 4.73909580921662,45.7856578075677,0 4.73906847787009,45.78566885713361,0 4.73906616053456,45.7856729460328,0 4.73906409205181,45.7856767608844,0 4.73906190055943,45.7856807577733,0 4.73905983207608,45.7856845726249,0 4.73905776642691,45.78568847750349,0 4.73905570077744,45.7856923823821,0 4.73905363512768,45.78569628726059,0 4.73905156664319,45.785700102112,0 4.73904950099285,45.7857040069905,0 4.73904769553329,45.7857079979299,0 4.73904563271681,45.78571199283551,0 4.73904382442228,45.7857158937477,0 4.73904175877081,45.7857197986261,0 4.73903982179739,45.7857237015213,0 4.73903801633649,45.7857276924606,0 4.73903620804091,45.7857315933728,0 4.73903426823228,45.7857354062408,0 4.739032465605,45.7857394872072,0 4.73903065730865,45.7857433881192,0 4.73902898052485,45.7857473770753,0 4.73902717222799,45.78575127798739,0 4.73902536676527,45.78575526892649,0 4.73902368998073,45.7857592578825,0 4.7390218845175,45.7857632488216,0 4.73902020773247,45.7857672377776,0 4.73901853661598,45.7857714067878,0 4.73901673115198,45.7857753977268,0 4.73901518587908,45.7857794747268,0 4.73901350909307,45.7857834636827,0 4.73901196381971,45.78578754068269,0 4.73901028703322,45.7857915296386,0 4.7390087417594,45.7857956066386,0 4.73900732516388,45.7857996816555,0 4.73900564837669,45.78580367061129,0 4.73900410593655,45.7858078376383,0 4.73900281801893,45.7858119106722,0 4.73900127274399,45.785815987672,0 4.73899985614739,45.7858200626889,0 4.73899843955059,45.7858241377057,0 4.73899679677431,45.7858292069869,0 4.73899502815346,45.78583436827831,0 4.73899338821092,45.7858395275866,0 4.73899161675507,45.7858445988507,0 4.7389901083249,45.7858498462031,0 4.73898846838143,45.7858550055114,0 4.73898695995068,45.7858602528637,0 4.73898532000661,45.7858654121719,0 4.73898380874094,45.7858705694971,0 4.73898230030932,45.7858758168494,0 4.7389809177218,45.78588097219161,0 4.73897953513403,45.7858861275338,0 4.73897815538032,45.78589137290311,0 4.73897677846069,45.7858967082995,0 4.73897552455091,45.7859018616586,0 4.73897414479643,45.7859071070278,0 4.73897289372049,45.7859123504141,0 4.73897163980999,45.78591750377321,0 4.73897051741241,45.78592274517649,0 4.73896926633577,45.7859279885627,0 4.73896782875909,45.7859354865931,0 4.73896651702658,45.78594289261339,0 4.73896494793594,45.7859503025996,0 4.73896364187131,45.7859578886741,0 4.7389623301377,45.78596529469441,0 4.73896089255911,45.7859727927247,0 4.73895958365909,45.7859802887721,0 4.73895827475871,45.7859877848194,0 4.73895709453697,45.7859952788838,0 4.73895565412259,45.78600268688701,0 4.73895447390017,45.78601018095131,0 4.73895329367744,45.78601767501571,0 4.73895198477532,45.78602517106301,0 4.73895080455193,45.78603266512729,0 4.7389496271625,45.7860402492188,0 4.73894857561758,45.78604774130011,0 4.73894726671411,45.7860552373474,0 4.7389462123343,45.7860626394016,0 4.73894503210932,45.7860701334659,0 4.73894398056321,45.7860776255472,0 4.73894303502175,45.7860843954286,0 4.73894221815927,45.786091163327,0 4.73894152997583,45.7860979292424,0 4.73894071594725,45.78610478716799,0 4.73894002776345,45.7861115530834,0 4.73893933957948,45.7861183189989,0 4.73893852271605,45.7861250868973,0 4.73893796321105,45.7861318508298,0 4.73893727502657,45.7861386167452,0 4.73893672118983,45.786145560732,0 4.73893616168439,45.78615232466449,0 4.73893547349944,45.78615909058,0 4.73893504267311,45.78616585252961,0 4.73893461184666,45.78617261447921,0 4.7389340523407,45.7861793784117,0 4.73893362151403,45.78618614036129,0 4.73893319352153,45.786192992338,0 4.73893276269465,45.7861997542876,0 4.73893246338142,45.7862066042814,0 4.73893190954339,45.7862135482682,0 4.73893135853949,45.78622058228219,0 4.73893093338071,45.786227524286,0 4.73893051105609,45.78623455631701,0 4.7389300858971,45.78624149832089,0 4.73892979225185,45.786248528369,0 4.73892962728614,45.7862555564341,0 4.7389294594861,45.7862624944722,0 4.73892942319993,45.7862695205544,0 4.73892938691375,45.78627654663671,0 4.73892947647295,45.7862834807089,0 4.73892943735249,45.786290416764,0 4.73892965842569,45.7862974388804,0 4.73893000817866,45.78630445901389,0 4.73893009773798,45.7863113930861,0 4.73893057617084,45.7863184112367,0 4.73893105460382,45.7863254293873,0 4.73893140435715,45.7863324495208,0 4.73893200863587,45.7863393756613,0 4.73893261574903,45.78634639182901,0 4.73893292695997,45.7863480983787,0 4.73893310949111,45.7863498069113,0 4.73893342353637,45.7863516034881,0 4.73893373758165,45.786353400065,0 4.73893404879266,45.7863551066147,0 4.73893449151782,45.7863569012086,0 4.73893480272887,45.7863586077583,0 4.7389352426198,45.786360312325,0 4.73893555666518,45.7863621089019,0 4.73893612523601,45.7863638114857,0 4.7389365679613,45.78636560607959,0 4.73893713653219,45.7863673086634,0 4.73893770510311,45.7863690112473,0 4.73893827650836,45.7863708038582,0 4.73893884507936,45.78637250644199,0 4.73893941365039,45.7863742090259,0 4.73893998222146,45.7863759116097,0 4.73894080815233,45.7863776102276,0 4.73894150256907,45.78637922080141,0 4.73894219982014,45.7863809214023,0 4.73894473429936,45.7863878177987,0 4.73894714009928,45.78639471617811,0 4.73894967174543,45.7864015225473,0 4.73895207754657,45.7864084209265,0 4.73895448334831,45.7864153193058,0 4.73895688631632,45.7864221276578,0 4.73895942079926,45.78642902405391,0 4.73896170075713,45.78643601444309,0 4.73896410656127,45.78644291282199,0 4.73896651236601,45.786449811201,0 4.73896878949129,45.7864567115629,0 4.73897119529722,45.7864636099417,0 4.73897360110374,45.7864705083205,0 4.73897587823076,45.7864774086823,0 4.73897815535834,45.786484309044,0 4.7389804324865,45.7864912094056,0 4.73898258376942,45.7864982017773,0 4.7389848608987,45.7865051021389,0 4.73898726670874,45.7865120005174,0 4.73899046727571,45.786519607215,0 4.73899405104986,45.7865271179365,0 4.73899751181353,45.786534810695,0 4.73900097257816,45.7865425034535,0 4.73900429899466,45.78655001814061,0 4.73900788844149,45.7865577089159,0 4.73901134637458,45.78656531164691,0 4.73901480714305,45.786573004405,0 4.73901826791248,45.7865806971629,0 4.739021723014,45.7865882098665,0 4.73902518378535,45.7865959026243,0 4.73902877040362,45.7866035033717,0 4.73903210249648,45.7866111981123,0 4.7390356891167,45.78661879885949,0 4.73903914705744,45.7866264015898,0 4.73904273651408,45.7866340923639,0 4.73904606577626,45.786641697077,0 4.73904964956589,45.78664920779669,0 4.73905310751045,45.7866568105265,0 4.73905669697102,45.7866645013002,0 4.73910713686335,45.78664318782661,0 4.7394608329043,45.7864931727188,0 4.73985556029861,45.7863256806176,0 4.74014571185706,45.7861489011936,0 4.74056558636412,45.78589301953661,0 
							</coordinates>
						</LinearRing>
					</outerBoundaryIs>
				</Polygon>
			</MultiGeometry>
		</Placemark>
		<Placemark id="personne_morale.82067">
<styleUrl>#personne_morale</styleUrl>			<visibility>0</visibility>
			<ExtendedData>
				<SchemaData schemaUrl="#personne_morale">
					<SimpleData name="Numero de Parcelle">69044000AE0054</SimpleData>
					<SimpleData name="Departement">69</SimpleData>
					<SimpleData name="Commune">CHARBONNIERES-LES-BAINS</SimpleData>
					<SimpleData name="Adresse">CHE DU SIROUX</SimpleData>
					<SimpleData name="Groupe de personne">Personnes morales non remarquables</SimpleData>
					<SimpleData name="Forme Juridique Abregee">AUPM</SimpleData>
					<SimpleData name="Denomination">ASS SYNDICALE LIBRE DU LOT DU CHEM DU SIROUX</SimpleData>
				</SchemaData>
			</ExtendedData>
	<Region>
		<LatLonAltBox>
			<north> 45.7823491099636 </north>
			<south> 45.7819458955132 </south>
			<east> 4.75396507123494 </east>
			<west> 4.75253768071516 </west>
		</LatLonAltBox>
		<Lod>
			<minLodPixels>100</minLodPixels>
			<maxLodPixels>-1</maxLodPixels>
		</Lod>
	</Region>
			<MultiGeometry>
				<Polygon><altitudeMode>relativeToGround</altitudeMode>
					<outerBoundaryIs>
						<LinearRing>
							<coordinates>								4.75378546141289,45.7819536255571,0 4.75378163849882,45.7819548559003,0 4.75377781558457,45.7819560862434,0 4.7537739955284,45.7819574066132,0 4.75377043852661,45.7819589030366,0 4.75376687866641,45.7819603094331,0 4.75376332452247,45.78196189588309,0 4.75375977323654,45.7819635723596,0 4.75375648214676,45.78196533486311,0 4.75375319105676,45.7819670973666,0 4.75374990282475,45.7819689498967,0 4.75374687764708,45.7819709784805,0 4.75374385246919,45.7819730070643,0 4.75374096167654,45.78197521370161,0 4.75373819669459,45.7819773283124,0 4.75373556609788,45.7819796209768,0 4.75373293550095,45.7819819136411,0 4.75373043357292,45.7819842043055,0 4.75372806603014,45.7819866730236,0 4.7537253239124,45.781989507848,0 4.75372296780179,45.78199233667301,0 4.75372061169094,45.7819951654979,0 4.75371838710715,45.7819980823497,0 4.75371642271958,45.78200108522871,0 4.7537144583318,45.7820040881076,0 4.7537127541403,45.7820071770137,0 4.75371118433405,45.78201044397349,0 4.75370986900786,45.782013616907,0 4.75370868235071,45.7820167878407,0 4.75370762722076,45.78202004680129,0 4.75370695809831,45.7820232997627,0 4.75370628897579,45.782026552724,0 4.75370575138054,45.78202989371241,0 4.75370559693479,45.7820331386747,0 4.75370544534716,45.78203647366371,0 4.75370542242876,45.782039806653,0 4.75370578551812,45.7820431336429,0 4.75370614574939,45.7820463706062,0 4.75370674331231,45.78204897338269,0 4.75370734373342,45.78205166618589,0 4.75370807282387,45.7820543569894,0 4.75370893058368,45.78205704579311,0 4.75370978548543,45.78205964457,0 4.75371090058401,45.7820623293741,0 4.75371201282455,45.7820649241515,0 4.7537131250652,45.7820675189289,0 4.75371449178644,45.78207001968,0 4.75371598717712,45.7820725184312,0 4.75371747970979,45.7820749271558,0 4.75371910377008,45.78207742390719,0 4.75372085649986,45.78207991865889,0 4.75372260637164,45.7820823233837,0 4.75372461358227,45.782084724109,0 4.7537266179349,45.78208703480751,0 4.7537287480989,45.7820892534795,0 4.75373087826307,45.7820914721514,0 4.75373326576615,45.78209368682359,0 4.75373565326942,45.7820959014959,0 4.75373698855234,45.7820974119525,0 4.75373806935476,45.7820990164354,0 4.75373915015724,45.78210062091839,0 4.75374010229038,45.7821022274011,0 4.75374118309298,45.7821038318841,0 4.75374188074564,45.7821055323931,0 4.75374244972893,45.78210723490199,0 4.75374302157046,45.7821090274377,0 4.75374346188442,45.7821107319463,0 4.75374364771776,45.7821125304814,0 4.75374395650415,45.7821141469631,0 4.7537440136681,45.782115947498,0 4.75374394216263,45.7821177500327,0 4.75374374198772,45.7821195545671,0 4.75374341028517,45.7821212710747,0 4.75374295277135,45.7821230796088,0 4.7537424923993,45.7821247981161,0 4.75374190049958,45.7821264285965,0 4.75374105411912,45.78212815310319,0 4.75374008192734,45.7821299696365,0 4.75373109205999,45.7821428093926,0 4.75371899406057,45.78215912015881,0 4.75369309675429,45.7821908674167,0 4.75365433508033,45.7822391174798,0 4.75364611153538,45.7822477119742,0 4.75363712740146,45.78225667857311,0 4.7536280060208,45.7822653770907,0 4.75362160391055,45.7822705205718,0 4.75361946511019,45.7822720850209,0 4.75361732345172,45.7822735594431,0 4.75361518179313,45.7822750338653,0 4.75361291146462,45.7822765102872,0 4.7536105096082,45.78227789868189,0 4.75360823356348,45.78227919505011,0 4.75360595751865,45.7822804914183,0 4.75360342413409,45.78228179178581,0 4.75360101656125,45.7822830001268,0 4.75359847746052,45.7822841204406,0 4.75359593835968,45.78228524075439,0 4.75359327058892,45.7822863630678,0 4.75359059996009,45.7822873953544,0 4.75358792933116,45.7822884276409,0 4.75358525584418,45.7822893699006,0 4.75358245368728,45.7822903141598,0 4.75357990601201,45.782291164393,0 4.75357722966683,45.78229201662571,0 4.75357429312395,45.78229278283089,0 4.75357160248898,45.7822931849298,0 4.7535695580611,45.7822936670573,0 4.75356763944512,45.7822940571584,0 4.75356558930135,45.78229435923241,0 4.75356354201546,45.782294751333,0 4.75356148901373,45.7822949633802,0 4.75355943886989,45.782295265454,0 4.75355738586813,45.782295477501,0 4.75355533572424,45.7822957795748,0 4.75355327986455,45.78229590159501,0 4.75355122400484,45.78229602361521,0 4.75354916814513,45.7822961456354,0 4.75354710942752,45.7822961776287,0 4.7535450507099,45.78229620962211,0 4.75354299199229,45.7822962416154,0 4.75354080460482,45.7822962756082,0 4.75353874302933,45.7822962175746,0 4.75353668145384,45.7822961595411,0 4.75353461702049,45.7822960114807,0 4.75353255258715,45.7822958634203,0 4.75353100569109,45.7822957973884,0 4.75351064441851,45.78229512302369,0 4.75342319478973,45.7822898167003,0 4.75330170204736,45.7822826974349,0 4.75323941736482,45.7822793417975,0 4.75301219828846,45.7822670195089,0 4.75292528342931,45.78226233499111,0 4.75284479636073,45.7822573704138,0 4.75270665108961,45.7822487978412,0 4.75266718958937,45.782246618584,0 4.75266551116951,45.782246464512,0 4.75266395856297,45.78224621841461,0 4.75266228014312,45.7822460643426,0 4.75266072753661,45.78224581824511,0 4.75265917493012,45.7822455721477,0 4.75265749079744,45.782245238022,0 4.7526559410474,45.7822450819513,0 4.75265438558452,45.782244745827,0 4.75265283012166,45.78224440970279,0 4.75265127465881,45.7822440735784,0 4.75264971919598,45.78224373745411,0 4.75264816373318,45.7822434013297,0 4.75264660541397,45.7822429751786,0 4.75264504709479,45.7822425490274,0 4.75264348877563,45.7822421228762,0 4.75264205912626,45.7822416947264,0 4.75264050366355,45.782241358602,0 4.75263907115782,45.7822408404254,0 4.75263750998235,45.7822403242473,0 4.75263543412791,45.7822398160634,0 4.75263308950843,45.7822389517695,0 4.75263087355876,45.782238085477,0 4.75262839741329,45.7822371331547,0 4.75262618146378,45.7822362668621,0 4.75262421714106,45.7822352165189,0 4.75262199547893,45.7822341701726,0 4.7526200283,45.7822330298025,0 4.75261793245141,45.7822318914309,0 4.75261596527263,45.78223075106071,0 4.75261399523758,45.78222952066371,0 4.75261215101598,45.7822281982414,0 4.75261018098111,45.78222696784441,0 4.75260833675968,45.782225645422,0 4.75260662120807,45.7822243210011,0 4.75260502861355,45.7822228145281,0 4.75260343887547,45.7822213980819,0 4.75260184628113,45.7822198916088,0 4.75260011644815,45.78221811705401,0 4.75259812641955,45.7822162564693,0 4.7525965252565,45.78221447991591,0 4.75259492123723,45.7822126133356,0 4.75259331721806,45.7822107467554,0 4.75259184186868,45.78220887817659,0 4.75259036366309,45.7822069195711,0 4.75258888545759,45.78220496096549,0 4.75258753306555,45.7822029103346,0 4.75258631219959,45.7822009477321,0 4.7525850884774,45.7821988951027,0 4.75258399628127,45.78219693050161,0 4.75258276970295,45.7821947878454,0 4.75258180617663,45.7821928212458,0 4.75258083979407,45.7821907646194,0 4.75258000208122,45.7821887059945,0 4.75257916151213,45.7821865573429,0 4.7525783209431,45.78218440869131,0 4.75257760904376,45.7821822580411,0 4.75257677418746,45.782180289443,0 4.7525735777139,45.7821728631858,0 4.75257275700289,45.7821753979247,0 4.75253768071516,45.782287090499,0 4.75351562744122,45.7823426031597,0 4.75363014930019,45.7823491099636,0 4.75365896616822,45.7823120031489,0 4.75376396526742,45.7821767056547,0 4.7537771927006,45.7821594766176,0 4.75377865956197,45.7821570218974,0 4.75378025509271,45.78215456517731,0 4.75378198500935,45.7821522865109,0 4.75378397226484,45.78215000384471,0 4.75378621971744,45.7821478072055,0 4.75378847288639,45.7821457906197,0 4.75379098053588,45.7821436800074,0 4.75379375409898,45.7821418354756,0 4.75379665918966,45.7821400789706,0 4.75379969866621,45.7821385005191,0 4.75380286967035,45.78213701009441,0 4.75380617220209,45.7821356076964,0 4.75380948045026,45.7821343853519,0 4.75381292308438,45.7821333410608,0 4.75381649724614,45.7821323847965,0 4.75382020293556,45.7821315165589,0 4.75382391719984,45.7821309184015,0 4.75382763718072,45.7821305002973,0 4.75383136001988,45.7821301722198,0 4.75383546029231,45.78212956806231,0 4.75383918598971,45.78212933001119,0 4.75384342350653,45.7821289939337,0 4.75384752663711,45.7821284798024,0 4.75385175843706,45.78212796367101,0 4.75385586156749,45.7821274495395,0 4.75385995898106,45.7821267553542,0 4.75386405353614,45.78212597114211,0 4.7538681452327,45.7821250969032,0 4.75387223692913,45.782124222664,0 4.75387619709759,45.7821232603979,0 4.75388002287963,45.7821221200782,0 4.75388398018937,45.78212106778509,0 4.75388780311267,45.7821198374384,0 4.75389162317735,45.7821185170648,0 4.75389544324186,45.7821171966911,0 4.75389913177831,45.78211578829049,0 4.75390281745613,45.7821142898631,0 4.75390649741681,45.782112611382,0 4.75390992289693,45.7821110269276,0 4.7539129566517,45.7821092684195,0 4.75391637355599,45.7821074138847,0 4.75391978760157,45.782105469323,0 4.75392307011903,45.7821034367345,0 4.75392609529748,45.7821014081459,0 4.75392911475871,45.7820991995037,0 4.7539321342197,45.7820969908615,0 4.75393501929407,45.7820946041658,0 4.75393777569882,45.78209221946999,0 4.75394027190611,45.7820897487474,0 4.75394276811318,45.7820872780248,0 4.75394513279216,45.7820847192755,0 4.75394749747091,45.7820821605261,0 4.75394946756586,45.7820793376966,0 4.75395157204701,45.7820766929204,0 4.75395341347223,45.7820738720909,0 4.75395525775582,45.782071141288,0 4.75395671317276,45.7820683264586,0 4.7539582944003,45.78206541960229,0 4.7539596182891,45.78206251674609,0 4.753960673405,45.7820592577831,0 4.75396198585932,45.78205599482,0 4.75396290944713,45.78205264783021,0 4.75396370150702,45.7820492128138,0 4.75396436489756,45.7820457797975,0 4.75396477380808,45.78204244080789,0 4.75396492252152,45.7820390157918,0 4.75396507123494,45.78203559077571,0 4.75396496260991,45.7820321697597,0 4.75396459664646,45.78202875274381,0 4.7539641048724,45.7820254277548,0 4.75396335290146,45.7820220167391,0 4.75396260664771,45.7820187857768,0 4.75396134285877,45.78201547278811,0 4.75396020773916,45.78201215779931,0 4.75395881528135,45.7820088468105,0 4.75395703967477,45.7820056318487,0 4.75395526692693,45.78200250691361,0 4.75395336265162,45.7819992939517,0 4.75395107808617,45.7819962670434,0 4.75394827026888,45.7819929780551,0 4.75394559397956,45.78198977709331,0 4.75394266321084,45.7819866701584,0 4.75393960377334,45.7819835652233,0 4.75393642138409,45.7819806423417,0 4.75393298451548,45.7819778134868,0 4.75392941897814,45.7819749866318,0 4.75392573048906,45.78197234183019,0 4.75392178752065,45.7819697910552,0 4.75391771874201,45.7819673323068,0 4.75391365568066,45.78196505361181,0 4.75390933528153,45.7819627789166,0 4.75390502059965,45.7819606842747,0 4.75390045429689,45.78195877368611,0 4.7538957593254,45.7819568650973,0 4.75389107007109,45.78195513656181,0 4.75388625786488,45.7819535900795,0 4.75388131984831,45.7819521356237,0 4.7538763846904,45.7819507711945,0 4.75387249031858,45.7819497508723,0 4.75386795546015,45.7819488305765,0 4.75386342346026,45.7819480003073,0 4.75385864269757,45.781947444118,0 4.75385411927303,45.7819468839286,0 4.75384959870695,45.78194641376579,0 4.75384482366124,45.7819460376293,0 4.75384018585966,45.781945929573,0 4.75383555091644,45.7819459115433,0 4.7538307873042,45.7819458955132,0 4.75382616093595,45.78194614756331,0 4.75382140875695,45.78194649163981,0 4.75381678810522,45.7819469237429,0 4.75381217317003,45.78194753589941,0 4.75380768976205,45.78194823608249,0 4.75380320921224,45.78194902629209,0 4.75379860570983,45.781949998555,0 4.75379413373457,45.7819510588445,0 4.75378979328644,45.7819522071608,0 4.75378546141289,45.7819536255571,0 
							</coordinates>
						</LinearRing>
					</outerBoundaryIs>
				</Polygon>
			</MultiGeometry>
		</Placemark>
		<Placemark id="personne_morale.82089">
<styleUrl>#personne_morale</styleUrl>			<visibility>0</visibility>
			<ExtendedData>
				<SchemaData schemaUrl="#personne_morale">
					<SimpleData name="Numero de Parcelle">69044000AK0054</SimpleData>
					<SimpleData name="Departement">69</SimpleData>
					<SimpleData name="Commune">CHARBONNIERES-LES-BAINS</SimpleData>
					<SimpleData name="Adresse">106, RTE DE PARIS</SimpleData>
					<SimpleData name="Groupe de personne">Personnes morales non remarquables</SimpleData>
					<SimpleData name="Forme Juridique Abregee">SAS</SimpleData>
					<SimpleData name="Denomination">FONCIA LYON OUEST</SimpleData>
				</SchemaData>
			</ExtendedData>
	<Region>
		<LatLonAltBox>
			<north> 45.7763594665245 </north>
			<south> 45.7758420561865 </south>
			<east> 4.75186544798919 </east>
			<west> 4.75027145337314 </west>
		</LatLonAltBox>
		<Lod>
			<minLodPixels>100</minLodPixels>
			<maxLodPixels>-1</maxLodPixels>
		</Lod>
	</Region>
			<MultiGeometry>
				<Polygon><altitudeMode>relativeToGround</altitudeMode>
					<outerBoundaryIs>
						<LinearRing>
							<coordinates>								4.75173593823251,45.77633214919799,0 4.75186544798919,45.7758618587419,0 4.75183560099821,45.7758420561865,0 4.7511482821927,45.7759244227066,0 4.75085360567958,45.7759597102126,0 4.75027145337314,45.7760300811222,0 4.75031818787263,45.7763594665245,0 4.75095084448242,45.7763473082068,0 4.75096357858206,45.77634702051351,0 4.75173593823251,45.77633214919799,0 
							</coordinates>
						</LinearRing>
					</outerBoundaryIs>
				</Polygon>
			</MultiGeometry>
		</Placemark>
		<Placemark id="personne_morale.82109">
<styleUrl>#personne_morale</styleUrl>			<visibility>0</visibility>
			<ExtendedData>
				<SchemaData schemaUrl="#personne_morale">
					<SimpleData name="Numero de Parcelle">69044000AM0054</SimpleData>
					<SimpleData name="Departement">69</SimpleData>
					<SimpleData name="Commune">CHARBONNIERES-LES-BAINS</SimpleData>
					<SimpleData name="Adresse">113, RTE DE PARIS</SimpleData>
					<SimpleData name="Groupe de personne">Personnes morales non remarquables</SimpleData>
					<SimpleData name="Forme Juridique Abregee">SCI</SimpleData>
					<SimpleData name="Denomination">SCI DE LETANG</SimpleData>
				</SchemaData>
			</ExtendedData>
	<Region>
		<LatLonAltBox>
			<north> 45.7751615108184 </north>
			<south> 45.7749047359282 </south>
			<east> 4.75286823768405 </east>
			<west> 4.75233815526157 </west>
		</LatLonAltBox>
		<Lod>
			<minLodPixels>100</minLodPixels>
			<maxLodPixels>-1</maxLodPixels>
		</Lod>
	</Region>
			<MultiGeometry>
				<Polygon><altitudeMode>relativeToGround</altitudeMode>
					<outerBoundaryIs>
						<LinearRing>
							<coordinates>								4.75286823768405,45.77496763992301,0 4.7524065967462,45.7749047359282,0 4.75237085817486,45.775027877795,0 4.75233815526157,45.7751615108184,0 4.75259410088091,45.7751592466063,0 4.75282129110834,45.775155356925,0 4.75286823768405,45.77496763992301,0 
							</coordinates>
						</LinearRing>
					</outerBoundaryIs>
				</Polygon>
			</MultiGeometry>
		</Placemark>
		<Placemark id="personne_morale.82828">
<styleUrl>#personne_morale</styleUrl>			<visibility>0</visibility>
			<ExtendedData>
				<SchemaData schemaUrl="#personne_morale">
					<SimpleData name="Numero de Parcelle">69044000AA0055</SimpleData>
					<SimpleData name="Departement">69</SimpleData>
					<SimpleData name="Commune">CHARBONNIERES-LES-BAINS</SimpleData>
					<SimpleData name="Adresse">BRUSSILLAY</SimpleData>
					<SimpleData name="Groupe de personne">Personnes morales non remarquables</SimpleData>
					<SimpleData name="Forme Juridique Abregee">ASS</SimpleData>
					<SimpleData name="Denomination">ASSOCIATION PROPRIETAIRES LOTISSEMENT PARC BUCLAY</SimpleData>
				</SchemaData>
			</ExtendedData>
	<Region>
		<LatLonAltBox>
			<north> 45.789305101698 </north>
			<south> 45.7875233642316 </south>
			<east> 4.75042229387811 </east>
			<west> 4.74697195152137 </west>
		</LatLonAltBox>
		<Lod>
			<minLodPixels>100</minLodPixels>
			<maxLodPixels>-1</maxLodPixels>
		</Lod>
	</Region>
			<MultiGeometry>
				<Polygon><altitudeMode>relativeToGround</altitudeMode>
					<outerBoundaryIs>
						<LinearRing>
							<coordinates>								4.74939586678041,45.7888168174915,0 4.74901450336745,45.78868230786251,0 4.74861308782076,45.7885406317847,0 4.74821232345337,45.78839912436641,0 4.74807236093123,45.7883498619301,0 4.74806871503599,45.78834856733999,0 4.74806506914092,45.7883472727498,0 4.74806142324602,45.7883459781594,0 4.74805777165278,45.7883445035151,0 4.74805424874388,45.7883430268773,0 4.74805085167005,45.78834145821919,0 4.74804745744565,45.7883399795879,0 4.74804405752297,45.7883383209027,0 4.74804065760049,45.7883366622174,0 4.74803738351312,45.7883349115118,0 4.74803410657673,45.7883330707792,0 4.74803096117389,45.78833131808,0 4.74802781292203,45.7883294753539,0 4.74802479050529,45.78832754060749,0 4.74801874282326,45.7883235810876,0 4.74801411351615,45.78831968966821,0 4.74801039069655,45.7883159643495,0 4.74800651355088,45.7883114307817,0 4.74800249347599,45.78830644907261,0 4.74799885090647,45.78830119130271,0 4.74799533132338,45.7882957514857,0 4.7479924978982,45.78829165210599,0 4.74798961888722,45.7882861122956,0 4.74798713162705,45.78828074655921,0 4.74798610262813,45.7882767093008,0 4.74793442115965,45.78805125134571,0 4.7479338181057,45.7880484684841,0 4.74793308636836,45.7880456876157,0 4.74793248331454,45.78804290475409,0 4.74793174872832,45.78804003385879,0 4.7479310169912,45.7880372529903,0 4.74793002788731,45.78803447610831,0 4.74792917031597,45.7880317872599,0 4.74792818121228,45.7880290103779,0 4.74792706342528,45.7880262354889,0 4.74792594848742,45.7880235506269,0 4.74792483354967,45.7880208657649,0 4.74792371861203,45.7880181809029,0 4.74792234630774,45.7880155000272,0 4.74792097400359,45.7880128191515,0 4.74791960169957,45.78801013827571,0 4.74791822939568,45.78800745740001,0 4.74791659972523,45.78800478051049,0 4.74791510158728,45.7880021916548,0 4.74791322309746,45.7879997888324,0 4.7479113446078,45.78799738601001,0 4.74790921444963,45.78799516722761,0 4.74790733880929,45.7879928544321,0 4.74790520580247,45.7879905456227,0 4.74790307849379,45.7879884168672,0 4.74790069096969,45.787986202071,0 4.74789830344577,45.7879839872748,0 4.74789579008772,45.7879818644985,0 4.74789341111109,45.7879799197829,0 4.74789076907013,45.7879777989997,0 4.74788813272728,45.7879758582703,0 4.74788536485238,45.787973829507,0 4.74788260267559,45.7879719807975,0 4.74787971181571,45.787970134081,0 4.74787682095602,45.7879682873645,0 4.74787393294546,45.78796653067471,0 4.74779555122562,45.7879144226113,0 4.74735763190861,45.7876237896644,0 4.74720614030965,45.7875233642316,0 4.74697195152137,45.78770650141151,0 4.74710239884064,45.7877887884056,0 4.7471703176025,45.78783169154249,0 4.74729459700181,45.7877393360275,0 4.74729610417112,45.787738141768,0 4.74729774287109,45.7877370355429,0 4.74729951025375,45.7877359273253,0 4.74730128048432,45.7877349091346,0 4.74730304786684,45.7877338009169,0 4.74730482094527,45.7877328727531,0 4.74730672555438,45.7877320326237,0 4.74730875884617,45.78773119050181,0 4.7473107949859,45.7877304384068,0 4.74731296265631,45.78772977434619,0 4.74731500449195,45.787729202305,0 4.74731717216227,45.7877285382443,0 4.74731934552857,45.7877280542375,0 4.74732164757755,45.7877275682381,0 4.74732382663982,45.787727264285,0 4.74732587417132,45.78772687229741,0 4.74732805608157,45.7877266583712,0 4.74733010930908,45.7877264464374,0 4.74733215968854,45.7877261444767,0 4.74733434444678,45.78772602057731,0 4.74733653205306,45.7877259867047,0 4.74733859382466,45.7877260448516,0 4.74734078712704,45.78772619103281,0 4.74734285174671,45.7877263392065,0 4.74734479053173,45.7877265793996,0 4.74734698383415,45.78772672558069,0 4.74734905414999,45.7877270538081,0 4.7473509986312,45.787727474055,0 4.74735307464324,45.7877279823362,0 4.74735502197259,45.78772849260989,0 4.74735697215005,45.7877290929105,0 4.74735879364483,45.7877296952036,0 4.74736061513964,45.78773029749669,0 4.74736243948259,45.78773098981659,0 4.74736426382557,45.7877316821366,0 4.74736595948587,45.78773237644899,0 4.74736791535979,45.7877331568033,0 4.74736961102018,45.7877338511157,0 4.74737143821146,45.7877346334624,0 4.74737313672004,45.7877354178017,0 4.74737483522868,45.7877362021409,0 4.74737653373736,45.78773698648011,0 4.74737823224609,45.7877377708193,0 4.74737980492024,45.787738647178,0 4.74738150627719,45.787739521544,0 4.74738307895144,45.78774039790261,0 4.74738465162573,45.7877412742612,0 4.74738635583097,45.7877422386541,0 4.74757786574846,45.7878663633245,0 4.74764193017792,45.7879095060149,0 4.74768047183019,45.7879353900174,0 4.74779186518361,45.7880095046462,0 4.74779383531739,45.78801073512771,0 4.74779581114886,45.78801214566299,0 4.74779778413163,45.78801346617131,0 4.74779975996331,45.78801487670649,0 4.74780173579508,45.7880162872417,0 4.74780370877814,45.78801760775001,0 4.74780555592673,45.7880190202781,0 4.7478075317588,45.7880204308132,0 4.74780937890758,45.7880218433413,0 4.74781122605645,45.7880232558693,0 4.74781307605426,45.7880247584243,0 4.74781479451992,45.78802617294529,0 4.74781677320133,45.7880276735071,0 4.74781849451603,45.7880291780551,0 4.74782021583082,45.78803068260291,0 4.7478219371457,45.7880321871508,0 4.74782365561182,45.7880336016717,0 4.74782537692689,45.78803510621951,0 4.74782697240748,45.7880367027872,0 4.74782856788817,45.788038299355,0 4.74783003468551,45.78803989791579,0 4.74783137564836,45.78804158849649,0 4.74783258792786,45.7880432810703,0 4.74783380020743,45.7880449736441,0 4.7478348866525,45.7880467582378,0 4.74783597309763,45.7880485428316,0 4.74783693085938,45.7880503294184,0 4.74783775993773,45.78805211799829,0 4.74783846033266,45.7880539085712,0 4.74783916357652,45.7880557891711,0 4.74783960945348,45.78805767375711,0 4.74784018401394,45.78805955635,0 4.74784050405636,45.788061532956,0 4.74784082124992,45.7880634195351,0 4.74784088107651,45.78806531010041,0 4.74785229344398,45.78811674404899,0 4.74790029839419,45.7883074014889,0 4.74790208524682,45.78831097665461,0 4.74790440962799,45.788315264063,0 4.74790699137768,45.7883195474851,0 4.74790969896286,45.788323738887,0 4.74791253523255,45.78832792829571,0 4.74791549733777,45.78833202568421,0 4.7479185824295,45.78833594102571,0 4.74792193058799,45.7883400324346,0 4.7479252730489,45.7883439437895,0 4.74792620802634,45.7883450101603,0 4.74792887287858,45.78834785115801,0 4.74793246985972,45.78835166849949,0 4.74793619267647,45.7883553938207,0 4.74794017286207,45.7883591151555,0 4.7479442817324,45.7883628344969,0 4.74794838205605,45.7883662837574,0 4.74795274259769,45.7883698190583,0 4.74795697160659,45.7883732663252,0 4.7479607917706,45.7883759993564,0 4.747964734921,45.7883785503404,0 4.74796854368932,45.7883809232636,0 4.74797235245797,45.78838329618679,0 4.74797628706206,45.78838557708961,0 4.74798047903495,45.7883878540058,0 4.74798453947481,45.7883900428882,0 4.74798872859924,45.7883922297772,0 4.74799291202571,45.78839423661231,0 4.74799709545247,45.7883962434471,0 4.74800153624807,45.78839824629529,0 4.74800597134565,45.78840006908949,0 4.74801040644352,45.7884018918835,0 4.74801484154168,45.78840371467741,0 4.74801940247522,45.7884054454508,0 4.74802395771065,45.7884069961703,0 4.74802864447982,45.78840863492321,0 4.74803332555085,45.7884100936221,0 4.74830738903568,45.7885064574583,0 4.74870761973369,45.7886473423277,0 4.74911045183471,45.78878899613019,0 4.74913623084967,45.7887980540342,0 4.74913974526339,45.7887992605575,0 4.749143005158,45.7888005610968,0 4.74914639088687,45.78880176961449,0 4.74914964793073,45.7888029801267,0 4.74915303651095,45.7888042786711,0 4.74915629925724,45.7888056692368,0 4.74915955915261,45.7888069697756,0 4.74916281619706,45.7888081802874,0 4.749166207629,45.7888095688583,0 4.74916947037592,45.7888109594237,0 4.74917260443783,45.78881235198349,0 4.74917586718508,45.7888137425487,0 4.74917912708139,45.7888150430869,0 4.74918226114377,45.7888164356465,0 4.74918539805742,45.788817918233,0 4.74918853497124,45.7888194008193,0 4.74919192640452,45.7888207893894,0 4.74919794001144,45.788823668524,0 4.74920382493378,45.78882654965291,0 4.74920970700557,45.78882934075451,0 4.74921572631668,45.7888323999419,0 4.74922148255564,45.7888352830646,0 4.74922724734874,45.7888384362675,0 4.74923301214251,45.7888415894702,0 4.74923864540047,45.7888446546403,0 4.74924415852743,45.78884799188561,0 4.74924979748911,45.7888512371089,0 4.74925518193211,45.7888545763483,0 4.74926043769048,45.7888579175821,0 4.74926582498603,45.7888613468479,0 4.74927108359695,45.7888647781081,0 4.74927621922573,45.7888683914165,0 4.74928135200391,45.7888719146978,0 4.74928583565354,45.7888752678988,0 4.74929031930371,45.7888786210995,0 4.74929493449107,45.7888820623323,0 4.74929928660569,45.78888532750059,0 4.74930364442344,45.7888887727224,0 4.74930813377843,45.7888923059763,0 4.74931236006059,45.7888956631657,0 4.74931659204592,45.7888992004087,0 4.74932095556854,45.7889028256837,0 4.74932505601822,45.78890627489421,0 4.74932916217113,45.78890990415841,0 4.74933339701,45.7889135314277,0 4.74933737732994,45.7889172527133,0 4.74934135194766,45.7889207939449,0 4.74934533226866,45.7889245152302,0 4.74934918675614,45.788928328537,0 4.74935316707821,45.788932049822,0 4.74950728213012,45.78910692061789,0 4.74939528001632,45.7892616876703,0 4.74951149966363,45.789305101698,0 4.74966747907226,45.78920144358329,0 4.74969598317565,45.7891827172176,0 4.75042229387811,45.7887613601371,0 4.75039913401889,45.7887537030367,0 4.75028159408524,45.7888189361612,0 4.75023177365235,45.7888475408188,0 4.75017689133793,45.78887892609009,0 4.74991590844105,45.7890289785422,0 4.74986911467702,45.7890393417402,0 4.74980950753219,45.7890394553489,0 4.74975577418942,45.7890055210514,0 4.74968124693325,45.7889532644102,0 4.74964691853102,45.7889303781591,0 4.74962225511487,45.7889158988081,0 4.74960365668091,45.7889059190485,0 4.74956324269957,45.78888600939609,0 4.74952665187459,45.7888689227344,0 4.7494738731205,45.7888447912575,0 4.74939586678041,45.7888168174915,0 
							</coordinates>
						</LinearRing>
					</outerBoundaryIs>
				</Polygon>
			</MultiGeometry>
		</Placemark>
		<Placemark id="personne_morale.82964">
<styleUrl>#personne_morale</styleUrl>			<visibility>0</visibility>
			<ExtendedData>
				<SchemaData schemaUrl="#personne_morale">
					<SimpleData name="Numero de Parcelle">69044000AX0055</SimpleData>
					<SimpleData name="Departement">69</SimpleData>
					<SimpleData name="Commune">CHARBONNIERES-LES-BAINS</SimpleData>
					<SimpleData name="Adresse">LE BUCLAY</SimpleData>
					<SimpleData name="Groupe de personne">Personnes morales non remarquables</SimpleData>
					<SimpleData name="Forme Juridique Abregee">AUPM</SimpleData>
					<SimpleData name="Denomination">ASSOCIATION DU LOTISSEMENT RUE DE LA PAIX</SimpleData>
				</SchemaData>
			</ExtendedData>
	<Region>
		<LatLonAltBox>
			<north> 45.7870038918688 </north>
			<south> 45.78577374353219 </south>
			<east> 4.74523984662745 </east>
			<west> 4.74411684589641 </west>
		</LatLonAltBox>
		<Lod>
			<minLodPixels>100</minLodPixels>
			<maxLodPixels>-1</maxLodPixels>
		</Lod>
	</Region>
			<MultiGeometry>
				<Polygon><altitudeMode>relativeToGround</altitudeMode>
					<outerBoundaryIs>
						<LinearRing>
							<coordinates>								4.74433789928165,45.7870038918688,0 4.74433841128249,45.7869874910421,0 4.74434056918664,45.78696205767899,0 4.74434209567842,45.7869492440086,0 4.74434443690237,45.7869377688087,0 4.74434799385666,45.78692402304281,0 4.74435232289476,45.78691026534219,0 4.74435751573605,45.7868953233666,0 4.74436352615021,45.7868818098882,0 4.74436982519793,45.78686928272809,0 4.74437590952882,45.786858109951,0 4.74438311502285,45.7868457489204,0 4.74439089494383,45.7868352704997,0 4.74455172514488,45.78666092889691,0 4.74463512297537,45.7865703792652,0 4.74495764306043,45.7862205108607,0 4.74508871662066,45.7860783335511,0 4.7451720688852,45.7858397075368,0 4.74522229666482,45.78581992576979,0 4.74523984662745,45.7858130791665,0 4.74504600703666,45.78577374353219,0 4.74507749005654,45.7858085644885,0 4.7449921724247,45.7860501931602,0 4.74490326765951,45.7861456920589,0 4.74455811058938,45.7865166265873,0 4.74436187569089,45.78672763393799,0 4.74434640548214,45.7867432752036,0 4.74433689016995,45.7867517988854,0 4.74432499815791,45.7867625210066,0 4.7443020153776,45.78678080037709,0 4.74428790735111,45.78679065603821,0 4.74428437536841,45.7867929624059,0 4.7442805888671,45.78679536277861,0 4.74427679667944,45.7867975830972,0 4.7442728729678,45.78679971537759,0 4.74426907793653,45.7868018456689,0 4.7442650255436,45.7868039799381,0 4.74426083878369,45.78680593614211,0 4.74425678070418,45.786807890357,0 4.74425245957705,45.7868096684957,0 4.7442482699733,45.7868115346722,0 4.74424407752631,45.7868133108216,0 4.74423962203172,45.7868149108948,0 4.74423516937982,45.7868166009948,0 4.74423071104177,45.7868181110406,0 4.74422612117982,45.7868195330482,0 4.74422165999836,45.7868209530667,0 4.74421706445012,45.7868221950199,0 4.7442125975824,45.786823434984,0 4.7442078705101,45.7868245888988,0 4.7442027573954,45.78682574878021,0 4.74420097007951,45.7868262267602,0 4.74419918276359,45.7868267047402,0 4.74419739260476,45.78682709269319,0 4.74419560528879,45.7868275706732,0 4.74419368644916,45.786827960615,0 4.74419189913313,45.7868284385949,0 4.74419010897419,45.7868288265477,0 4.74418831881522,45.7868292145006,0 4.74418639997548,45.7868296044423,0 4.74418460981647,45.7868299923951,0 4.74418268813382,45.7868302923097,0 4.74418089797476,45.7868306802624,0 4.74417897629206,45.786830980177,0 4.74417718613295,45.78683136812969,0 4.74417526445021,45.78683166804421,0 4.74417347144821,45.7868319659698,0 4.74417154976543,45.7868322658842,0 4.74416975676338,45.78683256380981,0 4.74416783223773,45.78683277369709,0 4.74416603354998,45.7868328915686,0 4.74415718016316,45.7868338390447,0 4.74415486959513,45.7868340548984,0 4.74414509838581,45.7868344761336,0 4.74411684589641,45.7869875830419,0 4.74433789928165,45.7870038918688,0 
							</coordinates>
						</LinearRing>
					</outerBoundaryIs>
				</Polygon>
			</MultiGeometry>
		</Placemark>
		<Placemark id="personne_morale.84392">
<styleUrl>#personne_morale</styleUrl>			<visibility>0</visibility>
			<ExtendedData>
				<SchemaData schemaUrl="#personne_morale">
					<SimpleData name="Numero de Parcelle">69044000AA0057</SimpleData>
					<SimpleData name="Departement">69</SimpleData>
					<SimpleData name="Commune">CHARBONNIERES-LES-BAINS</SimpleData>
					<SimpleData name="Adresse">PIERRES PLANTEES</SimpleData>
					<SimpleData name="Groupe de personne">Personnes morales non remarquables</SimpleData>
					<SimpleData name="Forme Juridique Abregee">ASS</SimpleData>
					<SimpleData name="Denomination">ASSOCIATION PROPRIETAIRES LOTISSEMENT PARC BUCLAY</SimpleData>
				</SchemaData>
			</ExtendedData>
	<Region>
		<LatLonAltBox>
			<north> 45.7901896962992 </north>
			<south> 45.7893612210906 </south>
			<east> 4.74986144472922 </east>
			<west> 4.74893063220267 </west>
		</LatLonAltBox>
		<Lod>
			<minLodPixels>100</minLodPixels>
			<maxLodPixels>-1</maxLodPixels>
		</Lod>
	</Region>
			<MultiGeometry>
				<Polygon><altitudeMode>relativeToGround</altitudeMode>
					<outerBoundaryIs>
						<LinearRing>
							<coordinates>								4.74986144472922,45.78963032706439,0 4.74972190092462,45.7893790306438,0 4.74966959571758,45.7893617373099,0 4.74966803436861,45.7893612210906,0 4.74948089346924,45.7898671694068,0 4.74946369949664,45.7899137324906,0 4.74923971493377,45.7900004301788,0 4.74893063220267,45.79011988104309,0 4.74898228355413,45.7901896962992,0 4.74928860956074,45.79007262987631,0 4.74945055031538,45.7900107627502,0 4.74954490535277,45.78996543540221,0 4.74959429330324,45.7898946845012,0 4.74968145220095,45.7896587880921,0 4.74968215872852,45.7896567055029,0 4.74968286240406,45.7896545328868,0 4.74968369761865,45.7896524483024,0 4.74968466152029,45.7896503617228,0 4.74968549958672,45.7896483671652,0 4.74968672086245,45.78964627659531,0 4.74968781630295,45.7896442780473,0 4.74968917196956,45.7896423655359,0 4.74969052478409,45.7896403629976,0 4.74969187759853,45.78963836045919,0 4.74969349349101,45.78963653398421,0 4.74969510653139,45.7896346174823,0 4.74969685396273,45.789632879039,0 4.74969859854196,45.7896310505687,0 4.74970034597307,45.78962931212531,0 4.74970235363021,45.78962765971831,0 4.74970436128722,45.7896260073113,0 4.74970750716359,45.7896237067593,0 4.74971078172675,45.789621404212,0 4.74971432221979,45.78961936775471,0 4.74971773402552,45.7896173332926,0 4.74972153474414,45.7896153828716,0 4.74972534116657,45.7896136125042,0 4.74972928197986,45.78961202019519,0 4.74973348301903,45.7896105139225,0 4.74973755822301,45.7896090996717,0 4.74974177066998,45.7896079535062,0 4.74974611465586,45.7896068953721,0 4.74975046149366,45.78960592726471,0 4.74975494272248,45.7896051372157,0 4.74975943250745,45.7896046172471,0 4.74976405097934,45.789604095283,0 4.74976802886821,45.78960367332201,0 4.74977188662635,45.7896035234368,0 4.74977587307147,45.7896033715561,0 4.7497798623687,45.7896033097022,0 4.74978385737018,45.7896034279019,0 4.74978772368467,45.78960354809681,0 4.74979172439047,45.7896038463499,0 4.74979559640931,45.7896041465983,0 4.74979947128034,45.78960453687339,0 4.74980335185576,45.789605107202,0 4.74980723528342,45.7896057675575,0 4.74981111585901,45.7896063378859,0 4.7498148763042,45.7896071802901,0 4.74981876828871,45.7896081107258,0 4.74982240575152,45.7896091351788,0 4.74982604036225,45.7896100696049,0 4.74982968352973,45.7896112741114,0 4.74983319801034,45.7896124806133,0 4.74983502815086,45.78961335294711,0 4.74983698983069,45.78961431331241,0 4.74983881997133,45.7896151856461,0 4.74984078450352,45.7896162360382,0 4.74984261749651,45.7896171983987,0 4.74984458202884,45.7896182487908,0 4.74984628918715,45.78961930317351,0 4.74984812788482,45.7896204455877,0 4.74984983504327,45.7896214999704,0 4.74985154505403,45.7896226443799,0 4.74985312352557,45.7896237007579,0 4.74985483638871,45.7896249351942,0 4.74985642056488,45.78962617162589,0 4.74985787605405,45.789627410053,0 4.74985958891742,45.7896286444892,0 4.74986144472922,45.78963032706439,0 
							</coordinates>
						</LinearRing>
					</outerBoundaryIs>
				</Polygon>
			</MultiGeometry>
		</Placemark>
		<Placemark id="personne_morale.85210">
<styleUrl>#personne_morale</styleUrl>			<visibility>0</visibility>
			<ExtendedData>
				<SchemaData schemaUrl="#personne_morale">
					<SimpleData name="Numero de Parcelle">69044000AT0058</SimpleData>
					<SimpleData name="Departement">69</SimpleData>
					<SimpleData name="Commune">CHARBONNIERES-LES-BAINS</SimpleData>
					<SimpleData name="Adresse">GDES BRUYERES</SimpleData>
					<SimpleData name="Groupe de personne">Personnes morales non remarquables</SimpleData>
					<SimpleData name="Forme Juridique Abregee">AUPM</SimpleData>
					<SimpleData name="Denomination">ASS SYNDICALE LIBRE DES HAUTINIERES</SimpleData>
				</SchemaData>
			</ExtendedData>
	<Region>
		<LatLonAltBox>
			<north> 45.7768925581938 </north>
			<south> 45.7767493548014 </south>
			<east> 4.73347632112933 </east>
			<west> 4.73303399057301 </west>
		</LatLonAltBox>
		<Lod>
			<minLodPixels>100</minLodPixels>
			<maxLodPixels>-1</maxLodPixels>
		</Lod>
	</Region>
			<MultiGeometry>
				<Polygon><altitudeMode>relativeToGround</altitudeMode>
					<outerBoundaryIs>
						<LinearRing>
							<coordinates>								4.73345418069472,45.7768925581938,0 4.73347632112933,45.77684745292621,0 4.73305490404232,45.7767493548014,0 4.73303399057301,45.77679254965211,0 4.7330493529391,45.7767980782034,0 4.73345418069472,45.7768925581938,0 
							</coordinates>
						</LinearRing>
					</outerBoundaryIs>
				</Polygon>
			</MultiGeometry>
		</Placemark>
		<Placemark id="personne_morale.87387">
<styleUrl>#personne_morale</styleUrl>			<visibility>0</visibility>
			<ExtendedData>
				<SchemaData schemaUrl="#personne_morale">
					<SimpleData name="Numero de Parcelle">69044000AA0061</SimpleData>
					<SimpleData name="Departement">69</SimpleData>
					<SimpleData name="Commune">CHARBONNIERES-LES-BAINS</SimpleData>
					<SimpleData name="Adresse">PIERRES PLANTEES</SimpleData>
					<SimpleData name="Groupe de personne">Personnes morales non remarquables</SimpleData>
					<SimpleData name="Forme Juridique Abregee">SCI</SimpleData>
					<SimpleData name="Denomination">SCI DU PARC DU BUCLAY</SimpleData>
				</SchemaData>
			</ExtendedData>
	<Region>
		<LatLonAltBox>
			<north> 45.7905542644574 </north>
			<south> 45.79038172380789 </south>
			<east> 4.7497967909393 </east>
			<west> 4.74920088817466 </west>
		</LatLonAltBox>
		<Lod>
			<minLodPixels>100</minLodPixels>
			<maxLodPixels>-1</maxLodPixels>
		</Lod>
	</Region>
			<MultiGeometry>
				<Polygon><altitudeMode>relativeToGround</altitudeMode>
					<outerBoundaryIs>
						<LinearRing>
							<coordinates>								4.74974954638987,45.79038172380789,0 4.74958417840602,45.7904492288926,0 4.74942160125703,45.79051542947149,0 4.74920088817466,45.79048597470469,0 4.74923358241054,45.790530413424,0 4.74940905484088,45.7905542644574,0 4.74955219935243,45.7904964715572,0 4.7497967909393,45.7903977445196,0 4.74974954638987,45.79038172380789,0 
							</coordinates>
						</LinearRing>
					</outerBoundaryIs>
				</Polygon>
			</MultiGeometry>
		</Placemark>
		<Placemark id="personne_morale.87498">
<styleUrl>#personne_morale</styleUrl>			<visibility>0</visibility>
			<ExtendedData>
				<SchemaData schemaUrl="#personne_morale">
					<SimpleData name="Numero de Parcelle">69044000AT0061</SimpleData>
					<SimpleData name="Departement">69</SimpleData>
					<SimpleData name="Commune">CHARBONNIERES-LES-BAINS</SimpleData>
					<SimpleData name="Adresse">GDES BRUYERES</SimpleData>
					<SimpleData name="Groupe de personne">Personnes morales non remarquables</SimpleData>
					<SimpleData name="Forme Juridique Abregee">AUPM</SimpleData>
					<SimpleData name="Denomination">ASS SYNDICALE LIBRE DES HAUTINIERES</SimpleData>
				</SchemaData>
			</ExtendedData>
	<Region>
		<LatLonAltBox>
			<north> 45.77679254965211 </north>
			<south> 45.7761745410405 </south>
			<east> 4.73333524105892 </east>
			<west> 4.73203231094684 </west>
		</LatLonAltBox>
		<Lod>
			<minLodPixels>100</minLodPixels>
			<maxLodPixels>-1</maxLodPixels>
		</Lod>
	</Region>
			<MultiGeometry>
				<Polygon><altitudeMode>relativeToGround</altitudeMode>
					<outerBoundaryIs>
						<LinearRing>
							<coordinates>								4.73203353845603,45.77644222564,0 4.73203231094684,45.776472868486,0 4.73214570996649,45.7764481596035,0 4.73231905652932,45.77643874290331,0 4.73259237672625,45.77642391772051,0 4.73267532569714,45.7765980113812,0 4.73256319187634,45.776654856574,0 4.73257782700403,45.7766700339107,0 4.7327257520664,45.77666677148649,0 4.73303399057301,45.77679254965211,0 4.73305490404232,45.7767493548014,0 4.73316265499527,45.7765281975535,0 4.73333524105892,45.7761745410405,0 4.73203430475292,45.7764420337351,0 4.73203353845603,45.77644222564,0 
							</coordinates>
						</LinearRing>
					</outerBoundaryIs>
				</Polygon>
			</MultiGeometry>
		</Placemark>
		<Placemark id="personne_morale.88133">
<styleUrl>#personne_morale</styleUrl>			<visibility>0</visibility>
			<ExtendedData>
				<SchemaData schemaUrl="#personne_morale">
					<SimpleData name="Numero de Parcelle">69044000AT0062</SimpleData>
					<SimpleData name="Departement">69</SimpleData>
					<SimpleData name="Commune">CHARBONNIERES-LES-BAINS</SimpleData>
					<SimpleData name="Adresse">GDES BRUYERES</SimpleData>
					<SimpleData name="Groupe de personne">Personnes morales non remarquables</SimpleData>
					<SimpleData name="Forme Juridique Abregee">AUPM</SimpleData>
					<SimpleData name="Denomination">ASS SYNDICALE LIBRE DES HAUTINIERES</SimpleData>
				</SchemaData>
			</ExtendedData>
	<Region>
		<LatLonAltBox>
			<north> 45.7767728826351 </north>
			<south> 45.776654856574 </south>
			<east> 4.73257782700403 </east>
			<west> 4.73235590113405 </west>
		</LatLonAltBox>
		<Lod>
			<minLodPixels>100</minLodPixels>
			<maxLodPixels>-1</maxLodPixels>
		</Lod>
	</Region>
			<MultiGeometry>
				<Polygon><altitudeMode>relativeToGround</altitudeMode>
					<outerBoundaryIs>
						<LinearRing>
							<coordinates>								4.73237329894882,45.7767728826351,0 4.73257782700403,45.7766700339107,0 4.73256319187634,45.776654856574,0 4.73235590113405,45.7767599093853,0 4.73237329894882,45.7767728826351,0 
							</coordinates>
						</LinearRing>
					</outerBoundaryIs>
				</Polygon>
			</MultiGeometry>
		</Placemark>
		<Placemark id="personne_morale.88694">
<styleUrl>#personne_morale</styleUrl>			<visibility>0</visibility>
			<ExtendedData>
				<SchemaData schemaUrl="#personne_morale">
					<SimpleData name="Numero de Parcelle">69044000AM0063</SimpleData>
					<SimpleData name="Departement">69</SimpleData>
					<SimpleData name="Commune">CHARBONNIERES-LES-BAINS</SimpleData>
					<SimpleData name="Adresse">169, RTE DE PARIS</SimpleData>
					<SimpleData name="Groupe de personne">Personnes morales non remarquables</SimpleData>
					<SimpleData name="Forme Juridique Abregee">SC</SimpleData>
					<SimpleData name="Denomination">LA PERSEVERANCE</SimpleData>
				</SchemaData>
			</ExtendedData>
	<Region>
		<LatLonAltBox>
			<north> 45.76998907447491 </north>
			<south> 45.7695376657604 </south>
			<east> 4.75789149671499 </east>
			<west> 4.7571785995051 </west>
		</LatLonAltBox>
		<Lod>
			<minLodPixels>100</minLodPixels>
			<maxLodPixels>-1</maxLodPixels>
		</Lod>
	</Region>
			<MultiGeometry>
				<Polygon><altitudeMode>relativeToGround</altitudeMode>
					<outerBoundaryIs>
						<LinearRing>
							<coordinates>								4.75757139384818,45.7695376657604,0 4.7571785995051,45.7697322136361,0 4.75720131282185,45.7697543776475,0 4.75728977056461,45.7698405489724,0 4.75760789068609,45.76998907447491,0 4.75789149671499,45.7698658516328,0 4.75772437864415,45.7696859713386,0 4.75757139384818,45.7695376657604,0 
							</coordinates>
						</LinearRing>
					</outerBoundaryIs>
				</Polygon>
			</MultiGeometry>
		</Placemark>
		<Placemark id="personne_morale.89944">
<styleUrl>#personne_morale</styleUrl>			<visibility>0</visibility>
			<ExtendedData>
				<SchemaData schemaUrl="#personne_morale">
					<SimpleData name="Numero de Parcelle">69044000AP0065</SimpleData>
					<SimpleData name="Departement">69</SimpleData>
					<SimpleData name="Commune">CHARBONNIERES-LES-BAINS</SimpleData>
					<SimpleData name="Adresse">17, CHE VERT</SimpleData>
					<SimpleData name="Groupe de personne">Personnes morales non remarquables</SimpleData>
					<SimpleData name="Forme Juridique Abregee">SARL</SimpleData>
					<SimpleData name="Denomination">CHALETS DU DAUPHINE</SimpleData>
				</SchemaData>
			</ExtendedData>
	<Region>
		<LatLonAltBox>
			<north> 45.7746407410874 </north>
			<south> 45.7732879027232 </south>
			<east> 4.74044198413797 </east>
			<west> 4.73889029278521 </west>
		</LatLonAltBox>
		<Lod>
			<minLodPixels>100</minLodPixels>
			<maxLodPixels>-1</maxLodPixels>
		</Lod>
	</Region>
			<MultiGeometry>
				<Polygon><altitudeMode>relativeToGround</altitudeMode>
					<outerBoundaryIs>
						<LinearRing>
							<coordinates>								4.73976168373587,45.77419359980451,0 4.73991543035393,45.77430183577551,0 4.73998216803106,45.77434881426861,0 4.73999256969871,45.77435621979549,0 4.74016975040347,45.77448102733009,0 4.74039629964552,45.7746407410874,0 4.74044198413797,45.77461184419079,0 4.7397523785241,45.7741270008482,0 4.73951216158692,45.7739582193076,0 4.73970553475,45.7738288683533,0 4.73953696716175,45.7737077103127,0 4.7395404716949,45.7736882009911,0 4.73950547971054,45.7736642412654,0 4.73946509404943,45.773636581717,0 4.7394235014554,45.7736319088084,0 4.73924989790102,45.7735101975063,0 4.73908814279554,45.7733968600316,0 4.73908308124339,45.7733914437377,0 4.73907942066883,45.7733855554942,0 4.73907690660613,45.7733792892945,0 4.73907567903994,45.77337300326389,0 4.73907586378555,45.7733666053924,0 4.73907720921105,45.7733602797001,0 4.73908010409854,45.7733541102649,0 4.73908391370142,45.7733483770834,0 4.73908902396808,45.7733430742061,0 4.73909555504613,45.7733379295686,0 4.73906267004281,45.7733154684365,0 4.73902728971968,45.7732914244852,0 4.73902203039322,45.7732879027232,0 4.73901537633231,45.7732932293936,0 4.73900727312169,45.7732974975518,0 4.73899823535919,45.7733006992655,0 4.73898851751034,45.7733027405413,0 4.73897850552398,45.77330361543031,0 4.73896832521651,45.7733032319223,0 4.73895835970326,45.7733014940413,0 4.73894913208356,45.7732986639368,0 4.73894089682306,45.7732946476161,0 4.73893419118857,45.7732901573644,0 4.73889029278521,45.7733226289546,0 4.73946169490358,45.7737207602229,0 4.73928147681825,45.7738550419872,0 4.73976168373587,45.77419359980451,0 
							</coordinates>
						</LinearRing>
					</outerBoundaryIs>
				</Polygon>
			</MultiGeometry>
		</Placemark>
		<Placemark id="personne_morale.90490">
<styleUrl>#personne_morale</styleUrl>			<visibility>0</visibility>
			<ExtendedData>
				<SchemaData schemaUrl="#personne_morale">
					<SimpleData name="Numero de Parcelle">69044000AK0066</SimpleData>
					<SimpleData name="Departement">69</SimpleData>
					<SimpleData name="Commune">CHARBONNIERES-LES-BAINS</SimpleData>
					<SimpleData name="Adresse">47, AV BERGERON</SimpleData>
					<SimpleData name="Groupe de personne">Personnes morales non remarquables</SimpleData>
					<SimpleData name="Forme Juridique Abregee">SAS</SimpleData>
					<SimpleData name="Denomination">FONCIA LYON OUEST</SimpleData>
				</SchemaData>
			</ExtendedData>
	<Region>
		<LatLonAltBox>
			<north> 45.7771024565302 </north>
			<south> 45.7743697319221 </south>
			<east> 4.74760717316933 </east>
			<west> 4.74425120170099 </west>
		</LatLonAltBox>
		<Lod>
			<minLodPixels>100</minLodPixels>
			<maxLodPixels>-1</maxLodPixels>
		</Lod>
	</Region>
			<MultiGeometry>
				<Polygon><altitudeMode>relativeToGround</altitudeMode>
					<outerBoundaryIs>
						<LinearRing>
							<coordinates>								4.74616575420624,45.776923071953,0 4.74660089545601,45.7767460124646,0 4.74692447501484,45.77660688718629,0 4.74703572644305,45.7765592283959,0 4.74750796638936,45.77620009783949,0 4.74748611050651,45.775598672133,0 4.74754705248229,45.7753929968744,0 4.74760717316933,45.775189856287,0 4.74657833919021,45.7745627714419,0 4.74672382975357,45.774401273588,0 4.74666092077933,45.7743697319221,0 4.74656510872181,45.7744577733884,0 4.74649839002808,45.7745174424101,0 4.74642537920663,45.7745735158802,0 4.74636325992211,45.7746158199997,0 4.74627627185504,45.77466949766319,0 4.74618049256781,45.7747219602572,0 4.74610463108759,45.7747570911022,0 4.74567630701108,45.7749416994268,0 4.74554253003602,45.77500150470329,0 4.74528547577936,45.7751234743323,0 4.74527940848762,45.7751269908832,0 4.74527307820012,45.7751303313603,0 4.74527143130139,45.77513116747459,0 4.74523625149666,45.7751502662772,0 4.74517067474847,45.77518911043401,0 4.74508830409424,45.77524640863599,0 4.74501821725657,45.77530955153661,0 4.74500830952443,45.7753178111591,0 4.7449682507118,45.7753617548386,0 4.74458016984512,45.77581829102021,0 4.74425120170099,45.7762107722277,0 4.7449599151111,45.77642228866271,0 4.74564455169516,45.7766375058755,0 4.74557371608768,45.7767095777154,0 4.74558741682347,45.7767439529859,0 4.745731167473,45.777101472206,0 4.74573158474082,45.7771024565302,0 4.74616575420624,45.776923071953,0 
							</coordinates>
						</LinearRing>
					</outerBoundaryIs>
				</Polygon>
			</MultiGeometry>
		</Placemark>
		<Placemark id="personne_morale.90976">
<styleUrl>#personne_morale</styleUrl>			<visibility>0</visibility>
			<ExtendedData>
				<SchemaData schemaUrl="#personne_morale">
					<SimpleData name="Numero de Parcelle">69044000AA0067</SimpleData>
					<SimpleData name="Departement">69</SimpleData>
					<SimpleData name="Commune">CHARBONNIERES-LES-BAINS</SimpleData>
					<SimpleData name="Adresse">PIERRES PLANTEES</SimpleData>
					<SimpleData name="Groupe de personne">Personnes morales non remarquables</SimpleData>
					<SimpleData name="Forme Juridique Abregee">ASS</SimpleData>
					<SimpleData name="Denomination">ASSOCIATION PROPRIETAIRES LOTISSEMENT PARC BUCLAY</SimpleData>
				</SchemaData>
			</ExtendedData>
	<Region>
		<LatLonAltBox>
			<north> 45.7903691141155 </north>
			<south> 45.78993769017929 </south>
			<east> 4.75157745488291 </east>
			<west> 4.75037185305457 </west>
		</LatLonAltBox>
		<Lod>
			<minLodPixels>100</minLodPixels>
			<maxLodPixels>-1</maxLodPixels>
		</Lod>
	</Region>
			<MultiGeometry>
				<Polygon><altitudeMode>relativeToGround</altitudeMode>
					<outerBoundaryIs>
						<LinearRing>
							<coordinates>								4.75091573979004,45.78993769017929,0 4.75077099265494,45.7902291542071,0 4.75044257931652,45.7901611108541,0 4.75039229447135,45.79015072197799,0 4.75037185305457,45.7902288604695,0 4.75146245022666,45.7903691141155,0 4.75157745488291,45.7900939632999,0 4.75127610601757,45.7900227100989,0 4.75091573979004,45.78993769017929,0 
							</coordinates>
						</LinearRing>
					</outerBoundaryIs>
				</Polygon>
			</MultiGeometry>
		</Placemark>
		<Placemark id="personne_morale.91664">
<styleUrl>#personne_morale</styleUrl>			<visibility>0</visibility>
			<ExtendedData>
				<SchemaData schemaUrl="#personne_morale">
					<SimpleData name="Numero de Parcelle">69044000AR0068</SimpleData>
					<SimpleData name="Departement">69</SimpleData>
					<SimpleData name="Commune">CHARBONNIERES-LES-BAINS</SimpleData>
					<SimpleData name="Adresse">8, CHE DE LA FERRIERE</SimpleData>
					<SimpleData name="Groupe de personne">Personnes morales non remarquables</SimpleData>
					<SimpleData name="Forme Juridique Abregee">ASS</SimpleData>
					<SimpleData name="Denomination">PROPRIETAIRES LOTISST LA BRESSONNIERE AR68 AR69 AR200 AR201</SimpleData>
				</SchemaData>
			</ExtendedData>
	<Region>
		<LatLonAltBox>
			<north> 45.77798672166021 </north>
			<south> 45.7766595778259 </south>
			<east> 4.74108101678306 </east>
			<west> 4.73773062971699 </west>
		</LatLonAltBox>
		<Lod>
			<minLodPixels>100</minLodPixels>
			<maxLodPixels>-1</maxLodPixels>
		</Lod>
	</Region>
			<MultiGeometry>
				<Polygon><altitudeMode>relativeToGround</altitudeMode>
					<outerBoundaryIs>
						<LinearRing>
							<coordinates>								4.74108101678306,45.7772327729033,0 4.74105584314891,45.7772427088703,0 4.74105163713903,45.7772440347652,0 4.74104755695023,45.7772452686474,0 4.7410433481027,45.77724650451489,0 4.74103913641774,45.7772476503551,0 4.74103505055392,45.7772487041829,0 4.74103070453561,45.777249671954,0 4.74102635851715,45.777250639725,0 4.74102201249853,45.7772516074958,0 4.74101766080534,45.77725239521241,0 4.74101317761627,45.7772530948871,0 4.74100882592284,45.7772538826033,0 4.74100433989634,45.7772544922506,0 4.74099985386975,45.7772551018977,0 4.74099536784305,45.77725571154459,0 4.74099087614193,45.77725614113731,0 4.7409849550107,45.7772561424324,0 4.74091926438584,45.7772588673956,0 4.74042720639121,45.7772847430919,0 4.74033429962635,45.7772897790202,0 4.74027300034042,45.7772929762959,0 4.74024766592449,45.7772937273378,0 4.74024238808262,45.7772937186719,0 4.74023710456888,45.7772935299516,0 4.74023181821923,45.77729325120401,0 4.7402266576924,45.7772928804446,0 4.74022136283513,45.7772923316153,0 4.74021619380073,45.7772916907743,0 4.74021114491743,45.7772907778675,0 4.74020609603431,45.7772898649605,0 4.74020104431546,45.7772888620262,0 4.74019611274785,45.77728758702609,0 4.74019118118047,45.7772863120258,0 4.74018624677745,45.7772849469982,0 4.74018220447775,45.77728329799871,0 4.74016264194768,45.777275223132,0 4.74006891915375,45.7772298317796,0 4.74004405719474,45.7772169747993,0 4.73999276389018,45.7771904743881,0 4.73996005202913,45.7771735951916,0 4.73995455196973,45.777170617603,0 4.73994905474638,45.7771677300412,0 4.73994368051109,45.77716466044101,0 4.73993817478257,45.7771615027974,0 4.73993292920686,45.77715843121259,0 4.73992780661925,45.7771551775893,0 4.73992255537388,45.7771519259498,0 4.7399174356229,45.7771487623531,0 4.73991243886005,45.777145416718,0 4.73990731060406,45.7771419830397,0 4.73990244250076,45.7771386354201,0 4.73989756872729,45.7771351077461,0 4.73989269495445,45.777131580072,0 4.7398879526759,45.7771281404407,0 4.73988333055017,45.777124428744,0 4.73987871409576,45.77712089710129,0 4.7398740948066,45.7771172754312,0 4.73986972999926,45.77711355976601,0 4.73986523369892,45.7771097560575,0 4.73986099471571,45.7771059483809,0 4.73985662707484,45.777102142688,0 4.7398523852575,45.777098244984,0 4.73984840075723,45.77709434331189,0 4.73984441058693,45.7770902615854,0 4.73984082623886,45.7770868040965,0 4.73983724189123,45.7770833466075,0 4.73983365754405,45.7770798891184,0 4.73983032767843,45.7770763376341,0 4.7398270006485,45.7770728761769,0 4.7398235392903,45.77706923664941,0 4.7398204667423,45.77706568119701,0 4.73981725986606,45.7770619476743,0 4.73981418731887,45.77705839222169,0 4.73981123775975,45.777054654731,0 4.7398081595429,45.7770509192242,0 4.73980533864271,45.7770471797494,0 4.73980264356579,45.77704334826359,0 4.73979995132447,45.7770396068047,0 4.73979738490639,45.7770357733349,0 4.73979481565346,45.7770318498379,0 4.73979224923611,45.7770280163679,0 4.73978993730004,45.777024088903,0 4.73978749670625,45.77702016342191,0 4.73978531059372,45.77701614394601,0 4.73978325597473,45.77701221251309,0 4.739781072698,45.7770082830642,0 4.73977900957407,45.77700408154999,0 4.73970862337775,45.77682907847939,0 4.73970613176742,45.7768235325093,0 4.73970326268995,45.7768182625718,0 4.73970001047533,45.7768130886126,0 4.73969675826132,45.7768079146534,0 4.73969312291027,45.7768028366725,0 4.73968949039492,45.7767978487185,0 4.7396854690726,45.7767927766887,0 4.73968145342103,45.776787884713,0 4.73967718612516,45.77678317675871,0 4.73967278733752,45.776778380761,0 4.73966826272814,45.77677367677399,0 4.73966361229703,45.77676906479759,0 4.73965870738673,45.77676454681549,0 4.73965354799727,45.7767601228279,0 4.73964851726609,45.7767556968563,0 4.73964310906824,45.7767515469168,0 4.73963756937883,45.7767473089338,0 4.73963191237255,45.7767434330425,0 4.73962624969723,45.7767393770968,0 4.73962033537775,45.7767355051723,0 4.73961272299892,45.77673084879201,0 4.73960498479887,45.7767262844218,0 4.73959699778996,45.7767219940998,0 4.7395890107823,45.77671770377719,0 4.7395809007882,45.77671359549179,0 4.73957266780762,45.7767096692436,0 4.73956417751353,45.7767057469622,0 4.73955556423293,45.77670200671779,0 4.73954695378827,45.7766983564999,0 4.73953822319176,45.7766949783462,0 4.73952910945916,45.7766916961697,0 4.73952012721967,45.776688502036,0 4.73951115065068,45.7766854879557,0 4.73950179094553,45.7766825698524,0 4.73949256840273,45.7766799198461,0 4.73948322003823,45.7766773618497,0 4.73947374585198,45.7766748958631,0 4.73946402002136,45.7766726138969,0 4.73945442851806,45.7766705100005,0 4.73944483985012,45.7766684961304,0 4.73943513102942,45.7766667543242,0 4.73942542504393,45.7766651025442,0 4.73941559323634,45.776663542774,0 4.73941029844743,45.7766629939066,0 4.73940512948132,45.7766623530285,0 4.73939983469263,45.7766618041607,0 4.73939454557312,45.7766614353468,0 4.73938925361915,45.7766609765055,0 4.73938396166526,45.776660517664,0 4.739378678215,45.7766603289035,0 4.73937326327303,45.7766600520991,0 4.73936797698835,45.776659773311,0 4.73936269920718,45.776659764604,0 4.73935728709982,45.7766595778259,0 4.73935201215313,45.77665965914541,0 4.73934673437197,45.7766596504376,0 4.73934133076803,45.77665973374,0 4.73933605865574,45.7766599050858,0 4.73933065788618,45.77666007841471,0 4.73932538860825,45.7766603397872,0 4.73932012216469,45.7766606911864,0 4.73931472706382,45.7766610445688,0 4.73930946345451,45.77666148599469,0 4.73930484313134,45.7766619175035,0 4.73930035146534,45.7766623470289,0 4.73929573114203,45.7766627785374,0 4.73929124514463,45.77666338811651,0 4.73928675631276,45.7766639076684,0 4.73928239613807,45.77666442523681,0 4.73927791297472,45.7766651248425,0 4.7392734241426,45.7766656443939,0 4.73926906680197,45.7766662519888,0 4.73926470946124,45.7766668595836,0 4.7392602291318,45.7766676492157,0 4.73925574596792,45.77666834882051,0 4.73925126280392,45.7766690484252,0 4.73924691113137,45.77666983607351,0 4.73924243080143,45.7766706257048,0 4.73923807912863,45.7766714133528,0 4.73923360163271,45.7766722930109,0 4.73922925279392,45.7766731706856,0 4.73922477246346,45.7766739603162,0 4.73922042362439,45.7766748379906,0 4.73921620911096,45.7766758937357,0 4.73921186027161,45.7766767714097,0 4.73920751426635,45.7766777391106,0 4.73920316826095,45.7766787068114,0 4.73916592626182,45.7766896390233,0 4.7391438641014,45.7766961939815,0 4.73913777357316,45.7766989899858,0 4.73913219200545,45.7767015980029,0 4.73912661610542,45.77670438607401,0 4.73912116886218,45.77670717216159,0 4.73911585594392,45.7767101363201,0 4.73911054302509,45.7767131004782,0 4.73910523293976,45.7767161546633,0 4.73910031449411,45.7767193829529,0 4.73909526739049,45.7767226132254,0 4.73909034894368,45.7767258415146,0 4.7390858221366,45.7767292439084,0 4.73908103801412,45.7767326502683,0 4.7390763853825,45.7767361446719,0 4.73907212439062,45.77673981318029,0 4.73906773190672,45.7767433936446,0 4.73906334225625,45.7767470641357,0 4.73905934141157,45.7767508187046,0 4.73905534623432,45.7767547533275,0 4.73905134822252,45.7767585979232,0 4.73904834829632,45.7767614363563,0 4.73904535120378,45.7767643648164,0 4.73904235694489,45.7767673833036,0 4.73903961716672,45.7767703077975,0 4.73903674873075,45.77677323427429,0 4.73903388312843,45.77677625077819,0 4.73903101752579,45.776779267282,0 4.73902841207186,45.7767823698468,0 4.73902567796009,45.77678547439461,0 4.73902294101408,45.77678848891509,0 4.73902033555926,45.7767915914797,0 4.73901773010414,45.7767946940442,0 4.73901512748265,45.7767978866358,0 4.73901278217603,45.77680107526129,0 4.73901030537762,45.77680417584259,0 4.73900783141286,45.776807366451,0 4.7390053574478,45.7768105570593,0 4.73900314079768,45.7768137437016,0 4.73900079832359,45.7768170223539,0 4.73899845584922,45.7768203010062,0 4.73899636785594,45.7768234856653,0 4.73899415403867,45.7768267623345,0 4.73899194022114,45.7768300390036,0 4.73898998371865,45.77683331170681,0 4.73898788722275,45.7768362262845,0 4.73898605370971,45.7768393169504,0 4.73898421452872,45.776842227562,0 4.73898263549677,45.7768452242348,0 4.73898079914927,45.7768482248735,0 4.7389790886254,45.7768511335021,0 4.73897750959292,45.7768541301749,0 4.73897580190256,45.7768571288305,0 4.73897409421201,45.7768601274862,0 4.73897252084672,45.776863304213,0 4.73897094181353,45.77686630088561,0 4.73896923412244,45.7768692995412,0 4.73896765225505,45.7768722061867,0 4.73896620471295,45.7768752909033,0 4.73896462567908,45.7768782875759,0 4.73896304947888,45.7768813742755,0 4.73896172776021,45.7768843669821,0 4.73896028021746,45.7768874516987,0 4.73895870401675,45.7768905383982,0 4.73895725647367,45.7768936231148,0 4.73895593758823,45.7768967058484,0 4.73895461870264,45.776899788582,0 4.73895317115909,45.7769028732985,0 4.73895198093102,45.7769059540492,0 4.73883597447123,45.7771912847201,0 4.73882795906209,45.7772065401377,0 4.73881730982563,45.7772239978438,0 4.73880080914596,45.7772477606091,0 4.73879797467568,45.7772517674052,0 4.73879514020498,45.7772557742012,0 4.73879243155895,45.7772596889872,0 4.73878959708744,45.77726369578301,0 4.73878676261553,45.7772677025788,0 4.73878379665095,45.7772716213302,0 4.73878070202726,45.7772755420642,0 4.73877786472053,45.7772794588326,0 4.73877477009598,45.7772833795665,0 4.73877167547099,45.7772873003003,0 4.73876858084556,45.77729122103401,0 4.73876535189387,45.7772949636961,0 4.73876225443402,45.7772987944025,0 4.73875902831499,45.7773026270916,0 4.73875567637028,45.7773065517904,0 4.73875257607559,45.7773102924694,0 4.73874908980414,45.7773140390965,0 4.738745732191,45.7773177837408,0 4.73874237741092,45.77732161841211,0 4.73873901979687,45.7773253630563,0 4.73873553352355,45.777329109683,0 4.73873217307509,45.7773327642997,0 4.738728558142,45.7773365129089,0 4.73872482021653,45.7773404435548,0 4.73872156859121,45.7773434659989,0 4.7387181854732,45.7773464003985,0 4.73871493384717,45.77734942284239,0 4.73871167938732,45.7773523552591,0 4.73870829626824,45.7773552896584,0 4.73870491314881,45.7773582240576,0 4.73870165868791,45.777361156474,0 4.7386981497423,45.77736418288269,0 4.73869476378835,45.77736702725451,0 4.73869125200857,45.7773699636359,0 4.73868786605391,45.7773728080074,0 4.73868448293232,45.777375742406,0 4.73868083965909,45.7773785907426,0 4.73867732504443,45.7773814370965,0 4.73867393908835,45.7773842814677,0 4.73867029581401,45.7773871298039,0 4.73866678119826,45.7773899761575,0 4.73866326091539,45.7773926424568,0 4.73865961480657,45.77739540076561,0 4.73865597153076,45.7773982491014,0 4.73865232542122,45.77740100741,0 4.7386486793113,45.7774037657185,0 4.73864503320103,45.77740652402691,0 4.73864138709039,45.7774092823352,0 4.7386015921612,45.7774372770659,0 4.73854215534267,45.77747512194141,0 4.73822024279632,45.7776803090374,0 4.7379212908533,45.7778707301979,0 4.73782526381549,45.7779321063201,0 4.73773062971699,45.7779436517828,0 4.73788748156733,45.77798672166021,0 4.73789519511991,45.77797822627,0 4.73790081248042,45.7779808418689,0 4.73831363906031,45.7777153488082,0 4.73863892493775,45.77751101016921,0 4.73870102956948,45.7774720432816,0 4.73872702332642,45.7774554299728,0 4.73876170469625,45.77743264803451,0 4.73877061847177,45.7774254851467,0 4.73884972016049,45.7773458144597,0 4.73885626704508,45.7773370667682,0 4.73893556405021,45.7772227157605,0 4.73897202487933,45.77713379438219,0 4.73906907143048,45.77689225998469,0 4.7390735948373,45.776880571133,0 4.73908570392376,45.77685633559099,0 4.73908728861853,45.776853518971,0 4.73908887614718,45.776850792378,0 4.73909058666526,45.7768478837477,0 4.73909243150894,45.7768451531885,0 4.73909440501011,45.7768424206461,0 4.73909625268748,45.7768397801139,0 4.73909822618827,45.77683704757149,0 4.73910033118058,45.776834403073,0 4.73910256766441,45.77683184661849,0 4.73910466982224,45.7768291120928,0 4.73910690630565,45.7768265556382,0 4.73910927428056,45.7768240872274,0 4.7391117680788,45.7768215268065,0 4.73911413605327,45.7768190583956,0 4.73911663551924,45.7768166780287,0 4.7391192608085,45.7768142056515,0 4.73912162594823,45.7768116472135,0 4.73912511499683,45.776807990602,0 4.73912886419424,45.7768044200513,0 4.73913287354042,45.7768009355612,0 4.7391368828861,45.776797451071,0 4.7391412838722,45.7767941406853,0 4.73914569052605,45.7767910103537,0 4.73915022583695,45.7767878780387,0 4.73915489547316,45.7767849237945,0 4.73915982809225,45.7767821456379,0 4.73916488936837,45.77677936549801,0 4.73916995631232,45.7767767654119,0 4.73917528340501,45.7767742513864,0 4.7391807419889,45.77677182540451,0 4.73918620907492,45.7767696695035,0 4.7391916733263,45.77676742357531,0 4.73920017717514,45.7767635995889,0 4.73920894684046,45.7767600417166,0 4.7392177250074,45.7767567539249,0 4.73922676615676,45.7767536422202,0 4.73923594163111,45.7767507085857,0 4.73924512844167,45.7767481350588,0 4.73925444674313,45.77674564957491,0 4.73926403369593,45.776743520232,0 4.73927362631667,45.7767415709424,0 4.73928335326287,45.7767397997229,0 4.739293217369,45.77673829660051,0 4.73930308997776,45.77673706355849,0 4.73931296825489,45.7767360105697,0 4.73932298652675,45.7767353157051,0 4.73933301046723,45.7767348008937,0 4.73934304007643,45.7767344661356,0 4.73935308102341,45.776734491485,0 4.73936298480951,45.7767342487356,0 4.73937328590578,45.7767343601435,0 4.73938359834017,45.7767348316586,0 4.73939391927835,45.77673557325421,0 4.73940412006306,45.7767365869134,0 4.73941407203702,45.77673787461989,0 4.73942416400722,45.77673952045039,0 4.73943413582441,45.7767414383448,0 4.73944385599667,45.7767435402594,0 4.73945371616565,45.77674600029799,0 4.73946319886715,45.7767487363675,0 4.73947255858147,45.7767516544739,0 4.73948167232061,45.77675493665501,0 4.73949079173022,45.7767583988895,0 4.73949953650741,45.7767622271823,0 4.73950828695527,45.7767662355286,0 4.73951652844392,45.7767704318627,0 4.73952517291485,45.7767751624078,0 4.73953173335421,45.7767791144464,0 4.7395379134915,45.7767832524895,0 4.73954409646451,45.7767874805593,0 4.73955002212339,45.7767917125961,0 4.73955582763005,45.7767962166974,0 4.73956137298772,45.77680063473859,0 4.73956679819318,45.7768053248444,0 4.7395722262344,45.77681010497709,0 4.73957726546895,45.7768148010334,0 4.7395823132089,45.7768197671706,0 4.73958697497692,45.77682473925871,0 4.73959176823827,45.77682979939,0 4.73959604970482,45.77683495748281,0 4.73960033400706,45.7768402056026,0 4.73960436382968,45.7768455477167,0 4.7396082649954,45.7768508918143,0 4.73961178018882,45.7768562418629,0 4.73961530105274,45.77686177196549,0 4.73961856460193,45.7768673060354,0 4.73962207412757,45.7768724760295,0 4.73962413156481,45.7768764974923,0 4.73962618616743,45.776880428928,0 4.73962824360527,45.7768844503908,0 4.73963017238565,45.7768884738372,0 4.73963210116631,45.7768924972836,0 4.73963390128947,45.77689652271369,0 4.73963570424784,45.7769006381708,0 4.73963750153659,45.7769045735738,0 4.73963917583768,45.7769086910145,0 4.73964084730407,45.77691271842821,0 4.73964239294783,45.7769168378527,0 4.73964406724966,45.77692095529339,0 4.73964548140109,45.7769249866745,0 4.73964689838769,45.7769291080827,0 4.7396483153745,45.7769332294908,0 4.73964960653861,45.7769374429098,0 4.73965102352583,45.7769415643179,0 4.73965218036252,45.7769455996664,0 4.73965346869224,45.7769497230582,0 4.73965463119922,45.7769539384608,0 4.73965566221348,45.7769580658201,0 4.73965682472081,45.7769622812227,0 4.73965772707745,45.7769664105657,0 4.73965875525719,45.7769704478979,0 4.73966045682806,45.7769795188113,0 4.73966490908052,45.7769982749576,0 4.73966989689621,45.777013600156,0 4.73968008665623,45.7770346997471,0 4.73968733079013,45.7770480986683,0 4.73969056317214,45.77705264243831,0 4.73969327241694,45.7770569240622,0 4.73969585300401,45.77706120766981,0 4.73969881389589,45.7770653052719,0 4.73970164896507,45.7770694948847,0 4.73970461269288,45.7770736825136,0 4.73970757358607,45.77707778011541,0 4.73971066597298,45.7770819657604,0 4.73971388134842,45.7770859693674,0 4.73971709672432,45.7770899729742,0 4.73972044359402,45.7770940646242,0 4.73972378762911,45.777098066247,0 4.73972712882959,45.7771019778427,0 4.73973072451196,45.7771057954436,0 4.73973432302994,45.7771097030713,0 4.73973792154843,45.77711361069899,0 4.73974164872571,45.7771175163427,0 4.73974537023327,45.7771212419322,0 4.73974935189307,45.7771250535809,0 4.73975320205996,45.7771287771862,0 4.73975705506252,45.7771325908185,0 4.73976115687681,45.77713613040171,0 4.73976526436195,45.77713985003891,0 4.73976936901247,45.7771434796489,0 4.73977282186622,45.77714684909689,0 4.73977731249285,45.7771504727549,0 4.73978180595527,45.7771541864398,0 4.73978655389984,45.7771578061297,0 4.73979104169306,45.7771613397602,0 4.73979566098046,45.7771649614336,0 4.73980040609165,45.7771684910958,0 4.7398050197098,45.7771719327147,0 4.73980989348061,45.7771754603927,0 4.73981463859361,45.7771789900543,0 4.73981938087196,45.7771824296887,0 4.73982438046779,45.777185865355,0 4.73982912274734,45.777189304989,0 4.73983399085066,45.7771926526117,0 4.73983899044832,45.7771960882774,0 4.73984398721132,45.7771994339157,0 4.73984885248113,45.7772026915108,0 4.7398539779038,45.7772060351647,0 4.7398591033271,45.7772093788185,0 4.73986409442186,45.77721254440181,0 4.73986921701103,45.777215798028,0 4.73987433960081,45.7772190516539,0 4.73987958801437,45.7772222132686,0 4.73988470776999,45.777225376867,0 4.73990356633993,45.77723562433579,0 4.7400961021983,45.777332723758,0 4.7401064136996,45.7773372484094,0 4.74011150795722,45.7773396017539,0 4.74011659087229,45.77734159499,0 4.74012167378773,45.7773435882258,0 4.74012688536234,45.7773455794771,0 4.74013221708881,45.77734729866269,0 4.74013755165141,45.77734910787509,0 4.74014301203737,45.77735082507591,0 4.74014833525746,45.7773522741796,0 4.74015391863129,45.7773538093413,0 4.74015936767496,45.7773551664331,0 4.74016494254191,45.7773564315132,0 4.7401705174091,45.777357696593,0 4.74017634392254,45.7773587776497,0 4.74018204177737,45.7773598606905,0 4.74018773679655,45.77736085370389,0 4.74019329464948,45.7773615786201,0 4.74019911265613,45.77736238959449,0 4.74022476964813,45.7773637052171,0 4.74024657821979,45.7773654404748,0 4.74025866647949,45.77736507388461,0 4.74051478855694,45.7773517558039,0 4.74090670990319,45.7773302170576,0 4.74091197923752,45.7773299556113,0 4.7409172542459,45.77732987421881,0 4.74091931278575,45.77732984245591,0 4.74092240343259,45.7773298848384,0 4.74092768127802,45.7773298934726,0 4.7409329647976,45.7773300821605,0 4.74093837981304,45.7773303588901,0 4.74094353751106,45.7773306395898,0 4.74094870088333,45.77733110034341,0 4.74095399291443,45.7773315591115,0 4.74095916196112,45.77733219991881,0 4.74096433384505,45.7773329307528,0 4.74096937707037,45.77733366357181,0 4.74097442597011,45.7773345764447,0 4.74097960636592,45.7773355773591,0 4.74098452660726,45.7773364922168,0 4.74098907222116,45.77733777313821,0 4.74099272006112,45.77733915798341,0 4.74099637073846,45.7773406328556,0 4.74099988992003,45.7773420196858,0 4.74100341477616,45.77734358657,0 4.74100668515215,45.77734524745181,0 4.7410100841871,45.7773469063481,0 4.74101335456348,45.7773485672296,0 4.74101675643606,45.7773503161528,0 4.74101990382849,45.77735215907349,0 4.74102292539957,45.7773540940065,0 4.74102607562965,45.7773560269541,0 4.74102896854235,45.7773579638723,0 4.7410319929513,45.7773599888321,0 4.74103500601149,45.77736165368359,0 4.74104020812652,45.7773674280139,0 4.74108101678306,45.7772327729033,0 
							</coordinates>
						</LinearRing>
					</outerBoundaryIs>
				</Polygon>
			</MultiGeometry>
		</Placemark>
		<Placemark id="personne_morale.92186">
<styleUrl>#personne_morale</styleUrl>			<visibility>0</visibility>
			<ExtendedData>
				<SchemaData schemaUrl="#personne_morale">
					<SimpleData name="Numero de Parcelle">69044000AN0069</SimpleData>
					<SimpleData name="Departement">69</SimpleData>
					<SimpleData name="Commune">CHARBONNIERES-LES-BAINS</SimpleData>
					<SimpleData name="Adresse">LA FORET</SimpleData>
					<SimpleData name="Groupe de personne">Personnes morales non remarquables</SimpleData>
					<SimpleData name="Forme Juridique Abregee">AUPM</SimpleData>
					<SimpleData name="Denomination">ASS SYNDICAL LOT ARMINJON</SimpleData>
				</SchemaData>
			</ExtendedData>
	<Region>
		<LatLonAltBox>
			<north> 45.7737337325629 </north>
			<south> 45.7732864597994 </south>
			<east> 4.74814922730109 </east>
			<west> 4.74778269110242 </west>
		</LatLonAltBox>
		<Lod>
			<minLodPixels>100</minLodPixels>
			<maxLodPixels>-1</maxLodPixels>
		</Lod>
	</Region>
			<MultiGeometry>
				<Polygon><altitudeMode>relativeToGround</altitudeMode>
					<outerBoundaryIs>
						<LinearRing>
							<coordinates>								4.74797417701768,45.773315468151,0 4.74797185848482,45.7733154140023,0 4.74793891291161,45.77331556415611,0 4.74785648206934,45.77330161924971,0 4.74780593345626,45.7732864597994,0 4.74778269110242,45.773308526974,0 4.7478499337077,45.7733387398721,0 4.74791185586947,45.7737337325629,0 4.74798800866399,45.7737282293052,0 4.74798377981781,45.7737084792086,0 4.74814922730109,45.7736246716947,0 4.74811011668589,45.773584565621,0 4.74794981813475,45.773546337195,0 4.74791828865785,45.773367494362,0 4.74797417701768,45.773315468151,0 
							</coordinates>
						</LinearRing>
					</outerBoundaryIs>
				</Polygon>
			</MultiGeometry>
		</Placemark>
		<Placemark id="personne_morale.92202">
<styleUrl>#personne_morale</styleUrl>			<visibility>0</visibility>
			<ExtendedData>
				<SchemaData schemaUrl="#personne_morale">
					<SimpleData name="Numero de Parcelle">69044000AR0069</SimpleData>
					<SimpleData name="Departement">69</SimpleData>
					<SimpleData name="Commune">CHARBONNIERES-LES-BAINS</SimpleData>
					<SimpleData name="Adresse">8, CHE DE LA FERRIERE</SimpleData>
					<SimpleData name="Groupe de personne">Personnes morales non remarquables</SimpleData>
					<SimpleData name="Forme Juridique Abregee">ASS</SimpleData>
					<SimpleData name="Denomination">PROPRIETAIRES LOTISST LA BRESSONNIERE AR68 AR69 AR200 AR201</SimpleData>
				</SchemaData>
			</ExtendedData>
	<Region>
		<LatLonAltBox>
			<north> 45.7779436517828 </north>
			<south> 45.7778707301979 </south>
			<east> 4.7379212908533 </east>
			<west> 4.73763900266645 </west>
		</LatLonAltBox>
		<Lod>
			<minLodPixels>100</minLodPixels>
			<maxLodPixels>-1</maxLodPixels>
		</Lod>
	</Region>
			<MultiGeometry>
				<Polygon><altitudeMode>relativeToGround</altitudeMode>
					<outerBoundaryIs>
						<LinearRing>
							<coordinates>								4.7379212908533,45.7778707301979,0 4.73781400893188,45.7778894059952,0 4.73765129458176,45.77791776233531,0 4.73763900266645,45.77791984312461,0 4.73769998836927,45.7779352967661,0 4.73773062971699,45.7779436517828,0 4.73782526381549,45.7779321063201,0 4.7379212908533,45.7778707301979,0 
							</coordinates>
						</LinearRing>
					</outerBoundaryIs>
				</Polygon>
			</MultiGeometry>
		</Placemark>
		<Placemark id="personne_morale.92218">
<styleUrl>#personne_morale</styleUrl>			<visibility>0</visibility>
			<ExtendedData>
				<SchemaData schemaUrl="#personne_morale">
					<SimpleData name="Numero de Parcelle">69044000AV0069</SimpleData>
					<SimpleData name="Departement">69</SimpleData>
					<SimpleData name="Commune">CHARBONNIERES-LES-BAINS</SimpleData>
					<SimpleData name="Adresse">BOIS DE L ETOILE</SimpleData>
					<SimpleData name="Groupe de personne">Personnes morales non remarquables</SimpleData>
					<SimpleData name="Forme Juridique Abregee">SAS</SimpleData>
					<SimpleData name="Denomination">GINKGO</SimpleData>
				</SchemaData>
			</ExtendedData>
	<Region>
		<LatLonAltBox>
			<north> 45.7805814981223 </north>
			<south> 45.780302005202 </south>
			<east> 4.72783727479676 </east>
			<west> 4.72724805654447 </west>
		</LatLonAltBox>
		<Lod>
			<minLodPixels>100</minLodPixels>
			<maxLodPixels>-1</maxLodPixels>
		</Lod>
	</Region>
			<MultiGeometry>
				<Polygon><altitudeMode>relativeToGround</altitudeMode>
					<outerBoundaryIs>
						<LinearRing>
							<coordinates>								4.72732816619514,45.780302005202,0 4.72731562248417,45.7803084120912,0 4.72729089104778,45.7803531954408,0 4.7272491805341,45.78042309815421,0 4.72724805654447,45.7804818413209,0 4.72763902841468,45.7805525957986,0 4.72779852571995,45.7805814981223,0 4.72781352645876,45.7805672174214,0 4.72783727479676,45.7805445162803,0 4.72732816619514,45.780302005202,0 
							</coordinates>
						</LinearRing>
					</outerBoundaryIs>
				</Polygon>
			</MultiGeometry>
		</Placemark>
		<Placemark id="personne_morale.93507">
<styleUrl>#personne_morale</styleUrl>			<visibility>0</visibility>
			<ExtendedData>
				<SchemaData schemaUrl="#personne_morale">
					<SimpleData name="Numero de Parcelle">69044000AA0071</SimpleData>
					<SimpleData name="Departement">69</SimpleData>
					<SimpleData name="Commune">CHARBONNIERES-LES-BAINS</SimpleData>
					<SimpleData name="Adresse">PIERRES PLANTEES</SimpleData>
					<SimpleData name="Groupe de personne">Personnes morales non remarquables</SimpleData>
					<SimpleData name="Forme Juridique Abregee">ASS</SimpleData>
					<SimpleData name="Denomination">ASSOCIATION PROPRIETAIRES LOTISSEMENT PARC BUCLAY</SimpleData>
				</SchemaData>
			</ExtendedData>
	<Region>
		<LatLonAltBox>
			<north> 45.789615598302 </north>
			<south> 45.78933795441241 </south>
			<east> 4.75015820495232 </east>
			<west> 4.74986662288089 </west>
		</LatLonAltBox>
		<Lod>
			<minLodPixels>100</minLodPixels>
			<maxLodPixels>-1</maxLodPixels>
		</Lod>
	</Region>
			<MultiGeometry>
				<Polygon><altitudeMode>relativeToGround</altitudeMode>
					<outerBoundaryIs>
						<LinearRing>
							<coordinates>								4.75015820495232,45.78956096407501,0 4.75000316182753,45.78947068526801,0 4.74986737419137,45.78933795441241,0 4.74986714785839,45.78934300190329,0 4.74986691867312,45.7893479593673,0 4.74986682102648,45.7893530048629,0 4.74986672052757,45.7893579603315,0 4.74986662288089,45.789363005827,0 4.7498666510684,45.7893679593003,0 4.74986681079463,45.78937300080499,0 4.74986684183441,45.7893780443052,0 4.74986712739493,45.7893829937877,0 4.74986728712125,45.7893880352924,0 4.74986757268186,45.78939298477489,0 4.74986786109478,45.7893980242843,0 4.74986827819428,45.7894030617983,0 4.7498686924416,45.7894080092854,0 4.74986936691438,45.7894130428086,0 4.74986978116188,45.7894179902957,0 4.74987045563488,45.7894230238188,0 4.74987112440347,45.78942787728829,0 4.74987192756332,45.78943290881611,0 4.74987263626391,45.78943902266171,0 4.74987385971119,45.7894451285257,0 4.74987495161982,45.7894511463583,0 4.74987643244096,45.7894572482315,0 4.7498780419491,45.7894633481093,0 4.74987951991862,45.7894693599556,0 4.74988125240959,45.7894752777842,0 4.74988311643994,45.7894812836442,0 4.74988523784416,45.7894872855134,0 4.74988735924884,45.7894932873826,0 4.74988973517521,45.789499195234,0 4.74989223978886,45.78950510108999,0 4.74989474440304,45.7895110069459,0 4.74989737199994,45.7895167307525,0 4.74990013398883,45.7895226326175,0 4.74990315049964,45.7895284404646,0 4.74990616415877,45.78953415828479,0 4.74990943804456,45.7895399621409,0 4.74991282920855,45.789545403894,0 4.74995161826613,45.789615598302,0 4.75015820495232,45.78956096407501,0 
							</coordinates>
						</LinearRing>
					</outerBoundaryIs>
				</Polygon>
			</MultiGeometry>
		</Placemark>
		<Placemark id="personne_morale.93651">
<styleUrl>#personne_morale</styleUrl>			<visibility>0</visibility>
			<ExtendedData>
				<SchemaData schemaUrl="#personne_morale">
					<SimpleData name="Numero de Parcelle">69044000AX0071</SimpleData>
					<SimpleData name="Departement">69</SimpleData>
					<SimpleData name="Commune">CHARBONNIERES-LES-BAINS</SimpleData>
					<SimpleData name="Adresse">6, RTE DE PARIS</SimpleData>
					<SimpleData name="Groupe de personne">Personnes morales non remarquables</SimpleData>
					<SimpleData name="Forme Juridique Abregee">SAS</SimpleData>
					<SimpleData name="Denomination">FONCIA LYON OUEST</SimpleData>
				</SchemaData>
			</ExtendedData>
	<Region>
		<LatLonAltBox>
			<north> 45.7905962320222 </north>
			<south> 45.7893895818194 </south>
			<east> 4.74399332910222 </east>
			<west> 4.74162045114122 </west>
		</LatLonAltBox>
		<Lod>
			<minLodPixels>100</minLodPixels>
			<maxLodPixels>-1</maxLodPixels>
		</Lod>
	</Region>
			<MultiGeometry>
				<Polygon><altitudeMode>relativeToGround</altitudeMode>
					<outerBoundaryIs>
						<LinearRing>
							<coordinates>								4.74304113139911,45.7905962320222,0 4.74306822822661,45.7905654596056,0 4.74330052928581,45.7903094926635,0 4.74339058467062,45.7902134369553,0 4.7435270482285,45.7900702776672,0 4.74361764600282,45.7899751140966,0 4.74371116065229,45.7898785543157,0 4.74379357060677,45.7897972979604,0 4.74399332910222,45.7896077642753,0 4.74399133909731,45.7896059035383,0 4.74398935193522,45.78960413282821,0 4.74398749061779,45.78960227010241,0 4.74398575514502,45.78960031536091,0 4.74398401682968,45.7895982705923,0 4.74398241004435,45.789596313862,0 4.74398092910366,45.7895942651161,0 4.7439795740076,45.7895921243544,0 4.74397834759883,45.789589981604,0 4.74397699250297,45.78958784084221,0 4.74397589478157,45.7895856961031,0 4.74397492574742,45.78958354937541,0 4.74397408255785,45.7895813106319,0 4.74397311352385,45.7895791639041,0 4.74397239617892,45.78957683314491,0 4.74397193905101,45.78957458843541,0 4.74397135323599,45.7895723457146,0 4.74397102195264,45.7895700089894,0 4.74397082788441,45.7895679403566,0 4.74397088834781,45.78956577771951,0 4.74397095165386,45.7895637051093,0 4.74397127233414,45.7895616285219,0 4.74397159017174,45.7895594619074,0 4.74397178216486,45.78955738730861,0 4.74397236021928,45.7895553067438,0 4.74397293827366,45.789553226179,0 4.74397364785775,45.78955123365251,0 4.74397435459913,45.78954915109911,0 4.74397506134045,45.78954706854559,0 4.74397603114121,45.7895451620688,0 4.74397712678632,45.7895431635763,0 4.74397822243134,45.7895411650838,0 4.74397944960602,45.7895392546296,0 4.74398054809355,45.78953734616411,0 4.7439819067978,45.7895355237482,0 4.74398339134633,45.7895336093167,0 4.74398488158012,45.7895318749391,0 4.74398650334353,45.7895302285999,0 4.74376215815361,45.7893895818194,0 4.74370874813508,45.7894310290771,0 4.74305371587735,45.7895059092148,0 4.74286314393544,45.78940319932149,0 4.74278768234177,45.7894027434281,0 4.74195724154818,45.789398451446,0 4.74185888429885,45.7895905596311,0 4.74183522690567,45.7896365006482,0 4.74162045114122,45.790056393282,0 4.74304113139911,45.7905962320222,0 
							</coordinates>
						</LinearRing>
					</outerBoundaryIs>
				</Polygon>
			</MultiGeometry>
		</Placemark>
		<Placemark id="personne_morale.94131">
<styleUrl>#personne_morale</styleUrl>			<visibility>0</visibility>
			<ExtendedData>
				<SchemaData schemaUrl="#personne_morale">
					<SimpleData name="Numero de Parcelle">69044000AN0072</SimpleData>
					<SimpleData name="Departement">69</SimpleData>
					<SimpleData name="Commune">CHARBONNIERES-LES-BAINS</SimpleData>
					<SimpleData name="Adresse">LA FORET</SimpleData>
					<SimpleData name="Groupe de personne">Personnes morales non remarquables</SimpleData>
					<SimpleData name="Forme Juridique Abregee">AUPM</SimpleData>
					<SimpleData name="Denomination">ASS SYNDICAL LOT ARMINJON</SimpleData>
				</SchemaData>
			</ExtendedData>
	<Region>
		<LatLonAltBox>
			<north> 45.7734243020698 </north>
			<south> 45.7733804117738 </south>
			<east> 4.74775006845211 </east>
			<west> 4.74768433766926 </west>
		</LatLonAltBox>
		<Lod>
			<minLodPixels>100</minLodPixels>
			<maxLodPixels>-1</maxLodPixels>
		</Lod>
	</Region>
			<MultiGeometry>
				<Polygon><altitudeMode>relativeToGround</altitudeMode>
					<outerBoundaryIs>
						<LinearRing>
							<coordinates>								4.74768433766926,45.77340156271629,0 4.74772817566708,45.7734243020698,0 4.74775006845211,45.7734043274467,0 4.74770657938622,45.7733804117738,0 4.74768433766926,45.77340156271629,0 
							</coordinates>
						</LinearRing>
					</outerBoundaryIs>
				</Polygon>
			</MultiGeometry>
		</Placemark>
		<Placemark id="personne_morale.94159">
<styleUrl>#personne_morale</styleUrl>			<visibility>0</visibility>
			<ExtendedData>
				<SchemaData schemaUrl="#personne_morale">
					<SimpleData name="Numero de Parcelle">69044000AT0072</SimpleData>
					<SimpleData name="Departement">69</SimpleData>
					<SimpleData name="Commune">CHARBONNIERES-LES-BAINS</SimpleData>
					<SimpleData name="Adresse">GDES BRUYERES</SimpleData>
					<SimpleData name="Groupe de personne">Personnes morales non remarquables</SimpleData>
					<SimpleData name="Forme Juridique Abregee">AUPM</SimpleData>
					<SimpleData name="Denomination">ASS SYNDICALE LIBRE DES HAUTINIERES</SimpleData>
				</SchemaData>
			</ExtendedData>
	<Region>
		<LatLonAltBox>
			<north> 45.7769097425079 </north>
			<south> 45.77687483057941 </south>
			<east> 4.73202524661028 </east>
			<west> 4.73161617892936 </west>
		</LatLonAltBox>
		<Lod>
			<minLodPixels>100</minLodPixels>
			<maxLodPixels>-1</maxLodPixels>
		</Lod>
	</Region>
			<MultiGeometry>
				<Polygon><altitudeMode>relativeToGround</altitudeMode>
					<outerBoundaryIs>
						<LinearRing>
							<coordinates>								4.73202524661028,45.7768880222359,0 4.73161717705601,45.77687483057941,0 4.73161617892936,45.7768963727682,0 4.73202438294565,45.7769097425079,0 4.73202524661028,45.7768880222359,0 
							</coordinates>
						</LinearRing>
					</outerBoundaryIs>
				</Polygon>
			</MultiGeometry>
		</Placemark>
		<Placemark id="personne_morale.94172">
<styleUrl>#personne_morale</styleUrl>			<visibility>0</visibility>
			<ExtendedData>
				<SchemaData schemaUrl="#personne_morale">
					<SimpleData name="Numero de Parcelle">69044000AX0072</SimpleData>
					<SimpleData name="Departement">69</SimpleData>
					<SimpleData name="Commune">CHARBONNIERES-LES-BAINS</SimpleData>
					<SimpleData name="Adresse">LE BUCLAY</SimpleData>
					<SimpleData name="Groupe de personne">Personnes morales non remarquables</SimpleData>
					<SimpleData name="Forme Juridique Abregee">SAS</SimpleData>
					<SimpleData name="Denomination">FONCIA LYON OUEST</SimpleData>
				</SchemaData>
			</ExtendedData>
	<Region>
		<LatLonAltBox>
			<north> 45.7895059092148 </north>
			<south> 45.789214559104 </south>
			<east> 4.74376215815361 </east>
			<west> 4.74305371587735 </west>
		</LatLonAltBox>
		<Lod>
			<minLodPixels>100</minLodPixels>
			<maxLodPixels>-1</maxLodPixels>
		</Lod>
	</Region>
			<MultiGeometry>
				<Polygon><altitudeMode>relativeToGround</altitudeMode>
					<outerBoundaryIs>
						<LinearRing>
							<coordinates>								4.74376215815361,45.7893895818194,0 4.7434832980852,45.789214559104,0 4.74305371587735,45.7895059092148,0 4.74370874813508,45.7894310290771,0 4.74376215815361,45.7893895818194,0 
							</coordinates>
						</LinearRing>
					</outerBoundaryIs>
				</Polygon>
			</MultiGeometry>
		</Placemark>
		<Placemark id="personne_morale.94602">
<styleUrl>#personne_morale</styleUrl>			<visibility>0</visibility>
			<ExtendedData>
				<SchemaData schemaUrl="#personne_morale">
					<SimpleData name="Numero de Parcelle">69044000AH0073</SimpleData>
					<SimpleData name="Departement">69</SimpleData>
					<SimpleData name="Commune">CHARBONNIERES-LES-BAINS</SimpleData>
					<SimpleData name="Adresse">8, CHE DU CLOS DES SAPINS</SimpleData>
					<SimpleData name="Groupe de personne">Personnes morales non remarquables</SimpleData>
					<SimpleData name="Forme Juridique Abregee">SCI</SimpleData>
					<SimpleData name="Denomination">LES SAPINS</SimpleData>
				</SchemaData>
			</ExtendedData>
	<Region>
		<LatLonAltBox>
			<north> 45.78330427645639 </north>
			<south> 45.7825946526892 </south>
			<east> 4.74469371846981 </east>
			<west> 4.74421377331728 </west>
		</LatLonAltBox>
		<Lod>
			<minLodPixels>100</minLodPixels>
			<maxLodPixels>-1</maxLodPixels>
		</Lod>
	</Region>
			<MultiGeometry>
				<Polygon><altitudeMode>relativeToGround</altitudeMode>
					<outerBoundaryIs>
						<LinearRing>
							<coordinates>								4.74445060296763,45.7826397437731,0 4.74429688702097,45.7825946526892,0 4.74423416249523,45.78305435352551,0 4.74421377331728,45.7832036460089,0 4.74424552082174,45.7832509829334,0 4.74434754370873,45.78326525833241,0 4.74453025347839,45.7832908060926,0 4.7446260717974,45.78330427645639,0 4.74469371846981,45.7827722623523,0 4.74468010633632,45.7827651770736,0 4.74446229423663,45.78264307579551,0 4.74445060296763,45.7826397437731,0 
							</coordinates>
						</LinearRing>
					</outerBoundaryIs>
				</Polygon>
			</MultiGeometry>
		</Placemark>
		<Placemark id="personne_morale.94639">
<styleUrl>#personne_morale</styleUrl>			<visibility>0</visibility>
			<ExtendedData>
				<SchemaData schemaUrl="#personne_morale">
					<SimpleData name="Numero de Parcelle">69044000AN0073</SimpleData>
					<SimpleData name="Departement">69</SimpleData>
					<SimpleData name="Commune">CHARBONNIERES-LES-BAINS</SimpleData>
					<SimpleData name="Adresse">116, RTE DE PARIS</SimpleData>
					<SimpleData name="Groupe de personne">Personnes morales non remarquables</SimpleData>
					<SimpleData name="Forme Juridique Abregee">SC</SimpleData>
					<SimpleData name="Denomination">LA PERSEVERANCE</SimpleData>
				</SchemaData>
			</ExtendedData>
	<Region>
		<LatLonAltBox>
			<north> 45.7746574511838 </north>
			<south> 45.7739875872257 </south>
			<east> 4.75237700747894 </east>
			<west> 4.75160744210462 </west>
		</LatLonAltBox>
		<Lod>
			<minLodPixels>100</minLodPixels>
			<maxLodPixels>-1</maxLodPixels>
		</Lod>
	</Region>
			<MultiGeometry>
				<Polygon><altitudeMode>relativeToGround</altitudeMode>
					<outerBoundaryIs>
						<LinearRing>
							<coordinates>								4.75167833239727,45.7746574511838,0 4.75220808540755,45.7745587936158,0 4.75221220308218,45.77453846366901,0 4.75225780277903,45.7745436100828,0 4.7522854727315,45.7744379772929,0 4.75237700747894,45.77411392091911,0 4.75219018223306,45.7740795331667,0 4.75220320043803,45.7740395195616,0 4.75210695613903,45.77402435112251,0 4.75199671484949,45.7740061574031,0 4.75194911734511,45.7739988802084,0 4.75188910088418,45.7739896341306,0 4.75187590715785,45.7739875872257,0 4.75176586289439,45.7743328270359,0 4.75160744210462,45.7745488452298,0 4.75166170405199,45.774616096515,0 4.75167833239727,45.7746574511838,0 
							</coordinates>
						</LinearRing>
					</outerBoundaryIs>
				</Polygon>
			</MultiGeometry>
		</Placemark>
		<Placemark id="personne_morale.97132">
<styleUrl>#personne_morale</styleUrl>			<visibility>0</visibility>
			<ExtendedData>
				<SchemaData schemaUrl="#personne_morale">
					<SimpleData name="Numero de Parcelle">69044000AI0078</SimpleData>
					<SimpleData name="Departement">69</SimpleData>
					<SimpleData name="Commune">CHARBONNIERES-LES-BAINS</SimpleData>
					<SimpleData name="Adresse">45, AV LAMARTINE</SimpleData>
					<SimpleData name="Groupe de personne">Personnes morales non remarquables</SimpleData>
					<SimpleData name="Forme Juridique Abregee">SCI</SimpleData>
					<SimpleData name="Denomination">DU 45 AVENUE LAMARTINE</SimpleData>
				</SchemaData>
			</ExtendedData>
	<Region>
		<LatLonAltBox>
			<north> 45.7792415953641 </north>
			<south> 45.7788823505897 </south>
			<east> 4.74230550258188 </east>
			<west> 4.74157724821031 </west>
		</LatLonAltBox>
		<Lod>
			<minLodPixels>100</minLodPixels>
			<maxLodPixels>-1</maxLodPixels>
		</Lod>
	</Region>
			<MultiGeometry>
				<Polygon><altitudeMode>relativeToGround</altitudeMode>
					<outerBoundaryIs>
						<LinearRing>
							<coordinates>								4.74230550258188,45.77895800294139,0 4.74213530532671,45.7789205494152,0 4.74212855809971,45.7789188521763,0 4.74212130190175,45.77891734293739,0 4.74211404854326,45.7789159237249,0 4.74210692100846,45.7789144124985,0 4.74209979347406,45.77891290127161,0 4.7420925401167,45.7789114820578,0 4.7420854154221,45.778910060857,0 4.74207816490452,45.7789087316693,0 4.74207091154827,45.7789073124541,0 4.74206366103139,45.7789059832654,0 4.74205653633824,45.77890456206279,0 4.74204928866105,45.77890332290031,0 4.74204203530625,45.7789019036832,0 4.74203478762973,45.7789006645198,0 4.7420275371146,45.7788993353288,0 4.74202016361531,45.77889818817789,0 4.74201291310086,45.77889685898599,0 4.74200566826455,45.7788957098477,0 4.74199984439215,45.7788947189124,0 4.74199479817178,45.7788938961123,0 4.74198962328923,45.7788930752985,0 4.7419847057315,45.7788922505115,0 4.74197953368812,45.7788915197243,0 4.74197436164486,45.77889078893669,0 4.74196918960175,45.778890058149,0 4.74196402323644,45.77888950741501,0 4.74195872253124,45.77888877861309,0 4.74195355616616,45.7788882278787,0 4.74194838980118,45.778887677144,0 4.74194322343631,45.7788871264091,0 4.74193805707153,45.77888657567399,0 4.74193289638443,45.7788862049926,0 4.74192760135752,45.7788856562433,0 4.74192244350934,45.77888537558861,0 4.7419172799837,45.77888491487949,0 4.74191199063457,45.7788845461835,0 4.74190657546193,45.7788842695007,0 4.74190102311081,45.7788837247228,0 4.74189547359853,45.7788832699716,0 4.74188992976378,45.7788829952742,0 4.74188425726675,45.7788827225629,0 4.74187871343211,45.778882447865,0 4.74187304945126,45.7788824452341,0 4.74186751129405,45.7788823505897,0 4.74186185299055,45.7788825280124,0 4.74185632051068,45.7788826134215,0 4.74185079086944,45.77888278885741,0 4.74184513824312,45.77888314633321,0 4.74183961427906,45.77888350182261,0 4.74183396732985,45.778884039352,0 4.74182844904286,45.7788845748949,0 4.7418230622567,45.7788851984783,0 4.74181754964668,45.7788859140747,0 4.74181203987511,45.7788867196979,0 4.74180665876571,45.7788875233346,0 4.74180115467096,45.77888850901131,0 4.74179552191367,45.7788894966739,0 4.7417895060077,45.7788905803218,0 4.74178362160239,45.7788917520102,0 4.74177761137301,45.7788930157116,0 4.74177173548275,45.77889445748049,0 4.74176585959219,45.7788958992491,0 4.74175998937833,45.77889752107141,0 4.74175424782649,45.7788991409073,0 4.74174851195128,45.77890094079699,0 4.74174290757655,45.7789028287274,0 4.74173730320144,45.7789047166574,0 4.7417317016644,45.7789066946142,0 4.74172623446625,45.7789088506386,0 4.74172089593007,45.77891100467669,0 4.74171556307034,45.7789133387686,0 4.74171035887256,45.7789156708742,0 4.74170515467434,45.7789180029795,0 4.74170033646294,45.7789203291264,0 4.74169577841437,45.7789227413279,0 4.74169109454136,45.7789252455424,0 4.74168654216876,45.7789278377976,0 4.74168198695735,45.7789303400257,0 4.74167743458389,45.7789329322805,0 4.7416730080341,45.7789354325222,0 4.74166858999898,45.77893820284469,0 4.74166403762425,45.778940795099,0 4.74165974541238,45.7789434734082,0 4.74165545603843,45.7789462417441,0 4.74165103800157,45.778949012066,0 4.74164674862675,45.77895178040169,0 4.74164271941482,45.7789546347922,0 4.74163856153996,45.77895749116851,0 4.74163440366468,45.77896034754481,0 4.74163024578896,45.7789632039208,0 4.74162621941363,45.7789661483378,0 4.74162219303787,45.77896909275461,0 4.74161816666169,45.77897203717131,0 4.74157724821031,45.7790011311517,0 4.74192312053195,45.7792415953641,0 4.74220601046065,45.7790318661259,0 4.74230550258188,45.77895800294139,0 
							</coordinates>
						</LinearRing>
					</outerBoundaryIs>
				</Polygon>
			</MultiGeometry>
		</Placemark>
		<Placemark id="personne_morale.97671">
<styleUrl>#personne_morale</styleUrl>			<visibility>0</visibility>
			<ExtendedData>
				<SchemaData schemaUrl="#personne_morale">
					<SimpleData name="Numero de Parcelle">69044000AT0079</SimpleData>
					<SimpleData name="Departement">69</SimpleData>
					<SimpleData name="Commune">CHARBONNIERES-LES-BAINS</SimpleData>
					<SimpleData name="Adresse">8, SQ DES SAPINS</SimpleData>
					<SimpleData name="Groupe de personne">Personnes morales non remarquables</SimpleData>
					<SimpleData name="Forme Juridique Abregee">AUPM</SimpleData>
					<SimpleData name="Denomination">ASS SYNDICALE LIBRE DES HAUTINIERES</SimpleData>
				</SchemaData>
			</ExtendedData>
	<Region>
		<LatLonAltBox>
			<north> 45.7778114239013 </north>
			<south> 45.77739522504741 </south>
			<east> 4.73113120541587 </east>
			<west> 4.73086090983522 </west>
		</LatLonAltBox>
		<Lod>
			<minLodPixels>100</minLodPixels>
			<maxLodPixels>-1</maxLodPixels>
		</Lod>
	</Region>
			<MultiGeometry>
				<Polygon><altitudeMode>relativeToGround</altitudeMode>
					<outerBoundaryIs>
						<LinearRing>
							<coordinates>								4.73113120541587,45.7778014582155,0 4.73095861762734,45.7776092834396,0 4.73108158280151,45.77742968766039,0 4.73086798437655,45.77739522504741,0 4.73086090983522,45.77751864018559,0 4.73086138434632,45.7775255683401,0 4.73086186167822,45.777532586522,0 4.73086272216833,45.7775395087554,0 4.73086383997786,45.7775464270414,0 4.7308650864473,45.7775533433536,0 4.73086659023632,45.77756025571841,0 4.73086834852434,45.7775670741084,0 4.73086997533243,45.77757380444491,0 4.73087224826003,45.7775806149399,0 4.73087464702719,45.7775873334338,0 4.73087704861565,45.777594141955,0 4.73087983336318,45.7776008545277,0 4.73088287261016,45.7776074731254,0 4.73088603769692,45.7776139997221,0 4.7308894629247,45.77762061239849,0 4.73089301399236,45.77762713307369,0 4.73089681955974,45.777633559774,0 4.73090075096707,45.77763989447309,0 4.73090493969498,45.77764622522449,0 4.7309093829228,45.7776524620009,0 4.73091395481148,45.7776586968034,0 4.73091864971951,45.7776647495773,0 4.73092373060826,45.77767079642971,0 4.73102574195621,45.77778785435961,0 4.73103303265874,45.777794587869,0 4.73104170759433,45.7778003093645,0 4.73105176394195,45.77780492881849,0 4.73106268706051,45.7778084541264,0 4.73107421116598,45.7778106191541,0 4.73108633625759,45.7778114239013,0 4.73109829037318,45.7778108802117,0 4.73110994485169,45.7778089900595,0 4.73112104519299,45.77780584742,0 4.73113120541587,45.7778014582155,0 
							</coordinates>
						</LinearRing>
					</outerBoundaryIs>
				</Polygon>
			</MultiGeometry>
		</Placemark>
		<Placemark id="personne_morale.97686">
<styleUrl>#personne_morale</styleUrl>			<visibility>0</visibility>
			<ExtendedData>
				<SchemaData schemaUrl="#personne_morale">
					<SimpleData name="Numero de Parcelle">69044000AX0079</SimpleData>
					<SimpleData name="Departement">69</SimpleData>
					<SimpleData name="Commune">CHARBONNIERES-LES-BAINS</SimpleData>
					<SimpleData name="Adresse">LE BUCLAY</SimpleData>
					<SimpleData name="Groupe de personne">Personnes morales non remarquables</SimpleData>
					<SimpleData name="Forme Juridique Abregee">SAS</SimpleData>
					<SimpleData name="Denomination">GFL CHARBO2</SimpleData>
				</SchemaData>
			</ExtendedData>
	<Region>
		<LatLonAltBox>
			<north> 45.7895059092148 </north>
			<south> 45.7888091340964 </south>
			<east> 4.7434832980852 </east>
			<west> 4.74195724154818 </west>
		</LatLonAltBox>
		<Lod>
			<minLodPixels>100</minLodPixels>
			<maxLodPixels>-1</maxLodPixels>
		</Lod>
	</Region>
			<MultiGeometry>
				<Polygon><altitudeMode>relativeToGround</altitudeMode>
					<outerBoundaryIs>
						<LinearRing>
							<coordinates>								4.74305371587735,45.7895059092148,0 4.7434832980852,45.789214559104,0 4.7428370595118,45.7888091340964,0 4.74266084941368,45.7888105942952,0 4.7421093839012,45.7888951285714,0 4.74210414754431,45.7888964703985,0 4.74209891118716,45.7888978122254,0 4.74209368050889,45.78889933410611,0 4.74208858419508,45.78890103405419,0 4.74208348788096,45.7889027340021,0 4.74207852309172,45.7889045219903,0 4.74207369266687,45.7889064880459,0 4.74206886224169,45.7889084541013,0 4.74206416618086,45.7889105982241,0 4.74205947295917,45.7889128323738,0 4.74205490842279,45.7889150645369,0 4.74205047541121,45.7889173847403,0 4.74204605091772,45.7889199750247,0 4.74204175227004,45.7889224732955,0 4.74203758798662,45.7889251496338,0 4.74203368391368,45.78892791202599,0 4.74202965115464,45.7889306764046,0 4.7420258786061,45.7889335268372,0 4.74202210889662,45.78893646729671,0 4.7420186022371,45.7889395838374,0 4.74201522426293,45.7889426983915,0 4.74201184628838,45.7889458129455,0 4.7420087285244,45.7889490135537,0 4.74200561359948,45.78895230418879,0 4.7420026330388,45.7889557728915,0 4.74199990700991,45.7889591475942,0 4.74199731250589,45.7889626103376,0 4.74199472084095,45.78896616310791,0 4.74199251523311,45.788969709919,0 4.74199018377857,45.7889733487435,0 4.74198811253477,45.7889770736222,0 4.74198629582297,45.78898070450091,0 4.74198448195033,45.7889844254068,0 4.74198279960268,45.7889882343532,0 4.74198150047301,45.7889919473134,0 4.74198007833605,45.78899584231409,0 4.74197891073128,45.7889996433149,0 4.74197800333751,45.78900353037,0 4.74197709594361,45.7890074174251,0 4.74197657744669,45.789011388548,0 4.74195724154818,45.789398451446,0 4.74278768234177,45.7894027434281,0 4.74286314393544,45.78940319932149,0 4.74305371587735,45.7895059092148,0 
							</coordinates>
						</LinearRing>
					</outerBoundaryIs>
				</Polygon>
			</MultiGeometry>
		</Placemark>
		<Placemark id="personne_morale.98908">
<styleUrl>#personne_morale</styleUrl>			<visibility>0</visibility>
			<ExtendedData>
				<SchemaData schemaUrl="#personne_morale">
					<SimpleData name="Numero de Parcelle">69044000AW0081</SimpleData>
					<SimpleData name="Departement">69</SimpleData>
					<SimpleData name="Commune">CHARBONNIERES-LES-BAINS</SimpleData>
					<SimpleData name="Adresse">19, AV GEN DE GAULLE</SimpleData>
					<SimpleData name="Groupe de personne">Personnes morales non remarquables</SimpleData>
					<SimpleData name="Forme Juridique Abregee">SCI</SimpleData>
					<SimpleData name="Denomination">SCI LE BEAULIEU</SimpleData>
				</SchemaData>
			</ExtendedData>
	<Region>
		<LatLonAltBox>
			<north> 45.784605682465 </north>
			<south> 45.7842863912201 </south>
			<east> 4.73630134938102 </east>
			<west> 4.73582113810622 </west>
		</LatLonAltBox>
		<Lod>
			<minLodPixels>100</minLodPixels>
			<maxLodPixels>-1</maxLodPixels>
		</Lod>
	</Region>
			<MultiGeometry>
				<Polygon><altitudeMode>relativeToGround</altitudeMode>
					<outerBoundaryIs>
						<LinearRing>
							<coordinates>								4.73630134938102,45.7844777688606,0 4.73629911378845,45.78447627205701,0 4.73629687819601,45.7844747752533,0 4.73629477127923,45.7844732764697,0 4.73629253568702,45.78447177966601,0 4.73629029726506,45.78447019283499,0 4.73628831619429,45.7844686020441,0 4.73628620927797,45.7844671032604,0 4.73628422820743,45.7844655124695,0 4.73628224713701,45.7844639216785,0 4.73618544215658,45.7843903822326,0 4.7361310373712,45.7843592441782,0 4.73597386753184,45.784310682167,0 4.73589006854413,45.7842863912201,0 4.7358557801861,45.78428908038169,0 4.73582113810622,45.78450992626561,0 4.73591287851553,45.78453292418279,0 4.73612255580575,45.7845850018518,0 4.73622439394342,45.784605682465,0 4.73630134938102,45.7844777688606,0 
							</coordinates>
						</LinearRing>
					</outerBoundaryIs>
				</Polygon>
			</MultiGeometry>
		</Placemark>
		<Placemark id="personne_morale.98912">
<styleUrl>#personne_morale</styleUrl>			<visibility>0</visibility>
			<ExtendedData>
				<SchemaData schemaUrl="#personne_morale">
					<SimpleData name="Numero de Parcelle">69044000AX0081</SimpleData>
					<SimpleData name="Departement">69</SimpleData>
					<SimpleData name="Commune">CHARBONNIERES-LES-BAINS</SimpleData>
					<SimpleData name="Adresse">LE BUCLAY</SimpleData>
					<SimpleData name="Groupe de personne">Personnes morales non remarquables</SimpleData>
					<SimpleData name="Forme Juridique Abregee">SAS</SimpleData>
					<SimpleData name="Denomination">DELTA 3 C</SimpleData>
				</SchemaData>
			</ExtendedData>
	<Region>
		<LatLonAltBox>
			<north> 45.78902105423019 </north>
			<south> 45.78818906861031 </south>
			<east> 4.74264568763935 </east>
			<west> 4.74131480862648 </west>
		</LatLonAltBox>
		<Lod>
			<minLodPixels>100</minLodPixels>
			<maxLodPixels>-1</maxLodPixels>
		</Lod>
	</Region>
			<MultiGeometry>
				<Polygon><altitudeMode>relativeToGround</altitudeMode>
					<outerBoundaryIs>
						<LinearRing>
							<coordinates>								4.74264568763935,45.7886891426212,0 4.74216101988007,45.7883851606491,0 4.74188551865663,45.7882224220093,0 4.7418777758199,45.78821776776561,0 4.7418696554498,45.7882133895613,0 4.74186116038545,45.7882093774235,0 4.74185241931078,45.7882057293658,0 4.74184356090972,45.7882024434019,0 4.74183432497495,45.7881994334773,0 4.7418248458686,45.7881968776597,0 4.7418149892283,45.78819459788111,0 4.74180514394504,45.78819267821,0 4.74179518417365,45.78819121065951,0 4.74178510991391,45.7881901952297,0 4.74177491548755,45.7881894518663,0 4.74176473241742,45.78818906861031,0 4.7417545635423,45.7881891354887,0 4.74174427733898,45.78818956446071,0 4.7417341340142,45.7881904415809,0 4.74172413356772,45.78819176684939,0 4.74171414163749,45.7881933621983,0 4.74170429258515,45.7881954056956,0 4.74169777512229,45.7881969474188,0 4.74169471509451,45.7881978953553,0 4.74168834050944,45.78819988522719,0 4.74167930330311,45.78820317718489,0 4.74167027177337,45.788206649196,0 4.74166164332759,45.7882106554108,0 4.74165327792631,45.788214837707,0 4.74164530993118,45.7882193741528,0 4.74163747913517,45.7882241786933,0 4.74163030027462,45.7882292433845,0 4.74162326145191,45.7882346661975,0 4.74161687172595,45.78824025913429,0 4.74161074504446,45.7882460281529,0 4.74160514445322,45.7882521493357,0 4.74159993275198,45.7882583545873,0 4.74159524430246,45.78826482197609,0 4.74159120495025,45.7882714594891,0 4.7415874229655,45.7882780930301,0 4.7415842900784,45.7882848966953,0 4.74158167760491,45.7882918724709,0 4.74157958554521,45.7882990203568,0 4.74157800822208,45.7883061602988,0 4.74153315795234,45.78850068498829,0 4.74153213604379,45.7885050241609,0 4.74153123998121,45.7885092713207,0 4.74153008938758,45.78851361247921,0 4.74152893595515,45.7885178636107,0 4.74152778536116,45.7885222047692,0 4.7415263773974,45.7885265498995,0 4.7415250952796,45.7885308030168,0 4.74152355579198,45.7885350601058,0 4.74152188478068,45.78853922915359,0 4.74152034529258,45.78854348624271,0 4.74151854559594,45.7885476572763,0 4.74151687458388,45.7885518263241,0 4.74151494620184,45.7885559993435,0 4.74151301781951,45.7885601723629,0 4.74151108943689,45.78856434538231,0 4.74150890368418,45.7885685223734,0 4.74150684377746,45.7885726073515,0 4.74150452366203,45.78857660627419,0 4.74150207769992,45.7885806972098,0 4.74149975758379,45.78858469613241,0 4.74149731162097,45.78858878706789,0 4.74149486281921,45.7885927879762,0 4.74149215380861,45.7885967028292,0 4.74148944479763,45.78860061768199,0 4.7414867329477,45.7886044425077,0 4.74148389525097,45.7886083593462,0 4.74148105755383,45.7886122761847,0 4.74147795964773,45.7886161069677,0 4.7414748617412,45.7886199377506,0 4.74147188968073,45.7886236765205,0 4.74146866308833,45.788627509289,0 4.7414653049719,45.7886312540162,0 4.74146207270156,45.78863490673039,0 4.74145858306067,45.7886385634161,0 4.74145509341932,45.78864222010169,0 4.74145173246258,45.7886458748014,0 4.74144811129672,45.7886494434455,0 4.74144435860682,45.7886529240481,0 4.74144073460154,45.7886564026649,0 4.74143685606407,45.78865997528019,0 4.74141491499609,45.7887766854357,0 4.74131480862648,45.7889010868185,0 4.74187555716218,45.78902105423019,0 4.74187599616848,45.7890145623497,0 4.74187643517468,45.78900807046921,0 4.74187751761023,45.7890015686574,0 4.74187860572395,45.7889952468996,0 4.74188007705579,45.78898882915599,0 4.74188193728404,45.7889824954805,0 4.7418839261977,45.7889761598187,0 4.74188630116835,45.788969818198,0 4.74188893634929,45.7889635626318,0 4.74189183174044,45.78895739312,0 4.7418951160275,45.7889513076762,0 4.74189853183884,45.7889453102732,0 4.74190233370667,45.7889393069111,0 4.74190639862366,45.7889334796304,0 4.74191059506476,45.7889277403903,0 4.74191518040138,45.7889220852181,0 4.74192002310844,45.78891642607321,0 4.74192513170373,45.7889110330365,0 4.74193037182298,45.78890572804029,0 4.74193599799818,45.7889004170849,0 4.7419417642152,45.7888954642511,0 4.74194778780244,45.7888905074443,0 4.74195394575288,45.7888857287049,0 4.74196049259842,45.7888810340332,0 4.74196717380715,45.7888765174288,0 4.74197398937911,45.78887217889181,0 4.74198106516052,45.7888679264086,0 4.74198827530519,45.7888638519927,0 4.7419957484987,45.7888599536577,0 4.74200335889495,45.7888563234169,0 4.74201109797573,45.78885269118921,0 4.74201910010543,45.78884923504219,0 4.74202724227745,45.7888461370165,0 4.74203538444856,45.7888430389902,0 4.74204379534768,45.7888402970986,0 4.74205233777097,45.788837643247,0 4.74206101739744,45.7888352574894,0 4.74206957117719,45.7888329637448,0 4.74207838800627,45.7888308460805,0 4.7420873420388,45.7888289965103,0 4.74214880722606,45.7888184100685,0 4.74213636873693,45.78877509784309,0 4.74222575378655,45.7887598470106,0 4.74224017373989,45.78880474991269,0 4.74262504328238,45.7887448550202,0 4.74264568763935,45.7886891426212,0 
							</coordinates>
						</LinearRing>
					</outerBoundaryIs>
				</Polygon>
			</MultiGeometry>
		</Placemark>
		<Placemark id="personne_morale.99375">
<styleUrl>#personne_morale</styleUrl>			<visibility>0</visibility>
			<ExtendedData>
				<SchemaData schemaUrl="#personne_morale">
					<SimpleData name="Numero de Parcelle">69044000AX0082</SimpleData>
					<SimpleData name="Departement">69</SimpleData>
					<SimpleData name="Commune">CHARBONNIERES-LES-BAINS</SimpleData>
					<SimpleData name="Adresse">LE BUCLAY</SimpleData>
					<SimpleData name="Groupe de personne">Personnes morales non remarquables</SimpleData>
					<SimpleData name="Forme Juridique Abregee">SCI</SimpleData>
					<SimpleData name="Denomination">PROMEGA IMMOBILIER</SimpleData>
				</SchemaData>
			</ExtendedData>
	<Region>
		<LatLonAltBox>
			<north> 45.790056393282 </north>
			<south> 45.7893667611234 </south>
			<east> 4.74183522690567 </east>
			<west> 4.7406811235756 </west>
		</LatLonAltBox>
		<Lod>
			<minLodPixels>100</minLodPixels>
			<maxLodPixels>-1</maxLodPixels>
		</Lod>
	</Region>
			<MultiGeometry>
				<Polygon><altitudeMode>relativeToGround</altitudeMode>
					<outerBoundaryIs>
						<LinearRing>
							<coordinates>								4.74183522690567,45.7896365006482,0 4.74183411414617,45.78963795895741,0 4.74181956401809,45.7896501629601,0 4.7418025092007,45.78966051413009,0 4.74178332723938,45.7896687364264,0 4.74176253288524,45.7896748219035,0 4.74174050084647,45.78967840449369,0 4.74171787740219,45.7896795642929,0 4.74169555768976,45.7896781073441,0 4.7416736760776,45.7896742117156,0 4.74165287600579,45.7896678674776,0 4.74163380943042,45.7896593347817,0 4.74161712262882,45.7896486937262,0 4.74160296132169,45.7896364824885,0 4.74159183741918,45.7896226030988,0 4.74158403100478,45.7896077718026,0 4.74157980796705,45.7895922547101,0 4.74157943041202,45.7895802811084,0 4.74157917965815,45.7895764119299,0 4.74158216310759,45.7895607836246,0 4.74158850661553,45.78954555381991,0 4.74159835873799,45.78953135071901,0 4.74161134476673,45.7895185403871,0 4.74162708147814,45.7895072188082,0 4.74164532569203,45.78949784008849,0 4.74166556833867,45.7894905922252,0 4.74168704581426,45.7894857572149,0 4.74169987477141,45.7894842982288,0 4.74094066705326,45.7893667611234,0 4.74086732774382,45.7894581434949,0 4.7406811235756,45.7896899758727,0 4.74105046486219,45.78983974076699,0 4.74140074341349,45.7899728653091,0 4.74162045114122,45.790056393282,0 4.74183522690567,45.7896365006482,0 
							</coordinates>
						</LinearRing>
					</outerBoundaryIs>
				</Polygon>
			</MultiGeometry>
		</Placemark>
		<Placemark id="personne_morale.99818">
<styleUrl>#personne_morale</styleUrl>			<visibility>0</visibility>
			<ExtendedData>
				<SchemaData schemaUrl="#personne_morale">
					<SimpleData name="Numero de Parcelle">69044000AR0083</SimpleData>
					<SimpleData name="Departement">69</SimpleData>
					<SimpleData name="Commune">CHARBONNIERES-LES-BAINS</SimpleData>
					<SimpleData name="Adresse">18, CHE DE LA FERRIERE</SimpleData>
					<SimpleData name="Groupe de personne">Personnes morales non remarquables</SimpleData>
					<SimpleData name="Forme Juridique Abregee">SCI</SimpleData>
					<SimpleData name="Denomination">SCI LA CRUIZILLE</SimpleData>
				</SchemaData>
			</ExtendedData>
	<Region>
		<LatLonAltBox>
			<north> 45.77656623091241 </north>
			<south> 45.77571926305679 </south>
			<east> 4.74190101940375 </east>
			<west> 4.74079921862422 </west>
		</LatLonAltBox>
		<Lod>
			<minLodPixels>100</minLodPixels>
			<maxLodPixels>-1</maxLodPixels>
		</Lod>
	</Region>
			<MultiGeometry>
				<Polygon><altitudeMode>relativeToGround</altitudeMode>
					<outerBoundaryIs>
						<LinearRing>
							<coordinates>								4.7411534840652,45.77635868817939,0 4.74154110422839,45.7765561756903,0 4.74156072914264,45.77656623091241,0 4.74159757036943,45.77650585519961,0 4.74190101940375,45.7760259569614,0 4.7413346346518,45.7757311612302,0 4.74131186276592,45.77571926305679,0 4.74118266594999,45.775834746214,0 4.74115336926846,45.7758608685184,0 4.74079921862422,45.7761779783488,0 4.7411534840652,45.77635868817939,0 
							</coordinates>
						</LinearRing>
					</outerBoundaryIs>
				</Polygon>
			</MultiGeometry>
		</Placemark>
		<Placemark id="personne_morale.99832">
<styleUrl>#personne_morale</styleUrl>			<visibility>0</visibility>
			<ExtendedData>
				<SchemaData schemaUrl="#personne_morale">
					<SimpleData name="Numero de Parcelle">69044000AT0083</SimpleData>
					<SimpleData name="Departement">69</SimpleData>
					<SimpleData name="Commune">CHARBONNIERES-LES-BAINS</SimpleData>
					<SimpleData name="Adresse">GDES BRUYERES</SimpleData>
					<SimpleData name="Groupe de personne">Personnes morales non remarquables</SimpleData>
					<SimpleData name="Forme Juridique Abregee">AUPM</SimpleData>
					<SimpleData name="Denomination">ASS SYNDICALE LIBRE DES HAUTINIERES</SimpleData>
				</SchemaData>
			</ExtendedData>
	<Region>
		<LatLonAltBox>
			<north> 45.7770372560479 </north>
			<south> 45.77644222564 </south>
			<east> 4.73203353845603 </east>
			<west> 4.73021595671362 </west>
		</LatLonAltBox>
		<Lod>
			<minLodPixels>100</minLodPixels>
			<maxLodPixels>-1</maxLodPixels>
		</Lod>
	</Region>
			<MultiGeometry>
				<Polygon><altitudeMode>relativeToGround</altitudeMode>
					<outerBoundaryIs>
						<LinearRing>
							<coordinates>								4.73087368581365,45.7769650506175,0 4.73095190586322,45.7766843616486,0 4.7312951920233,45.7766060473052,0 4.73131623692982,45.776846302888,0 4.73161617892936,45.7768963727682,0 4.73161717705601,45.77687483057941,0 4.73162581431908,45.77669455684689,0 4.73163199825606,45.7765633191657,0 4.73203231094684,45.776472868486,0 4.73203353845603,45.77644222564,0 4.73065903269076,45.776728395408,0 4.73063208440685,45.7767392569512,0 4.73057600062489,45.776761013566,0 4.73025937665932,45.7768769265901,0 4.73022296673708,45.7768898246132,0 4.73022028747379,45.7768905862645,0 4.73021595671362,45.7770194535655,0 4.73078764600613,45.7770372560479,0 4.73079515570471,45.7770263323801,0 4.73079873166805,45.7770213236429,0 4.73080243910967,45.7770164029593,0 4.73080653816683,45.7770116564093,0 4.73081089736055,45.77700699593899,0 4.7308155166908,45.77700242154851,0 4.73082039897811,45.7769980232651,0 4.73082541556414,45.7769938030624,0 4.73083069228662,45.7769896689394,0 4.73083622914552,45.7769856208961,0 4.73084203178204,45.776981838987,0 4.73084796589667,45.7769781451312,0 4.73085416296833,45.77697462738229,0 4.73086049151811,45.7769711976865,0 4.73086708866625,45.77696812415219,0 4.73087368581365,45.7769650506175,0 
							</coordinates>
						</LinearRing>
					</outerBoundaryIs>
				</Polygon>
			</MultiGeometry>
		</Placemark>
		<Placemark id="personne_morale.99841">
<styleUrl>#personne_morale</styleUrl>			<visibility>0</visibility>
			<ExtendedData>
				<SchemaData schemaUrl="#personne_morale">
					<SimpleData name="Numero de Parcelle">69044000AW0083</SimpleData>
					<SimpleData name="Departement">69</SimpleData>
					<SimpleData name="Commune">CHARBONNIERES-LES-BAINS</SimpleData>
					<SimpleData name="Adresse">LA NOUVELLE SOURCE</SimpleData>
					<SimpleData name="Groupe de personne">Personnes morales non remarquables</SimpleData>
					<SimpleData name="Forme Juridique Abregee">SC</SimpleData>
					<SimpleData name="Denomination">S C I  AU BONHEUR DE PHILIPPE</SimpleData>
				</SchemaData>
			</ExtendedData>
	<Region>
		<LatLonAltBox>
			<north> 45.7847635920612 </north>
			<south> 45.7845850018518 </south>
			<east> 4.73647589471314 </east>
			<west> 4.73607634732761 </west>
		</LatLonAltBox>
		<Lod>
			<minLodPixels>100</minLodPixels>
			<maxLodPixels>-1</maxLodPixels>
		</Lod>
	</Region>
			<MultiGeometry>
				<Polygon><altitudeMode>relativeToGround</altitudeMode>
					<outerBoundaryIs>
						<LinearRing>
							<coordinates>								4.7361945459712,45.7847127854569,0 4.73641205497034,45.7847600584264,0 4.73642825836099,45.7847635920612,0 4.73647589471314,45.7846735989198,0 4.73633507285146,45.7846373056539,0 4.73623941805063,45.78461265695861,0 4.73624123782628,45.7846091162003,0 4.73622439394342,45.784605682465,0 4.73612255580575,45.7845850018518,0 4.73607634732761,45.7846876728414,0 4.7361945459712,45.7847127854569,0 
							</coordinates>
						</LinearRing>
					</outerBoundaryIs>
				</Polygon>
			</MultiGeometry>
		</Placemark>
		<Placemark id="personne_morale.99846">
<styleUrl>#personne_morale</styleUrl>			<visibility>0</visibility>
			<ExtendedData>
				<SchemaData schemaUrl="#personne_morale">
					<SimpleData name="Numero de Parcelle">69044000AX0083</SimpleData>
					<SimpleData name="Departement">69</SimpleData>
					<SimpleData name="Commune">CHARBONNIERES-LES-BAINS</SimpleData>
					<SimpleData name="Adresse">LE BUCLAY</SimpleData>
					<SimpleData name="Groupe de personne">Personnes morales non remarquables</SimpleData>
					<SimpleData name="Forme Juridique Abregee">AUPM</SimpleData>
					<SimpleData name="Denomination">ASSOCIATION SYNDICALE LES VERRIERES</SimpleData>
				</SchemaData>
			</ExtendedData>
	<Region>
		<LatLonAltBox>
			<north> 45.7896795642929 </north>
			<south> 45.7886891426212 </south>
			<east> 4.7428370595118 </east>
			<west> 4.74157917965815 </west>
		</LatLonAltBox>
		<Lod>
			<minLodPixels>100</minLodPixels>
			<maxLodPixels>-1</maxLodPixels>
		</Lod>
	</Region>
			<MultiGeometry>
				<Polygon><altitudeMode>relativeToGround</altitudeMode>
					<outerBoundaryIs>
						<LinearRing>
							<coordinates>								4.74195724154818,45.789398451446,0 4.74197657744669,45.789011388548,0 4.74197709594361,45.7890074174251,0 4.74197800333751,45.78900353037,0 4.74197891073128,45.7889996433149,0 4.74198007833605,45.78899584231409,0 4.74198150047301,45.7889919473134,0 4.74198279960268,45.7889882343532,0 4.74198448195033,45.7889844254068,0 4.74198629582297,45.78898070450091,0 4.74198811253477,45.7889770736222,0 4.74199018377857,45.7889733487435,0 4.74199251523311,45.788969709919,0 4.74199472084095,45.78896616310791,0 4.74199731250589,45.7889626103376,0 4.74199990700991,45.7889591475942,0 4.7420026330388,45.7889557728915,0 4.74200561359948,45.78895230418879,0 4.7420087285244,45.7889490135537,0 4.74201184628838,45.7889458129455,0 4.74201522426293,45.7889426983915,0 4.7420186022371,45.7889395838374,0 4.74202210889662,45.78893646729671,0 4.7420258786061,45.7889335268372,0 4.74202965115464,45.7889306764046,0 4.74203368391368,45.78892791202599,0 4.74203758798662,45.7889251496338,0 4.74204175227004,45.7889224732955,0 4.74204605091772,45.7889199750247,0 4.74205047541121,45.7889173847403,0 4.74205490842279,45.7889150645369,0 4.74205947295917,45.7889128323738,0 4.74206416618086,45.7889105982241,0 4.74206886224169,45.7889084541013,0 4.74207369266687,45.7889064880459,0 4.74207852309172,45.7889045219903,0 4.74208348788096,45.7889027340021,0 4.74208858419508,45.78890103405419,0 4.74209368050889,45.78889933410611,0 4.74209891118716,45.7888978122254,0 4.74210414754431,45.7888964703985,0 4.7421093839012,45.7888951285714,0 4.74266084941368,45.7888105942952,0 4.7428370595118,45.7888091340964,0 4.74264568763935,45.7886891426212,0 4.74262504328238,45.7887448550202,0 4.74224017373989,45.78880474991269,0 4.74222575378655,45.7887598470106,0 4.74213636873693,45.78877509784309,0 4.74214880722606,45.7888184100685,0 4.7420873420388,45.7888289965103,0 4.74207838800627,45.7888308460805,0 4.74206957117719,45.7888329637448,0 4.74206101739744,45.7888352574894,0 4.74205233777097,45.788837643247,0 4.74204379534768,45.7888402970986,0 4.74203538444856,45.7888430389902,0 4.74202724227745,45.7888461370165,0 4.74201910010543,45.78884923504219,0 4.74201109797573,45.78885269118921,0 4.74200335889495,45.7888563234169,0 4.7419957484987,45.7888599536577,0 4.74198827530519,45.7888638519927,0 4.74198106516052,45.7888679264086,0 4.74197398937911,45.78887217889181,0 4.74196717380715,45.7888765174288,0 4.74196049259842,45.7888810340332,0 4.74195394575288,45.7888857287049,0 4.74194778780244,45.7888905074443,0 4.7419417642152,45.7888954642511,0 4.74193599799818,45.7889004170849,0 4.74193037182298,45.78890572804029,0 4.74192513170373,45.7889110330365,0 4.74192002310844,45.78891642607321,0 4.74191518040138,45.7889220852181,0 4.74191059506476,45.7889277403903,0 4.74190639862366,45.7889334796304,0 4.74190233370667,45.7889393069111,0 4.74189853183884,45.7889453102732,0 4.7418951160275,45.7889513076762,0 4.74189183174044,45.78895739312,0 4.74188893634929,45.7889635626318,0 4.74188630116835,45.788969818198,0 4.7418839261977,45.7889761598187,0 4.74188193728404,45.7889824954805,0 4.74188007705579,45.78898882915599,0 4.74187860572395,45.7889952468996,0 4.74187751761023,45.7890015686574,0 4.74187643517468,45.78900807046921,0 4.74187599616848,45.7890145623497,0 4.74187555716218,45.78902105423019,0 4.74186883901644,45.78933874789931,0 4.74178857425173,45.78949625975209,0 4.74177554371988,45.78949132682601,0 4.74175426586465,45.78948616090319,0 4.74173203800938,45.7894835316236,0 4.74170937206025,45.78948334101491,0 4.74169987477141,45.7894842982288,0 4.74168704581426,45.7894857572149,0 4.74166556833867,45.7894905922252,0 4.74164532569203,45.78949784008849,0 4.74162708147814,45.7895072188082,0 4.74161134476673,45.7895185403871,0 4.74159835873799,45.78953135071901,0 4.74158850661553,45.78954555381991,0 4.74158216310759,45.7895607836246,0 4.74157917965815,45.7895764119299,0 4.74157943041202,45.7895802811084,0 4.74157980796705,45.7895922547101,0 4.74158403100478,45.7896077718026,0 4.74159183741918,45.7896226030988,0 4.74160296132169,45.7896364824885,0 4.74161712262882,45.7896486937262,0 4.74163380943042,45.7896593347817,0 4.74165287600579,45.7896678674776,0 4.7416736760776,45.7896742117156,0 4.74169555768976,45.7896781073441,0 4.74171787740219,45.7896795642929,0 4.74174050084647,45.78967840449369,0 4.74176253288524,45.7896748219035,0 4.74178332723938,45.7896687364264,0 4.7418025092007,45.78966051413009,0 4.74181956401809,45.7896501629601,0 4.74183411414617,45.78963795895741,0 4.74183522690567,45.7896365006482,0 4.74185888429885,45.7895905596311,0 4.74195724154818,45.789398451446,0 
							</coordinates>
						</LinearRing>
					</outerBoundaryIs>
				</Polygon>
			</MultiGeometry>
		</Placemark>
		<Placemark id="personne_morale.100275">
<styleUrl>#personne_morale</styleUrl>			<visibility>0</visibility>
			<ExtendedData>
				<SchemaData schemaUrl="#personne_morale">
					<SimpleData name="Numero de Parcelle">69044000AN0084</SimpleData>
					<SimpleData name="Departement">69</SimpleData>
					<SimpleData name="Commune">CHARBONNIERES-LES-BAINS</SimpleData>
					<SimpleData name="Adresse">13, CHE DE L ALOUETTE</SimpleData>
					<SimpleData name="Groupe de personne">Personnes morales non remarquables</SimpleData>
					<SimpleData name="Forme Juridique Abregee">SCI</SimpleData>
					<SimpleData name="Denomination">SCI MBE KOUEN</SimpleData>
				</SchemaData>
			</ExtendedData>
	<Region>
		<LatLonAltBox>
			<north> 45.772725495702 </north>
			<south> 45.7722342432743 </south>
			<east> 4.75119825126201 </east>
			<west> 4.75059130353635 </west>
		</LatLonAltBox>
		<Lod>
			<minLodPixels>100</minLodPixels>
			<maxLodPixels>-1</maxLodPixels>
		</Lod>
	</Region>
			<MultiGeometry>
				<Polygon><altitudeMode>relativeToGround</altitudeMode>
					<outerBoundaryIs>
						<LinearRing>
							<coordinates>								4.75071675281472,45.7722342432743,0 4.75063294428275,45.7723961404686,0 4.75063198071789,45.7723982270547,0 4.75063101144771,45.7724001335871,0 4.75063004503009,45.7724021301463,0 4.7506289528181,45.7724042187286,0 4.75062811504725,45.7724062132915,0 4.75062701998249,45.77240821184689,0 4.75062592491765,45.7724102104024,0 4.75062483270534,45.7724122989846,0 4.75062373764033,45.77241429754,0 4.7506227712222,45.7724162940992,0 4.75062154465747,45.772418204624,0 4.75062032379788,45.7724202952024,0 4.75061922873255,45.77242229375781,0 4.75061800502018,45.7724242943094,0 4.75061677845511,45.7724262048342,0 4.75061555474256,45.7724282053858,0 4.75061432817733,45.7724301159106,0 4.75061297581761,45.7724321184583,0 4.75061162060521,45.7724340309793,0 4.75061064848111,45.77243584748481,0 4.75059130353635,45.7724671321007,0 4.75119812456453,45.772725495702,0 4.75119825126201,45.77236809177081,0 4.75071675281472,45.7722342432743,0 
							</coordinates>
						</LinearRing>
					</outerBoundaryIs>
				</Polygon>
			</MultiGeometry>
		</Placemark>
		<Placemark id="personne_morale.100814">
<styleUrl>#personne_morale</styleUrl>			<visibility>0</visibility>
			<ExtendedData>
				<SchemaData schemaUrl="#personne_morale">
					<SimpleData name="Numero de Parcelle">69044000AW0085</SimpleData>
					<SimpleData name="Departement">69</SimpleData>
					<SimpleData name="Commune">CHARBONNIERES-LES-BAINS</SimpleData>
					<SimpleData name="Adresse">11, AV GEN DE GAULLE</SimpleData>
					<SimpleData name="Groupe de personne">Personnes morales non remarquables</SimpleData>
					<SimpleData name="Forme Juridique Abregee">SCI</SimpleData>
				</SchemaData>
			</ExtendedData>
	<Region>
		<LatLonAltBox>
			<north> 45.78505234318089 </north>
			<south> 45.7848426790872 </south>
			<east> 4.73620415316538 </east>
			<west> 4.73569358729971 </west>
		</LatLonAltBox>
		<Lod>
			<minLodPixels>100</minLodPixels>
			<maxLodPixels>-1</maxLodPixels>
		</Lod>
	</Region>
			<MultiGeometry>
				<Polygon><altitudeMode>relativeToGround</altitudeMode>
					<outerBoundaryIs>
						<LinearRing>
							<coordinates>								4.73576053124431,45.7848426790872,0 4.73574194175037,45.7849106982137,0 4.73569358729971,45.78502294953859,0 4.7358321330468,45.78505234318089,0 4.73583864883739,45.7850466585658,0 4.73584357953172,45.78504379052589,0 4.73589184854456,45.7850148558693,0 4.73591601851044,45.7850097103078,0 4.73594731515052,45.78500193312671,0 4.73604253435868,45.7849881285775,0 4.73619683295521,45.7849657589625,0 4.73619063368302,45.7849569373407,0 4.73619693807038,45.7849158581581,0 4.73620415316538,45.7848791784289,0 4.7361400777854,45.7848721479767,0 4.73609956867637,45.78486943860091,0 4.73603131490527,45.7848646340694,0 4.73576053124431,45.7848426790872,0 
							</coordinates>
						</LinearRing>
					</outerBoundaryIs>
				</Polygon>
			</MultiGeometry>
		</Placemark>
		<Placemark id="personne_morale.102115">
<styleUrl>#personne_morale</styleUrl>			<visibility>0</visibility>
			<ExtendedData>
				<SchemaData schemaUrl="#personne_morale">
					<SimpleData name="Numero de Parcelle">69044000AR0088</SimpleData>
					<SimpleData name="Departement">69</SimpleData>
					<SimpleData name="Commune">CHARBONNIERES-LES-BAINS</SimpleData>
					<SimpleData name="Adresse">26, CHE DE LA FERRIERE</SimpleData>
					<SimpleData name="Groupe de personne">Personnes morales non remarquables</SimpleData>
					<SimpleData name="Forme Juridique Abregee">SCI</SimpleData>
					<SimpleData name="Denomination">DES 3F</SimpleData>
				</SchemaData>
			</ExtendedData>
	<Region>
		<LatLonAltBox>
			<north> 45.7760259569614 </north>
			<south> 45.7754773831556 </south>
			<east> 4.74208723709054 </east>
			<west> 4.7413346346518 </west>
		</LatLonAltBox>
		<Lod>
			<minLodPixels>100</minLodPixels>
			<maxLodPixels>-1</maxLodPixels>
		</Lod>
	</Region>
			<MultiGeometry>
				<Polygon><altitudeMode>relativeToGround</altitudeMode>
					<outerBoundaryIs>
						<LinearRing>
							<coordinates>								4.7416062089473,45.7754773831556,0 4.7413346346518,45.7757311612302,0 4.74190101940375,45.7760259569614,0 4.74208723709054,45.7757349451749,0 4.7417680357401,45.775564055132,0 4.74162139680151,45.7754855252951,0 4.7416062089473,45.7754773831556,0 
							</coordinates>
						</LinearRing>
					</outerBoundaryIs>
				</Polygon>
			</MultiGeometry>
		</Placemark>
		<Placemark id="personne_morale.102140">
<styleUrl>#personne_morale</styleUrl>			<visibility>0</visibility>
			<ExtendedData>
				<SchemaData schemaUrl="#personne_morale">
					<SimpleData name="Numero de Parcelle">69044000AW0088</SimpleData>
					<SimpleData name="Departement">69</SimpleData>
					<SimpleData name="Commune">CHARBONNIERES-LES-BAINS</SimpleData>
					<SimpleData name="Adresse">LA NOUVELLE SOURCE</SimpleData>
					<SimpleData name="Groupe de personne">Personnes morales non remarquables</SimpleData>
					<SimpleData name="Forme Juridique Abregee">SCI</SimpleData>
					<SimpleData name="Denomination">SABEL</SimpleData>
				</SchemaData>
			</ExtendedData>
	<Region>
		<LatLonAltBox>
			<north> 45.7860825631295 </north>
			<south> 45.7858777052193 </south>
			<east> 4.73644884222396 </east>
			<west> 4.73622714162688 </west>
		</LatLonAltBox>
		<Lod>
			<minLodPixels>100</minLodPixels>
			<maxLodPixels>-1</maxLodPixels>
		</Lod>
	</Region>
			<MultiGeometry>
				<Polygon><altitudeMode>relativeToGround</altitudeMode>
					<outerBoundaryIs>
						<LinearRing>
							<coordinates>								4.73637960091945,45.7858777052193,0 4.73625855842547,45.7859014548539,0 4.73625705705315,45.78591922189009,0 4.73622742427358,45.78592670333791,0 4.73622714162688,45.7860815392886,0 4.73633621788414,45.7860825631295,0 4.73633852111378,45.7860698277154,0 4.73635163224794,45.7860691756222,0 4.7363622531947,45.7860671207123,0 4.73637229150145,45.7860629130686,0 4.73638408037392,45.78605705721429,0 4.73640168377256,45.786047779271,0 4.73641175735685,45.7860405987463,0 4.7364198866001,45.78603299778571,0 4.736425299428,45.78602498826979,0 4.73642990621733,45.7860159103078,0 4.73643939262076,45.7859941473551,0 4.73644884222396,45.7859712140481,0 4.73637960091945,45.7858777052193,0 
							</coordinates>
						</LinearRing>
					</outerBoundaryIs>
				</Polygon>
			</MultiGeometry>
		</Placemark>
		<Placemark id="personne_morale.103209">
<styleUrl>#personne_morale</styleUrl>			<visibility>0</visibility>
			<ExtendedData>
				<SchemaData schemaUrl="#personne_morale">
					<SimpleData name="Numero de Parcelle">69044000AP0090</SimpleData>
					<SimpleData name="Departement">69</SimpleData>
					<SimpleData name="Commune">CHARBONNIERES-LES-BAINS</SimpleData>
					<SimpleData name="Adresse">4, CHE DE LA HALTE DU MERIDIEN</SimpleData>
					<SimpleData name="Groupe de personne">Personnes morales non remarquables</SimpleData>
					<SimpleData name="Forme Juridique Abregee">SCI</SimpleData>
					<SimpleData name="Denomination">DEL TA</SimpleData>
				</SchemaData>
			</ExtendedData>
	<Region>
		<LatLonAltBox>
			<north> 45.772564169055 </north>
			<south> 45.772262650362 </south>
			<east> 4.74020884919159 </east>
			<west> 4.73972545616897 </west>
		</LatLonAltBox>
		<Lod>
			<minLodPixels>100</minLodPixels>
			<maxLodPixels>-1</maxLodPixels>
		</Lod>
	</Region>
			<MultiGeometry>
				<Polygon><altitudeMode>relativeToGround</altitudeMode>
					<outerBoundaryIs>
						<LinearRing>
							<coordinates>								4.73990329511229,45.77229803818021,0 4.7398978766939,45.77230172457529,0 4.7399013264178,45.7723050039915,0 4.73972545616897,45.7724300322714,0 4.73993432916005,45.772564169055,0 4.74020884919159,45.7723592572456,0 4.74007783400544,45.7722656229053,0 4.74002059537445,45.7723076680734,0 4.73995520897447,45.772262650362,0 4.73990329511229,45.77229803818021,0 
							</coordinates>
						</LinearRing>
					</outerBoundaryIs>
				</Polygon>
			</MultiGeometry>
		</Placemark>
		<Placemark id="personne_morale.103643">
<styleUrl>#personne_morale</styleUrl>			<visibility>0</visibility>
			<ExtendedData>
				<SchemaData schemaUrl="#personne_morale">
					<SimpleData name="Numero de Parcelle">69044000AP0091</SimpleData>
					<SimpleData name="Departement">69</SimpleData>
					<SimpleData name="Commune">CHARBONNIERES-LES-BAINS</SimpleData>
					<SimpleData name="Adresse">4, CHE DE LA HALTE DU MERIDIEN</SimpleData>
					<SimpleData name="Groupe de personne">Personnes morales non remarquables</SimpleData>
					<SimpleData name="Forme Juridique Abregee">SCI</SimpleData>
					<SimpleData name="Denomination">DEL TA</SimpleData>
				</SchemaData>
			</ExtendedData>
	<Region>
		<LatLonAltBox>
			<north> 45.7723076680734 </north>
			<south> 45.771929566164 </south>
			<east> 4.74007783400544 </east>
			<west> 4.73945624763254 </west>
		</LatLonAltBox>
		<Lod>
			<minLodPixels>100</minLodPixels>
			<maxLodPixels>-1</maxLodPixels>
		</Lod>
	</Region>
			<MultiGeometry>
				<Polygon><altitudeMode>relativeToGround</altitudeMode>
					<outerBoundaryIs>
						<LinearRing>
							<coordinates>								4.74007783400544,45.7722656229053,0 4.73981844593602,45.7720804747402,0 4.7396049282975,45.771929566164,0 4.73950421596011,45.771939855938,0 4.73945624763254,45.7719738316534,0 4.73990329511229,45.77229803818021,0 4.73995520897447,45.772262650362,0 4.74002059537445,45.7723076680734,0 4.74007783400544,45.7722656229053,0 
							</coordinates>
						</LinearRing>
					</outerBoundaryIs>
				</Polygon>
			</MultiGeometry>
		</Placemark>
		<Placemark id="personne_morale.103930">
<styleUrl>#personne_morale</styleUrl>			<visibility>0</visibility>
			<ExtendedData>
				<SchemaData schemaUrl="#personne_morale">
					<SimpleData name="Numero de Parcelle">69044000AA0092</SimpleData>
					<SimpleData name="Departement">69</SimpleData>
					<SimpleData name="Commune">CHARBONNIERES-LES-BAINS</SimpleData>
					<SimpleData name="Adresse">LE BEAUDY</SimpleData>
					<SimpleData name="Groupe de personne">Personnes morales non remarquables</SimpleData>
					<SimpleData name="Forme Juridique Abregee">SARL</SimpleData>
					<SimpleData name="Denomination">STE DES PIERRES PLANTEES</SimpleData>
				</SchemaData>
			</ExtendedData>
	<Region>
		<LatLonAltBox>
			<north> 45.79015473556921 </north>
			<south> 45.78922151659251 </south>
			<east> 4.75222842496712 </east>
			<west> 4.75127610601757 </west>
		</LatLonAltBox>
		<Lod>
			<minLodPixels>100</minLodPixels>
			<maxLodPixels>-1</maxLodPixels>
		</Lod>
	</Region>
			<MultiGeometry>
				<Polygon><altitudeMode>relativeToGround</altitudeMode>
					<outerBoundaryIs>
						<LinearRing>
							<coordinates>								4.75127610601757,45.7900227100989,0 4.75157745488291,45.7900939632999,0 4.75183443906467,45.79015473556921,0 4.75197592905995,45.7899880692,0 4.75204957940872,45.78983398498259,0 4.7521548043995,45.78972552692011,0 4.7522027350648,45.7894669090158,0 4.75222842496712,45.78922151659251,0 4.75215007487387,45.78957644251631,0 4.7521489650763,45.78958204415871,0 4.7521479839654,45.7895876438031,0 4.75214661393761,45.7895931594146,0 4.75214537259647,45.7895986730281,0 4.75214399971217,45.7896040986127,0 4.75214250099665,45.78960961622221,0 4.75214087359388,45.7896151358296,0 4.75213924333481,45.7896205654102,0 4.75213748438844,45.7896259969887,0 4.7521357282977,45.789631518594,0 4.75213371197664,45.7896369541684,0 4.75213169279922,45.789642299716,0 4.75212954779034,45.7896477372883,0 4.75212727123805,45.7896530868317,0 4.75212499182937,45.7896583463483,0 4.7521225837332,45.78966360786281,0 4.75212018134845,45.7896690494309,0 4.75211702968819,45.78967522320111,0 4.75211387517129,45.7896813069445,0 4.75211033459235,45.7896873966816,0 4.7521067911567,45.7896933963918,0 4.75210299034599,45.7896994000978,0 4.75209905513547,45.7897052257479,0 4.75209499123694,45.7897110533958,0 4.752090541276,45.78971688703739,0 4.75208608845822,45.789722630652,0 4.75208137255333,45.78972819820859,0 4.75207653081613,45.7897338577897,0 4.75207142599172,45.7897393413128,0 4.75206631831044,45.78974473480879,0 4.75206095325363,45.7897501323004,0 4.75205558248409,45.7897553497381,0 4.75204995148312,45.7897604811445,0 4.7520441917938,45.7897656145485,0 4.75203804032984,45.7897705738921,0 4.75203201755209,45.7897755312376,0 4.75202585180696,45.7897800404465,0 4.75198522533089,45.78981030456789,0 4.75194191350715,45.7898411507885,0 4.75184535735343,45.7899144363984,0 4.75168318707796,45.78999333401519,0 4.75127610601757,45.7900227100989,0 
							</coordinates>
						</LinearRing>
					</outerBoundaryIs>
				</Polygon>
			</MultiGeometry>
		</Placemark>
		<Placemark id="personne_morale.103989">
<styleUrl>#personne_morale</styleUrl>			<visibility>0</visibility>
			<ExtendedData>
				<SchemaData schemaUrl="#personne_morale">
					<SimpleData name="Numero de Parcelle">69044000AK0092</SimpleData>
					<SimpleData name="Departement">69</SimpleData>
					<SimpleData name="Commune">CHARBONNIERES-LES-BAINS</SimpleData>
					<SimpleData name="Adresse">88, RTE DE PARIS</SimpleData>
					<SimpleData name="Groupe de personne">Personnes morales non remarquables</SimpleData>
					<SimpleData name="Forme Juridique Abregee">SCI</SimpleData>
					<SimpleData name="Denomination">SCI MCCH</SimpleData>
				</SchemaData>
			</ExtendedData>
	<Region>
		<LatLonAltBox>
			<north> 45.7781552989357 </north>
			<south> 45.77793481740061 </south>
			<east> 4.75124786658674 </east>
			<west> 4.75043911431355 </west>
		</LatLonAltBox>
		<Lod>
			<minLodPixels>100</minLodPixels>
			<maxLodPixels>-1</maxLodPixels>
		</Lod>
	</Region>
			<MultiGeometry>
				<Polygon><altitudeMode>relativeToGround</altitudeMode>
					<outerBoundaryIs>
						<LinearRing>
							<coordinates>								4.75058418980893,45.7780636274098,0 4.75078616119091,45.7780921985913,0 4.75088080837101,45.7781055015558,0 4.75102264771282,45.77812536782351,0 4.75108612807952,45.77813411031709,0 4.75123560418808,45.7781552989357,0 4.75124786658674,45.7781116943461,0 4.75109951119038,45.7780933706267,0 4.75110249678994,45.7780819753342,0 4.75103946263502,45.77807106422,0 4.75087845359886,45.7780433890548,0 4.75088294270531,45.7779941405856,0 4.75047442635732,45.77793481740061,0 4.75043911431355,45.7780431803044,0 4.75053906491731,45.7780573019858,0 4.75058418980893,45.7780636274098,0 
							</coordinates>
						</LinearRing>
					</outerBoundaryIs>
				</Polygon>
			</MultiGeometry>
		</Placemark>
		<Placemark id="personne_morale.104384">
<styleUrl>#personne_morale</styleUrl>			<visibility>0</visibility>
			<ExtendedData>
				<SchemaData schemaUrl="#personne_morale">
					<SimpleData name="Numero de Parcelle">69044000AL0093</SimpleData>
					<SimpleData name="Departement">69</SimpleData>
					<SimpleData name="Commune">CHARBONNIERES-LES-BAINS</SimpleData>
					<SimpleData name="Adresse">LES FLACHERES</SimpleData>
					<SimpleData name="Groupe de personne">Personnes morales non remarquables</SimpleData>
					<SimpleData name="Forme Juridique Abregee">SAS</SimpleData>
					<SimpleData name="Denomination">SPP</SimpleData>
				</SchemaData>
			</ExtendedData>
	<Region>
		<LatLonAltBox>
			<north> 45.77583333786409 </north>
			<south> 45.7757265458308 </south>
			<east> 4.75309067129719 </east>
			<west> 4.75293116840332 </west>
		</LatLonAltBox>
		<Lod>
			<minLodPixels>100</minLodPixels>
			<maxLodPixels>-1</maxLodPixels>
		</Lod>
	</Region>
			<MultiGeometry>
				<Polygon><altitudeMode>relativeToGround</altitudeMode>
					<outerBoundaryIs>
						<LinearRing>
							<coordinates>								4.75293116840332,45.7758272916987,0 4.75293286376824,45.7758279859271,0 4.75293325544578,45.7758281599839,0 4.75293364712332,45.7758283340407,0 4.75293403880085,45.7758285080976,0 4.7529344304784,45.7758286821544,0 4.75293507946557,45.77582885221341,0 4.75293547114311,45.7758290262703,0 4.75293586282066,45.7758292003271,0 4.75293625449822,45.7758293743839,0 4.75293677197403,45.7758294564151,0 4.75293716365159,45.77582963047189,0 4.75293755532914,45.7758298045287,0 4.75293807280496,45.77582988655989,0 4.75293846448253,45.77583006061671,0 4.7529388561601,45.7758302346735,0 4.75293937363592,45.77583031670461,0 4.75293976531349,45.7758304907614,0 4.75294028278932,45.77583057279261,0 4.75294067446689,45.7758307468494,0 4.75294106328791,45.7758308308795,0 4.75294158362031,45.7758310029374,0 4.75294197244132,45.77583108696739,0 4.75294249277372,45.7758312590253,0 4.75294288159475,45.7758313430554,0 4.75294339907059,45.7758314250865,0 4.75294378789161,45.7758315091166,0 4.75294430822402,45.7758316811745,0 4.75294482569987,45.7758317632056,0 4.75294521166433,45.7758317572089,0 4.75294572914017,45.7758318392401,0 4.7529461179612,45.7758319232701,0 4.75294663543705,45.7758320053012,0 4.75294702425809,45.7758320893313,0 4.75294754173394,45.7758321713624,0 4.75294805920979,45.7758322533936,0 4.75294844803083,45.77583233742361,0 4.75294896550669,45.77583241945469,0 4.75294948298255,45.7758325014859,0 4.75294987180359,45.7758325855159,0 4.75295038927945,45.77583266754701,0 4.75295090675531,45.77583274957809,0 4.75295129271978,45.77583274358139,0 4.75295181019564,45.7758328256125,0 4.75295232767151,45.7758329076436,0 4.75295271363597,45.7758329016469,0 4.75295323111184,45.77583298367801,0 4.75295374573113,45.7758329756824,0 4.75295413455218,45.7758330597124,0 4.75295465202805,45.7758331417435,0 4.75295516664734,45.7758331337479,0 4.75295568126662,45.7758331257523,0 4.75295607008768,45.7758332097823,0 4.75295658470697,45.7758332017866,0 4.75295710218284,45.7758332838177,0 4.75295748814731,45.77583327782101,0 4.7529580027666,45.7758332698253,0 4.75295851738588,45.77583326182971,0 4.75295903200517,45.775833253834,0 4.75295942082623,45.77583333786409,0 4.75295993258892,45.7758332398416,0 4.75296044720821,45.775833231846,0 4.7529609618275,45.7758332238503,0 4.75296134779196,45.7758332178536,0 4.75296186241125,45.7758332098579,0 4.75296237703054,45.7758332018622,0 4.75296289164982,45.7758331938666,0 4.75296327761429,45.7758331878698,0 4.75296379223357,45.7758331798742,0 4.75296430399626,45.77583308185181,0 4.75296481861554,45.7758330738561,0 4.75296520458001,45.77583306785931,0 4.75296571919929,45.7758330598636,0 4.75296623096197,45.7758329618412,0 4.75296674558125,45.7758329538455,0 4.75296713154572,45.7758329478487,0 4.75296764330839,45.77583284982631,0 4.75296815792768,45.7758328418306,0 4.75296854103553,45.7758327458071,0 4.75296905565481,45.7758327378114,0 4.75296956741748,45.775832639789,0 4.75297007918015,45.7758325417666,0 4.75297046514461,45.77583253576981,0 4.75297097690727,45.7758324377473,0 4.75297148866994,45.77583233972491,0 4.75297187463439,45.7758323337281,0 4.75297238639706,45.7758322357057,0 4.75297315261274,45.7758320436586,0 4.75297404748323,45.7758318496127,0 4.75297480798566,45.77583147751211,0 4.75297570285614,45.7758312834661,0 4.7529764690718,45.77583109141909,0 4.75297736108564,45.7758308073463,0 4.75297812730128,45.7758306152992,0 4.75297889351692,45.7758304232522,0 4.75297978553074,45.7758301391794,0 4.75298055174637,45.7758299471323,0 4.75298144376017,45.7758296630595,0 4.75298220997578,45.7758294710124,0 4.75298297619139,45.7758292789653,0 4.75298387106181,45.7758290849193,0 4.75298463442077,45.7758288028454,0 4.75298540063636,45.7758286107983,0 4.7529861639953,45.7758283287244,0 4.75298692735424,45.7758280466506,0 4.75298769356982,45.7758278546034,0 4.75298845692874,45.77582757252949,0 4.75298934608582,45.77582719843001,0 4.75299011230137,45.7758270063828,0 4.75299087566028,45.7758267243089,0 4.75299163901917,45.775826442235,0 4.75299253103286,45.77582615816209,0 4.75299329439174,45.7758258760882,0 4.75299405775061,45.77582559401431,0 4.75299482396612,45.7758254019671,0 4.75299558732497,45.7758251198932,0 4.75299635068382,45.7758248378193,0 4.75299724269746,45.7758245537464,0 4.75299800605629,45.7758242716724,0 4.75299876941511,45.77582398959851,0 4.75299953277393,45.7758237075245,0 4.75300029613274,45.7758234254505,0 4.75300105663488,45.7758230533498,0 4.75300181999367,45.7758227712759,0 4.75300258335245,45.7758224892019,0 4.75300334671122,45.7758222071279,0 4.75300410721333,45.7758218350272,0 4.75300487057208,45.7758215529532,0 4.75300563107417,45.7758211808524,0 4.75300639443291,45.77582089877839,0 4.75300715779164,45.7758206167044,0 4.75300791829369,45.7758202446037,0 4.75300868165241,45.7758199625297,0 4.75300944501112,45.7758196804557,0 4.75301007685836,45.7758193103538,0 4.75301084021705,45.7758190282798,0 4.75301160071906,45.7758186561791,0 4.75301236407773,45.775818374105,0 4.75301299592494,45.77581800400319,0 4.75301363062881,45.7758177239281,0 4.75301439113078,45.7758173518273,0 4.75301515448943,45.77581706975329,0 4.75301591499138,45.77581669765249,0 4.75301667549332,45.77581632555169,0 4.75301731019716,45.7758160454766,0 4.75301807069908,45.7758156733757,0 4.7530188283443,45.7758152112482,0 4.75301959170289,45.7758149291741,0 4.75302022355001,45.7758145590722,0 4.75302098405189,45.7758141869714,0 4.75302174455376,45.7758138148706,0 4.75302237925754,45.7758135347954,0 4.7530231397594,45.7758131626946,0 4.75302390026124,45.7758127905937,0 4.7530245321083,45.7758124204919,0 4.75302529261012,45.775812048391,0 4.75302592445717,45.7758116782891,0 4.75302668495897,45.7758113061883,0 4.753027316806,45.7758109360864,0 4.75302807730778,45.7758105639855,0 4.75302870915479,45.7758101938836,0 4.75302946965656,45.7758098217827,0 4.75303010150355,45.77580945168081,0 4.75303086200529,45.77580907957991,0 4.75303149385226,45.77580870947799,0 4.75303225435399,45.77580833737701,0 4.75303288334423,45.7758078772484,0 4.75303364098922,45.7758074151207,0 4.7530341441814,45.77580704701779,0 4.75303477602833,45.7758066769159,0 4.75303553653,45.7758063048149,0 4.75303616552019,45.7758058446863,0 4.75303679736709,45.7758054745843,0 4.75303742921398,45.7758051044824,0 4.7530381868589,45.7758046423547,0 4.75303881870577,45.7758042722527,0 4.75303945055264,45.7758039021508,0 4.75303995088802,45.77580344402111,0 4.75304058273487,45.77580307391909,0 4.75304121458171,45.7758027038172,0 4.75304171777379,45.7758023357142,0 4.75304234676388,45.7758018755855,0 4.7530429786107,45.77580150548351,0 4.75304348180276,45.7758011373806,0 4.75304411079282,45.7758006772519,0 4.75304474263961,45.7758003071499,0 4.75304524297492,45.7757998490202,0 4.75304587482169,45.7757994789182,0 4.75304637801371,45.7757991108152,0 4.75304700700373,45.7757986506865,0 4.75304751019574,45.77579828258349,0 4.753048136329,45.775797732428,0 4.753048639521,45.775797364325,0 4.75304913985624,45.7757969061953,0 4.75304964019148,45.7757964480655,0 4.75305014338345,45.77579607996249,0 4.75305064371867,45.7757956218328,0 4.75305127556536,45.7757952517308,0 4.75305177590057,45.775794793601,0 4.75305227623576,45.7757943354713,0 4.75305290808242,45.7757939653693,0 4.75305340841761,45.7757935072395,0 4.75305390875278,45.7757930491098,0 4.75305440908794,45.77579259098,0 4.75305491227985,45.775792222877,0 4.75305554126972,45.7757917627482,0 4.75305604160485,45.7757913046185,0 4.75305654193998,45.7757908464887,0 4.75305704227511,45.77579038835891,0 4.75305754261022,45.7757899302292,0 4.75305804294533,45.7757894720994,0 4.75305854613718,45.77578910399641,0 4.75305904647227,45.77578864586659,0 4.75305954680735,45.7757881877368,0 4.75306004714242,45.775787729607,0 4.75306054747749,45.7757872714773,0 4.75306104781254,45.77578681334749,0 4.75306141949288,45.7757863572167,0 4.75306191982792,45.7757858990869,0 4.75306228865149,45.7757853529294,0 4.75306278898652,45.7757848947996,0 4.75306328932153,45.7757844366699,0 4.75306378679978,45.7757838885133,0 4.75306428713478,45.7757834303835,0 4.75306465881507,45.77578297425279,0 4.75306515915005,45.775782516123,0 4.75306565948503,45.7757820579932,0 4.7530660311653,45.77578160186241,0 4.75306652864349,45.77578105370591,0 4.75306690032375,45.7757805975751,0 4.75306740065869,45.7757801394453,0 4.75306790099362,45.7757796813155,0 4.75306826981709,45.77577913515799,0 4.75306877015201,45.7757786770282,0 4.75306914183223,45.77577822089741,0 4.75306964216713,45.7757777627676,0 4.75307001099057,45.7757772166101,0 4.75307038267077,45.7757767604792,0 4.75307088300565,45.77577630234939,0 4.75307112317438,45.775775758191,0 4.75307162350924,45.7757753000611,0 4.75307199233265,45.77577475390359,0 4.75307236401281,45.7757742977728,0 4.7530727328362,45.7757737516153,0 4.75307323317103,45.7757732934855,0 4.75307360485118,45.7757728373547,0 4.75307397367454,45.77577229119711,0 4.75307434535468,45.7757718350664,0 4.75307471417803,45.7757712889088,0 4.75307508585815,45.775770832778,0 4.75307545468149,45.7757702866205,0 4.75307595215948,45.7757697384639,0 4.75307632383959,45.77576928233309,0 4.75307668980612,45.7757686461488,0 4.75307706148621,45.775768190018,0 4.7530774303095,45.7757676438605,0 4.75307767047813,45.775767099702,0 4.7530780421582,45.77576664357121,0 4.75307841098148,45.7757660974137,0 4.75307878266154,45.7757656412829,0 4.75307902283014,45.7757650971243,0 4.7530793916534,45.7757645509668,0 4.75307976047665,45.7757640048093,0 4.75308000350203,45.7757635506775,0 4.75308037232527,45.77576300451991,0 4.75308048669598,45.77576255238719,0 4.75308060392348,45.7757621902812,0 4.75308071829419,45.7757617381485,0 4.75308083552169,45.7757613760426,0 4.7530809498924,45.7757609239099,0 4.75308106711989,45.7757605618039,0 4.75308118149059,45.7757601096712,0 4.75308129871808,45.7757597475652,0 4.75308141308878,45.7757592954324,0 4.75308153031627,45.77575893332651,0 4.75308164468697,45.77575848119379,0 4.75308176191445,45.7757581190878,0 4.75308187628514,45.77575766695509,0 4.75308199351262,45.7757573048491,0 4.75308210788331,45.7757568527164,0 4.75308222511079,45.7757564906104,0 4.75308233948148,45.7757560384777,0 4.75308245385216,45.775755586345,0 4.75308257107963,45.775755224239,0 4.75308255679568,45.77575477410529,0 4.75308267402315,45.7757544119993,0 4.75308278839383,45.7757539598666,0 4.75308290562129,45.7757535977606,0 4.75308301999197,45.7757531456279,0 4.75308313721943,45.7757527835219,0 4.7530832515901,45.7757523313892,0 4.75308336881756,45.77575196928321,0 4.75308348318823,45.7757515171505,0 4.75308360041569,45.7757511550445,0 4.75308371478635,45.77575070291181,0 4.7530838320138,45.7757503408058,0 4.75308394638446,45.7757498886731,0 4.75308406361191,45.7757495265671,0 4.75308417798257,45.7757490744344,0 4.75308429521002,45.77574871232839,0 4.75308440958067,45.7757482601957,0 4.75308452680811,45.7757478980897,0 4.75308464117876,45.775747445957,0 4.7530847584062,45.775747083851,0 4.75308487277685,45.77574663171831,0 4.75308498714749,45.7757461795856,0 4.75308510437493,45.7757458174796,0 4.75308521874557,45.77574536534691,0 4.753085335973,45.7757450032409,0 4.75308532168902,45.7757445531072,0 4.75308543891646,45.7757441910013,0 4.75308555328709,45.77574373886851,0 4.75308567051452,45.7757433767625,0 4.75308578488515,45.7757429246298,0 4.75308590211257,45.7757425625239,0 4.7530860164832,45.7757421103911,0 4.75308613371062,45.77574174828509,0 4.75308624808124,45.7757412961524,0 4.75308636530866,45.7757409340464,0 4.75308660833388,45.7757404799147,0 4.75308672556129,45.7757401178087,0 4.75308683993191,45.775739665676,0 4.75308695715932,45.77573930356999,0 4.75308707152993,45.7757388514372,0 4.75308718875733,45.77573848933131,0 4.75308730312794,45.77573803719849,0 4.75308742035535,45.7757376750926,0 4.75308753472595,45.7757372229598,0 4.75308765195335,45.7757368608538,0 4.75308776632395,45.7757364087211,0 4.75308788355135,45.7757360466152,0 4.75308799792194,45.7757355944824,0 4.75308811514934,45.77573523237641,0 4.75308822951993,45.7757347802437,0 4.75308821809273,45.7757344201368,0 4.75308833246333,45.7757339680041,0 4.7530885783453,45.775733603899,0 4.75308869271589,45.77573315176631,0 4.75308880994327,45.7757327896603,0 4.75308892431385,45.7757323375276,0 4.75308904439803,45.7757320654483,0 4.75308915876861,45.7757316133156,0 4.75308927599599,45.7757312512096,0 4.75308939036656,45.7757307990769,0 4.75308950759394,45.7757304369709,0 4.75308962196451,45.7757299848382,0 4.75308973919188,45.7757296227322,0 4.75308985356245,45.7757291705995,0 4.75309009944439,45.7757288064944,0 4.75309021381496,45.7757283543617,0 4.75309067129719,45.7757265458308,0 4.75293785647408,45.7757946721138,0 4.75293116840332,45.7758272916987,0 
							</coordinates>
						</LinearRing>
					</outerBoundaryIs>
				</Polygon>
			</MultiGeometry>
		</Placemark>
		<Placemark id="personne_morale.105228">
<styleUrl>#personne_morale</styleUrl>			<visibility>0</visibility>
			<ExtendedData>
				<SchemaData schemaUrl="#personne_morale">
					<SimpleData name="Numero de Parcelle">69044000AM0095</SimpleData>
					<SimpleData name="Departement">69</SimpleData>
					<SimpleData name="Commune">CHARBONNIERES-LES-BAINS</SimpleData>
					<SimpleData name="Adresse">139, RTE DE PARIS</SimpleData>
					<SimpleData name="Groupe de personne">Personnes morales non remarquables</SimpleData>
					<SimpleData name="Forme Juridique Abregee">ASS</SimpleData>
					<SimpleData name="Denomination">COPROPRIETAIRES PARCELLES AM 95 150 152 156</SimpleData>
				</SchemaData>
			</ExtendedData>
	<Region>
		<LatLonAltBox>
			<north> 45.77299243691931 </north>
			<south> 45.7729077889497 </south>
			<east> 4.75308798639109 </east>
			<west> 4.75297618689322 </west>
		</LatLonAltBox>
		<Lod>
			<minLodPixels>100</minLodPixels>
			<maxLodPixels>-1</maxLodPixels>
		</Lod>
	</Region>
			<MultiGeometry>
				<Polygon><altitudeMode>relativeToGround</altitudeMode>
					<outerBoundaryIs>
						<LinearRing>
							<coordinates>								4.75308798639109,45.7729201517385,0 4.7529967238311,45.7729077889497,0 4.75297618689322,45.77297854365959,0 4.75306749812808,45.77299243691931,0 4.75308798639109,45.7729201517385,0 
							</coordinates>
						</LinearRing>
					</outerBoundaryIs>
				</Polygon>
			</MultiGeometry>
		</Placemark>
		<Placemark id="personne_morale.105256">
<styleUrl>#personne_morale</styleUrl>			<visibility>0</visibility>
			<ExtendedData>
				<SchemaData schemaUrl="#personne_morale">
					<SimpleData name="Numero de Parcelle">69044000AP0095</SimpleData>
					<SimpleData name="Departement">69</SimpleData>
					<SimpleData name="Commune">CHARBONNIERES-LES-BAINS</SimpleData>
					<SimpleData name="Adresse">31, RTE DE SAIN BEL</SimpleData>
					<SimpleData name="Groupe de personne">Personnes morales non remarquables</SimpleData>
					<SimpleData name="Forme Juridique Abregee">SAS</SimpleData>
					<SimpleData name="Denomination">REGIE OUEST LYONNAIS</SimpleData>
				</SchemaData>
			</ExtendedData>
	<Region>
		<LatLonAltBox>
			<north> 45.7725680117411 </north>
			<south> 45.7717385028843 </south>
			<east> 4.73877209494116 </east>
			<west> 4.73752753684312 </west>
		</LatLonAltBox>
		<Lod>
			<minLodPixels>100</minLodPixels>
			<maxLodPixels>-1</maxLodPixels>
		</Lod>
	</Region>
			<MultiGeometry>
				<Polygon><altitudeMode>relativeToGround</altitudeMode>
					<outerBoundaryIs>
						<LinearRing>
							<coordinates>								4.73752753684312,45.772063539844,0 4.73788721571309,45.7722579567684,0 4.73808173849491,45.77236160383791,0 4.73846393675644,45.7725680117411,0 4.73847923518408,45.77255516609681,0 4.73858928054662,45.77247330733289,0 4.73860773277922,45.77245843151211,0 4.73863761144396,45.77243446259261,0 4.73870382886738,45.77237912943829,0 4.73877209494116,45.7723071015811,0 4.73868220069554,45.7719822507867,0 4.73864530890213,45.7718487940774,0 4.73861313622141,45.7717385028843,0 4.73752753684312,45.772063539844,0 
							</coordinates>
						</LinearRing>
					</outerBoundaryIs>
				</Polygon>
			</MultiGeometry>
		</Placemark>
		<Placemark id="personne_morale.106495">
<styleUrl>#personne_morale</styleUrl>			<visibility>0</visibility>
			<ExtendedData>
				<SchemaData schemaUrl="#personne_morale">
					<SimpleData name="Numero de Parcelle">69044000AT0098</SimpleData>
					<SimpleData name="Departement">69</SimpleData>
					<SimpleData name="Commune">CHARBONNIERES-LES-BAINS</SimpleData>
					<SimpleData name="Adresse">GDES BRUYERES</SimpleData>
					<SimpleData name="Groupe de personne">Personnes morales non remarquables</SimpleData>
					<SimpleData name="Forme Juridique Abregee">AUPM</SimpleData>
					<SimpleData name="Denomination">ASS SYNDICALE LIBRE DES HAUTINIERES</SimpleData>
				</SchemaData>
			</ExtendedData>
	<Region>
		<LatLonAltBox>
			<north> 45.778159337645 </north>
			<south> 45.7776851653751 </south>
			<east> 4.73117600637235 </east>
			<west> 4.73074542360143 </west>
		</LatLonAltBox>
		<Lod>
			<minLodPixels>100</minLodPixels>
			<maxLodPixels>-1</maxLodPixels>
		</Lod>
	</Region>
			<MultiGeometry>
				<Polygon><altitudeMode>relativeToGround</altitudeMode>
					<outerBoundaryIs>
						<LinearRing>
							<coordinates>								4.73074542360143,45.7776904649893,0 4.73081698395857,45.7777435897451,0 4.73097297838927,45.7779402526231,0 4.73114692543591,45.778159337645,0 4.73114968262777,45.77815695350629,0 4.7311523083372,45.7781544813143,0 4.73115493122521,45.778151919095,0 4.73115716812998,45.7781493627978,0 4.73115952805314,45.7781466244719,0 4.73116176213629,45.7781439781472,0 4.73116399339802,45.7781412417953,0 4.73116583867661,45.7781385113655,0 4.73116952359082,45.7781328704512,0 4.73117110590453,45.7781299639149,0 4.73117255673591,45.77812696932529,0 4.73117401038835,45.77812406476299,0 4.73117505830932,45.7781205359319,0 4.73117571742617,45.77811692299559,0 4.73117600637235,45.7781097129158,0 4.73117550471972,45.778106027719,0 4.73117474856658,45.7781024364977,0 4.73117360925212,45.77809894122581,0 4.73117208395518,45.7780954518762,0 4.73117017831826,45.7780921485033,0 4.73116801535985,45.77808884907859,0 4.73085019145578,45.7777188513477,0 4.7308373532129,45.7777076093294,0 4.73083405491478,45.77770504787999,0 4.73083063359826,45.7777026684587,0 4.73082721510267,45.7777003790646,0 4.73082329042939,45.7776983676471,0 4.7308193657564,45.77769635622939,0 4.73081531524434,45.7776944368125,0 4.73081114453443,45.777692789451,0 4.73080697664537,45.7776912321167,0 4.73080255425725,45.77768976875689,0 4.73079787737006,45.7776883993714,0 4.73079334042534,45.7776873881214,0 4.73078854616091,45.77768638081841,0 4.73078376035833,45.7776856435971,0 4.73077885717815,45.77768526845841,0 4.73077383379972,45.7776851653751,0 4.73076894754285,45.77768533039979,0 4.73076394390812,45.7776858575072,0 4.73075907457426,45.7776865626953,0 4.73075434236174,45.7776875359915,0 4.73074975291151,45.7776889574504,0 4.73074542360143,45.7776904649893,0 
							</coordinates>
						</LinearRing>
					</outerBoundaryIs>
				</Polygon>
			</MultiGeometry>
		</Placemark>
</Folder></Document></kml>