<?xml version="1.0" encoding="UTF-8"?>
<kml xmlns="http://www.opengis.net/kml/2.2" xmlns:gx="http://www.google.com/kml/ext/2.2" xmlns:kml="http://www.opengis.net/kml/2.2" xmlns:atom="http://www.w3.org/2005/Atom">
<Document id="root_doc">
	<name>parcelle_69_personne_morale.kml</name>
	<visibility>0</visibility>
	<atom:link rel="app" href="https://www.google.com/earth/about/versions/#earth-pro" title="Google Earth Pro 7.3.6.10201"></atom:link>
	<Schema name="CHESSY_personne_morale" id="CHESSY_personne_morale">
		<SimpleField type="string" name="Numero de Parcelle"></SimpleField>
		<SimpleField type="string" name="Departement"></SimpleField>
		<SimpleField type="string" name="Commune"></SimpleField>
		<SimpleField type="string" name="Adresse"></SimpleField>
		<SimpleField type="string" name="Groupe de personne"></SimpleField>
		<SimpleField type="string" name="Forme Juridique Abregee"></SimpleField>
		<SimpleField type="string" name="Denomination"></SimpleField>
	</Schema>
	<Style id="personne_morale">
		<LineStyle>
			<color>BF0000ff</color>
			<width>1.5</width>
		</LineStyle>
		<PolyStyle>
			<color>4C0000ff</color>
			<fill>1</fill>
			<outline>1</outline>
		</PolyStyle>
	</Style>	<Folder>
		<name>parcelle_69_personne_morale</name>
		<visibility>0</visibility>
		<Placemark id="personne_morale.513">
<styleUrl>#personne_morale</styleUrl>			<visibility>0</visibility>
			<ExtendedData>
				<SchemaData schemaUrl="#personne_morale">
					<SimpleData name="Numero de Parcelle">69056000AI0130</SimpleData>
					<SimpleData name="Departement">69</SimpleData>
					<SimpleData name="Commune">CHESSY</SimpleData>
					<SimpleData name="Adresse">LES PLACES</SimpleData>
					<SimpleData name="Groupe de personne">Personnes morales non remarquables</SimpleData>
					<SimpleData name="Forme Juridique Abregee">SAS</SimpleData>
					<SimpleData name="Denomination">CHARLES RIVER LABORATOIRE FRANCE CRLF</SimpleData>
				</SchemaData>
			</ExtendedData>
	<Region>
		<LatLonAltBox>
			<north> 45.8818584094281 </north>
			<south> 45.881080057927 </south>
			<east> 4.61067081030129 </east>
			<west> 4.60950468294748 </west>
		</LatLonAltBox>
		<Lod>
			<minLodPixels>100</minLodPixels>
			<maxLodPixels>-1</maxLodPixels>
		</Lod>
	</Region>
			<MultiGeometry>
				<Polygon><altitudeMode>relativeToGround</altitudeMode>
					<outerBoundaryIs>
						<LinearRing>
							<coordinates>								4.61051078508154,45.88161376051669,0 4.6102816707694,45.8813195299532,0 4.61067081030129,45.881154115393,0 4.6106531214213,45.8811445500202,0 4.61055793716585,45.8810999715202,0 4.61050796426223,45.881080057927,0 4.60950468294748,45.881526943488,0 4.60985778052797,45.8818584094281,0 4.61051078508154,45.88161376051669,0 
							</coordinates>
						</LinearRing>
					</outerBoundaryIs>
				</Polygon>
			</MultiGeometry>
		</Placemark>
		<Placemark id="personne_morale.528">
<styleUrl>#personne_morale</styleUrl>			<visibility>0</visibility>
			<ExtendedData>
				<SchemaData schemaUrl="#personne_morale">
					<SimpleData name="Numero de Parcelle">69056000AM0131</SimpleData>
					<SimpleData name="Departement">69</SimpleData>
					<SimpleData name="Commune">CHESSY</SimpleData>
					<SimpleData name="Adresse">LES MINES</SimpleData>
					<SimpleData name="Groupe de personne">Personnes morales non remarquables</SimpleData>
					<SimpleData name="Forme Juridique Abregee">SAS</SimpleData>
					<SimpleData name="Denomination">MATHELIN APPRETS TEINTURES</SimpleData>
				</SchemaData>
			</ExtendedData>
	<Region>
		<LatLonAltBox>
			<north> 45.8886482977249 </north>
			<south> 45.88833153268771 </south>
			<east> 4.60360587814041 </east>
			<west> 4.60248930117245 </west>
		</LatLonAltBox>
		<Lod>
			<minLodPixels>100</minLodPixels>
			<maxLodPixels>-1</maxLodPixels>
		</Lod>
	</Region>
			<MultiGeometry>
				<Polygon><altitudeMode>relativeToGround</altitudeMode>
					<outerBoundaryIs>
						<LinearRing>
							<coordinates>								4.60360587814041,45.8885181669364,0 4.60347141202888,45.8884979174338,0 4.6029907818769,45.88833153268771,0 4.60253679457891,45.888345084013,0 4.60248930117245,45.88836178926671,0 4.60255267739452,45.8885010364339,0 4.60274108359594,45.88848233362051,0 4.6029687724212,45.8885105392687,0 4.60313194373127,45.8885643379011,0 4.60316880068984,45.8885766049017,0 4.60323170995987,45.8885932760496,0 4.60329313764221,45.88861221986889,0 4.60338165043718,45.8886444698471,0 4.60339117703487,45.8886482977249,0 4.60342263094668,45.88863443153659,0 4.60355686725298,45.8885314715878,0 4.60360587814041,45.8885181669364,0 
							</coordinates>
						</LinearRing>
					</outerBoundaryIs>
				</Polygon>
			</MultiGeometry>
		</Placemark>
		<Placemark id="personne_morale.1655">
<styleUrl>#personne_morale</styleUrl>			<visibility>0</visibility>
			<ExtendedData>
				<SchemaData schemaUrl="#personne_morale">
					<SimpleData name="Numero de Parcelle">69056000AA0246</SimpleData>
					<SimpleData name="Departement">69</SimpleData>
					<SimpleData name="Commune">CHESSY</SimpleData>
					<SimpleData name="Adresse">BOIS BARRON</SimpleData>
					<SimpleData name="Groupe de personne">Personnes morales non remarquables</SimpleData>
					<SimpleData name="Forme Juridique Abregee">GFA</SimpleData>
					<SimpleData name="Denomination">GFA MARIUS ET MICHELLE RIVIERE</SimpleData>
				</SchemaData>
			</ExtendedData>
	<Region>
		<LatLonAltBox>
			<north> 45.9014486296042 </north>
			<south> 45.9004932271681 </south>
			<east> 4.61415498833308 </east>
			<west> 4.61295307683778 </west>
		</LatLonAltBox>
		<Lod>
			<minLodPixels>100</minLodPixels>
			<maxLodPixels>-1</maxLodPixels>
		</Lod>
	</Region>
			<MultiGeometry>
				<Polygon><altitudeMode>relativeToGround</altitudeMode>
					<outerBoundaryIs>
						<LinearRing>
							<coordinates>								4.61398080008803,45.9014430124438,0 4.61415498833308,45.9013779289125,0 4.61295307683778,45.9004932271681,0 4.61323730186456,45.9007674830453,0 4.61322942492863,45.9009038683855,0 4.61326134999844,45.9009852848049,0 4.61300201504249,45.90124423707351,0 4.61314159781709,45.901349967401,0 4.61360543785242,45.9011625831678,0 4.61396587077766,45.9014486296042,0 4.61398080008803,45.9014430124438,0 
							</coordinates>
						</LinearRing>
					</outerBoundaryIs>
				</Polygon>
			</MultiGeometry>
		</Placemark>
		<Placemark id="personne_morale.2019">
<styleUrl>#personne_morale</styleUrl>			<visibility>0</visibility>
			<ExtendedData>
				<SchemaData schemaUrl="#personne_morale">
					<SimpleData name="Numero de Parcelle">69056000AE0003</SimpleData>
					<SimpleData name="Departement">69</SimpleData>
					<SimpleData name="Commune">CHESSY</SimpleData>
					<SimpleData name="Adresse">445, RTE DU BREUIL</SimpleData>
					<SimpleData name="Groupe de personne">Personnes morales non remarquables</SimpleData>
					<SimpleData name="Forme Juridique Abregee">SCI</SimpleData>
					<SimpleData name="Denomination">SCI LES GLYCINES</SimpleData>
				</SchemaData>
			</ExtendedData>
	<Region>
		<LatLonAltBox>
			<north> 45.888249362425 </north>
			<south> 45.8880471504062 </south>
			<east> 4.61912892945101 </east>
			<west> 4.61886504598133 </west>
		</LatLonAltBox>
		<Lod>
			<minLodPixels>100</minLodPixels>
			<maxLodPixels>-1</maxLodPixels>
		</Lod>
	</Region>
			<MultiGeometry>
				<Polygon><altitudeMode>relativeToGround</altitudeMode>
					<outerBoundaryIs>
						<LinearRing>
							<coordinates>								4.61886504598133,45.888249362425,0 4.61912892945101,45.8881834365209,0 4.6191046779992,45.8880471504062,0 4.61886504598133,45.888249362425,0 
							</coordinates>
						</LinearRing>
					</outerBoundaryIs>
				</Polygon>
			</MultiGeometry>
		</Placemark>
		<Placemark id="personne_morale.2662">
<styleUrl>#personne_morale</styleUrl>			<visibility>0</visibility>
			<ExtendedData>
				<SchemaData schemaUrl="#personne_morale">
					<SimpleData name="Numero de Parcelle">69056000AL0042</SimpleData>
					<SimpleData name="Departement">69</SimpleData>
					<SimpleData name="Commune">CHESSY</SimpleData>
					<SimpleData name="Adresse">189, RTE DE LENTILLY</SimpleData>
					<SimpleData name="Groupe de personne">Personnes morales non remarquables</SimpleData>
					<SimpleData name="Forme Juridique Abregee">SCI</SimpleData>
					<SimpleData name="Denomination">SCI DE CHESSY</SimpleData>
				</SchemaData>
			</ExtendedData>
	<Region>
		<LatLonAltBox>
			<north> 45.8892086569803 </north>
			<south> 45.8883517007065 </south>
			<east> 4.60958253640439 </east>
			<west> 4.60652474206277 </west>
		</LatLonAltBox>
		<Lod>
			<minLodPixels>100</minLodPixels>
			<maxLodPixels>-1</maxLodPixels>
		</Lod>
	</Region>
			<MultiGeometry>
				<Polygon><altitudeMode>relativeToGround</altitudeMode>
					<outerBoundaryIs>
						<LinearRing>
							<coordinates>								4.60783698788428,45.8884843737142,0 4.60780741001148,45.8885581096317,0 4.60763164553159,45.8885281846125,0 4.60765895289474,45.8884561923206,0 4.60760945505987,45.8884483397086,0 4.6073063512465,45.88839932905271,0 4.60713633361417,45.8883718434744,0 4.60694395940533,45.8883517007065,0 4.6068019631746,45.8885820409895,0 4.60652474206277,45.88901407323409,0 4.6065392166723,45.8891876985752,0 4.60675663909742,45.8892086569803,0 4.60759136920919,45.88907988286181,0 4.60760949267174,45.8890335103911,0 4.60779293975909,45.8890083847863,0 4.60782827322197,45.8890435492033,0 4.60880602557935,45.88889237665419,0 4.60936935610618,45.888802577437,0 4.60956341525385,45.888783152293,0 4.60958253640439,45.8887489244517,0 4.60941388433923,45.888732951523,0 4.60911344567231,45.8886737300489,0 4.60857418011254,45.88859809109219,0 4.60812101756458,45.8885294210787,0 4.60783698788428,45.8884843737142,0 
							</coordinates>
						</LinearRing>
					</outerBoundaryIs>
				</Polygon>
			</MultiGeometry>
		</Placemark>
		<Placemark id="personne_morale.2775">
<styleUrl>#personne_morale</styleUrl>			<visibility>0</visibility>
			<ExtendedData>
				<SchemaData schemaUrl="#personne_morale">
					<SimpleData name="Numero de Parcelle">69056000AE0045</SimpleData>
					<SimpleData name="Departement">69</SimpleData>
					<SimpleData name="Commune">CHESSY</SimpleData>
					<SimpleData name="Adresse">31, RUE DES SOURCES</SimpleData>
					<SimpleData name="Groupe de personne">Personnes morales non remarquables</SimpleData>
					<SimpleData name="Forme Juridique Abregee">SAS</SimpleData>
					<SimpleData name="Denomination">OR IMMO</SimpleData>
				</SchemaData>
			</ExtendedData>
	<Region>
		<LatLonAltBox>
			<north> 45.8883899450381 </north>
			<south> 45.8882964307341 </south>
			<east> 4.62348437812074 </east>
			<west> 4.62337689403127 </west>
		</LatLonAltBox>
		<Lod>
			<minLodPixels>100</minLodPixels>
			<maxLodPixels>-1</maxLodPixels>
		</Lod>
	</Region>
			<MultiGeometry>
				<Polygon><altitudeMode>relativeToGround</altitudeMode>
					<outerBoundaryIs>
						<LinearRing>
							<coordinates>								4.62348437812074,45.8883694749543,0 4.623434119119,45.8882964307341,0 4.62343003603846,45.8882979304572,0 4.62337689403127,45.8883109428177,0 4.62337918378323,45.8883142424657,0 4.62343248746179,45.8883899450381,0 4.62348437812074,45.8883694749543,0 
							</coordinates>
						</LinearRing>
					</outerBoundaryIs>
				</Polygon>
			</MultiGeometry>
		</Placemark>
		<Placemark id="personne_morale.3223">
<styleUrl>#personne_morale</styleUrl>			<visibility>0</visibility>
			<ExtendedData>
				<SchemaData schemaUrl="#personne_morale">
					<SimpleData name="Numero de Parcelle">69056000AC0059</SimpleData>
					<SimpleData name="Departement">69</SimpleData>
					<SimpleData name="Commune">CHESSY</SimpleData>
					<SimpleData name="Adresse">LES BRUYERES</SimpleData>
					<SimpleData name="Groupe de personne">Personnes morales non remarquables</SimpleData>
					<SimpleData name="Forme Juridique Abregee">SA</SimpleData>
					<SimpleData name="Denomination">FORNAS PROMOTION</SimpleData>
				</SchemaData>
			</ExtendedData>
	<Region>
		<LatLonAltBox>
			<north> 45.8925305571897 </north>
			<south> 45.8919393814487 </south>
			<east> 4.62628711204817 </east>
			<west> 4.62580553952983 </west>
		</LatLonAltBox>
		<Lod>
			<minLodPixels>100</minLodPixels>
			<maxLodPixels>-1</maxLodPixels>
		</Lod>
	</Region>
			<MultiGeometry>
				<Polygon><altitudeMode>relativeToGround</altitudeMode>
					<outerBoundaryIs>
						<LinearRing>
							<coordinates>								4.62603518208659,45.8922453858086,0 4.62625332472095,45.8925305571897,0 4.62625508992618,45.892529180775,0 4.62625672885555,45.89252789624479,0 4.62626089595593,45.8925248640525,0 4.62626468688439,45.892522197544,0 4.62627000374442,45.89251878854049,0 4.62627557315522,45.89251519576741,0 4.62627950098119,45.8925127974944,0 4.62628356039412,45.89251048739699,0 4.62628711204817,45.8925084548078,0 4.62608621865925,45.89224834462101,0 4.62585022138138,45.8919393814487,0 4.62580553952983,45.8919463287424,0 4.62603518208659,45.8922453858086,0 
							</coordinates>
						</LinearRing>
					</outerBoundaryIs>
				</Polygon>
			</MultiGeometry>
		</Placemark>
		<Placemark id="personne_morale.3486">
<styleUrl>#personne_morale</styleUrl>			<visibility>0</visibility>
			<ExtendedData>
				<SchemaData schemaUrl="#personne_morale">
					<SimpleData name="Numero de Parcelle">69056000AI0007</SimpleData>
					<SimpleData name="Departement">69</SimpleData>
					<SimpleData name="Commune">CHESSY</SimpleData>
					<SimpleData name="Adresse">557, IMP DES SAILLANTS</SimpleData>
					<SimpleData name="Groupe de personne">Personnes morales non remarquables</SimpleData>
					<SimpleData name="Forme Juridique Abregee">SCI</SimpleData>
					<SimpleData name="Denomination">SCI H  IMAU</SimpleData>
				</SchemaData>
			</ExtendedData>
	<Region>
		<LatLonAltBox>
			<north> 45.8881604145646 </north>
			<south> 45.88715987088969 </south>
			<east> 4.61472690361886 </east>
			<west> 4.61333368386735 </west>
		</LatLonAltBox>
		<Lod>
			<minLodPixels>100</minLodPixels>
			<maxLodPixels>-1</maxLodPixels>
		</Lod>
	</Region>
			<MultiGeometry>
				<Polygon><altitudeMode>relativeToGround</altitudeMode>
					<outerBoundaryIs>
						<LinearRing>
							<coordinates>								4.61407472745568,45.8881604145646,0 4.61419075080065,45.8881409246027,0 4.61425183259882,45.8881259117929,0 4.61438074169536,45.8880884041701,0 4.61453675523516,45.8880427634744,0 4.61472690361886,45.8873262583515,0 4.61422801190201,45.8872638501992,0 4.61404445271803,45.8872408015569,0 4.6133979910598,45.88715987088969,0 4.61333368386735,45.8872982324272,0 4.61334111759579,45.887327488527,0 4.61346270653216,45.8873043171459,0 4.6134875878655,45.8872995487158,0 4.61355545769359,45.88761787130711,0 4.61395046301393,45.8875767462048,0 4.61407472745568,45.8881604145646,0 
							</coordinates>
						</LinearRing>
					</outerBoundaryIs>
					<innerBoundaryIs>
						<LinearRing>
							<coordinates>								4.61362922339162,45.887238622745,0 4.61359821379859,45.8872895935144,0 4.61350284883487,45.88726132219959,0 4.61353385850015,45.8872103514563,0 4.61362922339162,45.887238622745,0 
							</coordinates>
						</LinearRing>
					</innerBoundaryIs>
				</Polygon>
			</MultiGeometry>
		</Placemark>
		<Placemark id="personne_morale.3904">
<styleUrl>#personne_morale</styleUrl>			<visibility>0</visibility>
			<ExtendedData>
				<SchemaData schemaUrl="#personne_morale">
					<SimpleData name="Numero de Parcelle">69056000AB0089</SimpleData>
					<SimpleData name="Departement">69</SimpleData>
					<SimpleData name="Commune">CHESSY</SimpleData>
					<SimpleData name="Adresse">LES BRUYERES</SimpleData>
					<SimpleData name="Groupe de personne">Personnes morales non remarquables</SimpleData>
					<SimpleData name="Forme Juridique Abregee">GFA</SimpleData>
					<SimpleData name="Denomination">DU PRE DU TOUR</SimpleData>
				</SchemaData>
			</ExtendedData>
	<Region>
		<LatLonAltBox>
			<north> 45.89610634590879 </north>
			<south> 45.8956086045443 </south>
			<east> 4.6290876922075 </east>
			<west> 4.62823501118564 </west>
		</LatLonAltBox>
		<Lod>
			<minLodPixels>100</minLodPixels>
			<maxLodPixels>-1</maxLodPixels>
		</Lod>
	</Region>
			<MultiGeometry>
				<Polygon><altitudeMode>relativeToGround</altitudeMode>
					<outerBoundaryIs>
						<LinearRing>
							<coordinates>								4.62847438060483,45.8958462518003,0 4.62897624265347,45.89610634590879,0 4.6290876922075,45.8960015218522,0 4.62832753142016,45.8956086045443,0 4.62823501118564,45.8956948713762,0 4.62847438060483,45.8958462518003,0 
							</coordinates>
						</LinearRing>
					</outerBoundaryIs>
				</Polygon>
			</MultiGeometry>
		</Placemark>
		<Placemark id="personne_morale.4504">
<styleUrl>#personne_morale</styleUrl>			<visibility>0</visibility>
			<ExtendedData>
				<SchemaData schemaUrl="#personne_morale">
					<SimpleData name="Numero de Parcelle">69056000AI0129</SimpleData>
					<SimpleData name="Departement">69</SimpleData>
					<SimpleData name="Commune">CHESSY</SimpleData>
					<SimpleData name="Adresse">LES PLACES</SimpleData>
					<SimpleData name="Groupe de personne">Personnes morales non remarquables</SimpleData>
					<SimpleData name="Forme Juridique Abregee">SAS</SimpleData>
					<SimpleData name="Denomination">CHARLES RIVER LABORATOIRE FRANCE CRLF</SimpleData>
				</SchemaData>
			</ExtendedData>
	<Region>
		<LatLonAltBox>
			<north> 45.8819251012785 </north>
			<south> 45.881526943488 </south>
			<east> 4.60985778052797 </east>
			<west> 4.6093334269647 </west>
		</LatLonAltBox>
		<Lod>
			<minLodPixels>100</minLodPixels>
			<maxLodPixels>-1</maxLodPixels>
		</Lod>
	</Region>
			<MultiGeometry>
				<Polygon><altitudeMode>relativeToGround</altitudeMode>
					<outerBoundaryIs>
						<LinearRing>
							<coordinates>								4.60985778052797,45.8818584094281,0 4.60950468294748,45.881526943488,0 4.6093334269647,45.8816021565863,0 4.6096777638083,45.8819251012785,0 4.60985778052797,45.8818584094281,0 
							</coordinates>
						</LinearRing>
					</outerBoundaryIs>
				</Polygon>
			</MultiGeometry>
		</Placemark>
		<Placemark id="personne_morale.4892">
<styleUrl>#personne_morale</styleUrl>			<visibility>0</visibility>
			<ExtendedData>
				<SchemaData schemaUrl="#personne_morale">
					<SimpleData name="Numero de Parcelle">69056000AK0168</SimpleData>
					<SimpleData name="Departement">69</SimpleData>
					<SimpleData name="Commune">CHESSY</SimpleData>
					<SimpleData name="Adresse">410, RTE DU BREUIL</SimpleData>
					<SimpleData name="Groupe de personne">Personnes morales non remarquables</SimpleData>
					<SimpleData name="Forme Juridique Abregee">SCI</SimpleData>
					<SimpleData name="Denomination">GS IMMO</SimpleData>
				</SchemaData>
			</ExtendedData>
	<Region>
		<LatLonAltBox>
			<north> 45.88744748508481 </north>
			<south> 45.88738982247689 </south>
			<east> 4.61795117063333 </east>
			<west> 4.61779205181478 </west>
		</LatLonAltBox>
		<Lod>
			<minLodPixels>100</minLodPixels>
			<maxLodPixels>-1</maxLodPixels>
		</Lod>
	</Region>
			<MultiGeometry>
				<Polygon><altitudeMode>relativeToGround</altitudeMode>
					<outerBoundaryIs>
						<LinearRing>
							<coordinates>								4.61794150478847,45.88738982247689,0 4.61779205181478,45.8874303302406,0 4.61780171233633,45.88744748508481,0 4.61795117063333,45.887407157369,0 4.61794150478847,45.88738982247689,0 
							</coordinates>
						</LinearRing>
					</outerBoundaryIs>
				</Polygon>
			</MultiGeometry>
		</Placemark>
		<Placemark id="personne_morale.7160">
<styleUrl>#personne_morale</styleUrl>			<visibility>0</visibility>
			<ExtendedData>
				<SchemaData schemaUrl="#personne_morale">
					<SimpleData name="Numero de Parcelle">69056000AB0160</SimpleData>
					<SimpleData name="Departement">69</SimpleData>
					<SimpleData name="Commune">CHESSY</SimpleData>
					<SimpleData name="Adresse">237, RUE DES AJONCS</SimpleData>
					<SimpleData name="Groupe de personne">Personnes morales non remarquables</SimpleData>
					<SimpleData name="Forme Juridique Abregee">SCI</SimpleData>
					<SimpleData name="Denomination">LES AJONCS</SimpleData>
				</SchemaData>
			</ExtendedData>
	<Region>
		<LatLonAltBox>
			<north> 45.897672971646 </north>
			<south> 45.89743050594309 </south>
			<east> 4.62741597183406 </east>
			<west> 4.6269957831714 </west>
		</LatLonAltBox>
		<Lod>
			<minLodPixels>100</minLodPixels>
			<maxLodPixels>-1</maxLodPixels>
		</Lod>
	</Region>
			<MultiGeometry>
				<Polygon><altitudeMode>relativeToGround</altitudeMode>
					<outerBoundaryIs>
						<LinearRing>
							<coordinates>								4.62712514947552,45.897657135459,0 4.62715128757678,45.897672971646,0 4.62741597183406,45.89745380905549,0 4.62737671354725,45.89743050594309,0 4.62724865606839,45.8975366480496,0 4.62713142368924,45.89746763137691,0 4.6269957831714,45.89757910627231,0 4.62712514947552,45.897657135459,0 
							</coordinates>
						</LinearRing>
					</outerBoundaryIs>
				</Polygon>
			</MultiGeometry>
		</Placemark>
		<Placemark id="personne_morale.7387">
<styleUrl>#personne_morale</styleUrl>			<visibility>0</visibility>
			<ExtendedData>
				<SchemaData schemaUrl="#personne_morale">
					<SimpleData name="Numero de Parcelle">69056000AD0001</SimpleData>
					<SimpleData name="Departement">69</SimpleData>
					<SimpleData name="Commune">CHESSY</SimpleData>
					<SimpleData name="Adresse">LES CARRIERES</SimpleData>
					<SimpleData name="Groupe de personne">Personnes morales non remarquables</SimpleData>
					<SimpleData name="Forme Juridique Abregee">GFA</SimpleData>
					<SimpleData name="Denomination">DU PRE DU TOUR</SimpleData>
				</SchemaData>
			</ExtendedData>
	<Region>
		<LatLonAltBox>
			<north> 45.8914576525664 </north>
			<south> 45.8902887813995 </south>
			<east> 4.62700965103393 </east>
			<west> 4.62576858797247 </west>
		</LatLonAltBox>
		<Lod>
			<minLodPixels>100</minLodPixels>
			<maxLodPixels>-1</maxLodPixels>
		</Lod>
	</Region>
			<MultiGeometry>
				<Polygon><altitudeMode>relativeToGround</altitudeMode>
					<outerBoundaryIs>
						<LinearRing>
							<coordinates>								4.62606995463389,45.8902887813995,0 4.62606532627892,45.89029803493659,0 4.62602774471964,45.8903445102905,0 4.62595759893003,45.8904370285299,0 4.62590675421187,45.890506121597,0 4.62589389393871,45.8905292739633,0 4.62587851501181,45.89055012077051,0 4.62586487435891,45.8905774274989,0 4.62584445832936,45.890624286418,0 4.62581662755779,45.8906908868542,0 4.6257897204502,45.8907581945475,0 4.62578001473143,45.8908008463673,0 4.62577519148604,45.8908297375913,0 4.62577111940055,45.8908534841186,0 4.62576858797247,45.8908726150067,0 4.62577237931106,45.89089183511369,0 4.62577565228631,45.89091097260611,0 4.62577970679545,45.8909303690654,0 4.62578698217779,45.89094089251271,0 4.62579779553291,45.8909576698686,0 4.62580409525293,45.89097009877969,0 4.62581174946409,45.89098034657311,0 4.62582442506957,45.8909946653027,0 4.62585264192231,45.8910242523015,0 4.62590168877954,45.89106912157181,0 4.62598118873784,45.89113192681491,0 4.62614234115077,45.8912561551577,0 4.62620393702086,45.8913022849087,0 4.62625493838794,45.8913434331193,0 4.62628340579063,45.8913640095778,0 4.62629567091833,45.89137752354681,0 4.62639180579989,45.8914576525664,0 4.62700965103393,45.89109533503699,0 4.62606995463389,45.8902887813995,0 
							</coordinates>
						</LinearRing>
					</outerBoundaryIs>
				</Polygon>
			</MultiGeometry>
		</Placemark>
		<Placemark id="personne_morale.7403">
<styleUrl>#personne_morale</styleUrl>			<visibility>0</visibility>
			<ExtendedData>
				<SchemaData schemaUrl="#personne_morale">
					<SimpleData name="Numero de Parcelle">69056000AE0001</SimpleData>
					<SimpleData name="Departement">69</SimpleData>
					<SimpleData name="Commune">CHESSY</SimpleData>
					<SimpleData name="Adresse">445, RTE DU BREUIL</SimpleData>
					<SimpleData name="Groupe de personne">Personnes morales non remarquables</SimpleData>
					<SimpleData name="Forme Juridique Abregee">SCI</SimpleData>
					<SimpleData name="Denomination">SCI LES GLYCINES</SimpleData>
				</SchemaData>
			</ExtendedData>
	<Region>
		<LatLonAltBox>
			<north> 45.8881355117875 </north>
			<south> 45.8879846240871 </south>
			<east> 4.6191046779992 </east>
			<west> 4.6186225442566 </west>
		</LatLonAltBox>
		<Lod>
			<minLodPixels>100</minLodPixels>
			<maxLodPixels>-1</maxLodPixels>
		</Lod>
	</Region>
			<MultiGeometry>
				<Polygon><altitudeMode>relativeToGround</altitudeMode>
					<outerBoundaryIs>
						<LinearRing>
							<coordinates>								4.61909342662492,45.8879846240871,0 4.61899806462361,45.8879873407591,0 4.61894340998009,45.88798839361941,0 4.61894057371438,45.88798843423401,0 4.61891018797159,45.887990220369,0 4.61886120849883,45.88799128199189,0 4.61881686754333,45.8879921871082,0 4.61878299034906,45.88799366292909,0 4.61873130881232,45.8879949433211,0 4.61863079257039,45.8879978235488,0 4.6186225442566,45.8879980317079,0 4.61871634185341,45.8881001771005,0 4.61874018474135,45.88812154215049,0 4.61874577005832,45.8881184899304,0 4.61876471334648,45.8881355117875,0 4.61880041546882,45.8881259037079,0 4.6189122892103,45.8880969210658,0 4.61894569713286,45.888088246473,0 4.6191046779992,45.8880471504062,0 4.61909342662492,45.8879846240871,0 
							</coordinates>
						</LinearRing>
					</outerBoundaryIs>
				</Polygon>
			</MultiGeometry>
		</Placemark>
		<Placemark id="personne_morale.7442">
<styleUrl>#personne_morale</styleUrl>			<visibility>0</visibility>
			<ExtendedData>
				<SchemaData schemaUrl="#personne_morale">
					<SimpleData name="Numero de Parcelle">69056000AL0001</SimpleData>
					<SimpleData name="Departement">69</SimpleData>
					<SimpleData name="Commune">CHESSY</SimpleData>
					<SimpleData name="Adresse">LA RONZE</SimpleData>
					<SimpleData name="Groupe de personne">Personnes morales non remarquables</SimpleData>
					<SimpleData name="Forme Juridique Abregee">GFA</SimpleData>
					<SimpleData name="Denomination">GFA DU DOMAINE DUPEUBLE</SimpleData>
				</SchemaData>
			</ExtendedData>
	<Region>
		<LatLonAltBox>
			<north> 45.89468021260441 </north>
			<south> 45.8939726712975 </south>
			<east> 4.60523947870415 </east>
			<west> 4.60485541589025 </west>
		</LatLonAltBox>
		<Lod>
			<minLodPixels>100</minLodPixels>
			<maxLodPixels>-1</maxLodPixels>
		</Lod>
	</Region>
			<MultiGeometry>
				<Polygon><altitudeMode>relativeToGround</altitudeMode>
					<outerBoundaryIs>
						<LinearRing>
							<coordinates>								4.6052310154488,45.8939726712975,0 4.60486764620646,45.8940433087669,0 4.60485541589025,45.8941327396025,0 4.60487212266401,45.8941749244321,0 4.60506642205188,45.89465925342049,0 4.60507464272686,45.89468021260441,0 4.60517684279954,45.89467714057049,0 4.60517427581253,45.8946421406139,0 4.60520777850854,45.89464094445351,0 4.60523947870415,45.8946398639409,0 4.6052310154488,45.8939726712975,0 
							</coordinates>
						</LinearRing>
					</outerBoundaryIs>
				</Polygon>
			</MultiGeometry>
		</Placemark>
		<Placemark id="personne_morale.7961">
<styleUrl>#personne_morale</styleUrl>			<visibility>0</visibility>
			<ExtendedData>
				<SchemaData schemaUrl="#personne_morale">
					<SimpleData name="Numero de Parcelle">69056000AL0100</SimpleData>
					<SimpleData name="Departement">69</SimpleData>
					<SimpleData name="Commune">CHESSY</SimpleData>
					<SimpleData name="Adresse">LES MINES</SimpleData>
					<SimpleData name="Groupe de personne">Personnes morales non remarquables</SimpleData>
					<SimpleData name="Forme Juridique Abregee">SCI</SimpleData>
					<SimpleData name="Denomination">SCI DBMAG</SimpleData>
				</SchemaData>
			</ExtendedData>
	<Region>
		<LatLonAltBox>
			<north> 45.89064804936881 </north>
			<south> 45.890245367664 </south>
			<east> 4.6120568601681 </east>
			<west> 4.61003180359296 </west>
		</LatLonAltBox>
		<Lod>
			<minLodPixels>100</minLodPixels>
			<maxLodPixels>-1</maxLodPixels>
		</Lod>
	</Region>
			<MultiGeometry>
				<Polygon><altitudeMode>relativeToGround</altitudeMode>
					<outerBoundaryIs>
						<LinearRing>
							<coordinates>								4.61204533155082,45.89032308060341,0 4.6120568601681,45.890245367664,0 4.6117521819599,45.8904562373823,0 4.61156530633771,45.8905274429885,0 4.61122153595698,45.8905968312018,0 4.61054258336394,45.8905351709293,0 4.61040446812708,45.8905227273918,0 4.61031361384267,45.89052095913409,0 4.61004688625878,45.89054763502439,0 4.61003180359296,45.89058324651879,0 4.61039371643056,45.89056971588249,0 4.61053044513992,45.8905832600012,0 4.61121735761754,45.89064804936881,0 4.61159154991544,45.8905736340726,0 4.61179647012945,45.89049316438321,0 4.61204533155082,45.89032308060341,0 
							</coordinates>
						</LinearRing>
					</outerBoundaryIs>
				</Polygon>
			</MultiGeometry>
		</Placemark>
		<Placemark id="personne_morale.8309">
<styleUrl>#personne_morale</styleUrl>			<visibility>0</visibility>
			<ExtendedData>
				<SchemaData schemaUrl="#personne_morale">
					<SimpleData name="Numero de Parcelle">69056000AL0101</SimpleData>
					<SimpleData name="Departement">69</SimpleData>
					<SimpleData name="Commune">CHESSY</SimpleData>
					<SimpleData name="Adresse">LES MINES</SimpleData>
					<SimpleData name="Groupe de personne">Personnes morales non remarquables</SimpleData>
					<SimpleData name="Forme Juridique Abregee">SCI</SimpleData>
					<SimpleData name="Denomination">SCI DBMAG</SimpleData>
				</SchemaData>
			</ExtendedData>
	<Region>
		<LatLonAltBox>
			<north> 45.8905409139624 </north>
			<south> 45.89016776092491 </south>
			<east> 4.61031361384267 </east>
			<west> 4.60957640793933 </west>
		</LatLonAltBox>
		<Lod>
			<minLodPixels>100</minLodPixels>
			<maxLodPixels>-1</maxLodPixels>
		</Lod>
	</Region>
			<MultiGeometry>
				<Polygon><altitudeMode>relativeToGround</altitudeMode>
					<outerBoundaryIs>
						<LinearRing>
							<coordinates>								4.61031361384267,45.89052095913409,0 4.61000032316693,45.89016776092491,0 4.60974476248214,45.8902411124468,0 4.60957640793933,45.89023990660371,0 4.60974087592291,45.8905409139624,0 4.60986707015252,45.8905161498449,0 4.61031361384267,45.89052095913409,0 
							</coordinates>
						</LinearRing>
					</outerBoundaryIs>
				</Polygon>
			</MultiGeometry>
		</Placemark>
		<Placemark id="personne_morale.9764">
<styleUrl>#personne_morale</styleUrl>			<visibility>0</visibility>
			<ExtendedData>
				<SchemaData schemaUrl="#personne_morale">
					<SimpleData name="Numero de Parcelle">69056000AK0105</SimpleData>
					<SimpleData name="Departement">69</SimpleData>
					<SimpleData name="Commune">CHESSY</SimpleData>
					<SimpleData name="Adresse">LES ECUBLISES</SimpleData>
					<SimpleData name="Groupe de personne">Personnes morales non remarquables</SimpleData>
					<SimpleData name="Forme Juridique Abregee">GFA</SimpleData>
					<SimpleData name="Denomination">DU PRE DU TOUR</SimpleData>
				</SchemaData>
			</ExtendedData>
	<Region>
		<LatLonAltBox>
			<north> 45.8909561992226 </north>
			<south> 45.8899663267331 </south>
			<east> 4.61772519113062 </east>
			<west> 4.61641648160054 </west>
		</LatLonAltBox>
		<Lod>
			<minLodPixels>100</minLodPixels>
			<maxLodPixels>-1</maxLodPixels>
		</Lod>
	</Region>
			<MultiGeometry>
				<Polygon><altitudeMode>relativeToGround</altitudeMode>
					<outerBoundaryIs>
						<LinearRing>
							<coordinates>								4.61703390154952,45.8899663267331,0 4.61674148400646,45.89015037466591,0 4.6164920047391,45.8903032748214,0 4.61641648160054,45.8903492985785,0 4.61645601571233,45.8903867421061,0 4.61649076596321,45.89041939033929,0 4.61652793197335,45.8904552464748,0 4.61657309057465,45.8905085516035,0 4.61661362065251,45.8905579598991,0 4.61665987991235,45.8906180043672,0 4.61673075209668,45.8907124631644,0 4.6167848326506,45.8907841046009,0 4.61679624035074,45.8907992530524,0 4.61682092676698,45.89083177489939,0 4.61682696350705,45.8908397046357,0 4.61683248453716,45.8908476417465,0 4.61686230480211,45.89088369289419,0 4.61690173843161,45.89093527840951,0 4.61692518185559,45.8909561992226,0 4.61763041527514,45.8905283753033,0 4.61772519113062,45.8904703663919,0 4.61703390154952,45.8899663267331,0 
							</coordinates>
						</LinearRing>
					</outerBoundaryIs>
				</Polygon>
			</MultiGeometry>
		</Placemark>
		<Placemark id="personne_morale.10093">
<styleUrl>#personne_morale</styleUrl>			<visibility>0</visibility>
			<ExtendedData>
				<SchemaData schemaUrl="#personne_morale">
					<SimpleData name="Numero de Parcelle">69056000AK0106</SimpleData>
					<SimpleData name="Departement">69</SimpleData>
					<SimpleData name="Commune">CHESSY</SimpleData>
					<SimpleData name="Adresse">LES ECUBLISES</SimpleData>
					<SimpleData name="Groupe de personne">Personnes morales non remarquables</SimpleData>
					<SimpleData name="Forme Juridique Abregee">GFA</SimpleData>
					<SimpleData name="Denomination">DU PRE DU TOUR</SimpleData>
				</SchemaData>
			</ExtendedData>
	<Region>
		<LatLonAltBox>
			<north> 45.8913188687243 </north>
			<south> 45.8905283753033 </south>
			<east> 4.61806858186977 </east>
			<west> 4.61692518185559 </west>
		</LatLonAltBox>
		<Lod>
			<minLodPixels>100</minLodPixels>
			<maxLodPixels>-1</maxLodPixels>
		</Lod>
	</Region>
			<MultiGeometry>
				<Polygon><altitudeMode>relativeToGround</altitudeMode>
					<outerBoundaryIs>
						<LinearRing>
							<coordinates>								4.61763041527514,45.8905283753033,0 4.61692518185559,45.8909561992226,0 4.61693127626007,45.8909616962895,0 4.61696000886126,45.8909870448606,0 4.61701135331547,45.89103134461501,0 4.61702723137247,45.89104498802,0 4.61704686202804,45.8910634414318,0 4.6170645741489,45.89107804935019,0 4.61707356046168,45.8910853964795,0 4.6171437656418,45.89113068737469,0 4.61718317837827,45.8911551625878,0 4.61723806883183,45.8911884232114,0 4.61724318156274,45.8911912322599,0 4.61734017349116,45.89124388573919,0 4.61743376277287,45.8912904631811,0 4.61750063548656,45.8913188687243,0 4.61798540735258,45.8908284466044,0 4.61806858186977,45.8907443035263,0 4.61801636292748,45.8907185707987,0 4.61763041527514,45.8905283753033,0 
							</coordinates>
						</LinearRing>
					</outerBoundaryIs>
				</Polygon>
			</MultiGeometry>
		</Placemark>
		<Placemark id="personne_morale.11673">
<styleUrl>#personne_morale</styleUrl>			<visibility>0</visibility>
			<ExtendedData>
				<SchemaData schemaUrl="#personne_morale">
					<SimpleData name="Numero de Parcelle">69056000AK0110</SimpleData>
					<SimpleData name="Departement">69</SimpleData>
					<SimpleData name="Commune">CHESSY</SimpleData>
					<SimpleData name="Adresse">LES ECUBLISES</SimpleData>
					<SimpleData name="Groupe de personne">Personnes morales non remarquables</SimpleData>
					<SimpleData name="Forme Juridique Abregee">GFA</SimpleData>
					<SimpleData name="Denomination">DU PRE DU TOUR</SimpleData>
				</SchemaData>
			</ExtendedData>
	<Region>
		<LatLonAltBox>
			<north> 45.8907443035263 </north>
			<south> 45.88800648098079 </south>
			<east> 4.62007081048747 </east>
			<west> 4.61639605157029 </west>
		</LatLonAltBox>
		<Lod>
			<minLodPixels>100</minLodPixels>
			<maxLodPixels>-1</maxLodPixels>
		</Lod>
	</Region>
			<MultiGeometry>
				<Polygon><altitudeMode>relativeToGround</altitudeMode>
					<outerBoundaryIs>
						<LinearRing>
							<coordinates>								4.61809676881747,45.8907158889331,0 4.61773299020259,45.8904504398069,0 4.61802059104386,45.890159457248,0 4.61838612832848,45.8903354425793,0 4.61862510359996,45.8900797406339,0 4.61913493518192,45.8902940082459,0 4.61915902467344,45.8902842061015,0 4.61916311594944,45.8902829766235,0 4.61924303670723,45.8902418417661,0 4.61928684003359,45.8902225702987,0 4.61934930990828,45.8901933040942,0 4.61937250940604,45.89017955165021,0 4.61940715358635,45.89016023118471,0 4.619427807574,45.8901564226898,0 4.61944320139711,45.8901316135798,0 4.61949243798989,45.89007776808959,0 4.61949850677241,45.89006921474979,0 4.61953320967331,45.89002116165021,0 4.6195447369629,45.8900052345939,0 4.61956737961171,45.8899637490818,0 4.61957164605434,45.88995531162399,0 4.61959464765684,45.88990409359919,0 4.61961827663665,45.88984349948991,0 4.61962163529435,45.8898348948979,0 4.61963905598293,45.8897824958563,0 4.61964189628756,45.889773808621,0 4.61965180560861,45.8897423229335,0 4.61965672256456,45.8897209063333,0 4.61965980748931,45.88971176525221,0 4.61968473220455,45.889660159384,0 4.61970025801935,45.8896398517543,0 4.6198888607799,45.88954446948851,0 4.61997436601268,45.88950469516959,0 4.61998505019004,45.88949958832969,0 4.62007081048747,45.8894597202129,0 4.61975693790456,45.88914573623741,0 4.61962105785594,45.8890117699646,0 4.6195407417659,45.8889471707268,0 4.61952235067495,45.8889138387398,0 4.61950656054827,45.8888900167206,0 4.61941117793785,45.8888350003068,0 4.61937630999951,45.88877641500969,0 4.61934490977659,45.8887348929895,0 4.61929736116292,45.88870125804711,0 4.61926468559684,45.88868218125,0 4.61925933638493,45.8886625329317,0 4.61922999378895,45.8886208012753,0 4.61920273377858,45.8885884969443,0 4.61915724612611,45.8885591557018,0 4.61914660573846,45.8885569663152,0 4.61914033020852,45.8885540839396,0 4.61913780866387,45.88854727486991,0 4.6191385234009,45.8885408697932,0 4.61911154588104,45.8884962220555,0 4.61909715102941,45.88847598272871,0 4.61907158287894,45.8884617578429,0 4.6190358550771,45.88843975244339,0 4.61901443113512,45.8884085353808,0 4.61891017250704,45.8883147362197,0 4.61887917471165,45.888286898679,0 4.61884357541437,45.888260478041,0 4.61882402913903,45.8882404925805,0 4.61876718737078,45.8881802402446,0 4.61871302434355,45.88814093541199,0 4.61868614575653,45.8881040320268,0 4.61868042239818,45.8880979893352,0 4.61851671331415,45.88810105365461,0 4.61851367560057,45.8880898386218,0 4.61850775494699,45.88806389368209,0 4.61849162431924,45.88800648098079,0 4.61848005840874,45.8880079075095,0 4.61845155946438,45.888012458623,0 4.61842232398633,45.8880182812272,0 4.61839951078117,45.8880232012759,0 4.61835903856768,45.88803287751091,0 4.61828238285513,45.8880533394348,0 4.61819424306753,45.8880780187467,0 4.61838855330317,45.8882738376879,0 4.61822872082499,45.88835187286509,0 4.61797797139626,45.88847426154711,0 4.61804110657025,45.8885380269292,0 4.61821501676417,45.88871549403219,0 4.61841960262302,45.888922964808,0 4.61818587882859,45.88901908050229,0 4.61780166728144,45.8891733715783,0 4.61776878266402,45.8891867218769,0 4.6173214135201,45.88888085619801,0 4.61728833762061,45.8889008741361,0 4.61726197843791,45.88891683298601,0 4.61712398915173,45.8890009489292,0 4.61711105811951,45.8890086095415,0 4.61706173597432,45.8890375963937,0 4.61703904415395,45.8890510708964,0 4.61702636302407,45.88905845771999,0 4.61694242283591,45.8891076645596,0 4.61690729708205,45.8891281620396,0 4.61654451716738,45.8893405064187,0 4.61639605157029,45.88942810375531,0 4.61652403410111,45.8895348960854,0 4.61659291984947,45.8895924554165,0 4.61674330665028,45.88971991303211,0 4.61703390154952,45.8899663267331,0 4.61772519113062,45.8904703663919,0 4.61763041527514,45.8905283753033,0 4.61801636292748,45.8907185707987,0 4.61806858186977,45.8907443035263,0 4.61809676881747,45.8907158889331,0 
							</coordinates>
						</LinearRing>
					</outerBoundaryIs>
				</Polygon>
			</MultiGeometry>
		</Placemark>
		<Placemark id="personne_morale.11928">
<styleUrl>#personne_morale</styleUrl>			<visibility>0</visibility>
			<ExtendedData>
				<SchemaData schemaUrl="#personne_morale">
					<SimpleData name="Numero de Parcelle">69056000AA0111</SimpleData>
					<SimpleData name="Departement">69</SimpleData>
					<SimpleData name="Commune">CHESSY</SimpleData>
					<SimpleData name="Adresse">132, MTE DES PUITS</SimpleData>
					<SimpleData name="Groupe de personne">Personnes morales non remarquables</SimpleData>
					<SimpleData name="Forme Juridique Abregee">SARL</SimpleData>
					<SimpleData name="Denomination">VINCENT MARCHANDS DE BIENS</SimpleData>
				</SchemaData>
			</ExtendedData>
	<Region>
		<LatLonAltBox>
			<north> 45.8900145523339 </north>
			<south> 45.8896810003884 </south>
			<east> 4.61986715216632 </east>
			<west> 4.61966873387264 </west>
		</LatLonAltBox>
		<Lod>
			<minLodPixels>100</minLodPixels>
			<maxLodPixels>-1</maxLodPixels>
		</Lod>
	</Region>
			<MultiGeometry>
				<Polygon><altitudeMode>relativeToGround</altitudeMode>
					<outerBoundaryIs>
						<LinearRing>
							<coordinates>								4.61971165301541,45.8900145523339,0 4.61974854592634,45.8899225145115,0 4.61981319698276,45.8897611768173,0 4.61984400129343,45.889720925336,0 4.61986715216632,45.88970113891341,0 4.61983315481798,45.8896810003884,0 4.61966873387264,45.8899980542308,0 4.61971165301541,45.8900145523339,0 
							</coordinates>
						</LinearRing>
					</outerBoundaryIs>
				</Polygon>
			</MultiGeometry>
		</Placemark>
		<Placemark id="personne_morale.12228">
<styleUrl>#personne_morale</styleUrl>			<visibility>0</visibility>
			<ExtendedData>
				<SchemaData schemaUrl="#personne_morale">
					<SimpleData name="Numero de Parcelle">69056000AA0112</SimpleData>
					<SimpleData name="Departement">69</SimpleData>
					<SimpleData name="Commune">CHESSY</SimpleData>
					<SimpleData name="Adresse">132, MTE DES PUITS</SimpleData>
					<SimpleData name="Groupe de personne">Personnes morales non remarquables</SimpleData>
					<SimpleData name="Forme Juridique Abregee">SARL</SimpleData>
					<SimpleData name="Denomination">VINCENT MARCHANDS DE BIENS</SimpleData>
				</SchemaData>
			</ExtendedData>
	<Region>
		<LatLonAltBox>
			<north> 45.890206400155 </north>
			<south> 45.8899980542308 </south>
			<east> 4.61971165301541 </east>
			<west> 4.61956057781751 </west>
		</LatLonAltBox>
		<Lod>
			<minLodPixels>100</minLodPixels>
			<maxLodPixels>-1</maxLodPixels>
		</Lod>
	</Region>
			<MultiGeometry>
				<Polygon><altitudeMode>relativeToGround</altitudeMode>
					<outerBoundaryIs>
						<LinearRing>
							<coordinates>								4.61971165301541,45.8900145523339,0 4.61966873387264,45.8899980542308,0 4.61956057781751,45.890206400155,0 4.61956356361596,45.89020266458849,0 4.61971165301541,45.8900145523339,0 
							</coordinates>
						</LinearRing>
					</outerBoundaryIs>
				</Polygon>
			</MultiGeometry>
		</Placemark>
		<Placemark id="personne_morale.13653">
<styleUrl>#personne_morale</styleUrl>			<visibility>0</visibility>
			<ExtendedData>
				<SchemaData schemaUrl="#personne_morale">
					<SimpleData name="Numero de Parcelle">69056000AB0116</SimpleData>
					<SimpleData name="Departement">69</SimpleData>
					<SimpleData name="Commune">CHESSY</SimpleData>
					<SimpleData name="Adresse">LES BRUYERES</SimpleData>
					<SimpleData name="Groupe de personne">Personnes morales non remarquables</SimpleData>
					<SimpleData name="Forme Juridique Abregee">SARL</SimpleData>
					<SimpleData name="Denomination">FOCH INVESTISSEMENTS</SimpleData>
				</SchemaData>
			</ExtendedData>
	<Region>
		<LatLonAltBox>
			<north> 45.896052709443 </north>
			<south> 45.8954598965633 </south>
			<east> 4.62621480498473 </east>
			<west> 4.62554413002595 </west>
		</LatLonAltBox>
		<Lod>
			<minLodPixels>100</minLodPixels>
			<maxLodPixels>-1</maxLodPixels>
		</Lod>
	</Region>
			<MultiGeometry>
				<Polygon><altitudeMode>relativeToGround</altitudeMode>
					<outerBoundaryIs>
						<LinearRing>
							<coordinates>								4.62596707415987,45.89570462949909,0 4.62583668262638,45.8958059398959,0 4.62578547767299,45.8958454956029,0 4.62577211013559,45.89585586552711,0 4.62554413002595,45.8960029823656,0 4.62558106983198,45.896052709443,0 4.62571915978502,45.8959630876237,0 4.62582700365087,45.895893265225,0 4.62602792157101,45.8957383407485,0 4.62607778403158,45.895688266237,0 4.62619179338713,45.8955738610443,0 4.62621480498473,45.8955056185518,0 4.62617034178927,45.8954850919568,0 4.62611232562637,45.8954598965633,0 4.62605179574241,45.89552003201749,0 4.62610965589049,45.8955618022629,0 4.62596707415987,45.89570462949909,0 
							</coordinates>
						</LinearRing>
					</outerBoundaryIs>
				</Polygon>
			</MultiGeometry>
		</Placemark>
		<Placemark id="personne_morale.14667">
<styleUrl>#personne_morale</styleUrl>			<visibility>0</visibility>
			<ExtendedData>
				<SchemaData schemaUrl="#personne_morale">
					<SimpleData name="Numero de Parcelle">69056000AK0119</SimpleData>
					<SimpleData name="Departement">69</SimpleData>
					<SimpleData name="Commune">CHESSY</SimpleData>
					<SimpleData name="Adresse">LES ECUBLISES</SimpleData>
					<SimpleData name="Groupe de personne">Personnes morales non remarquables</SimpleData>
					<SimpleData name="Forme Juridique Abregee">SA</SimpleData>
					<SimpleData name="Denomination">ENEDIS</SimpleData>
				</SchemaData>
			</ExtendedData>
	<Region>
		<LatLonAltBox>
			<north> 45.8880898386218 </north>
			<south> 45.8880603804681 </south>
			<east> 4.61854504256625 </east>
			<west> 4.61850775494699 </west>
		</LatLonAltBox>
		<Lod>
			<minLodPixels>100</minLodPixels>
			<maxLodPixels>-1</maxLodPixels>
		</Lod>
	</Region>
			<MultiGeometry>
				<Polygon><altitudeMode>relativeToGround</altitudeMode>
					<outerBoundaryIs>
						<LinearRing>
							<coordinates>								4.61851367560057,45.8880898386218,0 4.61854504256625,45.8880863272519,0 4.61853925081964,45.8880603804681,0 4.61850775494699,45.88806389368209,0 4.61851367560057,45.8880898386218,0 
							</coordinates>
						</LinearRing>
					</outerBoundaryIs>
				</Polygon>
			</MultiGeometry>
		</Placemark>
		<Placemark id="personne_morale.15515">
<styleUrl>#personne_morale</styleUrl>			<visibility>0</visibility>
			<ExtendedData>
				<SchemaData schemaUrl="#personne_morale">
					<SimpleData name="Numero de Parcelle">69056000AE0121</SimpleData>
					<SimpleData name="Departement">69</SimpleData>
					<SimpleData name="Commune">CHESSY</SimpleData>
					<SimpleData name="Adresse">168, RUE D EN HAUT</SimpleData>
					<SimpleData name="Groupe de personne">Personnes morales non remarquables</SimpleData>
					<SimpleData name="Forme Juridique Abregee">SCI</SimpleData>
					<SimpleData name="Denomination">LES PIERRES DOREES</SimpleData>
				</SchemaData>
			</ExtendedData>
	<Region>
		<LatLonAltBox>
			<north> 45.886991887736 </north>
			<south> 45.8869145876386 </south>
			<east> 4.62514603140334 </east>
			<west> 4.62505402819972 </west>
		</LatLonAltBox>
		<Lod>
			<minLodPixels>100</minLodPixels>
			<maxLodPixels>-1</maxLodPixels>
		</Lod>
	</Region>
			<MultiGeometry>
				<Polygon><altitudeMode>relativeToGround</altitudeMode>
					<outerBoundaryIs>
						<LinearRing>
							<coordinates>								4.62508873913929,45.886991887736,0 4.62514603140334,45.8869797155708,0 4.62510903105437,45.8869145876386,0 4.62505402819972,45.886938796032,0 4.62508873913929,45.886991887736,0 
							</coordinates>
						</LinearRing>
					</outerBoundaryIs>
				</Polygon>
			</MultiGeometry>
		</Placemark>
		<Placemark id="personne_morale.15867">
<styleUrl>#personne_morale</styleUrl>			<visibility>0</visibility>
			<ExtendedData>
				<SchemaData schemaUrl="#personne_morale">
					<SimpleData name="Numero de Parcelle">69056000AM0122</SimpleData>
					<SimpleData name="Departement">69</SimpleData>
					<SimpleData name="Commune">CHESSY</SimpleData>
					<SimpleData name="Adresse">LES MINES</SimpleData>
					<SimpleData name="Groupe de personne">Personnes morales non remarquables</SimpleData>
					<SimpleData name="Forme Juridique Abregee">SAS</SimpleData>
					<SimpleData name="Denomination">MATHELIN APPRETS TEINTURES</SimpleData>
				</SchemaData>
			</ExtendedData>
	<Region>
		<LatLonAltBox>
			<north> 45.88788095777599 </north>
			<south> 45.8865417359721 </south>
			<east> 4.60227038526179 </east>
			<west> 4.60170557648808 </west>
		</LatLonAltBox>
		<Lod>
			<minLodPixels>100</minLodPixels>
			<maxLodPixels>-1</maxLodPixels>
		</Lod>
	</Region>
			<MultiGeometry>
				<Polygon><altitudeMode>relativeToGround</altitudeMode>
					<outerBoundaryIs>
						<LinearRing>
							<coordinates>								4.60227038526179,45.88788095777599,0 4.60206728655842,45.8865417359721,0 4.60194097087387,45.8865709965726,0 4.60180591138145,45.8866056048481,0 4.60172599607321,45.8866161041489,0 4.60170557648808,45.8866190954808,0 4.60173567445848,45.8866828873817,0 4.60211755189825,45.88753924487919,0 4.60213425530985,45.88757701677759,0 4.60224765853493,45.8878312021748,0 4.60227038526179,45.88788095777599,0 
							</coordinates>
						</LinearRing>
					</outerBoundaryIs>
				</Polygon>
			</MultiGeometry>
		</Placemark>
		<Placemark id="personne_morale.16182">
<styleUrl>#personne_morale</styleUrl>			<visibility>0</visibility>
			<ExtendedData>
				<SchemaData schemaUrl="#personne_morale">
					<SimpleData name="Numero de Parcelle">69056000AM0123</SimpleData>
					<SimpleData name="Departement">69</SimpleData>
					<SimpleData name="Commune">CHESSY</SimpleData>
					<SimpleData name="Adresse">LES MINES</SimpleData>
					<SimpleData name="Groupe de personne">Personnes morales non remarquables</SimpleData>
					<SimpleData name="Forme Juridique Abregee">SAS</SimpleData>
					<SimpleData name="Denomination">MATHELIN APPRETS TEINTURES</SimpleData>
				</SchemaData>
			</ExtendedData>
	<Region>
		<LatLonAltBox>
			<north> 45.88836178926671 </north>
			<south> 45.88647254156901 </south>
			<east> 4.6026109584951 </east>
			<west> 4.60206728655842 </west>
		</LatLonAltBox>
		<Lod>
			<minLodPixels>100</minLodPixels>
			<maxLodPixels>-1</maxLodPixels>
		</Lod>
	</Region>
			<MultiGeometry>
				<Polygon><altitudeMode>relativeToGround</altitudeMode>
					<outerBoundaryIs>
						<LinearRing>
							<coordinates>								4.60260901892055,45.88647254156901,0 4.60240277197176,45.8864851023186,0 4.60220423430451,45.88650998278851,0 4.60206728655842,45.8865417359721,0 4.60227038526179,45.88788095777599,0 4.60248930117245,45.88836178926671,0 4.60253679457891,45.888345084013,0 4.6026109584951,45.887408948914,0 4.60260924929228,45.8865470243673,0 4.60260901892055,45.88647254156901,0 
							</coordinates>
						</LinearRing>
					</outerBoundaryIs>
				</Polygon>
			</MultiGeometry>
		</Placemark>
		<Placemark id="personne_morale.16417">
<styleUrl>#personne_morale</styleUrl>			<visibility>0</visibility>
			<ExtendedData>
				<SchemaData schemaUrl="#personne_morale">
					<SimpleData name="Numero de Parcelle">69056000AB0124</SimpleData>
					<SimpleData name="Departement">69</SimpleData>
					<SimpleData name="Commune">CHESSY</SimpleData>
					<SimpleData name="Adresse">LES BRUYERES</SimpleData>
					<SimpleData name="Groupe de personne">Personnes morales non remarquables</SimpleData>
					<SimpleData name="Forme Juridique Abregee">SCI</SimpleData>
					<SimpleData name="Denomination">JP PATRIMOINE</SimpleData>
				</SchemaData>
			</ExtendedData>
	<Region>
		<LatLonAltBox>
			<north> 45.8960029823656 </north>
			<south> 45.8954532951995 </south>
			<east> 4.62596707415987 </east>
			<west> 4.62521947856241 </west>
		</LatLonAltBox>
		<Lod>
			<minLodPixels>100</minLodPixels>
			<maxLodPixels>-1</maxLodPixels>
		</Lod>
	</Region>
			<MultiGeometry>
				<Polygon><altitudeMode>relativeToGround</altitudeMode>
					<outerBoundaryIs>
						<LinearRing>
							<coordinates>								4.62596707415987,45.89570462949909,0 4.62552534142668,45.8954532951995,0 4.62521947856241,45.8955619910182,0 4.62554413002595,45.8960029823656,0 4.62577211013559,45.89585586552711,0 4.62578547767299,45.8958454956029,0 4.62583668262638,45.8958059398959,0 4.62596707415987,45.89570462949909,0 
							</coordinates>
						</LinearRing>
					</outerBoundaryIs>
				</Polygon>
			</MultiGeometry>
		</Placemark>
		<Placemark id="personne_morale.16483">
<styleUrl>#personne_morale</styleUrl>			<visibility>0</visibility>
			<ExtendedData>
				<SchemaData schemaUrl="#personne_morale">
					<SimpleData name="Numero de Parcelle">69056000AM0124</SimpleData>
					<SimpleData name="Departement">69</SimpleData>
					<SimpleData name="Commune">CHESSY</SimpleData>
					<SimpleData name="Adresse">LES MINES</SimpleData>
					<SimpleData name="Groupe de personne">Personnes morales non remarquables</SimpleData>
					<SimpleData name="Forme Juridique Abregee">SAS</SimpleData>
					<SimpleData name="Denomination">MATHELIN APPRETS TEINTURES</SimpleData>
				</SchemaData>
			</ExtendedData>
	<Region>
		<LatLonAltBox>
			<north> 45.8885181669364 </north>
			<south> 45.8865470243673 </south>
			<east> 4.60498644073328 </east>
			<west> 4.60253679457891 </west>
		</LatLonAltBox>
		<Lod>
			<minLodPixels>100</minLodPixels>
			<maxLodPixels>-1</maxLodPixels>
		</Lod>
	</Region>
			<MultiGeometry>
				<Polygon><altitudeMode>relativeToGround</altitudeMode>
					<outerBoundaryIs>
						<LinearRing>
							<coordinates>								4.60498644073328,45.8881637944816,0 4.60497807899555,45.8880271901918,0 4.60465539004674,45.8879698040166,0 4.604606121476,45.8874424355478,0 4.60425886382159,45.88733396826689,0 4.60346787207973,45.8868107272913,0 4.60304875209892,45.8866523872889,0 4.60272854188071,45.8865556910528,0 4.60260924929228,45.8865470243673,0 4.6026109584951,45.887408948914,0 4.60253679457891,45.888345084013,0 4.6029907818769,45.88833153268771,0 4.60347141202888,45.8884979174338,0 4.60360587814041,45.8885181669364,0 4.60365181580423,45.8885056263977,0 4.60407641388227,45.88835963754471,0 4.60427593708259,45.8883063685173,0 4.60447832708492,45.88825855258559,0 4.60468306301247,45.88821601699241,0 4.60489015278063,45.88817903181679,0 4.60498644073328,45.8881637944816,0 
							</coordinates>
						</LinearRing>
					</outerBoundaryIs>
				</Polygon>
			</MultiGeometry>
		</Placemark>
		<Placemark id="personne_morale.16785">
<styleUrl>#personne_morale</styleUrl>			<visibility>0</visibility>
			<ExtendedData>
				<SchemaData schemaUrl="#personne_morale">
					<SimpleData name="Numero de Parcelle">69056000AM0125</SimpleData>
					<SimpleData name="Departement">69</SimpleData>
					<SimpleData name="Commune">CHESSY</SimpleData>
					<SimpleData name="Adresse">LES MINES</SimpleData>
					<SimpleData name="Groupe de personne">Personnes morales non remarquables</SimpleData>
					<SimpleData name="Forme Juridique Abregee">SAS</SimpleData>
					<SimpleData name="Denomination">MATHELIN APPRETS TEINTURES</SimpleData>
				</SchemaData>
			</ExtendedData>
	<Region>
		<LatLonAltBox>
			<north> 45.88789608066 </north>
			<south> 45.88646926594001 </south>
			<east> 4.6067198063067 </east>
			<west> 4.60260901892055 </west>
		</LatLonAltBox>
		<Lod>
			<minLodPixels>100</minLodPixels>
			<maxLodPixels>-1</maxLodPixels>
		</Lod>
	</Region>
			<MultiGeometry>
				<Polygon><altitudeMode>relativeToGround</altitudeMode>
					<outerBoundaryIs>
						<LinearRing>
							<coordinates>								4.60260901892055,45.88647254156901,0 4.60260924929228,45.8865470243673,0 4.60272854188071,45.8865556910528,0 4.60304875209892,45.8866523872889,0 4.60346787207973,45.8868107272913,0 4.60425886382159,45.88733396826689,0 4.604606121476,45.8874424355478,0 4.60478502948662,45.8875007820144,0 4.60493961109389,45.88753866787071,0 4.6055144252693,45.8876619153571,0 4.60578092649324,45.887703164379,0 4.60583350263653,45.8877016069961,0 4.60595771905258,45.8877020942715,0 4.60608170868598,45.8877080787726,0 4.60620496375824,45.8877198379182,0 4.60634394304829,45.8877489367524,0 4.60642188509825,45.88777692122211,0 4.60651810928399,45.8878170752216,0 4.6067198063067,45.88789608066,0 4.60659383548855,45.8878221237513,0 4.60653229850665,45.8877861604447,0 4.60648809134788,45.8877606689346,0 4.6064111083707,45.8877169090036,0 4.60637265214391,45.88769845109759,0 4.60626077901723,45.88765680802501,0 4.60590490979676,45.8876115155926,0 4.60539240165326,45.887577273079,0 4.6050173022807,45.8874960436617,0 4.60481133283683,45.88744735868449,0 4.60448409133803,45.88736193552941,0 4.60438386918504,45.8873305731473,0 4.60431052014827,45.8873008108307,0 4.60423065034918,45.8872597023817,0 4.60414052174584,45.8872028875029,0 4.60408558930257,45.8871589032166,0 4.60405489734563,45.8871279950829,0 4.60402486311701,45.88709752794859,0 4.60397671063852,45.8870560593847,0 4.60387142607009,45.88697478074269,0 4.6038577434758,45.8869655177314,0 4.60381390925589,45.8869394795053,0 4.60369822480616,45.8868775326885,0 4.60345080330569,45.88674711130061,0 4.60327700283648,45.8866735589541,0 4.60318270301559,45.8866195945959,0 4.60309076317863,45.88658469107181,0 4.60305083708576,45.8865732781944,0 4.60297572809086,45.88655389778919,0 4.60284660768789,45.8865177198868,0 4.60266218884887,45.88646926594001,0 4.60260901892055,45.88647254156901,0 
							</coordinates>
						</LinearRing>
					</outerBoundaryIs>
				</Polygon>
			</MultiGeometry>
		</Placemark>
		<Placemark id="personne_morale.17082">
<styleUrl>#personne_morale</styleUrl>			<visibility>0</visibility>
			<ExtendedData>
				<SchemaData schemaUrl="#personne_morale">
					<SimpleData name="Numero de Parcelle">69056000AM0126</SimpleData>
					<SimpleData name="Departement">69</SimpleData>
					<SimpleData name="Commune">CHESSY</SimpleData>
					<SimpleData name="Adresse">LES MINES</SimpleData>
					<SimpleData name="Groupe de personne">Personnes morales non remarquables</SimpleData>
					<SimpleData name="Forme Juridique Abregee">SAS</SimpleData>
					<SimpleData name="Denomination">MATHELIN APPRETS TEINTURES</SimpleData>
				</SchemaData>
			</ExtendedData>
	<Region>
		<LatLonAltBox>
			<north> 45.8881892610116 </north>
			<south> 45.8874424355478 </south>
			<east> 4.6067198063067 </east>
			<west> 4.604606121476 </west>
		</LatLonAltBox>
		<Lod>
			<minLodPixels>100</minLodPixels>
			<maxLodPixels>-1</maxLodPixels>
		</Lod>
	</Region>
			<MultiGeometry>
				<Polygon><altitudeMode>relativeToGround</altitudeMode>
					<outerBoundaryIs>
						<LinearRing>
							<coordinates>								4.60571877500778,45.8881863605466,0 4.60571673806917,45.8881651334602,0 4.60582144106556,45.8880845667566,0 4.60579280730826,45.8880845231177,0 4.60588657315319,45.8880269889337,0 4.6059279425615,45.8880126209204,0 4.60596697740044,45.8880066623664,0 4.60608731029271,45.888015490919,0 4.60624019662829,45.8879729684985,0 4.6063304947057,45.8879380902429,0 4.60635899946592,45.8879381355774,0 4.60640588938056,45.8879450350367,0 4.60643258584851,45.88795384263099,0 4.60651363625942,45.88794242320979,0 4.6067198063067,45.88789608066,0 4.60651810928399,45.8878170752216,0 4.60642188509825,45.88777692122211,0 4.60634394304829,45.8877489367524,0 4.60620496375824,45.8877198379182,0 4.60608170868598,45.8877080787726,0 4.60595771905258,45.8877020942715,0 4.60583350263653,45.8877016069961,0 4.60578092649324,45.887703164379,0 4.6055144252693,45.8876619153571,0 4.60493961109389,45.88753866787071,0 4.60478502948662,45.8875007820144,0 4.604606121476,45.8874424355478,0 4.60465539004674,45.8879698040166,0 4.60497807899555,45.8880271901918,0 4.60498644073328,45.8881637944816,0 4.6052901214747,45.8881264280424,0 4.60560696449017,45.88809373751971,0 4.6056306344959,45.8881093433735,0 4.60564770020685,45.8881284655965,0 4.60566675341639,45.8881892610116,0 4.60571877500778,45.8881863605466,0 
							</coordinates>
						</LinearRing>
					</outerBoundaryIs>
				</Polygon>
			</MultiGeometry>
		</Placemark>
		<Placemark id="personne_morale.17353">
<styleUrl>#personne_morale</styleUrl>			<visibility>0</visibility>
			<ExtendedData>
				<SchemaData schemaUrl="#personne_morale">
					<SimpleData name="Numero de Parcelle">69056000AI0127</SimpleData>
					<SimpleData name="Departement">69</SimpleData>
					<SimpleData name="Commune">CHESSY</SimpleData>
					<SimpleData name="Adresse">LES PLACES</SimpleData>
					<SimpleData name="Groupe de personne">Personnes morales non remarquables</SimpleData>
					<SimpleData name="Forme Juridique Abregee">SAS</SimpleData>
					<SimpleData name="Denomination">CHARLES RIVER LABORATOIRE FRANCE CRLF</SimpleData>
				</SchemaData>
			</ExtendedData>
	<Region>
		<LatLonAltBox>
			<north> 45.8818130048421 </north>
			<south> 45.8815295578988 </south>
			<east> 4.60911861757157 </east>
			<west> 4.60855316726586 </west>
		</LatLonAltBox>
		<Lod>
			<minLodPixels>100</minLodPixels>
			<maxLodPixels>-1</maxLodPixels>
		</Lod>
	</Region>
			<MultiGeometry>
				<Polygon><altitudeMode>relativeToGround</altitudeMode>
					<outerBoundaryIs>
						<LinearRing>
							<coordinates>								4.60911861757157,45.8817006865073,0 4.60889078095449,45.8815295578988,0 4.60855316726586,45.88169324229839,0 4.60887790177968,45.8818130048421,0 4.60911861757157,45.8817006865073,0 
							</coordinates>
						</LinearRing>
					</outerBoundaryIs>
				</Polygon>
			</MultiGeometry>
		</Placemark>
		<Placemark id="personne_morale.17375">
<styleUrl>#personne_morale</styleUrl>			<visibility>0</visibility>
			<ExtendedData>
				<SchemaData schemaUrl="#personne_morale">
					<SimpleData name="Numero de Parcelle">69056000AM0127</SimpleData>
					<SimpleData name="Departement">69</SimpleData>
					<SimpleData name="Commune">CHESSY</SimpleData>
					<SimpleData name="Adresse">LES MINES</SimpleData>
					<SimpleData name="Groupe de personne">Personnes morales non remarquables</SimpleData>
					<SimpleData name="Forme Juridique Abregee">SAS</SimpleData>
					<SimpleData name="Denomination">MATHELIN APPRETS TEINTURES</SimpleData>
				</SchemaData>
			</ExtendedData>
	<Region>
		<LatLonAltBox>
			<north> 45.8882093141801 </north>
			<south> 45.8879127061849 </south>
			<east> 4.60697044034252 </east>
			<west> 4.60571673806917 </west>
		</LatLonAltBox>
		<Lod>
			<minLodPixels>100</minLodPixels>
			<maxLodPixels>-1</maxLodPixels>
		</Lod>
	</Region>
			<MultiGeometry>
				<Polygon><altitudeMode>relativeToGround</altitudeMode>
					<outerBoundaryIs>
						<LinearRing>
							<coordinates>								4.60669604575057,45.8882093141801,0 4.60669918215231,45.8881753140133,0 4.60671034319372,45.8881422806192,0 4.60671669031843,45.88812994118379,0 4.60687457101543,45.88814372942629,0 4.60697044034252,45.8880566221624,0 4.60682811102855,45.8879568683998,0 4.60674776243282,45.8879127061849,0 4.60648132003579,45.88796206687211,0 4.60644790274446,45.88796605435851,0 4.60643199817873,45.88796465912721,0 4.60640829799006,45.8879613030997,0 4.60633293293369,45.8879465219808,0 4.60624318422644,45.8879869766415,0 4.60608526204046,45.8880293004013,0 4.60597294586411,45.8880211685797,0 4.60582144106556,45.8880845667566,0 4.60571673806917,45.8881651334602,0 4.60571877500778,45.8881863605466,0 4.60610815383106,45.8881244471458,0 4.60638913343595,45.8881401800143,0 4.6063895355732,45.8880256079549,0 4.60656970397841,45.8880341262024,0 4.60657541176682,45.8881459094075,0 4.60639068312237,45.8881402480632,0 4.60666099767349,45.8882060294044,0 4.60669604575057,45.8882093141801,0 
							</coordinates>
						</LinearRing>
					</outerBoundaryIs>
				</Polygon>
			</MultiGeometry>
		</Placemark>
		<Placemark id="personne_morale.17650">
<styleUrl>#personne_morale</styleUrl>			<visibility>0</visibility>
			<ExtendedData>
				<SchemaData schemaUrl="#personne_morale">
					<SimpleData name="Numero de Parcelle">69056000AI0128</SimpleData>
					<SimpleData name="Departement">69</SimpleData>
					<SimpleData name="Commune">CHESSY</SimpleData>
					<SimpleData name="Adresse">LES PLACES</SimpleData>
					<SimpleData name="Groupe de personne">Personnes morales non remarquables</SimpleData>
					<SimpleData name="Forme Juridique Abregee">SAS</SimpleData>
					<SimpleData name="Denomination">CHARLES RIVER LABORATOIRE FRANCE CRLF</SimpleData>
				</SchemaData>
			</ExtendedData>
	<Region>
		<LatLonAltBox>
			<north> 45.8817006865073 </north>
			<south> 45.8809346217409 </south>
			<east> 4.61050796426223 </east>
			<west> 4.60889078095449 </west>
		</LatLonAltBox>
		<Lod>
			<minLodPixels>100</minLodPixels>
			<maxLodPixels>-1</maxLodPixels>
		</Lod>
	</Region>
			<MultiGeometry>
				<Polygon><altitudeMode>relativeToGround</altitudeMode>
					<outerBoundaryIs>
						<LinearRing>
							<coordinates>								4.6093334269647,45.8816021565863,0 4.60950468294748,45.881526943488,0 4.61050796426223,45.881080057927,0 4.6103577800698,45.8810200505958,0 4.61027859858707,45.88099352769281,0 4.61019063586346,45.8809665894093,0 4.61007038388837,45.88093794933119,0 4.61005739086849,45.8809346217409,0 4.60916867941943,45.8813877984224,0 4.60889078095449,45.8815295578988,0 4.60911861757157,45.8817006865073,0 4.6093334269647,45.8816021565863,0 
							</coordinates>
						</LinearRing>
					</outerBoundaryIs>
				</Polygon>
			</MultiGeometry>
		</Placemark>
		<Placemark id="personne_morale.17666">
<styleUrl>#personne_morale</styleUrl>			<visibility>0</visibility>
			<ExtendedData>
				<SchemaData schemaUrl="#personne_morale">
					<SimpleData name="Numero de Parcelle">69056000AM0128</SimpleData>
					<SimpleData name="Departement">69</SimpleData>
					<SimpleData name="Commune">CHESSY</SimpleData>
					<SimpleData name="Adresse">LES MINES</SimpleData>
					<SimpleData name="Groupe de personne">Personnes morales non remarquables</SimpleData>
					<SimpleData name="Forme Juridique Abregee">SAS</SimpleData>
					<SimpleData name="Denomination">MATHELIN APPRETS TEINTURES</SimpleData>
				</SchemaData>
			</ExtendedData>
	<Region>
		<LatLonAltBox>
			<north> 45.8881459094075 </north>
			<south> 45.8880256079549 </south>
			<east> 4.60657541176682 </east>
			<west> 4.60638913343595 </west>
		</LatLonAltBox>
		<Lod>
			<minLodPixels>100</minLodPixels>
			<maxLodPixels>-1</maxLodPixels>
		</Lod>
	</Region>
			<MultiGeometry>
				<Polygon><altitudeMode>relativeToGround</altitudeMode>
					<outerBoundaryIs>
						<LinearRing>
							<coordinates>								4.60639068312237,45.8881402480632,0 4.60657541176682,45.8881459094075,0 4.60656970397841,45.8880341262024,0 4.6063895355732,45.8880256079549,0 4.60638913343595,45.8881401800143,0 4.60639068312237,45.8881402480632,0 
							</coordinates>
						</LinearRing>
					</outerBoundaryIs>
				</Polygon>
			</MultiGeometry>
		</Placemark>
		<Placemark id="personne_morale.17984">
<styleUrl>#personne_morale</styleUrl>			<visibility>0</visibility>
			<ExtendedData>
				<SchemaData schemaUrl="#personne_morale">
					<SimpleData name="Numero de Parcelle">69056000AM0129</SimpleData>
					<SimpleData name="Departement">69</SimpleData>
					<SimpleData name="Commune">CHESSY</SimpleData>
					<SimpleData name="Adresse">LES MINES</SimpleData>
					<SimpleData name="Groupe de personne">Personnes morales non remarquables</SimpleData>
					<SimpleData name="Forme Juridique Abregee">SAS</SimpleData>
					<SimpleData name="Denomination">MATHELIN APPRETS TEINTURES</SimpleData>
				</SchemaData>
			</ExtendedData>
	<Region>
		<LatLonAltBox>
			<north> 45.8882243482211 </north>
			<south> 45.8880566221624 </south>
			<east> 4.60697044034252 </east>
			<west> 4.60669604575057 </west>
		</LatLonAltBox>
		<Lod>
			<minLodPixels>100</minLodPixels>
			<maxLodPixels>-1</maxLodPixels>
		</Lod>
	</Region>
			<MultiGeometry>
				<Polygon><altitudeMode>relativeToGround</altitudeMode>
					<outerBoundaryIs>
						<LinearRing>
							<coordinates>								4.60685858396117,45.888219163339,0 4.60697044034252,45.8880566221624,0 4.60687457101543,45.88814372942629,0 4.60671669031843,45.88812994118379,0 4.60671034319372,45.8881422806192,0 4.60669918215231,45.8881753140133,0 4.60669604575057,45.8882093141801,0 4.60685499478089,45.8882243482211,0 4.60685858396117,45.888219163339,0 
							</coordinates>
						</LinearRing>
					</outerBoundaryIs>
				</Polygon>
			</MultiGeometry>
		</Placemark>
		<Placemark id="personne_morale.18258">
<styleUrl>#personne_morale</styleUrl>			<visibility>0</visibility>
			<ExtendedData>
				<SchemaData schemaUrl="#personne_morale">
					<SimpleData name="Numero de Parcelle">69056000AE0013</SimpleData>
					<SimpleData name="Departement">69</SimpleData>
					<SimpleData name="Commune">CHESSY</SimpleData>
					<SimpleData name="Adresse">32, MTE DES CARRIERES</SimpleData>
					<SimpleData name="Groupe de personne">Personnes morales non remarquables</SimpleData>
					<SimpleData name="Forme Juridique Abregee">SARL</SimpleData>
					<SimpleData name="Denomination">MEDIGUELAND</SimpleData>
				</SchemaData>
			</ExtendedData>
	<Region>
		<LatLonAltBox>
			<north> 45.8888091135926 </north>
			<south> 45.8886105128249 </south>
			<east> 4.62203769512335 </east>
			<west> 4.62181829949667 </west>
		</LatLonAltBox>
		<Lod>
			<minLodPixels>100</minLodPixels>
			<maxLodPixels>-1</maxLodPixels>
		</Lod>
	</Region>
			<MultiGeometry>
				<Polygon><altitudeMode>relativeToGround</altitudeMode>
					<outerBoundaryIs>
						<LinearRing>
							<coordinates>								4.6218705316222,45.8888091135926,0 4.62203769512335,45.8886472045643,0 4.62199611689727,45.8886105128249,0 4.62199235516603,45.8886141695228,0 4.62181829949667,45.8887829324702,0 4.6218705316222,45.8888091135926,0 
							</coordinates>
						</LinearRing>
					</outerBoundaryIs>
				</Polygon>
			</MultiGeometry>
		</Placemark>
		<Placemark id="personne_morale.18289">
<styleUrl>#personne_morale</styleUrl>			<visibility>0</visibility>
			<ExtendedData>
				<SchemaData schemaUrl="#personne_morale">
					<SimpleData name="Numero de Parcelle">69056000AL0013</SimpleData>
					<SimpleData name="Departement">69</SimpleData>
					<SimpleData name="Commune">CHESSY</SimpleData>
					<SimpleData name="Adresse">LES MINES</SimpleData>
					<SimpleData name="Groupe de personne">Personnes morales non remarquables</SimpleData>
					<SimpleData name="Forme Juridique Abregee">AUPM</SimpleData>
					<SimpleData name="Denomination">BUREAU DE RECHERCHES GEOLOGIQUES ET MINIERES</SimpleData>
				</SchemaData>
			</ExtendedData>
	<Region>
		<LatLonAltBox>
			<north> 45.89065465452521 </north>
			<south> 45.8905592042068 </south>
			<east> 4.60734690011395 </east>
			<west> 4.60708705422592 </west>
		</LatLonAltBox>
		<Lod>
			<minLodPixels>100</minLodPixels>
			<maxLodPixels>-1</maxLodPixels>
		</Lod>
	</Region>
			<MultiGeometry>
				<Polygon><altitudeMode>relativeToGround</altitudeMode>
					<outerBoundaryIs>
						<LinearRing>
							<coordinates>								4.60732992557328,45.89065465452521,0 4.60734690011395,45.89056884869611,0 4.60734107275121,45.8905592042068,0 4.60708705422592,45.8905927177101,0 4.60732992557328,45.89065465452521,0 
							</coordinates>
						</LinearRing>
					</outerBoundaryIs>
				</Polygon>
			</MultiGeometry>
		</Placemark>
		<Placemark id="personne_morale.18755">
<styleUrl>#personne_morale</styleUrl>			<visibility>0</visibility>
			<ExtendedData>
				<SchemaData schemaUrl="#personne_morale">
					<SimpleData name="Numero de Parcelle">69056000AB0131</SimpleData>
					<SimpleData name="Departement">69</SimpleData>
					<SimpleData name="Commune">CHESSY</SimpleData>
					<SimpleData name="Adresse">LES BRUYERES</SimpleData>
					<SimpleData name="Groupe de personne">Personnes morales non remarquables</SimpleData>
					<SimpleData name="Forme Juridique Abregee">SARL</SimpleData>
					<SimpleData name="Denomination">FOCH INVESTISSEMENTS</SimpleData>
				</SchemaData>
			</ExtendedData>
	<Region>
		<LatLonAltBox>
			<north> 45.8965530061694 </north>
			<south> 45.8964556977548 </south>
			<east> 4.62605943315567 </east>
			<west> 4.62588643586009 </west>
		</LatLonAltBox>
		<Lod>
			<minLodPixels>100</minLodPixels>
			<maxLodPixels>-1</maxLodPixels>
		</Lod>
	</Region>
			<MultiGeometry>
				<Polygon><altitudeMode>relativeToGround</altitudeMode>
					<outerBoundaryIs>
						<LinearRing>
							<coordinates>								4.6259052512119,45.8964556977548,0 4.62588643586009,45.8964738018351,0 4.62605943315567,45.8965530061694,0 4.6259783121959,45.89650985907299,0 4.6259052512119,45.8964556977548,0 
							</coordinates>
						</LinearRing>
					</outerBoundaryIs>
				</Polygon>
			</MultiGeometry>
		</Placemark>
		<Placemark id="personne_morale.19101">
<styleUrl>#personne_morale</styleUrl>			<visibility>0</visibility>
			<ExtendedData>
				<SchemaData schemaUrl="#personne_morale">
					<SimpleData name="Numero de Parcelle">69056000AM0132</SimpleData>
					<SimpleData name="Departement">69</SimpleData>
					<SimpleData name="Commune">CHESSY</SimpleData>
					<SimpleData name="Adresse">LES MINES</SimpleData>
					<SimpleData name="Groupe de personne">Personnes morales non remarquables</SimpleData>
					<SimpleData name="Forme Juridique Abregee">SAS</SimpleData>
					<SimpleData name="Denomination">MATHELIN APPRETS TEINTURES</SimpleData>
				</SchemaData>
			</ExtendedData>
	<Region>
		<LatLonAltBox>
			<north> 45.8887304933648 </north>
			<south> 45.88848233362051 </south>
			<east> 4.60339117703487 </east>
			<west> 4.60255267739452 </west>
		</LatLonAltBox>
		<Lod>
			<minLodPixels>100</minLodPixels>
			<maxLodPixels>-1</maxLodPixels>
		</Lod>
	</Region>
			<MultiGeometry>
				<Polygon><altitudeMode>relativeToGround</altitudeMode>
					<outerBoundaryIs>
						<LinearRing>
							<coordinates>								4.60339117703487,45.8886482977249,0 4.60338165043718,45.8886444698471,0 4.60329313764221,45.88861221986889,0 4.60323170995987,45.8885932760496,0 4.60316880068984,45.8885766049017,0 4.60313194373127,45.8885643379011,0 4.6029687724212,45.8885105392687,0 4.60274108359594,45.88848233362051,0 4.60255267739452,45.8885010364339,0 4.60255805866609,45.88851311930839,0 4.60256204865196,45.8885217092598,0 4.60262028450062,45.8885240361414,0 4.60267599423619,45.8885282001585,0 4.60274199358261,45.8885358209921,0 4.60275728239395,45.88853821621849,0 4.60278603939507,45.8885424920687,0 4.60282561740695,45.8885507576212,0 4.60285948026713,45.8885620764231,0 4.60300433927436,45.88863369808,0 4.6031522502846,45.8887082485173,0 4.60320319797511,45.8887304933648,0 4.60339117703487,45.8886482977249,0 
							</coordinates>
						</LinearRing>
					</outerBoundaryIs>
				</Polygon>
			</MultiGeometry>
		</Placemark>
		<Placemark id="personne_morale.19392">
<styleUrl>#personne_morale</styleUrl>			<visibility>0</visibility>
			<ExtendedData>
				<SchemaData schemaUrl="#personne_morale">
					<SimpleData name="Numero de Parcelle">69056000AM0133</SimpleData>
					<SimpleData name="Departement">69</SimpleData>
					<SimpleData name="Commune">CHESSY</SimpleData>
					<SimpleData name="Adresse">LES MINES</SimpleData>
					<SimpleData name="Groupe de personne">Personnes morales non remarquables</SimpleData>
					<SimpleData name="Forme Juridique Abregee">SAS</SimpleData>
					<SimpleData name="Denomination">MATHELIN APPRETS TEINTURES</SimpleData>
				</SchemaData>
			</ExtendedData>
	<Region>
		<LatLonAltBox>
			<north> 45.88884889682371 </north>
			<south> 45.88853821621849 </south>
			<east> 4.60320319797511 </east>
			<west> 4.60275728239395 </west>
		</LatLonAltBox>
		<Lod>
			<minLodPixels>100</minLodPixels>
			<maxLodPixels>-1</maxLodPixels>
		</Lod>
	</Region>
			<MultiGeometry>
				<Polygon><altitudeMode>relativeToGround</altitudeMode>
					<outerBoundaryIs>
						<LinearRing>
							<coordinates>								4.60320319797511,45.8887304933648,0 4.6031522502846,45.8887082485173,0 4.60300433927436,45.88863369808,0 4.60285948026713,45.8885620764231,0 4.60282561740695,45.8885507576212,0 4.60278603939507,45.8885424920687,0 4.60275728239395,45.88853821621849,0 4.6028563398026,45.88884889682371,0 4.60316881536407,45.88874566196889,0 4.60320319797511,45.8887304933648,0 
							</coordinates>
						</LinearRing>
					</outerBoundaryIs>
				</Polygon>
			</MultiGeometry>
		</Placemark>
		<Placemark id="personne_morale.19618">
<styleUrl>#personne_morale</styleUrl>			<visibility>0</visibility>
			<ExtendedData>
				<SchemaData schemaUrl="#personne_morale">
					<SimpleData name="Numero de Parcelle">69056000AB0134</SimpleData>
					<SimpleData name="Departement">69</SimpleData>
					<SimpleData name="Commune">CHESSY</SimpleData>
					<SimpleData name="Adresse">LES BRUYERES</SimpleData>
					<SimpleData name="Groupe de personne">Personnes morales non remarquables</SimpleData>
					<SimpleData name="Forme Juridique Abregee">SCI</SimpleData>
					<SimpleData name="Denomination">SAM</SimpleData>
				</SchemaData>
			</ExtendedData>
	<Region>
		<LatLonAltBox>
			<north> 45.89783588657979 </north>
			<south> 45.89735028676439 </south>
			<east> 4.6279928769556 </east>
			<west> 4.62726064171876 </west>
		</LatLonAltBox>
		<Lod>
			<minLodPixels>100</minLodPixels>
			<maxLodPixels>-1</maxLodPixels>
		</Lod>
	</Region>
			<MultiGeometry>
				<Polygon><altitudeMode>relativeToGround</altitudeMode>
					<outerBoundaryIs>
						<LinearRing>
							<coordinates>								4.62796607929926,45.89783588657979,0 4.62797104961711,45.8978338335171,0 4.62797485678083,45.89783170713179,0 4.62798067386966,45.8978277504412,0 4.62798444115003,45.8978242736038,0 4.62798742944909,45.8978206278447,0 4.6279900123043,45.89781635744399,0 4.62799157690266,45.8978125520454,0 4.62799260445469,45.89780803383151,0 4.6279928769556,45.8978041569671,0 4.62799222557903,45.8977995728568,0 4.62799135353884,45.8977962528811,0 4.62798915483703,45.8977916910481,0 4.62798685643903,45.8977881214028,0 4.62798391864015,45.89778474109981,0 4.62797942022231,45.8977809329233,0 4.62796729417411,45.8977721907321,0 4.62727437225068,45.89735028676439,0 4.62726064171876,45.8973614727027,0 4.62737671354725,45.89743050594309,0 4.62741597183406,45.89745380905549,0 4.62765323573116,45.8975948637368,0 4.62797361111478,45.89778515970419,0 4.62796607929926,45.89783588657979,0 
							</coordinates>
						</LinearRing>
					</outerBoundaryIs>
				</Polygon>
			</MultiGeometry>
		</Placemark>
		<Placemark id="personne_morale.19697">
<styleUrl>#personne_morale</styleUrl>			<visibility>0</visibility>
			<ExtendedData>
				<SchemaData schemaUrl="#personne_morale">
					<SimpleData name="Numero de Parcelle">69056000AM0134</SimpleData>
					<SimpleData name="Departement">69</SimpleData>
					<SimpleData name="Commune">CHESSY</SimpleData>
					<SimpleData name="Adresse">LES MINES</SimpleData>
					<SimpleData name="Groupe de personne">Personnes morales non remarquables</SimpleData>
					<SimpleData name="Forme Juridique Abregee">SAS</SimpleData>
					<SimpleData name="Denomination">MATHELIN APPRETS TEINTURES</SimpleData>
				</SchemaData>
			</ExtendedData>
	<Region>
		<LatLonAltBox>
			<north> 45.88890115133591 </north>
			<south> 45.8885217092598 </south>
			<east> 4.6028563398026 </east>
			<west> 4.60256204865196 </west>
		</LatLonAltBox>
		<Lod>
			<minLodPixels>100</minLodPixels>
			<maxLodPixels>-1</maxLodPixels>
		</Lod>
	</Region>
			<MultiGeometry>
				<Polygon><altitudeMode>relativeToGround</altitudeMode>
					<outerBoundaryIs>
						<LinearRing>
							<coordinates>								4.6028563398026,45.88884889682371,0 4.60275728239395,45.88853821621849,0 4.60274199358261,45.8885358209921,0 4.60267599423619,45.8885282001585,0 4.60262028450062,45.8885240361414,0 4.60256204865196,45.8885217092598,0 4.60272960164427,45.8888904134473,0 4.60273455696336,45.88890115133591,0 4.60285122996659,45.88885059048739,0 4.6028563398026,45.88884889682371,0 
							</coordinates>
						</LinearRing>
					</outerBoundaryIs>
				</Polygon>
			</MultiGeometry>
		</Placemark>
		<Placemark id="personne_morale.19990">
<styleUrl>#personne_morale</styleUrl>			<visibility>0</visibility>
			<ExtendedData>
				<SchemaData schemaUrl="#personne_morale">
					<SimpleData name="Numero de Parcelle">69056000AM0135</SimpleData>
					<SimpleData name="Departement">69</SimpleData>
					<SimpleData name="Commune">CHESSY</SimpleData>
					<SimpleData name="Adresse">IMP DU PANORAMA</SimpleData>
					<SimpleData name="Groupe de personne">Personnes morales non remarquables</SimpleData>
					<SimpleData name="Forme Juridique Abregee">ASS</SimpleData>
					<SimpleData name="Denomination">ASSOCIATION SYNDICALE LIBRE DU LOTISSEMENT LE PANORAMA</SimpleData>
				</SchemaData>
			</ExtendedData>
	<Region>
		<LatLonAltBox>
			<north> 45.8847410649575 </north>
			<south> 45.88463952795049 </south>
			<east> 4.60414159666611 </east>
			<west> 4.60400176009851 </west>
		</LatLonAltBox>
		<Lod>
			<minLodPixels>100</minLodPixels>
			<maxLodPixels>-1</maxLodPixels>
		</Lod>
	</Region>
			<MultiGeometry>
				<Polygon><altitudeMode>relativeToGround</altitudeMode>
					<outerBoundaryIs>
						<LinearRing>
							<coordinates>								4.60414159666611,45.88464215387129,0 4.6041362326207,45.88463952795049,0 4.60400176009851,45.8847384390303,0 4.60400712414714,45.8847410649575,0 4.60414159666611,45.88464215387129,0 
							</coordinates>
						</LinearRing>
					</outerBoundaryIs>
				</Polygon>
			</MultiGeometry>
		</Placemark>
		<Placemark id="personne_morale.21317">
<styleUrl>#personne_morale</styleUrl>			<visibility>0</visibility>
			<ExtendedData>
				<SchemaData schemaUrl="#personne_morale">
					<SimpleData name="Numero de Parcelle">69056000AE0014</SimpleData>
					<SimpleData name="Departement">69</SimpleData>
					<SimpleData name="Commune">CHESSY</SimpleData>
					<SimpleData name="Adresse">32, MTE DES CARRIERES</SimpleData>
					<SimpleData name="Groupe de personne">Personnes morales non remarquables</SimpleData>
					<SimpleData name="Forme Juridique Abregee">SARL</SimpleData>
					<SimpleData name="Denomination">MEDIGUELAND</SimpleData>
				</SchemaData>
			</ExtendedData>
	<Region>
		<LatLonAltBox>
			<north> 45.8891011445774 </north>
			<south> 45.8887829324702 </south>
			<east> 4.6218705316222 </east>
			<west> 4.62148519320917 </west>
		</LatLonAltBox>
		<Lod>
			<minLodPixels>100</minLodPixels>
			<maxLodPixels>-1</maxLodPixels>
		</Lod>
	</Region>
			<MultiGeometry>
				<Polygon><altitudeMode>relativeToGround</altitudeMode>
					<outerBoundaryIs>
						<LinearRing>
							<coordinates>								4.62161729685523,45.8891011445774,0 4.62160492944304,45.8890665556246,0 4.62173860682357,45.88893692143869,0 4.62179579097149,45.888881519805,0 4.62183730190303,45.88884138437329,0 4.6218705316222,45.8888091135926,0 4.62181829949667,45.8887829324702,0 4.62178493819142,45.8888151150546,0 4.62174305371331,45.8888557061663,0 4.62168636934337,45.88891056019481,0 4.62154692029527,45.8890456811927,0 4.62152304907669,45.8890497163618,0 4.62149449972579,45.8890394077024,0 4.62148854440293,45.8890474191186,0 4.62148519320917,45.889051880525,0 4.6214910609651,45.8890540480754,0 4.62148993507447,45.88905523511001,0 4.62161729685523,45.8891011445774,0 
							</coordinates>
						</LinearRing>
					</outerBoundaryIs>
				</Polygon>
			</MultiGeometry>
		</Placemark>
		<Placemark id="personne_morale.21349">
<styleUrl>#personne_morale</styleUrl>			<visibility>0</visibility>
			<ExtendedData>
				<SchemaData schemaUrl="#personne_morale">
					<SimpleData name="Numero de Parcelle">69056000AL0014</SimpleData>
					<SimpleData name="Departement">69</SimpleData>
					<SimpleData name="Commune">CHESSY</SimpleData>
					<SimpleData name="Adresse">LES MINES</SimpleData>
					<SimpleData name="Groupe de personne">Personnes morales non remarquables</SimpleData>
					<SimpleData name="Forme Juridique Abregee">AUPM</SimpleData>
					<SimpleData name="Denomination">BUREAU DE RECHERCHES GEOLOGIQUES ET MINIERES</SimpleData>
				</SchemaData>
			</ExtendedData>
	<Region>
		<LatLonAltBox>
			<north> 45.8924722340142 </north>
			<south> 45.89056884869611 </south>
			<east> 4.60836435965416 </east>
			<west> 4.60732992557328 </west>
		</LatLonAltBox>
		<Lod>
			<minLodPixels>100</minLodPixels>
			<maxLodPixels>-1</maxLodPixels>
		</Lod>
	</Region>
			<MultiGeometry>
				<Polygon><altitudeMode>relativeToGround</altitudeMode>
					<outerBoundaryIs>
						<LinearRing>
							<coordinates>								4.60801339842257,45.8924722340142,0 4.60798871032876,45.89205476002321,0 4.60799709686261,45.89199735755141,0 4.60801363752898,45.89194091992571,0 4.6083522852674,45.8913506615924,0 4.60835672278796,45.89132591985441,0 4.60836342123616,45.8912371977223,0 4.60836435965416,45.8911544119438,0 4.60835705242224,45.89111173362421,0 4.60834114853357,45.8910794453378,0 4.6083229289655,45.89105178345449,0 4.60823757440127,45.8909777008049,0 4.60817086805668,45.8909371283213,0 4.60807223798762,45.89088989448451,0 4.60795288872868,45.8908221495404,0 4.60790071826544,45.8908111826572,0 4.60774697130894,45.8907536540133,0 4.60755664624275,45.8906536828568,0 4.60750448096761,45.8906473091838,0 4.60746869215416,45.8906407927226,0 4.60737441895514,45.8906146623075,0 4.6073660133406,45.89060064114619,0 4.60734690011395,45.89056884869611,0 4.60732992557328,45.89065465452521,0 4.60735422405592,45.8906607939763,0 4.60758135161019,45.8907533970357,0 4.60783547444324,45.8908693936901,0 4.60797667742331,45.8909523196389,0 4.60813659999648,45.8910667731411,0 4.60817826276753,45.89110662104751,0 4.60820342508018,45.8911512070387,0 4.60821848656646,45.8911899922169,0 4.60823956354885,45.8912669706974,0 4.60824174671571,45.89132854610691,0 4.60820681670929,45.8914841399266,0 4.60817889542688,45.89155722189,0 4.60815828255158,45.8916022788377,0 4.60799268928836,45.8919125762511,0 4.60793271726208,45.8920144853593,0 4.60792110689067,45.8920365369787,0 4.60791745347414,45.89205721448891,0 4.60792030411042,45.8920841943262,0 4.60794756733757,45.8922008048393,0 4.60801339842257,45.8924722340142,0 
							</coordinates>
						</LinearRing>
					</outerBoundaryIs>
				</Polygon>
			</MultiGeometry>
		</Placemark>
		<Placemark id="personne_morale.21528">
<styleUrl>#personne_morale</styleUrl>			<visibility>0</visibility>
			<ExtendedData>
				<SchemaData schemaUrl="#personne_morale">
					<SimpleData name="Numero de Parcelle">69056000AB0140</SimpleData>
					<SimpleData name="Departement">69</SimpleData>
					<SimpleData name="Commune">CHESSY</SimpleData>
					<SimpleData name="Adresse">1, IMP DES PEUPLIERS</SimpleData>
					<SimpleData name="Groupe de personne">Personnes morales non remarquables</SimpleData>
					<SimpleData name="Forme Juridique Abregee">SCI</SimpleData>
					<SimpleData name="Denomination">TMMD</SimpleData>
				</SchemaData>
			</ExtendedData>
	<Region>
		<LatLonAltBox>
			<north> 45.8969069569381 </north>
			<south> 45.8966028533813 </south>
			<east> 4.62473859059476 </east>
			<west> 4.62432420315189 </west>
		</LatLonAltBox>
		<Lod>
			<minLodPixels>100</minLodPixels>
			<maxLodPixels>-1</maxLodPixels>
		</Lod>
	</Region>
			<MultiGeometry>
				<Polygon><altitudeMode>relativeToGround</altitudeMode>
					<outerBoundaryIs>
						<LinearRing>
							<coordinates>								4.62446902778137,45.8969069569381,0 4.62473795047346,45.8967525890175,0 4.62469292057028,45.8967084720779,0 4.62472031816461,45.8966926767328,0 4.62473067376898,45.8966851423343,0 4.62473859059476,45.8966692666233,0 4.62473140802404,45.89665315753031,0 4.6246903605375,45.8966128563063,0 4.62467097476435,45.8966028670584,0 4.62464685216149,45.8966028533813,0 4.62462542619623,45.8966111773078,0 4.62450863204517,45.8966794158082,0 4.62442902584022,45.8967270347128,0 4.62432420315189,45.8967900572074,0 4.62446902778137,45.8969069569381,0 
							</coordinates>
						</LinearRing>
					</outerBoundaryIs>
				</Polygon>
			</MultiGeometry>
		</Placemark>
		<Placemark id="personne_morale.21563">
<styleUrl>#personne_morale</styleUrl>			<visibility>0</visibility>
			<ExtendedData>
				<SchemaData schemaUrl="#personne_morale">
					<SimpleData name="Numero de Parcelle">69056000AH0140</SimpleData>
					<SimpleData name="Departement">69</SimpleData>
					<SimpleData name="Commune">CHESSY</SimpleData>
					<SimpleData name="Adresse">BEAUREGARD</SimpleData>
					<SimpleData name="Groupe de personne">Personnes morales non remarquables</SimpleData>
					<SimpleData name="Forme Juridique Abregee">SAS</SimpleData>
					<SimpleData name="Denomination">CHARLES RIVER LABORATOIRE FRANCE CRLF</SimpleData>
				</SchemaData>
			</ExtendedData>
	<Region>
		<LatLonAltBox>
			<north> 45.8805205133499 </north>
			<south> 45.88024432869601 </south>
			<east> 4.61980904872368 </east>
			<west> 4.61904355247419 </west>
		</LatLonAltBox>
		<Lod>
			<minLodPixels>100</minLodPixels>
			<maxLodPixels>-1</maxLodPixels>
		</Lod>
	</Region>
			<MultiGeometry>
				<Polygon><altitudeMode>relativeToGround</altitudeMode>
					<outerBoundaryIs>
						<LinearRing>
							<coordinates>								4.61907324590981,45.8805205133499,0 4.61946112906598,45.88047145415621,0 4.61959221339982,45.8804516525575,0 4.61972119748327,45.8804262066038,0 4.61980904872368,45.8804053129182,0 4.61976730906127,45.88024432869601,0 4.61904355247419,45.8804403276329,0 4.61907324590981,45.8805205133499,0 
							</coordinates>
						</LinearRing>
					</outerBoundaryIs>
				</Polygon>
			</MultiGeometry>
		</Placemark>
		<Placemark id="personne_morale.22361">
<styleUrl>#personne_morale</styleUrl>			<visibility>0</visibility>
			<ExtendedData>
				<SchemaData schemaUrl="#personne_morale">
					<SimpleData name="Numero de Parcelle">69056000AB0143</SimpleData>
					<SimpleData name="Departement">69</SimpleData>
					<SimpleData name="Commune">CHESSY</SimpleData>
					<SimpleData name="Adresse">LES BRUYERES</SimpleData>
					<SimpleData name="Groupe de personne">Personnes morales non remarquables</SimpleData>
					<SimpleData name="Forme Juridique Abregee">SCI</SimpleData>
					<SimpleData name="Denomination">TMMD</SimpleData>
				</SchemaData>
			</ExtendedData>
	<Region>
		<LatLonAltBox>
			<north> 45.89679652773161 </north>
			<south> 45.8965542810456 </south>
			<east> 4.62490234272178 </east>
			<west> 4.62462542619623 </west>
		</LatLonAltBox>
		<Lod>
			<minLodPixels>100</minLodPixels>
			<maxLodPixels>-1</maxLodPixels>
		</Lod>
	</Region>
			<MultiGeometry>
				<Polygon><altitudeMode>relativeToGround</altitudeMode>
					<outerBoundaryIs>
						<LinearRing>
							<coordinates>								4.6247238499909,45.8965542810456,0 4.62462542619623,45.8966111773078,0 4.62464685216149,45.8966028533813,0 4.62467097476435,45.8966028670584,0 4.6246903605375,45.8966128563063,0 4.62473140802404,45.89665315753031,0 4.62473859059476,45.8966692666233,0 4.62473067376898,45.8966851423343,0 4.62472031816461,45.8966926767328,0 4.62469292057028,45.8967084720779,0 4.62473795047346,45.8967525890175,0 4.62478284620002,45.89679652773161,0 4.62485261502093,45.8967565256073,0 4.62490234272178,45.89672806997631,0 4.6247238499909,45.8965542810456,0 
							</coordinates>
						</LinearRing>
					</outerBoundaryIs>
				</Polygon>
			</MultiGeometry>
		</Placemark>
		<Placemark id="personne_morale.22929">
<styleUrl>#personne_morale</styleUrl>			<visibility>0</visibility>
			<ExtendedData>
				<SchemaData schemaUrl="#personne_morale">
					<SimpleData name="Numero de Parcelle">69056000AE0145</SimpleData>
					<SimpleData name="Departement">69</SimpleData>
					<SimpleData name="Commune">CHESSY</SimpleData>
					<SimpleData name="Adresse">439, RTE DE LA VALLEE</SimpleData>
					<SimpleData name="Groupe de personne">Personnes morales non remarquables</SimpleData>
					<SimpleData name="Forme Juridique Abregee">SCI</SimpleData>
					<SimpleData name="Denomination">GIBA</SimpleData>
				</SchemaData>
			</ExtendedData>
	<Region>
		<LatLonAltBox>
			<north> 45.8869015363388 </north>
			<south> 45.8867760082979 </south>
			<east> 4.62587601603855 </east>
			<west> 4.62570052469933 </west>
		</LatLonAltBox>
		<Lod>
			<minLodPixels>100</minLodPixels>
			<maxLodPixels>-1</maxLodPixels>
		</Lod>
	</Region>
			<MultiGeometry>
				<Polygon><altitudeMode>relativeToGround</altitudeMode>
					<outerBoundaryIs>
						<LinearRing>
							<coordinates>								4.62587601603855,45.8869008578738,0 4.62587598418013,45.8868997775119,0 4.62587303719156,45.8868392039042,0 4.62587078672736,45.8867760082979,0 4.62578032687137,45.88679181020151,0 4.62570052469933,45.8868060176831,0 4.6257134015424,45.886849065314,0 4.62577238256879,45.8868766787459,0 4.62577247067376,45.8869015363388,0 4.62578214220832,45.8869014873253,0 4.62579013514896,45.88690137238201,0 4.62587601603855,45.8869008578738,0 
							</coordinates>
						</LinearRing>
					</outerBoundaryIs>
				</Polygon>
			</MultiGeometry>
		</Placemark>
		<Placemark id="personne_morale.22967">
<styleUrl>#personne_morale</styleUrl>			<visibility>0</visibility>
			<ExtendedData>
				<SchemaData schemaUrl="#personne_morale">
					<SimpleData name="Numero de Parcelle">69056000AM0145</SimpleData>
					<SimpleData name="Departement">69</SimpleData>
					<SimpleData name="Commune">CHESSY</SimpleData>
					<SimpleData name="Adresse">552, RTE DE LENTILLY</SimpleData>
					<SimpleData name="Groupe de personne">Personnes morales non remarquables</SimpleData>
					<SimpleData name="Forme Juridique Abregee">SARL</SimpleData>
					<SimpleData name="Denomination">ROBEHELE</SimpleData>
				</SchemaData>
			</ExtendedData>
	<Region>
		<LatLonAltBox>
			<north> 45.8861068957863 </north>
			<south> 45.8858956313879 </south>
			<east> 4.60533350971249 </east>
			<west> 4.60505925734162 </west>
		</LatLonAltBox>
		<Lod>
			<minLodPixels>100</minLodPixels>
			<maxLodPixels>-1</maxLodPixels>
		</Lod>
	</Region>
			<MultiGeometry>
				<Polygon><altitudeMode>relativeToGround</altitudeMode>
					<outerBoundaryIs>
						<LinearRing>
							<coordinates>								4.60505925734162,45.8859910447478,0 4.60507138191381,45.88600438278629,0 4.6051912784028,45.8860648273027,0 4.6051830660502,45.8860751215735,0 4.60526691913084,45.8861068957863,0 4.60533350971249,45.88602416861781,0 4.60525113033053,45.88598985163049,0 4.60526169771729,45.885976281472,0 4.60521329814181,45.8859573339076,0 4.60522503364659,45.8859440173703,0 4.60513760195709,45.8858956313879,0 4.60505925734162,45.8859910447478,0 
							</coordinates>
						</LinearRing>
					</outerBoundaryIs>
				</Polygon>
			</MultiGeometry>
		</Placemark>
		<Placemark id="personne_morale.23462">
<styleUrl>#personne_morale</styleUrl>			<visibility>0</visibility>
			<ExtendedData>
				<SchemaData schemaUrl="#personne_morale">
					<SimpleData name="Numero de Parcelle">69056000AA0147</SimpleData>
					<SimpleData name="Departement">69</SimpleData>
					<SimpleData name="Commune">CHESSY</SimpleData>
					<SimpleData name="Adresse">SUR LES PUITS</SimpleData>
					<SimpleData name="Groupe de personne">Personnes morales non remarquables</SimpleData>
					<SimpleData name="Forme Juridique Abregee">AUPM</SimpleData>
					<SimpleData name="Denomination">BUREAU DE RECHERCHES GEOLOGIQUES ET MINIERES</SimpleData>
				</SchemaData>
			</ExtendedData>
	<Region>
		<LatLonAltBox>
			<north> 45.8971319950771 </north>
			<south> 45.896583021621 </south>
			<east> 4.61462135529202 </east>
			<west> 4.61384110039927 </west>
		</LatLonAltBox>
		<Lod>
			<minLodPixels>100</minLodPixels>
			<maxLodPixels>-1</maxLodPixels>
		</Lod>
	</Region>
			<MultiGeometry>
				<Polygon><altitudeMode>relativeToGround</altitudeMode>
					<outerBoundaryIs>
						<LinearRing>
							<coordinates>								4.61384110039927,45.89680812192199,0 4.61387608012499,45.8969102102013,0 4.61388760205319,45.89693805692121,0 4.61388983645505,45.8969438794545,0 4.61408057476871,45.8970656310077,0 4.61434038213522,45.8971319950771,0 4.61440773165423,45.89711923461049,0 4.61462135529202,45.8968551671347,0 4.61458787693146,45.8967118965149,0 4.6145429023836,45.8966649827496,0 4.61448049154806,45.8966129138406,0 4.61429050893925,45.896583021621,0 4.61408744172243,45.89668337415829,0 4.61384110039927,45.89680812192199,0 
							</coordinates>
						</LinearRing>
					</outerBoundaryIs>
				</Polygon>
			</MultiGeometry>
		</Placemark>
		<Placemark id="personne_morale.23516">
<styleUrl>#personne_morale</styleUrl>			<visibility>0</visibility>
			<ExtendedData>
				<SchemaData schemaUrl="#personne_morale">
					<SimpleData name="Numero de Parcelle">69056000AI0147</SimpleData>
					<SimpleData name="Departement">69</SimpleData>
					<SimpleData name="Commune">CHESSY</SimpleData>
					<SimpleData name="Adresse">LES SAILLANTS</SimpleData>
					<SimpleData name="Groupe de personne">Personnes morales non remarquables</SimpleData>
					<SimpleData name="Forme Juridique Abregee">AUPM</SimpleData>
					<SimpleData name="Denomination">BUREAU DE RECHERCHES GEOLOGIQUES ET MINIERES</SimpleData>
				</SchemaData>
			</ExtendedData>
	<Region>
		<LatLonAltBox>
			<north> 45.88813686557471 </north>
			<south> 45.8872982324272 </south>
			<east> 4.61355807851948 </east>
			<west> 4.61264890154549 </west>
		</LatLonAltBox>
		<Lod>
			<minLodPixels>100</minLodPixels>
			<maxLodPixels>-1</maxLodPixels>
		</Lod>
	</Region>
			<MultiGeometry>
				<Polygon><altitudeMode>relativeToGround</altitudeMode>
					<outerBoundaryIs>
						<LinearRing>
							<coordinates>								4.61346270653216,45.8873043171459,0 4.61334111759579,45.887327488527,0 4.61333368386735,45.8872982324272,0 4.61330395575505,45.88736215462241,0 4.61323784257299,45.88748288853469,0 4.61320641426553,45.887537197682,0 4.61316249641898,45.8875922254386,0 4.61309545985338,45.88765496861921,0 4.61296146323095,45.88771695579929,0 4.61288451846488,45.8878025373526,0 4.61264890154549,45.8880369229597,0 4.61281969629994,45.8881305891904,0 4.61282168555678,45.88813686557471,0 4.6128680314041,45.8881295393804,0 4.61291852483945,45.88807000460431,0 4.612972115349,45.8879399924152,0 4.61322007427294,45.8878982656735,0 4.61355807851948,45.88775149488529,0 4.61346270653216,45.8873043171459,0 
							</coordinates>
						</LinearRing>
					</outerBoundaryIs>
				</Polygon>
			</MultiGeometry>
		</Placemark>
		<Placemark id="personne_morale.23795">
<styleUrl>#personne_morale</styleUrl>			<visibility>0</visibility>
			<ExtendedData>
				<SchemaData schemaUrl="#personne_morale">
					<SimpleData name="Numero de Parcelle">69056000AH0148</SimpleData>
					<SimpleData name="Departement">69</SimpleData>
					<SimpleData name="Commune">CHESSY</SimpleData>
					<SimpleData name="Adresse">IMP DES CORBIERES</SimpleData>
					<SimpleData name="Groupe de personne">Personnes morales non remarquables</SimpleData>
					<SimpleData name="Forme Juridique Abregee">ASS</SimpleData>
					<SimpleData name="Denomination">ASSOCIATION SYNDICALE LIBRE LES CORBIERES</SimpleData>
				</SchemaData>
			</ExtendedData>
	<Region>
		<LatLonAltBox>
			<north> 45.8813462297875 </north>
			<south> 45.880997761846 </south>
			<east> 4.62047689606093 </east>
			<west> 4.61988818968 </west>
		</LatLonAltBox>
		<Lod>
			<minLodPixels>100</minLodPixels>
			<maxLodPixels>-1</maxLodPixels>
		</Lod>
	</Region>
			<MultiGeometry>
				<Polygon><altitudeMode>relativeToGround</altitudeMode>
					<outerBoundaryIs>
						<LinearRing>
							<coordinates>								4.61988818968,45.8810229472836,0 4.62003709239939,45.8813462297875,0 4.62047689606093,45.8813172288386,0 4.6204642289248,45.88131623953571,0 4.62044395636355,45.8813153592538,0 4.62041991379463,45.8813134521915,0 4.62040324794382,45.8813124301334,0 4.62036934506421,45.8813085027651,0 4.62035530950939,45.8813048310192,0 4.62034400742738,45.88130202077231,0 4.62033176597047,45.8812979630343,0 4.62031664626658,45.8812925054597,0 4.62030267613281,45.881286671133,0 4.6202893399473,45.8812804674451,0 4.62027688758459,45.88127362061031,0 4.62026219356976,45.8812650946084,0 4.6202506170975,45.88125733453451,0 4.62024268965989,45.8812508731807,0 4.62023592766316,45.8812445752585,0 4.62022861830208,45.88123720436301,0 4.62021392287057,45.8812198516924,0 4.62020156890569,45.8812031860061,0 4.62019033012502,45.88118497317581,0 4.62013181758529,45.8810544923723,0 4.62012421535621,45.88104154144009,0 4.62010984659386,45.88102652584839,0 4.6200903851299,45.8810137448789,0 4.62006884603289,45.8810048666142,0 4.62004327456686,45.8809991985214,0 4.62001782742205,45.880997761846,0 4.61999429338987,45.8809999905442,0 4.61998646987181,45.8810014536847,0 4.61988818968,45.8810229472836,0 
							</coordinates>
						</LinearRing>
					</outerBoundaryIs>
				</Polygon>
			</MultiGeometry>
		</Placemark>
		<Placemark id="personne_morale.23824">
<styleUrl>#personne_morale</styleUrl>			<visibility>0</visibility>
			<ExtendedData>
				<SchemaData schemaUrl="#personne_morale">
					<SimpleData name="Numero de Parcelle">69056000AM0148</SimpleData>
					<SimpleData name="Departement">69</SimpleData>
					<SimpleData name="Commune">CHESSY</SimpleData>
					<SimpleData name="Adresse">552, RTE DE LENTILLY</SimpleData>
					<SimpleData name="Groupe de personne">Personnes morales non remarquables</SimpleData>
					<SimpleData name="Forme Juridique Abregee">SARL</SimpleData>
					<SimpleData name="Denomination">ROBEHELE</SimpleData>
				</SchemaData>
			</ExtendedData>
	<Region>
		<LatLonAltBox>
			<north> 45.8859910447478 </north>
			<south> 45.88587868194979 </south>
			<east> 4.60513760195709 </east>
			<west> 4.60503874106579 </west>
		</LatLonAltBox>
		<Lod>
			<minLodPixels>100</minLodPixels>
			<maxLodPixels>-1</maxLodPixels>
		</Lod>
	</Region>
			<MultiGeometry>
				<Polygon><altitudeMode>relativeToGround</altitudeMode>
					<outerBoundaryIs>
						<LinearRing>
							<coordinates>								4.60505925734162,45.8859910447478,0 4.60513760195709,45.8858956313879,0 4.6051070585214,45.88587868194979,0 4.60503874106579,45.88596854885931,0 4.60505925734162,45.8859910447478,0 
							</coordinates>
						</LinearRing>
					</outerBoundaryIs>
				</Polygon>
			</MultiGeometry>
		</Placemark>
		<Placemark id="personne_morale.24110">
<styleUrl>#personne_morale</styleUrl>			<visibility>0</visibility>
			<ExtendedData>
				<SchemaData schemaUrl="#personne_morale">
					<SimpleData name="Numero de Parcelle">69056000AH0149</SimpleData>
					<SimpleData name="Departement">69</SimpleData>
					<SimpleData name="Commune">CHESSY</SimpleData>
					<SimpleData name="Adresse">IMP DES CORBIERES</SimpleData>
					<SimpleData name="Groupe de personne">Personnes morales non remarquables</SimpleData>
					<SimpleData name="Forme Juridique Abregee">ASS</SimpleData>
					<SimpleData name="Denomination">ASSOCIATION SYNDICALE LIBRE LES CORBIERES</SimpleData>
				</SchemaData>
			</ExtendedData>
	<Region>
		<LatLonAltBox>
			<north> 45.8810154758259 </north>
			<south> 45.8806920689842 </south>
			<east> 4.62049131350078 </east>
			<west> 4.6194940323395 </west>
		</LatLonAltBox>
		<Lod>
			<minLodPixels>100</minLodPixels>
			<maxLodPixels>-1</maxLodPixels>
		</Lod>
	</Region>
			<MultiGeometry>
				<Polygon><altitudeMode>relativeToGround</altitudeMode>
					<outerBoundaryIs>
						<LinearRing>
							<coordinates>								4.62048921633002,45.8806920689842,0 4.62027457182121,45.88073837851839,0 4.61996843149653,45.8808044628565,0 4.6199372031152,45.88074231298719,0 4.6196345632667,45.8808046534563,0 4.61967809886937,45.8809082385657,0 4.61956683108556,45.8809309987909,0 4.61955408338624,45.8809009185203,0 4.61954409757931,45.8809034033593,0 4.61953631372646,45.8809062169232,0 4.61952867464273,45.8809095688214,0 4.61952232989257,45.8809130823119,0 4.61951664024148,45.88091694668941,0 4.61950946983875,45.8809230839851,0 4.61950509567395,45.8809278301973,0 4.61950162384099,45.8809325634819,0 4.61949770778133,45.8809397349715,0 4.61949533064442,45.880946614209,0 4.6194940323395,45.8809550992178,0 4.61949437013318,45.8809622097643,0 4.61949558646263,45.880968497111,0 4.61949741029775,45.88097351479971,0 4.6194989260844,45.8809768256064,0 4.61950164167678,45.8809814702466,0 4.61950580166405,45.8809869948753,0 4.61951005882665,45.8809914372935,0 4.61951561561477,45.880996221365,0 4.61952061976566,45.8809997523992,0 4.61952692089806,45.8810035350563,0 4.6195328062303,45.8810063329201,0 4.61953998325572,45.8810092023459,0 4.61954766003572,45.8810115242022,0 4.61955545249987,45.8810133940597,0 4.61956141120966,45.881014299439,0 4.61957007956571,45.8810152560648,0 4.61957988691124,45.8810154758259,0 4.6195879999836,45.8810150893833,0 4.6195950659511,45.8810141775333,0 4.61960135320064,45.8810130967035,0 4.62008504075144,45.8809064601897,0 4.62009682326308,45.8809036793478,0 4.62010930778143,45.88089845660251,0 4.62012123700147,45.8808918907914,0 4.62012869952867,45.88088692015561,0 4.62014652325201,45.8808746856331,0 4.62015743374043,45.8808641714183,0 4.62018053652745,45.8808472677507,0 4.62019037151372,45.88083965112949,0 4.62020199793227,45.88083155849029,0 4.62021444009899,45.8808248952489,0 4.6202285606648,45.88081829801779,0 4.62024107425048,45.880814065591,0 4.62025029451992,45.8808118618669,0 4.62027051855392,45.8808067083073,0 4.6202861655193,45.8808037819863,0 4.62030617406606,45.8808000726001,0 4.62032284432563,45.88079686140179,0 4.62033567126394,45.88079451590491,0 4.62034913743155,45.88079198110741,0 4.62037196599062,45.8807876908779,0 4.62039960031147,45.8807801793685,0 4.62040958076625,45.8807775143933,0 4.62041836933378,45.8807737856842,0 4.62042974656775,45.8807703801392,0 4.62044034772919,45.88076689564971,0 4.62044454600917,45.88076494403559,0 4.62045343437364,45.8807602231429,0 4.62046015253087,45.8807562539052,0 4.62046733868058,45.8807506567308,0 4.62047650792305,45.8807423290819,0 4.62048049527703,45.88073758837581,0 4.62048482701046,45.8807314016416,0 4.62048723840973,45.8807256927768,0 4.62049061489702,45.8807177183722,0 4.62049131350078,45.880710773106,0 4.62049042821442,45.8807025895908,0 4.62048921633002,45.8806920689842,0 
							</coordinates>
						</LinearRing>
					</outerBoundaryIs>
				</Polygon>
			</MultiGeometry>
		</Placemark>
		<Placemark id="personne_morale.24441">
<styleUrl>#personne_morale</styleUrl>			<visibility>0</visibility>
			<ExtendedData>
				<SchemaData schemaUrl="#personne_morale">
					<SimpleData name="Numero de Parcelle">69056000AL0015</SimpleData>
					<SimpleData name="Departement">69</SimpleData>
					<SimpleData name="Commune">CHESSY</SimpleData>
					<SimpleData name="Adresse">LES MINES</SimpleData>
					<SimpleData name="Groupe de personne">Personnes morales non remarquables</SimpleData>
					<SimpleData name="Forme Juridique Abregee">AUPM</SimpleData>
					<SimpleData name="Denomination">BUREAU DE RECHERCHES GEOLOGIQUES ET MINIERES</SimpleData>
				</SchemaData>
			</ExtendedData>
	<Region>
		<LatLonAltBox>
			<north> 45.8920858082832 </north>
			<south> 45.890504054304 </south>
			<east> 4.6085985309165 </east>
			<west> 4.6073651008365 </west>
		</LatLonAltBox>
		<Lod>
			<minLodPixels>100</minLodPixels>
			<maxLodPixels>-1</maxLodPixels>
		</Lod>
	</Region>
			<MultiGeometry>
				<Polygon><altitudeMode>relativeToGround</altitudeMode>
					<outerBoundaryIs>
						<LinearRing>
							<coordinates>								4.6073651008365,45.8905560705046,0 4.60738353855261,45.8905779650854,0 4.60738848319225,45.8906059959755,0 4.60742454759024,45.8906219656742,0 4.60746893254387,45.8906269188466,0 4.60750485027608,45.8906334334748,0 4.60755701553814,45.8906398071476,0 4.60763314096936,45.8906761029277,0 4.60774642755947,45.8907394310146,0 4.60790004292193,45.8907968714621,0 4.6079522107457,45.8908077483151,0 4.60797663803082,45.8908182991308,0 4.60808318427211,45.8908804618004,0 4.60818207481664,45.8909277819905,0 4.60825419615486,45.8909682774423,0 4.60831684230843,45.8910155726613,0 4.60834611032994,45.8910417263601,0 4.60836432727984,45.8910692982091,0 4.60838023380566,45.8911016765228,0 4.60838753842768,45.8911442648103,0 4.60838709760495,45.8912219997067,0 4.60838069290614,45.8913296319278,0 4.60837151320763,45.8913686718595,0 4.60836470026596,45.8913827293054,0 4.60823325438197,45.8915945474297,0 4.60803363178713,45.8919498224927,0 4.60800737381842,45.8920534137779,0 4.6080094795375,45.8920858082832,0 4.6082261085248,45.8919199744327,0 4.60833839988172,45.8918075935947,0 4.60840720499177,45.8916857436568,0 4.60853860618707,45.8914105181324,0 4.60859600388351,45.8912381221097,0 4.60859780186129,45.89122017300959,0 4.6085985309165,45.8911611681383,0 4.60859101115418,45.89110237069431,0 4.60857566090843,45.8910448555399,0 4.60831842985092,45.890504054304,0 4.6073651008365,45.8905560705046,0 
							</coordinates>
						</LinearRing>
					</outerBoundaryIs>
				</Polygon>
			</MultiGeometry>
		</Placemark>
		<Placemark id="personne_morale.24703">
<styleUrl>#personne_morale</styleUrl>			<visibility>0</visibility>
			<ExtendedData>
				<SchemaData schemaUrl="#personne_morale">
					<SimpleData name="Numero de Parcelle">69056000AM0150</SimpleData>
					<SimpleData name="Departement">69</SimpleData>
					<SimpleData name="Commune">CHESSY</SimpleData>
					<SimpleData name="Adresse">552, RTE DE LENTILLY</SimpleData>
					<SimpleData name="Groupe de personne">Personnes morales non remarquables</SimpleData>
					<SimpleData name="Forme Juridique Abregee">SARL</SimpleData>
					<SimpleData name="Denomination">ROBEHELE</SimpleData>
				</SchemaData>
			</ExtendedData>
	<Region>
		<LatLonAltBox>
			<north> 45.88600620371821 </north>
			<south> 45.8858520725635 </south>
			<east> 4.6051070585214 </east>
			<west> 4.60498765428203 </west>
		</LatLonAltBox>
		<Lod>
			<minLodPixels>100</minLodPixels>
			<maxLodPixels>-1</maxLodPixels>
		</Lod>
	</Region>
			<MultiGeometry>
				<Polygon><altitudeMode>relativeToGround</altitudeMode>
					<outerBoundaryIs>
						<LinearRing>
							<coordinates>								4.60500656287311,45.88600620371821,0 4.60503874106579,45.88596854885931,0 4.6051070585214,45.88587868194979,0 4.60505908089728,45.8858520725635,0 4.60498765428203,45.88595918654231,0 4.60500656287311,45.88600620371821,0 
							</coordinates>
						</LinearRing>
					</outerBoundaryIs>
				</Polygon>
			</MultiGeometry>
		</Placemark>
		<Placemark id="personne_morale.25436">
<styleUrl>#personne_morale</styleUrl>			<visibility>0</visibility>
			<ExtendedData>
				<SchemaData schemaUrl="#personne_morale">
					<SimpleData name="Numero de Parcelle">69056000AA0153</SimpleData>
					<SimpleData name="Departement">69</SimpleData>
					<SimpleData name="Commune">CHESSY</SimpleData>
					<SimpleData name="Adresse">TERRE GRANGER</SimpleData>
					<SimpleData name="Groupe de personne">Personnes morales non remarquables</SimpleData>
					<SimpleData name="Forme Juridique Abregee">AUPM</SimpleData>
					<SimpleData name="Denomination">ASS MINERALOGIQUE ARBRESLE CHESSY LES MINES</SimpleData>
				</SchemaData>
			</ExtendedData>
	<Region>
		<LatLonAltBox>
			<north> 45.89673288135909 </north>
			<south> 45.89492970018959 </south>
			<east> 4.61356676998179 </east>
			<west> 4.6113081381162 </west>
		</LatLonAltBox>
		<Lod>
			<minLodPixels>100</minLodPixels>
			<maxLodPixels>-1</maxLodPixels>
		</Lod>
	</Region>
			<MultiGeometry>
				<Polygon><altitudeMode>relativeToGround</altitudeMode>
					<outerBoundaryIs>
						<LinearRing>
							<coordinates>								4.61234894357901,45.8952182717418,0 4.61202059796211,45.8953926414838,0 4.61152572711084,45.8956554887338,0 4.6113081381162,45.8957709945108,0 4.61168677860384,45.896116683288,0 4.6122980686497,45.8957986750149,0 4.6126053245144,45.89624823634739,0 4.61230815132899,45.89643891493349,0 4.61262504869971,45.89673288135909,0 4.61270386500276,45.8966799681611,0 4.61287649374475,45.8965708653784,0 4.61294136587842,45.8965307604318,0 4.61305396126527,45.89646844839869,0 4.61308389611213,45.89645108856679,0 4.61316110135528,45.8964048630569,0 4.61329326034761,45.8963234474503,0 4.61339620526917,45.8962575799637,0 4.61347774898507,45.8962053478346,0 4.61354001208927,45.8961554623431,0 4.61356676998179,45.896126528934,0 4.61356555570458,45.8960982648914,0 4.61353418167463,45.8960488148937,0 4.61343661210283,45.8958840315915,0 4.61329376907484,45.8957061137632,0 4.6132056437622,45.8955819062901,0 4.61313861287851,45.8954776631233,0 4.61305515215291,45.89538500288,0 4.61297602611603,45.8953082227883,0 4.61290420276539,45.8952429572531,0 4.61278016556857,45.8951080932949,0 4.61267059257246,45.89492970018959,0 4.61262552585963,45.8949677211787,0 4.6123728232271,45.8952055919058,0 4.61234894357901,45.8952182717418,0 
							</coordinates>
						</LinearRing>
					</outerBoundaryIs>
				</Polygon>
			</MultiGeometry>
		</Placemark>
		<Placemark id="personne_morale.26797">
<styleUrl>#personne_morale</styleUrl>			<visibility>0</visibility>
			<ExtendedData>
				<SchemaData schemaUrl="#personne_morale">
					<SimpleData name="Numero de Parcelle">69056000AB0158</SimpleData>
					<SimpleData name="Departement">69</SimpleData>
					<SimpleData name="Commune">CHESSY</SimpleData>
					<SimpleData name="Adresse">237, RUE DES AJONCS</SimpleData>
					<SimpleData name="Groupe de personne">Personnes morales non remarquables</SimpleData>
					<SimpleData name="Forme Juridique Abregee">SCI</SimpleData>
					<SimpleData name="Denomination">SAM</SimpleData>
				</SchemaData>
			</ExtendedData>
	<Region>
		<LatLonAltBox>
			<north> 45.8977934868594 </north>
			<south> 45.89745380905549 </south>
			<east> 4.62765323573116 </east>
			<west> 4.62715128757678 </west>
		</LatLonAltBox>
		<Lod>
			<minLodPixels>100</minLodPixels>
			<maxLodPixels>-1</maxLodPixels>
		</Lod>
	</Region>
			<MultiGeometry>
				<Polygon><altitudeMode>relativeToGround</altitudeMode>
					<outerBoundaryIs>
						<LinearRing>
							<coordinates>								4.62728932141077,45.897756189961,0 4.62735130975712,45.8977934868594,0 4.62744980480995,45.8977128091347,0 4.62749603200854,45.8976750356248,0 4.62753030560478,45.8976955282566,0 4.62757942400527,45.897655191183,0 4.62765323573116,45.8975948637368,0 4.62741597183406,45.89745380905549,0 4.62715128757678,45.897672971646,0 4.62728932141077,45.897756189961,0 
							</coordinates>
						</LinearRing>
					</outerBoundaryIs>
				</Polygon>
			</MultiGeometry>
		</Placemark>
		<Placemark id="personne_morale.26821">
<styleUrl>#personne_morale</styleUrl>			<visibility>0</visibility>
			<ExtendedData>
				<SchemaData schemaUrl="#personne_morale">
					<SimpleData name="Numero de Parcelle">69056000AE0158</SimpleData>
					<SimpleData name="Departement">69</SimpleData>
					<SimpleData name="Commune">CHESSY</SimpleData>
					<SimpleData name="Adresse">LE BOURG</SimpleData>
					<SimpleData name="Groupe de personne">Personnes morales non remarquables</SimpleData>
					<SimpleData name="Forme Juridique Abregee">SA</SimpleData>
					<SimpleData name="Denomination">ENEDIS</SimpleData>
				</SchemaData>
			</ExtendedData>
	<Region>
		<LatLonAltBox>
			<north> 45.8865972816209 </north>
			<south> 45.88652336681291 </south>
			<east> 4.62562429513595 </east>
			<west> 4.62555220732019 </west>
		</LatLonAltBox>
		<Lod>
			<minLodPixels>100</minLodPixels>
			<maxLodPixels>-1</maxLodPixels>
		</Lod>
	</Region>
			<MultiGeometry>
				<Polygon><altitudeMode>relativeToGround</altitudeMode>
					<outerBoundaryIs>
						<LinearRing>
							<coordinates>								4.62555220732019,45.8865304697181,0 4.62556604256587,45.8865972816209,0 4.62562429513595,45.8865870769012,0 4.62561569889181,45.886553605022,0 4.62561133764208,45.886536915024,0 4.62560771388698,45.88652336681291,0 4.62555220732019,45.8865304697181,0 
							</coordinates>
						</LinearRing>
					</outerBoundaryIs>
				</Polygon>
			</MultiGeometry>
		</Placemark>
		<Placemark id="personne_morale.26833">
<styleUrl>#personne_morale</styleUrl>			<visibility>0</visibility>
			<ExtendedData>
				<SchemaData schemaUrl="#personne_morale">
					<SimpleData name="Numero de Parcelle">69056000AH0158</SimpleData>
					<SimpleData name="Departement">69</SimpleData>
					<SimpleData name="Commune">CHESSY</SimpleData>
					<SimpleData name="Adresse">IMP DES CORBIERES</SimpleData>
					<SimpleData name="Groupe de personne">Personnes morales non remarquables</SimpleData>
					<SimpleData name="Forme Juridique Abregee">ASS</SimpleData>
					<SimpleData name="Denomination">ASSOCIATION SYNDICALE LIBRE LES CORBIERES</SimpleData>
				</SchemaData>
			</ExtendedData>
	<Region>
		<LatLonAltBox>
			<north> 45.88130149380531 </north>
			<south> 45.8811631982659 </south>
			<east> 4.62145221676903 </east>
			<west> 4.62104285338825 </west>
		</LatLonAltBox>
		<Lod>
			<minLodPixels>100</minLodPixels>
			<maxLodPixels>-1</maxLodPixels>
		</Lod>
	</Region>
			<MultiGeometry>
				<Polygon><altitudeMode>relativeToGround</altitudeMode>
					<outerBoundaryIs>
						<LinearRing>
							<coordinates>								4.62142425264819,45.8812958985656,0 4.62143271723526,45.8812899227192,0 4.62144222813272,45.8812800589307,0 4.62144708071716,45.8812740448242,0 4.62144954234059,45.8812700465136,0 4.62145221676903,45.8812645139908,0 4.6212999847231,45.8812230143763,0 4.62126933904856,45.8811631982659,0 4.62104285338825,45.88121472288879,0 4.62108897922484,45.8812220775007,0 4.62113462650852,45.8812306999118,0 4.62118811665008,45.8812429026244,0 4.62121396733333,45.88124928700291,0 4.62124205176606,45.881257080431,0 4.62129578998276,45.8812733326053,0 4.62138404290277,45.8813011588532,0 4.62139836729183,45.88130149380531,0 4.62141454849074,45.8812991901442,0 4.62142425264819,45.8812958985656,0 
							</coordinates>
						</LinearRing>
					</outerBoundaryIs>
				</Polygon>
			</MultiGeometry>
		</Placemark>
		<Placemark id="personne_morale.27368">
<styleUrl>#personne_morale</styleUrl>			<visibility>0</visibility>
			<ExtendedData>
				<SchemaData schemaUrl="#personne_morale">
					<SimpleData name="Numero de Parcelle">69056000AE0016</SimpleData>
					<SimpleData name="Departement">69</SimpleData>
					<SimpleData name="Commune">CHESSY</SimpleData>
					<SimpleData name="Adresse">32, MTE DES CARRIERES</SimpleData>
					<SimpleData name="Groupe de personne">Personnes morales non remarquables</SimpleData>
					<SimpleData name="Forme Juridique Abregee">SARL</SimpleData>
					<SimpleData name="Denomination">MEDIGUELAND</SimpleData>
				</SchemaData>
			</ExtendedData>
	<Region>
		<LatLonAltBox>
			<north> 45.8888557061663 </north>
			<south> 45.888412094082 </south>
			<east> 4.62199611689727 </east>
			<west> 4.62147048674061 </west>
		</LatLonAltBox>
		<Lod>
			<minLodPixels>100</minLodPixels>
			<maxLodPixels>-1</maxLodPixels>
		</Lod>
	</Region>
			<MultiGeometry>
				<Polygon><altitudeMode>relativeToGround</altitudeMode>
					<outerBoundaryIs>
						<LinearRing>
							<coordinates>								4.62181829949667,45.8887829324702,0 4.62199235516603,45.8886141695228,0 4.62199611689727,45.8886105128249,0 4.6219422231712,45.8885629193577,0 4.62186465485853,45.8884865734496,0 4.62178881836105,45.888412094082,0 4.62147048674061,45.8887184787037,0 4.62169147416378,45.8888297858295,0 4.62174305371331,45.8888557061663,0 4.62178493819142,45.8888151150546,0 4.62181829949667,45.8887829324702,0 
							</coordinates>
						</LinearRing>
					</outerBoundaryIs>
				</Polygon>
			</MultiGeometry>
		</Placemark>
		<Placemark id="personne_morale.27409">
<styleUrl>#personne_morale</styleUrl>			<visibility>0</visibility>
			<ExtendedData>
				<SchemaData schemaUrl="#personne_morale">
					<SimpleData name="Numero de Parcelle">69056000AL0016</SimpleData>
					<SimpleData name="Departement">69</SimpleData>
					<SimpleData name="Commune">CHESSY</SimpleData>
					<SimpleData name="Adresse">LES MINES</SimpleData>
					<SimpleData name="Groupe de personne">Personnes morales non remarquables</SimpleData>
					<SimpleData name="Forme Juridique Abregee">AUPM</SimpleData>
					<SimpleData name="Denomination">BUREAU DE RECHERCHES GEOLOGIQUES ET MINIERES</SimpleData>
				</SchemaData>
			</ExtendedData>
	<Region>
		<LatLonAltBox>
			<north> 45.8925698057348 </north>
			<south> 45.8903639572452 </south>
			<east> 4.60999646413445 </east>
			<west> 4.60806934041384 </west>
		</LatLonAltBox>
		<Lod>
			<minLodPixels>100</minLodPixels>
			<maxLodPixels>-1</maxLodPixels>
		</Lod>
	</Region>
			<MultiGeometry>
				<Polygon><altitudeMode>relativeToGround</altitudeMode>
					<outerBoundaryIs>
						<LinearRing>
							<coordinates>								4.60872434030488,45.8910214841074,0 4.60874205830181,45.8910894134347,0 4.60875051409711,45.891224485098,0 4.60873406918065,45.8913372139451,0 4.60871296617317,45.891409658629,0 4.60868395374048,45.8914806846898,0 4.60854119803115,45.8917292316849,0 4.60845877447619,45.8918396566813,0 4.60841572231395,45.8918892660901,0 4.6083586689199,45.8919452893388,0 4.60829480332009,45.8919977166725,0 4.60822489121478,45.8920462669846,0 4.60814982724207,45.89209065733549,0 4.60806934041384,45.8921304412294,0 4.60818034994997,45.8925577658181,0 4.60903071724312,45.8925698057348,0 4.60999646413445,45.89220425266931,0 4.60902399415428,45.8903639572452,0 4.60845622367694,45.8905143433242,0 4.60872434030488,45.8910214841074,0 
							</coordinates>
						</LinearRing>
					</outerBoundaryIs>
				</Polygon>
			</MultiGeometry>
		</Placemark>
		<Placemark id="personne_morale.27610">
<styleUrl>#personne_morale</styleUrl>			<visibility>0</visibility>
			<ExtendedData>
				<SchemaData schemaUrl="#personne_morale">
					<SimpleData name="Numero de Parcelle">69056000AA0160</SimpleData>
					<SimpleData name="Departement">69</SimpleData>
					<SimpleData name="Commune">CHESSY</SimpleData>
					<SimpleData name="Adresse">TERRE GRANGER</SimpleData>
					<SimpleData name="Groupe de personne">Personnes morales non remarquables</SimpleData>
					<SimpleData name="Forme Juridique Abregee">SARL</SimpleData>
					<SimpleData name="Denomination">LIM IMMOBILIERE</SimpleData>
				</SchemaData>
			</ExtendedData>
	<Region>
		<LatLonAltBox>
			<north> 45.8952182717418 </north>
			<south> 45.8923654545974 </south>
			<east> 4.61267059257246 </east>
			<west> 4.61001265265036 </west>
		</LatLonAltBox>
		<Lod>
			<minLodPixels>100</minLodPixels>
			<maxLodPixels>-1</maxLodPixels>
		</Lod>
	</Region>
			<MultiGeometry>
				<Polygon><altitudeMode>relativeToGround</altitudeMode>
					<outerBoundaryIs>
						<LinearRing>
							<coordinates>								4.61234894357901,45.8952182717418,0 4.6123728232271,45.8952055919058,0 4.61262552585963,45.8949677211787,0 4.61267059257246,45.89492970018959,0 4.61256841647813,45.8947263427198,0 4.61252660862108,45.894584721537,0 4.61246289709428,45.8944218864481,0 4.61243912434979,45.89437205757061,0 4.61231592408704,45.8942215994449,0 4.61226929058371,45.8941795721629,0 4.61223217478025,45.894141011873,0 4.61216177468276,45.8940714023424,0 4.61210260794416,45.8940021730174,0 4.61202244522415,45.89388100355391,0 4.61183223123841,45.8935957678341,0 4.6117479198428,45.8934429533941,0 4.61170030777981,45.8933012345533,0 4.61160676735867,45.8932650995781,0 4.61145112579909,45.89324020743909,0 4.61138302240827,45.8932049706996,0 4.61132240777531,45.8931699874702,0 4.61130585952862,45.8931466254816,0 4.61128729308114,45.8931027567473,0 4.61128075165946,45.893046647534,0 4.61128565371055,45.8929672277667,0 4.61130444894968,45.89291742251789,0 4.61134183939348,45.8928462763491,0 4.61135781640931,45.89277948840079,0 4.61135969240649,45.89272452018319,0 4.61134571755508,45.8926347414096,0 4.61133760001135,45.892586490578,0 4.6113063325432,45.8924787645057,0 4.61128569026672,45.8924565416777,0 4.61122237158976,45.8924084470146,0 4.61114257080247,45.8923701343907,0 4.61110438335953,45.8923654545974,0 4.61105598396515,45.8923732596159,0 4.61099371511764,45.8923963936537,0 4.61094001093688,45.8924257103883,0 4.61058390896914,45.8926606370028,0 4.61047100509517,45.8927475395979,0 4.61040776184045,45.8927814953403,0 4.61037679412215,45.8927943657913,0 4.61034387406297,45.8928022202329,0 4.61030393377297,45.8928081931523,0 4.6102712137866,45.89280964989649,0 4.61020962634821,45.89279431476051,0 4.61005885344402,45.8927019805535,0 4.61002616779307,45.8927001942918,0 4.61001265265036,45.8927409173294,0 4.6100539499379,45.8927681602712,0 4.6102186784052,45.8929099231975,0 4.6102314209125,45.8929531544917,0 4.61023079129241,45.8931347405005,0 4.61019647428797,45.8932537586737,0 4.61016799133125,45.8933428812533,0 4.61013380117438,45.8934220875524,0 4.61007762108546,45.8934991751415,0 4.61006401958783,45.8935104471856,0 4.6101315484769,45.89356577805269,0 4.61046867664765,45.89383793576691,0 4.61081227601468,45.89410630754649,0 4.61092757926609,45.8940219824284,0 4.61124727361512,45.89394897551269,0 4.61176525819513,45.89436689413139,0 4.61178612770869,45.8943924461628,0 4.61180011886204,45.89441656508491,0 4.61180835887237,45.8945395706014,0 4.61187047119398,45.89468747754029,0 4.61193154589365,45.8947381257819,0 4.61199856755741,45.8947848162841,0 4.61207101517098,45.8948273763284,0 4.61207573326574,45.89482992103409,0 4.6120200789015,45.89496464564601,0 4.61198865068846,45.8950412011823,0 4.61216148499498,45.89517744180859,0 4.61231799626149,45.8951083796982,0 4.61234894357901,45.8952182717418,0 
							</coordinates>
						</LinearRing>
					</outerBoundaryIs>
				</Polygon>
			</MultiGeometry>
		</Placemark>
		<Placemark id="personne_morale.27925">
<styleUrl>#personne_morale</styleUrl>			<visibility>0</visibility>
			<ExtendedData>
				<SchemaData schemaUrl="#personne_morale">
					<SimpleData name="Numero de Parcelle">69056000AM0161</SimpleData>
					<SimpleData name="Departement">69</SimpleData>
					<SimpleData name="Commune">CHESSY</SimpleData>
					<SimpleData name="Adresse">501, RTE DE LENTILLY</SimpleData>
					<SimpleData name="Groupe de personne">Personnes morales non remarquables</SimpleData>
					<SimpleData name="Forme Juridique Abregee">ASS</SimpleData>
					<SimpleData name="Denomination">ASSOCIATION SYNDICALE DU LOTISSEMENT LES HAUTS DU JANGOT</SimpleData>
				</SchemaData>
			</ExtendedData>
	<Region>
		<LatLonAltBox>
			<north> 45.8862361131193 </north>
			<south> 45.8859488766725 </south>
			<east> 4.60630288867935 </east>
			<west> 4.60581561700585 </west>
		</LatLonAltBox>
		<Lod>
			<minLodPixels>100</minLodPixels>
			<maxLodPixels>-1</maxLodPixels>
		</Lod>
	</Region>
			<MultiGeometry>
				<Polygon><altitudeMode>relativeToGround</altitudeMode>
					<outerBoundaryIs>
						<LinearRing>
							<coordinates>								4.60620491500557,45.88598269949049,0 4.60610681515801,45.8859488766725,0 4.60607336427193,45.8859870903335,0 4.60608094897595,45.8859906753645,0 4.60608816266527,45.885994806073,0 4.60609461596663,45.885999397923,0 4.60610043779698,45.886004449083,0 4.60610549661677,45.88600987135419,0 4.60610979242587,45.8860156647365,0 4.60611319368457,45.886021741031,0 4.60611569777006,45.88602801020711,0 4.6061173020595,45.8860343822342,0 4.60611787763554,45.886040858944,0 4.6061175507923,45.8860473484742,0 4.60611631890691,45.8860537607943,0 4.6061140504394,45.8860600077051,0 4.60606890349731,45.8861128884537,0 4.60606299124734,45.8861180162459,0 4.60605642129772,45.8861227030419,0 4.60604919102598,45.8861268588108,0 4.60604142934943,45.88613048172131,0 4.60603326518546,45.8861335699417,0 4.6060244406997,45.88613612713479,0 4.60601546631659,45.88613796591369,0 4.60600621574159,45.8861391781403,0 4.60599681789227,45.8861397619831,0 4.60598739906386,45.8861396255803,0 4.60592249640908,45.88613415272589,0 4.60591073871535,45.8861334190653,0 4.60589887308239,45.88613340747969,0 4.60588702318262,45.8861339360765,0 4.60587532317732,45.8861351830859,0 4.60586389673899,45.8861369666153,0 4.6058524886549,45.8861393803579,0 4.60584148567654,45.8861424188202,0 4.60583088780359,45.88614608200221,0 4.6058205608743,45.886150191674,0 4.60581561700585,45.886153144069,0 4.60596028826684,45.8862361131193,0 4.60600242269087,45.886186067316,0 4.60607611802273,45.8861923158922,0 4.60617090346236,45.88608135669009,0 4.60617602645963,45.886075699698,0 4.60618193869455,45.8860705718999,0 4.6061886375444,45.88606588326509,0 4.60619599409203,45.88606163562499,0 4.60620388466581,45.8860580108724,0 4.60621230926591,45.88605500900699,0 4.60622113897545,45.8860526318605,0 4.60623024750038,45.88605097129491,0 4.60623963221826,45.8860499372795,0 4.60624916683511,45.8860496216767,0 4.60625859351719,45.8860500281496,0 4.60626803855911,45.8860510648359,0 4.60627712045566,45.886052917292,0 4.60630288867935,45.8860166140858,0 4.60620491500557,45.88598269949049,0 
							</coordinates>
						</LinearRing>
					</outerBoundaryIs>
				</Polygon>
			</MultiGeometry>
		</Placemark>
		<Placemark id="personne_morale.28167">
<styleUrl>#personne_morale</styleUrl>			<visibility>0</visibility>
			<ExtendedData>
				<SchemaData schemaUrl="#personne_morale">
					<SimpleData name="Numero de Parcelle">69056000AK0162</SimpleData>
					<SimpleData name="Departement">69</SimpleData>
					<SimpleData name="Commune">CHESSY</SimpleData>
					<SimpleData name="Adresse">LES ECUBLISES</SimpleData>
					<SimpleData name="Groupe de personne">Personnes morales non remarquables</SimpleData>
					<SimpleData name="Forme Juridique Abregee">AUPM</SimpleData>
					<SimpleData name="Denomination">PROP IND PARCELLES AK 72 ET AK 98</SimpleData>
				</SchemaData>
			</ExtendedData>
	<Region>
		<LatLonAltBox>
			<north> 45.8911388267655 </north>
			<south> 45.890834361829 </south>
			<east> 4.61706283485102 </east>
			<west> 4.61672341458804 </west>
		</LatLonAltBox>
		<Lod>
			<minLodPixels>100</minLodPixels>
			<maxLodPixels>-1</maxLodPixels>
		</Lod>
	</Region>
			<MultiGeometry>
				<Polygon><altitudeMode>relativeToGround</altitudeMode>
					<outerBoundaryIs>
						<LinearRing>
							<coordinates>								4.61700289733471,45.8911388267655,0 4.61702228805206,45.89112711078879,0 4.61706283485102,45.8911023025543,0 4.61690463482083,45.8909812618029,0 4.61678488768308,45.890834361829,0 4.61675677172184,45.8908432302861,0 4.61672341458804,45.89085370484,0 4.61677076328302,45.89091130185049,0 4.61684019844684,45.8909963239832,0 4.61684529529775,45.8909985928675,0 4.61685001328522,45.8910011373738,0 4.61685619172971,45.8910051020848,0 4.61685935993832,45.8910075786853,0 4.61686187294432,45.891009704383,0 4.61700289733471,45.8911388267655,0 
							</coordinates>
						</LinearRing>
					</outerBoundaryIs>
				</Polygon>
			</MultiGeometry>
		</Placemark>
		<Placemark id="personne_morale.28179">
<styleUrl>#personne_morale</styleUrl>			<visibility>0</visibility>
			<ExtendedData>
				<SchemaData schemaUrl="#personne_morale">
					<SimpleData name="Numero de Parcelle">69056000AM0162</SimpleData>
					<SimpleData name="Departement">69</SimpleData>
					<SimpleData name="Commune">CHESSY</SimpleData>
					<SimpleData name="Adresse">501, RTE DE LENTILLY</SimpleData>
					<SimpleData name="Groupe de personne">Personnes morales non remarquables</SimpleData>
					<SimpleData name="Forme Juridique Abregee">ASS</SimpleData>
					<SimpleData name="Denomination">ASSOCIATION SYNDICALE DU LOTISSEMENT LES HAUTS DU JANGOT</SimpleData>
				</SchemaData>
			</ExtendedData>
	<Region>
		<LatLonAltBox>
			<north> 45.8863758534528 </north>
			<south> 45.8860971623935 </south>
			<east> 4.60620437385194 </east>
			<west> 4.60571080948478 </west>
		</LatLonAltBox>
		<Lod>
			<minLodPixels>100</minLodPixels>
			<maxLodPixels>-1</maxLodPixels>
		</Lod>
	</Region>
			<MultiGeometry>
				<Polygon><altitudeMode>relativeToGround</altitudeMode>
					<outerBoundaryIs>
						<LinearRing>
							<coordinates>								4.60620437385194,45.8863758534528,0 4.60596028826684,45.8862361131193,0 4.60581561700585,45.886153144069,0 4.60571764560513,45.8860971623935,0 4.60571080948478,45.8861059960712,0 4.60620437385194,45.8863758534528,0 
							</coordinates>
						</LinearRing>
					</outerBoundaryIs>
				</Polygon>
			</MultiGeometry>
		</Placemark>
		<Placemark id="personne_morale.28406">
<styleUrl>#personne_morale</styleUrl>			<visibility>0</visibility>
			<ExtendedData>
				<SchemaData schemaUrl="#personne_morale">
					<SimpleData name="Numero de Parcelle">69056000AK0163</SimpleData>
					<SimpleData name="Departement">69</SimpleData>
					<SimpleData name="Commune">CHESSY</SimpleData>
					<SimpleData name="Adresse">LES ECUBLISES</SimpleData>
					<SimpleData name="Groupe de personne">Personnes morales non remarquables</SimpleData>
					<SimpleData name="Forme Juridique Abregee">AUPM</SimpleData>
					<SimpleData name="Denomination">PROP IND PARCELLES AK 72 ET AK 98</SimpleData>
				</SchemaData>
			</ExtendedData>
	<Region>
		<LatLonAltBox>
			<north> 45.89179924487419 </north>
			<south> 45.8900602310779 </south>
			<east> 4.61684019844684 </east>
			<west> 4.61516693457415 </west>
		</LatLonAltBox>
		<Lod>
			<minLodPixels>100</minLodPixels>
			<maxLodPixels>-1</maxLodPixels>
		</Lod>
	</Region>
			<MultiGeometry>
				<Polygon><altitudeMode>relativeToGround</altitudeMode>
					<outerBoundaryIs>
						<LinearRing>
							<coordinates>								4.61638533927533,45.8910292176911,0 4.61640229529282,45.8910356403213,0 4.61641349927647,45.89103944314011,0 4.61642910794422,45.8910439035303,0 4.61644340093378,45.8910474820472,0 4.61645793594387,45.8910505166934,0 4.61647193412418,45.891052838468,0 4.61648319841151,45.8910542986467,0 4.61650776872458,45.8910564692643,0 4.61651305742971,45.89105648371729,0 4.61652107211028,45.8910570896723,0 4.61654351357546,45.8910570390164,0 4.61655871393009,45.89105637134381,0 4.61657646645389,45.891054766497,0 4.61658957755379,45.8910532280113,0 4.61660369632088,45.8910508645031,0 4.61661344472084,45.8910490138229,0 4.61663176532342,45.8910447888691,0 4.61664698900204,45.8910405181262,0 4.61666295720825,45.8910352459859,0 4.61667507076096,45.89103047930139,0 4.61668843927418,45.8910245237853,0 4.61670155520802,45.89101875201541,0 4.61676379898334,45.8909948945922,0 4.61677274475622,45.89099206462599,0 4.61678223000315,45.8909900375578,0 4.61678839743775,45.890989228819,0 4.61679663564495,45.89098866067219,0 4.61680385826748,45.89098864745661,0 4.61681251758266,45.8909892441724,0 4.61681925353528,45.8909902286646,0 4.61682639211466,45.89099174780749,0 4.61683393860164,45.8909939816618,0 4.61684019844684,45.8909963239832,0 4.61677076328302,45.89091130185049,0 4.61672341458804,45.89085370484,0 4.61672610139175,45.8908573592135,0 4.6167290856536,45.8908623603553,0 4.61673156212447,45.8908676389626,0 4.61673310969861,45.8908720301712,0 4.61673441261767,45.890876875219,0 4.61673506825679,45.8908816394544,0 4.61673526098665,45.89088821167159,0 4.61673464318645,45.8908935345253,0 4.61673316249179,45.89090022073979,0 4.61672845111281,45.8909110962851,0 4.61672251601627,45.8909198276935,0 4.61671588875536,45.8909269477728,0 4.61671010062733,45.8909318942177,0 4.6166932251137,45.8909414125407,0 4.61662367776942,45.8909713188519,0 4.61659559075145,45.8909811776031,0 4.61659008907538,45.8909826973572,0 4.61657804637665,45.8909854815208,0 4.6165654694846,45.8909876428442,0 4.61655441069247,45.8909887917112,0 4.61654024442237,45.8909895346665,0 4.61652915131188,45.89098951313609,0 4.61652075513583,45.8909890927726,0 4.61651170111971,45.8909882314733,0 4.61650393374673,45.8909872617095,0 4.61649420869241,45.8909855093217,0 4.61648784897199,45.89098415915871,0 4.61648135240445,45.8909825407474,0 4.61647550047853,45.89098091311929,0 4.61647055105067,45.89097927258769,0 4.61646507799104,45.89097736933801,0 4.61645777089994,45.8909745015598,0 4.61645450281952,45.8909730171255,0 4.61645175837122,45.8909717954092,0 4.61644665361997,45.890969256416,0 4.61626301221708,45.8908822639982,0 4.61625451840343,45.8908785124907,0 4.61624497205221,45.8908740554838,0 4.61623189186039,45.8908678476304,0 4.61622076934483,45.89086242240359,0 4.61620296329528,45.890853399923,0 4.61619536670731,45.8908494554493,0 4.61618946993684,45.89084629728981,0 4.61617701856217,45.8908395400327,0 4.61615432870969,45.8908267144276,0 4.61613266765158,45.8908137840442,0 4.61611598239597,45.8908033945078,0 4.61610020491959,45.8907931721296,0 4.61609046896901,45.8907866462537,0 4.61607124965223,45.8907734107528,0 4.61605925860001,45.89076475547321,0 4.61604844637423,45.8907567138197,0 4.6159681029005,45.8906911217085,0 4.61586618203269,45.8906022400827,0 4.61579449068161,45.8905413878766,0 4.61570817424965,45.8904656131871,0 4.61570524550897,45.89046250265671,0 4.61570349030426,45.8904598256964,0 4.61570210341187,45.8904565129959,0 4.61570162164735,45.8904532774289,0 4.61570141620594,45.8904506683898,0 4.61570220260435,45.8904466941554,0 4.61570450446566,45.89044161744701,0 4.61569249948845,45.8904544886056,0 4.61522809638874,45.8900602310779,0 4.61516693457415,45.89016063007981,0 4.61518885438025,45.8901559936673,0 4.61520710125862,45.8901536614248,0 4.61522880045088,45.8901547024459,0 4.61524124859801,45.890156956445,0 4.61525675700932,45.89016240917329,0 4.61526618214418,45.89016713819669,0 4.61528532224693,45.890182086254,0 4.61544619127337,45.89032398684879,0 4.61560081423869,45.89045958164561,0 4.61563819568909,45.8904984072344,0 4.61564122433341,45.8905005255898,0 4.61564400040032,45.8905028276906,0 4.61564757377551,45.8905059290108,0 4.61565023410752,45.8905086831058,0 4.61565330760483,45.8905123319776,0 4.61565653113659,45.8905166992502,0 4.61565883370993,45.8905204492065,0 4.6156607547787,45.8905243847507,0 4.61566256802746,45.8905290423805,0 4.61566417355109,45.89053541427251,0 4.61566487130762,45.8905416190005,0 4.61566465338161,45.8905473864731,0 4.61566390127786,45.89055253110249,0 4.6156628754892,45.8905571392343,0 4.61566082883546,45.8905621222267,0 4.6156581454599,45.8905673845221,0 4.61565432020643,45.8905732936116,0 4.61565045537691,45.890577852245,0 4.61564443571865,45.8905837026241,0 4.61563583487358,45.89058949981939,0 4.61552333355369,45.8906545153304,0 4.6154453700527,45.890700933563,0 4.61539778519124,45.8906660365542,0 4.61528327193967,45.8907856618298,0 4.61531912500683,45.8908647697974,0 4.61537364440945,45.890881013737,0 4.61538587443934,45.8908846218604,0 4.61540868082939,45.8908398023715,0 4.6154243635253,45.8908159804586,0 4.61543567388229,45.8908014079614,0 4.61545358526085,45.890778815154,0 4.61546109141906,45.89077087198,0 4.61547061557235,45.8907613688141,0 4.61548066070951,45.8907520383394,0 4.61548267342985,45.890750298287,0 4.61549109790262,45.8907428823982,0 4.61550621308301,45.8907305072304,0 4.61551529801679,45.8907236223112,0 4.61556832937985,45.8906890890103,0 4.61565800634069,45.89063745949251,0 4.61569691726894,45.89061843948669,0 4.61570510794007,45.8906162508723,0 4.61574736219254,45.8906188894839,0 4.61577266363039,45.89061960871991,0 4.61579631840029,45.89062575556951,0 4.61581611891002,45.8906368211749,0 4.61595318196795,45.8907585257771,0 4.61612177718553,45.8908734747359,0 4.61615496418095,45.8909011916731,0 4.61616633635568,45.8909327330904,0 4.6161642226858,45.8909530286295,0 4.61615416942358,45.8909884790349,0 4.61613620137439,45.89102233128051,0 4.61602040920269,45.8912215057377,0 4.61596863825103,45.8912902471144,0 4.61594064481357,45.8913209100945,0 4.61588218670988,45.89137713746879,0 4.61581756062337,45.89142976016719,0 4.61574676127197,45.8914785981182,0 4.61554072017819,45.8915999819304,0 4.61549345573084,45.8916024586319,0 4.61548084895978,45.89159480283631,0 4.6154379374323,45.8915741598863,0 4.61539104263953,45.89155843750829,0 4.61536930068479,45.8915559560318,0 4.61532827468355,45.8915556414916,0 4.61528767536149,45.8915610851986,0 4.61524942610011,45.8915718994032,0 4.61521773936697,45.8915865828393,0 4.61526302841124,45.89170158326731,0 4.61529890971788,45.89179924487419,0 4.61536307738757,45.8917969771,0 4.61536280798912,45.8917833806666,0 4.6153628182121,45.8917793274562,0 4.6153635861883,45.8917747230112,0 4.61536548815613,45.8917692016837,0 4.6153678112072,45.8917648452253,0 4.61537140509333,45.8917598401336,0 4.61537502799633,45.8917558253762,0 4.61537955868533,45.89175197778501,0 4.61538512345229,45.89174820548759,0 4.61549577993734,45.8916817754175,0 4.61572462999481,45.89154205212569,0 4.61574413950093,45.8915299744041,0 4.61576656160594,45.8915160536937,0 4.61577998538357,45.8915075755913,0 4.61578884421566,45.8915017746998,0 4.6158031414676,45.89149229336261,0 4.61581995661408,45.8914807044733,0 4.61583499840606,45.8914702217423,0 4.6158472486039,45.8914613100632,0 4.6158598697535,45.8914518526725,0 4.61586933363379,45.8914446921057,0 4.6158780318519,45.8914378126852,0 4.61589265516779,45.8914262551097,0 4.61590764679372,45.89141406179159,0 4.61593465937589,45.8913895374706,0 4.61594922461184,45.8913759992192,0 4.61595612571738,45.89136941568171,0 4.61597417429077,45.8913515043721,0 4.61598080961526,45.8913446544274,0 4.61599057316369,45.89133451731939,0 4.61600082603522,45.8913234725356,0 4.61600969498985,45.8913136184164,0 4.61602067920394,45.8913011220878,0 4.6160301479333,45.8912897282365,0 4.61603202117092,45.8912876298955,0 4.61603438373419,45.89128462387929,0 4.61603712516707,45.8912813422435,0 4.61604110574779,45.891276331602,0 4.61604284741656,45.8912741450733,0 4.6160452126177,45.8912712290872,0 4.6160488169663,45.8912665840955,0 4.61605068492435,45.89126430569339,0 4.61605341579908,45.8912606639356,0 4.61605652290399,45.8912566565278,0 4.6160587565357,45.8912536523539,0 4.61606296857968,45.8912477377221,0 4.61606557580202,45.89124427786759,0 4.61606830139665,45.89124045604869,0 4.616070532388,45.8912373618443,0 4.61609924044764,45.89119588044241,0 4.61613715772583,45.89112535553101,0 4.61619063249804,45.8910179504958,0 4.6161919768107,45.8910154093722,0 4.61619357634063,45.8910127745321,0 4.61619493912784,45.8910108636211,0 4.61619655449307,45.89100876896341,0 4.61619992734781,45.8910050279567,0 4.61620356861579,45.8910016433855,0 4.61620835968088,45.8909978821056,0 4.61621304293133,45.8909948429116,0 4.6162181182447,45.8909919782491,0 4.61622473805754,45.8909890014398,0 4.61623636231817,45.8909851424783,0 4.61624828666321,45.8909827203156,0 4.61626283180216,45.8909817017765,0 4.61627781915259,45.8909825683445,0 4.61628988074471,45.8909848277574,0 4.61629742984843,45.8909871516778,0 4.61630708667566,45.89099097662451,0 4.61638533927533,45.8910292176911,0 
							</coordinates>
						</LinearRing>
					</outerBoundaryIs>
				</Polygon>
			</MultiGeometry>
		</Placemark>
		<Placemark id="personne_morale.28637">
<styleUrl>#personne_morale</styleUrl>			<visibility>0</visibility>
			<ExtendedData>
				<SchemaData schemaUrl="#personne_morale">
					<SimpleData name="Numero de Parcelle">69056000AK0164</SimpleData>
					<SimpleData name="Departement">69</SimpleData>
					<SimpleData name="Commune">CHESSY</SimpleData>
					<SimpleData name="Adresse">LES ECUBLISES</SimpleData>
					<SimpleData name="Groupe de personne">Personnes morales non remarquables</SimpleData>
					<SimpleData name="Forme Juridique Abregee">AUPM</SimpleData>
					<SimpleData name="Denomination">PROP IND PARCELLES AK 72 ET AK 98</SimpleData>
				</SchemaData>
			</ExtendedData>
	<Region>
		<LatLonAltBox>
			<north> 45.8916024586319 </north>
			<south> 45.8906162508723 </south>
			<east> 4.61616633635568 </east>
			<west> 4.61518888013664 </west>
		</LatLonAltBox>
		<Lod>
			<minLodPixels>100</minLodPixels>
			<maxLodPixels>-1</maxLodPixels>
		</Lod>
	</Region>
			<MultiGeometry>
				<Polygon><altitudeMode>relativeToGround</altitudeMode>
					<outerBoundaryIs>
						<LinearRing>
							<coordinates>								4.61570510794007,45.8906162508723,0 4.61571235953705,45.8906172280607,0 4.61574381326947,45.8906254251042,0 4.61576797619403,45.8906357078306,0 4.61578013303985,45.8906456217241,0 4.61579370545406,45.890655425318,0 4.61580787801877,45.8906681025128,0 4.61584739046888,45.8907004126782,0 4.61590351501486,45.8907494182128,0 4.61594638799407,45.89078636385769,0 4.61610718123206,45.8908947593086,0 4.61611311495068,45.89089917789791,0 4.61611722784239,45.8909030821051,0 4.6161225987355,45.8909103008504,0 4.61612451193353,45.8909139662956,0 4.61612661739936,45.8909197906272,0 4.61612754931674,45.890925181393,0 4.61612743661345,45.8909301367501,0 4.61612691073424,45.8909341973321,0 4.61612621897878,45.8909369993316,0 4.61610294267156,45.8909877701854,0 4.61608593251035,45.891023500161,0 4.61605040984292,45.8910965127351,0 4.616019837245,45.8911491892205,0 4.6159926499056,45.8911897481852,0 4.6159909082375,45.89119193471319,0 4.6159864277768,45.8911974929062,0 4.61598032665829,45.891204965693,0 4.61597596720753,45.8912102519517,0 4.6159699844594,45.8912173627736,0 4.61596512512471,45.89122319658511,0 4.61595789530742,45.8912317663199,0 4.61594966044559,45.8912412510999,0 4.61594317253058,45.8912487294128,0 4.61593580849992,45.8912571209281,0 4.61592007011084,45.8912746389418,0 4.61590769404845,45.8912880558338,0 4.61588942983657,45.8913074113044,0 4.61587528569502,45.8913221144154,0 4.61586037588751,45.8913370986714,0 4.61584608433052,45.8913511734085,0 4.61583291354848,45.8913638811048,0 4.61582300256599,45.891373389829,0 4.61580868988089,45.89138674431829,0 4.61573234169672,45.8914398947609,0 4.61565649290057,45.8914880842681,0 4.61551142504502,45.89157743315211,0 4.61533975737922,45.89148531439359,0 4.61526507916496,45.8914986305565,0 4.61518888013664,45.8915128690764,0 4.61521773936697,45.8915865828393,0 4.61524942610011,45.8915718994032,0 4.61528767536149,45.8915610851986,0 4.61532827468355,45.8915556414916,0 4.61536930068479,45.8915559560318,0 4.61539104263953,45.89155843750829,0 4.6154379374323,45.8915741598863,0 4.61548084895978,45.89159480283631,0 4.61549345573084,45.8916024586319,0 4.61554072017819,45.8915999819304,0 4.61574676127197,45.8914785981182,0 4.61581756062337,45.89142976016719,0 4.61588218670988,45.89137713746879,0 4.61594064481357,45.8913209100945,0 4.61596863825103,45.8912902471144,0 4.61602040920269,45.8912215057377,0 4.61613620137439,45.89102233128051,0 4.61615416942358,45.8909884790349,0 4.6161642226858,45.8909530286295,0 4.61616633635568,45.8909327330904,0 4.61615496418095,45.8909011916731,0 4.61612177718553,45.8908734747359,0 4.61595318196795,45.8907585257771,0 4.61581611891002,45.8906368211749,0 4.61579631840029,45.89062575556951,0 4.61577266363039,45.89061960871991,0 4.61574736219254,45.8906188894839,0 4.61570510794007,45.8906162508723,0 
							</coordinates>
						</LinearRing>
					</outerBoundaryIs>
				</Polygon>
			</MultiGeometry>
		</Placemark>
		<Placemark id="personne_morale.28859">
<styleUrl>#personne_morale</styleUrl>			<visibility>0</visibility>
			<ExtendedData>
				<SchemaData schemaUrl="#personne_morale">
					<SimpleData name="Numero de Parcelle">69056000AH0165</SimpleData>
					<SimpleData name="Departement">69</SimpleData>
					<SimpleData name="Commune">CHESSY</SimpleData>
					<SimpleData name="Adresse">BEAUREGARD</SimpleData>
					<SimpleData name="Groupe de personne">Personnes morales non remarquables</SimpleData>
					<SimpleData name="Forme Juridique Abregee">ASS</SimpleData>
					<SimpleData name="Denomination">ASSOCIATION SYNDICALE LIBRE LES CORBIERES</SimpleData>
				</SchemaData>
			</ExtendedData>
	<Region>
		<LatLonAltBox>
			<north> 45.8813946749661 </north>
			<south> 45.8806534844787 </south>
			<east> 4.62142425264819 </east>
			<west> 4.61934894935235 </west>
		</LatLonAltBox>
		<Lod>
			<minLodPixels>100</minLodPixels>
			<maxLodPixels>-1</maxLodPixels>
		</Lod>
	</Region>
			<MultiGeometry>
				<Polygon><altitudeMode>relativeToGround</altitudeMode>
					<outerBoundaryIs>
						<LinearRing>
							<coordinates>								4.6213822790706,45.8813946749661,0 4.62142425264819,45.8812958985656,0 4.62141454849074,45.8812991901442,0 4.62139836729183,45.88130149380531,0 4.62138404290277,45.8813011588532,0 4.62129578998276,45.8812733326053,0 4.62124205176606,45.881257080431,0 4.62121396733333,45.88124928700291,0 4.62118811665008,45.8812429026244,0 4.62113462650852,45.8812306999118,0 4.62108897922484,45.8812220775007,0 4.62104285338825,45.88121472288879,0 4.6209280607635,45.8812097039224,0 4.62045595131635,45.8812452043167,0 4.62044049061095,45.88124569614821,0 4.62043390320923,45.88124534023591,0 4.62042666598942,45.88124481350179,0 4.62041877895161,45.88124411594569,0 4.62041425403586,45.8812437304674,0 4.62040633789602,45.8812420425774,0 4.62040075792682,45.8812408616085,0 4.62039568564229,45.8812394031573,0 4.62038970308373,45.8812376875494,0 4.62038358368332,45.8812357036982,0 4.62037837455752,45.8812339770032,0 4.62037263129146,45.881231627487,0 4.6203675404893,45.88122953882261,0 4.62036009764475,45.881226403054,0 4.62035579085773,45.8812246634237,0 4.62035055792368,45.88122212645499,0 4.62034480143221,45.881219326786,0 4.62034178369916,45.881217568678,0 4.62033745310344,45.8812150187746,0 4.62032904178712,45.881209645181,0 4.62032205636691,45.881204521353,0 4.62031624167735,45.8811997410165,0 4.62031133197099,45.88119503777621,0 4.62030480661973,45.8811880159206,0 4.62029257360327,45.8811710783057,0 4.62026563026061,45.88110994791731,0 4.62025982208098,45.8810966110062,0 4.62021133852283,45.880987062452,0 4.6202060168896,45.88097272781489,0 4.62020447582038,45.8809597800828,0 4.62020459607293,45.88095509481311,0 4.62020559749558,45.8809496763684,0 4.6202064938213,45.8809450700437,0 4.62020873931946,45.8809381026085,0 4.62021140856561,45.8809323900544,0 4.62021412807262,45.8809283880757,0 4.62022132677896,45.8809188277371,0 4.62022692114797,45.8809117222341,0 4.62023395727408,45.8809054066799,0 4.6202395126784,45.88090136405339,0 4.62024648074115,45.8808971210424,0 4.62025744219808,45.8808927307245,0 4.62026396606652,45.8808909259203,0 4.62027317576617,45.8808883620732,0 4.62028481877813,45.8808852229384,0 4.62029620662521,45.88088217752789,0 4.62030375908171,45.8808802679099,0 4.62072991804527,45.880786432255,0 4.6206675923468,45.8806534844787,0 4.62058147954442,45.880672102203,0 4.62048921633002,45.8806920689842,0 4.62049042821442,45.8807025895908,0 4.62049131350078,45.880710773106,0 4.62049061489702,45.8807177183722,0 4.62048723840973,45.8807256927768,0 4.62048482701046,45.8807314016416,0 4.62048049527703,45.88073758837581,0 4.62047650792305,45.8807423290819,0 4.62046733868058,45.8807506567308,0 4.62046015253087,45.8807562539052,0 4.62045343437364,45.8807602231429,0 4.62044454600917,45.88076494403559,0 4.62044034772919,45.88076689564971,0 4.62042974656775,45.8807703801392,0 4.62041836933378,45.8807737856842,0 4.62040958076625,45.8807775143933,0 4.62039960031147,45.8807801793685,0 4.62037196599062,45.8807876908779,0 4.62034913743155,45.88079198110741,0 4.62033567126394,45.88079451590491,0 4.62032284432563,45.88079686140179,0 4.62030617406606,45.8808000726001,0 4.6202861655193,45.8808037819863,0 4.62027051855392,45.8808067083073,0 4.62025029451992,45.8808118618669,0 4.62024107425048,45.880814065591,0 4.6202285606648,45.88081829801779,0 4.62021444009899,45.8808248952489,0 4.62020199793227,45.88083155849029,0 4.62019037151372,45.88083965112949,0 4.62018053652745,45.8808472677507,0 4.62015743374043,45.8808641714183,0 4.62014652325201,45.8808746856331,0 4.62012869952867,45.88088692015561,0 4.62012123700147,45.8808918907914,0 4.62010930778143,45.88089845660251,0 4.62009682326308,45.8809036793478,0 4.62008504075144,45.8809064601897,0 4.61960135320064,45.8810130967035,0 4.6195950659511,45.8810141775333,0 4.6195879999836,45.8810150893833,0 4.61957988691124,45.8810154758259,0 4.61957007956571,45.8810152560648,0 4.61956141120966,45.881014299439,0 4.61955545249987,45.8810133940597,0 4.61954766003572,45.8810115242022,0 4.61953998325572,45.8810092023459,0 4.6195328062303,45.8810063329201,0 4.61952692089806,45.8810035350563,0 4.61952061976566,45.8809997523992,0 4.61951561561477,45.880996221365,0 4.61951005882665,45.8809914372935,0 4.61950580166405,45.8809869948753,0 4.61950164167678,45.8809814702466,0 4.6194989260844,45.8809768256064,0 4.61949741029775,45.88097351479971,0 4.61949558646263,45.880968497111,0 4.61949437013318,45.8809622097643,0 4.6194940323395,45.8809550992178,0 4.61949533064442,45.880946614209,0 4.61949770778133,45.8809397349715,0 4.61950162384099,45.8809325634819,0 4.61950509567395,45.8809278301973,0 4.61950946983875,45.8809230839851,0 4.61951664024148,45.88091694668941,0 4.61952232989257,45.8809130823119,0 4.61952867464273,45.8809095688214,0 4.61953631372646,45.8809062169232,0 4.61954409757931,45.8809034033593,0 4.61955408338624,45.8809009185203,0 4.61956683108556,45.8809309987909,0 4.61967809886937,45.8809082385657,0 4.6196345632667,45.8808046534563,0 4.61953067495582,45.88082838873531,0 4.61934894935235,45.8808715228199,0 4.6194583288708,45.8811181837751,0 4.61953226551967,45.8811020831399,0 4.61988818968,45.8810229472836,0 4.61998646987181,45.8810014536847,0 4.61999429338987,45.8809999905442,0 4.62001782742205,45.880997761846,0 4.62004327456686,45.8809991985214,0 4.62006884603289,45.8810048666142,0 4.6200903851299,45.8810137448789,0 4.62010984659386,45.88102652584839,0 4.62012421535621,45.88104154144009,0 4.62013181758529,45.8810544923723,0 4.62019033012502,45.88118497317581,0 4.62020156890569,45.8812031860061,0 4.62021392287057,45.8812198516924,0 4.62022861830208,45.88123720436301,0 4.62023592766316,45.8812445752585,0 4.62024268965989,45.8812508731807,0 4.6202506170975,45.88125733453451,0 4.62026219356976,45.8812650946084,0 4.62027688758459,45.88127362061031,0 4.6202893399473,45.8812804674451,0 4.62030267613281,45.881286671133,0 4.62031664626658,45.8812925054597,0 4.62033176597047,45.8812979630343,0 4.62034400742738,45.88130202077231,0 4.62035530950939,45.8813048310192,0 4.62036934506421,45.8813085027651,0 4.62040324794382,45.8813124301334,0 4.62041991379463,45.8813134521915,0 4.62044395636355,45.8813153592538,0 4.6204642289248,45.88131623953571,0 4.62047689606093,45.8813172288386,0 4.62100591427479,45.88128298388991,0 4.62130970564221,45.8813694159485,0 4.6213822790706,45.8813946749661,0 
							</coordinates>
						</LinearRing>
					</outerBoundaryIs>
				</Polygon>
			</MultiGeometry>
		</Placemark>
		<Placemark id="personne_morale.28870">
<styleUrl>#personne_morale</styleUrl>			<visibility>0</visibility>
			<ExtendedData>
				<SchemaData schemaUrl="#personne_morale">
					<SimpleData name="Numero de Parcelle">69056000AK0165</SimpleData>
					<SimpleData name="Departement">69</SimpleData>
					<SimpleData name="Commune">CHESSY</SimpleData>
					<SimpleData name="Adresse">LES ECUBLISES</SimpleData>
					<SimpleData name="Groupe de personne">Personnes morales non remarquables</SimpleData>
					<SimpleData name="Forme Juridique Abregee">AUPM</SimpleData>
					<SimpleData name="Denomination">PROP IND PARCELLES AK 72 ET AK 98</SimpleData>
				</SchemaData>
			</ExtendedData>
	<Region>
		<LatLonAltBox>
			<north> 45.8904544886056 </north>
			<south> 45.8900362659676 </south>
			<east> 4.61570763001883 </east>
			<west> 4.61522809638874 </west>
		</LatLonAltBox>
		<Lod>
			<minLodPixels>100</minLodPixels>
			<maxLodPixels>-1</maxLodPixels>
		</Lod>
	</Region>
			<MultiGeometry>
				<Polygon><altitudeMode>relativeToGround</altitudeMode>
					<outerBoundaryIs>
						<LinearRing>
							<coordinates>								4.61570450446566,45.89044161744701,0 4.61570637768686,45.8904395191114,0 4.61570763001883,45.8904382402615,0 4.61564224890845,45.89038144092031,0 4.6153441427307,45.89012504338941,0 4.61524119514402,45.8900362659676,0 4.61522809638874,45.8900602310779,0 4.61569249948845,45.8904544886056,0 4.61570450446566,45.89044161744701,0 
							</coordinates>
						</LinearRing>
					</outerBoundaryIs>
				</Polygon>
			</MultiGeometry>
		</Placemark>
		<Placemark id="personne_morale.29080">
<styleUrl>#personne_morale</styleUrl>			<visibility>0</visibility>
			<ExtendedData>
				<SchemaData schemaUrl="#personne_morale">
					<SimpleData name="Numero de Parcelle">69056000AC0166</SimpleData>
					<SimpleData name="Departement">69</SimpleData>
					<SimpleData name="Commune">CHESSY</SimpleData>
					<SimpleData name="Adresse">LA ROBERDE</SimpleData>
					<SimpleData name="Groupe de personne">Personnes morales non remarquables</SimpleData>
					<SimpleData name="Forme Juridique Abregee">ASS</SimpleData>
					<SimpleData name="Denomination">ASSOCIATION SYNDICALE LIBRE LES TERRASSES DE LOUEST</SimpleData>
				</SchemaData>
			</ExtendedData>
	<Region>
		<LatLonAltBox>
			<north> 45.8944419995264 </north>
			<south> 45.89407718158731 </south>
			<east> 4.62421786716092 </east>
			<west> 4.62321681850543 </west>
		</LatLonAltBox>
		<Lod>
			<minLodPixels>100</minLodPixels>
			<maxLodPixels>-1</maxLodPixels>
		</Lod>
	</Region>
			<MultiGeometry>
				<Polygon><altitudeMode>relativeToGround</altitudeMode>
					<outerBoundaryIs>
						<LinearRing>
							<coordinates>								4.62329403850538,45.8944419995264,0 4.6232999218481,45.8944402938324,0 4.62355145080965,45.8943701219736,0 4.62376958942316,45.8943093458257,0 4.62398721446535,45.8942486666948,0 4.62418065854517,45.894194729338,0 4.62418235857881,45.89419551553261,0 4.6241853665348,45.8941969134176,0 4.62419021407018,45.89419945576571,0 4.62419507221592,45.8942023582344,0 4.62419980407912,45.89420535258521,0 4.62420468875078,45.8942091553556,0 4.62420866291681,45.89421270100001,0 4.6242118449025,45.8942156275456,0 4.62421786716092,45.89422301670639,0 4.62412482552849,45.89407718158731,0 4.62412618487232,45.8940839171844,0 4.62412616040923,45.8940918435464,0 4.62412516443789,45.8940974420874,0 4.62412351318047,45.8941026897677,0 4.62412009130901,45.89410913376901,0 4.62411512751757,45.8941157800549,0 4.62410973978628,45.8941211714737,0 4.62410293111278,45.8941264932341,0 4.62409595902258,45.8941306464534,0 4.62408832634072,45.894134268751,0 4.62408399027949,45.8941359522623,0 4.62407823858115,45.89413774617531,0 4.62407529693802,45.89413859904259,0 4.6240699134794,45.8941397571879,0 4.62395538946461,45.89416229794521,0 4.6239430806163,45.8941648165063,0 4.62376071025742,45.89420058076921,0 4.62356821473121,45.8942385616937,0 4.6233777660045,45.89427597249041,0 4.62322310189807,45.8943064743962,0 4.62321681850543,45.89430773548809,0 4.62329403850538,45.8944419995264,0 
							</coordinates>
						</LinearRing>
					</outerBoundaryIs>
				</Polygon>
			</MultiGeometry>
		</Placemark>
		<Placemark id="personne_morale.29342">
<styleUrl>#personne_morale</styleUrl>			<visibility>0</visibility>
			<ExtendedData>
				<SchemaData schemaUrl="#personne_morale">
					<SimpleData name="Numero de Parcelle">69056000AK0167</SimpleData>
					<SimpleData name="Departement">69</SimpleData>
					<SimpleData name="Commune">CHESSY</SimpleData>
					<SimpleData name="Adresse">410, RTE DU BREUIL</SimpleData>
					<SimpleData name="Groupe de personne">Personnes morales non remarquables</SimpleData>
					<SimpleData name="Forme Juridique Abregee">SCI</SimpleData>
					<SimpleData name="Denomination">GS IMMO</SimpleData>
				</SchemaData>
			</ExtendedData>
	<Region>
		<LatLonAltBox>
			<north> 45.8876573030264 </north>
			<south> 45.88757015586751 </south>
			<east> 4.61790952340541 </east>
			<west> 4.61780993244874 </west>
		</LatLonAltBox>
		<Lod>
			<minLodPixels>100</minLodPixels>
			<maxLodPixels>-1</maxLodPixels>
		</Lod>
	</Region>
			<MultiGeometry>
				<Polygon><altitudeMode>relativeToGround</altitudeMode>
					<outerBoundaryIs>
						<LinearRing>
							<coordinates>								4.61783317981972,45.8876276214222,0 4.61784862489722,45.8876573030264,0 4.61790952340541,45.8876404894789,0 4.6178710887315,45.88757015586751,0 4.61780993244874,45.88758697308399,0 4.61781992428749,45.8876022317549,0 4.61783317981972,45.8876276214222,0 
							</coordinates>
						</LinearRing>
					</outerBoundaryIs>
				</Polygon>
			</MultiGeometry>
		</Placemark>
		<Placemark id="personne_morale.29986">
<styleUrl>#personne_morale</styleUrl>			<visibility>0</visibility>
			<ExtendedData>
				<SchemaData schemaUrl="#personne_morale">
					<SimpleData name="Numero de Parcelle">69056000AB0017</SimpleData>
					<SimpleData name="Departement">69</SimpleData>
					<SimpleData name="Commune">CHESSY</SimpleData>
					<SimpleData name="Adresse">RUE DES ROSEAUX</SimpleData>
					<SimpleData name="Groupe de personne">Personnes morales non remarquables</SimpleData>
					<SimpleData name="Forme Juridique Abregee">ASS</SimpleData>
					<SimpleData name="Denomination">ASSOCIATION SYNDICALE LIBRE DU LOTISSEMENT LES RESIDENCES DE</SimpleData>
				</SchemaData>
			</ExtendedData>
	<Region>
		<LatLonAltBox>
			<north> 45.8981154779251 </north>
			<south> 45.89750215042379 </south>
			<east> 4.62725339047869 </east>
			<west> 4.62565470497236 </west>
		</LatLonAltBox>
		<Lod>
			<minLodPixels>100</minLodPixels>
			<maxLodPixels>-1</maxLodPixels>
		</Lod>
	</Region>
			<MultiGeometry>
				<Polygon><altitudeMode>relativeToGround</altitudeMode>
					<outerBoundaryIs>
						<LinearRing>
							<coordinates>								4.62577702149352,45.8979381750497,0 4.6257515514528,45.8979099895806,0 4.62577084461221,45.89785558111689,0 4.625849847248,45.8978224709562,0 4.62588298044439,45.89786117428319,0 4.62612267446215,45.8977610842189,0 4.6262153196823,45.8977225536417,0 4.6261814179861,45.89768404159871,0 4.62633089186891,45.8976216361401,0 4.62641013318928,45.8976359881716,0 4.62643343818913,45.8976563686889,0 4.62651715536402,45.8977262284481,0 4.62659070927144,45.8977751583489,0 4.62666543851112,45.89782019835621,0 4.62681870581621,45.8979125652086,0 4.62697802730494,45.89800898789711,0 4.62713326171621,45.89810240685591,0 4.62713343849506,45.8981040255429,0 4.6271334969592,45.898106006206,0 4.62713341584895,45.89810762860391,0 4.62713323236875,45.8981101531587,0 4.6271330302863,45.8981120475025,0 4.62713281225907,45.8981134016655,0 4.62713248654694,45.8981154779251,0 4.62725339047869,45.898072847057,0 4.62725169293934,45.8980721509386,0 4.62724986379793,45.8980713666457,0 4.62724711875708,45.89807014519129,0 4.62724580805128,45.8980694435061,0 4.6272438446503,45.8980684810084,0 4.62707991381109,45.8979688825484,0 4.62693098343527,45.8978792457619,0 4.62676262446839,45.8977781794075,0 4.62666227564089,45.8977173857808,0 4.6266055825025,45.897680282546,0 4.62651954430388,45.897610456238,0 4.6264756341372,45.8975693861949,0 4.62640360448079,45.89750215042379,0 4.62634843081494,45.89752528094321,0 4.62618608797422,45.8975930954674,0 4.62613077987107,45.8976160476747,0 4.62609097639887,45.8975698746006,0 4.62592328121436,45.8976399273509,0 4.62575455936469,45.89771017474401,0 4.62579373386908,45.8977568973872,0 4.62573843074859,45.897780029463,0 4.62565470497236,45.8978148286787,0 4.62577702149352,45.8979381750497,0 
							</coordinates>
						</LinearRing>
					</outerBoundaryIs>
				</Polygon>
			</MultiGeometry>
		</Placemark>
		<Placemark id="personne_morale.30057">
<styleUrl>#personne_morale</styleUrl>			<visibility>0</visibility>
			<ExtendedData>
				<SchemaData schemaUrl="#personne_morale">
					<SimpleData name="Numero de Parcelle">69056000AL0017</SimpleData>
					<SimpleData name="Departement">69</SimpleData>
					<SimpleData name="Commune">CHESSY</SimpleData>
					<SimpleData name="Adresse">LES MINES</SimpleData>
					<SimpleData name="Groupe de personne">Personnes morales non remarquables</SimpleData>
					<SimpleData name="Forme Juridique Abregee">AUPM</SimpleData>
					<SimpleData name="Denomination">BUREAU DE RECHERCHES GEOLOGIQUES ET MINIERES</SimpleData>
				</SchemaData>
			</ExtendedData>
	<Region>
		<LatLonAltBox>
			<north> 45.892655552992 </north>
			<south> 45.89032308060341 </south>
			<east> 4.61207619923079 </east>
			<west> 4.6073651008365 </west>
		</LatLonAltBox>
		<Lod>
			<minLodPixels>100</minLodPixels>
			<maxLodPixels>-1</maxLodPixels>
		</Lod>
	</Region>
			<MultiGeometry>
				<Polygon><altitudeMode>relativeToGround</altitudeMode>
					<outerBoundaryIs>
						<LinearRing>
							<coordinates>								4.60801339842257,45.8924722340142,0 4.6080729511979,45.8925284000411,0 4.60810550411701,45.8925477519987,0 4.60814281992222,45.8925623526723,0 4.60816479067713,45.8925682548663,0 4.60825371618813,45.8925833823862,0 4.60834428658263,45.89259299229481,0 4.60840267692038,45.8925960346091,0 4.60854213152984,45.8925967527729,0 4.60883918683004,45.8925791061817,0 4.60947674059413,45.8925783187559,0 4.60956096736449,45.8925827039835,0 4.61004080659445,45.8926537809693,0 4.61009587627706,45.8925387005155,0 4.61010154947428,45.8925297930658,0 4.61014469019895,45.8924744173887,0 4.61016481199536,45.8924479210562,0 4.61018252342452,45.8924272233966,0 4.61019492446197,45.8924322707338,0 4.61017721040634,45.8924528783648,0 4.61011406894187,45.89253447845369,0 4.61005616532279,45.8926541026707,0 4.61011876588813,45.892655552992,0 4.61012997792604,45.892646386529,0 4.61013690617985,45.8926407036519,0 4.61025743617028,45.8923865266203,0 4.61029022566807,45.8923079706974,0 4.61033356999575,45.89217126065881,0 4.61038334964644,45.8920649919877,0 4.61039735613,45.8920411046138,0 4.61045957837914,45.8919545637073,0 4.61055019962055,45.8918467224653,0 4.61058353249517,45.8918132827673,0 4.61064282265055,45.8917588477224,0 4.61067383979355,45.89173886111459,0 4.61084298350257,45.8916786277769,0 4.61087496360279,45.89165187229359,0 4.6109441651627,45.8915879288002,0 4.61097897905212,45.89154780284699,0 4.61102985125591,45.89149663991159,0 4.61106847237071,45.8914632147801,0 4.61108451757084,45.8914473143163,0 4.61112876154438,45.89140327108539,0 4.6111866088241,45.8913436323585,0 4.61121955158991,45.89131010795461,0 4.61123862785332,45.8912920026413,0 4.61126473994865,45.8912674922973,0 4.61129443835229,45.8912421202256,0 4.61130714179839,45.8912310409567,0 4.61135932111387,45.89118048971271,0 4.61138967983825,45.8911468219477,0 4.61144934998861,45.8910877875749,0 4.6115028130604,45.891037037828,0 4.61151849754199,45.8910220431207,0 4.61155418949387,45.8909855071845,0 4.61160708928503,45.89093314419021,0 4.61173440097302,45.8908098276586,0 4.61186526401321,45.89067123885189,0 4.6119602090448,45.8905923366712,0 4.61205226861611,45.8904147610022,0 4.61206489037145,45.8904185440309,0 4.61207619923079,45.8904259484987,0 4.61205489415801,45.8903898647942,0 4.6120428034714,45.89035572127101,0 4.61204448960916,45.8903251641723,0 4.61204533155082,45.89032308060341,0 4.61179647012945,45.89049316438321,0 4.61159154991544,45.8905736340726,0 4.61121735761754,45.89064804936881,0 4.61053044513992,45.8905832600012,0 4.61039371643056,45.89056971588249,0 4.61039206895515,45.8905927967506,0 4.61037648105431,45.89080981239749,0 4.6098081059709,45.8909041915899,0 4.60958604306038,45.89094103856529,0 4.60950370187243,45.8907979218951,0 4.60939499301409,45.89060870544319,0 4.60924186019874,45.8906385359886,0 4.6090989126623,45.8903279446611,0 4.6073651008365,45.8905560705046,0 4.60831842985092,45.890504054304,0 4.60857566090843,45.8910448555399,0 4.60859101115418,45.89110237069431,0 4.6085985309165,45.8911611681383,0 4.60859780186129,45.89122017300959,0 4.60859600388351,45.8912381221097,0 4.60853860618707,45.8914105181324,0 4.60840720499177,45.8916857436568,0 4.60833839988172,45.8918075935947,0 4.6082261085248,45.8919199744327,0 4.6080094795375,45.8920858082832,0 4.60801023658929,45.8920984970938,0 4.60803416487085,45.89246338222059,0 4.60801339842257,45.8924722340142,0 
							</coordinates>
						</LinearRing>
					</outerBoundaryIs>
					<innerBoundaryIs>
						<LinearRing>
							<coordinates>								4.60872434030488,45.8910214841074,0 4.60845622367694,45.8905143433242,0 4.60902399415428,45.8903639572452,0 4.60999646413445,45.89220425266931,0 4.60903071724312,45.8925698057348,0 4.60818034994997,45.8925577658181,0 4.60806934041384,45.8921304412294,0 4.60814982724207,45.89209065733549,0 4.60822489121478,45.8920462669846,0 4.60829480332009,45.8919977166725,0 4.6083586689199,45.8919452893388,0 4.60841572231395,45.8918892660901,0 4.60845877447619,45.8918396566813,0 4.60854119803115,45.8917292316849,0 4.60868395374048,45.8914806846898,0 4.60871296617317,45.891409658629,0 4.60873406918065,45.8913372139451,0 4.60875051409711,45.891224485098,0 4.60874205830181,45.8910894134347,0 4.60872434030488,45.8910214841074,0 
							</coordinates>
						</LinearRing>
					</innerBoundaryIs>
				</Polygon>
			</MultiGeometry>
		</Placemark>
		<Placemark id="personne_morale.32171">
<styleUrl>#personne_morale</styleUrl>			<visibility>0</visibility>
			<ExtendedData>
				<SchemaData schemaUrl="#personne_morale">
					<SimpleData name="Numero de Parcelle">69056000AH0179</SimpleData>
					<SimpleData name="Departement">69</SimpleData>
					<SimpleData name="Commune">CHESSY</SimpleData>
					<SimpleData name="Adresse">56, RTE DE CONZY</SimpleData>
					<SimpleData name="Groupe de personne">Personnes morales non remarquables</SimpleData>
					<SimpleData name="Forme Juridique Abregee">SCI</SimpleData>
					<SimpleData name="Denomination">SCI DBMAG</SimpleData>
				</SchemaData>
			</ExtendedData>
	<Region>
		<LatLonAltBox>
			<north> 45.8822454323219 </north>
			<south> 45.8821470042038 </south>
			<east> 4.62088939063644 </east>
			<west> 4.62051136344969 </west>
		</LatLonAltBox>
		<Lod>
			<minLodPixels>100</minLodPixels>
			<maxLodPixels>-1</maxLodPixels>
		</Lod>
	</Region>
			<MultiGeometry>
				<Polygon><altitudeMode>relativeToGround</altitudeMode>
					<outerBoundaryIs>
						<LinearRing>
							<coordinates>								4.62051136344969,45.882160943997,0 4.62054262280292,45.88221093407849,0 4.62055604167965,45.8822067787114,0 4.62059160884528,45.88220149521611,0 4.62062783981453,45.8822012460125,0 4.62066357442897,45.8822060477329,0 4.62085030833295,45.8822454323219,0 4.62088939063644,45.882197406,0 4.62068591666321,45.8821544786116,0 4.62064226844923,45.8821480790551,0 4.62059787400861,45.8821470042038,0 4.62055376988016,45.8821514193337,0 4.62053248236864,45.8821555073643,0 4.62051136344969,45.882160943997,0 
							</coordinates>
						</LinearRing>
					</outerBoundaryIs>
				</Polygon>
			</MultiGeometry>
		</Placemark>
		<Placemark id="personne_morale.32863">
<styleUrl>#personne_morale</styleUrl>			<visibility>0</visibility>
			<ExtendedData>
				<SchemaData schemaUrl="#personne_morale">
					<SimpleData name="Numero de Parcelle">69056000AH0181</SimpleData>
					<SimpleData name="Departement">69</SimpleData>
					<SimpleData name="Commune">CHESSY</SimpleData>
					<SimpleData name="Adresse">56, RTE DE CONZY</SimpleData>
					<SimpleData name="Groupe de personne">Personnes morales non remarquables</SimpleData>
					<SimpleData name="Forme Juridique Abregee">SCI</SimpleData>
					<SimpleData name="Denomination">SCI DBMAG</SimpleData>
				</SchemaData>
			</ExtendedData>
	<Region>
		<LatLonAltBox>
			<north> 45.8828858450618 </north>
			<south> 45.88226271021739 </south>
			<east> 4.62027863451178 </east>
			<west> 4.61979772814331 </west>
		</LatLonAltBox>
		<Lod>
			<minLodPixels>100</minLodPixels>
			<maxLodPixels>-1</maxLodPixels>
		</Lod>
	</Region>
			<MultiGeometry>
				<Polygon><altitudeMode>relativeToGround</altitudeMode>
					<outerBoundaryIs>
						<LinearRing>
							<coordinates>								4.61979772814331,45.8823027614438,0 4.61993810744016,45.8826430990762,0 4.6200818113486,45.8828858450618,0 4.62019984919363,45.8828300223928,0 4.62027863451178,45.8827857505287,0 4.62013816735597,45.8825522354206,0 4.62010372902102,45.8824949952654,0 4.6200688855169,45.8824371304299,0 4.61999682961602,45.88226271021739,0 4.61979772814331,45.8823027614438,0 
							</coordinates>
						</LinearRing>
					</outerBoundaryIs>
				</Polygon>
			</MultiGeometry>
		</Placemark>
		<Placemark id="personne_morale.33057">
<styleUrl>#personne_morale</styleUrl>			<visibility>0</visibility>
			<ExtendedData>
				<SchemaData schemaUrl="#personne_morale">
					<SimpleData name="Numero de Parcelle">69056000AH0182</SimpleData>
					<SimpleData name="Departement">69</SimpleData>
					<SimpleData name="Commune">CHESSY</SimpleData>
					<SimpleData name="Adresse">56, RTE DE CONZY</SimpleData>
					<SimpleData name="Groupe de personne">Personnes morales non remarquables</SimpleData>
					<SimpleData name="Forme Juridique Abregee">SCI</SimpleData>
					<SimpleData name="Denomination">SCI DBMAG</SimpleData>
				</SchemaData>
			</ExtendedData>
	<Region>
		<LatLonAltBox>
			<north> 45.8829647849456 </north>
			<south> 45.8823027614438 </south>
			<east> 4.6200818113486 </east>
			<west> 4.61960478222999 </west>
		</LatLonAltBox>
		<Lod>
			<minLodPixels>100</minLodPixels>
			<maxLodPixels>-1</maxLodPixels>
		</Lod>
	</Region>
			<MultiGeometry>
				<Polygon><altitudeMode>relativeToGround</altitudeMode>
					<outerBoundaryIs>
						<LinearRing>
							<coordinates>								4.61960478222999,45.8823416433062,0 4.61987159860018,45.8829647849456,0 4.61997373951098,45.88292972585659,0 4.62007252530129,45.8828902113465,0 4.6200818113486,45.8828858450618,0 4.61993810744016,45.8826430990762,0 4.61979772814331,45.8823027614438,0 4.61960478222999,45.8823416433062,0 
							</coordinates>
						</LinearRing>
					</outerBoundaryIs>
				</Polygon>
			</MultiGeometry>
		</Placemark>
		<Placemark id="personne_morale.33481">
<styleUrl>#personne_morale</styleUrl>			<visibility>0</visibility>
			<ExtendedData>
				<SchemaData schemaUrl="#personne_morale">
					<SimpleData name="Numero de Parcelle">69056000AH0184</SimpleData>
					<SimpleData name="Departement">69</SimpleData>
					<SimpleData name="Commune">CHESSY</SimpleData>
					<SimpleData name="Adresse">56, RTE DE CONZY</SimpleData>
					<SimpleData name="Groupe de personne">Personnes morales non remarquables</SimpleData>
					<SimpleData name="Forme Juridique Abregee">SCI</SimpleData>
					<SimpleData name="Denomination">SCI DBMAG</SimpleData>
				</SchemaData>
			</ExtendedData>
	<Region>
		<LatLonAltBox>
			<north> 45.8825522354206 </north>
			<south> 45.882160943997 </south>
			<east> 4.62054262280292 </east>
			<west> 4.62010372902102 </west>
		</LatLonAltBox>
		<Lod>
			<minLodPixels>100</minLodPixels>
			<maxLodPixels>-1</maxLodPixels>
		</Lod>
	</Region>
			<MultiGeometry>
				<Polygon><altitudeMode>relativeToGround</altitudeMode>
					<outerBoundaryIs>
						<LinearRing>
							<coordinates>								4.62051136344969,45.882160943997,0 4.620472196305,45.8821753759609,0 4.62043703394634,45.8821944340507,0 4.62040701537195,45.88221738139801,0 4.62010372902102,45.8824949952654,0 4.62013816735597,45.8825522354206,0 4.62046859149111,45.88225018424251,0 4.62049332293759,45.8822316359434,0 4.62052294036892,45.882216980598,0 4.62054262280292,45.88221093407849,0 4.62051136344969,45.882160943997,0 
							</coordinates>
						</LinearRing>
					</outerBoundaryIs>
				</Polygon>
			</MultiGeometry>
		</Placemark>
		<Placemark id="personne_morale.34419">
<styleUrl>#personne_morale</styleUrl>			<visibility>0</visibility>
			<ExtendedData>
				<SchemaData schemaUrl="#personne_morale">
					<SimpleData name="Numero de Parcelle">69056000AE0189</SimpleData>
					<SimpleData name="Departement">69</SimpleData>
					<SimpleData name="Commune">CHESSY</SimpleData>
					<SimpleData name="Adresse">124, RUE DES TERRETS</SimpleData>
					<SimpleData name="Groupe de personne">Personnes morales non remarquables</SimpleData>
					<SimpleData name="Forme Juridique Abregee">SC</SimpleData>
					<SimpleData name="Denomination">OJ 124</SimpleData>
				</SchemaData>
			</ExtendedData>
	<Region>
		<LatLonAltBox>
			<north> 45.8868145401879 </north>
			<south> 45.8863954245426 </south>
			<east> 4.62438301328305 </east>
			<west> 4.62396264597308 </west>
		</LatLonAltBox>
		<Lod>
			<minLodPixels>100</minLodPixels>
			<maxLodPixels>-1</maxLodPixels>
		</Lod>
	</Region>
			<MultiGeometry>
				<Polygon><altitudeMode>relativeToGround</altitudeMode>
					<outerBoundaryIs>
						<LinearRing>
							<coordinates>								4.62402967503006,45.8868145401879,0 4.62408393797949,45.8868089870633,0 4.62417753320209,45.8867989058513,0 4.62423065972706,45.8867941795968,0 4.62428429926341,45.8867893558784,0 4.6242895807363,45.88677162661119,0 4.62430958820617,45.886710903326,0 4.62433979989386,45.8866113040559,0 4.62435366485021,45.8865434635525,0 4.62437001584099,45.88646369831159,0 4.62438301328305,45.8864101911279,0 4.62430761418465,45.8864074915925,0 4.62421064082018,45.88640357080109,0 4.62416299343147,45.88640164335079,0 4.62412038973191,45.8864001838328,0 4.6240602267657,45.8863980758642,0 4.62403311701128,45.8863972043491,0 4.62402305350814,45.88639707870831,0 4.62400537593028,45.886396792238,0 4.62396264597308,45.8863954245426,0 4.62396579810851,45.88641924736019,0 4.62397500098164,45.8864864862448,0 4.62397566249761,45.8864914304983,0 4.62400022352797,45.886620325681,0 4.62400236515523,45.8866317335897,0 4.62400601606156,45.8866505954858,0 4.62401670974122,45.8867246581434,0 4.62402499764862,45.8867827232036,0 4.62402967503006,45.8868145401879,0 
							</coordinates>
						</LinearRing>
					</outerBoundaryIs>
				</Polygon>
			</MultiGeometry>
		</Placemark>
		<Placemark id="personne_morale.34581">
<styleUrl>#personne_morale</styleUrl>			<visibility>0</visibility>
			<ExtendedData>
				<SchemaData schemaUrl="#personne_morale">
					<SimpleData name="Numero de Parcelle">69056000AB0019</SimpleData>
					<SimpleData name="Departement">69</SimpleData>
					<SimpleData name="Commune">CHESSY</SimpleData>
					<SimpleData name="Adresse">16, RUE DES ROSEAUX</SimpleData>
					<SimpleData name="Groupe de personne">Personnes morales non remarquables</SimpleData>
					<SimpleData name="Forme Juridique Abregee">SCI</SimpleData>
					<SimpleData name="Denomination">SCI LES 5 A</SimpleData>
				</SchemaData>
			</ExtendedData>
	<Region>
		<LatLonAltBox>
			<north> 45.8979688825484 </north>
			<south> 45.897756189961 </south>
			<east> 4.6274377282872 </east>
			<west> 4.62693098343527 </west>
		</LatLonAltBox>
		<Lod>
			<minLodPixels>100</minLodPixels>
			<maxLodPixels>-1</maxLodPixels>
		</Lod>
	</Region>
			<MultiGeometry>
				<Polygon><altitudeMode>relativeToGround</altitudeMode>
					<outerBoundaryIs>
						<LinearRing>
							<coordinates>								4.62707991381109,45.8979688825484,0 4.6274377282872,45.8978455636083,0 4.62735130975712,45.8977934868594,0 4.62728932141077,45.897756189961,0 4.62693098343527,45.8978792457619,0 4.62707991381109,45.8979688825484,0 
							</coordinates>
						</LinearRing>
					</outerBoundaryIs>
				</Polygon>
			</MultiGeometry>
		</Placemark>
		<Placemark id="personne_morale.34638">
<styleUrl>#personne_morale</styleUrl>			<visibility>0</visibility>
			<ExtendedData>
				<SchemaData schemaUrl="#personne_morale">
					<SimpleData name="Numero de Parcelle">69056000AI0019</SimpleData>
					<SimpleData name="Departement">69</SimpleData>
					<SimpleData name="Commune">CHESSY</SimpleData>
					<SimpleData name="Adresse">LES SAILLANTS</SimpleData>
					<SimpleData name="Groupe de personne">Personnes morales non remarquables</SimpleData>
					<SimpleData name="Forme Juridique Abregee">GFA</SimpleData>
					<SimpleData name="Denomination">DU PRE DU TOUR</SimpleData>
				</SchemaData>
			</ExtendedData>
	<Region>
		<LatLonAltBox>
			<north> 45.8869338209047 </north>
			<south> 45.88586258093369 </south>
			<east> 4.61796867360113 </east>
			<west> 4.61684616885836 </west>
		</LatLonAltBox>
		<Lod>
			<minLodPixels>100</minLodPixels>
			<maxLodPixels>-1</maxLodPixels>
		</Lod>
	</Region>
			<MultiGeometry>
				<Polygon><altitudeMode>relativeToGround</altitudeMode>
					<outerBoundaryIs>
						<LinearRing>
							<coordinates>								4.61796867360113,45.8868784770429,0 4.61775650870502,45.8858629325876,0 4.61773702386213,45.88586258093369,0 4.61767754644332,45.88586622413201,0 4.61756295511979,45.8858859674721,0 4.61743396502453,45.8859336576844,0 4.6173486046423,45.8859650517245,0 4.61733938603617,45.8859673452425,0 4.61722622926341,45.8859964347994,0 4.61720902045998,45.8859989326751,0 4.61718574094316,45.8860890636111,0 4.61716824806805,45.8861170548245,0 4.6171432448933,45.8861308326324,0 4.61711397113567,45.8861397177743,0 4.61708337340669,45.8861430376225,0 4.61706179814773,45.8861549650171,0 4.61704396471467,45.8861977322542,0 4.61704422157711,45.8862636584494,0 4.61707668587767,45.88634596670381,0 4.6170908183457,45.8864100732003,0 4.6170919688529,45.88654164627981,0 4.6170793058609,45.886615593205,0 4.61704732048478,45.8866859435752,0 4.61701903782278,45.8867154401134,0 4.61699334715809,45.8867497632501,0 4.61698078983983,45.8867789447916,0 4.6169608920761,45.8868085015231,0 4.61688356004566,45.88686743127751,0 4.61684616885836,45.8868985891963,0 4.61712849179768,45.8869338209047,0 4.61741557488226,45.8869246702888,0 4.61787189060447,45.8869074229591,0 4.61796867360113,45.8868784770429,0 
							</coordinates>
						</LinearRing>
					</outerBoundaryIs>
				</Polygon>
			</MultiGeometry>
		</Placemark>
		<Placemark id="personne_morale.34648">
<styleUrl>#personne_morale</styleUrl>			<visibility>0</visibility>
			<ExtendedData>
				<SchemaData schemaUrl="#personne_morale">
					<SimpleData name="Numero de Parcelle">69056000AK0019</SimpleData>
					<SimpleData name="Departement">69</SimpleData>
					<SimpleData name="Commune">CHESSY</SimpleData>
					<SimpleData name="Adresse">TERRE GRASSE</SimpleData>
					<SimpleData name="Groupe de personne">Personnes morales non remarquables</SimpleData>
					<SimpleData name="Forme Juridique Abregee">SARL</SimpleData>
					<SimpleData name="Denomination">LIM IMMOBILIERE</SimpleData>
				</SchemaData>
			</ExtendedData>
	<Region>
		<LatLonAltBox>
			<north> 45.8927417939699 </north>
			<south> 45.8915523872028 </south>
			<east> 4.61136733574383 </east>
			<west> 4.61016632554704 </west>
		</LatLonAltBox>
		<Lod>
			<minLodPixels>100</minLodPixels>
			<maxLodPixels>-1</maxLodPixels>
		</Lod>
	</Region>
			<MultiGeometry>
				<Polygon><altitudeMode>relativeToGround</altitudeMode>
					<outerBoundaryIs>
						<LinearRing>
							<coordinates>								4.6112762965834,45.89225870607969,0 4.61126869225722,45.89224125118739,0 4.61126073797909,45.8922206489018,0 4.61121482543431,45.8920001862414,0 4.6112006484346,45.891872581778,0 4.61117232612542,45.89167141319641,0 4.61104915102344,45.8915523872028,0 4.61100385962272,45.8916003182482,0 4.61098407271303,45.8916250086084,0 4.61095290830464,45.8916620202526,0 4.61092753263467,45.89168525907561,0 4.6108975365036,45.8917092842674,0 4.61085908359689,45.89173081796551,0 4.6108051300598,45.8917559950692,0 4.61072498796548,45.89176776483199,0 4.6106785017234,45.89179688855329,0 4.61064216937248,45.8918247867938,0 4.61061172307384,45.8918510700193,0 4.61059977188687,45.89186141794641,0 4.61048654526355,45.8920034467821,0 4.6104657922792,45.8920304025066,0 4.61040316704077,45.8921384754027,0 4.61038251831953,45.8922219923169,0 4.61034553935252,45.89234257961629,0 4.61029252270156,45.8924616840211,0 4.61025353393642,45.89253555462911,0 4.61024864487433,45.8925448111914,0 4.61016632554704,45.89268522861639,0 4.61018263354239,45.8927180513216,0 4.61021673442154,45.8927417939699,0 4.61030946887532,45.8927194874295,0 4.61043325822593,45.8926519747062,0 4.61094836030391,45.8923583106368,0 4.61101898077945,45.892325240214,0 4.61109632661773,45.89230603445429,0 4.61115090414367,45.8922933677772,0 4.61136733574383,45.8924696989412,0 4.6112762965834,45.89225870607969,0 
							</coordinates>
						</LinearRing>
					</outerBoundaryIs>
				</Polygon>
			</MultiGeometry>
		</Placemark>
		<Placemark id="personne_morale.35303">
<styleUrl>#personne_morale</styleUrl>			<visibility>0</visibility>
			<ExtendedData>
				<SchemaData schemaUrl="#personne_morale">
					<SimpleData name="Numero de Parcelle">69056000AE0192</SimpleData>
					<SimpleData name="Departement">69</SimpleData>
					<SimpleData name="Commune">CHESSY</SimpleData>
					<SimpleData name="Adresse">86, RUE DES TERRETS</SimpleData>
					<SimpleData name="Groupe de personne">Personnes morales non remarquables</SimpleData>
					<SimpleData name="Forme Juridique Abregee">AUPM</SimpleData>
					<SimpleData name="Denomination">ASS IMMOB PAROISSIALE DE CHESSY</SimpleData>
				</SchemaData>
			</ExtendedData>
	<Region>
		<LatLonAltBox>
			<north> 45.886838278086 </north>
			<south> 45.886388056296 </south>
			<east> 4.62389699996496 </east>
			<west> 4.62373569652955 </west>
		</LatLonAltBox>
		<Lod>
			<minLodPixels>100</minLodPixels>
			<maxLodPixels>-1</maxLodPixels>
		</Lod>
	</Region>
			<MultiGeometry>
				<Polygon><altitudeMode>relativeToGround</altitudeMode>
					<outerBoundaryIs>
						<LinearRing>
							<coordinates>								4.62389699996496,45.8868289654911,0 4.62389400958512,45.8868106345137,0 4.62387947464782,45.8867243777344,0 4.62386622729218,45.8866424257375,0 4.62385411573605,45.8865683834347,0 4.62383059124759,45.8863914669407,0 4.6237828282225,45.8863899913329,0 4.62373569652955,45.886388056296,0 4.62380673530443,45.886838278086,0 4.62385971176823,45.8868328336159,0 4.62389301410442,45.8868293830167,0 4.62389699996496,45.8868289654911,0 
							</coordinates>
						</LinearRing>
					</outerBoundaryIs>
				</Polygon>
			</MultiGeometry>
		</Placemark>
		<Placemark id="personne_morale.35528">
<styleUrl>#personne_morale</styleUrl>			<visibility>0</visibility>
			<ExtendedData>
				<SchemaData schemaUrl="#personne_morale">
					<SimpleData name="Numero de Parcelle">69056000AE0193</SimpleData>
					<SimpleData name="Departement">69</SimpleData>
					<SimpleData name="Commune">CHESSY</SimpleData>
					<SimpleData name="Adresse">86, RUE DES TERRETS</SimpleData>
					<SimpleData name="Groupe de personne">Personnes morales non remarquables</SimpleData>
					<SimpleData name="Forme Juridique Abregee">AUPM</SimpleData>
					<SimpleData name="Denomination">ASS IMMOB PAROISSIALE DE CHESSY</SimpleData>
				</SchemaData>
			</ExtendedData>
	<Region>
		<LatLonAltBox>
			<north> 45.88684320757389 </north>
			<south> 45.8862525446498 </south>
			<east> 4.62380673530443 </east>
			<west> 4.62316754552544 </west>
		</LatLonAltBox>
		<Lod>
			<minLodPixels>100</minLodPixels>
			<maxLodPixels>-1</maxLodPixels>
		</Lod>
	</Region>
			<MultiGeometry>
				<Polygon><altitudeMode>relativeToGround</altitudeMode>
					<outerBoundaryIs>
						<LinearRing>
							<coordinates>								4.62337220792404,45.88678948669761,0 4.62337147585742,45.88678652495651,0 4.62343778558207,45.8867783673155,0 4.62372782328634,45.8867425880744,0 4.62375825771471,45.88684320757389,0 4.62380673530443,45.886838278086,0 4.62373569652955,45.886388056296,0 4.62368068763054,45.8863857840316,0 4.62369520685403,45.8862525446498,0 4.62341644742132,45.8863690432029,0 4.62323024360872,45.8864445821272,0 4.6232412044668,45.8864576647855,0 4.62317897126593,45.8864816158028,0 4.62317100318822,45.8864869541651,0 4.62316858651401,45.8864924830272,0 4.62316754552544,45.8864965510455,0 4.6231696657722,45.8865072387282,0 4.62317304773747,45.8865125942676,0 4.62322032478236,45.8865413677985,0 4.62327057324668,45.8865746921273,0 4.62329274034513,45.886591666949,0 4.6232956428018,45.8865938769805,0 4.62330272556869,45.8866066550445,0 4.62330498970325,45.8866134677233,0 4.62331760848076,45.88665219602769,0 4.62333225912191,45.8866942276817,0 4.62333796622334,45.88670846658929,0 4.62334600735873,45.88673627229181,0 4.62336258942218,45.8867913361092,0 4.62337220792404,45.88678948669761,0 
							</coordinates>
						</LinearRing>
					</outerBoundaryIs>
				</Polygon>
			</MultiGeometry>
		</Placemark>
		<Placemark id="personne_morale.35727">
<styleUrl>#personne_morale</styleUrl>			<visibility>0</visibility>
			<ExtendedData>
				<SchemaData schemaUrl="#personne_morale">
					<SimpleData name="Numero de Parcelle">69056000AE0194</SimpleData>
					<SimpleData name="Departement">69</SimpleData>
					<SimpleData name="Commune">CHESSY</SimpleData>
					<SimpleData name="Adresse">86, RUE DES TERRETS</SimpleData>
					<SimpleData name="Groupe de personne">Personnes morales non remarquables</SimpleData>
					<SimpleData name="Forme Juridique Abregee">AUPM</SimpleData>
					<SimpleData name="Denomination">ASS IMMOB PAROISSIALE DE CHESSY</SimpleData>
				</SchemaData>
			</ExtendedData>
	<Region>
		<LatLonAltBox>
			<north> 45.8868977400372 </north>
			<south> 45.8867425880744 </south>
			<east> 4.62375825771471 </east>
			<west> 4.62337147585742 </west>
		</LatLonAltBox>
		<Lod>
			<minLodPixels>100</minLodPixels>
			<maxLodPixels>-1</maxLodPixels>
		</Lod>
	</Region>
			<MultiGeometry>
				<Polygon><altitudeMode>relativeToGround</altitudeMode>
					<outerBoundaryIs>
						<LinearRing>
							<coordinates>								4.62337220792404,45.88678948669761,0 4.6233891037958,45.8868595874079,0 4.62337281579254,45.8868977400372,0 4.62359245345102,45.8868713483741,0 4.62368099719116,45.8868605295066,0 4.62367894841625,45.886852272649,0 4.62375825771471,45.88684320757389,0 4.62372782328634,45.8867425880744,0 4.62343778558207,45.8867783673155,0 4.62337147585742,45.88678652495651,0 4.62337220792404,45.88678948669761,0 
							</coordinates>
						</LinearRing>
					</outerBoundaryIs>
				</Polygon>
			</MultiGeometry>
		</Placemark>
		<Placemark id="personne_morale.35740">
<styleUrl>#personne_morale</styleUrl>			<visibility>0</visibility>
			<ExtendedData>
				<SchemaData schemaUrl="#personne_morale">
					<SimpleData name="Numero de Parcelle">69056000AK0194</SimpleData>
					<SimpleData name="Departement">69</SimpleData>
					<SimpleData name="Commune">CHESSY</SimpleData>
					<SimpleData name="Adresse">LES ECUBLISES</SimpleData>
					<SimpleData name="Groupe de personne">Personnes morales non remarquables</SimpleData>
					<SimpleData name="Forme Juridique Abregee">AUPM</SimpleData>
					<SimpleData name="Denomination">ASSOCIATION SYNDICALE DU LOTISSEMENT LES ECUBLISES II</SimpleData>
				</SchemaData>
			</ExtendedData>
	<Region>
		<LatLonAltBox>
			<north> 45.8932410255174 </north>
			<south> 45.8911388267655 </south>
			<east> 4.61780494049666 </east>
			<west> 4.61542044726521 </west>
		</LatLonAltBox>
		<Lod>
			<minLodPixels>100</minLodPixels>
			<maxLodPixels>-1</maxLodPixels>
		</Lod>
	</Region>
			<MultiGeometry>
				<Polygon><altitudeMode>relativeToGround</altitudeMode>
					<outerBoundaryIs>
						<LinearRing>
							<coordinates>								4.61700289733471,45.8911388267655,0 4.61683411101765,45.8912417566187,0 4.61678544985554,45.89127136434529,0 4.61704696897898,45.8914804553627,0 4.61683137376812,45.89167619434931,0 4.61680775278224,45.8916976080723,0 4.61675664373027,45.8916701475924,0 4.61660939856724,45.8917599793787,0 4.61654442794957,45.8917568552543,0 4.61654020124642,45.8918018596791,0 4.61652482687869,45.8918009986761,0 4.61627885193761,45.8919505156264,0 4.61610093975743,45.8920590689417,0 4.61607179238631,45.8920767786357,0 4.61602325900882,45.89210638419179,0 4.61591047908933,45.8921751868941,0 4.61609412445824,45.89235458976681,0 4.61632291707523,45.892578020756,0 4.6162519266581,45.8926203768363,0 4.61601987644961,45.8926686376896,0 4.61591581573315,45.8926476979913,0 4.61578540647396,45.89254193031049,0 4.61557834447884,45.8923777227777,0 4.61550915351425,45.8924198725388,0 4.61542044726521,45.892473919866,0 4.61547135513127,45.8926221651464,0 4.61552917476119,45.89262332051091,0 4.61568597078089,45.8925731638109,0 4.61596186486392,45.8927929501965,0 4.61605937242086,45.892735534195,0 4.61640949634836,45.89266261795601,0 4.6166082868039,45.8928569349698,0 4.61685427021318,45.8929670836479,0 4.61689461403994,45.89302766298569,0 4.61684777228539,45.89308417507091,0 4.61679661490845,45.8931386772796,0 4.61674088139483,45.8931910832625,0 4.61668107691132,45.8932410255174,0 4.61674494785606,45.8932021935644,0 4.61680677820757,45.8931509613515,0 4.61686388544431,45.8931014178705,0 4.61689497585627,45.8930663871087,0 4.61699720120017,45.892936758249,0 4.61713542380172,45.8927503218579,0 4.61720287690563,45.8926313678237,0 4.61717581078406,45.892623288547,0 4.61709785788433,45.892758064591,0 4.6169987569999,45.8928930529537,0 4.61691498642807,45.8929086618523,0 4.61671945491123,45.8928211195604,0 4.61668063919824,45.89280384108461,0 4.61643896030994,45.8925677152715,0 4.61640124816987,45.89253087614441,0 4.61621879590937,45.89235262757789,0 4.61613527520753,45.8922711389087,0 4.61615658763685,45.8921445587742,0 4.61609728303976,45.8920971299528,0 4.61612643041346,45.8920794202522,0 4.61631828213697,45.891962381358,0 4.6165083597,45.8918464483099,0 4.61653737787892,45.8918287403468,0 4.61667196605897,45.89183510226,0 4.61684301270188,45.8919719017171,0 4.6169595099487,45.8920650774712,0 4.61709057522716,45.8921184147755,0 4.61732241155503,45.892212462402,0 4.61737114908073,45.8922733718428,0 4.6172814910454,45.8924356061115,0 4.61721815048916,45.8925496376955,0 4.61725474769799,45.89253965707281,0 4.61730429539112,45.89245230279631,0 4.61741698225086,45.89224407453129,0 4.61743765696989,45.89220577001711,0 4.61755344407262,45.8919889407781,0 4.61763339221381,45.891834320851,0 4.61771196710522,45.8916856650076,0 4.61780494049666,45.89150023540989,0 4.6176992802886,45.89146869222009,0 4.61774906005316,45.8915563368226,0 4.61764229819872,45.8917597971403,0 4.6175418806983,45.89195091731419,0 4.6174483049194,45.892129059771,0 4.61737019852139,45.8921486410627,0 4.61702609295368,45.89200882340199,0 4.61680485616609,45.891831941074,0 4.61684863900432,45.8917195404276,0 4.61687225998372,45.89169812669591,0 4.6169885965585,45.8915923442036,0 4.61727128278416,45.89133574993521,0 4.61729490343502,45.8913143361154,0 4.61721963581507,45.89127236017351,0 4.61714587584309,45.8912290115971,0 4.61707363144314,45.8911845604804,0 4.61700289733471,45.8911388267655,0 
							</coordinates>
						</LinearRing>
					</outerBoundaryIs>
				</Polygon>
			</MultiGeometry>
		</Placemark>
		<Placemark id="personne_morale.35916">
<styleUrl>#personne_morale</styleUrl>			<visibility>0</visibility>
			<ExtendedData>
				<SchemaData schemaUrl="#personne_morale">
					<SimpleData name="Numero de Parcelle">69056000AE0195</SimpleData>
					<SimpleData name="Departement">69</SimpleData>
					<SimpleData name="Commune">CHESSY</SimpleData>
					<SimpleData name="Adresse">60, RUE DES TERRETS</SimpleData>
					<SimpleData name="Groupe de personne">Personnes morales non remarquables</SimpleData>
					<SimpleData name="Forme Juridique Abregee">SCI</SimpleData>
					<SimpleData name="Denomination">SCI LES TERRETS</SimpleData>
				</SchemaData>
			</ExtendedData>
	<Region>
		<LatLonAltBox>
			<north> 45.886911626909 </north>
			<south> 45.88675637259389 </south>
			<east> 4.62334877430706 </east>
			<west> 4.62320908448209 </west>
		</LatLonAltBox>
		<Lod>
			<minLodPixels>100</minLodPixels>
			<maxLodPixels>-1</maxLodPixels>
		</Lod>
	</Region>
			<MultiGeometry>
				<Polygon><altitudeMode>relativeToGround</altitudeMode>
					<outerBoundaryIs>
						<LinearRing>
							<coordinates>								4.62320908448209,45.8867685012321,0 4.62320942448419,45.8867712884668,0 4.62322744036419,45.8868750586514,0 4.62323367587613,45.886911626909,0 4.62334877430706,45.88690033695939,0 4.62334422206786,45.8867895282777,0 4.62333241217478,45.88675637259389,0 4.62326036909825,45.8867625409243,0 4.62324675148373,45.8867643576781,0 4.62320908448209,45.8867685012321,0 
							</coordinates>
						</LinearRing>
					</outerBoundaryIs>
				</Polygon>
			</MultiGeometry>
		</Placemark>
		<Placemark id="personne_morale.36111">
<styleUrl>#personne_morale</styleUrl>			<visibility>0</visibility>
			<ExtendedData>
				<SchemaData schemaUrl="#personne_morale">
					<SimpleData name="Numero de Parcelle">69056000AE0196</SimpleData>
					<SimpleData name="Departement">69</SimpleData>
					<SimpleData name="Commune">CHESSY</SimpleData>
					<SimpleData name="Adresse">60, RUE DES TERRETS</SimpleData>
					<SimpleData name="Groupe de personne">Personnes morales non remarquables</SimpleData>
					<SimpleData name="Forme Juridique Abregee">SCI</SimpleData>
					<SimpleData name="Denomination">SCI LES TERRETS</SimpleData>
				</SchemaData>
			</ExtendedData>
	<Region>
		<LatLonAltBox>
			<north> 45.8867685012321 </north>
			<south> 45.886531018996 </south>
			<east> 4.62333241217478 </east>
			<west> 4.62316690517016 </west>
		</LatLonAltBox>
		<Lod>
			<minLodPixels>100</minLodPixels>
			<maxLodPixels>-1</maxLodPixels>
		</Lod>
	</Region>
			<MultiGeometry>
				<Polygon><altitudeMode>relativeToGround</altitudeMode>
					<outerBoundaryIs>
						<LinearRing>
							<coordinates>								4.62320908448209,45.8867685012321,0 4.62324675148373,45.8867643576781,0 4.62326036909825,45.8867625409243,0 4.62333241217478,45.88675637259389,0 4.62331060788571,45.886690395428,0 4.62328074231609,45.8866003056413,0 4.62322472602456,45.8865638216735,0 4.62317578267669,45.886531018996,0 4.6231704343975,45.8865333474912,0 4.62316690517016,45.8865405135556,0 4.62318917009883,45.886657192569,0 4.62320453671464,45.88674983232741,0 4.62320908448209,45.8867685012321,0 
							</coordinates>
						</LinearRing>
					</outerBoundaryIs>
				</Polygon>
			</MultiGeometry>
		</Placemark>
		<Placemark id="personne_morale.36969">
<styleUrl>#personne_morale</styleUrl>			<visibility>0</visibility>
			<ExtendedData>
				<SchemaData schemaUrl="#personne_morale">
					<SimpleData name="Numero de Parcelle">69056000AD0002</SimpleData>
					<SimpleData name="Departement">69</SimpleData>
					<SimpleData name="Commune">CHESSY</SimpleData>
					<SimpleData name="Adresse">LES CARRIERES</SimpleData>
					<SimpleData name="Groupe de personne">Personnes morales non remarquables</SimpleData>
					<SimpleData name="Forme Juridique Abregee">GFA</SimpleData>
					<SimpleData name="Denomination">DU PRE DU TOUR</SimpleData>
				</SchemaData>
			</ExtendedData>
	<Region>
		<LatLonAltBox>
			<north> 45.89109533503699 </north>
			<south> 45.89017020334531 </south>
			<east> 4.62744478142615 </east>
			<west> 4.62606995463389 </west>
		</LatLonAltBox>
		<Lod>
			<minLodPixels>100</minLodPixels>
			<maxLodPixels>-1</maxLodPixels>
		</Lod>
	</Region>
			<MultiGeometry>
				<Polygon><altitudeMode>relativeToGround</altitudeMode>
					<outerBoundaryIs>
						<LinearRing>
							<coordinates>								4.62608580279219,45.8902619833048,0 4.62608519002543,45.890263072938,0 4.62607336541898,45.8902819772189,0 4.62606995463389,45.8902887813995,0 4.62700965103393,45.89109533503699,0 4.627015480766,45.8910918285471,0 4.62744478142615,45.89083994339411,0 4.6270003486675,45.8904741773077,0 4.62687494438731,45.8905385793705,0 4.6264615252657,45.89017020334531,0 4.62608580279219,45.8902619833048,0 
							</coordinates>
						</LinearRing>
					</outerBoundaryIs>
				</Polygon>
			</MultiGeometry>
		</Placemark>
		<Placemark id="personne_morale.36983">
<styleUrl>#personne_morale</styleUrl>			<visibility>0</visibility>
			<ExtendedData>
				<SchemaData schemaUrl="#personne_morale">
					<SimpleData name="Numero de Parcelle">69056000AE0002</SimpleData>
					<SimpleData name="Departement">69</SimpleData>
					<SimpleData name="Commune">CHESSY</SimpleData>
					<SimpleData name="Adresse">445, RTE DU BREUIL</SimpleData>
					<SimpleData name="Groupe de personne">Personnes morales non remarquables</SimpleData>
					<SimpleData name="Forme Juridique Abregee">SCI</SimpleData>
					<SimpleData name="Denomination">SCI LES GLYCINES</SimpleData>
				</SchemaData>
			</ExtendedData>
	<Region>
		<LatLonAltBox>
			<north> 45.888249362425 </north>
			<south> 45.8880471504062 </south>
			<east> 4.6191046779992 </east>
			<west> 4.61876471334648 </west>
		</LatLonAltBox>
		<Lod>
			<minLodPixels>100</minLodPixels>
			<maxLodPixels>-1</maxLodPixels>
		</Lod>
	</Region>
			<MultiGeometry>
				<Polygon><altitudeMode>relativeToGround</altitudeMode>
					<outerBoundaryIs>
						<LinearRing>
							<coordinates>								4.61886504598133,45.888249362425,0 4.6191046779992,45.8880471504062,0 4.61894569713286,45.888088246473,0 4.6189122892103,45.8880969210658,0 4.61880041546882,45.8881259037079,0 4.61876471334648,45.8881355117875,0 4.6188469680669,45.8882310672381,0 4.61886504598133,45.888249362425,0 
							</coordinates>
						</LinearRing>
					</outerBoundaryIs>
				</Polygon>
			</MultiGeometry>
		</Placemark>
		<Placemark id="personne_morale.37017">
<styleUrl>#personne_morale</styleUrl>			<visibility>0</visibility>
			<ExtendedData>
				<SchemaData schemaUrl="#personne_morale">
					<SimpleData name="Numero de Parcelle">69056000AL0002</SimpleData>
					<SimpleData name="Departement">69</SimpleData>
					<SimpleData name="Commune">CHESSY</SimpleData>
					<SimpleData name="Adresse">LA RONZE</SimpleData>
					<SimpleData name="Groupe de personne">Personnes morales non remarquables</SimpleData>
					<SimpleData name="Forme Juridique Abregee">GFA</SimpleData>
					<SimpleData name="Denomination">GFA DU DOMAINE DUPEUBLE</SimpleData>
				</SchemaData>
			</ExtendedData>
	<Region>
		<LatLonAltBox>
			<north> 45.89467714057049 </north>
			<south> 45.8946398639409 </south>
			<east> 4.60524192728139 </east>
			<west> 4.60517427581253 </west>
		</LatLonAltBox>
		<Lod>
			<minLodPixels>100</minLodPixels>
			<maxLodPixels>-1</maxLodPixels>
		</Lod>
	</Region>
			<MultiGeometry>
				<Polygon><altitudeMode>relativeToGround</altitudeMode>
					<outerBoundaryIs>
						<LinearRing>
							<coordinates>								4.60523947870415,45.8946398639409,0 4.60520777850854,45.89464094445351,0 4.60517427581253,45.8946421406139,0 4.60517684279954,45.89467714057049,0 4.60521022706549,45.89467630636239,0 4.60524192728139,45.8946752258491,0 4.60523947870415,45.8946398639409,0 
							</coordinates>
						</LinearRing>
					</outerBoundaryIs>
				</Polygon>
			</MultiGeometry>
		</Placemark>
		<Placemark id="personne_morale.37220">
<styleUrl>#personne_morale</styleUrl>			<visibility>0</visibility>
			<ExtendedData>
				<SchemaData schemaUrl="#personne_morale">
					<SimpleData name="Numero de Parcelle">69056000AA0020</SimpleData>
					<SimpleData name="Departement">69</SimpleData>
					<SimpleData name="Commune">CHESSY</SimpleData>
					<SimpleData name="Adresse">CHARMOIRE</SimpleData>
					<SimpleData name="Groupe de personne">Personnes morales non remarquables</SimpleData>
					<SimpleData name="Forme Juridique Abregee">GFA</SimpleData>
					<SimpleData name="Denomination">GFA MARIUS ET MICHELLE RIVIERE</SimpleData>
				</SchemaData>
			</ExtendedData>
	<Region>
		<LatLonAltBox>
			<north> 45.9034075483856 </north>
			<south> 45.9024849943714 </south>
			<east> 4.61275226773634 </east>
			<west> 4.61179778648383 </west>
		</LatLonAltBox>
		<Lod>
			<minLodPixels>100</minLodPixels>
			<maxLodPixels>-1</maxLodPixels>
		</Lod>
	</Region>
			<MultiGeometry>
				<Polygon><altitudeMode>relativeToGround</altitudeMode>
					<outerBoundaryIs>
						<LinearRing>
							<coordinates>								4.61179778648383,45.9034075483856,0 4.61253818332243,45.90337672808901,0 4.61265561326586,45.90305585242901,0 4.61275226773634,45.9027701292475,0 4.61274207219517,45.9027655911091,0 4.61266095537697,45.9027313511532,0 4.61260590396291,45.9027149331979,0 4.61250880996072,45.9026813713074,0 4.61243040684173,45.9026516859651,0 4.61236536778655,45.90262018880371,0 4.61224165324696,45.9025453948039,0 4.61213809840714,45.9024849943714,0 4.61179778648383,45.9034075483856,0 
							</coordinates>
						</LinearRing>
					</outerBoundaryIs>
				</Polygon>
			</MultiGeometry>
		</Placemark>
		<Placemark id="personne_morale.37286">
<styleUrl>#personne_morale</styleUrl>			<visibility>0</visibility>
			<ExtendedData>
				<SchemaData schemaUrl="#personne_morale">
					<SimpleData name="Numero de Parcelle">69056000AK0020</SimpleData>
					<SimpleData name="Departement">69</SimpleData>
					<SimpleData name="Commune">CHESSY</SimpleData>
					<SimpleData name="Adresse">TERRE GRASSE</SimpleData>
					<SimpleData name="Groupe de personne">Personnes morales non remarquables</SimpleData>
					<SimpleData name="Forme Juridique Abregee">AUPM</SimpleData>
					<SimpleData name="Denomination">BUREAU DE RECHERCHES GEOLOGIQUES ET MINIERES</SimpleData>
				</SchemaData>
			</ExtendedData>
	<Region>
		<LatLonAltBox>
			<north> 45.8924696989412 </north>
			<south> 45.8919849173882 </south>
			<east> 4.61202653068214 </east>
			<west> 4.6112762965834 </west>
		</LatLonAltBox>
		<Lod>
			<minLodPixels>100</minLodPixels>
			<maxLodPixels>-1</maxLodPixels>
		</Lod>
	</Region>
			<MultiGeometry>
				<Polygon><altitudeMode>relativeToGround</altitudeMode>
					<outerBoundaryIs>
						<LinearRing>
							<coordinates>								4.6112762965834,45.89225870607969,0 4.61136733574383,45.8924696989412,0 4.61202653068214,45.89230475497249,0 4.61201773891582,45.8922511097138,0 4.61197009926229,45.8919849173882,0 4.61192248975647,45.8919976652634,0 4.6118317676035,45.8920357964363,0 4.6112762965834,45.89225870607969,0 
							</coordinates>
						</LinearRing>
					</outerBoundaryIs>
				</Polygon>
			</MultiGeometry>
		</Placemark>
		<Placemark id="personne_morale.38325">
<styleUrl>#personne_morale</styleUrl>			<visibility>0</visibility>
			<ExtendedData>
				<SchemaData schemaUrl="#personne_morale">
					<SimpleData name="Numero de Parcelle">69056000AA0204</SimpleData>
					<SimpleData name="Departement">69</SimpleData>
					<SimpleData name="Commune">CHESSY</SimpleData>
					<SimpleData name="Adresse">BROCHES MARION</SimpleData>
					<SimpleData name="Groupe de personne">Personnes morales non remarquables</SimpleData>
					<SimpleData name="Forme Juridique Abregee">GFA</SimpleData>
					<SimpleData name="Denomination">DU COTEAU DE LA RONZE</SimpleData>
				</SchemaData>
			</ExtendedData>
	<Region>
		<LatLonAltBox>
			<north> 45.896106614641 </north>
			<south> 45.89553616059881 </south>
			<east> 4.60847461479798 </east>
			<west> 4.60678095536097 </west>
		</LatLonAltBox>
		<Lod>
			<minLodPixels>100</minLodPixels>
			<maxLodPixels>-1</maxLodPixels>
		</Lod>
	</Region>
			<MultiGeometry>
				<Polygon><altitudeMode>relativeToGround</altitudeMode>
					<outerBoundaryIs>
						<LinearRing>
							<coordinates>								4.60678095536097,45.8958936910868,0 4.60759511215458,45.89599371302671,0 4.60768965339263,45.8960065995964,0 4.60800801459488,45.8960509795274,0 4.60841519460144,45.896106614641,0 4.60847461479798,45.89574693872829,0 4.60699369174519,45.89553616059881,0 4.60690822540011,45.8956796825104,0 4.60678095536097,45.8958936910868,0 
							</coordinates>
						</LinearRing>
					</outerBoundaryIs>
				</Polygon>
			</MultiGeometry>
		</Placemark>
		<Placemark id="personne_morale.38505">
<styleUrl>#personne_morale</styleUrl>			<visibility>0</visibility>
			<ExtendedData>
				<SchemaData schemaUrl="#personne_morale">
					<SimpleData name="Numero de Parcelle">69056000AA0205</SimpleData>
					<SimpleData name="Departement">69</SimpleData>
					<SimpleData name="Commune">CHESSY</SimpleData>
					<SimpleData name="Adresse">BROCHES MARION</SimpleData>
					<SimpleData name="Groupe de personne">Personnes morales non remarquables</SimpleData>
					<SimpleData name="Forme Juridique Abregee">GFA</SimpleData>
					<SimpleData name="Denomination">GFA DU DOMAINE DUPEUBLE</SimpleData>
				</SchemaData>
			</ExtendedData>
	<Region>
		<LatLonAltBox>
			<north> 45.89653412324521 </north>
			<south> 45.8958936910868 </south>
			<east> 4.60841519460144 </east>
			<west> 4.60677269873581 </west>
		</LatLonAltBox>
		<Lod>
			<minLodPixels>100</minLodPixels>
			<maxLodPixels>-1</maxLodPixels>
		</Lod>
	</Region>
			<MultiGeometry>
				<Polygon><altitudeMode>relativeToGround</altitudeMode>
					<outerBoundaryIs>
						<LinearRing>
							<coordinates>								4.60678095536097,45.8958936910868,0 4.60677269873581,45.8961105117825,0 4.60681818833433,45.89640546821921,0 4.60736072994078,45.8964493661343,0 4.60754424114902,45.8964654014102,0 4.60832963179689,45.89653412324521,0 4.60841519460144,45.896106614641,0 4.60800801459488,45.8960509795274,0 4.60768965339263,45.8960065995964,0 4.60759511215458,45.89599371302671,0 4.60678095536097,45.8958936910868,0 
							</coordinates>
						</LinearRing>
					</outerBoundaryIs>
				</Polygon>
			</MultiGeometry>
		</Placemark>
		<Placemark id="personne_morale.38528">
<styleUrl>#personne_morale</styleUrl>			<visibility>0</visibility>
			<ExtendedData>
				<SchemaData schemaUrl="#personne_morale">
					<SimpleData name="Numero de Parcelle">69056000AE0205</SimpleData>
					<SimpleData name="Departement">69</SimpleData>
					<SimpleData name="Commune">CHESSY</SimpleData>
					<SimpleData name="Adresse">LE BOURG</SimpleData>
					<SimpleData name="Groupe de personne">Personnes morales non remarquables</SimpleData>
					<SimpleData name="Forme Juridique Abregee">SYCO</SimpleData>
					<SimpleData name="Denomination">SYNDICAT DES COPROPRIETAIRES DE LIMMEUBLE SIS A CHESSY LES</SimpleData>
				</SchemaData>
			</ExtendedData>
	<Region>
		<LatLonAltBox>
			<north> 45.8857071612752 </north>
			<south> 45.8855005955005 </south>
			<east> 4.62331239415077 </east>
			<west> 4.62294388711532 </west>
		</LatLonAltBox>
		<Lod>
			<minLodPixels>100</minLodPixels>
			<maxLodPixels>-1</maxLodPixels>
		</Lod>
	</Region>
			<MultiGeometry>
				<Polygon><altitudeMode>relativeToGround</altitudeMode>
					<outerBoundaryIs>
						<LinearRing>
							<coordinates>								4.62294388711532,45.8857071612752,0 4.62331239415077,45.885594599159,0 4.62328538024708,45.8855005955005,0 4.62306718090877,45.8855844295476,0 4.62294388711532,45.8857071612752,0 
							</coordinates>
						</LinearRing>
					</outerBoundaryIs>
				</Polygon>
			</MultiGeometry>
		</Placemark>
		<Placemark id="personne_morale.38688">
<styleUrl>#personne_morale</styleUrl>			<visibility>0</visibility>
			<ExtendedData>
				<SchemaData schemaUrl="#personne_morale">
					<SimpleData name="Numero de Parcelle">69056000AA0206</SimpleData>
					<SimpleData name="Departement">69</SimpleData>
					<SimpleData name="Commune">CHESSY</SimpleData>
					<SimpleData name="Adresse">BROCHES MARION</SimpleData>
					<SimpleData name="Groupe de personne">Personnes morales non remarquables</SimpleData>
					<SimpleData name="Forme Juridique Abregee">SCI</SimpleData>
					<SimpleData name="Denomination">GROUPEMENT FONCIER AGRICOLE DE LESCARGOT</SimpleData>
				</SchemaData>
			</ExtendedData>
	<Region>
		<LatLonAltBox>
			<north> 45.8971927847743 </north>
			<south> 45.8964493661343 </south>
			<east> 4.60832963179689 </east>
			<west> 4.60729705568067 </west>
		</LatLonAltBox>
		<Lod>
			<minLodPixels>100</minLodPixels>
			<maxLodPixels>-1</maxLodPixels>
		</Lod>
	</Region>
			<MultiGeometry>
				<Polygon><altitudeMode>relativeToGround</altitudeMode>
					<outerBoundaryIs>
						<LinearRing>
							<coordinates>								4.60805061557461,45.8971709088188,0 4.60819701981079,45.8971927847743,0 4.60832963179689,45.89653412324521,0 4.60754424114902,45.8964654014102,0 4.60736072994078,45.8964493661343,0 4.60729705568067,45.8967563220228,0 4.60810433392525,45.8968632834296,0 4.60805061557461,45.8971709088188,0 
							</coordinates>
						</LinearRing>
					</outerBoundaryIs>
				</Polygon>
			</MultiGeometry>
		</Placemark>
		<Placemark id="personne_morale.39114">
<styleUrl>#personne_morale</styleUrl>			<visibility>0</visibility>
			<ExtendedData>
				<SchemaData schemaUrl="#personne_morale">
					<SimpleData name="Numero de Parcelle">69056000AC0208</SimpleData>
					<SimpleData name="Departement">69</SimpleData>
					<SimpleData name="Commune">CHESSY</SimpleData>
					<SimpleData name="Adresse">LA ROBERDE</SimpleData>
					<SimpleData name="Groupe de personne">Personnes morales non remarquables</SimpleData>
					<SimpleData name="Forme Juridique Abregee">SYCO</SimpleData>
					<SimpleData name="Denomination">ASSOCIATION SYNDICALE LIBRE LE HAMEAU DE BELLEVUE</SimpleData>
				</SchemaData>
			</ExtendedData>
	<Region>
		<LatLonAltBox>
			<north> 45.8937857878809 </north>
			<south> 45.8933031541318 </south>
			<east> 4.62288144924082 </east>
			<west> 4.62250665191924 </west>
		</LatLonAltBox>
		<Lod>
			<minLodPixels>100</minLodPixels>
			<maxLodPixels>-1</maxLodPixels>
		</Lod>
	</Region>
			<MultiGeometry>
				<Polygon><altitudeMode>relativeToGround</altitudeMode>
					<outerBoundaryIs>
						<LinearRing>
							<coordinates>								4.62277772112769,45.8937857878809,0 4.62287668444735,45.8937692360265,0 4.62284146650201,45.8936551746642,0 4.62285944574498,45.893652484767,0 4.62285730766042,45.8936455801978,0 4.62288144924082,45.8936419011665,0 4.62286118997767,45.8935759017,0 4.62287493715127,45.89355651984399,0 4.62285356841631,45.8935448474696,0 4.62283801934498,45.8935293086957,0 4.62282987689621,45.8935112317713,0 4.62274999235594,45.8934835564579,0 4.62272988874251,45.89341845542,0 4.62267479876435,45.8934268117853,0 4.6226367192475,45.8933031541318,0 4.62250665191924,45.8933190713122,0 4.62277772112769,45.8937857878809,0 
							</coordinates>
						</LinearRing>
					</outerBoundaryIs>
				</Polygon>
			</MultiGeometry>
		</Placemark>
		<Placemark id="personne_morale.39291">
<styleUrl>#personne_morale</styleUrl>			<visibility>0</visibility>
			<ExtendedData>
				<SchemaData schemaUrl="#personne_morale">
					<SimpleData name="Numero de Parcelle">69056000AC0209</SimpleData>
					<SimpleData name="Departement">69</SimpleData>
					<SimpleData name="Commune">CHESSY</SimpleData>
					<SimpleData name="Adresse">LA ROBERDE</SimpleData>
					<SimpleData name="Groupe de personne">Personnes morales non remarquables</SimpleData>
					<SimpleData name="Forme Juridique Abregee">SYCO</SimpleData>
					<SimpleData name="Denomination">ASSOCIATION SYNDICALE LIBRE LE HAMEAU DE BELLEVUE</SimpleData>
				</SchemaData>
			</ExtendedData>
	<Region>
		<LatLonAltBox>
			<north> 45.8935736210334 </north>
			<south> 45.89333121137989 </south>
			<east> 4.62390383638419 </east>
			<west> 4.62282938925722 </west>
		</LatLonAltBox>
		<Lod>
			<minLodPixels>100</minLodPixels>
			<maxLodPixels>-1</maxLodPixels>
		</Lod>
	</Region>
			<MultiGeometry>
				<Polygon><altitudeMode>relativeToGround</altitudeMode>
					<outerBoundaryIs>
						<LinearRing>
							<coordinates>								4.62390383638419,45.8934061944607,0 4.62387570106324,45.89333121137989,0 4.62387222453057,45.8933401780712,0 4.62385386760233,45.8933475571072,0 4.62374342759285,45.8933641845791,0 4.62366586459609,45.8933759264815,0 4.62360332051504,45.89338520095819,0 4.62358339283807,45.8933699052959,0 4.62355321275524,45.8933743917338,0 4.62352046460046,45.89337927531129,0 4.62351124628417,45.8933991326306,0 4.6234488337357,45.8934084952008,0 4.62338886295324,45.8934175524733,0 4.62336893267299,45.893402166743,0 4.62333733958653,45.8934068535466,0 4.62330574914569,45.8934116303715,0 4.62329665968041,45.8934314858222,0 4.62323655726331,45.8934404548348,0 4.62317645747742,45.8934495138457,0 4.62315639566039,45.89343403989859,0 4.62312493412206,45.89343881482209,0 4.6230933436445,45.8934435915877,0 4.62308425144685,45.8934633569912,0 4.62302428054483,45.8934724140703,0 4.62300869280092,45.8934730881643,0 4.62299511669953,45.89346760873781,0 4.62297833658196,45.8934540691556,0 4.62295676565599,45.89344429113711,0 4.62293223814678,45.8934392391026,0 4.62290669600655,45.89343915538151,0 4.62288373877338,45.8934436280347,0 4.62286322160683,45.89345211873309,0 4.62284654687436,45.8934640669405,0 4.62283498006214,45.8934786438806,0 4.62282938925722,45.8934946662082,0 4.62282987689621,45.8935112317713,0 4.62283801934498,45.8935293086957,0 4.62285356841631,45.8935448474696,0 4.62287493715127,45.89355651984399,0 4.62288015282004,45.8935584264847,0 4.62288426466978,45.8935666537478,0 4.62289434101182,45.893571552943,0 4.62291968365316,45.8935736210334,0 4.62294553844666,45.8935711783531,0 4.62296971615716,45.8935643463941,0 4.62299067752238,45.8935534174572,0 4.62300702812002,45.8935392221744,0 4.62301397807213,45.8935299354483,0 4.6230198921908,45.8935248967996,0 4.62302859078724,45.8935224301609,0 4.62309652649058,45.893512267994,0 4.62315354254683,45.89350361356869,0 4.62316410038606,45.8935204849091,0 4.6231955619676,45.8935157099747,0 4.62322702619454,45.8935110250617,0 4.62322674328683,45.8934926551938,0 4.6232836303685,45.893484002554,0 4.6233406490172,45.89347543806461,0 4.62335120690829,45.8934923093875,0 4.62338279739142,45.8934875325498,0 4.62341413265251,45.893482849436,0 4.62341371809762,45.8934643913896,0 4.62347073935709,45.89345591686481,0 4.62353276515419,45.89344655983659,0 4.62355282708141,45.8934620337169,0 4.62357889458779,45.89345805667531,0 4.623615750105,45.89345248362301,0 4.62362484211033,45.8934327181769,0 4.62384700909346,45.8933993548095,0 4.62386439643472,45.8934553977806,0 4.62390163872261,45.8934498190799,0 4.62388939152051,45.89341063513061,0 4.62387539343947,45.8934127276062,0 4.6238702506164,45.8933957785594,0 4.62389146733673,45.89339790568761,0 4.62390383638419,45.8934061944607,0 
							</coordinates>
						</LinearRing>
					</outerBoundaryIs>
				</Polygon>
			</MultiGeometry>
		</Placemark>
		<Placemark id="personne_morale.39756">
<styleUrl>#personne_morale</styleUrl>			<visibility>0</visibility>
			<ExtendedData>
				<SchemaData schemaUrl="#personne_morale">
					<SimpleData name="Numero de Parcelle">69056000AC0210</SimpleData>
					<SimpleData name="Departement">69</SimpleData>
					<SimpleData name="Commune">CHESSY</SimpleData>
					<SimpleData name="Adresse">LA ROBERDE</SimpleData>
					<SimpleData name="Groupe de personne">Personnes morales non remarquables</SimpleData>
					<SimpleData name="Forme Juridique Abregee">SYCO</SimpleData>
					<SimpleData name="Denomination">ASSOCIATION SYNDICALE LIBRE LE HAMEAU DE BELLEVUE</SimpleData>
				</SchemaData>
			</ExtendedData>
	<Region>
		<LatLonAltBox>
			<north> 45.8933308077847 </north>
			<south> 45.8932894461795 </south>
			<east> 4.62387443988922 </east>
			<west> 4.62384128266396 </west>
		</LatLonAltBox>
		<Lod>
			<minLodPixels>100</minLodPixels>
			<maxLodPixels>-1</maxLodPixels>
		</Lod>
	</Region>
			<MultiGeometry>
				<Polygon><altitudeMode>relativeToGround</altitudeMode>
					<outerBoundaryIs>
						<LinearRing>
							<coordinates>								4.62387443988922,45.8933278068976,0 4.62386198891358,45.8932948405851,0 4.62386131406675,45.8932894461795,0 4.62384128266396,45.8932925259841,0 4.62385363222038,45.8933308077847,0 4.62387443988922,45.8933278068976,0 
							</coordinates>
						</LinearRing>
					</outerBoundaryIs>
				</Polygon>
			</MultiGeometry>
		</Placemark>
		<Placemark id="personne_morale.39966">
<styleUrl>#personne_morale</styleUrl>			<visibility>0</visibility>
			<ExtendedData>
				<SchemaData schemaUrl="#personne_morale">
					<SimpleData name="Numero de Parcelle">69056000AE0211</SimpleData>
					<SimpleData name="Departement">69</SimpleData>
					<SimpleData name="Commune">CHESSY</SimpleData>
					<SimpleData name="Adresse">114, AV DE LA GARE</SimpleData>
					<SimpleData name="Groupe de personne">Personnes morales non remarquables</SimpleData>
					<SimpleData name="Forme Juridique Abregee">SCI</SimpleData>
					<SimpleData name="Denomination">SCI BOCAB</SimpleData>
				</SchemaData>
			</ExtendedData>
	<Region>
		<LatLonAltBox>
			<north> 45.8864606246068 </north>
			<south> 45.88627083981121 </south>
			<east> 4.62145066350226 </east>
			<west> 4.62103380600772 </west>
		</LatLonAltBox>
		<Lod>
			<minLodPixels>100</minLodPixels>
			<maxLodPixels>-1</maxLodPixels>
		</Lod>
	</Region>
			<MultiGeometry>
				<Polygon><altitudeMode>relativeToGround</altitudeMode>
					<outerBoundaryIs>
						<LinearRing>
							<coordinates>								4.62107017845103,45.8864606246068,0 4.62109752935486,45.8864565396219,0 4.62145066350226,45.8863954529561,0 4.62141939545149,45.8863584330263,0 4.62136147217831,45.88628774958011,0 4.62134730394989,45.88627083981121,0 4.62118526974551,45.8862955904957,0 4.62103380600772,45.8863464893,0 4.62107017845103,45.8864606246068,0 
							</coordinates>
						</LinearRing>
					</outerBoundaryIs>
				</Polygon>
			</MultiGeometry>
		</Placemark>
		<Placemark id="personne_morale.40473">
<styleUrl>#personne_morale</styleUrl>			<visibility>0</visibility>
			<ExtendedData>
				<SchemaData schemaUrl="#personne_morale">
					<SimpleData name="Numero de Parcelle">69056000AA0214</SimpleData>
					<SimpleData name="Departement">69</SimpleData>
					<SimpleData name="Commune">CHESSY</SimpleData>
					<SimpleData name="Adresse">BROCHES MARION</SimpleData>
					<SimpleData name="Groupe de personne">Personnes morales non remarquables</SimpleData>
					<SimpleData name="Forme Juridique Abregee">GFA</SimpleData>
					<SimpleData name="Denomination">DU COTEAU DE LA RONZE</SimpleData>
				</SchemaData>
			</ExtendedData>
	<Region>
		<LatLonAltBox>
			<north> 45.8990193883117 </north>
			<south> 45.89831918924119 </south>
			<east> 4.60791558091654 </east>
			<west> 4.60691886934371 </west>
		</LatLonAltBox>
		<Lod>
			<minLodPixels>100</minLodPixels>
			<maxLodPixels>-1</maxLodPixels>
		</Lod>
	</Region>
			<MultiGeometry>
				<Polygon><altitudeMode>relativeToGround</altitudeMode>
					<outerBoundaryIs>
						<LinearRing>
							<coordinates>								4.60791558091654,45.8984719688776,0 4.6070936568158,45.89831918924119,0 4.60705300425658,45.8984291995093,0 4.60691886934371,45.8987929085211,0 4.60782151102135,45.8990193883117,0 4.60783311486473,45.8989572565868,0 4.60785231117191,45.8988458398157,0 4.607877868616,45.8987225336921,0 4.60788635398303,45.8986596356908,0 4.60788712267949,45.8986550312962,0 4.60791558091654,45.8984719688776,0 
							</coordinates>
						</LinearRing>
					</outerBoundaryIs>
				</Polygon>
			</MultiGeometry>
		</Placemark>
		<Placemark id="personne_morale.40659">
<styleUrl>#personne_morale</styleUrl>			<visibility>0</visibility>
			<ExtendedData>
				<SchemaData schemaUrl="#personne_morale">
					<SimpleData name="Numero de Parcelle">69056000AA0215</SimpleData>
					<SimpleData name="Departement">69</SimpleData>
					<SimpleData name="Commune">CHESSY</SimpleData>
					<SimpleData name="Adresse">BROCHES MARION</SimpleData>
					<SimpleData name="Groupe de personne">Personnes morales non remarquables</SimpleData>
					<SimpleData name="Forme Juridique Abregee">GFA</SimpleData>
					<SimpleData name="Denomination">DU COTEAU DE LA RONZE</SimpleData>
				</SchemaData>
			</ExtendedData>
	<Region>
		<LatLonAltBox>
			<north> 45.8987929085211 </north>
			<south> 45.8982150148016 </south>
			<east> 4.6070936568158 </east>
			<west> 4.60653347349456 </west>
		</LatLonAltBox>
		<Lod>
			<minLodPixels>100</minLodPixels>
			<maxLodPixels>-1</maxLodPixels>
		</Lod>
	</Region>
			<MultiGeometry>
				<Polygon><altitudeMode>relativeToGround</altitudeMode>
					<outerBoundaryIs>
						<LinearRing>
							<coordinates>								4.60653347349456,45.8982150148016,0 4.60656696332993,45.89829740146101,0 4.60675017636778,45.8987500014701,0 4.60681269049452,45.8987659558796,0 4.60691886934371,45.8987929085211,0 4.60705300425658,45.8984291995093,0 4.6070936568158,45.89831918924119,0 4.60653347349456,45.8982150148016,0 
							</coordinates>
						</LinearRing>
					</outerBoundaryIs>
				</Polygon>
			</MultiGeometry>
		</Placemark>
		<Placemark id="personne_morale.41656">
<styleUrl>#personne_morale</styleUrl>			<visibility>0</visibility>
			<ExtendedData>
				<SchemaData schemaUrl="#personne_morale">
					<SimpleData name="Numero de Parcelle">69056000AI0022</SimpleData>
					<SimpleData name="Departement">69</SimpleData>
					<SimpleData name="Commune">CHESSY</SimpleData>
					<SimpleData name="Adresse">LES SAILLANTS</SimpleData>
					<SimpleData name="Groupe de personne">Personnes morales non remarquables</SimpleData>
					<SimpleData name="Forme Juridique Abregee">GFA</SimpleData>
					<SimpleData name="Denomination">DU PRE DU TOUR</SimpleData>
				</SchemaData>
			</ExtendedData>
	<Region>
		<LatLonAltBox>
			<north> 45.8868784770429 </north>
			<south> 45.8858629325876 </south>
			<east> 4.61819686762369 </east>
			<west> 4.61775650870502 </west>
		</LatLonAltBox>
		<Lod>
			<minLodPixels>100</minLodPixels>
			<maxLodPixels>-1</maxLodPixels>
		</Lod>
	</Region>
			<MultiGeometry>
				<Polygon><altitudeMode>relativeToGround</altitudeMode>
					<outerBoundaryIs>
						<LinearRing>
							<coordinates>								4.61800882054709,45.88684016391981,0 4.61798689960238,45.8868227342205,0 4.61816058124037,45.88671135602299,0 4.61819441414121,45.88667763661221,0 4.61819686762369,45.88664697832159,0 4.61819334026998,45.8865487644537,0 4.61812907017587,45.8863759428994,0 4.61811092068398,45.8863463901131,0 4.61806492495877,45.8861458361835,0 4.61803866221379,45.8860991064229,0 4.61807836440663,45.88597973829621,0 4.6181192839114,45.8858974608084,0 4.61808969866616,45.8858957226234,0 4.61804840900339,45.88589946597061,0 4.61798132334897,45.8858855648631,0 4.61795913600193,45.8858810187221,0 4.61784562839032,45.88587615823631,0 4.61776205738643,45.885863033323,0 4.61775650870502,45.8858629325876,0 4.61796867360113,45.8868784770429,0 4.61800882054709,45.88684016391981,0 
							</coordinates>
						</LinearRing>
					</outerBoundaryIs>
				</Polygon>
			</MultiGeometry>
		</Placemark>
		<Placemark id="personne_morale.41896">
<styleUrl>#personne_morale</styleUrl>			<visibility>0</visibility>
			<ExtendedData>
				<SchemaData schemaUrl="#personne_morale">
					<SimpleData name="Numero de Parcelle">69056000AE0220</SimpleData>
					<SimpleData name="Departement">69</SimpleData>
					<SimpleData name="Commune">CHESSY</SimpleData>
					<SimpleData name="Adresse">476, RTE DU BREUIL</SimpleData>
					<SimpleData name="Groupe de personne">Personnes morales non remarquables</SimpleData>
					<SimpleData name="Forme Juridique Abregee">GFA</SimpleData>
					<SimpleData name="Denomination">DU PRE DU TOUR</SimpleData>
				</SchemaData>
			</ExtendedData>
	<Region>
		<LatLonAltBox>
			<north> 45.8878899535591 </north>
			<south> 45.8873771274708 </south>
			<east> 4.61951792228443 </east>
			<west> 4.61883305144388 </west>
		</LatLonAltBox>
		<Lod>
			<minLodPixels>100</minLodPixels>
			<maxLodPixels>-1</maxLodPixels>
		</Lod>
	</Region>
			<MultiGeometry>
				<Polygon><altitudeMode>relativeToGround</altitudeMode>
					<outerBoundaryIs>
						<LinearRing>
							<coordinates>								4.61887010879019,45.88758719879591,0 4.6188731923019,45.8875867943696,0 4.61891172562037,45.8875813789129,0 4.6189194803751,45.8876082883195,0 4.61894342021247,45.8877032376342,0 4.61892774478246,45.8877052634665,0 4.61890487359433,45.8877082029501,0 4.61889857763723,45.88770901365039,0 4.61890399800328,45.887731092804,0 4.61891512038164,45.8877760576913,0 4.61891906650494,45.8877918531829,0 4.61892317856109,45.8878089072527,0 4.61892755639207,45.88782622772109,0 4.61894309894717,45.8878899535591,0 4.61907647130583,45.88788597204631,0 4.61915276340824,45.88788388869251,0 4.6191967175084,45.8878829889838,0 4.61924104779352,45.8878817235973,0 4.61926294583909,45.88788077948441,0 4.61929451559579,45.8878797869088,0 4.61939516579744,45.887877084305,0 4.61951792228443,45.88787613651179,0 4.61950785654526,45.887827643881,0 4.61950463617398,45.8878102167839,0 4.61949894912502,45.8877834579298,0 4.61946819671347,45.88763663696211,0 4.61946309413639,45.8876122115074,0 4.61945229662721,45.8875607571053,0 4.61941838496426,45.887398579723,0 4.61941509654647,45.8873832251672,0 4.61933147129366,45.8873771274708,0 4.61883305144388,45.8874583915293,0 4.61887010879019,45.88758719879591,0 
							</coordinates>
						</LinearRing>
					</outerBoundaryIs>
				</Polygon>
			</MultiGeometry>
		</Placemark>
		<Placemark id="personne_morale.42549">
<styleUrl>#personne_morale</styleUrl>			<visibility>0</visibility>
			<ExtendedData>
				<SchemaData schemaUrl="#personne_morale">
					<SimpleData name="Numero de Parcelle">69056000AA0224</SimpleData>
					<SimpleData name="Departement">69</SimpleData>
					<SimpleData name="Commune">CHESSY</SimpleData>
					<SimpleData name="Adresse">BOIS DE L ERSE</SimpleData>
					<SimpleData name="Groupe de personne">Personnes morales non remarquables</SimpleData>
					<SimpleData name="Forme Juridique Abregee">GFA</SimpleData>
					<SimpleData name="Denomination">GFA MARIUS ET MICHELLE RIVIERE</SimpleData>
				</SchemaData>
			</ExtendedData>
	<Region>
		<LatLonAltBox>
			<north> 45.90134040056171 </north>
			<south> 45.9003888760752 </south>
			<east> 4.61121173996052 </east>
			<west> 4.61019767664209 </west>
		</LatLonAltBox>
		<Lod>
			<minLodPixels>100</minLodPixels>
			<maxLodPixels>-1</maxLodPixels>
		</Lod>
	</Region>
			<MultiGeometry>
				<Polygon><altitudeMode>relativeToGround</altitudeMode>
					<outerBoundaryIs>
						<LinearRing>
							<coordinates>								4.61059337561055,45.9003888760752,0 4.61042255731093,45.9006355732489,0 4.61019767664209,45.9009438358446,0 4.61084306914927,45.90134040056171,0 4.61121173996052,45.9007700616807,0 4.61079292667559,45.9005118587466,0 4.61059337561055,45.9003888760752,0 
							</coordinates>
						</LinearRing>
					</outerBoundaryIs>
				</Polygon>
			</MultiGeometry>
		</Placemark>
		<Placemark id="personne_morale.42746">
<styleUrl>#personne_morale</styleUrl>			<visibility>0</visibility>
			<ExtendedData>
				<SchemaData schemaUrl="#personne_morale">
					<SimpleData name="Numero de Parcelle">69056000AA0225</SimpleData>
					<SimpleData name="Departement">69</SimpleData>
					<SimpleData name="Commune">CHESSY</SimpleData>
					<SimpleData name="Adresse">BOIS DE L ERSE</SimpleData>
					<SimpleData name="Groupe de personne">Personnes morales non remarquables</SimpleData>
					<SimpleData name="Forme Juridique Abregee">GFA</SimpleData>
					<SimpleData name="Denomination">GFA MARIUS ET MICHELLE RIVIERE</SimpleData>
				</SchemaData>
			</ExtendedData>
	<Region>
		<LatLonAltBox>
			<north> 45.9009438358446 </north>
			<south> 45.899958917189 </south>
			<east> 4.61059337561055 </east>
			<west> 4.60952442772322 </west>
		</LatLonAltBox>
		<Lod>
			<minLodPixels>100</minLodPixels>
			<maxLodPixels>-1</maxLodPixels>
		</Lod>
	</Region>
			<MultiGeometry>
				<Polygon><altitudeMode>relativeToGround</altitudeMode>
					<outerBoundaryIs>
						<LinearRing>
							<coordinates>								4.60957870178666,45.9005548175424,0 4.60999826481124,45.90082121040851,0 4.61014683345232,45.90091240552199,0 4.61019767664209,45.9009438358446,0 4.61042255731093,45.9006355732489,0 4.61059337561055,45.9003888760752,0 4.60989580652727,45.899958917189,0 4.60978301070331,45.9001295805549,0 4.60952442772322,45.9005207337452,0 4.60957870178666,45.9005548175424,0 
							</coordinates>
						</LinearRing>
					</outerBoundaryIs>
				</Polygon>
			</MultiGeometry>
		</Placemark>
		<Placemark id="personne_morale.43702">
<styleUrl>#personne_morale</styleUrl>			<visibility>0</visibility>
			<ExtendedData>
				<SchemaData schemaUrl="#personne_morale">
					<SimpleData name="Numero de Parcelle">69056000AK0023</SimpleData>
					<SimpleData name="Departement">69</SimpleData>
					<SimpleData name="Commune">CHESSY</SimpleData>
					<SimpleData name="Adresse">TERRE GRASSE</SimpleData>
					<SimpleData name="Groupe de personne">Personnes morales non remarquables</SimpleData>
					<SimpleData name="Forme Juridique Abregee">SARL</SimpleData>
					<SimpleData name="Denomination">LIM IMMOBILIERE</SimpleData>
				</SchemaData>
			</ExtendedData>
	<Region>
		<LatLonAltBox>
			<north> 45.8932559195705 </north>
			<south> 45.8927140692094 </south>
			<east> 4.61221068368067 </east>
			<west> 4.61133996622953 </west>
		</LatLonAltBox>
		<Lod>
			<minLodPixels>100</minLodPixels>
			<maxLodPixels>-1</maxLodPixels>
		</Lod>
	</Region>
			<MultiGeometry>
				<Polygon><altitudeMode>relativeToGround</altitudeMode>
					<outerBoundaryIs>
						<LinearRing>
							<coordinates>								4.61170736664172,45.8928676365935,0 4.6114953614667,45.8928384140758,0 4.61142942643651,45.8927140692094,0 4.61143069999991,45.892722337315,0 4.61142396150291,45.89278746245181,0 4.61140475336235,45.8928584395882,0 4.61137329389886,45.89292508792129,0 4.61135136485369,45.8929735868233,0 4.61133996622953,45.8930469745547,0 4.61134344749786,45.89309105826389,0 4.61135701977403,45.8931273423831,0 4.61138056463459,45.89314294887169,0 4.61149918104848,45.8931985415957,0 4.61165763286176,45.89324014626001,0 4.61175793027135,45.8932559195705,0 4.61221068368067,45.89317677983841,0 4.61205768837921,45.8929159626573,0 4.61170736664172,45.8928676365935,0 
							</coordinates>
						</LinearRing>
					</outerBoundaryIs>
				</Polygon>
			</MultiGeometry>
		</Placemark>
		<Placemark id="personne_morale.45886">
<styleUrl>#personne_morale</styleUrl>			<visibility>0</visibility>
			<ExtendedData>
				<SchemaData schemaUrl="#personne_morale">
					<SimpleData name="Numero de Parcelle">69056000AE0240</SimpleData>
					<SimpleData name="Departement">69</SimpleData>
					<SimpleData name="Commune">CHESSY</SimpleData>
					<SimpleData name="Adresse">68, AV DE LA GARE</SimpleData>
					<SimpleData name="Groupe de personne">Personnes morales non remarquables</SimpleData>
					<SimpleData name="Forme Juridique Abregee">AUPM</SimpleData>
					<SimpleData name="Denomination">ASS DE LINSTITUT DEDUCATION ET DE PERFECTIONNEMENT RURAL D</SimpleData>
				</SchemaData>
			</ExtendedData>
	<Region>
		<LatLonAltBox>
			<north> 45.886764871279 </north>
			<south> 45.8866703932665 </south>
			<east> 4.62172767539091 </east>
			<west> 4.62137479905045 </west>
		</LatLonAltBox>
		<Lod>
			<minLodPixels>100</minLodPixels>
			<maxLodPixels>-1</maxLodPixels>
		</Lod>
	</Region>
			<MultiGeometry>
				<Polygon><altitudeMode>relativeToGround</altitudeMode>
					<outerBoundaryIs>
						<LinearRing>
							<coordinates>								4.62139704116729,45.886764871279,0 4.6216457884189,45.8867240152704,0 4.62172767539091,45.8867105013039,0 4.62169193108254,45.8866703932665,0 4.62154242474045,45.8866957753567,0 4.62137479905045,45.88672339861061,0 4.62139704116729,45.886764871279,0 
							</coordinates>
						</LinearRing>
					</outerBoundaryIs>
				</Polygon>
			</MultiGeometry>
		</Placemark>
		<Placemark id="personne_morale.46057">
<styleUrl>#personne_morale</styleUrl>			<visibility>0</visibility>
			<ExtendedData>
				<SchemaData schemaUrl="#personne_morale">
					<SimpleData name="Numero de Parcelle">69056000AE0241</SimpleData>
					<SimpleData name="Departement">69</SimpleData>
					<SimpleData name="Commune">CHESSY</SimpleData>
					<SimpleData name="Adresse">68, AV DE LA GARE</SimpleData>
					<SimpleData name="Groupe de personne">Personnes morales non remarquables</SimpleData>
					<SimpleData name="Forme Juridique Abregee">AUPM</SimpleData>
					<SimpleData name="Denomination">MAISON FAMILIALE RURALE DE CHESSY LES MINES</SimpleData>
				</SchemaData>
			</ExtendedData>
	<Region>
		<LatLonAltBox>
			<north> 45.88672794994341 </north>
			<south> 45.8867105013039 </south>
			<east> 4.62174141207668 </east>
			<west> 4.6216457884189 </west>
		</LatLonAltBox>
		<Lod>
			<minLodPixels>100</minLodPixels>
			<maxLodPixels>-1</maxLodPixels>
		</Lod>
	</Region>
			<MultiGeometry>
				<Polygon><altitudeMode>relativeToGround</altitudeMode>
					<outerBoundaryIs>
						<LinearRing>
							<coordinates>								4.62174141207668,45.8867258860589,0 4.62172767539091,45.8867105013039,0 4.6216457884189,45.8867240152704,0 4.62173566901935,45.88672794994341,0 4.62174141207668,45.8867258860589,0 
							</coordinates>
						</LinearRing>
					</outerBoundaryIs>
				</Polygon>
			</MultiGeometry>
		</Placemark>
		<Placemark id="personne_morale.46354">
<styleUrl>#personne_morale</styleUrl>			<visibility>0</visibility>
			<ExtendedData>
				<SchemaData schemaUrl="#personne_morale">
					<SimpleData name="Numero de Parcelle">69056000AE0243</SimpleData>
					<SimpleData name="Departement">69</SimpleData>
					<SimpleData name="Commune">CHESSY</SimpleData>
					<SimpleData name="Adresse">80, RTE DE LA VALLEE</SimpleData>
					<SimpleData name="Groupe de personne">Personnes morales non remarquables</SimpleData>
					<SimpleData name="Forme Juridique Abregee">AUPM</SimpleData>
					<SimpleData name="Denomination">MAISON FAMILIALE RURALE DE CHESSY LES MINES</SimpleData>
				</SchemaData>
			</ExtendedData>
	<Region>
		<LatLonAltBox>
			<north> 45.887373538036 </north>
			<south> 45.88697670221259 </south>
			<east> 4.62170935277961 </east>
			<west> 4.62139694446508 </west>
		</LatLonAltBox>
		<Lod>
			<minLodPixels>100</minLodPixels>
			<maxLodPixels>-1</maxLodPixels>
		</Lod>
	</Region>
			<MultiGeometry>
				<Polygon><altitudeMode>relativeToGround</altitudeMode>
					<outerBoundaryIs>
						<LinearRing>
							<coordinates>								4.62158015635149,45.887373538036,0 4.62170935277961,45.88733286545229,0 4.62163577403683,45.88719476544821,0 4.62163468442797,45.8871927995761,0 4.62161475274141,45.88715534687971,0 4.62161188656453,45.887149983897,0 4.62160860979968,45.8871438161893,0 4.62159131560953,45.8871127205029,0 4.62158995227854,45.88711021814711,0 4.6215170248422,45.88697670221259,0 4.62139694446508,45.88701156954801,0 4.62148211492955,45.8871798564362,0 4.62148786050031,45.8871910325596,0 4.62158015635149,45.887373538036,0 
							</coordinates>
						</LinearRing>
					</outerBoundaryIs>
				</Polygon>
			</MultiGeometry>
		</Placemark>
		<Placemark id="personne_morale.46661">
<styleUrl>#personne_morale</styleUrl>			<visibility>0</visibility>
			<ExtendedData>
				<SchemaData schemaUrl="#personne_morale">
					<SimpleData name="Numero de Parcelle">69056000AA0245</SimpleData>
					<SimpleData name="Departement">69</SimpleData>
					<SimpleData name="Commune">CHESSY</SimpleData>
					<SimpleData name="Adresse">BOIS BARRON</SimpleData>
					<SimpleData name="Groupe de personne">Personnes morales non remarquables</SimpleData>
					<SimpleData name="Forme Juridique Abregee">GFA</SimpleData>
					<SimpleData name="Denomination">GFA MARIUS ET MICHELLE RIVIERE</SimpleData>
				</SchemaData>
			</ExtendedData>
	<Region>
		<LatLonAltBox>
			<north> 45.90162439783229 </north>
			<south> 45.9011625831678 </south>
			<east> 4.61396587077766 </east>
			<west> 4.61314159781709 </west>
		</LatLonAltBox>
		<Lod>
			<minLodPixels>100</minLodPixels>
			<maxLodPixels>-1</maxLodPixels>
		</Lod>
	</Region>
			<MultiGeometry>
				<Polygon><altitudeMode>relativeToGround</altitudeMode>
					<outerBoundaryIs>
						<LinearRing>
							<coordinates>								4.61349562616047,45.90162439783229,0 4.61396587077766,45.9014486296042,0 4.61360543785242,45.9011625831678,0 4.61314159781709,45.901349967401,0 4.61349562616047,45.90162439783229,0 
							</coordinates>
						</LinearRing>
					</outerBoundaryIs>
				</Polygon>
			</MultiGeometry>
		</Placemark>
		<Placemark id="personne_morale.46959">
<styleUrl>#personne_morale</styleUrl>			<visibility>0</visibility>
			<ExtendedData>
				<SchemaData schemaUrl="#personne_morale">
					<SimpleData name="Numero de Parcelle">69056000AA0247</SimpleData>
					<SimpleData name="Departement">69</SimpleData>
					<SimpleData name="Commune">CHESSY</SimpleData>
					<SimpleData name="Adresse">BOIS BARRON</SimpleData>
					<SimpleData name="Groupe de personne">Personnes morales non remarquables</SimpleData>
					<SimpleData name="Forme Juridique Abregee">GFA</SimpleData>
					<SimpleData name="Denomination">GFA MARIUS ET MICHELLE RIVIERE</SimpleData>
				</SchemaData>
			</ExtendedData>
	<Region>
		<LatLonAltBox>
			<north> 45.90124423707351 </north>
			<south> 45.90021791151069 </south>
			<east> 4.61326134999844 </east>
			<west> 4.61223699324891 </west>
		</LatLonAltBox>
		<Lod>
			<minLodPixels>100</minLodPixels>
			<maxLodPixels>-1</maxLodPixels>
		</Lod>
	</Region>
			<MultiGeometry>
				<Polygon><altitudeMode>relativeToGround</altitudeMode>
					<outerBoundaryIs>
						<LinearRing>
							<coordinates>								4.6125789080227,45.90021791151069,0 4.61254182402984,45.90025996169981,0 4.61248152183249,45.9003373794232,0 4.61242745122406,45.9004161493453,0 4.61235672511435,45.9005120895097,0 4.61223699324891,45.90067033485539,0 4.61300201504249,45.90124423707351,0 4.61326134999844,45.9009852848049,0 4.61322942492863,45.9009038683855,0 4.61323730186456,45.9007674830453,0 4.61295307683778,45.9004932271681,0 4.6125789080227,45.90021791151069,0 
							</coordinates>
						</LinearRing>
					</outerBoundaryIs>
				</Polygon>
			</MultiGeometry>
		</Placemark>
		<Placemark id="personne_morale.47275">
<styleUrl>#personne_morale</styleUrl>			<visibility>0</visibility>
			<ExtendedData>
				<SchemaData schemaUrl="#personne_morale">
					<SimpleData name="Numero de Parcelle">69056000AA0249</SimpleData>
					<SimpleData name="Departement">69</SimpleData>
					<SimpleData name="Commune">CHESSY</SimpleData>
					<SimpleData name="Adresse">BOIS BARRON</SimpleData>
					<SimpleData name="Groupe de personne">Personnes morales non remarquables</SimpleData>
					<SimpleData name="Forme Juridique Abregee">AUPM</SimpleData>
					<SimpleData name="Denomination">BUREAU DE RECHERCHES GEOLOGIQUES ET MINIERES</SimpleData>
				</SchemaData>
			</ExtendedData>
	<Region>
		<LatLonAltBox>
			<north> 45.90070516429701 </north>
			<south> 45.9004632057323 </south>
			<east> 4.61427473391225 </east>
			<west> 4.6138830919216 </west>
		</LatLonAltBox>
		<Lod>
			<minLodPixels>100</minLodPixels>
			<maxLodPixels>-1</maxLodPixels>
		</Lod>
	</Region>
			<MultiGeometry>
				<Polygon><altitudeMode>relativeToGround</altitudeMode>
					<outerBoundaryIs>
						<LinearRing>
							<coordinates>								4.61416703262843,45.9004632057323,0 4.6138830919216,45.90058650855409,0 4.61399415610916,45.90070516429701,0 4.61427473391225,45.9005815489353,0 4.61416846162954,45.9004635456067,0 4.61416703262843,45.9004632057323,0 
							</coordinates>
						</LinearRing>
					</outerBoundaryIs>
				</Polygon>
			</MultiGeometry>
		</Placemark>
		<Placemark id="personne_morale.49818">
<styleUrl>#personne_morale</styleUrl>			<visibility>0</visibility>
			<ExtendedData>
				<SchemaData schemaUrl="#personne_morale">
					<SimpleData name="Numero de Parcelle">69056000AE0262</SimpleData>
					<SimpleData name="Departement">69</SimpleData>
					<SimpleData name="Commune">CHESSY</SimpleData>
					<SimpleData name="Adresse">53, RUE DES TERRETS</SimpleData>
					<SimpleData name="Groupe de personne">Personnes morales non remarquables</SimpleData>
					<SimpleData name="Forme Juridique Abregee">SCI</SimpleData>
					<SimpleData name="Denomination">SCI LES TERRETS</SimpleData>
				</SchemaData>
			</ExtendedData>
	<Region>
		<LatLonAltBox>
			<north> 45.88704738264259 </north>
			<south> 45.8869507813092 </south>
			<east> 4.62324798386645 </east>
			<west> 4.62314044645178 </west>
		</LatLonAltBox>
		<Lod>
			<minLodPixels>100</minLodPixels>
			<maxLodPixels>-1</maxLodPixels>
		</Lod>
	</Region>
			<MultiGeometry>
				<Polygon><altitudeMode>relativeToGround</altitudeMode>
					<outerBoundaryIs>
						<LinearRing>
							<coordinates>								4.62323500250936,45.8870355418052,0 4.62324065400964,45.8869997035562,0 4.62324798386645,45.8869507813092,0 4.62314044645178,45.8869604314393,0 4.62315680636233,45.88704738264259,0 4.62318162143388,45.8870447746556,0 4.62323485069427,45.88703914671591,0 4.62323500250936,45.8870355418052,0 
							</coordinates>
						</LinearRing>
					</outerBoundaryIs>
				</Polygon>
			</MultiGeometry>
		</Placemark>
		<Placemark id="personne_morale.51908">
<styleUrl>#personne_morale</styleUrl>			<visibility>0</visibility>
			<ExtendedData>
				<SchemaData schemaUrl="#personne_morale">
					<SimpleData name="Numero de Parcelle">69056000AA0274</SimpleData>
					<SimpleData name="Departement">69</SimpleData>
					<SimpleData name="Commune">CHESSY</SimpleData>
					<SimpleData name="Adresse">MOLINANT</SimpleData>
					<SimpleData name="Groupe de personne">Personnes morales non remarquables</SimpleData>
					<SimpleData name="Forme Juridique Abregee">SARL</SimpleData>
					<SimpleData name="Denomination">GROUPE ESR PROM-S</SimpleData>
				</SchemaData>
			</ExtendedData>
	<Region>
		<LatLonAltBox>
			<north> 45.8895176672137 </north>
			<south> 45.8891225898265 </south>
			<east> 4.62127304400138 </east>
			<west> 4.62106347732106 </west>
		</LatLonAltBox>
		<Lod>
			<minLodPixels>100</minLodPixels>
			<maxLodPixels>-1</maxLodPixels>
		</Lod>
	</Region>
			<MultiGeometry>
				<Polygon><altitudeMode>relativeToGround</altitudeMode>
					<outerBoundaryIs>
						<LinearRing>
							<coordinates>								4.62127304400138,45.8894955367511,0 4.62126449833184,45.889424235189,0 4.62125016512887,45.8893578803034,0 4.62122348197086,45.8892794532318,0 4.62120959096411,45.88922813339579,0 4.62117076050127,45.8891225898265,0 4.62113610621105,45.8891371373792,0 4.62107762374591,45.8891615738123,0 4.62106347732106,45.88916736087789,0 4.62115444275932,45.8891685784681,0 4.62118470387063,45.88924587342981,0 4.62120378757431,45.88932026634309,0 4.62122202895107,45.8893923295587,0 4.62123286608097,45.88946260751389,0 4.62123719371589,45.8895176672137,0 4.62127304400138,45.8894955367511,0 
							</coordinates>
						</LinearRing>
					</outerBoundaryIs>
				</Polygon>
			</MultiGeometry>
		</Placemark>
		<Placemark id="personne_morale.53019">
<styleUrl>#personne_morale</styleUrl>			<visibility>0</visibility>
			<ExtendedData>
				<SchemaData schemaUrl="#personne_morale">
					<SimpleData name="Numero de Parcelle">69056000AE0280</SimpleData>
					<SimpleData name="Departement">69</SimpleData>
					<SimpleData name="Commune">CHESSY</SimpleData>
					<SimpleData name="Adresse">334, RTE DE LA VALLEE</SimpleData>
					<SimpleData name="Groupe de personne">Personnes morales non remarquables</SimpleData>
					<SimpleData name="Forme Juridique Abregee">SCI</SimpleData>
					<SimpleData name="Denomination">SCI MAEMA</SimpleData>
				</SchemaData>
			</ExtendedData>
	<Region>
		<LatLonAltBox>
			<north> 45.8870753942349 </north>
			<south> 45.88682944469389 </south>
			<east> 4.62459300348522 </east>
			<west> 4.6243712700753 </west>
		</LatLonAltBox>
		<Lod>
			<minLodPixels>100</minLodPixels>
			<maxLodPixels>-1</maxLodPixels>
		</Lod>
	</Region>
			<MultiGeometry>
				<Polygon><altitudeMode>relativeToGround</altitudeMode>
					<outerBoundaryIs>
						<LinearRing>
							<coordinates>								4.62441535592707,45.88682944469389,0 4.62438553706964,45.8868329354643,0 4.6243712700753,45.8868477315195,0 4.62440811347616,45.8869425844741,0 4.62443170716679,45.8869379221895,0 4.62443588771986,45.88694849018031,0 4.62448618605313,45.8870753942349,0 4.62459300348522,45.88703693131329,0 4.62456446356449,45.8869656470584,0 4.62454790996707,45.8869247237138,0 4.62445921296336,45.886943471474,0 4.62445504301641,45.8869332636048,0 4.62441535592707,45.88682944469389,0 
							</coordinates>
						</LinearRing>
					</outerBoundaryIs>
				</Polygon>
			</MultiGeometry>
		</Placemark>
		<Placemark id="personne_morale.55299">
<styleUrl>#personne_morale</styleUrl>			<visibility>0</visibility>
			<ExtendedData>
				<SchemaData schemaUrl="#personne_morale">
					<SimpleData name="Numero de Parcelle">69056000AE0295</SimpleData>
					<SimpleData name="Departement">69</SimpleData>
					<SimpleData name="Commune">CHESSY</SimpleData>
					<SimpleData name="Adresse">RUE DES TERRETS</SimpleData>
					<SimpleData name="Groupe de personne">Personnes morales non remarquables</SimpleData>
					<SimpleData name="Forme Juridique Abregee">SCI</SimpleData>
					<SimpleData name="Denomination">SCI LES TERRETS</SimpleData>
				</SchemaData>
			</ExtendedData>
	<Region>
		<LatLonAltBox>
			<north> 45.88666651079241 </north>
			<south> 45.8865841592221 </south>
			<east> 4.62591251124424 </east>
			<west> 4.62582675394671 </west>
		</LatLonAltBox>
		<Lod>
			<minLodPixels>100</minLodPixels>
			<maxLodPixels>-1</maxLodPixels>
		</Lod>
	</Region>
			<MultiGeometry>
				<Polygon><altitudeMode>relativeToGround</altitudeMode>
					<outerBoundaryIs>
						<LinearRing>
							<coordinates>								4.62591251124424,45.8866557974839,0 4.62589608276465,45.8865841592221,0 4.62582675394671,45.88659488364449,0 4.62583121880269,45.8866150848101,0 4.62584292864585,45.886662292353,0 4.62584395584651,45.88666651079241,0 4.62591251124424,45.8866557974839,0 
							</coordinates>
						</LinearRing>
					</outerBoundaryIs>
				</Polygon>
			</MultiGeometry>
		</Placemark>
		<Placemark id="personne_morale.55948">
<styleUrl>#personne_morale</styleUrl>			<visibility>0</visibility>
			<ExtendedData>
				<SchemaData schemaUrl="#personne_morale">
					<SimpleData name="Numero de Parcelle">69056000AA0003</SimpleData>
					<SimpleData name="Departement">69</SimpleData>
					<SimpleData name="Commune">CHESSY</SimpleData>
					<SimpleData name="Adresse">A LA TAVERNE</SimpleData>
					<SimpleData name="Groupe de personne">Personnes morales non remarquables</SimpleData>
					<SimpleData name="Forme Juridique Abregee">GFA</SimpleData>
					<SimpleData name="Denomination">GFA MARIUS ET MICHELLE RIVIERE</SimpleData>
				</SchemaData>
			</ExtendedData>
	<Region>
		<LatLonAltBox>
			<north> 45.90338454728829 </north>
			<south> 45.9015394462093 </south>
			<east> 4.60831222593214 </east>
			<west> 4.60742886514669 </west>
		</LatLonAltBox>
		<Lod>
			<minLodPixels>100</minLodPixels>
			<maxLodPixels>-1</maxLodPixels>
		</Lod>
	</Region>
			<MultiGeometry>
				<Polygon><altitudeMode>relativeToGround</altitudeMode>
					<outerBoundaryIs>
						<LinearRing>
							<coordinates>								4.60773374088699,45.9015609120598,0 4.6074570314483,45.9031980473729,0 4.60742886514669,45.90336471311771,0 4.60782666849532,45.90338454728829,0 4.60785139566425,45.9033167348464,0 4.60789669087136,45.9031933282501,0 4.60793146394443,45.9030718726008,0 4.60795582054,45.9029471424665,0 4.60800420540301,45.90277046173879,0 4.60804752494014,45.9025749387467,0 4.60810180364186,45.90231729315239,0 4.60813886612484,45.90218148406791,0 4.60817771687821,45.9020185390885,0 4.60820825888689,45.9019068708433,0 4.60822890854919,45.9018364142527,0 4.60831222593214,45.9015394462093,0 4.60815126054774,45.90154506789461,0 4.60795046695998,45.9015518861511,0 4.60773374088699,45.9015609120598,0 
							</coordinates>
						</LinearRing>
					</outerBoundaryIs>
				</Polygon>
			</MultiGeometry>
		</Placemark>
		<Placemark id="personne_morale.55956">
<styleUrl>#personne_morale</styleUrl>			<visibility>0</visibility>
			<ExtendedData>
				<SchemaData schemaUrl="#personne_morale">
					<SimpleData name="Numero de Parcelle">69056000AB0003</SimpleData>
					<SimpleData name="Departement">69</SimpleData>
					<SimpleData name="Commune">CHESSY</SimpleData>
					<SimpleData name="Adresse">LES BRUYERES</SimpleData>
					<SimpleData name="Groupe de personne">Personnes morales non remarquables</SimpleData>
					<SimpleData name="Forme Juridique Abregee">ASS</SimpleData>
					<SimpleData name="Denomination">ASSOCIATION SYNDICALE LIBRE DU LOTISSEMENT LES RESIDENCES DE</SimpleData>
				</SchemaData>
			</ExtendedData>
	<Region>
		<LatLonAltBox>
			<north> 45.8984802404769 </north>
			<south> 45.8978148286787 </south>
			<east> 4.62619879859729 </east>
			<west> 4.62556613762579 </west>
		</LatLonAltBox>
		<Lod>
			<minLodPixels>100</minLodPixels>
			<maxLodPixels>-1</maxLodPixels>
		</Lod>
	</Region>
			<MultiGeometry>
				<Polygon><altitudeMode>relativeToGround</altitudeMode>
					<outerBoundaryIs>
						<LinearRing>
							<coordinates>								4.62559553542363,45.8978862028318,0 4.62564753761158,45.89793922603431,0 4.62570312344771,45.8980000336383,0 4.62576085483008,45.898063602488,0 4.62580766089496,45.8981197626524,0 4.62590475599547,45.8982364461959,0 4.62599236444877,45.89834200753121,0 4.62606833007075,45.89843332529259,0 4.62607034126754,45.8984359083537,0 4.62607262097823,45.8984388478268,0 4.62607438225193,45.8984417046868,0 4.62607628840569,45.8984450998734,0 4.6260775126522,45.898447243909,0 4.62607862123219,45.8984498399497,0 4.62607974309107,45.8984528861412,0 4.62608073866042,45.8984560242171,0 4.62608161856328,45.8984596142981,0 4.62608209835117,45.898462759791,0 4.62608243325912,45.8984653669572,0 4.62608276816709,45.8984679741234,0 4.62608271092726,45.8984704067922,0 4.62608253802078,45.8984732914659,0 4.6260822388246,45.8984762680241,0 4.62608203404893,45.8984780723359,0 4.62608158200538,45.8984802404769,0 4.62610853719636,45.8984712963588,0 4.62619879859729,45.8984393750826,0 4.62609068285018,45.8983077187748,0 4.62599371883103,45.8981911235668,0 4.62588672855617,45.8980626032869,0 4.62585449519155,45.8980237969527,0 4.62577702149352,45.8979381750497,0 4.62565470497236,45.8978148286787,0 4.62556613762579,45.897851678936,0 4.62559553542363,45.8978862028318,0 
							</coordinates>
						</LinearRing>
					</outerBoundaryIs>
				</Polygon>
			</MultiGeometry>
		</Placemark>
		<Placemark id="personne_morale.55977">
<styleUrl>#personne_morale</styleUrl>			<visibility>0</visibility>
			<ExtendedData>
				<SchemaData schemaUrl="#personne_morale">
					<SimpleData name="Numero de Parcelle">69056000AD0003</SimpleData>
					<SimpleData name="Departement">69</SimpleData>
					<SimpleData name="Commune">CHESSY</SimpleData>
					<SimpleData name="Adresse">LES CARRIERES</SimpleData>
					<SimpleData name="Groupe de personne">Personnes morales non remarquables</SimpleData>
					<SimpleData name="Forme Juridique Abregee">GFA</SimpleData>
					<SimpleData name="Denomination">DU PRE DU TOUR</SimpleData>
				</SchemaData>
			</ExtendedData>
	<Region>
		<LatLonAltBox>
			<north> 45.89083994339411 </north>
			<south> 45.8892302228726 </south>
			<east> 4.62843015134128 </east>
			<west> 4.62600282175738 </west>
		</LatLonAltBox>
		<Lod>
			<minLodPixels>100</minLodPixels>
			<maxLodPixels>-1</maxLodPixels>
		</Lod>
	</Region>
			<MultiGeometry>
				<Polygon><altitudeMode>relativeToGround</altitudeMode>
					<outerBoundaryIs>
						<LinearRing>
							<coordinates>								4.62770800400171,45.88974236375579,0 4.62762149777131,45.88979611900709,0 4.62759694610349,45.8898120542821,0 4.62755150713972,45.8898413501506,0 4.62751327335375,45.8898656785887,0 4.62745921354606,45.8899000522772,0 4.62732055946844,45.8899874328836,0 4.62700904345074,45.8900738784347,0 4.62676492502599,45.88978241730219,0 4.62654548910815,45.8895099652812,0 4.62644462954634,45.8892302228726,0 4.62641343506393,45.8892395883934,0 4.62639059406397,45.8892479330546,0 4.62635810887652,45.8892616404078,0 4.62632929341809,45.8892729531862,0 4.62630325439849,45.8892865677964,0 4.62628245344794,45.88929848582379,0 4.62627306178842,45.889303664744,0 4.6262568156555,45.8893169583423,0 4.62624625425152,45.8893262071616,0 4.62623280194622,45.8893380194761,0 4.62621960217228,45.8893496480198,0 4.6262057790163,45.8893620060753,0 4.6261953783854,45.8893723333972,0 4.62618761611557,45.88938028099229,0 4.62617233879576,45.8893958123514,0 4.62616536068657,45.8894041089394,0 4.62614339202439,45.8894376601385,0 4.62610822322838,45.8894915764976,0 4.62608134655264,45.8895511379574,0 4.62605163878551,45.8896109202642,0 4.62602558096972,45.8896632644646,0 4.62601001411434,45.8897083423805,0 4.62600844016911,45.8897162009624,0 4.6260040720628,45.8897342774521,0 4.62600293386527,45.8897481643461,0 4.62600282175738,45.8897618563464,0 4.62600353659876,45.8897686011913,0 4.62600291675611,45.8897825706988,0 4.62600943293571,45.8897979687392,0 4.62602122946555,45.889861207196,0 4.62604757719593,45.8899280192461,0 4.62606031165189,45.8899662052111,0 4.62607961986442,45.8900086199093,0 4.62609082612044,45.8900387216997,0 4.62609510728461,45.8902450967716,0 4.62609314536992,45.8902485475858,0 4.62608580279219,45.8902619833048,0 4.6264615252657,45.89017020334531,0 4.62687494438731,45.8905385793705,0 4.6270003486675,45.8904741773077,0 4.62744478142615,45.89083994339411,0 4.62745048749126,45.89083661879779,0 4.62834520404318,45.890311427384,0 4.62834672456793,45.89031050480089,0 4.62843015134128,45.8902616570433,0 4.62775439312037,45.8897146753733,0 4.62771066358217,45.88974070423531,0 4.62770800400171,45.88974236375579,0 
							</coordinates>
						</LinearRing>
					</outerBoundaryIs>
				</Polygon>
			</MultiGeometry>
		</Placemark>
		<Placemark id="personne_morale.56237">
<styleUrl>#personne_morale</styleUrl>			<visibility>0</visibility>
			<ExtendedData>
				<SchemaData schemaUrl="#personne_morale">
					<SimpleData name="Numero de Parcelle">69056000AD0030</SimpleData>
					<SimpleData name="Departement">69</SimpleData>
					<SimpleData name="Commune">CHESSY</SimpleData>
					<SimpleData name="Adresse">LES CARRIERES</SimpleData>
					<SimpleData name="Groupe de personne">Personnes morales non remarquables</SimpleData>
					<SimpleData name="Forme Juridique Abregee">AUPM</SimpleData>
					<SimpleData name="Denomination">ASS IMMOB PAROISSIALE DE CHESSY</SimpleData>
				</SchemaData>
			</ExtendedData>
	<Region>
		<LatLonAltBox>
			<north> 45.8890459124663 </north>
			<south> 45.8885420580125 </south>
			<east> 4.62540856246475 </east>
			<west> 4.62485952389258 </west>
		</LatLonAltBox>
		<Lod>
			<minLodPixels>100</minLodPixels>
			<maxLodPixels>-1</maxLodPixels>
		</Lod>
	</Region>
			<MultiGeometry>
				<Polygon><altitudeMode>relativeToGround</altitudeMode>
					<outerBoundaryIs>
						<LinearRing>
							<coordinates>								4.62485952389258,45.88876331338211,0 4.62531940464893,45.8890459124663,0 4.62535606521278,45.88902070670979,0 4.62540856246475,45.8889858160881,0 4.62530730455657,45.88887171413919,0 4.62521395339815,45.88876767616659,0 4.62515719955761,45.8886581582992,0 4.62506336453642,45.8885420580125,0 4.62503403946123,45.8885667078984,0 4.62495123314903,45.8886366202109,0 4.62490794250974,45.88867317966649,0 4.62486618670775,45.8887136800518,0 4.62487076002727,45.8887156858952,0 4.62487509407501,45.8887183256555,0 4.62487839674172,45.8887209802387,0 4.62488159436604,45.88872444694629,0 4.62488430283335,45.8887288213673,0 4.62488584303668,45.88873294237369,0 4.62488629192262,45.8887394208408,0 4.62488550621048,45.8887433951391,0 4.62488393634843,45.8887470204339,0 4.6248825818783,45.8887492015401,0 4.62488096956256,45.8887513863521,0 4.6248779629763,45.88875440181739,0 4.62487557181699,45.8887564176862,0 4.62487253339033,45.88875835278931,0 4.62486770331118,45.8887607639834,0 4.62486221535118,45.8887627342908,0 4.62485952389258,45.88876331338211,0 
							</coordinates>
						</LinearRing>
					</outerBoundaryIs>
				</Polygon>
			</MultiGeometry>
		</Placemark>
		<Placemark id="personne_morale.56478">
<styleUrl>#personne_morale</styleUrl>			<visibility>0</visibility>
			<ExtendedData>
				<SchemaData schemaUrl="#personne_morale">
					<SimpleData name="Numero de Parcelle">69056000AE0300</SimpleData>
					<SimpleData name="Departement">69</SimpleData>
					<SimpleData name="Commune">CHESSY</SimpleData>
					<SimpleData name="Adresse">LES EPARCIEUX</SimpleData>
					<SimpleData name="Groupe de personne">Personnes morales non remarquables</SimpleData>
					<SimpleData name="Forme Juridique Abregee">GFA</SimpleData>
					<SimpleData name="Denomination">LE FOUR A CHAUX</SimpleData>
				</SchemaData>
			</ExtendedData>
	<Region>
		<LatLonAltBox>
			<north> 45.88744858179329 </north>
			<south> 45.886282846754 </south>
			<east> 4.63058308600384 </east>
			<west> 4.62897547294296 </west>
		</LatLonAltBox>
		<Lod>
			<minLodPixels>100</minLodPixels>
			<maxLodPixels>-1</maxLodPixels>
		</Lod>
	</Region>
			<MultiGeometry>
				<Polygon><altitudeMode>relativeToGround</altitudeMode>
					<outerBoundaryIs>
						<LinearRing>
							<coordinates>								4.63035761438561,45.886282846754,0 4.62979994813087,45.8863660046705,0 4.62977182441465,45.8863701029113,0 4.6291092220492,45.8864680101608,0 4.62911206374759,45.8864768859842,0 4.6291097512167,45.8864771895134,0 4.62897547294296,45.8864983990393,0 4.62901970127057,45.88664214140671,0 4.62924888913431,45.8873842449404,0 4.62928952003166,45.8873843799438,0 4.62935801759394,45.8873891571507,0 4.62945970986123,45.887391204176,0 4.62956544387366,45.8873947240159,0 4.6296693730276,45.8873982697738,0 4.62971953480702,45.88740232031549,0 4.62971955727975,45.8873987172545,0 4.62987710692729,45.88741860285641,0 4.63003431865469,45.8874270544215,0 4.630130947402,45.8874323262457,0 4.63026420413752,45.8874419335106,0 4.63033804992103,45.8874443812931,0 4.63035215272981,45.88744588921961,0 4.63040252452062,45.8874483151992,0 4.63042948201189,45.8874483767759,0 4.63043400218209,45.88744858179329,0 4.63048346748232,45.887197928482,0 4.63053114178348,45.8869957577977,0 4.63058308600384,45.8867940659142,0 4.63047148428086,45.88654411433821,0 4.63035761438561,45.886282846754,0 
							</coordinates>
						</LinearRing>
					</outerBoundaryIs>
				</Polygon>
			</MultiGeometry>
		</Placemark>
		<Placemark id="personne_morale.57678">
<styleUrl>#personne_morale</styleUrl>			<visibility>0</visibility>
			<ExtendedData>
				<SchemaData schemaUrl="#personne_morale">
					<SimpleData name="Numero de Parcelle">69056000AB0031</SimpleData>
					<SimpleData name="Departement">69</SimpleData>
					<SimpleData name="Commune">CHESSY</SimpleData>
					<SimpleData name="Adresse">LES BRUYERES</SimpleData>
					<SimpleData name="Groupe de personne">Personnes morales non remarquables</SimpleData>
					<SimpleData name="Forme Juridique Abregee">ASS</SimpleData>
					<SimpleData name="Denomination">ASSOCIATION SYNDICALE LIBRE DU LOTISSEMENT LES RESIDENCES DE</SimpleData>
				</SchemaData>
			</ExtendedData>
	<Region>
		<LatLonAltBox>
			<north> 45.89806450567171 </north>
			<south> 45.8976990283433 </south>
			<east> 4.62533164124341 </east>
			<west> 4.62489807282579 </west>
		</LatLonAltBox>
		<Lod>
			<minLodPixels>100</minLodPixels>
			<maxLodPixels>-1</maxLodPixels>
		</Lod>
	</Region>
			<MultiGeometry>
				<Polygon><altitudeMode>relativeToGround</altitudeMode>
					<outerBoundaryIs>
						<LinearRing>
							<coordinates>								4.62513271676639,45.8976990283433,0 4.62489807282579,45.8977954409854,0 4.62507770188353,45.89806450567171,0 4.62533164124341,45.8979793440706,0 4.62513271676639,45.8976990283433,0 
							</coordinates>
						</LinearRing>
					</outerBoundaryIs>
				</Polygon>
			</MultiGeometry>
		</Placemark>
		<Placemark id="personne_morale.60610">
<styleUrl>#personne_morale</styleUrl>			<visibility>0</visibility>
			<ExtendedData>
				<SchemaData schemaUrl="#personne_morale">
					<SimpleData name="Numero de Parcelle">69056000AH0033</SimpleData>
					<SimpleData name="Departement">69</SimpleData>
					<SimpleData name="Commune">CHESSY</SimpleData>
					<SimpleData name="Adresse">LE BARONNAT</SimpleData>
					<SimpleData name="Groupe de personne">Personnes morales non remarquables</SimpleData>
					<SimpleData name="Forme Juridique Abregee">GFA</SimpleData>
					<SimpleData name="Denomination">DES ARNAUD</SimpleData>
				</SchemaData>
			</ExtendedData>
	<Region>
		<LatLonAltBox>
			<north> 45.8842456251527 </north>
			<south> 45.883484014676 </south>
			<east> 4.62351220991573 </east>
			<west> 4.62122633676135 </west>
		</LatLonAltBox>
		<Lod>
			<minLodPixels>100</minLodPixels>
			<maxLodPixels>-1</maxLodPixels>
		</Lod>
	</Region>
			<MultiGeometry>
				<Polygon><altitudeMode>relativeToGround</altitudeMode>
					<outerBoundaryIs>
						<LinearRing>
							<coordinates>								4.62325696404067,45.883484014676,0 4.62263405791665,45.88364598330489,0 4.62261159918677,45.8836497282591,0 4.62248993737919,45.88367002850949,0 4.62198926950327,45.88379196006381,0 4.62170230006403,45.8838526399355,0 4.6214628612926,45.883911376386,0 4.62143915113923,45.8839208133523,0 4.62122968179128,45.8839900177032,0 4.62122975486065,45.8840012751831,0 4.62124479678198,45.8840084450594,0 4.62126001101996,45.88400831693661,0 4.62126205218629,45.8840207170783,0 4.62124977804459,45.8840287290405,0 4.62123897302474,45.8840428445715,0 4.62122633676135,45.8840560856811,0 4.62130616673337,45.8840078351301,0 4.62138201678268,45.8839777453158,0 4.62143791884487,45.8839578490682,0 4.62147843701265,45.8839454689751,0 4.62174876797671,45.8838759314816,0 4.62183309386867,45.8838577889103,0 4.62192648322512,45.8838408672635,0 4.62194881846462,45.8838373043554,0 4.6219528014753,45.88383679686801,0 4.62203995263625,45.8838314032953,0 4.62246494864308,45.883846380514,0 4.62280832819623,45.8838751373324,0 4.6229336311392,45.8841888476553,0 4.62295632390152,45.8842456251527,0 4.62351220991573,45.8840980375139,0 4.62349627964111,45.8840607078201,0 4.62325696404067,45.883484014676,0 
							</coordinates>
						</LinearRing>
					</outerBoundaryIs>
				</Polygon>
			</MultiGeometry>
		</Placemark>
		<Placemark id="personne_morale.64493">
<styleUrl>#personne_morale</styleUrl>			<visibility>0</visibility>
			<ExtendedData>
				<SchemaData schemaUrl="#personne_morale">
					<SimpleData name="Numero de Parcelle">69056000AB0036</SimpleData>
					<SimpleData name="Departement">69</SimpleData>
					<SimpleData name="Commune">CHESSY</SimpleData>
					<SimpleData name="Adresse">LES BRUYERES</SimpleData>
					<SimpleData name="Groupe de personne">Personnes morales non remarquables</SimpleData>
					<SimpleData name="Forme Juridique Abregee">ASS</SimpleData>
					<SimpleData name="Denomination">ASSOCIATION SYNDICALE LIBRE DU LOTISSEMENT LES RESIDENCES DE</SimpleData>
				</SchemaData>
			</ExtendedData>
	<Region>
		<LatLonAltBox>
			<north> 45.89858335996281 </north>
			<south> 45.89842002033939 </south>
			<east> 4.62626962823966 </east>
			<west> 4.62583297341039 </west>
		</LatLonAltBox>
		<Lod>
			<minLodPixels>100</minLodPixels>
			<maxLodPixels>-1</maxLodPixels>
		</Lod>
	</Region>
			<MultiGeometry>
				<Polygon><altitudeMode>relativeToGround</altitudeMode>
					<outerBoundaryIs>
						<LinearRing>
							<coordinates>								4.62583297341039,45.8985668582622,0 4.62584007837898,45.8985759430784,0 4.62584416714624,45.89858335996281,0 4.62626962823966,45.8984352941174,0 4.62625447163034,45.89842002033939,0 4.62619879859729,45.8984393750826,0 4.62610853719636,45.8984712963588,0 4.62608158200538,45.8984802404769,0 4.62583297341039,45.8985668582622,0 
							</coordinates>
						</LinearRing>
					</outerBoundaryIs>
				</Polygon>
			</MultiGeometry>
		</Placemark>
		<Placemark id="personne_morale.64502">
<styleUrl>#personne_morale</styleUrl>			<visibility>0</visibility>
			<ExtendedData>
				<SchemaData schemaUrl="#personne_morale">
					<SimpleData name="Numero de Parcelle">69056000AC0036</SimpleData>
					<SimpleData name="Departement">69</SimpleData>
					<SimpleData name="Commune">CHESSY</SimpleData>
					<SimpleData name="Adresse">MTE DES CARRIERES</SimpleData>
					<SimpleData name="Groupe de personne">Personnes morales non remarquables</SimpleData>
					<SimpleData name="Forme Juridique Abregee">SA</SimpleData>
					<SimpleData name="Denomination">FORNAS PROMOTION</SimpleData>
				</SchemaData>
			</ExtendedData>
	<Region>
		<LatLonAltBox>
			<north> 45.8946542606092 </north>
			<south> 45.8945616638761 </south>
			<east> 4.62717932264328 </east>
			<west> 4.62703465194379 </west>
		</LatLonAltBox>
		<Lod>
			<minLodPixels>100</minLodPixels>
			<maxLodPixels>-1</maxLodPixels>
		</Lod>
	</Region>
			<MultiGeometry>
				<Polygon><altitudeMode>relativeToGround</altitudeMode>
					<outerBoundaryIs>
						<LinearRing>
							<coordinates>								4.62711855666065,45.8946542606092,0 4.62717932264328,45.89457160406269,0 4.62717506636281,45.8945759885965,0 4.62717305121449,45.8945776388271,0 4.62717052829288,45.8945795665699,0 4.6271672344106,45.8945815954759,0 4.62716393255605,45.89458335429139,0 4.62715870994319,45.8945855910898,0 4.62715385819493,45.8945872821407,0 4.62714770911116,45.89458872165579,0 4.62714360174988,45.894589411242,0 4.62713729715629,45.8945899523106,0 4.62713278438476,45.8945900172518,0 4.62712684268446,45.8945897424823,0 4.62712217440387,45.8945889089772,0 4.62711517464051,45.8945877487493,0 4.62710853245665,45.8945855926232,0 4.62710422441321,45.8945838532497,0 4.62709950564597,45.894581309171,0 4.627095560497,45.8945787539597,0 4.6270941076537,45.8945776039775,0 4.62707519146714,45.8945616638761,0 4.62703465194379,45.8945866557619,0 4.62711855666065,45.8946542606092,0 
							</coordinates>
						</LinearRing>
					</outerBoundaryIs>
				</Polygon>
			</MultiGeometry>
		</Placemark>
		<Placemark id="personne_morale.64523">
<styleUrl>#personne_morale</styleUrl>			<visibility>0</visibility>
			<ExtendedData>
				<SchemaData schemaUrl="#personne_morale">
					<SimpleData name="Numero de Parcelle">69056000AH0036</SimpleData>
					<SimpleData name="Departement">69</SimpleData>
					<SimpleData name="Commune">CHESSY</SimpleData>
					<SimpleData name="Adresse">LE BARONNAT</SimpleData>
					<SimpleData name="Groupe de personne">Personnes morales non remarquables</SimpleData>
					<SimpleData name="Forme Juridique Abregee">GFA</SimpleData>
					<SimpleData name="Denomination">LE FOUR A CHAUX</SimpleData>
				</SchemaData>
			</ExtendedData>
	<Region>
		<LatLonAltBox>
			<north> 45.8852167854074 </north>
			<south> 45.88383679686801 </south>
			<east> 4.62239789038617 </east>
			<west> 4.62095180780317 </west>
		</LatLonAltBox>
		<Lod>
			<minLodPixels>100</minLodPixels>
			<maxLodPixels>-1</maxLodPixels>
		</Lod>
	</Region>
			<MultiGeometry>
				<Polygon><altitudeMode>relativeToGround</altitudeMode>
					<outerBoundaryIs>
						<LinearRing>
							<coordinates>								4.62239789038617,45.88492473932159,0 4.62196109666806,45.88386450893841,0 4.6219528014753,45.88383679686801,0 4.62194881846462,45.8838373043554,0 4.62192648322512,45.8838408672635,0 4.62183309386867,45.8838577889103,0 4.62174876797671,45.8838759314816,0 4.62147843701265,45.8839454689751,0 4.62143791884487,45.8839578490682,0 4.62138201678268,45.8839777453158,0 4.62130616673337,45.8840078351301,0 4.62122633676135,45.8840560856811,0 4.62120782163469,45.8840755357363,0 4.62108730412676,45.8841918307678,0 4.62098247295527,45.88430213637611,0 4.62095180780317,45.8843338297438,0 4.62107829918893,45.8844163198293,0 4.62158495123226,45.8852167854074,0 4.62239789038617,45.88492473932159,0 
							</coordinates>
						</LinearRing>
					</outerBoundaryIs>
				</Polygon>
			</MultiGeometry>
		</Placemark>
		<Placemark id="personne_morale.65693">
<styleUrl>#personne_morale</styleUrl>			<visibility>0</visibility>
			<ExtendedData>
				<SchemaData schemaUrl="#personne_morale">
					<SimpleData name="Numero de Parcelle">69056000AB0037</SimpleData>
					<SimpleData name="Departement">69</SimpleData>
					<SimpleData name="Commune">CHESSY</SimpleData>
					<SimpleData name="Adresse">LES BRUYERES</SimpleData>
					<SimpleData name="Groupe de personne">Personnes morales non remarquables</SimpleData>
					<SimpleData name="Forme Juridique Abregee">ASS</SimpleData>
					<SimpleData name="Denomination">ASSOCIATION SYNDICALE LIBRE DU LOTISSEMENT LES RESIDENCES DE</SimpleData>
				</SchemaData>
			</ExtendedData>
	<Region>
		<LatLonAltBox>
			<north> 45.8984352941174 </north>
			<south> 45.8979307158375 </south>
			<east> 4.62763052687508 </east>
			<west> 4.62625447163034 </west>
		</LatLonAltBox>
		<Lod>
			<minLodPixels>100</minLodPixels>
			<maxLodPixels>-1</maxLodPixels>
		</Lod>
	</Region>
			<MultiGeometry>
				<Polygon><altitudeMode>relativeToGround</altitudeMode>
					<outerBoundaryIs>
						<LinearRing>
							<coordinates>								4.62713248654694,45.8981154779251,0 4.62664712624844,45.8982837734654,0 4.62625447163034,45.89842002033939,0 4.62626962823966,45.8984352941174,0 4.62763052687508,45.8979616788909,0 4.6275790450687,45.8979307158375,0 4.62748760885366,45.8979621147372,0 4.62750403911611,45.8979855662446,0 4.62725339047869,45.898072847057,0 4.62713248654694,45.8981154779251,0 
							</coordinates>
						</LinearRing>
					</outerBoundaryIs>
				</Polygon>
			</MultiGeometry>
		</Placemark>
		<Placemark id="personne_morale.67977">
<styleUrl>#personne_morale</styleUrl>			<visibility>0</visibility>
			<ExtendedData>
				<SchemaData schemaUrl="#personne_morale">
					<SimpleData name="Numero de Parcelle">69056000AD0039</SimpleData>
					<SimpleData name="Departement">69</SimpleData>
					<SimpleData name="Commune">CHESSY</SimpleData>
					<SimpleData name="Adresse">LES CARRIERES</SimpleData>
					<SimpleData name="Groupe de personne">Personnes morales non remarquables</SimpleData>
					<SimpleData name="Forme Juridique Abregee">GFA</SimpleData>
					<SimpleData name="Denomination">DU PRE DU TOUR</SimpleData>
				</SchemaData>
			</ExtendedData>
	<Region>
		<LatLonAltBox>
			<north> 45.8916050661752 </north>
			<south> 45.8898493199172 </south>
			<east> 4.62630193914513 </east>
			<west> 4.62516106160976 </west>
		</LatLonAltBox>
		<Lod>
			<minLodPixels>100</minLodPixels>
			<maxLodPixels>-1</maxLodPixels>
		</Lod>
	</Region>
			<MultiGeometry>
				<Polygon><altitudeMode>relativeToGround</altitudeMode>
					<outerBoundaryIs>
						<LinearRing>
							<coordinates>								4.62606153887166,45.8901565019711,0 4.62516290422967,45.8898493199172,0 4.62516106160976,45.8899399551359,0 4.62518626038024,45.8901078405463,0 4.62522261710525,45.8904485868126,0 4.62529147458338,45.8904479572596,0 4.62520569244269,45.8907670414879,0 4.62531864204858,45.8908838576917,0 4.62542650180375,45.8909330155793,0 4.62550221242612,45.8909766910706,0 4.62529346402199,45.89111047127091,0 4.6254820762323,45.89127366565121,0 4.62544163319481,45.89131937131809,0 4.6254772615183,45.8913466001513,0 4.62540393277377,45.8914406048705,0 4.62541260776003,45.8914811009751,0 4.62536320283154,45.8915072104837,0 4.6253691635055,45.8915212655226,0 4.62529712107962,45.8915845383752,0 4.62549053749007,45.8915868917322,0 4.62568719457943,45.8915854152924,0 4.62577058000952,45.8915831354833,0 4.6260120959247,45.8915588566203,0 4.6260681480604,45.8916050661752,0 4.62627402183154,45.8915050114548,0 4.62630193914513,45.8914282319347,0 4.62623458400221,45.8913748895356,0 4.62622755691058,45.8913684156194,0 4.62621211372744,45.8913564785159,0 4.62608795188264,45.8912575678834,0 4.6259567540069,45.8911562363929,0 4.62586927790894,45.89108976296129,0 4.62582802483233,45.891055499736,0 4.62580911171016,45.8910352361218,0 4.62579264674281,45.8910192605815,0 4.62577517574794,45.8909997868398,0 4.6257628205659,45.8909832117889,0 4.62575252823775,45.89096660707451,0 4.62574343077959,45.89095115606641,0 4.62573666199199,45.8909359417784,0 4.62573174598416,45.890922322079,0 4.62572847683673,45.8909076879473,0 4.62572581516227,45.890891784124,0 4.62572435366076,45.8908772140684,0 4.6257235288339,45.8908623646531,0 4.62572522149932,45.8908454074669,0 4.62572630934799,45.89082981000239,0 4.62573133935744,45.8908166777666,0 4.6257416537457,45.89077716959131,0 4.62576593342606,45.8907038651127,0 4.62580020214623,45.8906150153028,0 4.62582897489027,45.8905584889788,0 4.62586004701783,45.8905012090341,0 4.6258865089553,45.8904625494552,0 4.62589989671512,45.89044416312609,0 4.62592761717603,45.89040881796709,0 4.62595294110094,45.8903753086326,0 4.62599562020559,45.8903223651418,0 4.62601691134172,45.89029206618171,0 4.62602012004155,45.8902871563444,0 4.62605217485798,45.8902457142377,0 4.62606140704936,45.8902045102943,0 4.62606140524965,45.8901782103638,0 4.62606179496827,45.8901695581978,0 4.62606153887166,45.8901565019711,0 
							</coordinates>
						</LinearRing>
					</outerBoundaryIs>
				</Polygon>
			</MultiGeometry>
		</Placemark>
		<Placemark id="personne_morale.69091">
<styleUrl>#personne_morale</styleUrl>			<visibility>0</visibility>
			<ExtendedData>
				<SchemaData schemaUrl="#personne_morale">
					<SimpleData name="Numero de Parcelle">69056000AA0004</SimpleData>
					<SimpleData name="Departement">69</SimpleData>
					<SimpleData name="Commune">CHESSY</SimpleData>
					<SimpleData name="Adresse">A LA TAVERNE</SimpleData>
					<SimpleData name="Groupe de personne">Personnes morales non remarquables</SimpleData>
					<SimpleData name="Forme Juridique Abregee">GFA</SimpleData>
					<SimpleData name="Denomination">GFA MARIUS ET MICHELLE RIVIERE</SimpleData>
				</SchemaData>
			</ExtendedData>
	<Region>
		<LatLonAltBox>
			<north> 45.9038720211199 </north>
			<south> 45.90336471311771 </south>
			<east> 4.60782666849532 </east>
			<west> 4.60734328829203 </west>
		</LatLonAltBox>
		<Lod>
			<minLodPixels>100</minLodPixels>
			<maxLodPixels>-1</maxLodPixels>
		</Lod>
	</Region>
			<MultiGeometry>
				<Polygon><altitudeMode>relativeToGround</altitudeMode>
					<outerBoundaryIs>
						<LinearRing>
							<coordinates>								4.60734328829203,45.9038720211199,0 4.60734842301124,45.90387113752849,0 4.60741930102345,45.9038595921629,0 4.60768471627655,45.9038166397609,0 4.60771566136218,45.9038116063741,0 4.60781179885458,45.9034276310315,0 4.6078259525261,45.9033865389621,0 4.60782666849532,45.90338454728829,0 4.60742886514669,45.90336471311771,0 4.60734328829203,45.9038720211199,0 
							</coordinates>
						</LinearRing>
					</outerBoundaryIs>
				</Polygon>
			</MultiGeometry>
		</Placemark>
		<Placemark id="personne_morale.69127">
<styleUrl>#personne_morale</styleUrl>			<visibility>0</visibility>
			<ExtendedData>
				<SchemaData schemaUrl="#personne_morale">
					<SimpleData name="Numero de Parcelle">69056000AE0004</SimpleData>
					<SimpleData name="Departement">69</SimpleData>
					<SimpleData name="Commune">CHESSY</SimpleData>
					<SimpleData name="Adresse">LE BOURG</SimpleData>
					<SimpleData name="Groupe de personne">Personnes morales non remarquables</SimpleData>
					<SimpleData name="Forme Juridique Abregee">GFA</SimpleData>
					<SimpleData name="Denomination">DU PRE DU TOUR</SimpleData>
				</SchemaData>
			</ExtendedData>
	<Region>
		<LatLonAltBox>
			<north> 45.8887072822863 </north>
			<south> 45.8879722911827 </south>
			<east> 4.6208818632587 </east>
			<west> 4.61886504598133 </west>
		</LatLonAltBox>
		<Lod>
			<minLodPixels>100</minLodPixels>
			<maxLodPixels>-1</maxLodPixels>
		</Lod>
	</Region>
			<MultiGeometry>
				<Polygon><altitudeMode>relativeToGround</altitudeMode>
					<outerBoundaryIs>
						<LinearRing>
							<coordinates>								4.61886504598133,45.888249362425,0 4.61889489402603,45.88827757670541,0 4.61892642072971,45.888305857009,0 4.61903213716852,45.8884009863014,0 4.61905262164896,45.88843095586,0 4.61907963032804,45.88845470734709,0 4.61910742981457,45.8884702512985,0 4.61912317205807,45.8884924528277,0 4.6191512437883,45.8885348331875,0 4.61916669723936,45.8885428080746,0 4.61917779377085,45.88855174604,0 4.6192170038846,45.88858252820451,0 4.61924466388887,45.8886152771442,0 4.61927534860373,45.888658790938,0 4.61927997916997,45.88867592763931,0 4.61930871565912,45.8886926290099,0 4.61932952440998,45.8887072822863,0 4.6208818632587,45.888342147742,0 4.62086761746291,45.8883050637379,0 4.62084815163795,45.88825274297239,0 4.62080747530665,45.88814578467159,0 4.62055546341268,45.8881065248228,0 4.62052903113902,45.8881024002896,0 4.62048835603771,45.8880612817289,0 4.62037066266966,45.888054592274,0 4.62029740291043,45.88805014807729,0 4.62024585749481,45.888047284073,0 4.62022131483237,45.8880460145707,0 4.62014404724406,45.8880368540966,0 4.62009849236421,45.8880315624054,0 4.62004220793245,45.8880254336953,0 4.61999122779983,45.88801985942931,0 4.61994037659872,45.8880142832931,0 4.61984539664384,45.88800366511249,0 4.61978780983217,45.8879971045958,0 4.61973682181676,45.8879912601243,0 4.61966012296562,45.8879838925374,0 4.61958336397466,45.88797886753319,0 4.61950142699697,45.887973196105,0 4.61948914775718,45.8879722911827,0 4.61946647615245,45.8879732464197,0 4.6193828142797,45.88797471500051,0 4.61931143428423,45.8879771784925,0 4.61924677669022,45.8879801761355,0 4.61920207013875,45.8879818071847,0 4.61909342662492,45.8879846240871,0 4.6191046779992,45.8880471504062,0 4.61912892945101,45.8881834365209,0 4.61886504598133,45.888249362425,0 
							</coordinates>
						</LinearRing>
					</outerBoundaryIs>
				</Polygon>
			</MultiGeometry>
		</Placemark>
		<Placemark id="personne_morale.69153">
<styleUrl>#personne_morale</styleUrl>			<visibility>0</visibility>
			<ExtendedData>
				<SchemaData schemaUrl="#personne_morale">
					<SimpleData name="Numero de Parcelle">69056000AI0004</SimpleData>
					<SimpleData name="Departement">69</SimpleData>
					<SimpleData name="Commune">CHESSY</SimpleData>
					<SimpleData name="Adresse">LES SAILLANTS</SimpleData>
					<SimpleData name="Groupe de personne">Personnes morales non remarquables</SimpleData>
					<SimpleData name="Forme Juridique Abregee">AUPM</SimpleData>
					<SimpleData name="Denomination">BUREAU DE RECHERCHES GEOLOGIQUES ET MINIERES</SimpleData>
				</SchemaData>
			</ExtendedData>
	<Region>
		<LatLonAltBox>
			<north> 45.8883073826452 </north>
			<south> 45.88775149488529 </south>
			<east> 4.61366313365849 </east>
			<west> 4.61282168555678 </west>
		</LatLonAltBox>
		<Lod>
			<minLodPixels>100</minLodPixels>
			<maxLodPixels>-1</maxLodPixels>
		</Lod>
	</Region>
			<MultiGeometry>
				<Polygon><altitudeMode>relativeToGround</altitudeMode>
					<outerBoundaryIs>
						<LinearRing>
							<coordinates>								4.61366313365849,45.8882430279792,0 4.61355807851948,45.88775149488529,0 4.61322007427294,45.8878982656735,0 4.612972115349,45.8879399924152,0 4.61291852483945,45.88807000460431,0 4.6128680314041,45.8881295393804,0 4.61282168555678,45.88813686557471,0 4.61285813699551,45.88825424462221,0 4.61287091235932,45.8883073826452,0 4.61292024462194,45.8883007343715,0 4.61343809847009,45.88823074797769,0 4.61344992960303,45.8882780449953,0 4.61366313365849,45.8882430279792,0 
							</coordinates>
						</LinearRing>
					</outerBoundaryIs>
				</Polygon>
			</MultiGeometry>
		</Placemark>
		<Placemark id="personne_morale.69374">
<styleUrl>#personne_morale</styleUrl>			<visibility>0</visibility>
			<ExtendedData>
				<SchemaData schemaUrl="#personne_morale">
					<SimpleData name="Numero de Parcelle">69056000AD0040</SimpleData>
					<SimpleData name="Departement">69</SimpleData>
					<SimpleData name="Commune">CHESSY</SimpleData>
					<SimpleData name="Adresse">LES CARRIERES</SimpleData>
					<SimpleData name="Groupe de personne">Personnes morales non remarquables</SimpleData>
					<SimpleData name="Forme Juridique Abregee">GFA</SimpleData>
					<SimpleData name="Denomination">DU PRE DU TOUR</SimpleData>
				</SchemaData>
			</ExtendedData>
	<Region>
		<LatLonAltBox>
			<north> 45.8915072104837 </north>
			<south> 45.89008041406499 </south>
			<east> 4.62550221242612 </east>
			<west> 4.62456424059667 </west>
		</LatLonAltBox>
		<Lod>
			<minLodPixels>100</minLodPixels>
			<maxLodPixels>-1</maxLodPixels>
		</Lod>
	</Region>
			<MultiGeometry>
				<Polygon><altitudeMode>relativeToGround</altitudeMode>
					<outerBoundaryIs>
						<LinearRing>
							<coordinates>								4.62518626038024,45.8901078405463,0 4.62459407645304,45.89008041406499,0 4.62500742129763,45.8901404038708,0 4.62496037226145,45.8901982734727,0 4.62456424059667,45.89022783425911,0 4.6247117435047,45.8904230543763,0 4.6246997876851,45.89054256669671,0 4.62472400928919,45.89062481127149,0 4.62486388039832,45.8906266741412,0 4.62491071045912,45.8907451614984,0 4.62494945807993,45.8908651160266,0 4.62497714661199,45.89097307026699,0 4.62485823504085,45.8910259380514,0 4.62497054318731,45.8911034940318,0 4.62525163327631,45.8912972438164,0 4.62526588933559,45.8913082974293,0 4.6252789224658,45.8913216203283,0 4.62528792165242,45.8913337402574,0 4.62529321794187,45.89134276102389,0 4.62529638767268,45.8913496507199,0 4.62536320283154,45.8915072104837,0 4.62541260776003,45.8914811009751,0 4.62540393277377,45.8914406048705,0 4.6254772615183,45.8913466001513,0 4.62544163319481,45.89131937131809,0 4.6254820762323,45.89127366565121,0 4.62529346402199,45.89111047127091,0 4.62550221242612,45.8909766910706,0 4.62542650180375,45.8909330155793,0 4.62531864204858,45.8908838576917,0 4.62520569244269,45.8907670414879,0 4.62529147458338,45.8904479572596,0 4.62522261710525,45.8904485868126,0 4.62518626038024,45.8901078405463,0 
							</coordinates>
						</LinearRing>
					</outerBoundaryIs>
				</Polygon>
			</MultiGeometry>
		</Placemark>
		<Placemark id="personne_morale.69418">
<styleUrl>#personne_morale</styleUrl>			<visibility>0</visibility>
			<ExtendedData>
				<SchemaData schemaUrl="#personne_morale">
					<SimpleData name="Numero de Parcelle">69056000AL0040</SimpleData>
					<SimpleData name="Departement">69</SimpleData>
					<SimpleData name="Commune">CHESSY</SimpleData>
					<SimpleData name="Adresse">LES MINES</SimpleData>
					<SimpleData name="Groupe de personne">Personnes morales non remarquables</SimpleData>
					<SimpleData name="Forme Juridique Abregee">SCI</SimpleData>
					<SimpleData name="Denomination">SCI DE CHESSY</SimpleData>
				</SchemaData>
			</ExtendedData>
	<Region>
		<LatLonAltBox>
			<north> 45.8898217495785 </north>
			<south> 45.8890121031606 </south>
			<east> 4.60883583060559 </east>
			<west> 4.6063675924881 </west>
		</LatLonAltBox>
		<Lod>
			<minLodPixels>100</minLodPixels>
			<maxLodPixels>-1</maxLodPixels>
		</Lod>
	</Region>
			<MultiGeometry>
				<Polygon><altitudeMode>relativeToGround</altitudeMode>
					<outerBoundaryIs>
						<LinearRing>
							<coordinates>								4.60883583060559,45.8890121031606,0 4.60636998050992,45.8894040144696,0 4.6063675924881,45.8894814167105,0 4.60643835515686,45.88961704426431,0 4.60645135934386,45.88963397238891,0 4.60665520084626,45.8898217495785,0 4.60722832121551,45.8895939281314,0 4.60786501567689,45.8893570034371,0 4.60859939084104,45.8890952676619,0 4.60883583060559,45.8890121031606,0 
							</coordinates>
						</LinearRing>
					</outerBoundaryIs>
				</Polygon>
			</MultiGeometry>
		</Placemark>
		<Placemark id="personne_morale.70177">
<styleUrl>#personne_morale</styleUrl>			<visibility>0</visibility>
			<ExtendedData>
				<SchemaData schemaUrl="#personne_morale">
					<SimpleData name="Numero de Parcelle">69056000AE0407</SimpleData>
					<SimpleData name="Departement">69</SimpleData>
					<SimpleData name="Commune">CHESSY</SimpleData>
					<SimpleData name="Adresse">68, AV DE LA GARE</SimpleData>
					<SimpleData name="Groupe de personne">Personnes morales non remarquables</SimpleData>
					<SimpleData name="Forme Juridique Abregee">AUPM</SimpleData>
					<SimpleData name="Denomination">ASS DE LINSTITUT DEDUCATION ET DE PERFECTIONNEMENT RURAL D</SimpleData>
				</SchemaData>
			</ExtendedData>
	<Region>
		<LatLonAltBox>
			<north> 45.887478971937 </north>
			<south> 45.886586223271 </south>
			<east> 4.62158015635149 </east>
			<west> 4.61995682662952 </west>
		</LatLonAltBox>
		<Lod>
			<minLodPixels>100</minLodPixels>
			<maxLodPixels>-1</maxLodPixels>
		</Lod>
	</Region>
			<MultiGeometry>
				<Polygon><altitudeMode>relativeToGround</altitudeMode>
					<outerBoundaryIs>
						<LinearRing>
							<coordinates>								4.61997856722342,45.8868559093888,0 4.62022195163158,45.8868168446747,0 4.62022772650254,45.8868158612305,0 4.62036345347336,45.886795542071,0 4.620691429253,45.8867428344736,0 4.62073082193392,45.88682810475841,0 4.62087911316256,45.8868008497406,0 4.62094904115541,45.88692891490479,0 4.62101392154451,45.8870475952419,0 4.62106793094067,45.8871518403712,0 4.62109044407336,45.8871937595545,0 4.62112632459008,45.8872604359539,0 4.6211485640895,45.8873018186413,0 4.62115375421963,45.88731165172221,0 4.62118704775969,45.8873736816528,0 4.62119155094916,45.8873820834911,0 4.62120627639606,45.8874091630024,0 4.62124353904857,45.887478971937,0 4.62127317313755,45.8874691798767,0 4.62131690632874,45.8874563935003,0 4.62143242787604,45.8874199704187,0 4.62143370648304,45.887419591808,0 4.62146488489542,45.8874096874797,0 4.62146616350196,45.8874093088687,0 4.62158015635149,45.887373538036,0 4.62148786050031,45.8871910325596,0 4.62148211492955,45.8871798564362,0 4.62139694446508,45.88701156954801,0 4.6215170248422,45.88697670221259,0 4.62151429554607,45.886971607469,0 4.62139704116729,45.886764871279,0 4.62137479905045,45.88672339861061,0 4.62123195116099,45.8867471536331,0 4.62113188314255,45.8867125613099,0 4.62095637765846,45.8866520300765,0 4.62093522613617,45.886586223271,0 4.62053327261993,45.8866494491898,0 4.62044340840461,45.886663617039,0 4.61995682662952,45.8867348990525,0 4.61997856722342,45.8868559093888,0 
							</coordinates>
						</LinearRing>
					</outerBoundaryIs>
				</Polygon>
			</MultiGeometry>
		</Placemark>
		<Placemark id="personne_morale.70489">
<styleUrl>#personne_morale</styleUrl>			<visibility>0</visibility>
			<ExtendedData>
				<SchemaData schemaUrl="#personne_morale">
					<SimpleData name="Numero de Parcelle">69056000AL0041</SimpleData>
					<SimpleData name="Departement">69</SimpleData>
					<SimpleData name="Commune">CHESSY</SimpleData>
					<SimpleData name="Adresse">73, RTE DE LENTILLY</SimpleData>
					<SimpleData name="Groupe de personne">Personnes morales non remarquables</SimpleData>
					<SimpleData name="Forme Juridique Abregee">SCI</SimpleData>
					<SimpleData name="Denomination">SCI DE CHESSY</SimpleData>
				</SchemaData>
			</ExtendedData>
	<Region>
		<LatLonAltBox>
			<north> 45.8894040144696 </north>
			<south> 45.8887489244517 </south>
			<east> 4.60959599486598 </east>
			<west> 4.60636998050992 </west>
		</LatLonAltBox>
		<Lod>
			<minLodPixels>100</minLodPixels>
			<maxLodPixels>-1</maxLodPixels>
		</Lod>
	</Region>
			<MultiGeometry>
				<Polygon><altitudeMode>relativeToGround</altitudeMode>
					<outerBoundaryIs>
						<LinearRing>
							<coordinates>								4.60652474206277,45.88901407323409,0 4.60637110986046,45.88936752093101,0 4.60637022602598,45.88939473398931,0 4.60636998050992,45.8894040144696,0 4.60883583060559,45.8890121031606,0 4.60888370942088,45.8889953897372,0 4.60889953834419,45.8889897604058,0 4.60906638593668,45.8889438831141,0 4.60923616942741,45.8889013863657,0 4.60944099605572,45.8888619932263,0 4.60959599486598,45.8888211474835,0 4.60958253640439,45.8887489244517,0 4.60956341525385,45.888783152293,0 4.60936935610618,45.888802577437,0 4.60880602557935,45.88889237665419,0 4.60782827322197,45.8890435492033,0 4.60779293975909,45.8890083847863,0 4.60760949267174,45.8890335103911,0 4.60759136920919,45.88907988286181,0 4.60675663909742,45.8892086569803,0 4.6065392166723,45.8891876985752,0 4.60652474206277,45.88901407323409,0 
							</coordinates>
						</LinearRing>
					</outerBoundaryIs>
				</Polygon>
			</MultiGeometry>
		</Placemark>
		<Placemark id="personne_morale.71041">
<styleUrl>#personne_morale</styleUrl>			<visibility>0</visibility>
			<ExtendedData>
				<SchemaData schemaUrl="#personne_morale">
					<SimpleData name="Numero de Parcelle">69056000AE0415</SimpleData>
					<SimpleData name="Departement">69</SimpleData>
					<SimpleData name="Commune">CHESSY</SimpleData>
					<SimpleData name="Adresse">57, RTE DE CHATILLON</SimpleData>
					<SimpleData name="Groupe de personne">Personnes morales non remarquables</SimpleData>
					<SimpleData name="Forme Juridique Abregee">SCI</SimpleData>
					<SimpleData name="Denomination">CLOS DES CHARMILLES</SimpleData>
				</SchemaData>
			</ExtendedData>
	<Region>
		<LatLonAltBox>
			<north> 45.8868967226221 </north>
			<south> 45.886812138932 </south>
			<east> 4.62666147068264 </east>
			<west> 4.62649625302916 </west>
		</LatLonAltBox>
		<Lod>
			<minLodPixels>100</minLodPixels>
			<maxLodPixels>-1</maxLodPixels>
		</Lod>
	</Region>
			<MultiGeometry>
				<Polygon><altitudeMode>relativeToGround</altitudeMode>
					<outerBoundaryIs>
						<LinearRing>
							<coordinates>								4.62666147068264,45.8868792914125,0 4.62664001458694,45.886812138932,0 4.62653166978939,45.886829369658,0 4.62649625302916,45.8868354634388,0 4.62651303358417,45.886892775693,0 4.62654899792429,45.8868877548493,0 4.62655171296983,45.8868967226221,0 4.62666147068264,45.8868792914125,0 
							</coordinates>
						</LinearRing>
					</outerBoundaryIs>
				</Polygon>
			</MultiGeometry>
		</Placemark>
		<Placemark id="personne_morale.71184">
<styleUrl>#personne_morale</styleUrl>			<visibility>0</visibility>
			<ExtendedData>
				<SchemaData schemaUrl="#personne_morale">
					<SimpleData name="Numero de Parcelle">69056000AE0417</SimpleData>
					<SimpleData name="Departement">69</SimpleData>
					<SimpleData name="Commune">CHESSY</SimpleData>
					<SimpleData name="Adresse">57, RTE DE CHATILLON</SimpleData>
					<SimpleData name="Groupe de personne">Personnes morales non remarquables</SimpleData>
					<SimpleData name="Forme Juridique Abregee">SCI</SimpleData>
					<SimpleData name="Denomination">CLOS DES CHARMILLES</SimpleData>
				</SchemaData>
			</ExtendedData>
	<Region>
		<LatLonAltBox>
			<north> 45.8866925392647 </north>
			<south> 45.8865809736218 </south>
			<east> 4.626802436055 </east>
			<west> 4.62654375959838 </west>
		</LatLonAltBox>
		<Lod>
			<minLodPixels>100</minLodPixels>
			<maxLodPixels>-1</maxLodPixels>
		</Lod>
	</Region>
			<MultiGeometry>
				<Polygon><altitudeMode>relativeToGround</altitudeMode>
					<outerBoundaryIs>
						<LinearRing>
							<coordinates>								4.62677019188719,45.8865819425599,0 4.6267617284815,45.886583595505,0 4.62655696110261,45.886628693771,0 4.62654747696525,45.886630721659,0 4.62654375959838,45.886631495689,0 4.62657046681699,45.8866886651153,0 4.62657443671109,45.88668770731451,0 4.62657664282113,45.8866925392647,0 4.62678744299276,45.8866464534737,0 4.62679731122093,45.88664432997021,0 4.626802436055,45.8866431754055,0 4.62677493527583,45.8865809736218,0 4.62677019188719,45.8865819425599,0 
							</coordinates>
						</LinearRing>
					</outerBoundaryIs>
				</Polygon>
			</MultiGeometry>
		</Placemark>
		<Placemark id="personne_morale.71256">
<styleUrl>#personne_morale</styleUrl>			<visibility>0</visibility>
			<ExtendedData>
				<SchemaData schemaUrl="#personne_morale">
					<SimpleData name="Numero de Parcelle">69056000AE0418</SimpleData>
					<SimpleData name="Departement">69</SimpleData>
					<SimpleData name="Commune">CHESSY</SimpleData>
					<SimpleData name="Adresse">57, RTE DE CHATILLON</SimpleData>
					<SimpleData name="Groupe de personne">Personnes morales non remarquables</SimpleData>
					<SimpleData name="Forme Juridique Abregee">SCI</SimpleData>
					<SimpleData name="Denomination">CLOS DES CHARMILLES</SimpleData>
				</SchemaData>
			</ExtendedData>
	<Region>
		<LatLonAltBox>
			<north> 45.8867873848736 </north>
			<south> 45.8866278573877 </south>
			<east> 4.62661468775472 </east>
			<west> 4.62633581937357 </west>
		</LatLonAltBox>
		<Lod>
			<minLodPixels>100</minLodPixels>
			<maxLodPixels>-1</maxLodPixels>
		</Lod>
	</Region>
			<MultiGeometry>
				<Polygon><altitudeMode>relativeToGround</altitudeMode>
					<outerBoundaryIs>
						<LinearRing>
							<coordinates>								4.62654747696525,45.886630721659,0 4.62654623171521,45.8866278573877,0 4.62645757304971,45.8866478671373,0 4.62645867609876,45.8866502831136,0 4.62633581937357,45.8866783504969,0 4.6263627936707,45.88677955954891,0 4.62644492223726,45.8867873848736,0 4.62653122034612,45.88678353133379,0 4.62661468775472,45.8867711619626,0 4.62657664282113,45.8866925392647,0 4.62657443671109,45.88668770731451,0 4.62657046681699,45.8866886651153,0 4.62654375959838,45.886631495689,0 4.62654747696525,45.886630721659,0 
							</coordinates>
						</LinearRing>
					</outerBoundaryIs>
				</Polygon>
			</MultiGeometry>
		</Placemark>
		<Placemark id="personne_morale.71340">
<styleUrl>#personne_morale</styleUrl>			<visibility>0</visibility>
			<ExtendedData>
				<SchemaData schemaUrl="#personne_morale">
					<SimpleData name="Numero de Parcelle">69056000AE0419</SimpleData>
					<SimpleData name="Departement">69</SimpleData>
					<SimpleData name="Commune">CHESSY</SimpleData>
					<SimpleData name="Adresse">57, RTE DE CHATILLON</SimpleData>
					<SimpleData name="Groupe de personne">Personnes morales non remarquables</SimpleData>
					<SimpleData name="Forme Juridique Abregee">SCI</SimpleData>
					<SimpleData name="Denomination">CLOS DES CHARMILLES</SimpleData>
				</SchemaData>
			</ExtendedData>
	<Region>
		<LatLonAltBox>
			<north> 45.8868383328158 </north>
			<south> 45.8868265708571 </south>
			<east> 4.62649625302916 </east>
			<west> 4.62645788873807 </west>
		</LatLonAltBox>
		<Lod>
			<minLodPixels>100</minLodPixels>
			<maxLodPixels>-1</maxLodPixels>
		</Lod>
	</Region>
			<MultiGeometry>
				<Polygon><altitudeMode>relativeToGround</altitudeMode>
					<outerBoundaryIs>
						<LinearRing>
							<coordinates>								4.62649625302916,45.8868354634388,0 4.62649457199712,45.8868265708571,0 4.62645788873807,45.8868290801129,0 4.62645958038755,45.8868383328158,0 4.62648724468896,45.88683613345069,0 4.62649625302916,45.8868354634388,0 
							</coordinates>
						</LinearRing>
					</outerBoundaryIs>
				</Polygon>
			</MultiGeometry>
		</Placemark>
		<Placemark id="personne_morale.71452">
<styleUrl>#personne_morale</styleUrl>			<visibility>0</visibility>
			<ExtendedData>
				<SchemaData schemaUrl="#personne_morale">
					<SimpleData name="Numero de Parcelle">69056000AC0042</SimpleData>
					<SimpleData name="Departement">69</SimpleData>
					<SimpleData name="Commune">CHESSY</SimpleData>
					<SimpleData name="Adresse">LES BRUYERES</SimpleData>
					<SimpleData name="Groupe de personne">Personnes morales non remarquables</SimpleData>
					<SimpleData name="Forme Juridique Abregee">SA</SimpleData>
					<SimpleData name="Denomination">FORNAS PROMOTION</SimpleData>
				</SchemaData>
			</ExtendedData>
	<Region>
		<LatLonAltBox>
			<north> 45.8942235150997 </north>
			<south> 45.8935111919041 </south>
			<east> 4.62706641568034 </east>
			<west> 4.6267415069051 </west>
		</LatLonAltBox>
		<Lod>
			<minLodPixels>100</minLodPixels>
			<maxLodPixels>-1</maxLodPixels>
		</Lod>
	</Region>
			<MultiGeometry>
				<Polygon><altitudeMode>relativeToGround</altitudeMode>
					<outerBoundaryIs>
						<LinearRing>
							<coordinates>								4.62694423143156,45.89380436203059,0 4.62692850976499,45.8937043421552,0 4.62687899618875,45.8936393947524,0 4.62678130920098,45.8935111919041,0 4.6267415069051,45.89352617549829,0 4.62688900790198,45.8937120259392,0 4.62694054249361,45.8940639921506,0 4.6269530994985,45.8941573024354,0 4.62703360862575,45.8942235150997,0 4.62706641568034,45.8942031378999,0 4.62699487607745,45.89414364138911,0 4.62697592203742,45.89401277457819,0 4.62694423143156,45.89380436203059,0 
							</coordinates>
						</LinearRing>
					</outerBoundaryIs>
				</Polygon>
			</MultiGeometry>
		</Placemark>
		<Placemark id="personne_morale.71463">
<styleUrl>#personne_morale</styleUrl>			<visibility>0</visibility>
			<ExtendedData>
				<SchemaData schemaUrl="#personne_morale">
					<SimpleData name="Numero de Parcelle">69056000AD0042</SimpleData>
					<SimpleData name="Departement">69</SimpleData>
					<SimpleData name="Commune">CHESSY</SimpleData>
					<SimpleData name="Adresse">LES CARRIERES</SimpleData>
					<SimpleData name="Groupe de personne">Personnes morales non remarquables</SimpleData>
					<SimpleData name="Forme Juridique Abregee">GFA</SimpleData>
					<SimpleData name="Denomination">DU PRE DU TOUR</SimpleData>
				</SchemaData>
			</ExtendedData>
	<Region>
		<LatLonAltBox>
			<north> 45.8915575892998 </north>
			<south> 45.89006173405101 </south>
			<east> 4.62512297219374 </east>
			<west> 4.62416158952056 </west>
		</LatLonAltBox>
		<Lod>
			<minLodPixels>100</minLodPixels>
			<maxLodPixels>-1</maxLodPixels>
		</Lod>
	</Region>
			<MultiGeometry>
				<Polygon><altitudeMode>relativeToGround</altitudeMode>
					<outerBoundaryIs>
						<LinearRing>
							<coordinates>								4.62459407645304,45.89008041406499,0 4.62419536348364,45.89006173405101,0 4.62417737460132,45.890107837237,0 4.62416158952056,45.89017183235291,0 4.62416659910836,45.890249939672,0 4.62417047988618,45.89029410745809,0 4.62417494695301,45.89033628531919,0 4.62418033624511,45.89036160716,0 4.62418342401203,45.8903788559163,0 4.62418555417915,45.8903854903695,0 4.62419423969804,45.8905314563801,0 4.62418861497845,45.8905681949806,0 4.62418397981438,45.8905947416473,0 4.62418598009116,45.8906757743827,0 4.62419154343796,45.8907026248844,0 4.62419887729372,45.8907282790636,0 4.62421027363732,45.8907648632149,0 4.62422731997605,45.89080496893079,0 4.62424506506553,45.8908512793192,0 4.6242559648923,45.89087976445251,0 4.62427428248476,45.89093237139371,0 4.62428598452091,45.8909705723766,0 4.62429236604095,45.8910076789071,0 4.62429337085339,45.8910286503863,0 4.62429535717318,45.8910610464394,0 4.62432544615465,45.8910885353414,0 4.62437960651781,45.8911318906982,0 4.62447436560697,45.8912048356029,0 4.62456771203735,45.8912779808666,0 4.62464793236064,45.8913433886601,0 4.62464325485167,45.8913466082638,0 4.62467198481855,45.8913673614831,0 4.62469204630897,45.8913828351608,0 4.62470963851149,45.89139330049299,0 4.6247192360475,45.8913994673589,0 4.62482984937496,45.8914413807886,0 4.62492172459503,45.8914777089731,0 4.62506862218818,45.8915384653887,0 4.62512297219374,45.8915575892998,0 4.62509459113057,45.8914917970149,0 4.62508753341941,45.8914886559976,0 4.6250851808492,45.8914876089917,0 4.62494378486355,45.8914253324374,0 4.6249274405339,45.8914178214612,0 4.62489955675455,45.8914039013361,0 4.62488618576323,45.89139661782739,0 4.62485940929669,45.8913808804127,0 4.62484718540921,45.8913731300726,0 4.62482190569751,45.8913556598412,0 4.62478901968919,45.89132956228541,0 4.62475679584773,45.8912996723357,0 4.62473747767693,45.8912787838892,0 4.62472343605936,45.8912618726894,0 4.62470758572026,45.8912404840635,0 4.62469501697593,45.8912210297826,0 4.62460366741015,45.8910712077976,0 4.62462391337133,45.8910666836697,0 4.6246289123868,45.8910656210862,0 4.62484441368131,45.8910164993719,0 4.62485823504085,45.8910259380514,0 4.62497714661199,45.89097307026699,0 4.62494945807993,45.8908651160266,0 4.62491071045912,45.8907451614984,0 4.62486388039832,45.8906266741412,0 4.62472400928919,45.89062481127149,0 4.6246997876851,45.89054256669671,0 4.6247117435047,45.8904230543763,0 4.62456424059667,45.89022783425911,0 4.62496037226145,45.8901982734727,0 4.62500742129763,45.8901404038708,0 4.62459407645304,45.89008041406499,0 
							</coordinates>
						</LinearRing>
					</outerBoundaryIs>
				</Polygon>
			</MultiGeometry>
		</Placemark>
		<Placemark id="personne_morale.71686">
<styleUrl>#personne_morale</styleUrl>			<visibility>0</visibility>
			<ExtendedData>
				<SchemaData schemaUrl="#personne_morale">
					<SimpleData name="Numero de Parcelle">69056000AE0420</SimpleData>
					<SimpleData name="Departement">69</SimpleData>
					<SimpleData name="Commune">CHESSY</SimpleData>
					<SimpleData name="Adresse">57, RTE DE CHATILLON</SimpleData>
					<SimpleData name="Groupe de personne">Personnes morales non remarquables</SimpleData>
					<SimpleData name="Forme Juridique Abregee">SCI</SimpleData>
					<SimpleData name="Denomination">CLOS DES CHARMILLES</SimpleData>
				</SchemaData>
			</ExtendedData>
	<Region>
		<LatLonAltBox>
			<north> 45.8867711619626 </north>
			<south> 45.8866464534737 </south>
			<east> 4.62681684255774 </east>
			<west> 4.62657664282113 </west>
		</LatLonAltBox>
		<Lod>
			<minLodPixels>100</minLodPixels>
			<maxLodPixels>-1</maxLodPixels>
		</Lod>
	</Region>
			<MultiGeometry>
				<Polygon><altitudeMode>relativeToGround</altitudeMode>
					<outerBoundaryIs>
						<LinearRing>
							<coordinates>								4.62678744299276,45.8866464534737,0 4.62657664282113,45.8866925392647,0 4.62661468775472,45.8867711619626,0 4.62664074922122,45.8867670941855,0 4.62673628316645,45.8867484264592,0 4.62681684255774,45.8867336669352,0 4.62678456802903,45.8866582937977,0 4.62678744299276,45.8866464534737,0 
							</coordinates>
						</LinearRing>
					</outerBoundaryIs>
				</Polygon>
			</MultiGeometry>
		</Placemark>
		<Placemark id="personne_morale.71920">
<styleUrl>#personne_morale</styleUrl>			<visibility>0</visibility>
			<ExtendedData>
				<SchemaData schemaUrl="#personne_morale">
					<SimpleData name="Numero de Parcelle">69056000AE0423</SimpleData>
					<SimpleData name="Departement">69</SimpleData>
					<SimpleData name="Commune">CHESSY</SimpleData>
					<SimpleData name="Adresse">LES EPARCIEUX</SimpleData>
					<SimpleData name="Groupe de personne">Personnes morales non remarquables</SimpleData>
					<SimpleData name="Forme Juridique Abregee">SCI</SimpleData>
					<SimpleData name="Denomination">CLOS DES CHARMILLES</SimpleData>
				</SchemaData>
			</ExtendedData>
	<Region>
		<LatLonAltBox>
			<north> 45.8869580114027 </north>
			<south> 45.8868354634388 </south>
			<east> 4.6266864924414 </east>
			<west> 4.62625898190671 </west>
		</LatLonAltBox>
		<Lod>
			<minLodPixels>100</minLodPixels>
			<maxLodPixels>-1</maxLodPixels>
		</Lod>
	</Region>
			<MultiGeometry>
				<Polygon><altitudeMode>relativeToGround</altitudeMode>
					<outerBoundaryIs>
						<LinearRing>
							<coordinates>								4.6266864924414,45.8869580114027,0 4.62666147068264,45.8868792914125,0 4.62655171296983,45.8868967226221,0 4.62654899792429,45.8868877548493,0 4.62651303358417,45.886892775693,0 4.62649625302916,45.8868354634388,0 4.62648724468896,45.88683613345069,0 4.62645958038755,45.8868383328158,0 4.62636757647118,45.8868455108427,0 4.62635753943744,45.8868462857111,0 4.62625898190671,45.8868542784739,0 4.62627487086205,45.8869425870959,0 4.6266864924414,45.8869580114027,0 
							</coordinates>
						</LinearRing>
					</outerBoundaryIs>
				</Polygon>
			</MultiGeometry>
		</Placemark>
		<Placemark id="personne_morale.71988">
<styleUrl>#personne_morale</styleUrl>			<visibility>0</visibility>
			<ExtendedData>
				<SchemaData schemaUrl="#personne_morale">
					<SimpleData name="Numero de Parcelle">69056000AE0424</SimpleData>
					<SimpleData name="Departement">69</SimpleData>
					<SimpleData name="Commune">CHESSY</SimpleData>
					<SimpleData name="Adresse">LES EPARCIEUX</SimpleData>
					<SimpleData name="Groupe de personne">Personnes morales non remarquables</SimpleData>
					<SimpleData name="Forme Juridique Abregee">SCI</SimpleData>
					<SimpleData name="Denomination">CLOS DES CHARMILLES</SimpleData>
				</SchemaData>
			</ExtendedData>
	<Region>
		<LatLonAltBox>
			<north> 45.8869580114027 </north>
			<south> 45.88686168003619 </south>
			<east> 4.62679793148627 </east>
			<west> 4.62666147068264 </west>
		</LatLonAltBox>
		<Lod>
			<minLodPixels>100</minLodPixels>
			<maxLodPixels>-1</maxLodPixels>
		</Lod>
	</Region>
			<MultiGeometry>
				<Polygon><altitudeMode>relativeToGround</altitudeMode>
					<outerBoundaryIs>
						<LinearRing>
							<coordinates>								4.62677122301341,45.88686168003619,0 4.62666147068264,45.8868792914125,0 4.6266864924414,45.8869580114027,0 4.62679793148627,45.8869407360066,0 4.62677122301341,45.88686168003619,0 
							</coordinates>
						</LinearRing>
					</outerBoundaryIs>
				</Polygon>
			</MultiGeometry>
		</Placemark>
		<Placemark id="personne_morale.72443">
<styleUrl>#personne_morale</styleUrl>			<visibility>0</visibility>
			<ExtendedData>
				<SchemaData schemaUrl="#personne_morale">
					<SimpleData name="Numero de Parcelle">69056000AL0043</SimpleData>
					<SimpleData name="Departement">69</SimpleData>
					<SimpleData name="Commune">CHESSY</SimpleData>
					<SimpleData name="Adresse">RTE DE LENTILLY</SimpleData>
					<SimpleData name="Groupe de personne">Personnes morales non remarquables</SimpleData>
					<SimpleData name="Forme Juridique Abregee">SCI</SimpleData>
					<SimpleData name="Denomination">SCI DE CHESSY</SimpleData>
				</SchemaData>
			</ExtendedData>
	<Region>
		<LatLonAltBox>
			<north> 45.8885581096317 </north>
			<south> 45.8884561923206 </south>
			<east> 4.60783698788428 </east>
			<west> 4.60763164553159 </west>
		</LatLonAltBox>
		<Lod>
			<minLodPixels>100</minLodPixels>
			<maxLodPixels>-1</maxLodPixels>
		</Lod>
	</Region>
			<MultiGeometry>
				<Polygon><altitudeMode>relativeToGround</altitudeMode>
					<outerBoundaryIs>
						<LinearRing>
							<coordinates>								4.60783698788428,45.8884843737142,0 4.60770300711419,45.8884631315737,0 4.60765895289474,45.8884561923206,0 4.60763164553159,45.8885281846125,0 4.60780741001148,45.8885581096317,0 4.60783698788428,45.8884843737142,0 
							</coordinates>
						</LinearRing>
					</outerBoundaryIs>
				</Polygon>
			</MultiGeometry>
		</Placemark>
		<Placemark id="personne_morale.72795">
<styleUrl>#personne_morale</styleUrl>			<visibility>0</visibility>
			<ExtendedData>
				<SchemaData schemaUrl="#personne_morale">
					<SimpleData name="Numero de Parcelle">69056000AE0433</SimpleData>
					<SimpleData name="Departement">69</SimpleData>
					<SimpleData name="Commune">CHESSY</SimpleData>
					<SimpleData name="Adresse">31, RUE DES SOURCES</SimpleData>
					<SimpleData name="Groupe de personne">Personnes morales non remarquables</SimpleData>
					<SimpleData name="Forme Juridique Abregee">SAS</SimpleData>
					<SimpleData name="Denomination">OR IMMO</SimpleData>
				</SchemaData>
			</ExtendedData>
	<Region>
		<LatLonAltBox>
			<north> 45.8883973314071 </north>
			<south> 45.8883109428177 </south>
			<east> 4.62343248746179 </east>
			<west> 4.62334271844176 </west>
		</LatLonAltBox>
		<Lod>
			<minLodPixels>100</minLodPixels>
			<maxLodPixels>-1</maxLodPixels>
		</Lod>
	</Region>
			<MultiGeometry>
				<Polygon><altitudeMode>relativeToGround</altitudeMode>
					<outerBoundaryIs>
						<LinearRing>
							<coordinates>								4.62341361643477,45.8883973314071,0 4.62343248746179,45.8883899450381,0 4.62337918378323,45.8883142424657,0 4.62337689403127,45.8883109428177,0 4.62335858545717,45.88831552898499,0 4.62334271844176,45.88831980988701,0 4.6233668743349,45.8883561208284,0 4.62338284112121,45.8883508477395,0 4.62341361643477,45.8883973314071,0 
							</coordinates>
						</LinearRing>
					</outerBoundaryIs>
				</Polygon>
			</MultiGeometry>
		</Placemark>
		<Placemark id="personne_morale.73332">
<styleUrl>#personne_morale</styleUrl>			<visibility>0</visibility>
			<ExtendedData>
				<SchemaData schemaUrl="#personne_morale">
					<SimpleData name="Numero de Parcelle">69056000AL0044</SimpleData>
					<SimpleData name="Departement">69</SimpleData>
					<SimpleData name="Commune">CHESSY</SimpleData>
					<SimpleData name="Adresse">LES MINES</SimpleData>
					<SimpleData name="Groupe de personne">Personnes morales non remarquables</SimpleData>
					<SimpleData name="Forme Juridique Abregee">SAS</SimpleData>
					<SimpleData name="Denomination">MATHELIN APPRETS TEINTURES</SimpleData>
				</SchemaData>
			</ExtendedData>
	<Region>
		<LatLonAltBox>
			<north> 45.888382753214 </north>
			<south> 45.88828121522749 </south>
			<east> 4.60678996329682 </east>
			<west> 4.60574071611063 </west>
		</LatLonAltBox>
		<Lod>
			<minLodPixels>100</minLodPixels>
			<maxLodPixels>-1</maxLodPixels>
		</Lod>
	</Region>
			<MultiGeometry>
				<Polygon><altitudeMode>relativeToGround</altitudeMode>
					<outerBoundaryIs>
						<LinearRing>
							<coordinates>								4.60664757502527,45.888382753214,0 4.60673373379466,45.8883607231057,0 4.6067713809429,45.8883381214377,0 4.60678249522217,45.8883300375067,0 4.60678996329682,45.8883163311178,0 4.60669620075216,45.8883075760443,0 4.6064953491562,45.8882930471344,0 4.60629376307981,45.888284292649,0 4.60609195552652,45.88828121522749,0 4.60597703027651,45.88828536969759,0 4.60586202023362,45.8882954697346,0 4.60574071611063,45.8883108829845,0 4.60606160480426,45.88832406835461,0 4.60664757502527,45.888382753214,0 
							</coordinates>
						</LinearRing>
					</outerBoundaryIs>
				</Polygon>
			</MultiGeometry>
		</Placemark>
		<Placemark id="personne_morale.74205">
<styleUrl>#personne_morale</styleUrl>			<visibility>0</visibility>
			<ExtendedData>
				<SchemaData schemaUrl="#personne_morale">
					<SimpleData name="Numero de Parcelle">69056000AC0045</SimpleData>
					<SimpleData name="Departement">69</SimpleData>
					<SimpleData name="Commune">CHESSY</SimpleData>
					<SimpleData name="Adresse">ALL DES HAUTS DE CHESSY</SimpleData>
					<SimpleData name="Groupe de personne">Personnes morales non remarquables</SimpleData>
					<SimpleData name="Forme Juridique Abregee">SA</SimpleData>
					<SimpleData name="Denomination">FORNAS PROMOTION</SimpleData>
				</SchemaData>
			</ExtendedData>
	<Region>
		<LatLonAltBox>
			<north> 45.8935432213601 </north>
			<south> 45.8931944561759 </south>
			<east> 4.62728106523796 </east>
			<west> 4.62660336392182 </west>
		</LatLonAltBox>
		<Lod>
			<minLodPixels>100</minLodPixels>
			<maxLodPixels>-1</maxLodPixels>
		</Lod>
	</Region>
			<MultiGeometry>
				<Polygon><altitudeMode>relativeToGround</altitudeMode>
					<outerBoundaryIs>
						<LinearRing>
							<coordinates>								4.62719826758299,45.8931944561759,0 4.62717021786839,45.8932579977787,0 4.62683239849954,45.8933891347467,0 4.62682728100928,45.8933905594034,0 4.62682137929063,45.8933916350699,0 4.62681455909668,45.89339218354101,0 4.62680746243861,45.8933921055108,0 4.62680047080388,45.89339121535389,0 4.6267960551834,45.89339019806491,0 4.62679150000285,45.8933888225102,0 4.6267860210345,45.8933867396997,0 4.62678222085901,45.8933847228032,0 4.62677801263002,45.8933819912307,0 4.6267752412666,45.8933798694635,0 4.62677231706009,45.8933769392799,0 4.62676307262988,45.8933652733294,0 4.62660336392182,45.8934257551967,0 4.62669608993996,45.8935432213601,0 4.6267415069051,45.89352617549829,0 4.62678130920098,45.8935111919041,0 4.62683961558691,45.893489457134,0 4.62683559348229,45.8934842910396,0 4.62683312921032,45.8934794628042,0 4.62683172828957,45.8934757000894,0 4.62683069025951,45.8934711215381,0 4.62683044177235,45.8934670720369,0 4.62683058274308,45.8934631070005,0 4.62683112911208,45.8934597666097,0 4.62683266178584,45.8934548808656,0 4.62683423165381,45.8934512555434,0 4.6268359490525,45.8934482585771,0 4.62683805856549,45.89344543610571,0 4.62684092042614,45.89344188226231,0 4.62684481109883,45.8934382235477,0 4.62684771015344,45.8934359301262,0 4.62685074345499,45.8934338149096,0 4.62685365579302,45.89343197163859,0 4.62685759162951,45.8934298434359,0 4.62686345084283,45.8934273272853,0 4.62719679225158,45.89329742555989,0 4.62728106523796,45.89331638803691,0 4.62719826758299,45.8931944561759,0 
							</coordinates>
						</LinearRing>
					</outerBoundaryIs>
				</Polygon>
			</MultiGeometry>
		</Placemark>
		<Placemark id="personne_morale.74265">
<styleUrl>#personne_morale</styleUrl>			<visibility>0</visibility>
			<ExtendedData>
				<SchemaData schemaUrl="#personne_morale">
					<SimpleData name="Numero de Parcelle">69056000AL0045</SimpleData>
					<SimpleData name="Departement">69</SimpleData>
					<SimpleData name="Commune">CHESSY</SimpleData>
					<SimpleData name="Adresse">LES MINES</SimpleData>
					<SimpleData name="Groupe de personne">Personnes morales non remarquables</SimpleData>
					<SimpleData name="Forme Juridique Abregee">SAS</SimpleData>
					<SimpleData name="Denomination">MATHELIN APPRETS TEINTURES</SimpleData>
				</SchemaData>
			</ExtendedData>
	<Region>
		<LatLonAltBox>
			<north> 45.8883304010247 </north>
			<south> 45.8883108829845 </south>
			<east> 4.60606160480426 </east>
			<west> 4.60574071611063 </west>
		</LatLonAltBox>
		<Lod>
			<minLodPixels>100</minLodPixels>
			<maxLodPixels>-1</maxLodPixels>
		</Lod>
	</Region>
			<MultiGeometry>
				<Polygon><altitudeMode>relativeToGround</altitudeMode>
					<outerBoundaryIs>
						<LinearRing>
							<coordinates>								4.60606160480426,45.88832406835461,0 4.60574071611063,45.8883108829845,0 4.60575282300317,45.8883235907361,0 4.60577430234492,45.8883304010247,0 4.60606160480426,45.88832406835461,0 
							</coordinates>
						</LinearRing>
					</outerBoundaryIs>
				</Polygon>
			</MultiGeometry>
		</Placemark>
		<Placemark id="personne_morale.75177">
<styleUrl>#personne_morale</styleUrl>			<visibility>0</visibility>
			<ExtendedData>
				<SchemaData schemaUrl="#personne_morale">
					<SimpleData name="Numero de Parcelle">69056000AL0046</SimpleData>
					<SimpleData name="Departement">69</SimpleData>
					<SimpleData name="Commune">CHESSY</SimpleData>
					<SimpleData name="Adresse">LES MINES</SimpleData>
					<SimpleData name="Groupe de personne">Personnes morales non remarquables</SimpleData>
					<SimpleData name="Forme Juridique Abregee">SAS</SimpleData>
					<SimpleData name="Denomination">MATHELIN APPRETS TEINTURES</SimpleData>
				</SchemaData>
			</ExtendedData>
	<Region>
		<LatLonAltBox>
			<north> 45.8887271141024 </north>
			<south> 45.8882687632747 </south>
			<east> 4.60570040980853 </east>
			<west> 4.60367644378971 </west>
		</LatLonAltBox>
		<Lod>
			<minLodPixels>100</minLodPixels>
			<maxLodPixels>-1</maxLodPixels>
		</Lod>
	</Region>
			<MultiGeometry>
				<Polygon><altitudeMode>relativeToGround</altitudeMode>
					<outerBoundaryIs>
						<LinearRing>
							<coordinates>								4.60367644378971,45.8887271141024,0 4.60425033733047,45.8885923368702,0 4.60459379902179,45.8884991962709,0 4.60482403152291,45.8884508044269,0 4.60485640389616,45.8885216786395,0 4.60488567514192,45.8885170299413,0 4.6048726506673,45.8884772247024,0 4.60550395884278,45.8883699073113,0 4.60554699762779,45.8884482856345,0 4.60561418515273,45.888443548625,0 4.60563423177511,45.88836130216969,0 4.60568857982457,45.88835413549091,0 4.60570040980853,45.8882687632747,0 4.60567518037364,45.8882704726119,0 4.60567539704496,45.8883133418386,0 4.60542640196583,45.8883285866906,0 4.6048726514896,45.8884019279706,0 4.60464712910954,45.8884481815051,0 4.60452435476297,45.8884751429911,0 4.60428211991372,45.888536584233,0 4.60415073764693,45.88857357491471,0 4.60388818413818,45.88865926163621,0 4.60376447326258,45.8886983947271,0 4.60367644378971,45.8887271141024,0 
							</coordinates>
						</LinearRing>
					</outerBoundaryIs>
				</Polygon>
			</MultiGeometry>
		</Placemark>
		<Placemark id="personne_morale.75967">
<styleUrl>#personne_morale</styleUrl>			<visibility>0</visibility>
			<ExtendedData>
				<SchemaData schemaUrl="#personne_morale">
					<SimpleData name="Numero de Parcelle">69056000AB0047</SimpleData>
					<SimpleData name="Departement">69</SimpleData>
					<SimpleData name="Commune">CHESSY</SimpleData>
					<SimpleData name="Adresse">206, RUE DES AJONCS</SimpleData>
					<SimpleData name="Groupe de personne">Personnes morales non remarquables</SimpleData>
					<SimpleData name="Forme Juridique Abregee">SCI</SimpleData>
					<SimpleData name="Denomination">SCI POMMIER</SimpleData>
				</SchemaData>
			</ExtendedData>
	<Region>
		<LatLonAltBox>
			<north> 45.89704458470861 </north>
			<south> 45.8966865538704 </south>
			<east> 4.62781027612504 </east>
			<west> 4.62733638140228 </west>
		</LatLonAltBox>
		<Lod>
			<minLodPixels>100</minLodPixels>
			<maxLodPixels>-1</maxLodPixels>
		</Lod>
	</Region>
			<MultiGeometry>
				<Polygon><altitudeMode>relativeToGround</altitudeMode>
					<outerBoundaryIs>
						<LinearRing>
							<coordinates>								4.62734712889637,45.8968128824805,0 4.62733638140228,45.8968289792597,0 4.62747084185252,45.8968742398945,0 4.62744682259177,45.89690394789229,0 4.62747097716062,45.89691377796801,0 4.62752379928704,45.8969333731473,0 4.62749425407655,45.8969725278041,0 4.62761299459821,45.89704458470861,0 4.62767516616966,45.8969745172628,0 4.62771551714382,45.8969212464072,0 4.62772686267899,45.8969254063697,0 4.62776448052991,45.8968756875064,0 4.62777478123385,45.896879412163,0 4.62780544147487,45.8968387102147,0 4.62781027612504,45.89683206562291,0 4.62743214885619,45.8966865538704,0 4.62734712889637,45.8968128824805,0 
							</coordinates>
						</LinearRing>
					</outerBoundaryIs>
				</Polygon>
			</MultiGeometry>
		</Placemark>
		<Placemark id="personne_morale.76029">
<styleUrl>#personne_morale</styleUrl>			<visibility>0</visibility>
			<ExtendedData>
				<SchemaData schemaUrl="#personne_morale">
					<SimpleData name="Numero de Parcelle">69056000AL0047</SimpleData>
					<SimpleData name="Departement">69</SimpleData>
					<SimpleData name="Commune">CHESSY</SimpleData>
					<SimpleData name="Adresse">LES MINES</SimpleData>
					<SimpleData name="Groupe de personne">Personnes morales non remarquables</SimpleData>
					<SimpleData name="Forme Juridique Abregee">SAS</SimpleData>
					<SimpleData name="Denomination">MATHELIN APPRETS TEINTURES</SimpleData>
				</SchemaData>
			</ExtendedData>
	<Region>
		<LatLonAltBox>
			<north> 45.8890484109435 </north>
			<south> 45.8889330874123 </south>
			<east> 4.60633559090403 </east>
			<west> 4.60600581552423 </west>
		</LatLonAltBox>
		<Lod>
			<minLodPixels>100</minLodPixels>
			<maxLodPixels>-1</maxLodPixels>
		</Lod>
	</Region>
			<MultiGeometry>
				<Polygon><altitudeMode>relativeToGround</altitudeMode>
					<outerBoundaryIs>
						<LinearRing>
							<coordinates>								4.6062950019828,45.8890484109435,0 4.60633559090403,45.8889718169729,0 4.60605032582366,45.8889330874123,0 4.60600581552423,45.8890167622729,0 4.6062950019828,45.8890484109435,0 
							</coordinates>
						</LinearRing>
					</outerBoundaryIs>
				</Polygon>
			</MultiGeometry>
		</Placemark>
		<Placemark id="personne_morale.76919">
<styleUrl>#personne_morale</styleUrl>			<visibility>0</visibility>
			<ExtendedData>
				<SchemaData schemaUrl="#personne_morale">
					<SimpleData name="Numero de Parcelle">69056000AL0048</SimpleData>
					<SimpleData name="Departement">69</SimpleData>
					<SimpleData name="Commune">CHESSY</SimpleData>
					<SimpleData name="Adresse">88, RTE DE LENTILLY</SimpleData>
					<SimpleData name="Groupe de personne">Personnes morales non remarquables</SimpleData>
					<SimpleData name="Forme Juridique Abregee">SAS</SimpleData>
					<SimpleData name="Denomination">MATHELIN APPRETS TEINTURES</SimpleData>
				</SchemaData>
			</ExtendedData>
	<Region>
		<LatLonAltBox>
			<north> 45.88929972189241 </north>
			<south> 45.8882687632747 </south>
			<east> 4.60664757502527 </east>
			<west> 4.60338324426623 </west>
		</LatLonAltBox>
		<Lod>
			<minLodPixels>100</minLodPixels>
			<maxLodPixels>-1</maxLodPixels>
		</Lod>
	</Region>
			<MultiGeometry>
				<Polygon><altitudeMode>relativeToGround</altitudeMode>
					<outerBoundaryIs>
						<LinearRing>
							<coordinates>								4.60367644378971,45.8887271141024,0 4.6036136651629,45.8887149447357,0 4.60345342759636,45.88878422787981,0 4.60338324426623,45.8888145853421,0 4.60368720198974,45.8889018732086,0 4.60389539783159,45.88896043617369,0 4.60385728824761,45.88929972189241,0 4.60405614193986,45.8892632154171,0 4.60432082246382,45.8892106431228,0 4.60452188504497,45.8891791482743,0 4.60462623890583,45.88916622863281,0 4.60464949823268,45.8891632865479,0 4.6048239533769,45.8891659442365,0 4.60492391120377,45.8891703797456,0 4.60508796183558,45.8891833623909,0 4.60515740656325,45.8891896719669,0 4.60526654645072,45.8891993808829,0 4.60542442984712,45.8892131711505,0 4.60589427876119,45.8892524330015,0 4.60601487483214,45.8892613479995,0 4.60622837893915,45.88917437169399,0 4.6062950019828,45.8890484109435,0 4.60600581552423,45.8890167622729,0 4.60605032582366,45.8889330874123,0 4.60633559090403,45.8889718169729,0 4.6066011213695,45.88847050899909,0 4.60664757502527,45.888382753214,0 4.60606160480426,45.88832406835461,0 4.60577430234492,45.8883304010247,0 4.60575282300317,45.8883235907361,0 4.60574071611063,45.8883108829845,0 4.60570040980853,45.8882687632747,0 4.60568857982457,45.88835413549091,0 4.60563423177511,45.88836130216969,0 4.60561418515273,45.888443548625,0 4.60554699762779,45.8884482856345,0 4.60550395884278,45.8883699073113,0 4.6048726506673,45.8884772247024,0 4.60488567514192,45.8885170299413,0 4.60485640389616,45.8885216786395,0 4.60482403152291,45.8884508044269,0 4.60459379902179,45.8884991962709,0 4.60425033733047,45.8885923368702,0 4.60367644378971,45.8887271141024,0 
							</coordinates>
						</LinearRing>
					</outerBoundaryIs>
				</Polygon>
			</MultiGeometry>
		</Placemark>
		<Placemark id="personne_morale.77667">
<styleUrl>#personne_morale</styleUrl>			<visibility>0</visibility>
			<ExtendedData>
				<SchemaData schemaUrl="#personne_morale">
					<SimpleData name="Numero de Parcelle">69056000AC0049</SimpleData>
					<SimpleData name="Departement">69</SimpleData>
					<SimpleData name="Commune">CHESSY</SimpleData>
					<SimpleData name="Adresse">LES BRUYERES</SimpleData>
					<SimpleData name="Groupe de personne">Personnes morales non remarquables</SimpleData>
					<SimpleData name="Forme Juridique Abregee">SA</SimpleData>
					<SimpleData name="Denomination">FORNAS PROMOTION</SimpleData>
				</SchemaData>
			</ExtendedData>
	<Region>
		<LatLonAltBox>
			<north> 45.89339218354101 </north>
			<south> 45.8928285512776 </south>
			<east> 4.62683239849954 </east>
			<west> 4.62634833597893 </west>
		</LatLonAltBox>
		<Lod>
			<minLodPixels>100</minLodPixels>
			<maxLodPixels>-1</maxLodPixels>
		</Lod>
	</Region>
			<MultiGeometry>
				<Polygon><altitudeMode>relativeToGround</altitudeMode>
					<outerBoundaryIs>
						<LinearRing>
							<coordinates>								4.62634833597893,45.8928436191996,0 4.62660698125539,45.89316801757779,0 4.62676307262988,45.8933652733294,0 4.62677231706009,45.8933769392799,0 4.6267752412666,45.8933798694635,0 4.62677801263002,45.8933819912307,0 4.62678222085901,45.8933847228032,0 4.6267860210345,45.8933867396997,0 4.62679150000285,45.8933888225102,0 4.6267960551834,45.89339019806491,0 4.62680047080388,45.89339121535389,0 4.62680746243861,45.8933921055108,0 4.62681455909668,45.89339218354101,0 4.62682137929063,45.8933916350699,0 4.62682728100928,45.8933905594034,0 4.62683239849954,45.8933891347467,0 4.62667137158455,45.8931863658545,0 4.62651612635781,45.8929915296623,0 4.62638774843624,45.8928285512776,0 4.62634833597893,45.8928436191996,0 
							</coordinates>
						</LinearRing>
					</outerBoundaryIs>
				</Polygon>
			</MultiGeometry>
		</Placemark>
		<Placemark id="personne_morale.77712">
<styleUrl>#personne_morale</styleUrl>			<visibility>0</visibility>
			<ExtendedData>
				<SchemaData schemaUrl="#personne_morale">
					<SimpleData name="Numero de Parcelle">69056000AL0049</SimpleData>
					<SimpleData name="Departement">69</SimpleData>
					<SimpleData name="Commune">CHESSY</SimpleData>
					<SimpleData name="Adresse">LES MINES</SimpleData>
					<SimpleData name="Groupe de personne">Personnes morales non remarquables</SimpleData>
					<SimpleData name="Forme Juridique Abregee">SAS</SimpleData>
					<SimpleData name="Denomination">MATHELIN APPRETS TEINTURES</SimpleData>
				</SchemaData>
			</ExtendedData>
	<Region>
		<LatLonAltBox>
			<north> 45.8894626074177 </north>
			<south> 45.8888145853421 </south>
			<east> 4.60389539783159 </east>
			<west> 4.6028702105462 </west>
		</LatLonAltBox>
		<Lod>
			<minLodPixels>100</minLodPixels>
			<maxLodPixels>-1</maxLodPixels>
		</Lod>
	</Region>
			<MultiGeometry>
				<Polygon><altitudeMode>relativeToGround</altitudeMode>
					<outerBoundaryIs>
						<LinearRing>
							<coordinates>								4.60338324426623,45.8888145853421,0 4.6028702105462,45.8891973526334,0 4.6029842003131,45.8894626074177,0 4.60385728824761,45.88929972189241,0 4.60389539783159,45.88896043617369,0 4.60368720198974,45.8889018732086,0 4.60338324426623,45.8888145853421,0 
							</coordinates>
						</LinearRing>
					</outerBoundaryIs>
				</Polygon>
			</MultiGeometry>
		</Placemark>
		<Placemark id="personne_morale.78473">
<styleUrl>#personne_morale</styleUrl>			<visibility>0</visibility>
			<ExtendedData>
				<SchemaData schemaUrl="#personne_morale">
					<SimpleData name="Numero de Parcelle">69056000AA0005</SimpleData>
					<SimpleData name="Departement">69</SimpleData>
					<SimpleData name="Commune">CHESSY</SimpleData>
					<SimpleData name="Adresse">A LA TAVERNE</SimpleData>
					<SimpleData name="Groupe de personne">Personnes morales non remarquables</SimpleData>
					<SimpleData name="Forme Juridique Abregee">GFA</SimpleData>
					<SimpleData name="Denomination">GFA MARIUS ET MICHELLE RIVIERE</SimpleData>
				</SchemaData>
			</ExtendedData>
	<Region>
		<LatLonAltBox>
			<north> 45.9038116063741 </north>
			<south> 45.90338454728829 </south>
			<east> 4.60794294827156 </east>
			<west> 4.60771566136218 </west>
		</LatLonAltBox>
		<Lod>
			<minLodPixels>100</minLodPixels>
			<maxLodPixels>-1</maxLodPixels>
		</Lod>
	</Region>
			<MultiGeometry>
				<Polygon><altitudeMode>relativeToGround</altitudeMode>
					<outerBoundaryIs>
						<LinearRing>
							<coordinates>								4.60771566136218,45.9038116063741,0 4.60773029961143,45.9038092366402,0 4.60782124509419,45.9037956944388,0 4.60782265838537,45.9037954942097,0 4.60794294827156,45.90339036966451,0 4.60782666849532,45.90338454728829,0 4.6078259525261,45.9033865389621,0 4.60781179885458,45.9034276310315,0 4.60771566136218,45.9038116063741,0 
							</coordinates>
						</LinearRing>
					</outerBoundaryIs>
				</Polygon>
			</MultiGeometry>
		</Placemark>
		<Placemark id="personne_morale.78531">
<styleUrl>#personne_morale</styleUrl>			<visibility>0</visibility>
			<ExtendedData>
				<SchemaData schemaUrl="#personne_morale">
					<SimpleData name="Numero de Parcelle">69056000AI0005</SimpleData>
					<SimpleData name="Departement">69</SimpleData>
					<SimpleData name="Commune">CHESSY</SimpleData>
					<SimpleData name="Adresse">LES SAILLANTS</SimpleData>
					<SimpleData name="Groupe de personne">Personnes morales non remarquables</SimpleData>
					<SimpleData name="Forme Juridique Abregee">AUPM</SimpleData>
					<SimpleData name="Denomination">BUREAU DE RECHERCHES GEOLOGIQUES ET MINIERES</SimpleData>
				</SchemaData>
			</ExtendedData>
	<Region>
		<LatLonAltBox>
			<north> 45.8882430279792 </north>
			<south> 45.8872995487158 </south>
			<east> 4.61368775755421 </east>
			<west> 4.61346270653216 </west>
		</LatLonAltBox>
		<Lod>
			<minLodPixels>100</minLodPixels>
			<maxLodPixels>-1</maxLodPixels>
		</Lod>
	</Region>
			<MultiGeometry>
				<Polygon><altitudeMode>relativeToGround</altitudeMode>
					<outerBoundaryIs>
						<LinearRing>
							<coordinates>								4.61355545769359,45.88761787130711,0 4.6134875878655,45.8872995487158,0 4.61346270653216,45.8873043171459,0 4.61355807851948,45.88775149488529,0 4.61366313365849,45.8882430279792,0 4.61368775755421,45.8882382631852,0 4.61355545769359,45.88761787130711,0 
							</coordinates>
						</LinearRing>
					</outerBoundaryIs>
				</Polygon>
			</MultiGeometry>
		</Placemark>
		<Placemark id="personne_morale.78809">
<styleUrl>#personne_morale</styleUrl>			<visibility>0</visibility>
			<ExtendedData>
				<SchemaData schemaUrl="#personne_morale">
					<SimpleData name="Numero de Parcelle">69056000AL0050</SimpleData>
					<SimpleData name="Departement">69</SimpleData>
					<SimpleData name="Commune">CHESSY</SimpleData>
					<SimpleData name="Adresse">LES MINES</SimpleData>
					<SimpleData name="Groupe de personne">Personnes morales non remarquables</SimpleData>
					<SimpleData name="Forme Juridique Abregee">SCI</SimpleData>
					<SimpleData name="Denomination">SCI DE CHESSY</SimpleData>
				</SchemaData>
			</ExtendedData>
	<Region>
		<LatLonAltBox>
			<north> 45.8902529886315 </north>
			<south> 45.889304157244 </south>
			<east> 4.60621002866093 </east>
			<west> 4.60517054078464 </west>
		</LatLonAltBox>
		<Lod>
			<minLodPixels>100</minLodPixels>
			<maxLodPixels>-1</maxLodPixels>
		</Lod>
	</Region>
			<MultiGeometry>
				<Polygon><altitudeMode>relativeToGround</altitudeMode>
					<outerBoundaryIs>
						<LinearRing>
							<coordinates>								4.60517054078464,45.8893351252146,0 4.60522198928734,45.8895782985141,0 4.60527413076455,45.8898408265479,0 4.60535578086766,45.8902529886315,0 4.60594897781855,45.8900631675837,0 4.60612220645841,45.8899882022214,0 4.60617416921477,45.8899566608207,0 4.6061992759351,45.88992414991131,0 4.60621002866093,45.8898460884358,0 4.60619936863459,45.889573154068,0 4.60618095274145,45.8894944261643,0 4.6061656224161,45.8894242108723,0 4.60615458960218,45.8893731189853,0 4.60532170423356,45.889304157244,0 4.60531486694545,45.8893439742515,0 4.60517054078464,45.8893351252146,0 
							</coordinates>
						</LinearRing>
					</outerBoundaryIs>
				</Polygon>
			</MultiGeometry>
		</Placemark>
		<Placemark id="personne_morale.79697">
<styleUrl>#personne_morale</styleUrl>			<visibility>0</visibility>
			<ExtendedData>
				<SchemaData schemaUrl="#personne_morale">
					<SimpleData name="Numero de Parcelle">69056000AL0051</SimpleData>
					<SimpleData name="Departement">69</SimpleData>
					<SimpleData name="Commune">CHESSY</SimpleData>
					<SimpleData name="Adresse">82, RUE DE L USINE</SimpleData>
					<SimpleData name="Groupe de personne">Personnes morales non remarquables</SimpleData>
					<SimpleData name="Forme Juridique Abregee">SCI</SimpleData>
					<SimpleData name="Denomination">SCI PARM</SimpleData>
				</SchemaData>
			</ExtendedData>
	<Region>
		<LatLonAltBox>
			<north> 45.8905590849748 </north>
			<south> 45.88926039413061 </south>
			<east> 4.60535578086766 </east>
			<west> 4.60383981880918 </west>
		</LatLonAltBox>
		<Lod>
			<minLodPixels>100</minLodPixels>
			<maxLodPixels>-1</maxLodPixels>
		</Lod>
	</Region>
			<MultiGeometry>
				<Polygon><altitudeMode>relativeToGround</altitudeMode>
					<outerBoundaryIs>
						<LinearRing>
							<coordinates>								4.60517054078464,45.8893351252146,0 4.60512518858569,45.88933234651851,0 4.60511646904333,45.8892853648234,0 4.60497581898189,45.8892743017223,0 4.60484650072718,45.8892670405809,0 4.60467386383539,45.88926039413061,0 4.60460220479624,45.8892666351139,0 4.60458999101885,45.88926797934,0 4.60459177131505,45.8892759701111,0 4.60460614656051,45.8894818413126,0 4.60460442439232,45.8894935745741,0 4.60458591996754,45.8894914954332,0 4.60439377595688,45.8894793610546,0 4.604369485633,45.8894779043912,0 4.6043215999459,45.8894722791522,0 4.60411511394034,45.8894592670004,0 4.60409550791177,45.8894104582056,0 4.60396171286512,45.88943109052491,0 4.60394280864361,45.8893886665649,0 4.60383981880918,45.88940859150799,0 4.60389138362633,45.8897224669242,0 4.60396194658416,45.8901307340944,0 4.60396228039559,45.89013334132579,0 4.60398865566961,45.89030841927569,0 4.60402341435125,45.890541111765,0 4.60402625892226,45.8905590849748,0 4.60436533909255,45.890487803824,0 4.60469318336612,45.89041605064159,0 4.60498947108788,45.8903458252832,0 4.60535578086766,45.8902529886315,0 4.60527413076455,45.8898408265479,0 4.60522198928734,45.8895782985141,0 4.60517054078464,45.8893351252146,0 
							</coordinates>
						</LinearRing>
					</outerBoundaryIs>
				</Polygon>
			</MultiGeometry>
		</Placemark>
		<Placemark id="personne_morale.82045">
<styleUrl>#personne_morale</styleUrl>			<visibility>0</visibility>
			<ExtendedData>
				<SchemaData schemaUrl="#personne_morale">
					<SimpleData name="Numero de Parcelle">69056000AC0054</SimpleData>
					<SimpleData name="Departement">69</SimpleData>
					<SimpleData name="Commune">CHESSY</SimpleData>
					<SimpleData name="Adresse">IMP DES HAUTS DE CHESSY</SimpleData>
					<SimpleData name="Groupe de personne">Personnes morales non remarquables</SimpleData>
					<SimpleData name="Forme Juridique Abregee">SA</SimpleData>
					<SimpleData name="Denomination">FORNAS PROMOTION</SimpleData>
				</SchemaData>
			</ExtendedData>
	<Region>
		<LatLonAltBox>
			<north> 45.8928800262489 </north>
			<south> 45.8923585153076 </south>
			<east> 4.62664856211084 </east>
			<west> 4.62607377334932 </west>
		</LatLonAltBox>
		<Lod>
			<minLodPixels>100</minLodPixels>
			<maxLodPixels>-1</maxLodPixels>
		</Lod>
	</Region>
			<MultiGeometry>
				<Polygon><altitudeMode>relativeToGround</altitudeMode>
					<outerBoundaryIs>
						<LinearRing>
							<coordinates>								4.62636296373446,45.89279729379519,0 4.62628009257239,45.8926946369879,0 4.62627634437681,45.8926900073456,0 4.62627162460791,45.8926830499006,0 4.62626753887648,45.89267572306229,0 4.62626436894808,45.8926688333934,0 4.62626184899129,45.8926621145124,0 4.62626025014836,45.8926560128611,0 4.62625925612834,45.8926485514852,0 4.6262582860105,45.89264190038071,0 4.62625834469144,45.89263514441029,0 4.62625881141382,45.8926291031178,0 4.62625942831402,45.892623780212,0 4.62626066862668,45.8926177277926,0 4.62626278755921,45.8926108521206,0 4.62626615597167,45.89260260745149,0 4.62627080573268,45.89259407414719,0 4.62627450105686,45.8925881665529,0 4.62627872007431,45.892582521631,0 4.62628395726506,45.8925764117222,0 4.62629047314772,45.89256992314759,0 4.62629688665551,45.8925643367287,0 4.62630458151056,45.8925584616738,0 4.62631343674831,45.8925525699276,0 4.62632434957767,45.8925464684478,0 4.62633720168986,45.892540519209,0 4.62634983046305,45.8925357440699,0 4.62655928886826,45.8924565331687,0 4.62664856211084,45.8924745234778,0 4.62654839982922,45.8923585153076,0 4.62652643490078,45.89241845654401,0 4.6263184494065,45.8924951242857,0 4.62631360047227,45.8924969053307,0 4.62630913567628,45.8924985907817,0 4.62630594957137,45.8924998975668,0 4.62630085339669,45.8925020424409,0 4.6262972858086,45.8925035348496,0 4.62629346832481,45.8925053010577,0 4.62628977977227,45.8925070654111,0 4.62628711204817,45.8925084548078,0 4.62628356039412,45.89251048739699,0 4.62627950098119,45.8925127974944,0 4.62627557315522,45.89251519576741,0 4.62627000374442,45.89251878854049,0 4.62626468688439,45.892522197544,0 4.62626089595593,45.8925248640525,0 4.62625672885555,45.89252789624479,0 4.62625508992618,45.892529180775,0 4.62625332472095,45.8925305571897,0 4.62624738710271,45.892534785736,0 4.62624536934548,45.89253634591991,0 4.62624260190041,45.8925387275016,0 4.62623908211156,45.89254184045131,0 4.6262365725291,45.89254421832399,0 4.62623443911826,45.8925462305128,0 4.62623056971377,45.8925506094476,0 4.62622782085736,45.8925536212402,0 4.62622446452255,45.89255790272689,0 4.62622322566491,45.8925596318441,0 4.62622186053128,45.8925614528458,0 4.6262207506051,45.8925631801085,0 4.62621914619796,45.8925656350301,0 4.62621791265138,45.8925675442075,0 4.62621695555787,45.89257007988711,0 4.62607377334932,45.8926223072469,0 4.6261891733926,45.8927695305263,0 4.62617906038672,45.8927852578021,0 4.62622758751784,45.8928474275568,0 4.62625305666377,45.8928800262489,0 4.6263036957042,45.8928607438065,0 4.62634833597893,45.8928436191996,0 4.62638774843624,45.8928285512776,0 4.62636296373446,45.89279729379519,0 
							</coordinates>
						</LinearRing>
					</outerBoundaryIs>
				</Polygon>
			</MultiGeometry>
		</Placemark>
		<Placemark id="personne_morale.82834">
<styleUrl>#personne_morale</styleUrl>			<visibility>0</visibility>
			<ExtendedData>
				<SchemaData schemaUrl="#personne_morale">
					<SimpleData name="Numero de Parcelle">69056000AB0055</SimpleData>
					<SimpleData name="Departement">69</SimpleData>
					<SimpleData name="Commune">CHESSY</SimpleData>
					<SimpleData name="Adresse">LES BRUYERES</SimpleData>
					<SimpleData name="Groupe de personne">Personnes morales non remarquables</SimpleData>
					<SimpleData name="Forme Juridique Abregee">GFA</SimpleData>
					<SimpleData name="Denomination">LE FOUR A CHAUX</SimpleData>
				</SchemaData>
			</ExtendedData>
	<Region>
		<LatLonAltBox>
			<north> 45.8967893652597 </north>
			<south> 45.8959154473871 </south>
			<east> 4.63037157511952 </east>
			<west> 4.62897624265347 </west>
		</LatLonAltBox>
		<Lod>
			<minLodPixels>100</minLodPixels>
			<maxLodPixels>-1</maxLodPixels>
		</Lod>
	</Region>
			<MultiGeometry>
				<Polygon><altitudeMode>relativeToGround</altitudeMode>
					<outerBoundaryIs>
						<LinearRing>
							<coordinates>								4.62917931436832,45.8959154473871,0 4.6290876922075,45.8960015218522,0 4.62897624265347,45.89610634590879,0 4.62912280541455,45.8961944829277,0 4.63011159921181,45.8967893652597,0 4.63037157511952,45.8966296185111,0 4.62917931436832,45.8959154473871,0 
							</coordinates>
						</LinearRing>
					</outerBoundaryIs>
				</Polygon>
			</MultiGeometry>
		</Placemark>
		<Placemark id="personne_morale.82884">
<styleUrl>#personne_morale</styleUrl>			<visibility>0</visibility>
			<ExtendedData>
				<SchemaData schemaUrl="#personne_morale">
					<SimpleData name="Numero de Parcelle">69056000AI0055</SimpleData>
					<SimpleData name="Departement">69</SimpleData>
					<SimpleData name="Commune">CHESSY</SimpleData>
					<SimpleData name="Adresse">19, IMP GAUVRY</SimpleData>
					<SimpleData name="Groupe de personne">Personnes morales non remarquables</SimpleData>
					<SimpleData name="Forme Juridique Abregee">SCI</SimpleData>
					<SimpleData name="Denomination">SCI GOBELAN</SimpleData>
				</SchemaData>
			</ExtendedData>
	<Region>
		<LatLonAltBox>
			<north> 45.883432312849 </north>
			<south> 45.88289097304689 </south>
			<east> 4.61881280276826 </east>
			<west> 4.61832253891245 </west>
		</LatLonAltBox>
		<Lod>
			<minLodPixels>100</minLodPixels>
			<maxLodPixels>-1</maxLodPixels>
		</Lod>
	</Region>
			<MultiGeometry>
				<Polygon><altitudeMode>relativeToGround</altitudeMode>
					<outerBoundaryIs>
						<LinearRing>
							<coordinates>								4.618592047064,45.88289097304689,0 4.61832253891245,45.8829489625012,0 4.61839786279532,45.88312063489,0 4.61852182197389,45.8834026649602,0 4.61860252139453,45.883432312849,0 4.61881280276826,45.8833863393413,0 4.61867805303528,45.8830838384678,0 4.618592047064,45.88289097304689,0 
							</coordinates>
						</LinearRing>
					</outerBoundaryIs>
				</Polygon>
			</MultiGeometry>
		</Placemark>
		<Placemark id="personne_morale.82903">
<styleUrl>#personne_morale</styleUrl>			<visibility>0</visibility>
			<ExtendedData>
				<SchemaData schemaUrl="#personne_morale">
					<SimpleData name="Numero de Parcelle">69056000AL0055</SimpleData>
					<SimpleData name="Departement">69</SimpleData>
					<SimpleData name="Commune">CHESSY</SimpleData>
					<SimpleData name="Adresse">LES MINES</SimpleData>
					<SimpleData name="Groupe de personne">Personnes morales non remarquables</SimpleData>
					<SimpleData name="Forme Juridique Abregee">SCI</SimpleData>
					<SimpleData name="Denomination">SCI PARM</SimpleData>
				</SchemaData>
			</ExtendedData>
	<Region>
		<LatLonAltBox>
			<north> 45.89014334662541 </north>
			<south> 45.8897224669242 </south>
			<east> 4.60396228039559 </east>
			<west> 4.60376498163637 </west>
		</LatLonAltBox>
		<Lod>
			<minLodPixels>100</minLodPixels>
			<maxLodPixels>-1</maxLodPixels>
		</Lod>
	</Region>
			<MultiGeometry>
				<Polygon><altitudeMode>relativeToGround</altitudeMode>
					<outerBoundaryIs>
						<LinearRing>
							<coordinates>								4.60389138362633,45.8897224669242,0 4.60376498163637,45.88974011194931,0 4.60383475238122,45.89014334662541,0 4.60396228039559,45.89013334132579,0 4.60396194658416,45.8901307340944,0 4.60389138362633,45.8897224669242,0 
							</coordinates>
						</LinearRing>
					</outerBoundaryIs>
				</Polygon>
			</MultiGeometry>
		</Placemark>
		<Placemark id="personne_morale.85846">
<styleUrl>#personne_morale</styleUrl>			<visibility>0</visibility>
			<ExtendedData>
				<SchemaData schemaUrl="#personne_morale">
					<SimpleData name="Numero de Parcelle">69056000AL0059</SimpleData>
					<SimpleData name="Departement">69</SimpleData>
					<SimpleData name="Commune">CHESSY</SimpleData>
					<SimpleData name="Adresse">LES MINES</SimpleData>
					<SimpleData name="Groupe de personne">Personnes morales non remarquables</SimpleData>
					<SimpleData name="Forme Juridique Abregee">SCI</SimpleData>
					<SimpleData name="Denomination">SCI PARM</SimpleData>
				</SchemaData>
			</ExtendedData>
	<Region>
		<LatLonAltBox>
			<north> 45.89062885122659 </north>
			<south> 45.8905135065355 </south>
			<east> 4.60402625892226 </east>
			<west> 4.60350093053429 </west>
		</LatLonAltBox>
		<Lod>
			<minLodPixels>100</minLodPixels>
			<maxLodPixels>-1</maxLodPixels>
		</Lod>
	</Region>
			<MultiGeometry>
				<Polygon><altitudeMode>relativeToGround</altitudeMode>
					<outerBoundaryIs>
						<LinearRing>
							<coordinates>								4.60402341435125,45.890541111765,0 4.60352902627461,45.8905143491937,0 4.60351223426579,45.8905135065355,0 4.60350093053429,45.8905151079364,0 4.60353033075212,45.8906124145471,0 4.60355260661232,45.89062885122659,0 4.60402625892226,45.8905590849748,0 4.60402341435125,45.890541111765,0 
							</coordinates>
						</LinearRing>
					</outerBoundaryIs>
				</Polygon>
			</MultiGeometry>
		</Placemark>
		<Placemark id="personne_morale.86414">
<styleUrl>#personne_morale</styleUrl>			<visibility>0</visibility>
			<ExtendedData>
				<SchemaData schemaUrl="#personne_morale">
					<SimpleData name="Numero de Parcelle">69056000AA0006</SimpleData>
					<SimpleData name="Departement">69</SimpleData>
					<SimpleData name="Commune">CHESSY</SimpleData>
					<SimpleData name="Adresse">A LA TAVERNE</SimpleData>
					<SimpleData name="Groupe de personne">Personnes morales non remarquables</SimpleData>
					<SimpleData name="Forme Juridique Abregee">GFA</SimpleData>
					<SimpleData name="Denomination">GFA MARIUS ET MICHELLE RIVIERE</SimpleData>
				</SchemaData>
			</ExtendedData>
	<Region>
		<LatLonAltBox>
			<north> 45.90339036966451 </north>
			<south> 45.9015366940518 </south>
			<east> 4.60848714931156 </east>
			<west> 4.60782666849532 </west>
		</LatLonAltBox>
		<Lod>
			<minLodPixels>100</minLodPixels>
			<maxLodPixels>-1</maxLodPixels>
		</Lod>
	</Region>
			<MultiGeometry>
				<Polygon><altitudeMode>relativeToGround</altitudeMode>
					<outerBoundaryIs>
						<LinearRing>
							<coordinates>								4.60848714931156,45.901543533234,0 4.60839174277651,45.9015366940518,0 4.60831222593214,45.9015394462093,0 4.60822890854919,45.9018364142527,0 4.60820825888689,45.9019068708433,0 4.60817771687821,45.9020185390885,0 4.60813886612484,45.90218148406791,0 4.60810180364186,45.90231729315239,0 4.60804752494014,45.9025749387467,0 4.60800420540301,45.90277046173879,0 4.60795582054,45.9029471424665,0 4.60793146394443,45.9030718726008,0 4.60789669087136,45.9031933282501,0 4.60785139566425,45.9033167348464,0 4.60782666849532,45.90338454728829,0 4.60794294827156,45.90339036966451,0 4.60810410244003,45.90284713014271,0 4.60820218032074,45.9025121237765,0 4.60831613176933,45.9021242918767,0 4.60848714931156,45.901543533234,0 
							</coordinates>
						</LinearRing>
					</outerBoundaryIs>
				</Polygon>
			</MultiGeometry>
		</Placemark>
		<Placemark id="personne_morale.86705">
<styleUrl>#personne_morale</styleUrl>			<visibility>0</visibility>
			<ExtendedData>
				<SchemaData schemaUrl="#personne_morale">
					<SimpleData name="Numero de Parcelle">69056000AB0060</SimpleData>
					<SimpleData name="Departement">69</SimpleData>
					<SimpleData name="Commune">CHESSY</SimpleData>
					<SimpleData name="Adresse">LES BRUYERES</SimpleData>
					<SimpleData name="Groupe de personne">Personnes morales non remarquables</SimpleData>
					<SimpleData name="Forme Juridique Abregee">GFA</SimpleData>
					<SimpleData name="Denomination">LE FOUR A CHAUX</SimpleData>
				</SchemaData>
			</ExtendedData>
	<Region>
		<LatLonAltBox>
			<north> 45.89571154276649 </north>
			<south> 45.8947490063568 </south>
			<east> 4.63100386354339 </east>
			<west> 4.62926374445806 </west>
		</LatLonAltBox>
		<Lod>
			<minLodPixels>100</minLodPixels>
			<maxLodPixels>-1</maxLodPixels>
		</Lod>
	</Region>
			<MultiGeometry>
				<Polygon><altitudeMode>relativeToGround</altitudeMode>
					<outerBoundaryIs>
						<LinearRing>
							<coordinates>								4.62948919235489,45.8956242042703,0 4.62954518713339,45.895650778114,0 4.62967236530855,45.89571154276649,0 4.63100386354339,45.8949493696722,0 4.63094796683596,45.89491739102869,0 4.63088717858172,45.89488575311789,0 4.63085233271141,45.894867701614,0 4.63069118001422,45.8947877933581,0 4.63060773605487,45.8947490063568,0 4.62926374445806,45.8954987452155,0 4.62948919235489,45.8956242042703,0 
							</coordinates>
						</LinearRing>
					</outerBoundaryIs>
				</Polygon>
			</MultiGeometry>
		</Placemark>
		<Placemark id="personne_morale.88094">
<styleUrl>#personne_morale</styleUrl>			<visibility>0</visibility>
			<ExtendedData>
				<SchemaData schemaUrl="#personne_morale">
					<SimpleData name="Numero de Parcelle">69056000AL0062</SimpleData>
					<SimpleData name="Departement">69</SimpleData>
					<SimpleData name="Commune">CHESSY</SimpleData>
					<SimpleData name="Adresse">LES MINES</SimpleData>
					<SimpleData name="Groupe de personne">Personnes morales non remarquables</SimpleData>
					<SimpleData name="Forme Juridique Abregee">GFA</SimpleData>
					<SimpleData name="Denomination">GFA DU DOMAINE DUPEUBLE</SimpleData>
				</SchemaData>
			</ExtendedData>
	<Region>
		<LatLonAltBox>
			<north> 45.8914800782605 </north>
			<south> 45.8910824405262 </south>
			<east> 4.60415968161446 </east>
			<west> 4.60365002098564 </west>
		</LatLonAltBox>
		<Lod>
			<minLodPixels>100</minLodPixels>
			<maxLodPixels>-1</maxLodPixels>
		</Lod>
	</Region>
			<MultiGeometry>
				<Polygon><altitudeMode>relativeToGround</altitudeMode>
					<outerBoundaryIs>
						<LinearRing>
							<coordinates>								4.60365002098564,45.8911222121087,0 4.60377333007321,45.89142822482521,0 4.60379418594967,45.8914800782605,0 4.60391751941519,45.8914765273701,0 4.60415968161446,45.8914697593019,0 4.60409810881945,45.8910824405262,0 4.60365002098564,45.8911222121087,0 
							</coordinates>
						</LinearRing>
					</outerBoundaryIs>
				</Polygon>
			</MultiGeometry>
		</Placemark>
		<Placemark id="personne_morale.88635">
<styleUrl>#personne_morale</styleUrl>			<visibility>0</visibility>
			<ExtendedData>
				<SchemaData schemaUrl="#personne_morale">
					<SimpleData name="Numero de Parcelle">69056000AB0063</SimpleData>
					<SimpleData name="Departement">69</SimpleData>
					<SimpleData name="Commune">CHESSY</SimpleData>
					<SimpleData name="Adresse">LES GRANDES TERRES</SimpleData>
					<SimpleData name="Groupe de personne">Personnes morales non remarquables</SimpleData>
					<SimpleData name="Forme Juridique Abregee">GFA</SimpleData>
					<SimpleData name="Denomination">LE FOUR A CHAUX</SimpleData>
				</SchemaData>
			</ExtendedData>
	<Region>
		<LatLonAltBox>
			<north> 45.8944047083676 </north>
			<south> 45.8943259950377 </south>
			<east> 4.63159813382407 </east>
			<west> 4.63153198525418 </west>
		</LatLonAltBox>
		<Lod>
			<minLodPixels>100</minLodPixels>
			<maxLodPixels>-1</maxLodPixels>
		</Lod>
	</Region>
			<MultiGeometry>
				<Polygon><altitudeMode>relativeToGround</altitudeMode>
					<outerBoundaryIs>
						<LinearRing>
							<coordinates>								4.63159813382407,45.8944047083676,0 4.63157271486667,45.8943259950377,0 4.63153198525418,45.8943575663094,0 4.63159813382407,45.8944047083676,0 
							</coordinates>
						</LinearRing>
					</outerBoundaryIs>
				</Polygon>
			</MultiGeometry>
		</Placemark>
		<Placemark id="personne_morale.88688">
<styleUrl>#personne_morale</styleUrl>			<visibility>0</visibility>
			<ExtendedData>
				<SchemaData schemaUrl="#personne_morale">
					<SimpleData name="Numero de Parcelle">69056000AL0063</SimpleData>
					<SimpleData name="Departement">69</SimpleData>
					<SimpleData name="Commune">CHESSY</SimpleData>
					<SimpleData name="Adresse">LES MINES</SimpleData>
					<SimpleData name="Groupe de personne">Personnes morales non remarquables</SimpleData>
					<SimpleData name="Forme Juridique Abregee">SCI</SimpleData>
					<SimpleData name="Denomination">SCI PARM</SimpleData>
				</SchemaData>
			</ExtendedData>
	<Region>
		<LatLonAltBox>
			<north> 45.891628740086 </north>
			<south> 45.8904601193222 </south>
			<east> 4.60553853961132 </east>
			<west> 4.60355037768545 </west>
		</LatLonAltBox>
		<Lod>
			<minLodPixels>100</minLodPixels>
			<maxLodPixels>-1</maxLodPixels>
		</Lod>
	</Region>
			<MultiGeometry>
				<Polygon><altitudeMode>relativeToGround</altitudeMode>
					<outerBoundaryIs>
						<LinearRing>
							<coordinates>								4.60538928504203,45.8904601193222,0 4.60505289025542,45.89053055483161,0 4.60473332177411,45.89059417555439,0 4.60442127862749,45.8906504831477,0 4.60406175617168,45.8907196226467,0 4.60360882208656,45.89079666087281,0 4.60355037768545,45.89087593886791,0 4.60363584105512,45.8910870165772,0 4.60365002098564,45.8911222121087,0 4.60409810881945,45.8910824405262,0 4.60415968161446,45.8914697593019,0 4.60391751941519,45.8914765273701,0 4.60389933600685,45.8916273787265,0 4.60479323793224,45.8915226451868,0 4.60479993774877,45.891628740086,0 4.60553853961132,45.89151062307161,0 4.60538928504203,45.8904601193222,0 
							</coordinates>
						</LinearRing>
					</outerBoundaryIs>
				</Polygon>
			</MultiGeometry>
		</Placemark>
		<Placemark id="personne_morale.89297">
<styleUrl>#personne_morale</styleUrl>			<visibility>0</visibility>
			<ExtendedData>
				<SchemaData schemaUrl="#personne_morale">
					<SimpleData name="Numero de Parcelle">69056000AL0064</SimpleData>
					<SimpleData name="Departement">69</SimpleData>
					<SimpleData name="Commune">CHESSY</SimpleData>
					<SimpleData name="Adresse">LES MINES</SimpleData>
					<SimpleData name="Groupe de personne">Personnes morales non remarquables</SimpleData>
					<SimpleData name="Forme Juridique Abregee">SCI</SimpleData>
					<SimpleData name="Denomination">SCI PARM</SimpleData>
				</SchemaData>
			</ExtendedData>
	<Region>
		<LatLonAltBox>
			<north> 45.89151062307161 </north>
			<south> 45.8901526149597 </south>
			<east> 4.60700575131915 </east>
			<west> 4.60538928504203 </west>
		</LatLonAltBox>
		<Lod>
			<minLodPixels>100</minLodPixels>
			<maxLodPixels>-1</maxLodPixels>
		</Lod>
	</Region>
			<MultiGeometry>
				<Polygon><altitudeMode>relativeToGround</altitudeMode>
					<outerBoundaryIs>
						<LinearRing>
							<coordinates>								4.60553853961132,45.89151062307161,0 4.60611062442335,45.8914235983999,0 4.60639981180893,45.891379589946,0 4.60652822711569,45.8913601120515,0 4.60683505616439,45.8913151312588,0 4.60682511761203,45.89128834220211,0 4.60681060895326,45.89129061995569,0 4.60652075372489,45.8913382416762,0 4.60650309495933,45.8912855326699,0 4.60648105640554,45.89121973598089,0 4.60646652803268,45.89114608674131,0 4.60677629959627,45.8911091703934,0 4.60684697431389,45.89110005987911,0 4.60690955681491,45.890839864965,0 4.60694881928178,45.8907398719777,0 4.60700575131915,45.8906221546578,0 4.60692815271872,45.8905884013012,0 4.6067606456924,45.890474684407,0 4.60674043702341,45.8904583991054,0 4.60670973088297,45.8904315449003,0 4.6066387608247,45.8903641018305,0 4.6065852687934,45.890307758914,0 4.60653654978918,45.8902514382198,0 4.60652590884544,45.8902270909556,0 4.60651251740334,45.8901526149597,0 4.60622436009915,45.89025389233181,0 4.60584218981802,45.8903601069992,0 4.60538928504203,45.8904601193222,0 4.60553853961132,45.89151062307161,0 
							</coordinates>
						</LinearRing>
					</outerBoundaryIs>
				</Polygon>
			</MultiGeometry>
		</Placemark>
		<Placemark id="personne_morale.89906">
<styleUrl>#personne_morale</styleUrl>			<visibility>0</visibility>
			<ExtendedData>
				<SchemaData schemaUrl="#personne_morale">
					<SimpleData name="Numero de Parcelle">69056000AL0065</SimpleData>
					<SimpleData name="Departement">69</SimpleData>
					<SimpleData name="Commune">CHESSY</SimpleData>
					<SimpleData name="Adresse">81, IMP DE L ETANG</SimpleData>
					<SimpleData name="Groupe de personne">Personnes morales non remarquables</SimpleData>
					<SimpleData name="Forme Juridique Abregee">SCI</SimpleData>
					<SimpleData name="Denomination">SCI PARM</SimpleData>
				</SchemaData>
			</ExtendedData>
	<Region>
		<LatLonAltBox>
			<north> 45.8913382416762 </north>
			<south> 45.8911091703934 </south>
			<east> 4.60682511761203 </east>
			<west> 4.60646652803268 </west>
		</LatLonAltBox>
		<Lod>
			<minLodPixels>100</minLodPixels>
			<maxLodPixels>-1</maxLodPixels>
		</Lod>
	</Region>
			<MultiGeometry>
				<Polygon><altitudeMode>relativeToGround</altitudeMode>
					<outerBoundaryIs>
						<LinearRing>
							<coordinates>								4.60682511761203,45.89128834220211,0 4.60680591929333,45.8912359253226,0 4.60679397873532,45.8912378063059,0 4.60676612442711,45.8912424353436,0 4.60677629959627,45.8911091703934,0 4.60646652803268,45.89114608674131,0 4.60648105640554,45.89121973598089,0 4.60650309495933,45.8912855326699,0 4.60652075372489,45.8913382416762,0 4.60681060895326,45.89129061995569,0 4.60682511761203,45.89128834220211,0 
							</coordinates>
						</LinearRing>
					</outerBoundaryIs>
				</Polygon>
			</MultiGeometry>
		</Placemark>
		<Placemark id="personne_morale.90498">
<styleUrl>#personne_morale</styleUrl>			<visibility>0</visibility>
			<ExtendedData>
				<SchemaData schemaUrl="#personne_morale">
					<SimpleData name="Numero de Parcelle">69056000AL0066</SimpleData>
					<SimpleData name="Departement">69</SimpleData>
					<SimpleData name="Commune">CHESSY</SimpleData>
					<SimpleData name="Adresse">LES MINES</SimpleData>
					<SimpleData name="Groupe de personne">Personnes morales non remarquables</SimpleData>
					<SimpleData name="Forme Juridique Abregee">SCI</SimpleData>
					<SimpleData name="Denomination">SCI PARM</SimpleData>
				</SchemaData>
			</ExtendedData>
	<Region>
		<LatLonAltBox>
			<north> 45.8913151312588 </north>
			<south> 45.8906221546578 </south>
			<east> 4.60807511471268 </east>
			<west> 4.60676612442711 </west>
		</LatLonAltBox>
		<Lod>
			<minLodPixels>100</minLodPixels>
			<maxLodPixels>-1</maxLodPixels>
		</Lod>
	</Region>
			<MultiGeometry>
				<Polygon><altitudeMode>relativeToGround</altitudeMode>
					<outerBoundaryIs>
						<LinearRing>
							<coordinates>								4.60683505616439,45.8913151312588,0 4.60709995909082,45.8912699349672,0 4.60807511471268,45.89110349468649,0 4.60795565130103,45.8910008950763,0 4.60795950340351,45.8910002998849,0 4.60792416517743,45.8909782854731,0 4.60788287553409,45.8909512218154,0 4.60785913775803,45.8909377789999,0 4.60783897295684,45.8909274377463,0 4.60779656739562,45.8909063344101,0 4.60772098350625,45.89087093171231,0 4.60765433485123,45.8908411662607,0 4.60758561816742,45.8908112500395,0 4.60750262759242,45.8907783843454,0 4.60742684627814,45.8907494691527,0 4.60735876628541,45.8907236868688,0 4.60731938908547,45.8907091152627,0 4.60727028457217,45.8906927004313,0 4.60723931102799,45.8906832332714,0 4.60718013181971,45.89066633114291,0 4.60713533186743,45.8906515663547,0 4.6070653966106,45.89063292563389,0 4.60700575131915,45.8906221546578,0 4.60694881928178,45.8907398719777,0 4.60690955681491,45.890839864965,0 4.60684697431389,45.89110005987911,0 4.60677629959627,45.8911091703934,0 4.60676612442711,45.8912424353436,0 4.60679397873532,45.8912378063059,0 4.60680591929333,45.8912359253226,0 4.60682511761203,45.89128834220211,0 4.60683505616439,45.8913151312588,0 
							</coordinates>
						</LinearRing>
					</outerBoundaryIs>
				</Polygon>
			</MultiGeometry>
		</Placemark>
		<Placemark id="personne_morale.91059">
<styleUrl>#personne_morale</styleUrl>			<visibility>0</visibility>
			<ExtendedData>
				<SchemaData schemaUrl="#personne_morale">
					<SimpleData name="Numero de Parcelle">69056000AL0067</SimpleData>
					<SimpleData name="Departement">69</SimpleData>
					<SimpleData name="Commune">CHESSY</SimpleData>
					<SimpleData name="Adresse">LES MINES</SimpleData>
					<SimpleData name="Groupe de personne">Personnes morales non remarquables</SimpleData>
					<SimpleData name="Forme Juridique Abregee">SCI</SimpleData>
					<SimpleData name="Denomination">SCI PARM</SimpleData>
				</SchemaData>
			</ExtendedData>
	<Region>
		<LatLonAltBox>
			<north> 45.8915395030728 </north>
			<south> 45.89110349468649 </south>
			<east> 4.60815812033354 </east>
			<west> 4.60709995909082 </west>
		</LatLonAltBox>
		<Lod>
			<minLodPixels>100</minLodPixels>
			<maxLodPixels>-1</maxLodPixels>
		</Lod>
	</Region>
			<MultiGeometry>
				<Polygon><altitudeMode>relativeToGround</altitudeMode>
					<outerBoundaryIs>
						<LinearRing>
							<coordinates>								4.60709995909082,45.8912699349672,0 4.60710665627793,45.8915395030728,0 4.60813035026602,45.8914494705839,0 4.60814754266002,45.8914021205256,0 4.60815696512057,45.89135371009711,0 4.60815812033354,45.89130487684951,0 4.60815115300683,45.89125615913279,0 4.60813622097822,45.8912085454479,0 4.60811346370066,45.8911623940802,0 4.60807511471268,45.89110349468649,0 4.60709995909082,45.8912699349672,0 
							</coordinates>
						</LinearRing>
					</outerBoundaryIs>
				</Polygon>
			</MultiGeometry>
		</Placemark>
		<Placemark id="personne_morale.91637">
<styleUrl>#personne_morale</styleUrl>			<visibility>0</visibility>
			<ExtendedData>
				<SchemaData schemaUrl="#personne_morale">
					<SimpleData name="Numero de Parcelle">69056000AL0068</SimpleData>
					<SimpleData name="Departement">69</SimpleData>
					<SimpleData name="Commune">CHESSY</SimpleData>
					<SimpleData name="Adresse">LES MINES</SimpleData>
					<SimpleData name="Groupe de personne">Personnes morales non remarquables</SimpleData>
					<SimpleData name="Forme Juridique Abregee">SCI</SimpleData>
					<SimpleData name="Denomination">SCI PARM</SimpleData>
				</SchemaData>
			</ExtendedData>
	<Region>
		<LatLonAltBox>
			<north> 45.89167590859289 </north>
			<south> 45.8914494705839 </south>
			<east> 4.60813035026602 </east>
			<west> 4.60710665627793 </west>
		</LatLonAltBox>
		<Lod>
			<minLodPixels>100</minLodPixels>
			<maxLodPixels>-1</maxLodPixels>
		</Lod>
	</Region>
			<MultiGeometry>
				<Polygon><altitudeMode>relativeToGround</altitudeMode>
					<outerBoundaryIs>
						<LinearRing>
							<coordinates>								4.60813035026602,45.8914494705839,0 4.60710665627793,45.8915395030728,0 4.60710998767117,45.89167590859289,0 4.60806966589336,45.8915976848203,0 4.60810472074928,45.8915215291843,0 4.60813035026602,45.8914494705839,0 
							</coordinates>
						</LinearRing>
					</outerBoundaryIs>
				</Polygon>
			</MultiGeometry>
		</Placemark>
		<Placemark id="personne_morale.92169">
<styleUrl>#personne_morale</styleUrl>			<visibility>0</visibility>
			<ExtendedData>
				<SchemaData schemaUrl="#personne_morale">
					<SimpleData name="Numero de Parcelle">69056000AL0069</SimpleData>
					<SimpleData name="Departement">69</SimpleData>
					<SimpleData name="Commune">CHESSY</SimpleData>
					<SimpleData name="Adresse">LES MINES</SimpleData>
					<SimpleData name="Groupe de personne">Personnes morales non remarquables</SimpleData>
					<SimpleData name="Forme Juridique Abregee">SCI</SimpleData>
					<SimpleData name="Denomination">SCI PARM</SimpleData>
				</SchemaData>
			</ExtendedData>
	<Region>
		<LatLonAltBox>
			<north> 45.8922481886644 </north>
			<south> 45.8915976848203 </south>
			<east> 4.60806966589336 </east>
			<west> 4.60710998767117 </west>
		</LatLonAltBox>
		<Lod>
			<minLodPixels>100</minLodPixels>
			<maxLodPixels>-1</maxLodPixels>
		</Lod>
	</Region>
			<MultiGeometry>
				<Polygon><altitudeMode>relativeToGround</altitudeMode>
					<outerBoundaryIs>
						<LinearRing>
							<coordinates>								4.60711163577427,45.8918032411817,0 4.60711712533605,45.8922481886644,0 4.60722490928586,45.8921049797499,0 4.60728022004744,45.8920776234589,0 4.60732635995697,45.89206309708801,0 4.60737510702656,45.8920539377082,0 4.60756595474939,45.8920389751466,0 4.60768938139713,45.8920341578808,0 4.60783905978362,45.892031669208,0 4.60806966589336,45.8915976848203,0 4.60710998767117,45.89167590859289,0 4.60711163577427,45.8918032411817,0 
							</coordinates>
						</LinearRing>
					</outerBoundaryIs>
				</Polygon>
			</MultiGeometry>
		</Placemark>
		<Placemark id="personne_morale.93570">
<styleUrl>#personne_morale</styleUrl>			<visibility>0</visibility>
			<ExtendedData>
				<SchemaData schemaUrl="#personne_morale">
					<SimpleData name="Numero de Parcelle">69056000AK0071</SimpleData>
					<SimpleData name="Departement">69</SimpleData>
					<SimpleData name="Commune">CHESSY</SimpleData>
					<SimpleData name="Adresse">LES ECUBLISES</SimpleData>
					<SimpleData name="Groupe de personne">Personnes morales non remarquables</SimpleData>
					<SimpleData name="Forme Juridique Abregee">AUPM</SimpleData>
					<SimpleData name="Denomination">ASSOCIATION SYNDICALE DU LOTISSEMENT LES ECUBLISES II</SimpleData>
				</SchemaData>
			</ExtendedData>
	<Region>
		<LatLonAltBox>
			<north> 45.89146869222009 </north>
			<south> 45.89112711078879 </south>
			<east> 4.6176992802886 </east>
			<west> 4.61700289733471 </west>
		</LatLonAltBox>
		<Lod>
			<minLodPixels>100</minLodPixels>
			<maxLodPixels>-1</maxLodPixels>
		</Lod>
	</Region>
			<MultiGeometry>
				<Polygon><altitudeMode>relativeToGround</altitudeMode>
					<outerBoundaryIs>
						<LinearRing>
							<coordinates>								4.61700289733471,45.8911388267655,0 4.61707363144314,45.8911845604804,0 4.61714587584309,45.8912290115971,0 4.61721963581507,45.89127236017351,0 4.61729490343502,45.8913143361154,0 4.61735865637387,45.8913507123647,0 4.61742522372051,45.89137750109471,0 4.61749375148387,45.891405162422,0 4.61756543122673,45.8914303467745,0 4.61763882887147,45.8914525342551,0 4.6176992802886,45.89146869222009,0 4.61730776895517,45.89130442472289,0 4.61702228805206,45.89112711078879,0 4.61700289733471,45.8911388267655,0 
							</coordinates>
						</LinearRing>
					</outerBoundaryIs>
				</Polygon>
			</MultiGeometry>
		</Placemark>
		<Placemark id="personne_morale.94114">
<styleUrl>#personne_morale</styleUrl>			<visibility>0</visibility>
			<ExtendedData>
				<SchemaData schemaUrl="#personne_morale">
					<SimpleData name="Numero de Parcelle">69056000AK0072</SimpleData>
					<SimpleData name="Departement">69</SimpleData>
					<SimpleData name="Commune">CHESSY</SimpleData>
					<SimpleData name="Adresse">LES ECUBLISES</SimpleData>
					<SimpleData name="Groupe de personne">Personnes morales non remarquables</SimpleData>
					<SimpleData name="Forme Juridique Abregee">AUPM</SimpleData>
					<SimpleData name="Denomination">PROP IND PARCELLES AK 72 ET AK 98</SimpleData>
				</SchemaData>
			</ExtendedData>
	<Region>
		<LatLonAltBox>
			<north> 45.8912417566187 </north>
			<south> 45.89098864745661 </south>
			<east> 4.61700289733471 </east>
			<west> 4.61638533927533 </west>
		</LatLonAltBox>
		<Lod>
			<minLodPixels>100</minLodPixels>
			<maxLodPixels>-1</maxLodPixels>
		</Lod>
	</Region>
			<MultiGeometry>
				<Polygon><altitudeMode>relativeToGround</altitudeMode>
					<outerBoundaryIs>
						<LinearRing>
							<coordinates>								4.61700289733471,45.8911388267655,0 4.61686187294432,45.891009704383,0 4.61685935993832,45.8910075786853,0 4.61685619172971,45.8910051020848,0 4.61685001328522,45.8910011373738,0 4.61684529529775,45.8909985928675,0 4.61684019844684,45.8909963239832,0 4.61683393860164,45.8909939816618,0 4.61682639211466,45.89099174780749,0 4.61681925353528,45.8909902286646,0 4.61681251758266,45.8909892441724,0 4.61680385826748,45.89098864745661,0 4.61679663564495,45.89098866067219,0 4.61678839743775,45.890989228819,0 4.61678223000315,45.8909900375578,0 4.61677274475622,45.89099206462599,0 4.61676379898334,45.8909948945922,0 4.61670155520802,45.89101875201541,0 4.61668843927418,45.8910245237853,0 4.61667507076096,45.89103047930139,0 4.61666295720825,45.8910352459859,0 4.61664698900204,45.8910405181262,0 4.61663176532342,45.8910447888691,0 4.61661344472084,45.8910490138229,0 4.61660369632088,45.8910508645031,0 4.61658957755379,45.8910532280113,0 4.61657646645389,45.891054766497,0 4.61655871393009,45.89105637134381,0 4.61654351357546,45.8910570390164,0 4.61652107211028,45.8910570896723,0 4.61651305742971,45.89105648371729,0 4.61650776872458,45.8910564692643,0 4.61648319841151,45.8910542986467,0 4.61647193412418,45.891052838468,0 4.61645793594387,45.8910505166934,0 4.61644340093378,45.8910474820472,0 4.61642910794422,45.8910439035303,0 4.61641349927647,45.89103944314011,0 4.61640229529282,45.8910356403213,0 4.61638533927533,45.8910292176911,0 4.61649756477863,45.8910823746367,0 4.61683411101765,45.8912417566187,0 4.61700289733471,45.8911388267655,0 
							</coordinates>
						</LinearRing>
					</outerBoundaryIs>
				</Polygon>
			</MultiGeometry>
		</Placemark>
		<Placemark id="personne_morale.94623">
<styleUrl>#personne_morale</styleUrl>			<visibility>0</visibility>
			<ExtendedData>
				<SchemaData schemaUrl="#personne_morale">
					<SimpleData name="Numero de Parcelle">69056000AL0073</SimpleData>
					<SimpleData name="Departement">69</SimpleData>
					<SimpleData name="Commune">CHESSY</SimpleData>
					<SimpleData name="Adresse">LES MINES</SimpleData>
					<SimpleData name="Groupe de personne">Personnes morales non remarquables</SimpleData>
					<SimpleData name="Forme Juridique Abregee">AUPM</SimpleData>
					<SimpleData name="Denomination">BUREAU DE RECHERCHES GEOLOGIQUES ET MINIERES</SimpleData>
				</SchemaData>
			</ExtendedData>
	<Region>
		<LatLonAltBox>
			<north> 45.8929668903944 </north>
			<south> 45.892031669208 </south>
			<east> 4.60794235581923 </east>
			<west> 4.60685379007587 </west>
		</LatLonAltBox>
		<Lod>
			<minLodPixels>100</minLodPixels>
			<maxLodPixels>-1</maxLodPixels>
		</Lod>
	</Region>
			<MultiGeometry>
				<Polygon><altitudeMode>relativeToGround</altitudeMode>
					<outerBoundaryIs>
						<LinearRing>
							<coordinates>								4.60685379007587,45.8929668903944,0 4.60700425027098,45.8928229851461,0 4.60701464464957,45.8928122994667,0 4.60701994435705,45.8928082611542,0 4.60722500600238,45.8925817078045,0 4.60722730675344,45.892567714574,0 4.60721180403272,45.8925580274735,0 4.60719713035305,45.892545806685,0 4.6071812624963,45.89252801865919,0 4.60716502655288,45.8925064530115,0 4.60715407125984,45.8924890454925,0 4.60714176399341,45.8924650822326,0 4.6071324090504,45.8924406266675,0 4.60712778719253,45.89242366952909,0 4.60712413117978,45.8924044469645,0 4.60712224839043,45.8923885317075,0 4.60712181863244,45.89236494002521,0 4.60712281433596,45.89235042493961,0 4.60712461512346,45.89233697922541,0 4.6071273210565,45.89232361071309,0 4.60713163223779,45.8923077875501,0 4.60713998294832,45.8922845214,0 4.60714930900275,45.8922725899413,0 4.6071581796919,45.8922627365163,0 4.6071790259153,45.8922433458017,0 4.60719062515256,45.89223417413201,0 4.60720909482254,45.8922217524223,0 4.60722901160135,45.8922103008857,0 4.60724172626493,45.8922039955278,0 4.60726516879851,45.8921940250199,0 4.60728763761765,45.8921860498428,0 4.60732078673392,45.8921772022887,0 4.60734400256445,45.8921727291293,0 4.6073696995853,45.8921693015067,0 4.60738784215367,45.8921677826342,0 4.60741184700489,45.8921682519787,0 4.60744442432468,45.8921707610738,0 4.607477975044,45.8921756881542,0 4.60750510020272,45.8921814271236,0 4.60753384079799,45.8921894848844,0 4.60757622653803,45.8922054547428,0 4.60760344068912,45.8922186680606,0 4.60763114141037,45.8922352970345,0 4.60765288504498,45.8922511100254,0 4.60767565985794,45.8922713216779,0 4.60770035496533,45.8922998823374,0 4.6077157541725,45.8923237115061,0 4.60772577267405,45.89234437473841,0 4.60773238382131,45.89236319499449,0 4.60773712138269,45.8923841134538,0 4.60774119300287,45.892408734167,0 4.60773900763027,45.89243110208579,0 4.60773122857807,45.89244742492509,0 4.60771901594873,45.8924620995159,0 4.60769131280492,45.8924807772196,0 4.60765456047919,45.8925031863013,0 4.60762294207249,45.8925202984352,0 4.60760271751843,45.8925300431264,0 4.60756384999902,45.8925462675659,0 4.60752272235406,45.8925601823594,0 4.60747805051457,45.8925719858962,0 4.60743817045675,45.89258002850691,0 4.60739218069453,45.8925864466713,0 4.60734429662308,45.8925898294373,0 4.6073261276661,45.8925904479969,0 4.6073076693462,45.8925899898521,0 4.60728579841629,45.8925875086542,0 4.60725982034759,45.892581302984,0 4.60725135575687,45.89257854113669,0 4.60723450992482,45.8925847250834,0 4.60705578445303,45.8927810916522,0 4.60709293746108,45.89275471408821,0 4.60714774141182,45.8927232219521,0 4.60720732597922,45.8926964354324,0 4.60727079914303,45.8926747274738,0 4.60737084507385,45.89264214174969,0 4.60794235581923,45.8924908976671,0 4.60790315554571,45.8924426383247,0 4.60789034199913,45.89238805924819,0 4.60783579383954,45.89208332456959,0 4.60783905978362,45.892031669208,0 4.60768938139713,45.8920341578808,0 4.60756595474939,45.8920389751466,0 4.60737510702656,45.8920539377082,0 4.60732635995697,45.89206309708801,0 4.60728022004744,45.8920776234589,0 4.60722490928586,45.8921049797499,0 4.60711712533605,45.8922481886644,0 4.60709986522016,45.8922711311109,0 4.60693022694516,45.89269073671581,0 4.60692925846569,45.89269291210969,0 4.60685385763416,45.8929116778124,0 4.60685379007587,45.8929668903944,0 
							</coordinates>
						</LinearRing>
					</outerBoundaryIs>
				</Polygon>
			</MultiGeometry>
		</Placemark>
		<Placemark id="personne_morale.95126">
<styleUrl>#personne_morale</styleUrl>			<visibility>0</visibility>
			<ExtendedData>
				<SchemaData schemaUrl="#personne_morale">
					<SimpleData name="Numero de Parcelle">69056000AL0074</SimpleData>
					<SimpleData name="Departement">69</SimpleData>
					<SimpleData name="Commune">CHESSY</SimpleData>
					<SimpleData name="Adresse">LES MINES</SimpleData>
					<SimpleData name="Groupe de personne">Personnes morales non remarquables</SimpleData>
					<SimpleData name="Forme Juridique Abregee">AUPM</SimpleData>
					<SimpleData name="Denomination">BUREAU DE RECHERCHES GEOLOGIQUES ET MINIERES</SimpleData>
				</SchemaData>
			</ExtendedData>
	<Region>
		<LatLonAltBox>
			<north> 45.8928082611542 </north>
			<south> 45.8921677826342 </south>
			<east> 4.60774119300287 </east>
			<west> 4.60701994435705 </west>
		</LatLonAltBox>
		<Lod>
			<minLodPixels>100</minLodPixels>
			<maxLodPixels>-1</maxLodPixels>
		</Lod>
	</Region>
			<MultiGeometry>
				<Polygon><altitudeMode>relativeToGround</altitudeMode>
					<outerBoundaryIs>
						<LinearRing>
							<coordinates>								4.60705578445303,45.8927810916522,0 4.60723450992482,45.8925847250834,0 4.60725135575687,45.89257854113669,0 4.60725982034759,45.892581302984,0 4.60728579841629,45.8925875086542,0 4.6073076693462,45.8925899898521,0 4.6073261276661,45.8925904479969,0 4.60734429662308,45.8925898294373,0 4.60739218069453,45.8925864466713,0 4.60743817045675,45.89258002850691,0 4.60747805051457,45.8925719858962,0 4.60752272235406,45.8925601823594,0 4.60756384999902,45.8925462675659,0 4.60760271751843,45.8925300431264,0 4.60762294207249,45.8925202984352,0 4.60765456047919,45.8925031863013,0 4.60769131280492,45.8924807772196,0 4.60771901594873,45.8924620995159,0 4.60773122857807,45.89244742492509,0 4.60773900763027,45.89243110208579,0 4.60774119300287,45.892408734167,0 4.60773712138269,45.8923841134538,0 4.60773238382131,45.89236319499449,0 4.60772577267405,45.89234437473841,0 4.6077157541725,45.8923237115061,0 4.60770035496533,45.8922998823374,0 4.60767565985794,45.8922713216779,0 4.60765288504498,45.8922511100254,0 4.60763114141037,45.8922352970345,0 4.60760344068912,45.8922186680606,0 4.60757622653803,45.8922054547428,0 4.60753384079799,45.8921894848844,0 4.60750510020272,45.8921814271236,0 4.607477975044,45.8921756881542,0 4.60744442432468,45.8921707610738,0 4.60741184700489,45.8921682519787,0 4.60738784215367,45.8921677826342,0 4.6073696995853,45.8921693015067,0 4.60734400256445,45.8921727291293,0 4.60732078673392,45.8921772022887,0 4.60728763761765,45.8921860498428,0 4.60726516879851,45.8921940250199,0 4.60724172626493,45.8922039955278,0 4.60722901160135,45.8922103008857,0 4.60720909482254,45.8922217524223,0 4.60719062515256,45.89223417413201,0 4.6071790259153,45.8922433458017,0 4.6071581796919,45.8922627365163,0 4.60714930900275,45.8922725899413,0 4.60713998294832,45.8922845214,0 4.60713163223779,45.8923077875501,0 4.6071273210565,45.89232361071309,0 4.60712461512346,45.89233697922541,0 4.60712281433596,45.89235042493961,0 4.60712181863244,45.89236494002521,0 4.60712224839043,45.8923885317075,0 4.60712413117978,45.8924044469645,0 4.60712778719253,45.89242366952909,0 4.6071324090504,45.8924406266675,0 4.60714176399341,45.8924650822326,0 4.60715407125984,45.8924890454925,0 4.60716502655288,45.8925064530115,0 4.6071812624963,45.89252801865919,0 4.60719713035305,45.892545806685,0 4.60721180403272,45.8925580274735,0 4.60722730675344,45.892567714574,0 4.60722500600238,45.8925817078045,0 4.60701994435705,45.8928082611542,0 4.60702965698624,45.8928007375397,0 4.60705578445303,45.8927810916522,0 
							</coordinates>
						</LinearRing>
					</outerBoundaryIs>
				</Polygon>
			</MultiGeometry>
		</Placemark>
		<Placemark id="personne_morale.96099">
<styleUrl>#personne_morale</styleUrl>			<visibility>0</visibility>
			<ExtendedData>
				<SchemaData schemaUrl="#personne_morale">
					<SimpleData name="Numero de Parcelle">69056000AE0076</SimpleData>
					<SimpleData name="Departement">69</SimpleData>
					<SimpleData name="Commune">CHESSY</SimpleData>
					<SimpleData name="Adresse">31, MTE DU CHATEAU</SimpleData>
					<SimpleData name="Groupe de personne">Personnes morales non remarquables</SimpleData>
					<SimpleData name="Forme Juridique Abregee">SCI</SimpleData>
					<SimpleData name="Denomination">2A</SimpleData>
				</SchemaData>
			</ExtendedData>
	<Region>
		<LatLonAltBox>
			<north> 45.8878291224771 </north>
			<south> 45.88770029576089 </south>
			<east> 4.62360257776013 </east>
			<west> 4.62339051203136 </west>
		</LatLonAltBox>
		<Lod>
			<minLodPixels>100</minLodPixels>
			<maxLodPixels>-1</maxLodPixels>
		</Lod>
	</Region>
			<MultiGeometry>
				<Polygon><altitudeMode>relativeToGround</altitudeMode>
					<outerBoundaryIs>
						<LinearRing>
							<coordinates>								4.62350548290036,45.8878291224771,0 4.62356586949318,45.8878124933489,0 4.62356845154185,45.8878169596829,0 4.62360069032335,45.8878080302868,0 4.62360209784505,45.8878076498002,0 4.62359033129549,45.8877934979226,0 4.62360257776013,45.8877889087052,0 4.62358106066806,45.88776336811429,0 4.62358361521729,45.88776252081409,0 4.62357742672656,45.887749459717,0 4.62357357236868,45.8877499654102,0 4.62355262794598,45.8877438713391,0 4.62354652430004,45.887733691207,0 4.62353382489614,45.8877009986543,0 4.62352632365662,45.88770029576089,0 4.62343146171223,45.8877243551832,0 4.62339051203136,45.88773530104701,0 4.62342183379743,45.88779159430289,0 4.62342490403264,45.88779073960151,0 4.6234278453472,45.8877898867512,0 4.62346968424997,45.88777847776381,0 4.62347262821417,45.8877777149425,0 4.62350548290036,45.8878291224771,0 
							</coordinates>
						</LinearRing>
					</outerBoundaryIs>
				</Polygon>
			</MultiGeometry>
		</Placemark>
		<Placemark id="personne_morale.97142">
<styleUrl>#personne_morale</styleUrl>			<visibility>0</visibility>
			<ExtendedData>
				<SchemaData schemaUrl="#personne_morale">
					<SimpleData name="Numero de Parcelle">69056000AK0078</SimpleData>
					<SimpleData name="Departement">69</SimpleData>
					<SimpleData name="Commune">CHESSY</SimpleData>
					<SimpleData name="Adresse">11, IMP DU NAUTILE</SimpleData>
					<SimpleData name="Groupe de personne">Personnes morales non remarquables</SimpleData>
					<SimpleData name="Forme Juridique Abregee">SCI</SimpleData>
					<SimpleData name="Denomination">LES CHENES DE CHESSY</SimpleData>
				</SchemaData>
			</ExtendedData>
	<Region>
		<LatLonAltBox>
			<north> 45.8920795774497 </north>
			<south> 45.8916817754175 </south>
			<east> 4.61576055140044 </east>
			<west> 4.61536280798912 </west>
		</LatLonAltBox>
		<Lod>
			<minLodPixels>100</minLodPixels>
			<maxLodPixels>-1</maxLodPixels>
		</Lod>
	</Region>
			<MultiGeometry>
				<Polygon><altitudeMode>relativeToGround</altitudeMode>
					<outerBoundaryIs>
						<LinearRing>
							<coordinates>								4.61536307738757,45.8917969771,0 4.61536900849429,45.89190695557421,0 4.61545997034684,45.8920795774497,0 4.61550369169349,45.8920530131425,0 4.61576055140044,45.8918963170531,0 4.61549577993734,45.8916817754175,0 4.61538512345229,45.89174820548759,0 4.61537955868533,45.89175197778501,0 4.61537502799633,45.8917558253762,0 4.61537140509333,45.8917598401336,0 4.6153678112072,45.8917648452253,0 4.61536548815613,45.8917692016837,0 4.6153635861883,45.8917747230112,0 4.6153628182121,45.8917793274562,0 4.61536280798912,45.8917833806666,0 4.61536307738757,45.8917969771,0 
							</coordinates>
						</LinearRing>
					</outerBoundaryIs>
				</Polygon>
			</MultiGeometry>
		</Placemark>
		<Placemark id="personne_morale.97150">
<styleUrl>#personne_morale</styleUrl>			<visibility>0</visibility>
			<ExtendedData>
				<SchemaData schemaUrl="#personne_morale">
					<SimpleData name="Numero de Parcelle">69056000AL0078</SimpleData>
					<SimpleData name="Departement">69</SimpleData>
					<SimpleData name="Commune">CHESSY</SimpleData>
					<SimpleData name="Adresse">LES MINES</SimpleData>
					<SimpleData name="Groupe de personne">Personnes morales non remarquables</SimpleData>
					<SimpleData name="Forme Juridique Abregee">SCI</SimpleData>
					<SimpleData name="Denomination">SCI PARM</SimpleData>
				</SchemaData>
			</ExtendedData>
	<Region>
		<LatLonAltBox>
			<north> 45.89237079115829 </north>
			<south> 45.8915226451868 </south>
			<east> 4.60484117164429 </east>
			<west> 4.60388876241664 </west>
		</LatLonAltBox>
		<Lod>
			<minLodPixels>100</minLodPixels>
			<maxLodPixels>-1</maxLodPixels>
		</Lod>
	</Region>
			<MultiGeometry>
				<Polygon><altitudeMode>relativeToGround</altitudeMode>
					<outerBoundaryIs>
						<LinearRing>
							<coordinates>								4.60389933600685,45.8916273787265,0 4.60388876241664,45.89171615546341,0 4.60390698286549,45.8917616514505,0 4.60394130188928,45.891841775311,0 4.60404439985618,45.89209583515051,0 4.60413980477583,45.89235144514261,0 4.6041474618731,45.89237079115829,0 4.60427325487382,45.89236747521589,0 4.60422046945083,45.8920561391144,0 4.60484117164429,45.8919906779153,0 4.60479993774877,45.891628740086,0 4.60479323793224,45.8915226451868,0 4.60389933600685,45.8916273787265,0 
							</coordinates>
						</LinearRing>
					</outerBoundaryIs>
				</Polygon>
			</MultiGeometry>
		</Placemark>
		<Placemark id="personne_morale.98117">
<styleUrl>#personne_morale</styleUrl>			<visibility>0</visibility>
			<ExtendedData>
				<SchemaData schemaUrl="#personne_morale">
					<SimpleData name="Numero de Parcelle">69056000AI0008</SimpleData>
					<SimpleData name="Departement">69</SimpleData>
					<SimpleData name="Commune">CHESSY</SimpleData>
					<SimpleData name="Adresse">LES SAILLANTS</SimpleData>
					<SimpleData name="Groupe de personne">Personnes morales non remarquables</SimpleData>
					<SimpleData name="Forme Juridique Abregee">SCI</SimpleData>
					<SimpleData name="Denomination">SCI H   IMO</SimpleData>
				</SchemaData>
			</ExtendedData>
	<Region>
		<LatLonAltBox>
			<north> 45.8872895935144 </north>
			<south> 45.8872103514563 </south>
			<east> 4.61362922339162 </east>
			<west> 4.61350284883487 </west>
		</LatLonAltBox>
		<Lod>
			<minLodPixels>100</minLodPixels>
			<maxLodPixels>-1</maxLodPixels>
		</Lod>
	</Region>
			<MultiGeometry>
				<Polygon><altitudeMode>relativeToGround</altitudeMode>
					<outerBoundaryIs>
						<LinearRing>
							<coordinates>								4.61362922339162,45.887238622745,0 4.61353385850015,45.8872103514563,0 4.61350284883487,45.88726132219959,0 4.61359821379859,45.8872895935144,0 4.61362922339162,45.887238622745,0 
							</coordinates>
						</LinearRing>
					</outerBoundaryIs>
				</Polygon>
			</MultiGeometry>
		</Placemark>
		<Placemark id="personne_morale.98374">
<styleUrl>#personne_morale</styleUrl>			<visibility>0</visibility>
			<ExtendedData>
				<SchemaData schemaUrl="#personne_morale">
					<SimpleData name="Numero de Parcelle">69056000AL0080</SimpleData>
					<SimpleData name="Departement">69</SimpleData>
					<SimpleData name="Commune">CHESSY</SimpleData>
					<SimpleData name="Adresse">LES MINES</SimpleData>
					<SimpleData name="Groupe de personne">Personnes morales non remarquables</SimpleData>
					<SimpleData name="Forme Juridique Abregee">GFA</SimpleData>
					<SimpleData name="Denomination">DU COTEAU DE LA RONZE</SimpleData>
				</SchemaData>
			</ExtendedData>
	<Region>
		<LatLonAltBox>
			<north> 45.8926092161833 </north>
			<south> 45.89236747521589 </south>
			<east> 4.60431459311778 </east>
			<west> 4.6041474618731 </west>
		</LatLonAltBox>
		<Lod>
			<minLodPixels>100</minLodPixels>
			<maxLodPixels>-1</maxLodPixels>
		</Lod>
	</Region>
			<MultiGeometry>
				<Polygon><altitudeMode>relativeToGround</altitudeMode>
					<outerBoundaryIs>
						<LinearRing>
							<coordinates>								4.6042415937659,45.8926092161833,0 4.60431459311778,45.8926089910177,0 4.60429270124073,45.8924816755154,0 4.60427325487382,45.89236747521589,0 4.6041474618731,45.89237079115829,0 4.60415093927767,45.8923794784018,0 4.60423393922229,45.89258996020461,0 4.6042415937659,45.8926092161833,0 
							</coordinates>
						</LinearRing>
					</outerBoundaryIs>
				</Polygon>
			</MultiGeometry>
		</Placemark>
		<Placemark id="personne_morale.98792">
<styleUrl>#personne_morale</styleUrl>			<visibility>0</visibility>
			<ExtendedData>
				<SchemaData schemaUrl="#personne_morale">
					<SimpleData name="Numero de Parcelle">69056000AB0081</SimpleData>
					<SimpleData name="Departement">69</SimpleData>
					<SimpleData name="Commune">CHESSY</SimpleData>
					<SimpleData name="Adresse">LES BRUYERES</SimpleData>
					<SimpleData name="Groupe de personne">Personnes morales non remarquables</SimpleData>
					<SimpleData name="Forme Juridique Abregee">GFA</SimpleData>
					<SimpleData name="Denomination">DU PRE DU TOUR</SimpleData>
				</SchemaData>
			</ExtendedData>
	<Region>
		<LatLonAltBox>
			<north> 45.8953326111446 </north>
			<south> 45.89355198599 </south>
			<east> 4.62876546597316 </east>
			<west> 4.62703860280485 </west>
		</LatLonAltBox>
		<Lod>
			<minLodPixels>100</minLodPixels>
			<maxLodPixels>-1</maxLodPixels>
		</Lod>
	</Region>
			<MultiGeometry>
				<Polygon><altitudeMode>relativeToGround</altitudeMode>
					<outerBoundaryIs>
						<LinearRing>
							<coordinates>								4.62773491256693,45.8953326111446,0 4.62842676307471,45.8946403812198,0 4.62819076355936,45.8945286724123,0 4.62876546597316,45.8939234218615,0 4.62869042557299,45.8938982928962,0 4.62858202702647,45.89387049196749,0 4.62845195557282,45.8938382294547,0 4.62838736984415,45.893822046628,0 4.62831547872995,45.8938030867826,0 4.62818088686053,45.89376188222201,0 4.62790848301443,45.8936621357914,0 4.62760791146721,45.89355198599,0 4.62751868097066,45.8935966833871,0 4.62749047402089,45.8937422796311,0 4.62745741349956,45.89394631003739,0 4.62745821330298,45.8939996190072,0 4.62746586527091,45.8940534598285,0 4.62746814611023,45.8940695492393,0 4.6274688239773,45.8940750336536,0 4.62746936493594,45.8940802498334,0 4.62746988994778,45.8940849258324,0 4.62747053857922,45.8940894199153,0 4.62747067412795,45.89409401145179,0 4.62747114728163,45.8941013001803,0 4.62747144100166,45.8941068801923,0 4.62747160844436,45.8941125520902,0 4.62747190216449,45.8941181321022,0 4.62747189548907,45.8941222753438,0 4.62747200977542,45.89412614663921,0 4.62747204296734,45.89413164033281,0 4.62747192861926,45.8941365056713,0 4.62747172118561,45.8941469565893,0 4.62747036520136,45.8941709342964,0 4.62746846559839,45.8941896057935,0 4.62746612868933,45.8942065722858,0 4.62746535371651,45.8942109067227,0 4.62759595433591,45.894278559633,0 4.62721284377201,45.894654074632,0 4.62717570315127,45.8946762255344,0 4.62703860280485,45.8948297835155,0 4.62708436301303,45.8948592979394,0 4.62710934731503,45.8948754209246,0 4.6274073043132,45.89508468499281,0 4.62762454062396,45.89525115691391,0 4.62773491256693,45.8953326111446,0 
							</coordinates>
						</LinearRing>
					</outerBoundaryIs>
					<innerBoundaryIs>
						<LinearRing>
							<coordinates>								4.6280971027345,45.89452821971129,0 4.62815565719331,45.89455854023261,0 4.6281195472378,45.8945937365278,0 4.62806236454685,45.8945661883561,0 4.6280971027345,45.89452821971129,0 
							</coordinates>
						</LinearRing>
					</innerBoundaryIs>
				</Polygon>
			</MultiGeometry>
		</Placemark>
		<Placemark id="personne_morale.98848">
<styleUrl>#personne_morale</styleUrl>			<visibility>0</visibility>
			<ExtendedData>
				<SchemaData schemaUrl="#personne_morale">
					<SimpleData name="Numero de Parcelle">69056000AL0081</SimpleData>
					<SimpleData name="Departement">69</SimpleData>
					<SimpleData name="Commune">CHESSY</SimpleData>
					<SimpleData name="Adresse">LES MINES</SimpleData>
					<SimpleData name="Groupe de personne">Personnes morales non remarquables</SimpleData>
					<SimpleData name="Forme Juridique Abregee">GFA</SimpleData>
					<SimpleData name="Denomination">DU COTEAU DE LA RONZE</SimpleData>
				</SchemaData>
			</ExtendedData>
	<Region>
		<LatLonAltBox>
			<north> 45.8929767884342 </north>
			<south> 45.8926089910177 </south>
			<east> 4.60460172189512 </east>
			<west> 4.6042415937659 </west>
		</LatLonAltBox>
		<Lod>
			<minLodPixels>100</minLodPixels>
			<maxLodPixels>-1</maxLodPixels>
		</Lod>
	</Region>
			<MultiGeometry>
				<Polygon><altitudeMode>relativeToGround</altitudeMode>
					<outerBoundaryIs>
						<LinearRing>
							<coordinates>								4.6042415937659,45.8926092161833,0 4.60437928421265,45.89295708597089,0 4.60438720982499,45.8929767884342,0 4.60460172189512,45.8929415901451,0 4.60435009844128,45.8928273520733,0 4.60431459311778,45.8926089910177,0 4.6042415937659,45.8926092161833,0 
							</coordinates>
						</LinearRing>
					</outerBoundaryIs>
				</Polygon>
			</MultiGeometry>
		</Placemark>
		<Placemark id="personne_morale.99258">
<styleUrl>#personne_morale</styleUrl>			<visibility>0</visibility>
			<ExtendedData>
				<SchemaData schemaUrl="#personne_morale">
					<SimpleData name="Numero de Parcelle">69056000AB0082</SimpleData>
					<SimpleData name="Departement">69</SimpleData>
					<SimpleData name="Commune">CHESSY</SimpleData>
					<SimpleData name="Adresse">LES BRUYERES</SimpleData>
					<SimpleData name="Groupe de personne">Personnes morales non remarquables</SimpleData>
					<SimpleData name="Forme Juridique Abregee">GFA</SimpleData>
					<SimpleData name="Denomination">DU PRE DU TOUR</SimpleData>
				</SchemaData>
			</ExtendedData>
	<Region>
		<LatLonAltBox>
			<north> 45.8945937365278 </north>
			<south> 45.89452821971129 </south>
			<east> 4.62815565719331 </east>
			<west> 4.62806236454685 </west>
		</LatLonAltBox>
		<Lod>
			<minLodPixels>100</minLodPixels>
			<maxLodPixels>-1</maxLodPixels>
		</Lod>
	</Region>
			<MultiGeometry>
				<Polygon><altitudeMode>relativeToGround</altitudeMode>
					<outerBoundaryIs>
						<LinearRing>
							<coordinates>								4.6280971027345,45.89452821971129,0 4.62806236454685,45.8945661883561,0 4.6281195472378,45.8945937365278,0 4.62815565719331,45.89455854023261,0 4.6280971027345,45.89452821971129,0 
							</coordinates>
						</LinearRing>
					</outerBoundaryIs>
				</Polygon>
			</MultiGeometry>
		</Placemark>
		<Placemark id="personne_morale.99718">
<styleUrl>#personne_morale</styleUrl>			<visibility>0</visibility>
			<ExtendedData>
				<SchemaData schemaUrl="#personne_morale">
					<SimpleData name="Numero de Parcelle">69056000AB0083</SimpleData>
					<SimpleData name="Departement">69</SimpleData>
					<SimpleData name="Commune">CHESSY</SimpleData>
					<SimpleData name="Adresse">LES BRUYERES</SimpleData>
					<SimpleData name="Groupe de personne">Personnes morales non remarquables</SimpleData>
					<SimpleData name="Forme Juridique Abregee">GFA</SimpleData>
					<SimpleData name="Denomination">DU PRE DU TOUR</SimpleData>
				</SchemaData>
			</ExtendedData>
	<Region>
		<LatLonAltBox>
			<north> 45.894654074632 </north>
			<south> 45.8942109067227 </south>
			<east> 4.62759595433591 </east>
			<west> 4.62721284377201 </west>
		</LatLonAltBox>
		<Lod>
			<minLodPixels>100</minLodPixels>
			<maxLodPixels>-1</maxLodPixels>
		</Lod>
	</Region>
			<MultiGeometry>
				<Polygon><altitudeMode>relativeToGround</altitudeMode>
					<outerBoundaryIs>
						<LinearRing>
							<coordinates>								4.62746535371651,45.8942109067227,0 4.62746491239359,45.8942134349896,0 4.62746391941689,45.89421912359009,0 4.62746246651216,45.8942267102466,0 4.62746123161085,45.8942329427396,0 4.62745998607804,45.8942388151119,0 4.62745896120668,45.8942434233509,0 4.62745757610665,45.8942489374586,0 4.62745630665286,45.89425399955979,0 4.62745502656763,45.8942587015405,0 4.6274539884065,45.8942628596288,0 4.62745246373872,45.8942680154717,0 4.62744929875568,45.894278779164,0 4.6274475215314,45.89428411877879,0 4.62744611250911,45.89428882261521,0 4.62744433262641,45.89429407219981,0 4.6274366893762,45.89431480787081,0 4.62743248227072,45.8943252262886,0 4.62742970810853,45.8943317511412,0 4.62742741779549,45.89433718820899,0 4.62742390191068,45.8943448045577,0 4.62741892118587,45.8943552341097,0 4.62741453729883,45.8943640338404,0 4.62740844132959,45.8943760106061,0 4.62739089649507,45.8944065261035,0 4.62738066256885,45.8944225254332,0 4.62721284377201,45.894654074632,0 4.62759595433591,45.894278559633,0 4.62746535371651,45.8942109067227,0 
							</coordinates>
						</LinearRing>
					</outerBoundaryIs>
				</Polygon>
			</MultiGeometry>
		</Placemark>
		<Placemark id="personne_morale.100204">
<styleUrl>#personne_morale</styleUrl>			<visibility>0</visibility>
			<ExtendedData>
				<SchemaData schemaUrl="#personne_morale">
					<SimpleData name="Numero de Parcelle">69056000AB0084</SimpleData>
					<SimpleData name="Departement">69</SimpleData>
					<SimpleData name="Commune">CHESSY</SimpleData>
					<SimpleData name="Adresse">LES BRUYERES</SimpleData>
					<SimpleData name="Groupe de personne">Personnes morales non remarquables</SimpleData>
					<SimpleData name="Forme Juridique Abregee">GFA</SimpleData>
					<SimpleData name="Denomination">DU PRE DU TOUR</SimpleData>
				</SchemaData>
			</ExtendedData>
	<Region>
		<LatLonAltBox>
			<north> 45.8946403812198 </north>
			<south> 45.8939234218615 </south>
			<east> 4.62903774657231 </east>
			<west> 4.62819076355936 </west>
		</LatLonAltBox>
		<Lod>
			<minLodPixels>100</minLodPixels>
			<maxLodPixels>-1</maxLodPixels>
		</Lod>
	</Region>
			<MultiGeometry>
				<Polygon><altitudeMode>relativeToGround</altitudeMode>
					<outerBoundaryIs>
						<LinearRing>
							<coordinates>								4.62842676307471,45.8946403812198,0 4.62903774657231,45.8940319947497,0 4.62897482436291,45.894002278023,0 4.62894047022994,45.8939877315311,0 4.62888161567596,45.8939647112837,0 4.62883881698946,45.8939481247728,0 4.6288162612331,45.8939399832729,0 4.62876546597316,45.8939234218615,0 4.62819076355936,45.8945286724123,0 4.62842676307471,45.8946403812198,0 
							</coordinates>
						</LinearRing>
					</outerBoundaryIs>
				</Polygon>
			</MultiGeometry>
		</Placemark>
		<Placemark id="personne_morale.100702">
<styleUrl>#personne_morale</styleUrl>			<visibility>0</visibility>
			<ExtendedData>
				<SchemaData schemaUrl="#personne_morale">
					<SimpleData name="Numero de Parcelle">69056000AB0085</SimpleData>
					<SimpleData name="Departement">69</SimpleData>
					<SimpleData name="Commune">CHESSY</SimpleData>
					<SimpleData name="Adresse">LES BRUYERES</SimpleData>
					<SimpleData name="Groupe de personne">Personnes morales non remarquables</SimpleData>
					<SimpleData name="Forme Juridique Abregee">GFA</SimpleData>
					<SimpleData name="Denomination">DU PRE DU TOUR</SimpleData>
				</SchemaData>
			</ExtendedData>
	<Region>
		<LatLonAltBox>
			<north> 45.89560710164311 </north>
			<south> 45.8940319947497 </south>
			<east> 4.62950526133086 </east>
			<west> 4.62773491256693 </west>
		</LatLonAltBox>
		<Lod>
			<minLodPixels>100</minLodPixels>
			<maxLodPixels>-1</maxLodPixels>
		</Lod>
	</Region>
			<MultiGeometry>
				<Polygon><altitudeMode>relativeToGround</altitudeMode>
					<outerBoundaryIs>
						<LinearRing>
							<coordinates>								4.62857222409892,45.8951149282219,0 4.62878246194726,45.8949090658793,0 4.62890467080797,45.894793008571,0 4.62933825779,45.8944148688932,0 4.62950526133086,45.8942695236384,0 4.62903774657231,45.8940319947497,0 4.62842676307471,45.8946403812198,0 4.62773491256693,45.8953326111446,0 4.6281066501375,45.89560710164311,0 4.62840664466449,45.89527808506279,0 4.62841426786923,45.8952697790513,0 4.62857222409892,45.8951149282219,0 
							</coordinates>
						</LinearRing>
					</outerBoundaryIs>
				</Polygon>
			</MultiGeometry>
		</Placemark>
		<Placemark id="personne_morale.100758">
<styleUrl>#personne_morale</styleUrl>			<visibility>0</visibility>
			<ExtendedData>
				<SchemaData schemaUrl="#personne_morale">
					<SimpleData name="Numero de Parcelle">69056000AL0085</SimpleData>
					<SimpleData name="Departement">69</SimpleData>
					<SimpleData name="Commune">CHESSY</SimpleData>
					<SimpleData name="Adresse">LA RONZE</SimpleData>
					<SimpleData name="Groupe de personne">Personnes morales non remarquables</SimpleData>
					<SimpleData name="Forme Juridique Abregee">GFA</SimpleData>
					<SimpleData name="Denomination">GFA DU DOMAINE DUPEUBLE</SimpleData>
				</SchemaData>
			</ExtendedData>
	<Region>
		<LatLonAltBox>
			<north> 45.8941327396025 </north>
			<south> 45.8940433087669 </south>
			<east> 4.60486764620646 </east>
			<west> 4.60482340709432 </west>
		</LatLonAltBox>
		<Lod>
			<minLodPixels>100</minLodPixels>
			<maxLodPixels>-1</maxLodPixels>
		</Lod>
	</Region>
			<MultiGeometry>
				<Polygon><altitudeMode>relativeToGround</altitudeMode>
					<outerBoundaryIs>
						<LinearRing>
							<coordinates>								4.60482340709432,45.8940523129847,0 4.60485541589025,45.8941327396025,0 4.60486764620646,45.8940433087669,0 4.60482340709432,45.8940523129847,0 
							</coordinates>
						</LinearRing>
					</outerBoundaryIs>
				</Polygon>
			</MultiGeometry>
		</Placemark>
		<Placemark id="personne_morale.101230">
<styleUrl>#personne_morale</styleUrl>			<visibility>0</visibility>
			<ExtendedData>
				<SchemaData schemaUrl="#personne_morale">
					<SimpleData name="Numero de Parcelle">69056000AM0086</SimpleData>
					<SimpleData name="Departement">69</SimpleData>
					<SimpleData name="Commune">CHESSY</SimpleData>
					<SimpleData name="Adresse">IMP DU PANORAMA</SimpleData>
					<SimpleData name="Groupe de personne">Personnes morales non remarquables</SimpleData>
					<SimpleData name="Forme Juridique Abregee">ASS</SimpleData>
					<SimpleData name="Denomination">ASSOCIATION SYNDICALE LIBRE DU LOTISSEMENT LE PANORAMA</SimpleData>
				</SchemaData>
			</ExtendedData>
	<Region>
		<LatLonAltBox>
			<north> 45.88579773135289 </north>
			<south> 45.88464215387129 </south>
			<east> 4.60585247221684 </east>
			<west> 4.60400712414714 </west>
		</LatLonAltBox>
		<Lod>
			<minLodPixels>100</minLodPixels>
			<maxLodPixels>-1</maxLodPixels>
		</Lod>
	</Region>
			<MultiGeometry>
				<Polygon><altitudeMode>relativeToGround</altitudeMode>
					<outerBoundaryIs>
						<LinearRing>
							<coordinates>								4.60585247221684,45.8850450560211,0 4.60583102866589,45.8850350028142,0 4.60556699223646,45.8853259794198,0 4.60534680512868,45.8852272395857,0 4.60511969196517,45.8851253552295,0 4.60489179567057,45.8850231212752,0 4.60468886088871,45.8849321513127,0 4.60456968480942,45.8848786313056,0 4.60445051420104,45.8848252912342,0 4.60433120966988,45.8847717728055,0 4.60428756295606,45.88475212694039,0 4.60428271192983,45.8847494036782,0 4.60427822930978,45.88474604471309,0 4.60427423877108,45.88474186815431,0 4.60427087446683,45.8847370522338,0 4.60426879668413,45.8847321279886,0 4.60426789746451,45.8847278174935,0 4.60426788754577,45.8847230440394,0 4.60426854839196,45.8847191617449,0 4.60426973799152,45.8847157222861,0 4.60427144586642,45.8847123655403,0 4.60427492448352,45.8847078127844,0 4.60414159666611,45.88464215387129,0 4.60400712414714,45.8847410649575,0 4.60415968270086,45.8848160884091,0 4.6041647161625,45.8848117837974,0 4.6041708018918,45.8848081847965,0 4.60417781359391,45.8848053832662,0 4.60418113917012,45.8848044353981,0 4.60418652475428,45.88480336823049,0 4.60419437018573,45.8848026264285,0 4.60420043439245,45.8848027205122,0 4.60420898202133,45.8848039502371,0 4.60421548012014,45.8848056593839,0 4.60422083108842,45.8848078351476,0 4.6043021054648,45.8848441500242,0 4.60442128120987,45.8848976703133,0 4.60454058610082,45.8849511886471,0 4.60465975968853,45.8850046186543,0 4.60482924438898,45.8850806619219,0 4.60503975923158,45.8851750366722,0 4.6052413906069,45.88526548412649,0 4.60540904588132,45.885340651846,0 4.6054130072465,45.8853482513594,0 4.60541482470228,45.8853530892143,0 4.60541714948885,45.8853620629861,0 4.60541754840785,45.8853713343102,0 4.60541740067538,45.8853751192581,0 4.6054145500249,45.88538794937499,0 4.60540871334393,45.8854001013527,0 4.60540001692495,45.88541148332951,0 4.60538857395407,45.8854215532902,0 4.60519013591607,45.8856401736076,0 4.6051857286924,45.88564383889841,0 4.60518093471968,45.8856475096803,0 4.60517638547358,45.885650726648,0 4.60517094691878,45.88565440658159,0 4.60516499531954,45.8856581838672,0 4.60515890956132,45.8856617829217,0 4.60515573645523,45.88566353926391,0 4.60514885098891,45.8856662489939,0 4.60514350203255,45.8856685766362,0 4.60513663491165,45.88567191657989,0 4.60512964935745,45.8856756184761,0 4.60512027205424,45.8856813358228,0 4.60511281800917,45.8856866655908,0 4.60510739517201,45.88569088570519,0 4.6051006066729,45.8856969265658,0 4.60509443392403,45.8857019679374,0 4.60508772716275,45.88570638641541,0 4.60508138356156,45.88570998912629,0 4.60507476640182,45.88571305531369,0 4.60506443163476,45.8857168948245,0 4.60505343131809,45.8857200232407,0 4.60504111300806,45.88572217962161,0 4.60516905787238,45.88579773135289,0 4.60517243639849,45.88579417073681,0 4.60521443917893,45.88574845035879,0 4.60544611006675,45.8854929706539,0 4.60563080108927,45.8852894963761,0 4.60585247221684,45.8850450560211,0 
							</coordinates>
						</LinearRing>
					</outerBoundaryIs>
				</Polygon>
			</MultiGeometry>
		</Placemark>
		<Placemark id="personne_morale.102030">
<styleUrl>#personne_morale</styleUrl>			<visibility>0</visibility>
			<ExtendedData>
				<SchemaData schemaUrl="#personne_morale">
					<SimpleData name="Numero de Parcelle">69056000AB0088</SimpleData>
					<SimpleData name="Departement">69</SimpleData>
					<SimpleData name="Commune">CHESSY</SimpleData>
					<SimpleData name="Adresse">LES BRUYERES</SimpleData>
					<SimpleData name="Groupe de personne">Personnes morales non remarquables</SimpleData>
					<SimpleData name="Forme Juridique Abregee">GFA</SimpleData>
					<SimpleData name="Denomination">DU PRE DU TOUR</SimpleData>
				</SchemaData>
			</ExtendedData>
	<Region>
		<LatLonAltBox>
			<north> 45.8960015218522 </north>
			<south> 45.89527808506279 </south>
			<east> 4.6293286703188 </east>
			<west> 4.6281066501375 </west>
		</LatLonAltBox>
		<Lod>
			<minLodPixels>100</minLodPixels>
			<maxLodPixels>-1</maxLodPixels>
		</Lod>
	</Region>
			<MultiGeometry>
				<Polygon><altitudeMode>relativeToGround</altitudeMode>
					<outerBoundaryIs>
						<LinearRing>
							<coordinates>								4.62840664466449,45.89527808506279,0 4.6281066501375,45.89560710164311,0 4.6281695498768,45.8956534818507,0 4.62823501118564,45.8956948713762,0 4.62832753142016,45.8956086045443,0 4.6290876922075,45.8960015218522,0 4.62917931436832,45.8959154473871,0 4.6293286703188,45.8957751303591,0 4.62840664466449,45.89527808506279,0 
							</coordinates>
						</LinearRing>
					</outerBoundaryIs>
				</Polygon>
			</MultiGeometry>
		</Placemark>
		<Placemark id="personne_morale.102904">
<styleUrl>#personne_morale</styleUrl>			<visibility>0</visibility>
			<ExtendedData>
				<SchemaData schemaUrl="#personne_morale">
					<SimpleData name="Numero de Parcelle">69056000AI0009</SimpleData>
					<SimpleData name="Departement">69</SimpleData>
					<SimpleData name="Commune">CHESSY</SimpleData>
					<SimpleData name="Adresse">557, IMP DES SAILLANTS</SimpleData>
					<SimpleData name="Groupe de personne">Personnes morales non remarquables</SimpleData>
					<SimpleData name="Forme Juridique Abregee">SCI</SimpleData>
					<SimpleData name="Denomination">SCI H  IMAU</SimpleData>
				</SchemaData>
			</ExtendedData>
	<Region>
		<LatLonAltBox>
			<north> 45.8880427634744 </north>
			<south> 45.88703379049971 </south>
			<east> 4.61516052443224 </east>
			<west> 4.6133979910598 </west>
		</LatLonAltBox>
		<Lod>
			<minLodPixels>100</minLodPixels>
			<maxLodPixels>-1</maxLodPixels>
		</Lod>
	</Region>
			<MultiGeometry>
				<Polygon><altitudeMode>relativeToGround</altitudeMode>
					<outerBoundaryIs>
						<LinearRing>
							<coordinates>								4.6134474385108,45.88703379049971,0 4.61342723225706,45.8870969463642,0 4.6133979910598,45.88715987088969,0 4.61404445271803,45.8872408015569,0 4.61422801190201,45.8872638501992,0 4.61472690361886,45.8873262583515,0 4.61453675523516,45.8880427634744,0 4.61458951467505,45.8880254374909,0 4.61461178929412,45.88798449867839,0 4.61516052443224,45.8878109353308,0 4.615044617991,45.88725759162839,0 4.61407773422755,45.8871220670422,0 4.61352902378037,45.8870451455926,0 4.61348926644642,45.8870395883799,0 4.6134474385108,45.88703379049971,0 
							</coordinates>
						</LinearRing>
					</outerBoundaryIs>
				</Polygon>
			</MultiGeometry>
		</Placemark>
		<Placemark id="personne_morale.103936">
<styleUrl>#personne_morale</styleUrl>			<visibility>0</visibility>
			<ExtendedData>
				<SchemaData schemaUrl="#personne_morale">
					<SimpleData name="Numero de Parcelle">69056000AB0092</SimpleData>
					<SimpleData name="Departement">69</SimpleData>
					<SimpleData name="Commune">CHESSY</SimpleData>
					<SimpleData name="Adresse">LES BRUYERES</SimpleData>
					<SimpleData name="Groupe de personne">Personnes morales non remarquables</SimpleData>
					<SimpleData name="Forme Juridique Abregee">SARL</SimpleData>
					<SimpleData name="Denomination">FOCH INVESTISSEMENTS</SimpleData>
				</SchemaData>
			</ExtendedData>
	<Region>
		<LatLonAltBox>
			<north> 45.89659080210431 </north>
			<south> 45.89648089884971 </south>
			<east> 4.62620087817305 </east>
			<west> 4.62605943315567 </west>
		</LatLonAltBox>
		<Lod>
			<minLodPixels>100</minLodPixels>
			<maxLodPixels>-1</maxLodPixels>
		</Lod>
	</Region>
			<MultiGeometry>
				<Polygon><altitudeMode>relativeToGround</altitudeMode>
					<outerBoundaryIs>
						<LinearRing>
							<coordinates>								4.62620087817305,45.89648089884971,0 4.62617476493743,45.89650523258361,0 4.62612055675538,45.8965435706709,0 4.62611498958327,45.8965472534667,0 4.62611016153181,45.8965497547443,0 4.62610723041426,45.8965509677852,0 4.62610365724752,45.89655228012751,0 4.62610161278217,45.8965529400072,0 4.62609866838578,45.89655370289699,0 4.6260961055008,45.8965542801636,0 4.62609251374377,45.8965549622944,0 4.62608827197049,45.89655547363621,0 4.62608454064963,45.8965557975004,0 4.62608054613547,45.8965559450127,0 4.62607680153623,45.8965558187259,0 4.62607344110424,45.89655559684599,0 4.626070983259,45.8965553619863,0 4.62606657802115,45.89655470478951,0 4.626062554295,45.8965538619693,0 4.62605943315567,45.8965530061694,0 4.62611808012882,45.89659080210431,0 4.62620087817305,45.89648089884971,0 
							</coordinates>
						</LinearRing>
					</outerBoundaryIs>
				</Polygon>
			</MultiGeometry>
		</Placemark>
		<Placemark id="personne_morale.103943">
<styleUrl>#personne_morale</styleUrl>			<visibility>0</visibility>
			<ExtendedData>
				<SchemaData schemaUrl="#personne_morale">
					<SimpleData name="Numero de Parcelle">69056000AC0092</SimpleData>
					<SimpleData name="Departement">69</SimpleData>
					<SimpleData name="Commune">CHESSY</SimpleData>
					<SimpleData name="Adresse">663, RUE JACQUES COEUR</SimpleData>
					<SimpleData name="Groupe de personne">Personnes morales non remarquables</SimpleData>
					<SimpleData name="Forme Juridique Abregee">SC</SimpleData>
					<SimpleData name="Denomination">THOM</SimpleData>
				</SchemaData>
			</ExtendedData>
	<Region>
		<LatLonAltBox>
			<north> 45.8923449624058 </north>
			<south> 45.892102933426 </south>
			<east> 4.62467731142235 </east>
			<west> 4.62438392180787 </west>
		</LatLonAltBox>
		<Lod>
			<minLodPixels>100</minLodPixels>
			<maxLodPixels>-1</maxLodPixels>
		</Lod>
	</Region>
			<MultiGeometry>
				<Polygon><altitudeMode>relativeToGround</altitudeMode>
					<outerBoundaryIs>
						<LinearRing>
							<coordinates>								4.62447129383515,45.8923087569263,0 4.62448396938644,45.8923449624058,0 4.62467731142235,45.89232281967881,0 4.62466709763097,45.8922826158397,0 4.6246644096648,45.8922658116892,0 4.62466204431069,45.8922555778899,0 4.62465469253689,45.8922337068608,0 4.62462069966653,45.8921262934679,0 4.62461337235842,45.8921183826735,0 4.62460414609885,45.892102933426,0 4.62458333469274,45.8921101677189,0 4.62451209707672,45.8921351494522,0 4.62450392775263,45.8921380589461,0 4.62442046126674,45.8921682601483,0 4.62438392180787,45.8921932836898,0 4.62442317880763,45.8922210912017,0 4.62447705756428,45.8922592266136,0 4.62443871038364,45.8922841860767,0 4.62447129383515,45.8923087569263,0 
							</coordinates>
						</LinearRing>
					</outerBoundaryIs>
				</Polygon>
			</MultiGeometry>
		</Placemark>
		<Placemark id="personne_morale.104320">
<styleUrl>#personne_morale</styleUrl>			<visibility>0</visibility>
			<ExtendedData>
				<SchemaData schemaUrl="#personne_morale">
					<SimpleData name="Numero de Parcelle">69056000AB0093</SimpleData>
					<SimpleData name="Departement">69</SimpleData>
					<SimpleData name="Commune">CHESSY</SimpleData>
					<SimpleData name="Adresse">LES BRUYERES</SimpleData>
					<SimpleData name="Groupe de personne">Personnes morales non remarquables</SimpleData>
					<SimpleData name="Forme Juridique Abregee">SARL</SimpleData>
					<SimpleData name="Denomination">FOCH INVESTISSEMENTS</SimpleData>
				</SchemaData>
			</ExtendedData>
	<Region>
		<LatLonAltBox>
			<north> 45.8965241965328 </north>
			<south> 45.8959121067464 </south>
			<east> 4.6269546572283 </east>
			<west> 4.62622320841211 </west>
		</LatLonAltBox>
		<Lod>
			<minLodPixels>100</minLodPixels>
			<maxLodPixels>-1</maxLodPixels>
		</Lod>
	</Region>
			<MultiGeometry>
				<Polygon><altitudeMode>relativeToGround</altitudeMode>
					<outerBoundaryIs>
						<LinearRing>
							<coordinates>								4.6269546572283,45.89602394700509,0 4.62669001427867,45.8959121067464,0 4.62665084495268,45.8959573441483,0 4.62622445001308,45.89644912598629,0 4.62622320841211,45.8964507650734,0 4.6265282563031,45.8965241965328,0 4.6269546572283,45.89602394700509,0 
							</coordinates>
						</LinearRing>
					</outerBoundaryIs>
				</Polygon>
			</MultiGeometry>
		</Placemark>
		<Placemark id="personne_morale.104333">
<styleUrl>#personne_morale</styleUrl>			<visibility>0</visibility>
			<ExtendedData>
				<SchemaData schemaUrl="#personne_morale">
					<SimpleData name="Numero de Parcelle">69056000AC0093</SimpleData>
					<SimpleData name="Departement">69</SimpleData>
					<SimpleData name="Commune">CHESSY</SimpleData>
					<SimpleData name="Adresse">663, RUE JACQUES COEUR</SimpleData>
					<SimpleData name="Groupe de personne">Personnes morales non remarquables</SimpleData>
					<SimpleData name="Forme Juridique Abregee">SC</SimpleData>
					<SimpleData name="Denomination">THOM</SimpleData>
				</SchemaData>
			</ExtendedData>
	<Region>
		<LatLonAltBox>
			<north> 45.8923639943369 </north>
			<south> 45.8920786234537 </south>
			<east> 4.62486152313967 </east>
			<west> 4.62444852183941 </west>
		</LatLonAltBox>
		<Lod>
			<minLodPixels>100</minLodPixels>
			<maxLodPixels>-1</maxLodPixels>
		</Lod>
	</Region>
			<MultiGeometry>
				<Polygon><altitudeMode>relativeToGround</altitudeMode>
					<outerBoundaryIs>
						<LinearRing>
							<coordinates>								4.62486152313967,45.8922272220154,0 4.62480413059847,45.8920786234537,0 4.62460414609885,45.892102933426,0 4.62461337235842,45.8921183826735,0 4.62462069966653,45.8921262934679,0 4.62465469253689,45.8922337068608,0 4.62466204431069,45.8922555778899,0 4.6246644096648,45.8922658116892,0 4.62466709763097,45.8922826158397,0 4.62467731142235,45.89232281967881,0 4.62448396938644,45.8923449624058,0 4.62447129383515,45.8923087569263,0 4.62444852183941,45.8923151186788,0 4.62446324753078,45.8923639943369,0 4.62456638240936,45.8923534156022,0 4.6247528391065,45.8923339836583,0 4.62472753020974,45.8922848998405,0 4.62486152313967,45.8922272220154,0 
							</coordinates>
						</LinearRing>
					</outerBoundaryIs>
				</Polygon>
			</MultiGeometry>
		</Placemark>
		<Placemark id="personne_morale.104721">
<styleUrl>#personne_morale</styleUrl>			<visibility>0</visibility>
			<ExtendedData>
				<SchemaData schemaUrl="#personne_morale">
					<SimpleData name="Numero de Parcelle">69056000AB0094</SimpleData>
					<SimpleData name="Departement">69</SimpleData>
					<SimpleData name="Commune">CHESSY</SimpleData>
					<SimpleData name="Adresse">LES BRUYERES</SimpleData>
					<SimpleData name="Groupe de personne">Personnes morales non remarquables</SimpleData>
					<SimpleData name="Forme Juridique Abregee">SARL</SimpleData>
					<SimpleData name="Denomination">FOCH INVESTISSEMENTS</SimpleData>
				</SchemaData>
			</ExtendedData>
	<Region>
		<LatLonAltBox>
			<north> 45.89602394700509 </north>
			<south> 45.89508468499281 </south>
			<east> 4.62762454062396 </east>
			<west> 4.62669001427867 </west>
		</LatLonAltBox>
		<Lod>
			<minLodPixels>100</minLodPixels>
			<maxLodPixels>-1</maxLodPixels>
		</Lod>
	</Region>
			<MultiGeometry>
				<Polygon><altitudeMode>relativeToGround</altitudeMode>
					<outerBoundaryIs>
						<LinearRing>
							<coordinates>								4.62762454062396,45.89525115691391,0 4.6274073043132,45.89508468499281,0 4.62735241890526,45.8951480724592,0 4.62711153707221,45.8954259773869,0 4.62691471488474,45.8956539804342,0 4.62674602712497,45.8958475325138,0 4.62669001427867,45.8959121067464,0 4.6269546572283,45.89602394700509,0 4.62762454062396,45.89525115691391,0 
							</coordinates>
						</LinearRing>
					</outerBoundaryIs>
				</Polygon>
			</MultiGeometry>
		</Placemark>
		<Placemark id="personne_morale.104743">
<styleUrl>#personne_morale</styleUrl>			<visibility>0</visibility>
			<ExtendedData>
				<SchemaData schemaUrl="#personne_morale">
					<SimpleData name="Numero de Parcelle">69056000AE0094</SimpleData>
					<SimpleData name="Departement">69</SimpleData>
					<SimpleData name="Commune">CHESSY</SimpleData>
					<SimpleData name="Adresse">307, RTE DE LA VALLEE</SimpleData>
					<SimpleData name="Groupe de personne">Personnes morales non remarquables</SimpleData>
					<SimpleData name="Forme Juridique Abregee">SCI</SimpleData>
					<SimpleData name="Denomination">SCI CHATAIGNE</SimpleData>
				</SchemaData>
			</ExtendedData>
	<Region>
		<LatLonAltBox>
			<north> 45.8874261124258 </north>
			<south> 45.8872527831476 </south>
			<east> 4.62438672255652 </east>
			<west> 4.62423782104835 </west>
		</LatLonAltBox>
		<Lod>
			<minLodPixels>100</minLodPixels>
			<maxLodPixels>-1</maxLodPixels>
		</Lod>
	</Region>
			<MultiGeometry>
				<Polygon><altitudeMode>relativeToGround</altitudeMode>
					<outerBoundaryIs>
						<LinearRing>
							<coordinates>								4.62438672255652,45.88740287063629,0 4.62430130513526,45.8872527831476,0 4.62427602843352,45.8872616127247,0 4.62427494668604,45.8872599169687,0 4.62424045409202,45.8872711306507,0 4.62424139896269,45.8872725581687,0 4.62423782104835,45.88727369039161,0 4.62433001376589,45.8874261124258,0 4.62435064412212,45.8874171694587,0 4.62438672255652,45.88740287063629,0 
							</coordinates>
						</LinearRing>
					</outerBoundaryIs>
				</Polygon>
			</MultiGeometry>
		</Placemark>
		<Placemark id="personne_morale.105168">
<styleUrl>#personne_morale</styleUrl>			<visibility>0</visibility>
			<ExtendedData>
				<SchemaData schemaUrl="#personne_morale">
					<SimpleData name="Numero de Parcelle">69056000AB0095</SimpleData>
					<SimpleData name="Departement">69</SimpleData>
					<SimpleData name="Commune">CHESSY</SimpleData>
					<SimpleData name="Adresse">LES BRUYERES</SimpleData>
					<SimpleData name="Groupe de personne">Personnes morales non remarquables</SimpleData>
					<SimpleData name="Forme Juridique Abregee">SARL</SimpleData>
					<SimpleData name="Denomination">FOCH INVESTISSEMENTS</SimpleData>
				</SchemaData>
			</ExtendedData>
	<Region>
		<LatLonAltBox>
			<north> 45.8951480724592 </north>
			<south> 45.8948297835155 </south>
			<east> 4.6274073043132 </east>
			<west> 4.62702923810812 </west>
		</LatLonAltBox>
		<Lod>
			<minLodPixels>100</minLodPixels>
			<maxLodPixels>-1</maxLodPixels>
		</Lod>
	</Region>
			<MultiGeometry>
				<Polygon><altitudeMode>relativeToGround</altitudeMode>
					<outerBoundaryIs>
						<LinearRing>
							<coordinates>								4.62703860280485,45.8948297835155,0 4.62702923810812,45.8948402761324,0 4.6270351899398,45.8948758575636,0 4.6272319568277,45.89501317239471,0 4.62719555898394,45.89503864514071,0 4.62735241890526,45.8951480724592,0 4.6274073043132,45.89508468499281,0 4.62710934731503,45.8948754209246,0 4.62708436301303,45.8948592979394,0 4.62703860280485,45.8948297835155,0 
							</coordinates>
						</LinearRing>
					</outerBoundaryIs>
				</Polygon>
			</MultiGeometry>
		</Placemark>
		<Placemark id="personne_morale.105177">
<styleUrl>#personne_morale</styleUrl>			<visibility>0</visibility>
			<ExtendedData>
				<SchemaData schemaUrl="#personne_morale">
					<SimpleData name="Numero de Parcelle">69056000AC0095</SimpleData>
					<SimpleData name="Departement">69</SimpleData>
					<SimpleData name="Commune">CHESSY</SimpleData>
					<SimpleData name="Adresse">LA ROBERDE</SimpleData>
					<SimpleData name="Groupe de personne">Personnes morales non remarquables</SimpleData>
					<SimpleData name="Forme Juridique Abregee">GFA</SimpleData>
					<SimpleData name="Denomination">DU PRE DU TOUR</SimpleData>
				</SchemaData>
			</ExtendedData>
	<Region>
		<LatLonAltBox>
			<north> 45.8921361184034 </north>
			<south> 45.8913022778157 </south>
			<east> 4.62499888346747 </east>
			<west> 4.62365143614626 </west>
		</LatLonAltBox>
		<Lod>
			<minLodPixels>100</minLodPixels>
			<maxLodPixels>-1</maxLodPixels>
		</Lod>
	</Region>
			<MultiGeometry>
				<Polygon><altitudeMode>relativeToGround</altitudeMode>
					<outerBoundaryIs>
						<LinearRing>
							<coordinates>								4.62369118823529,45.8918007187558,0 4.62372506656612,45.8920970072505,0 4.62425732658883,45.8919679501276,0 4.62425970555574,45.89211436701391,0 4.62426911739546,45.8921361184034,0 4.62434494992595,45.89211386292951,0 4.62443079123068,45.89208984237609,0 4.62452264444248,45.8920641141474,0 4.62458980766215,45.8920453155951,0 4.62464815902752,45.8920382624342,0 4.62472476012742,45.8920289654951,0 4.62480084547991,45.89201967591529,0 4.62487849919911,45.89201108429119,0 4.62495375098237,45.8920041483635,0 4.62499888346747,45.8919993565716,0 4.62499367311677,45.89156440146701,0 4.6249038924148,45.8915291240564,0 4.62480946507098,45.89149373321549,0 4.62473759729042,45.89146666467379,0 4.62468555812193,45.8914384104752,0 4.62461814778888,45.8914006497465,0 4.62459522599953,45.8913844065404,0 4.62428980821841,45.8916519742297,0 4.62384818522702,45.8913022778157,0 4.62365143614626,45.8916159290813,0 4.62369118823529,45.8918007187558,0 
							</coordinates>
						</LinearRing>
					</outerBoundaryIs>
				</Polygon>
			</MultiGeometry>
		</Placemark>
		<Placemark id="personne_morale.105185">
<styleUrl>#personne_morale</styleUrl>			<visibility>0</visibility>
			<ExtendedData>
				<SchemaData schemaUrl="#personne_morale">
					<SimpleData name="Numero de Parcelle">69056000AE0095</SimpleData>
					<SimpleData name="Departement">69</SimpleData>
					<SimpleData name="Commune">CHESSY</SimpleData>
					<SimpleData name="Adresse">315, RTE DE LA VALLEE</SimpleData>
					<SimpleData name="Groupe de personne">Personnes morales non remarquables</SimpleData>
					<SimpleData name="Forme Juridique Abregee">SCI</SimpleData>
					<SimpleData name="Denomination">SCI CHATAIGNE</SimpleData>
				</SchemaData>
			</ExtendedData>
	<Region>
		<LatLonAltBox>
			<north> 45.88740287063629 </north>
			<south> 45.88722988520941 </south>
			<east> 4.62451353435945 </east>
			<west> 4.62430130513526 </west>
		</LatLonAltBox>
		<Lod>
			<minLodPixels>100</minLodPixels>
			<maxLodPixels>-1</maxLodPixels>
		</Lod>
	</Region>
			<MultiGeometry>
				<Polygon><altitudeMode>relativeToGround</altitudeMode>
					<outerBoundaryIs>
						<LinearRing>
							<coordinates>								4.62438672255652,45.88740287063629,0 4.62439500949499,45.88739959917789,0 4.62443851749589,45.8873835723596,0 4.62445600705964,45.88737746661879,0 4.62451353435945,45.8873557441644,0 4.62447112838736,45.8872822272844,0 4.62446778603762,45.8872782222365,0 4.62445837546621,45.8872696208298,0 4.62443664914248,45.8872501179817,0 4.62442074912497,45.88723575537641,0 4.62438148921581,45.88724712766919,0 4.6243716951108,45.88722988520941,0 4.62430551968631,45.887251371571,0 4.62430130513526,45.8872527831476,0 4.62438672255652,45.88740287063629,0 
							</coordinates>
						</LinearRing>
					</outerBoundaryIs>
				</Polygon>
			</MultiGeometry>
		</Placemark>
		<Placemark id="personne_morale.105575">
<styleUrl>#personne_morale</styleUrl>			<visibility>0</visibility>
			<ExtendedData>
				<SchemaData schemaUrl="#personne_morale">
					<SimpleData name="Numero de Parcelle">69056000AB0096</SimpleData>
					<SimpleData name="Departement">69</SimpleData>
					<SimpleData name="Commune">CHESSY</SimpleData>
					<SimpleData name="Adresse">LES BRUYERES</SimpleData>
					<SimpleData name="Groupe de personne">Personnes morales non remarquables</SimpleData>
					<SimpleData name="Forme Juridique Abregee">SARL</SimpleData>
					<SimpleData name="Denomination">FOCH INVESTISSEMENTS</SimpleData>
				</SchemaData>
			</ExtendedData>
	<Region>
		<LatLonAltBox>
			<north> 45.89503864514071 </north>
			<south> 45.8948402761324 </south>
			<east> 4.6272319568277 </east>
			<west> 4.6269695542917 </west>
		</LatLonAltBox>
		<Lod>
			<minLodPixels>100</minLodPixels>
			<maxLodPixels>-1</maxLodPixels>
		</Lod>
	</Region>
			<MultiGeometry>
				<Polygon><altitudeMode>relativeToGround</altitudeMode>
					<outerBoundaryIs>
						<LinearRing>
							<coordinates>								4.62719555898394,45.89503864514071,0 4.6272319568277,45.89501317239471,0 4.6270351899398,45.8948758575636,0 4.62702923810812,45.8948402761324,0 4.6269695542917,45.8948809451589,0 4.62711271685415,45.8949808425024,0 4.6271540721,45.8950096997418,0 4.62719555898394,45.89503864514071,0 
							</coordinates>
						</LinearRing>
					</outerBoundaryIs>
				</Polygon>
			</MultiGeometry>
		</Placemark>
		<Placemark id="personne_morale.105583">
<styleUrl>#personne_morale</styleUrl>			<visibility>0</visibility>
			<ExtendedData>
				<SchemaData schemaUrl="#personne_morale">
					<SimpleData name="Numero de Parcelle">69056000AC0096</SimpleData>
					<SimpleData name="Departement">69</SimpleData>
					<SimpleData name="Commune">CHESSY</SimpleData>
					<SimpleData name="Adresse">LA ROBERDE</SimpleData>
					<SimpleData name="Groupe de personne">Personnes morales non remarquables</SimpleData>
					<SimpleData name="Forme Juridique Abregee">GFA</SimpleData>
					<SimpleData name="Denomination">DU PRE DU TOUR</SimpleData>
				</SchemaData>
			</ExtendedData>
	<Region>
		<LatLonAltBox>
			<north> 45.8916519742297 </north>
			<south> 45.89103304149211 </south>
			<east> 4.62459522599953 </east>
			<west> 4.62384818522702 </west>
		</LatLonAltBox>
		<Lod>
			<minLodPixels>100</minLodPixels>
			<maxLodPixels>-1</maxLodPixels>
		</Lod>
	</Region>
			<MultiGeometry>
				<Polygon><altitudeMode>relativeToGround</altitudeMode>
					<outerBoundaryIs>
						<LinearRing>
							<coordinates>								4.62386469631989,45.89128042428651,0 4.62384818522702,45.8913022778157,0 4.62428980821841,45.8916519742297,0 4.62459522599953,45.8913844065404,0 4.62458192031074,45.89137496041861,0 4.62448993461069,45.8913042274573,0 4.62441488333924,45.8912435189101,0 4.62431195989339,45.8911605135304,0 4.62423178797764,45.8910967260423,0 4.62415071640285,45.89103304149211,0 4.62405778991214,45.8911098535822,0 4.62405338880979,45.891113699669,0 4.62392805077002,45.8912243024778,0 4.62386469631989,45.89128042428651,0 
							</coordinates>
						</LinearRing>
					</outerBoundaryIs>
				</Polygon>
			</MultiGeometry>
		</Placemark>
		<Placemark id="personne_morale.105951">
<styleUrl>#personne_morale</styleUrl>			<visibility>0</visibility>
			<ExtendedData>
				<SchemaData schemaUrl="#personne_morale">
					<SimpleData name="Numero de Parcelle">69056000AB0097</SimpleData>
					<SimpleData name="Departement">69</SimpleData>
					<SimpleData name="Commune">CHESSY</SimpleData>
					<SimpleData name="Adresse">LES BRUYERES</SimpleData>
					<SimpleData name="Groupe de personne">Personnes morales non remarquables</SimpleData>
					<SimpleData name="Forme Juridique Abregee">SARL</SimpleData>
					<SimpleData name="Denomination">FOCH INVESTISSEMENTS</SimpleData>
				</SchemaData>
			</ExtendedData>
	<Region>
		<LatLonAltBox>
			<north> 45.8948809451589 </north>
			<south> 45.8946542606092 </south>
			<east> 4.62717570315127 </east>
			<west> 4.62693398937183 </west>
		</LatLonAltBox>
		<Lod>
			<minLodPixels>100</minLodPixels>
			<maxLodPixels>-1</maxLodPixels>
		</Lod>
	</Region>
			<MultiGeometry>
				<Polygon><altitudeMode>relativeToGround</altitudeMode>
					<outerBoundaryIs>
						<LinearRing>
							<coordinates>								4.62717570315127,45.8946762255344,0 4.62714726016543,45.894665286235,0 4.62711855666065,45.8946542606092,0 4.62698735416047,45.89480223948391,0 4.62693398937183,45.89485596754799,0 4.6269695542917,45.8948809451589,0 4.62702923810812,45.8948402761324,0 4.62703860280485,45.8948297835155,0 4.62717570315127,45.8946762255344,0 
							</coordinates>
						</LinearRing>
					</outerBoundaryIs>
				</Polygon>
			</MultiGeometry>
		</Placemark>
		<Placemark id="personne_morale.106016">
<styleUrl>#personne_morale</styleUrl>			<visibility>0</visibility>
			<ExtendedData>
				<SchemaData schemaUrl="#personne_morale">
					<SimpleData name="Numero de Parcelle">69056000AL0097</SimpleData>
					<SimpleData name="Departement">69</SimpleData>
					<SimpleData name="Commune">CHESSY</SimpleData>
					<SimpleData name="Adresse">LES MINES</SimpleData>
					<SimpleData name="Groupe de personne">Personnes morales non remarquables</SimpleData>
					<SimpleData name="Forme Juridique Abregee">SCI</SimpleData>
					<SimpleData name="Denomination">SCI DBMAG</SimpleData>
				</SchemaData>
			</ExtendedData>
	<Region>
		<LatLonAltBox>
			<north> 45.8907336756732 </north>
			<south> 45.8905161498449 </south>
			<east> 4.61031361384267 </east>
			<west> 4.60973100548675 </west>
		</LatLonAltBox>
		<Lod>
			<minLodPixels>100</minLodPixels>
			<maxLodPixels>-1</maxLodPixels>
		</Lod>
	</Region>
			<MultiGeometry>
				<Polygon><altitudeMode>relativeToGround</altitudeMode>
					<outerBoundaryIs>
						<LinearRing>
							<coordinates>								4.61031361384267,45.89052095913409,0 4.60986707015252,45.8905161498449,0 4.60974087592291,45.8905409139624,0 4.60975572288851,45.8905679030997,0 4.60973100548675,45.8905739293007,0 4.60975766575776,45.8906256090019,0 4.6097583051385,45.89062541976251,0 4.60978939596999,45.8906918975895,0 4.60979234290774,45.8906912251549,0 4.60981045233643,45.8907283455146,0 4.60980712124209,45.8907291134873,0 4.60980931815798,45.8907336756732,0 4.60995663876646,45.8906991535199,0 4.60999224437908,45.8906773003971,0 4.61003180359296,45.89058324651879,0 4.61004688625878,45.89054763502439,0 4.61031361384267,45.89052095913409,0 
							</coordinates>
						</LinearRing>
					</outerBoundaryIs>
				</Polygon>
			</MultiGeometry>
		</Placemark>
		<Placemark id="personne_morale.106385">
<styleUrl>#personne_morale</styleUrl>			<visibility>0</visibility>
			<ExtendedData>
				<SchemaData schemaUrl="#personne_morale">
					<SimpleData name="Numero de Parcelle">69056000AB0098</SimpleData>
					<SimpleData name="Departement">69</SimpleData>
					<SimpleData name="Commune">CHESSY</SimpleData>
					<SimpleData name="Adresse">LES BRUYERES</SimpleData>
					<SimpleData name="Groupe de personne">Personnes morales non remarquables</SimpleData>
					<SimpleData name="Forme Juridique Abregee">SARL</SimpleData>
					<SimpleData name="Denomination">FOCH INVESTISSEMENTS</SimpleData>
				</SchemaData>
			</ExtendedData>
	<Region>
		<LatLonAltBox>
			<north> 45.89485596754799 </north>
			<south> 45.8947892153782 </south>
			<east> 4.62698735416047 </east>
			<west> 4.62689922467479 </west>
		</LatLonAltBox>
		<Lod>
			<minLodPixels>100</minLodPixels>
			<maxLodPixels>-1</maxLodPixels>
		</Lod>
	</Region>
			<MultiGeometry>
				<Polygon><altitudeMode>relativeToGround</altitudeMode>
					<outerBoundaryIs>
						<LinearRing>
							<coordinates>								4.62689922467479,45.8948318790963,0 4.62693398937183,45.89485596754799,0 4.62698735416047,45.89480223948391,0 4.62694104878598,45.8947892153782,0 4.62689922467479,45.8948318790963,0 
							</coordinates>
						</LinearRing>
					</outerBoundaryIs>
				</Polygon>
			</MultiGeometry>
		</Placemark>
		<Placemark id="personne_morale.106435">
<styleUrl>#personne_morale</styleUrl>			<visibility>0</visibility>
			<ExtendedData>
				<SchemaData schemaUrl="#personne_morale">
					<SimpleData name="Numero de Parcelle">69056000AK0098</SimpleData>
					<SimpleData name="Departement">69</SimpleData>
					<SimpleData name="Commune">CHESSY</SimpleData>
					<SimpleData name="Adresse">LES ECUBLISES</SimpleData>
					<SimpleData name="Groupe de personne">Personnes morales non remarquables</SimpleData>
					<SimpleData name="Forme Juridique Abregee">AUPM</SimpleData>
					<SimpleData name="Denomination">PROP IND PARCELLES AK 72 ET AK 98</SimpleData>
				</SchemaData>
			</ExtendedData>
	<Region>
		<LatLonAltBox>
			<north> 45.89085370484 </north>
			<south> 45.8904368151925 </south>
			<east> 4.61675677172184 </east>
			<west> 4.61626660130467 </west>
		</LatLonAltBox>
		<Lod>
			<minLodPixels>100</minLodPixels>
			<maxLodPixels>-1</maxLodPixels>
		</Lod>
	</Region>
			<MultiGeometry>
				<Polygon><altitudeMode>relativeToGround</altitudeMode>
					<outerBoundaryIs>
						<LinearRing>
							<coordinates>								4.61672341458804,45.89085370484,0 4.61675677172184,45.8908432302861,0 4.61662434555767,45.8906685903402,0 4.61651676070195,45.8905449339104,0 4.61642485163889,45.8904368151925,0 4.61639353153563,45.8904507731851,0 4.61626660130467,45.8905075293323,0 4.61630874260198,45.8905415130524,0 4.61652721899794,45.89070366454649,0 4.61659147824271,45.8906825705093,0 4.61666132866537,45.89076857755539,0 4.61671340926303,45.8908379959196,0 4.61672341458804,45.89085370484,0 
							</coordinates>
						</LinearRing>
					</outerBoundaryIs>
				</Polygon>
			</MultiGeometry>
		</Placemark>
</Folder></Document></kml>