<?xml version="1.0" encoding="UTF-8"?>
<kml xmlns="http://www.opengis.net/kml/2.2" xmlns:gx="http://www.google.com/kml/ext/2.2" xmlns:kml="http://www.opengis.net/kml/2.2" xmlns:atom="http://www.w3.org/2005/Atom">
<Document id="root_doc">
	<name>parcelle_69_personne_morale.kml</name>
	<visibility>0</visibility>
	<atom:link rel="app" href="https://www.google.com/earth/about/versions/#earth-pro" title="Google Earth Pro 7.3.6.10201"></atom:link>
	<Schema name="CHEVINAY_personne_morale" id="CHEVINAY_personne_morale">
		<SimpleField type="string" name="Numero de Parcelle"></SimpleField>
		<SimpleField type="string" name="Departement"></SimpleField>
		<SimpleField type="string" name="Commune"></SimpleField>
		<SimpleField type="string" name="Adresse"></SimpleField>
		<SimpleField type="string" name="Groupe de personne"></SimpleField>
		<SimpleField type="string" name="Forme Juridique Abregee"></SimpleField>
		<SimpleField type="string" name="Denomination"></SimpleField>
	</Schema>
	<Style id="personne_morale">
		<LineStyle>
			<color>BF0000ff</color>
			<width>1.5</width>
		</LineStyle>
		<PolyStyle>
			<color>4C0000ff</color>
			<fill>1</fill>
			<outline>1</outline>
		</PolyStyle>
	</Style>	<Folder>
		<name>parcelle_69_personne_morale</name>
		<visibility>0</visibility>
		<Placemark id="personne_morale.3210">
<styleUrl>#personne_morale</styleUrl>			<visibility>0</visibility>
			<ExtendedData>
				<SchemaData schemaUrl="#personne_morale">
					<SimpleData name="Numero de Parcelle">69057000AD0581</SimpleData>
					<SimpleData name="Departement">69</SimpleData>
					<SimpleData name="Commune">CHEVINAY</SimpleData>
					<SimpleData name="Adresse">LE BOURG</SimpleData>
					<SimpleData name="Groupe de personne">Personnes morales non remarquables</SimpleData>
					<SimpleData name="Forme Juridique Abregee">SA</SimpleData>
					<SimpleData name="Denomination">A S T  GROUPE</SimpleData>
				</SchemaData>
			</ExtendedData>
	<Region>
		<LatLonAltBox>
			<north> 45.7700768860626 </north>
			<south> 45.7699738740616 </south>
			<east> 4.60860933068138 </east>
			<west> 4.60852132854962 </west>
		</LatLonAltBox>
		<Lod>
			<minLodPixels>100</minLodPixels>
			<maxLodPixels>-1</maxLodPixels>
		</Lod>
	</Region>
			<MultiGeometry>
				<Polygon><altitudeMode>relativeToGround</altitudeMode>
					<outerBoundaryIs>
						<LinearRing>
							<coordinates>								4.60860933068138,45.7700094718916,0 4.60856659562667,45.7699738740616,0 4.60852132854962,45.7700148697653,0 4.60853046987323,45.7700768860626,0 4.60860933068138,45.7700094718916,0 
							</coordinates>
						</LinearRing>
					</outerBoundaryIs>
				</Polygon>
			</MultiGeometry>
		</Placemark>
		<Placemark id="personne_morale.6632">
<styleUrl>#personne_morale</styleUrl>			<visibility>0</visibility>
			<ExtendedData>
				<SchemaData schemaUrl="#personne_morale">
					<SimpleData name="Numero de Parcelle">69057000AH0083</SimpleData>
					<SimpleData name="Departement">69</SimpleData>
					<SimpleData name="Commune">CHEVINAY</SimpleData>
					<SimpleData name="Adresse">ST BONNET OUEST</SimpleData>
					<SimpleData name="Groupe de personne">Personnes morales non remarquables</SimpleData>
					<SimpleData name="Forme Juridique Abregee">AUPM</SimpleData>
					<SimpleData name="Denomination">PROPRIETAIRES DU BND 057 AH0083</SimpleData>
				</SchemaData>
			</ExtendedData>
	<Region>
		<LatLonAltBox>
			<north> 45.7602055048956 </north>
			<south> 45.7600534276076 </south>
			<east> 4.60305253405702 </east>
			<west> 4.60288822276658 </west>
		</LatLonAltBox>
		<Lod>
			<minLodPixels>100</minLodPixels>
			<maxLodPixels>-1</maxLodPixels>
		</Lod>
	</Region>
			<MultiGeometry>
				<Polygon><altitudeMode>relativeToGround</altitudeMode>
					<outerBoundaryIs>
						<LinearRing>
							<coordinates>								4.60305253405702,45.7601640370671,0 4.60288822276658,45.7600534276076,0 4.60298656774227,45.7602055048956,0 4.60305253405702,45.7601640370671,0 
							</coordinates>
						</LinearRing>
					</outerBoundaryIs>
				</Polygon>
			</MultiGeometry>
		</Placemark>
		<Placemark id="personne_morale.7932">
<styleUrl>#personne_morale</styleUrl>			<visibility>0</visibility>
			<ExtendedData>
				<SchemaData schemaUrl="#personne_morale">
					<SimpleData name="Numero de Parcelle">69057000AH0100</SimpleData>
					<SimpleData name="Departement">69</SimpleData>
					<SimpleData name="Commune">CHEVINAY</SimpleData>
					<SimpleData name="Adresse">ST BONNET OUEST</SimpleData>
					<SimpleData name="Groupe de personne">Personnes morales non remarquables</SimpleData>
					<SimpleData name="Forme Juridique Abregee">SAS</SimpleData>
					<SimpleData name="Denomination">VIDALIA</SimpleData>
				</SchemaData>
			</ExtendedData>
	<Region>
		<LatLonAltBox>
			<north> 45.76102083738531 </north>
			<south> 45.7569441869532 </south>
			<east> 4.6142247033911 </east>
			<west> 4.60778101027471 </west>
		</LatLonAltBox>
		<Lod>
			<minLodPixels>100</minLodPixels>
			<maxLodPixels>-1</maxLodPixels>
		</Lod>
	</Region>
			<MultiGeometry>
				<Polygon><altitudeMode>relativeToGround</altitudeMode>
					<outerBoundaryIs>
						<LinearRing>
							<coordinates>								4.61069794657122,45.7569441869532,0 4.6106703346631,45.7570872483028,0 4.61048330971067,45.75718647136309,0 4.60800652677336,45.75843294717189,0 4.60815780313249,45.7585420238097,0 4.60879826829895,45.7590037635367,0 4.60937937487538,45.7594240150006,0 4.60918510289028,45.75972986407509,0 4.60909553953227,45.75987110676859,0 4.60820723090933,45.7595684491509,0 4.60809879677953,45.7596715012402,0 4.60778101027471,45.7599737045889,0 4.60807306770765,45.7601625559458,0 4.60788567988906,45.760369230232,0 4.6080073250598,45.7603928951819,0 4.60816509597265,45.76045081102129,0 4.60817460342543,45.7604547285097,0 4.60829100534175,45.760506028579,0 4.60840339893119,45.7605610784566,0 4.60877511401372,45.7608162527803,0 4.608841666376,45.760856914761,0 4.60891661391345,45.7608898012152,0 4.60930891016061,45.76102083738531,0 4.60942864840409,45.7606652535272,0 4.60942903020015,45.7606297614598,0 4.60936037466631,45.7603710762673,0 4.60941456170343,45.7603803906872,0 4.61025852534756,45.760520649835,0 4.61029677421988,45.760353929106,0 4.61031690600838,45.7603029336504,0 4.61035466230614,45.76022088345859,0 4.61039851100808,45.76014036748741,0 4.61044845733852,45.7600615657901,0 4.61047570487198,45.76002956303509,0 4.61054430911182,45.7599551784104,0 4.61061826541214,45.7598834193464,0 4.61069757901072,45.7598144658929,0 4.6110719842191,45.7595128864854,0 4.61108769449946,45.75949563931431,0 4.61120904262745,45.7593679014123,0 4.61133548516949,45.7592427926236,0 4.61135297236804,45.7592291227331,0 4.61142781917289,45.7591747334379,0 4.61150713607563,45.7591236127273,0 4.61159105957504,45.7590760288442,0 4.61167856071039,45.759031996481,0 4.61179513248133,45.7589788120794,0 4.61211187062172,45.7588709779443,0 4.6121617014414,45.7588500905717,0 4.61225081874793,45.7588085565468,0 4.61233609562148,45.7587632945074,0 4.61253646720482,45.758649556834,0 4.61277782742044,45.7585074018208,0 4.61301457699125,45.75836161943761,0 4.61311013576957,45.7582851364203,0 4.61318126493131,45.758218099553,0 4.6133546864624,45.7580496244253,0 4.6135227547468,45.75787852356869,0 4.61385647152032,45.757497626598,0 4.61389828854114,45.757457938891,0 4.61395112227921,45.757425389006,0 4.61412431833754,45.7573550896049,0 4.6142247033911,45.757325011444,0 4.61406526746238,45.7573025245413,0 4.61385196966093,45.7572685589105,0 4.61364033868657,45.7572299755836,0 4.61356355905464,45.757209187579,0 4.61330282159165,45.75712366035111,0 4.61317060546488,45.7570859216917,0 4.61069794657122,45.7569441869532,0 
							</coordinates>
						</LinearRing>
					</outerBoundaryIs>
				</Polygon>
			</MultiGeometry>
		</Placemark>
		<Placemark id="personne_morale.8658">
<styleUrl>#personne_morale</styleUrl>			<visibility>0</visibility>
			<ExtendedData>
				<SchemaData schemaUrl="#personne_morale">
					<SimpleData name="Numero de Parcelle">69057000AH0102</SimpleData>
					<SimpleData name="Departement">69</SimpleData>
					<SimpleData name="Commune">CHEVINAY</SimpleData>
					<SimpleData name="Adresse">ST BONNET OUEST</SimpleData>
					<SimpleData name="Groupe de personne">Personnes morales non remarquables</SimpleData>
					<SimpleData name="Forme Juridique Abregee">AUPM</SimpleData>
					<SimpleData name="Denomination">STE FORESTIERE DE ST BONNET LE FROID</SimpleData>
				</SchemaData>
			</ExtendedData>
	<Region>
		<LatLonAltBox>
			<north> 45.75972986407509 </north>
			<south> 45.7590037635367 </south>
			<east> 4.60937937487538 </east>
			<west> 4.60842006591793 </west>
		</LatLonAltBox>
		<Lod>
			<minLodPixels>100</minLodPixels>
			<maxLodPixels>-1</maxLodPixels>
		</Lod>
	</Region>
			<MultiGeometry>
				<Polygon><altitudeMode>relativeToGround</altitudeMode>
					<outerBoundaryIs>
						<LinearRing>
							<coordinates>								4.60879826829895,45.7590037635367,0 4.60842006591793,45.7593652843186,0 4.60918510289028,45.75972986407509,0 4.60937937487538,45.7594240150006,0 4.60879826829895,45.7590037635367,0 
							</coordinates>
						</LinearRing>
					</outerBoundaryIs>
				</Polygon>
			</MultiGeometry>
		</Placemark>
		<Placemark id="personne_morale.10077">
<styleUrl>#personne_morale</styleUrl>			<visibility>0</visibility>
			<ExtendedData>
				<SchemaData schemaUrl="#personne_morale">
					<SimpleData name="Numero de Parcelle">69057000AE0106</SimpleData>
					<SimpleData name="Departement">69</SimpleData>
					<SimpleData name="Commune">CHEVINAY</SimpleData>
					<SimpleData name="Adresse">PLAINET</SimpleData>
					<SimpleData name="Groupe de personne">Personnes morales non remarquables</SimpleData>
					<SimpleData name="Forme Juridique Abregee">SC</SimpleData>
					<SimpleData name="Denomination">GROUPEMENT FORESTIER BEAUMONT</SimpleData>
				</SchemaData>
			</ExtendedData>
	<Region>
		<LatLonAltBox>
			<north> 45.7624436662387 </north>
			<south> 45.7612236923303 </south>
			<east> 4.61491632743162 </east>
			<west> 4.61390865450148 </west>
		</LatLonAltBox>
		<Lod>
			<minLodPixels>100</minLodPixels>
			<maxLodPixels>-1</maxLodPixels>
		</Lod>
	</Region>
			<MultiGeometry>
				<Polygon><altitudeMode>relativeToGround</altitudeMode>
					<outerBoundaryIs>
						<LinearRing>
							<coordinates>								4.61413831987608,45.7613940638035,0 4.61394086126446,45.76233035063169,0 4.61390865450148,45.7624436662387,0 4.61491632743162,45.7619183802936,0 4.61479822050335,45.7616196953813,0 4.61468625732484,45.7613198416092,0 4.61465179278502,45.7612236923303,0 4.61413831987608,45.7613940638035,0 
							</coordinates>
						</LinearRing>
					</outerBoundaryIs>
				</Polygon>
			</MultiGeometry>
		</Placemark>
		<Placemark id="personne_morale.11970">
<styleUrl>#personne_morale</styleUrl>			<visibility>0</visibility>
			<ExtendedData>
				<SchemaData schemaUrl="#personne_morale">
					<SimpleData name="Numero de Parcelle">69057000AH0111</SimpleData>
					<SimpleData name="Departement">69</SimpleData>
					<SimpleData name="Commune">CHEVINAY</SimpleData>
					<SimpleData name="Adresse">ST BONNET OUEST</SimpleData>
					<SimpleData name="Groupe de personne">Personnes morales non remarquables</SimpleData>
					<SimpleData name="Forme Juridique Abregee">SAS</SimpleData>
					<SimpleData name="Denomination">VIDALIA</SimpleData>
				</SchemaData>
			</ExtendedData>
	<Region>
		<LatLonAltBox>
			<north> 45.76025777588919 </north>
			<south> 45.7598386683708 </south>
			<east> 4.60640303853484 </east>
			<west> 4.60538699107042 </west>
		</LatLonAltBox>
		<Lod>
			<minLodPixels>100</minLodPixels>
			<maxLodPixels>-1</maxLodPixels>
		</Lod>
	</Region>
			<MultiGeometry>
				<Polygon><altitudeMode>relativeToGround</altitudeMode>
					<outerBoundaryIs>
						<LinearRing>
							<coordinates>								4.60548742218896,45.7598386683708,0 4.60549662419037,45.7600756850365,0 4.60538699107042,45.760239547042,0 4.60599427380886,45.7602503567246,0 4.60640303853484,45.76025777588919,0 4.60626950846618,45.7600598177483,0 4.60582673195222,45.7599357946201,0 4.60548742218896,45.7598386683708,0 
							</coordinates>
						</LinearRing>
					</outerBoundaryIs>
				</Polygon>
			</MultiGeometry>
		</Placemark>
		<Placemark id="personne_morale.12623">
<styleUrl>#personne_morale</styleUrl>			<visibility>0</visibility>
			<ExtendedData>
				<SchemaData schemaUrl="#personne_morale">
					<SimpleData name="Numero de Parcelle">69057000AE0113</SimpleData>
					<SimpleData name="Departement">69</SimpleData>
					<SimpleData name="Commune">CHEVINAY</SimpleData>
					<SimpleData name="Adresse">PLAINET</SimpleData>
					<SimpleData name="Groupe de personne">Personnes morales non remarquables</SimpleData>
					<SimpleData name="Forme Juridique Abregee">AUPM</SimpleData>
					<SimpleData name="Denomination">GROUPEMENT FORESTIER LA FORET DU CENTRE</SimpleData>
				</SchemaData>
			</ExtendedData>
	<Region>
		<LatLonAltBox>
			<north> 45.76411233905869 </north>
			<south> 45.7632357984378 </south>
			<east> 4.61805488111299 </east>
			<west> 4.61541733356893 </west>
		</LatLonAltBox>
		<Lod>
			<minLodPixels>100</minLodPixels>
			<maxLodPixels>-1</maxLodPixels>
		</Lod>
	</Region>
			<MultiGeometry>
				<Polygon><altitudeMode>relativeToGround</altitudeMode>
					<outerBoundaryIs>
						<LinearRing>
							<coordinates>								4.61584648721933,45.76324923027169,0 4.61541733356893,45.7634519947539,0 4.61640830113467,45.76382040671431,0 4.61642783558207,45.76374474009489,0 4.61679113549614,45.7637674545406,0 4.61675879545625,45.7639420190212,0 4.6169452560726,45.7639858213695,0 4.61707152988514,45.7640265232454,0 4.61730529033885,45.76411233905869,0 4.61753271391074,45.76407836506569,0 4.61761346052751,45.7639837168345,0 4.61805488111299,45.76400224464869,0 4.61797102341198,45.7633972913391,0 4.6170603582027,45.7632357984378,0 4.61686421467981,45.7634635092363,0 4.61584648721933,45.76324923027169,0 
							</coordinates>
						</LinearRing>
					</outerBoundaryIs>
				</Polygon>
			</MultiGeometry>
		</Placemark>
		<Placemark id="personne_morale.12947">
<styleUrl>#personne_morale</styleUrl>			<visibility>0</visibility>
			<ExtendedData>
				<SchemaData schemaUrl="#personne_morale">
					<SimpleData name="Numero de Parcelle">69057000AB0114</SimpleData>
					<SimpleData name="Departement">69</SimpleData>
					<SimpleData name="Commune">CHEVINAY</SimpleData>
					<SimpleData name="Adresse">LE MARTINET</SimpleData>
					<SimpleData name="Groupe de personne">Personnes morales non remarquables</SimpleData>
					<SimpleData name="Forme Juridique Abregee">AUPM</SimpleData>
					<SimpleData name="Denomination">MINIS DE LURBANISME ET DU LOGEMENT</SimpleData>
				</SchemaData>
			</ExtendedData>
	<Region>
		<LatLonAltBox>
			<north> 45.7976274514257 </north>
			<south> 45.797193066788 </south>
			<east> 4.58845582920937 </east>
			<west> 4.58784354485131 </west>
		</LatLonAltBox>
		<Lod>
			<minLodPixels>100</minLodPixels>
			<maxLodPixels>-1</maxLodPixels>
		</Lod>
	</Region>
			<MultiGeometry>
				<Polygon><altitudeMode>relativeToGround</altitudeMode>
					<outerBoundaryIs>
						<LinearRing>
							<coordinates>								4.58784354485131,45.7972507588835,0 4.587846901242,45.79726449195161,0 4.58785669833492,45.7972783145477,0 4.58787182879255,45.7972895402315,0 4.58821980091412,45.7974750465692,0 4.58845582920937,45.7976274514257,0 4.58814151604266,45.797193066788,0 4.58799733386291,45.7972210347506,0 4.58784354485131,45.7972507588835,0 
							</coordinates>
						</LinearRing>
					</outerBoundaryIs>
				</Polygon>
			</MultiGeometry>
		</Placemark>
		<Placemark id="personne_morale.13654">
<styleUrl>#personne_morale</styleUrl>			<visibility>0</visibility>
			<ExtendedData>
				<SchemaData schemaUrl="#personne_morale">
					<SimpleData name="Numero de Parcelle">69057000AB0116</SimpleData>
					<SimpleData name="Departement">69</SimpleData>
					<SimpleData name="Commune">CHEVINAY</SimpleData>
					<SimpleData name="Adresse">LE MARTINET</SimpleData>
					<SimpleData name="Groupe de personne">Personnes morales non remarquables</SimpleData>
					<SimpleData name="Forme Juridique Abregee">AUPM</SimpleData>
					<SimpleData name="Denomination">MINIS DE LURBANISME ET DU LOGEMENT</SimpleData>
				</SchemaData>
			</ExtendedData>
	<Region>
		<LatLonAltBox>
			<north> 45.7972507588835 </north>
			<south> 45.796971928121 </south>
			<east> 4.58814151604266 </east>
			<west> 4.58784324601346 </west>
		</LatLonAltBox>
		<Lod>
			<minLodPixels>100</minLodPixels>
			<maxLodPixels>-1</maxLodPixels>
		</Lod>
	</Region>
			<MultiGeometry>
				<Polygon><altitudeMode>relativeToGround</altitudeMode>
					<outerBoundaryIs>
						<LinearRing>
							<coordinates>								4.58784354485131,45.7972507588835,0 4.58799733386291,45.7972210347506,0 4.58814151604266,45.797193066788,0 4.58809422615941,45.79705755051701,0 4.58808558340047,45.796971928121,0 4.58784328671264,45.7972462591539,0 4.58784324601346,45.7972493220119,0 4.58784354485131,45.7972507588835,0 
							</coordinates>
						</LinearRing>
					</outerBoundaryIs>
				</Polygon>
			</MultiGeometry>
		</Placemark>
		<Placemark id="personne_morale.15241">
<styleUrl>#personne_morale</styleUrl>			<visibility>0</visibility>
			<ExtendedData>
				<SchemaData schemaUrl="#personne_morale">
					<SimpleData name="Numero de Parcelle">69057000AI0120</SimpleData>
					<SimpleData name="Departement">69</SimpleData>
					<SimpleData name="Commune">CHEVINAY</SimpleData>
					<SimpleData name="Adresse">LE BURDEL</SimpleData>
					<SimpleData name="Groupe de personne">Personnes morales non remarquables</SimpleData>
					<SimpleData name="Forme Juridique Abregee">AUPM</SimpleData>
					<SimpleData name="Denomination">EDF DISTRIBUTION VIENNE PAYS DE RHONE</SimpleData>
				</SchemaData>
			</ExtendedData>
	<Region>
		<LatLonAltBox>
			<north> 45.7698472997055 </north>
			<south> 45.7698247090014 </south>
			<east> 4.59128306753565 </east>
			<west> 4.59125851282139 </west>
		</LatLonAltBox>
		<Lod>
			<minLodPixels>100</minLodPixels>
			<maxLodPixels>-1</maxLodPixels>
		</Lod>
	</Region>
			<MultiGeometry>
				<Polygon><altitudeMode>relativeToGround</altitudeMode>
					<outerBoundaryIs>
						<LinearRing>
							<coordinates>								4.59128029974048,45.7698247090014,0 4.59125851282139,45.76982789845669,0 4.5912622890377,45.7698472997055,0 4.59128306753565,45.769844845011,0 4.59128029974048,45.7698247090014,0 
							</coordinates>
						</LinearRing>
					</outerBoundaryIs>
				</Polygon>
			</MultiGeometry>
		</Placemark>
		<Placemark id="personne_morale.15522">
<styleUrl>#personne_morale</styleUrl>			<visibility>0</visibility>
			<ExtendedData>
				<SchemaData schemaUrl="#personne_morale">
					<SimpleData name="Numero de Parcelle">69057000AH0121</SimpleData>
					<SimpleData name="Departement">69</SimpleData>
					<SimpleData name="Commune">CHEVINAY</SimpleData>
					<SimpleData name="Adresse">ST BONNET OUEST</SimpleData>
					<SimpleData name="Groupe de personne">Personnes morales non remarquables</SimpleData>
					<SimpleData name="Forme Juridique Abregee">AUPM</SimpleData>
					<SimpleData name="Denomination">PROPRIETAIRES DU BND 057 AH0121</SimpleData>
				</SchemaData>
			</ExtendedData>
	<Region>
		<LatLonAltBox>
			<north> 45.75824874593111 </north>
			<south> 45.7576901886963 </south>
			<east> 4.60104926798316 </east>
			<west> 4.60043992798232 </west>
		</LatLonAltBox>
		<Lod>
			<minLodPixels>100</minLodPixels>
			<maxLodPixels>-1</maxLodPixels>
		</Lod>
	</Region>
			<MultiGeometry>
				<Polygon><altitudeMode>relativeToGround</altitudeMode>
					<outerBoundaryIs>
						<LinearRing>
							<coordinates>								4.60051070702541,45.75811309222,0 4.60104926798316,45.75824874593111,0 4.60093043057605,45.75770876767039,0 4.60075451416639,45.7576901886963,0 4.60075348522354,45.7576902032993,0 4.60070220581288,45.7576922820674,0 4.60065182848439,45.7576988513776,0 4.60051796169607,45.7577371382527,0 4.60043992798232,45.7577617531106,0 4.60051070702541,45.75811309222,0 
							</coordinates>
						</LinearRing>
					</outerBoundaryIs>
				</Polygon>
			</MultiGeometry>
		</Placemark>
		<Placemark id="personne_morale.17325">
<styleUrl>#personne_morale</styleUrl>			<visibility>0</visibility>
			<ExtendedData>
				<SchemaData schemaUrl="#personne_morale">
					<SimpleData name="Numero de Parcelle">69057000AB0127</SimpleData>
					<SimpleData name="Departement">69</SimpleData>
					<SimpleData name="Commune">CHEVINAY</SimpleData>
					<SimpleData name="Adresse">103, CHE CROIX DE LA ROCHETTE</SimpleData>
					<SimpleData name="Groupe de personne">Personnes morales non remarquables</SimpleData>
					<SimpleData name="Forme Juridique Abregee">SAS</SimpleData>
					<SimpleData name="Denomination">FAMILLE PESTRE</SimpleData>
				</SchemaData>
			</ExtendedData>
	<Region>
		<LatLonAltBox>
			<north> 45.78794561894491 </north>
			<south> 45.7877715303488 </south>
			<east> 4.58771679040482 </east>
			<west> 4.58751514009278 </west>
		</LatLonAltBox>
		<Lod>
			<minLodPixels>100</minLodPixels>
			<maxLodPixels>-1</maxLodPixels>
		</Lod>
	</Region>
			<MultiGeometry>
				<Polygon><altitudeMode>relativeToGround</altitudeMode>
					<outerBoundaryIs>
						<LinearRing>
							<coordinates>								4.58771679040482,45.7879107719528,0 4.58764610441618,45.78782989534151,0 4.5875949905028,45.7877715303488,0 4.58751514009278,45.7878107520641,0 4.58757207221114,45.7878789426335,0 4.58762780227922,45.78794561894491,0 4.58771679040482,45.7879107719528,0 
							</coordinates>
						</LinearRing>
					</outerBoundaryIs>
				</Polygon>
			</MultiGeometry>
		</Placemark>
		<Placemark id="personne_morale.17632">
<styleUrl>#personne_morale</styleUrl>			<visibility>0</visibility>
			<ExtendedData>
				<SchemaData schemaUrl="#personne_morale">
					<SimpleData name="Numero de Parcelle">69057000AE0128</SimpleData>
					<SimpleData name="Departement">69</SimpleData>
					<SimpleData name="Commune">CHEVINAY</SimpleData>
					<SimpleData name="Adresse">PLAINET</SimpleData>
					<SimpleData name="Groupe de personne">Personnes morales non remarquables</SimpleData>
					<SimpleData name="Forme Juridique Abregee">SC</SimpleData>
					<SimpleData name="Denomination">GROUPEMENT FORESTIER BEAUMONT</SimpleData>
				</SchemaData>
			</ExtendedData>
	<Region>
		<LatLonAltBox>
			<north> 45.76356535937929 </north>
			<south> 45.7611335101221 </south>
			<east> 4.62380300593574 </east>
			<west> 4.62011371811309 </west>
		</LatLonAltBox>
		<Lod>
			<minLodPixels>100</minLodPixels>
			<maxLodPixels>-1</maxLodPixels>
		</Lod>
	</Region>
			<MultiGeometry>
				<Polygon><altitudeMode>relativeToGround</altitudeMode>
					<outerBoundaryIs>
						<LinearRing>
							<coordinates>								4.62142359220905,45.7629705125309,0 4.62248352766189,45.7624390928391,0 4.62354728400482,45.7619113907671,0 4.62380300593574,45.7617854876516,0 4.62347802639348,45.7616695645414,0 4.62343180332192,45.76165113541471,0 4.62338906809059,45.76162878315319,0 4.62336388785586,45.76161266311891,0 4.62291113860323,45.7612428744491,0 4.62285718520182,45.76121095606781,0 4.62281497389889,45.76119327958941,0 4.62276992585594,45.7611797870289,0 4.62272850140678,45.76117137619,0 4.62263083157033,45.7611537769259,0 4.62253187380165,45.76114051936219,0 4.62245561843644,45.7611335101221,0 4.62234097377999,45.7611338080725,0 4.62222646655218,45.7611387874589,0 4.62212479097739,45.76114691471,0 4.62193798832535,45.7611658131543,0 4.62175222067032,45.7611892898672,0 4.62156773993456,45.7612171610961,0 4.62149654651315,45.7612291728214,0 4.6213474515335,45.7612613986644,0 4.62120028655755,45.76129800989299,0 4.62105569204149,45.7613389072422,0 4.6210431897231,45.7613425995622,0 4.62076318829594,45.7614437163007,0 4.62061408588375,45.761484497711,0 4.62045838679413,45.7615109628372,0 4.6203516919427,45.7615234838391,0 4.62024409594203,45.7615316043604,0 4.62014716461383,45.7615347980057,0 4.62079595445235,45.7617360560125,0 4.62091714326152,45.7617131486519,0 4.6213861560166,45.7621989890182,0 4.62208102764887,45.7623038352876,0 4.62070708413468,45.76311978414279,0 4.62011371811309,45.7635102855833,0 4.62012331127631,45.76356535937929,0 4.62100578011524,45.7630809961623,0 4.62131628997941,45.7629054046514,0 4.62142359220905,45.7629705125309,0 
							</coordinates>
						</LinearRing>
					</outerBoundaryIs>
				</Polygon>
			</MultiGeometry>
		</Placemark>
		<Placemark id="personne_morale.17922">
<styleUrl>#personne_morale</styleUrl>			<visibility>0</visibility>
			<ExtendedData>
				<SchemaData schemaUrl="#personne_morale">
					<SimpleData name="Numero de Parcelle">69057000AB0129</SimpleData>
					<SimpleData name="Departement">69</SimpleData>
					<SimpleData name="Commune">CHEVINAY</SimpleData>
					<SimpleData name="Adresse">LA ROCHETTE</SimpleData>
					<SimpleData name="Groupe de personne">Personnes morales non remarquables</SimpleData>
					<SimpleData name="Forme Juridique Abregee">SAS</SimpleData>
					<SimpleData name="Denomination">FAMILLE PESTRE</SimpleData>
				</SchemaData>
			</ExtendedData>
	<Region>
		<LatLonAltBox>
			<north> 45.7879787552005 </north>
			<south> 45.7876730475432 </south>
			<east> 4.58800288083788 </east>
			<west> 4.5875949905028 </west>
		</LatLonAltBox>
		<Lod>
			<minLodPixels>100</minLodPixels>
			<maxLodPixels>-1</maxLodPixels>
		</Lod>
	</Region>
			<MultiGeometry>
				<Polygon><altitudeMode>relativeToGround</altitudeMode>
					<outerBoundaryIs>
						<LinearRing>
							<coordinates>								4.5878026499793,45.7876730475432,0 4.5875949905028,45.7877715303488,0 4.58764610441618,45.78782989534151,0 4.58771679040482,45.7879107719528,0 4.58777564803119,45.7879787552005,0 4.58783943267949,45.7879538998963,0 4.58792594122851,45.7879134133925,0 4.58800288083788,45.7878759436203,0 4.58792661759917,45.78779811787691,0 4.58785581454937,45.7877266100294,0 4.5878026499793,45.7876730475432,0 
							</coordinates>
						</LinearRing>
					</outerBoundaryIs>
				</Polygon>
			</MultiGeometry>
		</Placemark>
		<Placemark id="personne_morale.18500">
<styleUrl>#personne_morale</styleUrl>			<visibility>0</visibility>
			<ExtendedData>
				<SchemaData schemaUrl="#personne_morale">
					<SimpleData name="Numero de Parcelle">69057000AH0130</SimpleData>
					<SimpleData name="Departement">69</SimpleData>
					<SimpleData name="Commune">CHEVINAY</SimpleData>
					<SimpleData name="Adresse">ST BONNET OUEST</SimpleData>
					<SimpleData name="Groupe de personne">Personnes morales non remarquables</SimpleData>
					<SimpleData name="Forme Juridique Abregee">AUPM</SimpleData>
					<SimpleData name="Denomination">PROPRIETAIRES DU BND 057 AH0130</SimpleData>
				</SchemaData>
			</ExtendedData>
	<Region>
		<LatLonAltBox>
			<north> 45.7583596250214 </north>
			<south> 45.75671448736789 </south>
			<east> 4.60846643314991 </east>
			<west> 4.60473746549058 </west>
		</LatLonAltBox>
		<Lod>
			<minLodPixels>100</minLodPixels>
			<maxLodPixels>-1</maxLodPixels>
		</Lod>
	</Region>
			<MultiGeometry>
				<Polygon><altitudeMode>relativeToGround</altitudeMode>
					<outerBoundaryIs>
						<LinearRing>
							<coordinates>								4.60478569657793,45.7570628682525,0 4.60473746549058,45.75708571107119,0 4.60606632821074,45.7583596250214,0 4.60751410332158,45.7578625434824,0 4.60779895902912,45.7577600395266,0 4.60846643314991,45.75696180159149,0 4.60811971258463,45.7569367530975,0 4.60777350445572,45.7569071928624,0 4.60742832331007,45.7568731135589,0 4.60710662689595,45.7568368972288,0 4.606631033002,45.75680476371581,0 4.60644804593086,45.7567907977275,0 4.60608661147675,45.7567508212472,0 4.60600746888873,45.7567460037394,0 4.60556125782539,45.7568217084285,0 4.60536797066621,45.75671448736789,0 4.60506709238849,45.7569253842052,0 4.60478569657793,45.7570628682525,0 
							</coordinates>
						</LinearRing>
					</outerBoundaryIs>
				</Polygon>
			</MultiGeometry>
		</Placemark>
		<Placemark id="personne_morale.18797">
<styleUrl>#personne_morale</styleUrl>			<visibility>0</visibility>
			<ExtendedData>
				<SchemaData schemaUrl="#personne_morale">
					<SimpleData name="Numero de Parcelle">69057000AH0131</SimpleData>
					<SimpleData name="Departement">69</SimpleData>
					<SimpleData name="Commune">CHEVINAY</SimpleData>
					<SimpleData name="Adresse">ST BONNET OUEST</SimpleData>
					<SimpleData name="Groupe de personne">Personnes morales non remarquables</SimpleData>
					<SimpleData name="Forme Juridique Abregee">AUPM</SimpleData>
					<SimpleData name="Denomination">PROPRIETAIRES DU BND 057 AH0131</SimpleData>
				</SchemaData>
			</ExtendedData>
	<Region>
		<LatLonAltBox>
			<north> 45.7588780490853 </north>
			<south> 45.75696180159149 </south>
			<east> 4.6106703346631 </east>
			<west> 4.60606632821074 </west>
		</LatLonAltBox>
		<Lod>
			<minLodPixels>100</minLodPixels>
			<maxLodPixels>-1</maxLodPixels>
		</Lod>
	</Region>
			<MultiGeometry>
				<Polygon><altitudeMode>relativeToGround</altitudeMode>
					<outerBoundaryIs>
						<LinearRing>
							<coordinates>								4.60606632821074,45.7583596250214,0 4.6062009359588,45.7584885762814,0 4.60707205332796,45.7588780490853,0 4.60761685755901,45.7585153293528,0 4.60787772160301,45.7583399422978,0 4.60800652677336,45.75843294717189,0 4.61048330971067,45.75718647136309,0 4.6106703346631,45.7570872483028,0 4.60978691197881,45.75701294522669,0 4.60962749711108,45.75699108226299,0 4.60946692992747,45.75697382896401,0 4.60938334037584,45.7569665553813,0 4.60916260108858,45.7569773606252,0 4.60894159418366,45.7569833956743,0 4.60884474637771,45.75698477717,0 4.608684877159,45.7569782308414,0 4.60852551741909,45.75696708357721,0 4.60846643314991,45.75696180159149,0 4.60779895902912,45.7577600395266,0 4.60751410332158,45.7578625434824,0 4.60606632821074,45.7583596250214,0 
							</coordinates>
						</LinearRing>
					</outerBoundaryIs>
				</Polygon>
			</MultiGeometry>
		</Placemark>
		<Placemark id="personne_morale.19065">
<styleUrl>#personne_morale</styleUrl>			<visibility>0</visibility>
			<ExtendedData>
				<SchemaData schemaUrl="#personne_morale">
					<SimpleData name="Numero de Parcelle">69057000AE0132</SimpleData>
					<SimpleData name="Departement">69</SimpleData>
					<SimpleData name="Commune">CHEVINAY</SimpleData>
					<SimpleData name="Adresse">SAINT BONNET EST</SimpleData>
					<SimpleData name="Groupe de personne">Personnes morales non remarquables</SimpleData>
					<SimpleData name="Forme Juridique Abregee">AUPM</SimpleData>
					<SimpleData name="Denomination">STE FORESTIERE DE ST BONNET LE FROID</SimpleData>
				</SchemaData>
			</ExtendedData>
	<Region>
		<LatLonAltBox>
			<north> 45.7569361006468 </north>
			<south> 45.7562900157797 </south>
			<east> 4.61827029048823 </east>
			<west> 4.61743416916544 </west>
		</LatLonAltBox>
		<Lod>
			<minLodPixels>100</minLodPixels>
			<maxLodPixels>-1</maxLodPixels>
		</Lod>
	</Region>
			<MultiGeometry>
				<Polygon><altitudeMode>relativeToGround</altitudeMode>
					<outerBoundaryIs>
						<LinearRing>
							<coordinates>								4.61824239818596,45.75661183623609,0 4.61827029048823,45.7565800924677,0 4.61824831151781,45.7565677082644,0 4.61799487487321,45.75641967012861,0 4.61795845589207,45.7563974954993,0 4.61786252070397,45.7563596921969,0 4.61776374875024,45.7563260726198,0 4.61767082830636,45.7562989439767,0 4.61761511105155,45.7562900157797,0 4.61754429892672,45.7563983920903,0 4.61746763563171,45.7565046906381,0 4.61743416916544,45.7565482229429,0 4.61750437104181,45.7565640588593,0 4.61775279069591,45.7566198506178,0 4.61769061336201,45.7567902499072,0 4.61780350585769,45.7568095263858,0 4.61778096803765,45.7568879383887,0 4.61800240280646,45.7569361006468,0 4.61816053125902,45.7567205516919,0 4.6182142749833,45.7566444839874,0 4.61817178395785,45.7566170825439,0 4.61820007588248,45.75659019671849,0 4.61824239818596,45.75661183623609,0 
							</coordinates>
						</LinearRing>
					</outerBoundaryIs>
				</Polygon>
			</MultiGeometry>
		</Placemark>
		<Placemark id="personne_morale.19958">
<styleUrl>#personne_morale</styleUrl>			<visibility>0</visibility>
			<ExtendedData>
				<SchemaData schemaUrl="#personne_morale">
					<SimpleData name="Numero de Parcelle">69057000AH0135</SimpleData>
					<SimpleData name="Departement">69</SimpleData>
					<SimpleData name="Commune">CHEVINAY</SimpleData>
					<SimpleData name="Adresse">LE PLAT</SimpleData>
					<SimpleData name="Groupe de personne">Personnes morales non remarquables</SimpleData>
					<SimpleData name="Forme Juridique Abregee">AUPM</SimpleData>
					<SimpleData name="Denomination">DOMAINE PROPRIETAIRES INCONNUS</SimpleData>
				</SchemaData>
			</ExtendedData>
	<Region>
		<LatLonAltBox>
			<north> 45.75715357076701 </north>
			<south> 45.756573365148 </south>
			<east> 4.60478569657793 </east>
			<west> 4.6042276019082 </west>
		</LatLonAltBox>
		<Lod>
			<minLodPixels>100</minLodPixels>
			<maxLodPixels>-1</maxLodPixels>
		</Lod>
	</Region>
			<MultiGeometry>
				<Polygon><altitudeMode>relativeToGround</altitudeMode>
					<outerBoundaryIs>
						<LinearRing>
							<coordinates>								4.60478569657793,45.7570628682525,0 4.60453782676835,45.756591289012,0 4.6042276019082,45.756573365148,0 4.60424398027837,45.75672093283341,0 4.60442459429994,45.7567728545298,0 4.60459545463765,45.75715357076701,0 4.60465319875743,45.75712599923029,0 4.60473746549058,45.75708571107119,0 4.60478569657793,45.7570628682525,0 
							</coordinates>
						</LinearRing>
					</outerBoundaryIs>
				</Polygon>
			</MultiGeometry>
		</Placemark>
		<Placemark id="personne_morale.21065">
<styleUrl>#personne_morale</styleUrl>			<visibility>0</visibility>
			<ExtendedData>
				<SchemaData schemaUrl="#personne_morale">
					<SimpleData name="Numero de Parcelle">69057000AH0139</SimpleData>
					<SimpleData name="Departement">69</SimpleData>
					<SimpleData name="Commune">CHEVINAY</SimpleData>
					<SimpleData name="Adresse">LE PLAT</SimpleData>
					<SimpleData name="Groupe de personne">Personnes morales non remarquables</SimpleData>
					<SimpleData name="Forme Juridique Abregee">AUPM</SimpleData>
					<SimpleData name="Denomination">DOMAINE PROPRIETAIRES INCONNUS</SimpleData>
				</SchemaData>
			</ExtendedData>
	<Region>
		<LatLonAltBox>
			<north> 45.7574828058053 </north>
			<south> 45.75677499342021 </south>
			<east> 4.60415665778461 </east>
			<west> 4.60264793794579 </west>
		</LatLonAltBox>
		<Lod>
			<minLodPixels>100</minLodPixels>
			<maxLodPixels>-1</maxLodPixels>
		</Lod>
	</Region>
			<MultiGeometry>
				<Polygon><altitudeMode>relativeToGround</altitudeMode>
					<outerBoundaryIs>
						<LinearRing>
							<coordinates>								4.60415665778461,45.7572366399457,0 4.60403113535612,45.75714115230811,0 4.60357119686884,45.75677499342021,0 4.60349959418086,45.7568171722107,0 4.60343100741164,45.7568213897018,0 4.60273304254354,45.7567880776058,0 4.60271910366789,45.7569995737718,0 4.60264793794579,45.7574828058053,0 4.60309869516859,45.75734616259239,0 4.60324719804106,45.7573068539673,0 4.60334078862199,45.7572907525352,0 4.60343655654916,45.757283176475,0 4.60346666333359,45.7572831087385,0 4.60356427243405,45.75728577407941,0 4.60366149769959,45.757292948164,0 4.60378552695171,45.75730595568821,0 4.6039250393484,45.7573248674849,0 4.60406313909305,45.7573483025719,0 4.60415665778461,45.7572366399457,0 
							</coordinates>
						</LinearRing>
					</outerBoundaryIs>
				</Polygon>
			</MultiGeometry>
		</Placemark>
		<Placemark id="personne_morale.24670">
<styleUrl>#personne_morale</styleUrl>			<visibility>0</visibility>
			<ExtendedData>
				<SchemaData schemaUrl="#personne_morale">
					<SimpleData name="Numero de Parcelle">69057000AH0150</SimpleData>
					<SimpleData name="Departement">69</SimpleData>
					<SimpleData name="Commune">CHEVINAY</SimpleData>
					<SimpleData name="Adresse">LE PLAT</SimpleData>
					<SimpleData name="Groupe de personne">Personnes morales non remarquables</SimpleData>
					<SimpleData name="Forme Juridique Abregee">AUPM</SimpleData>
					<SimpleData name="Denomination">PROPRIETAIRES DU BND 057 AH0150</SimpleData>
				</SchemaData>
			</ExtendedData>
	<Region>
		<LatLonAltBox>
			<north> 45.7554836372063 </north>
			<south> 45.7551094944269 </south>
			<east> 4.59952455534126 </east>
			<west> 4.59671865590136 </west>
		</LatLonAltBox>
		<Lod>
			<minLodPixels>100</minLodPixels>
			<maxLodPixels>-1</maxLodPixels>
		</Lod>
	</Region>
			<MultiGeometry>
				<Polygon><altitudeMode>relativeToGround</altitudeMode>
					<outerBoundaryIs>
						<LinearRing>
							<coordinates>								4.59952455534126,45.7552541141828,0 4.59934282861072,45.75527011130589,0 4.59933612514065,45.7552696659594,0 4.59924506860942,45.7552665438326,0 4.59915389032506,45.7552681068583,0 4.59906310210868,45.7552742577119,0 4.59892121015639,45.7552929317967,0 4.59879813619316,45.7553171933226,0 4.59852785477151,45.7553943391434,0 4.59848364385246,45.7554049632085,0 4.5984376359667,45.7554112894935,0 4.59839082350058,45.7553897963719,0 4.59824554591187,45.75532700669331,0 4.59809703407203,45.7552680454852,0 4.59794529056361,45.755213002765,0 4.5978964497651,45.75520144558061,0 4.59781779026432,45.7551865279908,0 4.59773784360576,45.75517604187681,0 4.5975611104223,45.75516449487171,0 4.59726642259415,45.7551094944269,0 4.59717597975968,45.7551097844997,0 4.59714890247394,45.7551122394893,0 4.59710204122523,45.7551201985256,0 4.59705697679603,45.7551324553272,0 4.59701473287051,45.7551488152663,0 4.59698014093136,45.75517173181829,0 4.59693376867138,45.7551966165024,0 4.59688368857274,45.75521786090741,0 4.59671865590136,45.7552683833846,0 4.59681048627366,45.7552626700029,0 4.59698156555119,45.7552655617193,0 4.59715238649591,45.7552728701301,0 4.59721245254526,45.7552766129537,0 4.59763291857551,45.7553207351593,0 4.59775519238565,45.75533998873701,0 4.5983944191885,45.75546963509329,0 4.59855070929627,45.755481650691,0 4.59865202651982,45.7554836372063,0 4.59875333693572,45.7554809402282,0 4.59885400266347,45.75547374893339,0 4.59886439425157,45.75547270094929,0 4.59898828871917,45.7554545522991,0 4.59911076412582,45.7554318301992,0 4.59916165759249,45.7554209310027,0 4.59950604507989,45.7553436333944,0 4.59952455534126,45.7552541141828,0 
							</coordinates>
						</LinearRing>
					</outerBoundaryIs>
				</Polygon>
			</MultiGeometry>
		</Placemark>
		<Placemark id="personne_morale.24948">
<styleUrl>#personne_morale</styleUrl>			<visibility>0</visibility>
			<ExtendedData>
				<SchemaData schemaUrl="#personne_morale">
					<SimpleData name="Numero de Parcelle">69057000AH0151</SimpleData>
					<SimpleData name="Departement">69</SimpleData>
					<SimpleData name="Commune">CHEVINAY</SimpleData>
					<SimpleData name="Adresse">LE PLAT</SimpleData>
					<SimpleData name="Groupe de personne">Personnes morales non remarquables</SimpleData>
					<SimpleData name="Forme Juridique Abregee">AUPM</SimpleData>
					<SimpleData name="Denomination">PROPRIETAIRES DU BND 057 AH0151</SimpleData>
				</SchemaData>
			</ExtendedData>
	<Region>
		<LatLonAltBox>
			<north> 45.7570908476721 </north>
			<south> 45.7552963583462 </south>
			<east> 4.59949759604936 </east>
			<west> 4.5941658219295 </west>
		</LatLonAltBox>
		<Lod>
			<minLodPixels>100</minLodPixels>
			<maxLodPixels>-1</maxLodPixels>
		</Lod>
	</Region>
			<MultiGeometry>
				<Polygon><altitudeMode>relativeToGround</altitudeMode>
					<outerBoundaryIs>
						<LinearRing>
							<coordinates>								4.59949759604936,45.7553806808122,0 4.59935262909966,45.755417592642,0 4.59920586755077,45.75545029656549,0 4.59905717240074,45.75547843427749,0 4.5989252612488,45.7554996688732,0 4.59879515938395,45.75551673457041,0 4.5986303558108,45.7555217726293,0 4.59853003877698,45.7555187811776,0 4.59843062046423,45.7555112735358,0 4.59833158384152,45.7554991669664,0 4.59830315102359,45.7554947963275,0 4.59783137017222,45.7553936704573,0 4.59764269374981,45.7553606766244,0 4.59745260171346,45.7553321158251,0 4.59726122523398,45.7553080762612,0 4.59722081863453,45.75530342458639,0 4.59709014807221,45.7552963583462,0 4.59680500914179,45.7553002155212,0 4.5966759125827,45.7553164539331,0 4.59654822951111,45.75533708548231,0 4.59642208851074,45.75536210835319,0 4.59637811363392,45.7553720077086,0 4.59622235155832,45.75540942854911,0 4.59594332943644,45.7554825487314,0 4.59552155019237,45.75558011453739,0 4.59513805070458,45.75565326955341,0 4.59475274833264,45.7557219453836,0 4.59466747881929,45.75573657103389,0 4.59447133114367,45.7557790637808,0 4.59439614778104,45.7558043546983,0 4.59427919288324,45.7558758100233,0 4.59416658062901,45.7559506263961,0 4.5941658219295,45.7559510874557,0 4.59505525886374,45.75670777645009,0 4.59650560828198,45.7570908476721,0 4.59721749976476,45.7569204490732,0 4.5977481196132,45.7566575028883,0 4.59779078891152,45.7566335710095,0 4.59925755510605,45.75656955060679,0 4.59949759604936,45.7553806808122,0 
							</coordinates>
						</LinearRing>
					</outerBoundaryIs>
				</Polygon>
			</MultiGeometry>
		</Placemark>
		<Placemark id="personne_morale.25477">
<styleUrl>#personne_morale</styleUrl>			<visibility>0</visibility>
			<ExtendedData>
				<SchemaData schemaUrl="#personne_morale">
					<SimpleData name="Numero de Parcelle">69057000AH0153</SimpleData>
					<SimpleData name="Departement">69</SimpleData>
					<SimpleData name="Commune">CHEVINAY</SimpleData>
					<SimpleData name="Adresse">LE PLAT</SimpleData>
					<SimpleData name="Groupe de personne">Personnes morales non remarquables</SimpleData>
					<SimpleData name="Forme Juridique Abregee">AUPM</SimpleData>
					<SimpleData name="Denomination">DOMAINE PROPRIETAIRES INCONNUS</SimpleData>
				</SchemaData>
			</ExtendedData>
	<Region>
		<LatLonAltBox>
			<north> 45.75773285094001 </north>
			<south> 45.75751841874481 </south>
			<east> 4.60092554969441 </east>
			<west> 4.60038720320842 </west>
		</LatLonAltBox>
		<Lod>
			<minLodPixels>100</minLodPixels>
			<maxLodPixels>-1</maxLodPixels>
		</Lod>
	</Region>
			<MultiGeometry>
				<Polygon><altitudeMode>relativeToGround</altitudeMode>
					<outerBoundaryIs>
						<LinearRing>
							<coordinates>								4.60043291479104,45.75773285094001,0 4.60052015680912,45.7577063040726,0 4.60063006586233,45.7576715996087,0 4.60066442676376,45.7576629158544,0 4.6007023750712,45.7576581441411,0 4.60074096562141,45.7576577766001,0 4.60092554969441,45.7576735305467,0 4.60038720320842,45.75751841874481,0 4.60043291479104,45.75773285094001,0 
							</coordinates>
						</LinearRing>
					</outerBoundaryIs>
				</Polygon>
			</MultiGeometry>
		</Placemark>
		<Placemark id="personne_morale.38529">
<styleUrl>#personne_morale</styleUrl>			<visibility>0</visibility>
			<ExtendedData>
				<SchemaData schemaUrl="#personne_morale">
					<SimpleData name="Numero de Parcelle">69057000AE0205</SimpleData>
					<SimpleData name="Departement">69</SimpleData>
					<SimpleData name="Commune">CHEVINAY</SimpleData>
					<SimpleData name="Adresse">PLAINET</SimpleData>
					<SimpleData name="Groupe de personne">Personnes morales non remarquables</SimpleData>
					<SimpleData name="Forme Juridique Abregee">SC</SimpleData>
					<SimpleData name="Denomination">GROUPEMENT FORESTIER BEAUMONT</SimpleData>
				</SchemaData>
			</ExtendedData>
	<Region>
		<LatLonAltBox>
			<north> 45.7622243989781 </north>
			<south> 45.7609543139477 </south>
			<east> 4.61571100136229 </east>
			<west> 4.61465179278502 </west>
		</LatLonAltBox>
		<Lod>
			<minLodPixels>100</minLodPixels>
			<maxLodPixels>-1</maxLodPixels>
		</Lod>
	</Region>
			<MultiGeometry>
				<Polygon><altitudeMode>relativeToGround</altitudeMode>
					<outerBoundaryIs>
						<LinearRing>
							<coordinates>								4.61465179278502,45.7612236923303,0 4.61468625732484,45.7613198416092,0 4.61479822050335,45.7616196953813,0 4.61491632743162,45.7619183802936,0 4.61495452217469,45.76200123615089,0 4.61489264210149,45.76212506448141,0 4.61571100136229,45.7622243989781,0 4.61534975780147,45.7617169974273,0 4.61480181085285,45.7609543139477,0 4.61470856089537,45.7610482384567,0 4.61468801988317,45.7610850999832,0 4.61465179278502,45.7612236923303,0 
							</coordinates>
						</LinearRing>
					</outerBoundaryIs>
				</Polygon>
			</MultiGeometry>
		</Placemark>
		<Placemark id="personne_morale.38706">
<styleUrl>#personne_morale</styleUrl>			<visibility>0</visibility>
			<ExtendedData>
				<SchemaData schemaUrl="#personne_morale">
					<SimpleData name="Numero de Parcelle">69057000AD0206</SimpleData>
					<SimpleData name="Departement">69</SimpleData>
					<SimpleData name="Commune">CHEVINAY</SimpleData>
					<SimpleData name="Adresse">LE MICOLLET</SimpleData>
					<SimpleData name="Groupe de personne">Personnes morales non remarquables</SimpleData>
					<SimpleData name="Forme Juridique Abregee">AUPM</SimpleData>
					<SimpleData name="Denomination">EDF DISTRIBUTION VIENNE PAYS DE RHONE</SimpleData>
				</SchemaData>
			</ExtendedData>
	<Region>
		<LatLonAltBox>
			<north> 45.7733083043362 </north>
			<south> 45.7732891328048 </south>
			<east> 4.60775902903945 </east>
			<west> 4.60773149625181 </west>
		</LatLonAltBox>
		<Lod>
			<minLodPixels>100</minLodPixels>
			<maxLodPixels>-1</maxLodPixels>
		</Lod>
	</Region>
			<MultiGeometry>
				<Polygon><altitudeMode>relativeToGround</altitudeMode>
					<outerBoundaryIs>
						<LinearRing>
							<coordinates>								4.60773149625181,45.7733054887798,0 4.60775513162464,45.7733083043362,0 4.60775902903945,45.7732918564967,0 4.60773526763937,45.7732891328048,0 4.60773149625181,45.7733054887798,0 
							</coordinates>
						</LinearRing>
					</outerBoundaryIs>
				</Polygon>
			</MultiGeometry>
		</Placemark>
		<Placemark id="personne_morale.42051">
<styleUrl>#personne_morale</styleUrl>			<visibility>0</visibility>
			<ExtendedData>
				<SchemaData schemaUrl="#personne_morale">
					<SimpleData name="Numero de Parcelle">69057000AE0221</SimpleData>
					<SimpleData name="Departement">69</SimpleData>
					<SimpleData name="Commune">CHEVINAY</SimpleData>
					<SimpleData name="Adresse">SAINT BONNET EST</SimpleData>
					<SimpleData name="Groupe de personne">Personnes morales non remarquables</SimpleData>
					<SimpleData name="Forme Juridique Abregee">SAS</SimpleData>
					<SimpleData name="Denomination">VIDALIA</SimpleData>
				</SchemaData>
			</ExtendedData>
	<Region>
		<LatLonAltBox>
			<north> 45.7606055753881 </north>
			<south> 45.7585432499945 </south>
			<east> 4.61300744774766 </east>
			<west> 4.61087833622499 </west>
		</LatLonAltBox>
		<Lod>
			<minLodPixels>100</minLodPixels>
			<maxLodPixels>-1</maxLodPixels>
		</Lod>
	</Region>
			<MultiGeometry>
				<Polygon><altitudeMode>relativeToGround</altitudeMode>
					<outerBoundaryIs>
						<LinearRing>
							<coordinates>								4.61280293545813,45.7585432499945,0 4.61259145139847,45.7586729989315,0 4.61237562206836,45.7587993870049,0 4.6123110686084,45.7588360666252,0 4.61214089747866,45.7589132551202,0 4.61200422712865,45.75895672962481,0 4.61187038101273,45.7590043967789,0 4.61175995671465,45.7590477661127,0 4.61167099090463,45.7590901081833,0 4.61158599385299,45.7591361763161,0 4.61152390427655,45.7591735408105,0 4.61139812369909,45.759259551022,0 4.61134794839626,45.75930395061351,0 4.61111766324912,45.7595393443766,0 4.61089887125385,45.7597011684155,0 4.61087833622499,45.7597162327737,0 4.61089955355988,45.7597289895572,0 4.61232602265851,45.76059676501971,0 4.61272968260882,45.76060549522411,0 4.61278077008021,45.7606055753881,0 4.6128943058681,45.7606026009648,0 4.61300744774766,45.7605949485424,0 4.61280293545813,45.7585432499945,0 
							</coordinates>
						</LinearRing>
					</outerBoundaryIs>
				</Polygon>
			</MultiGeometry>
		</Placemark>
		<Placemark id="personne_morale.42218">
<styleUrl>#personne_morale</styleUrl>			<visibility>0</visibility>
			<ExtendedData>
				<SchemaData schemaUrl="#personne_morale">
					<SimpleData name="Numero de Parcelle">69057000AE0222</SimpleData>
					<SimpleData name="Departement">69</SimpleData>
					<SimpleData name="Commune">CHEVINAY</SimpleData>
					<SimpleData name="Adresse">SAINT BONNET EST</SimpleData>
					<SimpleData name="Groupe de personne">Personnes morales non remarquables</SimpleData>
					<SimpleData name="Forme Juridique Abregee">SC</SimpleData>
					<SimpleData name="Denomination">GROUPEMENT FORESTIER BEAUMONT</SimpleData>
				</SchemaData>
			</ExtendedData>
	<Region>
		<LatLonAltBox>
			<north> 45.7624402496635 </north>
			<south> 45.7597162327737 </south>
			<east> 4.61232602265851 </east>
			<west> 4.60946258106428 </west>
		</LatLonAltBox>
		<Lod>
			<minLodPixels>100</minLodPixels>
			<maxLodPixels>-1</maxLodPixels>
		</Lod>
	</Region>
			<MultiGeometry>
				<Polygon><altitudeMode>relativeToGround</altitudeMode>
					<outerBoundaryIs>
						<LinearRing>
							<coordinates>								4.61087833622499,45.7597162327737,0 4.61068685027515,45.7598701907995,0 4.6105675396018,45.7599840286098,0 4.61051768044861,45.76003932147841,0 4.61047342020613,45.7600968761409,0 4.61044495449137,45.76014006466799,0 4.6104063034694,45.7602090678669,0 4.61037361625831,45.76027960712339,0 4.61034740212613,45.7603514950372,0 4.61033883636662,45.7603798985481,0 4.61031482396409,45.7604831886068,0 4.61029714291922,45.7605873790159,0 4.61028590090419,45.7606917477012,0 4.61028555692774,45.76069760700471,0 4.6102656264927,45.7607820146522,0 4.61023936714159,45.7608656119688,0 4.61022947564697,45.760892683382,0 4.61019762014565,45.76095204232789,0 4.61015979534888,45.761009685123,0 4.61011611937433,45.7610652498047,0 4.61006381519445,45.7611073374225,0 4.60990723886655,45.761205404174,0 4.60972468642726,45.76133941809671,0 4.60969403084371,45.7613604810482,0 4.60966860944575,45.76138453159479,0 4.60964901816387,45.7614099400201,0 4.60960874739754,45.7615073373224,0 4.60956213182582,45.7616033840641,0 4.60954284197555,45.7616391459387,0 4.6094706604469,45.76174987818499,0 4.60946390790985,45.7617787060879,0 4.60946258106428,45.7618966234683,0 4.60947295607572,45.7619524073942,0 4.60947461498011,45.7619563466972,0 4.60949229364944,45.76198896911141,0 4.60951571862823,45.7620200684491,0 4.60954498708472,45.7620485625093,0 4.60959928514321,45.7620881379859,0 4.6098249588356,45.76217975865819,0 4.61055813324772,45.7623633884241,0 4.61080178102724,45.7624402496635,0 4.61081878732356,45.7623040947964,0 4.61084477859689,45.762237794144,0 4.610877597587,45.7621717562499,0 4.61091651187067,45.7621073425818,0 4.61095648906104,45.7620705644739,0 4.6110248404097,45.76203157975699,0 4.61114053451151,45.7619701224377,0 4.61126032868051,45.7619124793369,0 4.61140159008635,45.761805532653,0 4.61143031584655,45.76178008348741,0 4.61148648625096,45.76172497025791,0 4.61153718070552,45.7616674133397,0 4.61158201334078,45.7616074182537,0 4.61162112855012,45.76154552334959,0 4.61165729570494,45.7614752041965,0 4.61165906486824,45.7614608581673,0 4.61166925695938,45.76134263389431,0 4.61167300984386,45.7612242314223,0 4.61167032881441,45.76110583081211,0 4.61168259467524,45.7610013572537,0 4.6117153773177,45.7608767756635,0 4.61175068034257,45.7608121430821,0 4.6117584764819,45.7608014937718,0 4.61178933819866,45.7607654760741,0 4.6118255443821,45.7607318138229,0 4.61186685616001,45.7607011408996,0 4.61189266746333,45.76068167771711,0 4.61193148288958,45.760658065717,0 4.61197439068342,45.76063799792421,0 4.61202037761162,45.76062202922021,0 4.61211261672127,45.7606035981076,0 4.61232602265851,45.76059676501971,0 4.61089955355988,45.7597289895572,0 4.61087833622499,45.7597162327737,0 
							</coordinates>
						</LinearRing>
					</outerBoundaryIs>
				</Polygon>
			</MultiGeometry>
		</Placemark>
		<Placemark id="personne_morale.42387">
<styleUrl>#personne_morale</styleUrl>			<visibility>0</visibility>
			<ExtendedData>
				<SchemaData schemaUrl="#personne_morale">
					<SimpleData name="Numero de Parcelle">69057000AE0223</SimpleData>
					<SimpleData name="Departement">69</SimpleData>
					<SimpleData name="Commune">CHEVINAY</SimpleData>
					<SimpleData name="Adresse">SAINT BONNET EST</SimpleData>
					<SimpleData name="Groupe de personne">Personnes morales non remarquables</SimpleData>
					<SimpleData name="Forme Juridique Abregee">SAS</SimpleData>
					<SimpleData name="Denomination">VIDALIA</SimpleData>
				</SchemaData>
			</ExtendedData>
	<Region>
		<LatLonAltBox>
			<north> 45.76099301781819 </north>
			<south> 45.7587864135257 </south>
			<east> 4.62342491312702 </east>
			<west> 4.61495133011457 </west>
		</LatLonAltBox>
		<Lod>
			<minLodPixels>100</minLodPixels>
			<maxLodPixels>-1</maxLodPixels>
		</Lod>
	</Region>
			<MultiGeometry>
				<Polygon><altitudeMode>relativeToGround</altitudeMode>
					<outerBoundaryIs>
						<LinearRing>
							<coordinates>								4.61495133011457,45.7600778862572,0 4.61497721519523,45.7600830097728,0 4.61501008305566,45.7600937075674,0 4.61503971986922,45.7601083245265,0 4.61513195045888,45.760182120359,0 4.61530880516858,45.7603291902652,0 4.61548059745315,45.7604791245123,0 4.61559183769244,45.7605648969358,0 4.6156151407472,45.76057852365621,0 4.61564784127031,45.7605922859702,0 4.61568351297249,45.760602042737,0 4.61572085381248,45.7606072721981,0 4.61575896604487,45.7606080772793,0 4.61579668414613,45.7606042044725,0 4.61596903446414,45.76056192551069,0 4.61656741549364,45.7603737562061,0 4.61665872027098,45.76034984060809,0 4.61675808127579,45.76032860156129,0 4.61685911212196,45.7603116617409,0 4.6169615608533,45.76029920489031,0 4.6170907711001,45.7602866344872,0 4.61723280984651,45.7602771224434,0 4.61737549741912,45.7602721943716,0 4.61752673044434,45.760277861637,0 4.61775874685664,45.7602826403066,0 4.61799076277123,45.7602830051864,0 4.61803354161545,45.7602805901847,0 4.6181720651756,45.7602696862962,0 4.61830968511858,45.7602542918128,0 4.61840003207263,45.76021967046951,0 4.61839862967894,45.7600926950357,0 4.6185045868735,45.7600374943094,0 4.61860625362473,45.76007305329709,0 4.6185593413913,45.76018036671909,0 4.6184335437927,45.76023035803929,0 4.61850628206615,45.7602535425707,0 4.61867809117276,45.7603290758435,0 4.61887371233833,45.7604267840535,0 4.61908105187768,45.7605599005054,0 4.61920893576125,45.76066893823431,0 4.61926172538881,45.7607490612974,0 4.61926239496667,45.76087730822259,0 4.61922666705082,45.76099301781819,0 4.62052050959183,45.7606586592249,0 4.62197205791306,45.7602835589436,0 4.62342491312702,45.7599010353329,0 4.62305067233105,45.7596978238527,0 4.62296492325735,45.75964789915011,0 4.622883570338,45.759594308418,0 4.62280662943891,45.7595375918449,0 4.62279108198944,45.75952520602841,0 4.62270851967055,45.7594479447262,0 4.62263128300589,45.7593679947853,0 4.62256763724436,45.7592951447839,0 4.62236302928316,45.7590448171243,0 4.62215257273468,45.75879682493281,0 4.62214377464474,45.7587864135257,0 4.62102158796871,45.75967620475671,0 4.61941279857089,45.7588434898085,0 4.61900633102293,45.7588703106921,0 4.61852050861082,45.7593289729001,0 4.61849735591434,45.7593424550188,0 4.61788541400537,45.75937888501651,0 4.61733656359654,45.7589814514129,0 4.61563785836915,45.7600615699007,0 4.61510548672495,45.7598974350468,0 4.61495133011457,45.7600778862572,0 
							</coordinates>
						</LinearRing>
					</outerBoundaryIs>
				</Polygon>
			</MultiGeometry>
		</Placemark>
		<Placemark id="personne_morale.42559">
<styleUrl>#personne_morale</styleUrl>			<visibility>0</visibility>
			<ExtendedData>
				<SchemaData schemaUrl="#personne_morale">
					<SimpleData name="Numero de Parcelle">69057000AE0224</SimpleData>
					<SimpleData name="Departement">69</SimpleData>
					<SimpleData name="Commune">CHEVINAY</SimpleData>
					<SimpleData name="Adresse">SAINT BONNET EST</SimpleData>
					<SimpleData name="Groupe de personne">Personnes morales non remarquables</SimpleData>
					<SimpleData name="Forme Juridique Abregee">SC</SimpleData>
					<SimpleData name="Denomination">GROUPEMENT FORESTIER BEAUMONT</SimpleData>
				</SchemaData>
			</ExtendedData>
	<Region>
		<LatLonAltBox>
			<north> 45.76173669574479 </north>
			<south> 45.7599010353329 </south>
			<east> 4.6251740821165 </east>
			<west> 4.61915520159504 </west>
		</LatLonAltBox>
		<Lod>
			<minLodPixels>100</minLodPixels>
			<maxLodPixels>-1</maxLodPixels>
		</Lod>
	</Region>
			<MultiGeometry>
				<Polygon><altitudeMode>relativeToGround</altitudeMode>
					<outerBoundaryIs>
						<LinearRing>
							<coordinates>								4.61922666705082,45.76099301781819,0 4.61920949642943,45.761026229117,0 4.61917981200978,45.7610934855363,0 4.61915634373945,45.7611620938019,0 4.61915520159504,45.7612153402622,0 4.61916370384036,45.7612507949944,0 4.61917875281324,45.761285705411,0 4.61920019088237,45.7613190830267,0 4.61922722783692,45.7613503087069,0 4.61925946725351,45.7613790278673,0 4.61932777137401,45.76142209046651,0 4.6194192936217,45.7614450948424,0 4.61951465229943,45.761458496876,0 4.61977619388959,45.761473835827,0 4.61990144993784,45.76147554973041,0 4.62005979913124,45.7614736358267,0 4.62021801369271,45.7614671301757,0 4.6203952653121,45.7614472009259,0 4.62056866899671,45.7614145370476,0 4.62071281218302,45.76137139511961,0 4.62101865836199,45.7612652235624,0 4.62112414767182,45.76123794812099,0 4.62143880162637,45.76117326016239,0 4.62144930399136,45.76117157803941,0 4.62174149605814,45.7611263965635,0 4.62203510866855,45.76108578735731,0 4.62225407167444,45.76106219303141,0 4.62244431859656,45.7610598170037,0 4.62250188533027,45.7610614207973,0 4.62259691192026,45.7610678897772,0 4.62269091044563,45.7610787867928,0 4.62278375494711,45.7610942037272,0 4.62281360837872,45.76110296115349,0 4.62286797118235,45.76112253436389,0 4.62291922944413,45.7611459350676,0 4.62296622289967,45.76117308989531,0 4.62300907224506,45.7612037269122,0 4.62330349145372,45.76145780492789,0 4.62333081256474,45.7614810995954,0 4.62339650708508,45.76153158290191,0 4.62346699430216,45.7615787547484,0 4.62349019392743,45.7615887786497,0 4.62362198510365,45.7616420933423,0 4.62375700706857,45.7616914884571,0 4.62389512323871,45.76173669574479,0 4.6251740821165,45.7611022113918,0 4.62489703668473,45.76089220130831,0 4.624624793728,45.7606791491651,0 4.62461623201357,45.7606724273187,0 4.62415525329221,45.760316002163,0 4.62403361090624,45.76023137851899,0 4.62390364645847,45.7601525488394,0 4.62342491312702,45.7599010353329,0 4.62197205791306,45.7602835589436,0 4.62052050959183,45.7606586592249,0 4.61922666705082,45.76099301781819,0 
							</coordinates>
						</LinearRing>
					</outerBoundaryIs>
				</Polygon>
			</MultiGeometry>
		</Placemark>
		<Placemark id="personne_morale.42762">
<styleUrl>#personne_morale</styleUrl>			<visibility>0</visibility>
			<ExtendedData>
				<SchemaData schemaUrl="#personne_morale">
					<SimpleData name="Numero de Parcelle">69057000AE0225</SimpleData>
					<SimpleData name="Departement">69</SimpleData>
					<SimpleData name="Commune">CHEVINAY</SimpleData>
					<SimpleData name="Adresse">SAINT BONNET EST</SimpleData>
					<SimpleData name="Groupe de personne">Personnes morales non remarquables</SimpleData>
					<SimpleData name="Forme Juridique Abregee">SAS</SimpleData>
					<SimpleData name="Denomination">VIDALIA</SimpleData>
				</SchemaData>
			</ExtendedData>
	<Region>
		<LatLonAltBox>
			<north> 45.75981173277191 </north>
			<south> 45.7586649922938 </south>
			<east> 4.62357373582177 </east>
			<west> 4.62218202954564 </west>
		</LatLonAltBox>
		<Lod>
			<minLodPixels>100</minLodPixels>
			<maxLodPixels>-1</maxLodPixels>
		</Lod>
	</Region>
			<MultiGeometry>
				<Polygon><altitudeMode>relativeToGround</altitudeMode>
					<outerBoundaryIs>
						<LinearRing>
							<coordinates>								4.62345934853017,45.75981173277191,0 4.62357373582177,45.7594698999167,0 4.62344690748782,45.75943641882129,0 4.62331801704409,45.7594072004537,0 4.62325834719901,45.7593952695616,0 4.62316251519515,45.7593656653255,0 4.6229187833839,45.7592685666807,0 4.62285614465149,45.7592300182074,0 4.6226521661142,45.7590712810193,0 4.62249946503102,45.7589322512819,0 4.62234182783627,45.7587959943837,0 4.62218202954564,45.7586649922938,0 4.62271507742183,45.7593119379715,0 4.62283663234983,45.7594243952051,0 4.62294840616613,45.7595192496814,0 4.623085761897,45.75960887227211,0 4.62345934853017,45.75981173277191,0 
							</coordinates>
						</LinearRing>
					</outerBoundaryIs>
				</Polygon>
			</MultiGeometry>
		</Placemark>
		<Placemark id="personne_morale.42936">
<styleUrl>#personne_morale</styleUrl>			<visibility>0</visibility>
			<ExtendedData>
				<SchemaData schemaUrl="#personne_morale">
					<SimpleData name="Numero de Parcelle">69057000AE0226</SimpleData>
					<SimpleData name="Departement">69</SimpleData>
					<SimpleData name="Commune">CHEVINAY</SimpleData>
					<SimpleData name="Adresse">SAINT BONNET EST</SimpleData>
					<SimpleData name="Groupe de personne">Personnes morales non remarquables</SimpleData>
					<SimpleData name="Forme Juridique Abregee">SC</SimpleData>
					<SimpleData name="Denomination">GROUPEMENT FORESTIER BEAUMONT</SimpleData>
				</SchemaData>
			</ExtendedData>
	<Region>
		<LatLonAltBox>
			<north> 45.7610524820728 </north>
			<south> 45.7594698999167 </south>
			<east> 4.62612646082951 </east>
			<west> 4.62345934853017 </west>
		</LatLonAltBox>
		<Lod>
			<minLodPixels>100</minLodPixels>
			<maxLodPixels>-1</maxLodPixels>
		</Lod>
	</Region>
			<MultiGeometry>
				<Polygon><altitudeMode>relativeToGround</altitudeMode>
					<outerBoundaryIs>
						<LinearRing>
							<coordinates>								4.62345934853017,45.75981173277191,0 4.62392375814858,45.7600575078618,0 4.62411139492386,45.76016784149769,0 4.62417770157297,45.7602129114455,0 4.62438835329976,45.76037073929599,0 4.62527491973063,45.7610524820728,0 4.62612646082951,45.7606306701573,0 4.62598428412285,45.7604649231671,0 4.62584835189173,45.7603145776896,0 4.62573999712061,45.76023994199559,0 4.62518223260446,45.7599660671519,0 4.62485592482665,45.7598397193935,0 4.62435414575775,45.7596666306692,0 4.62402290764304,45.7595781800754,0 4.62357373582177,45.7594698999167,0 4.62345934853017,45.75981173277191,0 
							</coordinates>
						</LinearRing>
					</outerBoundaryIs>
				</Polygon>
			</MultiGeometry>
		</Placemark>
		<Placemark id="personne_morale.43112">
<styleUrl>#personne_morale</styleUrl>			<visibility>0</visibility>
			<ExtendedData>
				<SchemaData schemaUrl="#personne_morale">
					<SimpleData name="Numero de Parcelle">69057000AE0227</SimpleData>
					<SimpleData name="Departement">69</SimpleData>
					<SimpleData name="Commune">CHEVINAY</SimpleData>
					<SimpleData name="Adresse">SAINT BONNET EST</SimpleData>
					<SimpleData name="Groupe de personne">Personnes morales non remarquables</SimpleData>
					<SimpleData name="Forme Juridique Abregee">SAS</SimpleData>
					<SimpleData name="Denomination">VIDALIA</SimpleData>
				</SchemaData>
			</ExtendedData>
	<Region>
		<LatLonAltBox>
			<north> 45.75942989033931 </north>
			<south> 45.7585132036215 </south>
			<east> 4.62365338584155 </east>
			<west> 4.62204594118546 </west>
		</LatLonAltBox>
		<Lod>
			<minLodPixels>100</minLodPixels>
			<maxLodPixels>-1</maxLodPixels>
		</Lod>
	</Region>
			<MultiGeometry>
				<Polygon><altitudeMode>relativeToGround</altitudeMode>
					<outerBoundaryIs>
						<LinearRing>
							<coordinates>								4.62365338584155,45.7592903289054,0 4.62342100384982,45.75919414877261,0 4.62320246871418,45.7590962377505,0 4.6230960125733,45.7590466111536,0 4.62283456497832,45.7589158116939,0 4.62257841317436,45.7587856560073,0 4.62225855018734,45.75862417182309,0 4.62204594118546,45.7585132036215,0 4.62224469010625,45.7586604883767,0 4.62268826767375,45.75903869749351,0 4.62284517249737,45.75916748883559,0 4.62295136720828,45.7592345025306,0 4.62326142547671,45.75935550532591,0 4.62356882878567,45.75942989033931,0 4.62365338584155,45.7592903289054,0 
							</coordinates>
						</LinearRing>
					</outerBoundaryIs>
				</Polygon>
			</MultiGeometry>
		</Placemark>
		<Placemark id="personne_morale.43286">
<styleUrl>#personne_morale</styleUrl>			<visibility>0</visibility>
			<ExtendedData>
				<SchemaData schemaUrl="#personne_morale">
					<SimpleData name="Numero de Parcelle">69057000AE0228</SimpleData>
					<SimpleData name="Departement">69</SimpleData>
					<SimpleData name="Commune">CHEVINAY</SimpleData>
					<SimpleData name="Adresse">SAINT BONNET EST</SimpleData>
					<SimpleData name="Groupe de personne">Personnes morales non remarquables</SimpleData>
					<SimpleData name="Forme Juridique Abregee">SC</SimpleData>
					<SimpleData name="Denomination">GROUPEMENT FORESTIER BEAUMONT</SimpleData>
				</SchemaData>
			</ExtendedData>
	<Region>
		<LatLonAltBox>
			<north> 45.75969865617989 </north>
			<south> 45.7592903289054 </south>
			<east> 4.62456946163445 </east>
			<west> 4.62356882878567 </west>
		</LatLonAltBox>
		<Lod>
			<minLodPixels>100</minLodPixels>
			<maxLodPixels>-1</maxLodPixels>
		</Lod>
	</Region>
			<MultiGeometry>
				<Polygon><altitudeMode>relativeToGround</altitudeMode>
					<outerBoundaryIs>
						<LinearRing>
							<coordinates>								4.62356882878567,45.75942989033931,0 4.62425165472483,45.75959875431209,0 4.62456946163445,45.75969865617989,0 4.62455016625045,45.7596901074329,0 4.62427154938454,45.7595664036506,0 4.62395275757754,45.75942418323169,0 4.62370134256855,45.7593108945845,0 4.62366250303955,45.759294070583,0 4.62365338584155,45.7592903289054,0 4.62356882878567,45.75942989033931,0 
							</coordinates>
						</LinearRing>
					</outerBoundaryIs>
				</Polygon>
			</MultiGeometry>
		</Placemark>
		<Placemark id="personne_morale.43464">
<styleUrl>#personne_morale</styleUrl>			<visibility>0</visibility>
			<ExtendedData>
				<SchemaData schemaUrl="#personne_morale">
					<SimpleData name="Numero de Parcelle">69057000AD0229</SimpleData>
					<SimpleData name="Departement">69</SimpleData>
					<SimpleData name="Commune">CHEVINAY</SimpleData>
					<SimpleData name="Adresse">LE BOURG</SimpleData>
					<SimpleData name="Groupe de personne">Personnes morales non remarquables</SimpleData>
					<SimpleData name="Forme Juridique Abregee">SCI</SimpleData>
					<SimpleData name="Denomination">CHEVINAY</SimpleData>
				</SchemaData>
			</ExtendedData>
	<Region>
		<LatLonAltBox>
			<north> 45.7722030030498 </north>
			<south> 45.7713356836028 </south>
			<east> 4.60717931908486 </east>
			<west> 4.60624627428286 </west>
		</LatLonAltBox>
		<Lod>
			<minLodPixels>100</minLodPixels>
			<maxLodPixels>-1</maxLodPixels>
		</Lod>
	</Region>
			<MultiGeometry>
				<Polygon><altitudeMode>relativeToGround</altitudeMode>
					<outerBoundaryIs>
						<LinearRing>
							<coordinates>								4.60624627428286,45.7721742293301,0 4.60640374018265,45.7721807238941,0 4.60686378268098,45.7721957887976,0 4.60717931908486,45.7722030030498,0 4.60715749580563,45.7719881425227,0 4.60714890304283,45.77194494243189,0 4.60708460166954,45.771836066049,0 4.60703468000938,45.7718365970243,0 4.60697524197858,45.77158516443441,0 4.60654895342323,45.7716551835739,0 4.60652382257007,45.7715876305057,0 4.60643090948555,45.7713356836028,0 4.60629030453752,45.77135569910821,0 4.6062770643749,45.7715864605208,0 4.60626607818976,45.77180178829231,0 4.60625408808577,45.7720268576514,0 4.60624627428286,45.7721742293301,0 
							</coordinates>
						</LinearRing>
					</outerBoundaryIs>
				</Polygon>
			</MultiGeometry>
		</Placemark>
		<Placemark id="personne_morale.44107">
<styleUrl>#personne_morale</styleUrl>			<visibility>0</visibility>
			<ExtendedData>
				<SchemaData schemaUrl="#personne_morale">
					<SimpleData name="Numero de Parcelle">69057000AC0231</SimpleData>
					<SimpleData name="Departement">69</SimpleData>
					<SimpleData name="Commune">CHEVINAY</SimpleData>
					<SimpleData name="Adresse">LES VERCHERES</SimpleData>
					<SimpleData name="Groupe de personne">Personnes morales non remarquables</SimpleData>
					<SimpleData name="Forme Juridique Abregee">SCI</SimpleData>
					<SimpleData name="Denomination">SIDDHARTHA</SimpleData>
				</SchemaData>
			</ExtendedData>
	<Region>
		<LatLonAltBox>
			<north> 45.7808805611776 </north>
			<south> 45.7803792635084 </south>
			<east> 4.59058380856332 </east>
			<west> 4.58984589173127 </west>
		</LatLonAltBox>
		<Lod>
			<minLodPixels>100</minLodPixels>
			<maxLodPixels>-1</maxLodPixels>
		</Lod>
	</Region>
			<MultiGeometry>
				<Polygon><altitudeMode>relativeToGround</altitudeMode>
					<outerBoundaryIs>
						<LinearRing>
							<coordinates>								4.58984589173127,45.7808568157303,0 4.58996963562687,45.7808805611776,0 4.59008128057095,45.7806404900039,0 4.5901228519462,45.7805508277152,0 4.5904648143892,45.7806338237462,0 4.59058380856332,45.78051496899241,0 4.59015382733239,45.7803792635084,0 4.59004917513563,45.78045081055199,0 4.58984589173127,45.7808568157303,0 
							</coordinates>
						</LinearRing>
					</outerBoundaryIs>
				</Polygon>
			</MultiGeometry>
		</Placemark>
		<Placemark id="personne_morale.44474">
<styleUrl>#personne_morale</styleUrl>			<visibility>0</visibility>
			<ExtendedData>
				<SchemaData schemaUrl="#personne_morale">
					<SimpleData name="Numero de Parcelle">69057000AC0233</SimpleData>
					<SimpleData name="Departement">69</SimpleData>
					<SimpleData name="Commune">CHEVINAY</SimpleData>
					<SimpleData name="Adresse">491, CHE DE LETANG</SimpleData>
					<SimpleData name="Groupe de personne">Personnes morales non remarquables</SimpleData>
					<SimpleData name="Forme Juridique Abregee">SCI</SimpleData>
					<SimpleData name="Denomination">SIDDHARTHA</SimpleData>
				</SchemaData>
			</ExtendedData>
	<Region>
		<LatLonAltBox>
			<north> 45.7810421113766 </north>
			<south> 45.78051496899241 </south>
			<east> 4.59063498983104 </east>
			<west> 4.58996963562687 </west>
		</LatLonAltBox>
		<Lod>
			<minLodPixels>100</minLodPixels>
			<maxLodPixels>-1</maxLodPixels>
		</Lod>
	</Region>
			<MultiGeometry>
				<Polygon><altitudeMode>relativeToGround</altitudeMode>
					<outerBoundaryIs>
						<LinearRing>
							<coordinates>								4.59058380856332,45.78051496899241,0 4.5904648143892,45.7806338237462,0 4.5901228519462,45.7805508277152,0 4.59008128057095,45.7806404900039,0 4.58996963562687,45.7808805611776,0 4.59006960027775,45.7809010388922,0 4.59001605103304,45.7810262663516,0 4.59004033735088,45.7810292566153,0 4.59004235116105,45.7810231937352,0 4.59004971569443,45.7810196674052,0 4.59005848615704,45.7810202643546,0 4.59006096721479,45.7810214903337,0 4.59024023073852,45.7810421113766,0 4.59031834944945,45.7810236274456,0 4.5903206002581,45.7809810839987,0 4.59032942371908,45.7809388081867,0 4.59033638556319,45.78091682373441,0 4.59037276411925,45.7808301166877,0 4.59039904376652,45.78079056705359,0 4.59043630861039,45.78073465047991,0 4.59063498983104,45.7805310900871,0 4.59058380856332,45.78051496899241,0 
							</coordinates>
						</LinearRing>
					</outerBoundaryIs>
				</Polygon>
			</MultiGeometry>
		</Placemark>
		<Placemark id="personne_morale.46826">
<styleUrl>#personne_morale</styleUrl>			<visibility>0</visibility>
			<ExtendedData>
				<SchemaData schemaUrl="#personne_morale">
					<SimpleData name="Numero de Parcelle">69057000AC0246</SimpleData>
					<SimpleData name="Departement">69</SimpleData>
					<SimpleData name="Commune">CHEVINAY</SimpleData>
					<SimpleData name="Adresse">LES VERCHERES</SimpleData>
					<SimpleData name="Groupe de personne">Personnes morales non remarquables</SimpleData>
					<SimpleData name="Forme Juridique Abregee">SCI</SimpleData>
					<SimpleData name="Denomination">SIDDHARTHA</SimpleData>
				</SchemaData>
			</ExtendedData>
	<Region>
		<LatLonAltBox>
			<north> 45.7808568157303 </north>
			<south> 45.7775285533795 </south>
			<east> 4.5908723931954 </east>
			<west> 4.58901367314331 </west>
		</LatLonAltBox>
		<Lod>
			<minLodPixels>100</minLodPixels>
			<maxLodPixels>-1</maxLodPixels>
		</Lod>
	</Region>
			<MultiGeometry>
				<Polygon><altitudeMode>relativeToGround</altitudeMode>
					<outerBoundaryIs>
						<LinearRing>
							<coordinates>								4.59063498983104,45.7805310900871,0 4.59084292937417,45.78031830200751,0 4.59085917760466,45.7802924938381,0 4.59086895079983,45.7802653358812,0 4.5908723931954,45.7802373665084,0 4.59087187043383,45.780223683661,0 4.59086951390713,45.78019102248369,0 4.59086074200764,45.7801590822261,0 4.59084556511678,45.78012822300949,0 4.5908310568506,45.7801071716915,0 4.59076447108126,45.7800165120719,0 4.59069215500776,45.7799280047447,0 4.5906564945379,45.7798876169412,0 4.59058319918047,45.7797784979626,0 4.59051603099196,45.7796675812965,0 4.59050640815648,45.7796507843024,0 4.59046638300891,45.7795705581931,0 4.59025927586691,45.7791996083028,0 4.59020717404902,45.77905308272219,0 4.59010659857543,45.77861326090821,0 4.59007875353666,45.77803938486931,0 4.59006198613725,45.7780024234096,0 4.59003729502457,45.7779629616608,0 4.59003167082337,45.7779553852058,0 4.58989788730703,45.777774884344,0 4.58979613089786,45.777589068452,0 4.58975706164434,45.7775285533795,0 4.58968190698111,45.7775604152358,0 4.58966190876696,45.7776482422909,0 4.58966373426132,45.7776669505461,0 4.5897015764805,45.7777563945054,0 4.58972602210343,45.77784548680069,0 4.58976202458751,45.7780275457327,0 4.58977601485466,45.7781290344699,0 4.58978358223492,45.7782309739722,0 4.5897849468778,45.77832759683859,0 4.58978404289356,45.7783766961937,0 4.58977682647732,45.77842561428721,0 4.58977660541601,45.77842687834251,0 4.58969775750893,45.7788359035486,0 4.58970213399029,45.7788851086418,0 4.5898362143402,45.7791518899633,0 4.58984061589863,45.779170651989,0 4.58983522571717,45.7791891016441,0 4.58975445342986,45.7793255206152,0 4.5896240378549,45.7795037095482,0 4.58960677287347,45.7795434022051,0 4.58959934273332,45.7797817345988,0 4.58958183658499,45.77996067452609,0 4.58955788384617,45.7801392549295,0 4.58954135081606,45.7802401829533,0 4.58951243955588,45.7802732846149,0 4.58941173577502,45.7803523410815,0 4.58915791207921,45.7805409141249,0 4.5891303476591,45.7805671516094,0 4.58905524832015,45.7806592671554,0 4.58901367314331,45.7806951589717,0 4.58984589173127,45.7808568157303,0 4.59004917513563,45.78045081055199,0 4.59015382733239,45.7803792635084,0 4.59058380856332,45.78051496899241,0 4.59063498983104,45.7805310900871,0 
							</coordinates>
						</LinearRing>
					</outerBoundaryIs>
				</Polygon>
			</MultiGeometry>
		</Placemark>
		<Placemark id="personne_morale.48969">
<styleUrl>#personne_morale</styleUrl>			<visibility>0</visibility>
			<ExtendedData>
				<SchemaData schemaUrl="#personne_morale">
					<SimpleData name="Numero de Parcelle">69057000AE0258</SimpleData>
					<SimpleData name="Departement">69</SimpleData>
					<SimpleData name="Commune">CHEVINAY</SimpleData>
					<SimpleData name="Adresse">PLAINET</SimpleData>
					<SimpleData name="Groupe de personne">Personnes morales non remarquables</SimpleData>
					<SimpleData name="Forme Juridique Abregee">SC</SimpleData>
					<SimpleData name="Denomination">GROUPEMENT FORESTIER BEAUMONT</SimpleData>
				</SchemaData>
			</ExtendedData>
	<Region>
		<LatLonAltBox>
			<north> 45.7617169974273 </north>
			<south> 45.7607347601934 </south>
			<east> 4.61571892491045 </east>
			<west> 4.61480181085285 </west>
		</LatLonAltBox>
		<Lod>
			<minLodPixels>100</minLodPixels>
			<maxLodPixels>-1</maxLodPixels>
		</Lod>
	</Region>
			<MultiGeometry>
				<Polygon><altitudeMode>relativeToGround</altitudeMode>
					<outerBoundaryIs>
						<LinearRing>
							<coordinates>								4.61480181085285,45.7609543139477,0 4.61534975780147,45.7617169974273,0 4.61571892491045,45.7616855904752,0 4.61526925970718,45.76126546990739,0 4.61501981020115,45.7607347601934,0 4.61480181085285,45.7609543139477,0 
							</coordinates>
						</LinearRing>
					</outerBoundaryIs>
				</Polygon>
			</MultiGeometry>
		</Placemark>
		<Placemark id="personne_morale.50305">
<styleUrl>#personne_morale</styleUrl>			<visibility>0</visibility>
			<ExtendedData>
				<SchemaData schemaUrl="#personne_morale">
					<SimpleData name="Numero de Parcelle">69057000AE0265</SimpleData>
					<SimpleData name="Departement">69</SimpleData>
					<SimpleData name="Commune">CHEVINAY</SimpleData>
					<SimpleData name="Adresse">CHE DE SAINT BONNET</SimpleData>
					<SimpleData name="Groupe de personne">Personnes morales non remarquables</SimpleData>
					<SimpleData name="Forme Juridique Abregee">AUPM</SimpleData>
					<SimpleData name="Denomination">STE FORESTIERE DE ST BONNET LE FROID</SimpleData>
				</SchemaData>
			</ExtendedData>
	<Region>
		<LatLonAltBox>
			<north> 45.75729184058229 </north>
			<south> 45.7565482229429 </south>
			<east> 4.61780350585769 </east>
			<west> 4.61678236514798 </west>
		</LatLonAltBox>
		<Lod>
			<minLodPixels>100</minLodPixels>
			<maxLodPixels>-1</maxLodPixels>
		</Lod>
	</Region>
			<MultiGeometry>
				<Polygon><altitudeMode>relativeToGround</altitudeMode>
					<outerBoundaryIs>
						<LinearRing>
							<coordinates>								4.61778096803765,45.7568879383887,0 4.61780350585769,45.7568095263858,0 4.61769061336201,45.7567902499072,0 4.61775279069591,45.7566198506178,0 4.61750437104181,45.7565640588593,0 4.61743416916544,45.7565482229429,0 4.61741262809038,45.7565771733878,0 4.61735191057208,45.7567842991751,0 4.61724199702147,45.7568096531258,0 4.61678236514798,45.7569187397695,0 4.61681867696317,45.7569988298558,0 4.61689670039526,45.75708408631479,0 4.61693245570379,45.7571099635789,0 4.61765897433623,45.75729184058229,0 4.61775200987313,45.7569887792742,0 4.61778096803765,45.7568879383887,0 
							</coordinates>
						</LinearRing>
					</outerBoundaryIs>
				</Polygon>
			</MultiGeometry>
		</Placemark>
		<Placemark id="personne_morale.50474">
<styleUrl>#personne_morale</styleUrl>			<visibility>0</visibility>
			<ExtendedData>
				<SchemaData schemaUrl="#personne_morale">
					<SimpleData name="Numero de Parcelle">69057000AE0266</SimpleData>
					<SimpleData name="Departement">69</SimpleData>
					<SimpleData name="Commune">CHEVINAY</SimpleData>
					<SimpleData name="Adresse">SAINT BONNET EST</SimpleData>
					<SimpleData name="Groupe de personne">Personnes morales non remarquables</SimpleData>
					<SimpleData name="Forme Juridique Abregee">AUPM</SimpleData>
					<SimpleData name="Denomination">STE FORESTIERE DE ST BONNET LE FROID</SimpleData>
				</SchemaData>
			</ExtendedData>
	<Region>
		<LatLonAltBox>
			<north> 45.7567564983913 </north>
			<south> 45.75659019671849 </south>
			<east> 4.6183189092679 </east>
			<west> 4.61816053125902 </west>
		</LatLonAltBox>
		<Lod>
			<minLodPixels>100</minLodPixels>
			<maxLodPixels>-1</maxLodPixels>
		</Lod>
	</Region>
			<MultiGeometry>
				<Polygon><altitudeMode>relativeToGround</altitudeMode>
					<outerBoundaryIs>
						<LinearRing>
							<coordinates>								4.61824239818596,45.75661183623609,0 4.61820007588248,45.75659019671849,0 4.61817178395785,45.7566170825439,0 4.6182142749833,45.7566444839874,0 4.61816053125902,45.7567205516919,0 4.61826657778247,45.7567564983913,0 4.6183189092679,45.7566805409655,0 4.61821827203204,45.7566403735915,0 4.61824239818596,45.75661183623609,0 
							</coordinates>
						</LinearRing>
					</outerBoundaryIs>
				</Polygon>
			</MultiGeometry>
		</Placemark>
		<Placemark id="personne_morale.50952">
<styleUrl>#personne_morale</styleUrl>			<visibility>0</visibility>
			<ExtendedData>
				<SchemaData schemaUrl="#personne_morale">
					<SimpleData name="Numero de Parcelle">69057000AK0269</SimpleData>
					<SimpleData name="Departement">69</SimpleData>
					<SimpleData name="Commune">CHEVINAY</SimpleData>
					<SimpleData name="Adresse">LES BONNETIERES</SimpleData>
					<SimpleData name="Groupe de personne">Personnes morales non remarquables</SimpleData>
					<SimpleData name="Forme Juridique Abregee">AUPM</SimpleData>
					<SimpleData name="Denomination">DOMAINE PROPRIETAIRES INCONNUS</SimpleData>
				</SchemaData>
			</ExtendedData>
	<Region>
		<LatLonAltBox>
			<north> 45.77183077480279 </north>
			<south> 45.7713961747662 </south>
			<east> 4.58087147892396 </east>
			<west> 4.58010101324229 </west>
		</LatLonAltBox>
		<Lod>
			<minLodPixels>100</minLodPixels>
			<maxLodPixels>-1</maxLodPixels>
		</Lod>
	</Region>
			<MultiGeometry>
				<Polygon><altitudeMode>relativeToGround</altitudeMode>
					<outerBoundaryIs>
						<LinearRing>
							<coordinates>								4.58050320030158,45.77183077480279,0 4.58057424127219,45.7718171701891,0 4.58065846877487,45.7717966257602,0 4.58074038808026,45.7717718804615,0 4.58076627504205,45.77176350179241,0 4.5808054333939,45.7717466510025,0 4.58084062657182,45.7717261630139,0 4.58087147892396,45.771702403362,0 4.5806694701458,45.77159183951191,0 4.58052733731497,45.7715227679684,0 4.58038908999835,45.7714500391445,0 4.58029295333146,45.7713961747662,0 4.58010101324229,45.77146209015929,0 4.58050320030158,45.77183077480279,0 
							</coordinates>
						</LinearRing>
					</outerBoundaryIs>
				</Polygon>
			</MultiGeometry>
		</Placemark>
		<Placemark id="personne_morale.51636">
<styleUrl>#personne_morale</styleUrl>			<visibility>0</visibility>
			<ExtendedData>
				<SchemaData schemaUrl="#personne_morale">
					<SimpleData name="Numero de Parcelle">69057000AI0272</SimpleData>
					<SimpleData name="Departement">69</SimpleData>
					<SimpleData name="Commune">CHEVINAY</SimpleData>
					<SimpleData name="Adresse">LE SOUPAT NORD</SimpleData>
					<SimpleData name="Groupe de personne">Personnes morales non remarquables</SimpleData>
					<SimpleData name="Forme Juridique Abregee">AUPM</SimpleData>
					<SimpleData name="Denomination">DOMAINE PROPRIETAIRES INCONNUS</SimpleData>
				</SchemaData>
			</ExtendedData>
	<Region>
		<LatLonAltBox>
			<north> 45.77182614470891 </north>
			<south> 45.7713844635479 </south>
			<east> 4.58362089877755 </east>
			<west> 4.58275752670873 </west>
		</LatLonAltBox>
		<Lod>
			<minLodPixels>100</minLodPixels>
			<maxLodPixels>-1</maxLodPixels>
		</Lod>
	</Region>
			<MultiGeometry>
				<Polygon><altitudeMode>relativeToGround</altitudeMode>
					<outerBoundaryIs>
						<LinearRing>
							<coordinates>								4.58285661933934,45.7713844635479,0 4.58275752670873,45.771676770184,0 4.58281826668814,45.77169447184239,0 4.58300902104064,45.7717399813146,0 4.58326901689603,45.7717315593794,0 4.58362089877755,45.77182614470891,0 4.58356349300565,45.7717137362415,0 4.58354413564087,45.7716759996632,0 4.5834615829222,45.77151692913001,0 4.58285661933934,45.7713844635479,0 
							</coordinates>
						</LinearRing>
					</outerBoundaryIs>
				</Polygon>
			</MultiGeometry>
		</Placemark>
		<Placemark id="personne_morale.52334">
<styleUrl>#personne_morale</styleUrl>			<visibility>0</visibility>
			<ExtendedData>
				<SchemaData schemaUrl="#personne_morale">
					<SimpleData name="Numero de Parcelle">69057000AE0277</SimpleData>
					<SimpleData name="Departement">69</SimpleData>
					<SimpleData name="Commune">CHEVINAY</SimpleData>
					<SimpleData name="Adresse">SAINT BONNET EST</SimpleData>
					<SimpleData name="Groupe de personne">Personnes morales non remarquables</SimpleData>
					<SimpleData name="Forme Juridique Abregee">SAS</SimpleData>
					<SimpleData name="Denomination">VIDALIA</SimpleData>
				</SchemaData>
			</ExtendedData>
	<Region>
		<LatLonAltBox>
			<north> 45.7570549392399 </north>
			<south> 45.7569220223331 </south>
			<east> 4.61676071603802 </east>
			<west> 4.6165423917531 </west>
		</LatLonAltBox>
		<Lod>
			<minLodPixels>100</minLodPixels>
			<maxLodPixels>-1</maxLodPixels>
		</Lod>
	</Region>
			<MultiGeometry>
				<Polygon><altitudeMode>relativeToGround</altitudeMode>
					<outerBoundaryIs>
						<LinearRing>
							<coordinates>								4.61676071603802,45.7569220223331,0 4.61669160952459,45.7569436384186,0 4.61656333694589,45.75701879209319,0 4.61656310078203,45.7570195160198,0 4.61655959255841,45.7570315453074,0 4.61655248835698,45.75704380626979,0 4.6165423917531,45.7570549392399,0 4.61665443425734,45.7569967708192,0 4.61674701913952,45.7569420335665,0 4.61676071603802,45.7569220223331,0 
							</coordinates>
						</LinearRing>
					</outerBoundaryIs>
				</Polygon>
			</MultiGeometry>
		</Placemark>
		<Placemark id="personne_morale.53955">
<styleUrl>#personne_morale</styleUrl>			<visibility>0</visibility>
			<ExtendedData>
				<SchemaData schemaUrl="#personne_morale">
					<SimpleData name="Numero de Parcelle">69057000AD0287</SimpleData>
					<SimpleData name="Departement">69</SimpleData>
					<SimpleData name="Commune">CHEVINAY</SimpleData>
					<SimpleData name="Adresse">6, PL DU HUIT MAI 1945</SimpleData>
					<SimpleData name="Groupe de personne">Personnes morales non remarquables</SimpleData>
					<SimpleData name="Forme Juridique Abregee">SCI</SimpleData>
					<SimpleData name="Denomination">CERISAIE</SimpleData>
				</SchemaData>
			</ExtendedData>
	<Region>
		<LatLonAltBox>
			<north> 45.7703812758755 </north>
			<south> 45.77027871055319 </south>
			<east> 4.60751196761075 </east>
			<west> 4.60738603716802 </west>
		</LatLonAltBox>
		<Lod>
			<minLodPixels>100</minLodPixels>
			<maxLodPixels>-1</maxLodPixels>
		</Lod>
	</Region>
			<MultiGeometry>
				<Polygon><altitudeMode>relativeToGround</altitudeMode>
					<outerBoundaryIs>
						<LinearRing>
							<coordinates>								4.60738603716802,45.7703411535908,0 4.60746574848673,45.7703781164302,0 4.60749685722652,45.7703812758755,0 4.60750198897462,45.7703187859329,0 4.60751124894117,45.7703185639212,0 4.60751196761075,45.7702901823985,0 4.6075039731639,45.7702896658376,0 4.60741948445958,45.77027871055319,0 4.60738603716802,45.7703411535908,0 
							</coordinates>
						</LinearRing>
					</outerBoundaryIs>
				</Polygon>
			</MultiGeometry>
		</Placemark>
		<Placemark id="personne_morale.57350">
<styleUrl>#personne_morale</styleUrl>			<visibility>0</visibility>
			<ExtendedData>
				<SchemaData schemaUrl="#personne_morale">
					<SimpleData name="Numero de Parcelle">69057000AH0307</SimpleData>
					<SimpleData name="Departement">69</SimpleData>
					<SimpleData name="Commune">CHEVINAY</SimpleData>
					<SimpleData name="Adresse">LE PLAT</SimpleData>
					<SimpleData name="Groupe de personne">Personnes morales non remarquables</SimpleData>
					<SimpleData name="Forme Juridique Abregee">GFO</SimpleData>
					<SimpleData name="Denomination">GROUPEMENT FORESTIER DE LOLIPHANT</SimpleData>
				</SchemaData>
			</ExtendedData>
	<Region>
		<LatLonAltBox>
			<north> 45.7609094798668 </north>
			<south> 45.75759818037 </south>
			<east> 4.60053831173318 </east>
			<west> 4.59678985101023 </west>
		</LatLonAltBox>
		<Lod>
			<minLodPixels>100</minLodPixels>
			<maxLodPixels>-1</maxLodPixels>
		</Lod>
	</Region>
			<MultiGeometry>
				<Polygon><altitudeMode>relativeToGround</altitudeMode>
					<outerBoundaryIs>
						<LinearRing>
							<coordinates>								4.59719549446976,45.7609094798668,0 4.59695753979221,45.76069029278461,0 4.59791195373709,45.76043260389699,0 4.59772663286615,45.76011125702,0 4.5976177540192,45.7598480013904,0 4.59858260189358,45.7596402362272,0 4.59923073739484,45.75950234247,0 4.59928359134084,45.7596435391807,0 4.59932949607796,45.75962019133609,0 4.5994968776015,45.76009058129981,0 4.59951203912306,45.760116485827,0 4.59956666982621,45.7602034366987,0 4.59962703405217,45.7602884148224,0 4.59976451612394,45.76048146081141,0 4.59979479209595,45.7605094026225,0 4.60053831173318,45.7599459313298,0 4.60007023784329,45.75923212354959,0 4.59986160872217,45.7592215728239,0 4.59987011501054,45.75913759948261,0 4.59988135382829,45.7590280082593,0 4.59989005213863,45.7589417805095,0 4.60009913803797,45.758985919805,0 4.60021046650357,45.7586401931251,0 4.59908697294373,45.7580692481221,0 4.5977089213204,45.75759818037,0 4.59741677402986,45.7582992588827,0 4.59736587285073,45.7589243261006,0 4.59735594658046,45.7590973057764,0 4.59723622326323,45.7594737711315,0 4.5971644054244,45.7597403064151,0 4.59708586725521,45.7600058559938,0 4.59705595745901,45.7601018408635,0 4.59691082409417,45.7604629938995,0 4.59685119350759,45.7606704524212,0 4.59678985101023,45.7607875076013,0 4.59684324667442,45.7608051254274,0 4.59701814399386,45.7608593916958,0 4.59719549446976,45.7609094798668,0 
							</coordinates>
						</LinearRing>
					</outerBoundaryIs>
				</Polygon>
			</MultiGeometry>
		</Placemark>
		<Placemark id="personne_morale.57920">
<styleUrl>#personne_morale</styleUrl>			<visibility>0</visibility>
			<ExtendedData>
				<SchemaData schemaUrl="#personne_morale">
					<SimpleData name="Numero de Parcelle">69057000AD0310</SimpleData>
					<SimpleData name="Departement">69</SimpleData>
					<SimpleData name="Commune">CHEVINAY</SimpleData>
					<SimpleData name="Adresse">1, PL DE LA FONTAINE</SimpleData>
					<SimpleData name="Groupe de personne">Personnes morales non remarquables</SimpleData>
					<SimpleData name="Forme Juridique Abregee">SCI</SimpleData>
					<SimpleData name="Denomination">DU BOUSQUET</SimpleData>
				</SchemaData>
			</ExtendedData>
	<Region>
		<LatLonAltBox>
			<north> 45.7705718980856 </north>
			<south> 45.7704289894216 </south>
			<east> 4.60796953018992 </east>
			<west> 4.60776449828377 </west>
		</LatLonAltBox>
		<Lod>
			<minLodPixels>100</minLodPixels>
			<maxLodPixels>-1</maxLodPixels>
		</Lod>
	</Region>
			<MultiGeometry>
				<Polygon><altitudeMode>relativeToGround</altitudeMode>
					<outerBoundaryIs>
						<LinearRing>
							<coordinates>								4.6078101271575,45.7705718980856,0 4.60791946034465,45.7705520561526,0 4.60788846004792,45.77049071162429,0 4.60796953018992,45.7704682101503,0 4.60794715316729,45.7704289894216,0 4.60776449828377,45.7704633864615,0 4.6078101271575,45.7705718980856,0 
							</coordinates>
						</LinearRing>
					</outerBoundaryIs>
				</Polygon>
			</MultiGeometry>
		</Placemark>
		<Placemark id="personne_morale.68628">
<styleUrl>#personne_morale</styleUrl>			<visibility>0</visibility>
			<ExtendedData>
				<SchemaData schemaUrl="#personne_morale">
					<SimpleData name="Numero de Parcelle">69057000AD0395</SimpleData>
					<SimpleData name="Departement">69</SimpleData>
					<SimpleData name="Commune">CHEVINAY</SimpleData>
					<SimpleData name="Adresse">CHANTEMERLE</SimpleData>
					<SimpleData name="Groupe de personne">Personnes morales non remarquables</SimpleData>
					<SimpleData name="Forme Juridique Abregee">SCI</SimpleData>
					<SimpleData name="Denomination">LES AMIS CHEVIGNAY</SimpleData>
				</SchemaData>
			</ExtendedData>
	<Region>
		<LatLonAltBox>
			<north> 45.7674290834229 </north>
			<south> 45.7672322385046 </south>
			<east> 4.59993886055067 </east>
			<west> 4.59981817513349 </west>
		</LatLonAltBox>
		<Lod>
			<minLodPixels>100</minLodPixels>
			<maxLodPixels>-1</maxLodPixels>
		</Lod>
	</Region>
			<MultiGeometry>
				<Polygon><altitudeMode>relativeToGround</altitudeMode>
					<outerBoundaryIs>
						<LinearRing>
							<coordinates>								4.59993886055067,45.7672322385046,0 4.5998713869429,45.76724868702169,0 4.59981817513349,45.767335455997,0 4.59983388398702,45.7674290834229,0 4.59993886055067,45.7672322385046,0 
							</coordinates>
						</LinearRing>
					</outerBoundaryIs>
				</Polygon>
			</MultiGeometry>
		</Placemark>
		<Placemark id="personne_morale.68897">
<styleUrl>#personne_morale</styleUrl>			<visibility>0</visibility>
			<ExtendedData>
				<SchemaData schemaUrl="#personne_morale">
					<SimpleData name="Numero de Parcelle">69057000AD0398</SimpleData>
					<SimpleData name="Departement">69</SimpleData>
					<SimpleData name="Commune">CHEVINAY</SimpleData>
					<SimpleData name="Adresse">425, CHE DE CHANTEMERLE</SimpleData>
					<SimpleData name="Groupe de personne">Personnes morales non remarquables</SimpleData>
					<SimpleData name="Forme Juridique Abregee">SCI</SimpleData>
					<SimpleData name="Denomination">LES AMIS CHEVIGNAY</SimpleData>
				</SchemaData>
			</ExtendedData>
	<Region>
		<LatLonAltBox>
			<north> 45.7683999735909 </north>
			<south> 45.767335455997 </south>
			<east> 4.59993976277999 </east>
			<west> 4.59879693477383 </west>
		</LatLonAltBox>
		<Lod>
			<minLodPixels>100</minLodPixels>
			<maxLodPixels>-1</maxLodPixels>
		</Lod>
	</Region>
			<MultiGeometry>
				<Polygon><altitudeMode>relativeToGround</altitudeMode>
					<outerBoundaryIs>
						<LinearRing>
							<coordinates>								4.59917643200346,45.7682620712187,0 4.59934605741278,45.76831559839181,0 4.59961412744161,45.7683999735909,0 4.5996928412781,45.7681093809127,0 4.59993976277999,45.7681211907089,0 4.59992470287868,45.7680233209188,0 4.59989353767125,45.76781813908771,0 4.59986704784223,45.76764108203609,0 4.59986322013714,45.7676155571857,0 4.59984113869704,45.7674751851015,0 4.59983388398702,45.7674290834229,0 4.59981817513349,45.767335455997,0 4.59977528413338,45.7674053260545,0 4.59980470111068,45.7676568273261,0 4.59924179454192,45.7677946857854,0 4.59879693477383,45.76790267738781,0 4.59902490087396,45.76807777972449,0 4.5992095652866,45.7682196301409,0 4.59917643200346,45.7682620712187,0 
							</coordinates>
						</LinearRing>
					</outerBoundaryIs>
				</Polygon>
			</MultiGeometry>
		</Placemark>
		<Placemark id="personne_morale.70022">
<styleUrl>#personne_morale</styleUrl>			<visibility>0</visibility>
			<ExtendedData>
				<SchemaData schemaUrl="#personne_morale">
					<SimpleData name="Numero de Parcelle">69057000AD0405</SimpleData>
					<SimpleData name="Departement">69</SimpleData>
					<SimpleData name="Commune">CHEVINAY</SimpleData>
					<SimpleData name="Adresse">359, CHE DE CHANTEMERLE</SimpleData>
					<SimpleData name="Groupe de personne">Personnes morales non remarquables</SimpleData>
					<SimpleData name="Forme Juridique Abregee">SCI</SimpleData>
					<SimpleData name="Denomination">CHANTEMERLE GESTION</SimpleData>
				</SchemaData>
			</ExtendedData>
	<Region>
		<LatLonAltBox>
			<north> 45.7674620140331 </north>
			<south> 45.7664501929418 </south>
			<east> 4.60005250031876 </east>
			<west> 4.59843647526286 </west>
		</LatLonAltBox>
		<Lod>
			<minLodPixels>100</minLodPixels>
			<maxLodPixels>-1</maxLodPixels>
		</Lod>
	</Region>
			<MultiGeometry>
				<Polygon><altitudeMode>relativeToGround</altitudeMode>
					<outerBoundaryIs>
						<LinearRing>
							<coordinates>								4.59944329500129,45.76648639274091,0 4.59933005223854,45.76649547387209,0 4.59872495416906,45.7665446713135,0 4.59847753129607,45.7665642095007,0 4.59845256028858,45.7667998192159,0 4.59843647526286,45.76694667675699,0 4.59847992313149,45.7669493936133,0 4.59890767498567,45.7669931389273,0 4.59884368512942,45.7672900972419,0 4.59880709168382,45.7674620140331,0 4.59911162962081,45.7674059088354,0 4.59903139468564,45.76714594089589,0 4.59937554411524,45.7671245798815,0 4.59968744378581,45.7671050261424,0 4.59996080866253,45.7670879995582,0 4.59999069977233,45.76687141391719,0 4.60002671162396,45.76662177679539,0 4.60004646190606,45.7664905387048,0 4.60005250031876,45.7664501929418,0 4.60000329442808,45.7664530524734,0 4.59946756335037,45.7664845175076,0 4.59944329500129,45.76648639274091,0 
							</coordinates>
						</LinearRing>
					</outerBoundaryIs>
				</Polygon>
			</MultiGeometry>
		</Placemark>
		<Placemark id="personne_morale.73304">
<styleUrl>#personne_morale</styleUrl>			<visibility>0</visibility>
			<ExtendedData>
				<SchemaData schemaUrl="#personne_morale">
					<SimpleData name="Numero de Parcelle">69057000AH0044</SimpleData>
					<SimpleData name="Departement">69</SimpleData>
					<SimpleData name="Commune">CHEVINAY</SimpleData>
					<SimpleData name="Adresse">CHATEL</SimpleData>
					<SimpleData name="Groupe de personne">Personnes morales non remarquables</SimpleData>
					<SimpleData name="Forme Juridique Abregee">SAS</SimpleData>
					<SimpleData name="Denomination">VIDALIA</SimpleData>
				</SchemaData>
			</ExtendedData>
	<Region>
		<LatLonAltBox>
			<north> 45.7617975491143 </north>
			<south> 45.7607012157958 </south>
			<east> 4.60526859582655 </east>
			<west> 4.60398485039089 </west>
		</LatLonAltBox>
		<Lod>
			<minLodPixels>100</minLodPixels>
			<maxLodPixels>-1</maxLodPixels>
		</Lod>
	</Region>
			<MultiGeometry>
				<Polygon><altitudeMode>relativeToGround</altitudeMode>
					<outerBoundaryIs>
						<LinearRing>
							<coordinates>								4.60398485039089,45.76084421232849,0 4.60409009280344,45.7610387024738,0 4.6041424925992,45.7610839817488,0 4.60435695374233,45.7612685420962,0 4.60459279024608,45.7614668485116,0 4.6048234331731,45.7616679303748,0 4.60488790789861,45.7617257370401,0 4.60499550837771,45.76177086101039,0 4.60520873490749,45.7617975491143,0 4.60526859582655,45.7617540953219,0 4.60505621214581,45.7607906036429,0 4.60481221621451,45.7607012157958,0 4.60475324020835,45.760704216478,0 4.60448991642303,45.7607512849036,0 4.60423952637339,45.7607917739724,0 4.60398485039089,45.76084421232849,0 
							</coordinates>
						</LinearRing>
					</outerBoundaryIs>
				</Polygon>
			</MultiGeometry>
		</Placemark>
		<Placemark id="personne_morale.77082">
<styleUrl>#personne_morale</styleUrl>			<visibility>0</visibility>
			<ExtendedData>
				<SchemaData schemaUrl="#personne_morale">
					<SimpleData name="Numero de Parcelle">69057000AD0480</SimpleData>
					<SimpleData name="Departement">69</SimpleData>
					<SimpleData name="Commune">CHEVINAY</SimpleData>
					<SimpleData name="Adresse">CHANTEMERLE</SimpleData>
					<SimpleData name="Groupe de personne">Personnes morales non remarquables</SimpleData>
					<SimpleData name="Forme Juridique Abregee">SCI</SimpleData>
					<SimpleData name="Denomination">CHANTEMERLE GESTION</SimpleData>
				</SchemaData>
			</ExtendedData>
	<Region>
		<LatLonAltBox>
			<north> 45.7660250397987 </north>
			<south> 45.7659065497201 </south>
			<east> 4.60026814251193 </east>
			<west> 4.60011212701459 </west>
		</LatLonAltBox>
		<Lod>
			<minLodPixels>100</minLodPixels>
			<maxLodPixels>-1</maxLodPixels>
		</Lod>
	</Region>
			<MultiGeometry>
				<Polygon><altitudeMode>relativeToGround</altitudeMode>
					<outerBoundaryIs>
						<LinearRing>
							<coordinates>								4.60012494079374,45.7659209202943,0 4.60011212701459,45.7660250397987,0 4.60026814251193,45.7659065497201,0 4.60025928481053,45.7659073058452,0 4.60012494079374,45.7659209202943,0 
							</coordinates>
						</LinearRing>
					</outerBoundaryIs>
				</Polygon>
			</MultiGeometry>
		</Placemark>
		<Placemark id="personne_morale.81845">
<styleUrl>#personne_morale</styleUrl>			<visibility>0</visibility>
			<ExtendedData>
				<SchemaData schemaUrl="#personne_morale">
					<SimpleData name="Numero de Parcelle">69057000AD0537</SimpleData>
					<SimpleData name="Departement">69</SimpleData>
					<SimpleData name="Commune">CHEVINAY</SimpleData>
					<SimpleData name="Adresse">112, RUE DU CRET DE LA ROCHE</SimpleData>
					<SimpleData name="Groupe de personne">Personnes morales non remarquables</SimpleData>
					<SimpleData name="Forme Juridique Abregee">SCI</SimpleData>
					<SimpleData name="Denomination">SCI SIMAFO</SimpleData>
				</SchemaData>
			</ExtendedData>
	<Region>
		<LatLonAltBox>
			<north> 45.7717841867047 </north>
			<south> 45.7715746096408 </south>
			<east> 4.60835699743196 </east>
			<west> 4.60792463650181 </west>
		</LatLonAltBox>
		<Lod>
			<minLodPixels>100</minLodPixels>
			<maxLodPixels>-1</maxLodPixels>
		</Lod>
	</Region>
			<MultiGeometry>
				<Polygon><altitudeMode>relativeToGround</altitudeMode>
					<outerBoundaryIs>
						<LinearRing>
							<coordinates>								4.60792619226047,45.77168113741351,0 4.60813430070888,45.77172959979841,0 4.60819180640902,45.7717464333396,0 4.60827008226872,45.7717693655681,0 4.60826786352591,45.7717727296976,0 4.60831079797954,45.7717841867047,0 4.60835699743196,45.77171768868491,0 4.60830811339439,45.7716610125145,0 4.60819210438189,45.7716284405553,0 4.60792463650181,45.7715746096408,0 4.60793946030227,45.77161519898041,0 4.60792619226047,45.77168113741351,0 
							</coordinates>
						</LinearRing>
					</outerBoundaryIs>
				</Polygon>
			</MultiGeometry>
		</Placemark>
		<Placemark id="personne_morale.85019">
<styleUrl>#personne_morale</styleUrl>			<visibility>0</visibility>
			<ExtendedData>
				<SchemaData schemaUrl="#personne_morale">
					<SimpleData name="Numero de Parcelle">69057000AD0578</SimpleData>
					<SimpleData name="Departement">69</SimpleData>
					<SimpleData name="Commune">CHEVINAY</SimpleData>
					<SimpleData name="Adresse">LE BOURG</SimpleData>
					<SimpleData name="Groupe de personne">Personnes morales non remarquables</SimpleData>
					<SimpleData name="Forme Juridique Abregee">SA</SimpleData>
					<SimpleData name="Denomination">A S T  GROUPE</SimpleData>
				</SchemaData>
			</ExtendedData>
	<Region>
		<LatLonAltBox>
			<north> 45.7708068216305 </north>
			<south> 45.7695411121625 </south>
			<east> 4.61042883259331 </east>
			<west> 4.60854621720746 </west>
		</LatLonAltBox>
		<Lod>
			<minLodPixels>100</minLodPixels>
			<maxLodPixels>-1</maxLodPixels>
		</Lod>
	</Region>
			<MultiGeometry>
				<Polygon><altitudeMode>relativeToGround</altitudeMode>
					<outerBoundaryIs>
						<LinearRing>
							<coordinates>								4.6085811350924,45.77041139522759,0 4.60861129337131,45.77041726994651,0 4.60898113067658,45.7704067720389,0 4.60912543348002,45.77040336289599,0 4.60914003091624,45.7704052262435,0 4.60915191872866,45.7704112713476,0 4.60915548921783,45.7704145529213,0 4.60920290037875,45.7704648549269,0 4.60923036240346,45.7704709480759,0 4.60958936104099,45.77049482847439,0 4.60964544067234,45.7704980813981,0 4.60967302354111,45.7705039025134,0 4.6096978968272,45.7705139053933,0 4.60970693087434,45.7705191805498,0 4.60998637250574,45.77069694949761,0 4.61000974675969,45.7707085048529,0 4.61003674162565,45.7707162256928,0 4.61015159477885,45.7707400756791,0 4.61025957721179,45.7707622222645,0 4.61036575596401,45.77078871774011,0 4.61042883259331,45.7708068216305,0 4.61040763615206,45.7707021954085,0 4.61038872175012,45.7705698858468,0 4.61038205716015,45.7704781119958,0 4.61038276655494,45.7704450470491,0 4.6103900553217,45.7704125186594,0 4.61039784796653,45.7703928627478,0 4.61041649715108,45.7703526965779,0 4.61042258063027,45.7703318041153,0 4.61042221863886,45.7703105533217,0 4.61041544267321,45.77029002455911,0 4.61041407748233,45.77028734201789,0 4.6103849149792,45.77022732291951,0 4.61036241854565,45.77016639805309,0 4.61034092523977,45.77009573156051,0 4.61032664907592,45.7700386523274,0 4.61032004687994,45.76999317234719,0 4.61031116377936,45.7699135892937,0 4.61030908011144,45.7698597585951,0 4.61030384844881,45.7698127279024,0 4.61029502768289,45.7697750254053,0 4.61028526450598,45.7697314819637,0 4.61028230905881,45.7696874810801,0 4.61028244835499,45.769679012735,0 4.61028622962232,45.7696409502248,0 4.6102834421043,45.7696027112725,0 4.61027411205273,45.7695651961794,0 4.61027032138826,45.7695411121625,0 4.60993392642024,45.76959049669261,0 4.60990494965231,45.76959424270619,0 4.6097569836319,45.7696087834637,0 4.60974633492457,45.76960992615349,0 4.60973327867708,45.76961236414149,0 4.60972461472955,45.76961536992889,0 4.60971521562981,45.7696196471519,0 4.6097060107462,45.7696261732931,0 4.60962797890399,45.7696910545356,0 4.60954729957689,45.7697843447903,0 4.60933071527767,45.7700146751787,0 4.60916814464137,45.770186231175,0 4.60915352790082,45.7702102175087,0 4.60906466378102,45.7701639292957,0 4.60880615758677,45.7701082614609,0 4.60876718155075,45.7701398905893,0 4.60876542768368,45.7701415368163,0 4.60875952022752,45.7701463946393,0 4.6087532163451,45.7701508978447,0 4.60874651865777,45.77015513646249,0 4.60873942192288,45.7701589304324,0 4.60873193138315,45.7701624598146,0 4.608724041796,45.7701655445486,0 4.60871575578285,45.7701682746646,0 4.60870758530908,45.7701705527945,0 4.60869888976294,45.7701724781407,0 4.60869018110989,45.7701739533351,0 4.60868120205684,45.7701749820467,0 4.60867747654639,45.7701752153051,0 4.60854621720746,45.7701845625044,0 4.60855572596463,45.7702503564007,0 4.60857381744857,45.7703678167848,0 4.6085811350924,45.77041139522759,0 
							</coordinates>
						</LinearRing>
					</outerBoundaryIs>
				</Polygon>
			</MultiGeometry>
		</Placemark>
		<Placemark id="personne_morale.85060">
<styleUrl>#personne_morale</styleUrl>			<visibility>0</visibility>
			<ExtendedData>
				<SchemaData schemaUrl="#personne_morale">
					<SimpleData name="Numero de Parcelle">69057000AD0579</SimpleData>
					<SimpleData name="Departement">69</SimpleData>
					<SimpleData name="Commune">CHEVINAY</SimpleData>
					<SimpleData name="Adresse">139, RTE DE SAINT PIERRE</SimpleData>
					<SimpleData name="Groupe de personne">Personnes morales non remarquables</SimpleData>
					<SimpleData name="Forme Juridique Abregee">SAS</SimpleData>
					<SimpleData name="Denomination">EASIMMO F  PERGE</SimpleData>
				</SchemaData>
			</ExtendedData>
	<Region>
		<LatLonAltBox>
			<north> 45.7701845625044 </north>
			<south> 45.7700094718916 </south>
			<east> 4.60880615758677 </east>
			<west> 4.60853046987323 </west>
		</LatLonAltBox>
		<Lod>
			<minLodPixels>100</minLodPixels>
			<maxLodPixels>-1</maxLodPixels>
		</Lod>
	</Region>
			<MultiGeometry>
				<Polygon><altitudeMode>relativeToGround</altitudeMode>
					<outerBoundaryIs>
						<LinearRing>
							<coordinates>								4.60880615758677,45.7701082614609,0 4.60869995709427,45.7700853675614,0 4.60860933068138,45.7700094718916,0 4.60853046987323,45.7700768860626,0 4.60853991044673,45.7701403391743,0 4.60854621720746,45.7701845625044,0 4.60867747654639,45.7701752153051,0 4.60868120205684,45.7701749820467,0 4.60869018110989,45.7701739533351,0 4.60869888976294,45.7701724781407,0 4.60870758530908,45.7701705527945,0 4.60871575578285,45.7701682746646,0 4.608724041796,45.7701655445486,0 4.60873193138315,45.7701624598146,0 4.60873942192288,45.7701589304324,0 4.60874651865777,45.77015513646249,0 4.6087532163451,45.7701508978447,0 4.60875952022752,45.7701463946393,0 4.60876542768368,45.7701415368163,0 4.60876718155075,45.7701398905893,0 4.60880615758677,45.7701082614609,0 
							</coordinates>
						</LinearRing>
					</outerBoundaryIs>
				</Polygon>
			</MultiGeometry>
		</Placemark>
		<Placemark id="personne_morale.85317">
<styleUrl>#personne_morale</styleUrl>			<visibility>0</visibility>
			<ExtendedData>
				<SchemaData schemaUrl="#personne_morale">
					<SimpleData name="Numero de Parcelle">69057000AD0580</SimpleData>
					<SimpleData name="Departement">69</SimpleData>
					<SimpleData name="Commune">CHEVINAY</SimpleData>
					<SimpleData name="Adresse">LE BOURG</SimpleData>
					<SimpleData name="Groupe de personne">Personnes morales non remarquables</SimpleData>
					<SimpleData name="Forme Juridique Abregee">SAS</SimpleData>
					<SimpleData name="Denomination">EASIMMO F  PERGE</SimpleData>
				</SchemaData>
			</ExtendedData>
	<Region>
		<LatLonAltBox>
			<north> 45.7702102175087 </north>
			<south> 45.7701639292957 </south>
			<east> 4.60916814464137 </east>
			<west> 4.60906466378102 </west>
		</LatLonAltBox>
		<Lod>
			<minLodPixels>100</minLodPixels>
			<maxLodPixels>-1</maxLodPixels>
		</Lod>
	</Region>
			<MultiGeometry>
				<Polygon><altitudeMode>relativeToGround</altitudeMode>
					<outerBoundaryIs>
						<LinearRing>
							<coordinates>								4.60916814464137,45.770186231175,0 4.60906466378102,45.7701639292957,0 4.60915352790082,45.7702102175087,0 4.60916814464137,45.770186231175,0 
							</coordinates>
						</LinearRing>
					</outerBoundaryIs>
				</Polygon>
			</MultiGeometry>
		</Placemark>
		<Placemark id="personne_morale.85419">
<styleUrl>#personne_morale</styleUrl>			<visibility>0</visibility>
			<ExtendedData>
				<SchemaData schemaUrl="#personne_morale">
					<SimpleData name="Numero de Parcelle">69057000AD0582</SimpleData>
					<SimpleData name="Departement">69</SimpleData>
					<SimpleData name="Commune">CHEVINAY</SimpleData>
					<SimpleData name="Adresse">LE BOURG</SimpleData>
					<SimpleData name="Groupe de personne">Personnes morales non remarquables</SimpleData>
					<SimpleData name="Forme Juridique Abregee">SAS</SimpleData>
					<SimpleData name="Denomination">EASIMMO F  PERGE</SimpleData>
				</SchemaData>
			</ExtendedData>
	<Region>
		<LatLonAltBox>
			<north> 45.770186231175 </north>
			<south> 45.7695715760563 </south>
			<east> 4.60962797890399 </east>
			<west> 4.60860933068138 </west>
		</LatLonAltBox>
		<Lod>
			<minLodPixels>100</minLodPixels>
			<maxLodPixels>-1</maxLodPixels>
		</Lod>
	</Region>
			<MultiGeometry>
				<Polygon><altitudeMode>relativeToGround</altitudeMode>
					<outerBoundaryIs>
						<LinearRing>
							<coordinates>								4.60962797890399,45.7696910545356,0 4.6094972786824,45.7696621161495,0 4.60934026167103,45.769626617829,0 4.60923804464307,45.76960348748601,0 4.6092322110284,45.7696020395497,0 4.60911999943166,45.7695715760563,0 4.60901302069178,45.7696633496139,0 4.60899280428107,45.76968066072209,0 4.60894960938226,45.769717664077,0 4.60892952157745,45.7697349733392,0 4.60878599754215,45.7698578908435,0 4.60877582625496,45.7698665923102,0 4.60873426676529,45.7699023113112,0 4.60872409808309,45.7699111028035,0 4.60860933068138,45.7700094718916,0 4.60869995709427,45.7700853675614,0 4.60880615758677,45.7701082614609,0 4.60886550242024,45.7700601296741,0 4.60906466378102,45.7701639292957,0 4.60916814464137,45.770186231175,0 4.60933071527767,45.7700146751787,0 4.60954729957689,45.7697843447903,0 4.60962797890399,45.7696910545356,0 
							</coordinates>
						</LinearRing>
					</outerBoundaryIs>
				</Polygon>
			</MultiGeometry>
		</Placemark>
		<Placemark id="personne_morale.85469">
<styleUrl>#personne_morale</styleUrl>			<visibility>0</visibility>
			<ExtendedData>
				<SchemaData schemaUrl="#personne_morale">
					<SimpleData name="Numero de Parcelle">69057000AD0583</SimpleData>
					<SimpleData name="Departement">69</SimpleData>
					<SimpleData name="Commune">CHEVINAY</SimpleData>
					<SimpleData name="Adresse">LE BOURG</SimpleData>
					<SimpleData name="Groupe de personne">Personnes morales non remarquables</SimpleData>
					<SimpleData name="Forme Juridique Abregee">SA</SimpleData>
					<SimpleData name="Denomination">A S T  GROUPE</SimpleData>
				</SchemaData>
			</ExtendedData>
	<Region>
		<LatLonAltBox>
			<north> 45.7700094718916 </north>
			<south> 45.7695527455662 </south>
			<east> 4.60911999943166 </east>
			<west> 4.60856659562667 </west>
		</LatLonAltBox>
		<Lod>
			<minLodPixels>100</minLodPixels>
			<maxLodPixels>-1</maxLodPixels>
		</Lod>
	</Region>
			<MultiGeometry>
				<Polygon><altitudeMode>relativeToGround</altitudeMode>
					<outerBoundaryIs>
						<LinearRing>
							<coordinates>								4.60860933068138,45.7700094718916,0 4.60872409808309,45.7699111028035,0 4.60871899438489,45.7699082033505,0 4.60872916568868,45.76989950188891,0 4.60873426676529,45.7699023113112,0 4.60877582625496,45.7698665923102,0 4.60877085382546,45.76986378105521,0 4.60878102249152,45.7698549895588,0 4.60878599754215,45.7698578908435,0 4.60892952157745,45.7697349733392,0 4.60892441788474,45.7697320738956,0 4.60894463695733,45.7697148528298,0 4.60894960938226,45.769717664077,0 4.60899280428107,45.76968066072209,0 4.60898782923555,45.76967775944659,0 4.60900804564675,45.7696604483392,0 4.60901302069178,45.7696633496139,0 4.60911999943166,45.7695715760563,0 4.60905098336584,45.7695527455662,0 4.60880821301965,45.7697589500286,0 4.60858289763771,45.76995914073889,0 4.60856659562667,45.7699738740616,0 4.60860933068138,45.7700094718916,0 
							</coordinates>
						</LinearRing>
					</outerBoundaryIs>
				</Polygon>
			</MultiGeometry>
		</Placemark>
		<Placemark id="personne_morale.85524">
<styleUrl>#personne_morale</styleUrl>			<visibility>0</visibility>
			<ExtendedData>
				<SchemaData schemaUrl="#personne_morale">
					<SimpleData name="Numero de Parcelle">69057000AD0584</SimpleData>
					<SimpleData name="Departement">69</SimpleData>
					<SimpleData name="Commune">CHEVINAY</SimpleData>
					<SimpleData name="Adresse">LE BOURG</SimpleData>
					<SimpleData name="Groupe de personne">Personnes morales non remarquables</SimpleData>
					<SimpleData name="Forme Juridique Abregee">SA</SimpleData>
					<SimpleData name="Denomination">A S T  GROUPE</SimpleData>
				</SchemaData>
			</ExtendedData>
	<Region>
		<LatLonAltBox>
			<north> 45.7699111028035 </north>
			<south> 45.76989950188891 </south>
			<east> 4.60873426676529 </east>
			<west> 4.60871899438489 </west>
		</LatLonAltBox>
		<Lod>
			<minLodPixels>100</minLodPixels>
			<maxLodPixels>-1</maxLodPixels>
		</Lod>
	</Region>
			<MultiGeometry>
				<Polygon><altitudeMode>relativeToGround</altitudeMode>
					<outerBoundaryIs>
						<LinearRing>
							<coordinates>								4.60873426676529,45.7699023113112,0 4.60872916568868,45.76989950188891,0 4.60871899438489,45.7699082033505,0 4.60872409808309,45.7699111028035,0 4.60873426676529,45.7699023113112,0 
							</coordinates>
						</LinearRing>
					</outerBoundaryIs>
				</Polygon>
			</MultiGeometry>
		</Placemark>
		<Placemark id="personne_morale.85564">
<styleUrl>#personne_morale</styleUrl>			<visibility>0</visibility>
			<ExtendedData>
				<SchemaData schemaUrl="#personne_morale">
					<SimpleData name="Numero de Parcelle">69057000AD0585</SimpleData>
					<SimpleData name="Departement">69</SimpleData>
					<SimpleData name="Commune">CHEVINAY</SimpleData>
					<SimpleData name="Adresse">LE BOURG</SimpleData>
					<SimpleData name="Groupe de personne">Personnes morales non remarquables</SimpleData>
					<SimpleData name="Forme Juridique Abregee">SA</SimpleData>
					<SimpleData name="Denomination">A S T  GROUPE</SimpleData>
				</SchemaData>
			</ExtendedData>
	<Region>
		<LatLonAltBox>
			<north> 45.7698665923102 </north>
			<south> 45.7698549895588 </south>
			<east> 4.60878599754215 </east>
			<west> 4.60877085382546 </west>
		</LatLonAltBox>
		<Lod>
			<minLodPixels>100</minLodPixels>
			<maxLodPixels>-1</maxLodPixels>
		</Lod>
	</Region>
			<MultiGeometry>
				<Polygon><altitudeMode>relativeToGround</altitudeMode>
					<outerBoundaryIs>
						<LinearRing>
							<coordinates>								4.60878599754215,45.7698578908435,0 4.60878102249152,45.7698549895588,0 4.60877085382546,45.76986378105521,0 4.60877582625496,45.7698665923102,0 4.60878599754215,45.7698578908435,0 
							</coordinates>
						</LinearRing>
					</outerBoundaryIs>
				</Polygon>
			</MultiGeometry>
		</Placemark>
		<Placemark id="personne_morale.85604">
<styleUrl>#personne_morale</styleUrl>			<visibility>0</visibility>
			<ExtendedData>
				<SchemaData schemaUrl="#personne_morale">
					<SimpleData name="Numero de Parcelle">69057000AD0586</SimpleData>
					<SimpleData name="Departement">69</SimpleData>
					<SimpleData name="Commune">CHEVINAY</SimpleData>
					<SimpleData name="Adresse">LE BOURG</SimpleData>
					<SimpleData name="Groupe de personne">Personnes morales non remarquables</SimpleData>
					<SimpleData name="Forme Juridique Abregee">SA</SimpleData>
					<SimpleData name="Denomination">A S T  GROUPE</SimpleData>
				</SchemaData>
			</ExtendedData>
	<Region>
		<LatLonAltBox>
			<north> 45.7697349733392 </north>
			<south> 45.7697148528298 </south>
			<east> 4.60894960938226 </east>
			<west> 4.60892441788474 </west>
		</LatLonAltBox>
		<Lod>
			<minLodPixels>100</minLodPixels>
			<maxLodPixels>-1</maxLodPixels>
		</Lod>
	</Region>
			<MultiGeometry>
				<Polygon><altitudeMode>relativeToGround</altitudeMode>
					<outerBoundaryIs>
						<LinearRing>
							<coordinates>								4.60894960938226,45.769717664077,0 4.60894463695733,45.7697148528298,0 4.60892441788474,45.7697320738956,0 4.60892952157745,45.7697349733392,0 4.60894960938226,45.769717664077,0 
							</coordinates>
						</LinearRing>
					</outerBoundaryIs>
				</Polygon>
			</MultiGeometry>
		</Placemark>
		<Placemark id="personne_morale.85649">
<styleUrl>#personne_morale</styleUrl>			<visibility>0</visibility>
			<ExtendedData>
				<SchemaData schemaUrl="#personne_morale">
					<SimpleData name="Numero de Parcelle">69057000AD0587</SimpleData>
					<SimpleData name="Departement">69</SimpleData>
					<SimpleData name="Commune">CHEVINAY</SimpleData>
					<SimpleData name="Adresse">LE BOURG</SimpleData>
					<SimpleData name="Groupe de personne">Personnes morales non remarquables</SimpleData>
					<SimpleData name="Forme Juridique Abregee">SA</SimpleData>
					<SimpleData name="Denomination">A S T  GROUPE</SimpleData>
				</SchemaData>
			</ExtendedData>
	<Region>
		<LatLonAltBox>
			<north> 45.76968066072209 </north>
			<south> 45.7696604483392 </south>
			<east> 4.60901302069178 </east>
			<west> 4.60898782923555 </west>
		</LatLonAltBox>
		<Lod>
			<minLodPixels>100</minLodPixels>
			<maxLodPixels>-1</maxLodPixels>
		</Lod>
	</Region>
			<MultiGeometry>
				<Polygon><altitudeMode>relativeToGround</altitudeMode>
					<outerBoundaryIs>
						<LinearRing>
							<coordinates>								4.60901302069178,45.7696633496139,0 4.60900804564675,45.7696604483392,0 4.60898782923555,45.76967775944659,0 4.60899280428107,45.76968066072209,0 4.60901302069178,45.7696633496139,0 
							</coordinates>
						</LinearRing>
					</outerBoundaryIs>
				</Polygon>
			</MultiGeometry>
		</Placemark>
		<Placemark id="personne_morale.85691">
<styleUrl>#personne_morale</styleUrl>			<visibility>0</visibility>
			<ExtendedData>
				<SchemaData schemaUrl="#personne_morale">
					<SimpleData name="Numero de Parcelle">69057000AD0588</SimpleData>
					<SimpleData name="Departement">69</SimpleData>
					<SimpleData name="Commune">CHEVINAY</SimpleData>
					<SimpleData name="Adresse">LE BOURG</SimpleData>
					<SimpleData name="Groupe de personne">Personnes morales non remarquables</SimpleData>
					<SimpleData name="Forme Juridique Abregee">SA</SimpleData>
					<SimpleData name="Denomination">A S T  GROUPE</SimpleData>
				</SchemaData>
			</ExtendedData>
	<Region>
		<LatLonAltBox>
			<north> 45.7701639292957 </north>
			<south> 45.7700601296741 </south>
			<east> 4.60906466378102 </east>
			<west> 4.60880615758677 </west>
		</LatLonAltBox>
		<Lod>
			<minLodPixels>100</minLodPixels>
			<maxLodPixels>-1</maxLodPixels>
		</Lod>
	</Region>
			<MultiGeometry>
				<Polygon><altitudeMode>relativeToGround</altitudeMode>
					<outerBoundaryIs>
						<LinearRing>
							<coordinates>								4.60906466378102,45.7701639292957,0 4.60886550242024,45.7700601296741,0 4.60880615758677,45.7701082614609,0 4.60906466378102,45.7701639292957,0 
							</coordinates>
						</LinearRing>
					</outerBoundaryIs>
				</Polygon>
			</MultiGeometry>
		</Placemark>
		<Placemark id="personne_morale.86747">
<styleUrl>#personne_morale</styleUrl>			<visibility>0</visibility>
			<ExtendedData>
				<SchemaData schemaUrl="#personne_morale">
					<SimpleData name="Numero de Parcelle">69057000AH0060</SimpleData>
					<SimpleData name="Departement">69</SimpleData>
					<SimpleData name="Commune">CHEVINAY</SimpleData>
					<SimpleData name="Adresse">CHATEL</SimpleData>
					<SimpleData name="Groupe de personne">Personnes morales non remarquables</SimpleData>
					<SimpleData name="Forme Juridique Abregee">AUPM</SimpleData>
					<SimpleData name="Denomination">PROPRIETAIRES DU BND 057 AH0060</SimpleData>
				</SchemaData>
			</ExtendedData>
	<Region>
		<LatLonAltBox>
			<north> 45.76065766338309 </north>
			<south> 45.7600466317872 </south>
			<east> 4.6029449184279 </east>
			<west> 4.60193920611784 </west>
		</LatLonAltBox>
		<Lod>
			<minLodPixels>100</minLodPixels>
			<maxLodPixels>-1</maxLodPixels>
		</Lod>
	</Region>
			<MultiGeometry>
				<Polygon><altitudeMode>relativeToGround</altitudeMode>
					<outerBoundaryIs>
						<LinearRing>
							<coordinates>								4.60226248901333,45.76065766338309,0 4.6029449184279,45.760233567343,0 4.60282137133846,45.7600466317872,0 4.60193920611784,45.76034539803441,0 4.60226248901333,45.76065766338309,0 
							</coordinates>
						</LinearRing>
					</outerBoundaryIs>
				</Polygon>
			</MultiGeometry>
		</Placemark>
		<Placemark id="personne_morale.91047">
<styleUrl>#personne_morale</styleUrl>			<visibility>0</visibility>
			<ExtendedData>
				<SchemaData schemaUrl="#personne_morale">
					<SimpleData name="Numero de Parcelle">69057000AK0067</SimpleData>
					<SimpleData name="Departement">69</SimpleData>
					<SimpleData name="Commune">CHEVINAY</SimpleData>
					<SimpleData name="Adresse">LE PAILLERON</SimpleData>
					<SimpleData name="Groupe de personne">Personnes morales non remarquables</SimpleData>
					<SimpleData name="Forme Juridique Abregee">AUPM</SimpleData>
					<SimpleData name="Denomination">EDF DISTRIBUTION VIENNE PAYS DE RHONE</SimpleData>
				</SchemaData>
			</ExtendedData>
	<Region>
		<LatLonAltBox>
			<north> 45.7814331711121 </north>
			<south> 45.7814140169294 </south>
			<east> 4.58565396211125 </east>
			<west> 4.58562785267626 </west>
		</LatLonAltBox>
		<Lod>
			<minLodPixels>100</minLodPixels>
			<maxLodPixels>-1</maxLodPixels>
		</Lod>
	</Region>
			<MultiGeometry>
				<Polygon><altitudeMode>relativeToGround</altitudeMode>
					<outerBoundaryIs>
						<LinearRing>
							<coordinates>								4.58562785267626,45.78141730075451,0 4.58563294233272,45.7814331711121,0 4.58565396211125,45.78142999359031,0 4.58565002792703,45.7814140169294,0 4.58562785267626,45.78141730075451,0 
							</coordinates>
						</LinearRing>
					</outerBoundaryIs>
				</Polygon>
			</MultiGeometry>
		</Placemark>
		<Placemark id="personne_morale.99293">
<styleUrl>#personne_morale</styleUrl>			<visibility>0</visibility>
			<ExtendedData>
				<SchemaData schemaUrl="#personne_morale">
					<SimpleData name="Numero de Parcelle">69057000AH0082</SimpleData>
					<SimpleData name="Departement">69</SimpleData>
					<SimpleData name="Commune">CHEVINAY</SimpleData>
					<SimpleData name="Adresse">ST BONNET OUEST</SimpleData>
					<SimpleData name="Groupe de personne">Personnes morales non remarquables</SimpleData>
					<SimpleData name="Forme Juridique Abregee">AUPM</SimpleData>
					<SimpleData name="Denomination">DOMAINE PROPRIETAIRES INCONNUS</SimpleData>
				</SchemaData>
			</ExtendedData>
	<Region>
		<LatLonAltBox>
			<north> 45.7603330378793 </north>
			<south> 45.7593150774243 </south>
			<east> 4.60400705132334 </east>
			<west> 4.60274173899221 </west>
		</LatLonAltBox>
		<Lod>
			<minLodPixels>100</minLodPixels>
			<maxLodPixels>-1</maxLodPixels>
		</Lod>
	</Region>
			<MultiGeometry>
				<Polygon><altitudeMode>relativeToGround</altitudeMode>
					<outerBoundaryIs>
						<LinearRing>
							<coordinates>								4.60274173899221,45.7596479541261,0 4.60286176440721,45.76001075137181,0 4.60288822276658,45.7600534276076,0 4.60305253405702,45.7601640370671,0 4.60330359548353,45.7603330378793,0 4.60400705132334,45.7599333148502,0 4.60300706249096,45.7593150774243,0 4.60274173899221,45.7596479541261,0 
							</coordinates>
						</LinearRing>
					</outerBoundaryIs>
				</Polygon>
			</MultiGeometry>
		</Placemark>
		<Placemark id="personne_morale.101196">
<styleUrl>#personne_morale</styleUrl>			<visibility>0</visibility>
			<ExtendedData>
				<SchemaData schemaUrl="#personne_morale">
					<SimpleData name="Numero de Parcelle">69057000AH0086</SimpleData>
					<SimpleData name="Departement">69</SimpleData>
					<SimpleData name="Commune">CHEVINAY</SimpleData>
					<SimpleData name="Adresse">ST BONNET OUEST</SimpleData>
					<SimpleData name="Groupe de personne">Personnes morales non remarquables</SimpleData>
					<SimpleData name="Forme Juridique Abregee">SAS</SimpleData>
					<SimpleData name="Denomination">VIDALIA</SimpleData>
				</SchemaData>
			</ExtendedData>
	<Region>
		<LatLonAltBox>
			<north> 45.76081380322951 </north>
			<south> 45.7599333148502 </south>
			<east> 4.60477435187755 </east>
			<west> 4.60330359548353 </west>
		</LatLonAltBox>
		<Lod>
			<minLodPixels>100</minLodPixels>
			<maxLodPixels>-1</maxLodPixels>
		</Lod>
	</Region>
			<MultiGeometry>
				<Polygon><altitudeMode>relativeToGround</altitudeMode>
					<outerBoundaryIs>
						<LinearRing>
							<coordinates>								4.60432435782797,45.7599374486158,0 4.60400705132334,45.7599333148502,0 4.60330359548353,45.7603330378793,0 4.60357485266897,45.76067026719969,0 4.60362545721413,45.76068918246861,0 4.60394524523165,45.7607786660119,0 4.60396981316699,45.76081380322951,0 4.60431402984343,45.7607429785871,0 4.60467528525988,45.7606873120204,0 4.60477435187755,45.76066906001649,0 4.60425355973025,45.7607078116618,0 4.60432435782797,45.7599374486158,0 
							</coordinates>
						</LinearRing>
					</outerBoundaryIs>
				</Polygon>
			</MultiGeometry>
		</Placemark>
		<Placemark id="personne_morale.102065">
<styleUrl>#personne_morale</styleUrl>			<visibility>0</visibility>
			<ExtendedData>
				<SchemaData schemaUrl="#personne_morale">
					<SimpleData name="Numero de Parcelle">69057000AH0088</SimpleData>
					<SimpleData name="Departement">69</SimpleData>
					<SimpleData name="Commune">CHEVINAY</SimpleData>
					<SimpleData name="Adresse">ST BONNET OUEST</SimpleData>
					<SimpleData name="Groupe de personne">Personnes morales non remarquables</SimpleData>
					<SimpleData name="Forme Juridique Abregee">SAS</SimpleData>
					<SimpleData name="Denomination">VIDALIA</SimpleData>
				</SchemaData>
			</ExtendedData>
	<Region>
		<LatLonAltBox>
			<north> 45.7607564071354 </north>
			<south> 45.7606751293059 </south>
			<east> 4.60507722922121 </east>
			<west> 4.60484787447959 </west>
		</LatLonAltBox>
		<Lod>
			<minLodPixels>100</minLodPixels>
			<maxLodPixels>-1</maxLodPixels>
		</Lod>
	</Region>
			<MultiGeometry>
				<Polygon><altitudeMode>relativeToGround</altitudeMode>
					<outerBoundaryIs>
						<LinearRing>
							<coordinates>								4.60484787447959,45.7606751293059,0 4.60506049471949,45.7607564071354,0 4.60507722922121,45.7607078928483,0 4.60484787447959,45.7606751293059,0 
							</coordinates>
						</LinearRing>
					</outerBoundaryIs>
				</Polygon>
			</MultiGeometry>
		</Placemark>
		<Placemark id="personne_morale.103573">
<styleUrl>#personne_morale</styleUrl>			<visibility>0</visibility>
			<ExtendedData>
				<SchemaData schemaUrl="#personne_morale">
					<SimpleData name="Numero de Parcelle">69057000AE0091</SimpleData>
					<SimpleData name="Departement">69</SimpleData>
					<SimpleData name="Commune">CHEVINAY</SimpleData>
					<SimpleData name="Adresse">PLAINET</SimpleData>
					<SimpleData name="Groupe de personne">Personnes morales non remarquables</SimpleData>
					<SimpleData name="Forme Juridique Abregee">SC</SimpleData>
					<SimpleData name="Denomination">GROUPEMENT FORESTIER BEAUMONT</SimpleData>
				</SchemaData>
			</ExtendedData>
	<Region>
		<LatLonAltBox>
			<north> 45.7631131186572 </north>
			<south> 45.7601661852313 </south>
			<east> 4.61915887091902 </east>
			<west> 4.61089487379575 </west>
		</LatLonAltBox>
		<Lod>
			<minLodPixels>100</minLodPixels>
			<maxLodPixels>-1</maxLodPixels>
		</Lod>
	</Region>
			<MultiGeometry>
				<Polygon><altitudeMode>relativeToGround</altitudeMode>
					<outerBoundaryIs>
						<LinearRing>
							<coordinates>								4.6191107482249,45.7610025176955,0 4.6191563621394,45.7608684725371,0 4.61915887091902,45.7608267351373,0 4.61915495111034,45.76078518008551,0 4.61914447937916,45.7607439892871,0 4.61914264635433,45.7607385214642,0 4.61911231701686,45.7607003177419,0 4.61907639156359,45.7606643559657,0 4.6190354055987,45.7606313489847,0 4.61900704251916,45.7606119411807,0 4.61888669684995,45.7605317968664,0 4.61879385951178,45.7604770170314,0 4.6185348228433,45.76034932541741,0 4.61849194994757,45.7603353496236,0 4.61844675979003,45.760325730316,0 4.61842027861671,45.760322237363,0 4.61836320089949,45.7603197238054,0 4.61830612638694,45.7603217135615,0 4.61825879617165,45.7603268959969,0 4.61815913313269,45.7603421962343,0 4.61805843787134,45.760353007802,0 4.61795696765853,45.7603593270072,0 4.61795658178804,45.7603593325422,0 4.61748905177506,45.7603490150703,0 4.61735018270918,45.76034812419479,0 4.61721157663973,45.7603518228326,0 4.61707310227425,45.76036002279869,0 4.61693540796523,45.76037289493431,0 4.61687064799007,45.76038048826571,0 4.61676776405194,45.76040006662039,0 4.61666655784844,45.760424214288,0 4.61656791918847,45.7604525582494,0 4.61652164486496,45.7604674521339,0 4.61594422578592,45.76065523080931,0 4.61582431404349,45.760690994219,0 4.61578454088936,45.7606993998579,0 4.61574322387219,45.7607034142798,0 4.61570164398074,45.7607028389986,0 4.61566070159589,45.7606976611176,0 4.6156213076265,45.7606882278611,0 4.61558461969963,45.7606745226503,0 4.61558201299696,45.7606733891059,0 4.61552782029558,45.760641921055,0 4.61547790613037,45.76060714926431,0 4.615456298562,45.7605898955251,0 4.61516292442227,45.76032173210051,0 4.61509925969089,45.7602655408022,0 4.61503526740579,45.7602157489662,0 4.61500809775717,45.7601974939725,0 4.61497690953284,45.7601826290141,0 4.61494236689389,45.7601718651199,0 4.6149188101462,45.7601671585989,0 4.61484839540337,45.7601661852313,0 4.61480234859799,45.76017125777209,0 4.61475784817264,45.7601808115405,0 4.61471591521127,45.7601945617181,0 4.6147142615236,45.7601952158651,0 4.61455708526306,45.760263575474,0 4.61439670329444,45.7603279276951,0 4.61423311564142,45.76038827251459,0 4.61406657694719,45.76044451620739,0 4.61404694505627,45.7604508316639,0 4.61379314452518,45.7605240854198,0 4.61333828382669,45.7606303872212,0 4.61322353056723,45.760648961207,0 4.61310774283169,45.7606629564189,0 4.61299066865493,45.7606725565926,0 4.61297268489014,45.7606736243677,0 4.61275887972564,45.7606800140457,0 4.61227618350597,45.7606747554413,0 4.61221181621369,45.76067819736039,0 4.61214848060669,45.76068612787859,0 4.61208643654529,45.7606986333512,0 4.61202657650788,45.76071543082239,0 4.61201281374434,45.76072004082469,0 4.61196543298471,45.7607455766116,0 4.61192214721491,45.7607747466311,0 4.61188384104996,45.760806997841,0 4.61185050398832,45.760841970126,0 4.61182289990619,45.7608793823722,0 4.61181822223279,45.7608866546236,0 4.6117829801398,45.76100631767161,0 4.61177082220978,45.7611233091005,0 4.611765360645,45.7612404750469,0 4.61176533967896,45.7612441681189,0 4.611768313454,45.761487308203,0 4.61174229471853,45.7615482054215,0 4.61169918966302,45.7616188939369,0 4.61165010989936,45.7616876863127,0 4.6115950475335,45.7617543124508,0 4.61153450655672,45.7618184048713,0 4.61149996113583,45.7618516830215,0 4.61136366640184,45.7619612609083,0 4.61126349450152,45.7620034024033,0 4.61116678488821,45.7620495473963,0 4.61108746087356,45.7620917512194,0 4.61102012796244,45.7621436010963,0 4.61099006563473,45.7621761845822,0 4.61096573639359,45.7622112080748,0 4.61094724787832,45.7622479495,0 4.61093916255202,45.7622707620067,0 4.61091720869359,45.76234312962049,0 4.61090171244849,45.7624163056845,0 4.61089487379575,45.7624686425585,0 4.61166888657174,45.7627109464951,0 4.61198308945756,45.7627977853856,0 4.61202786329199,45.7628195723767,0 4.61233607017303,45.7629654902947,0 4.61264776734672,45.76310748458801,0 4.6133182454736,45.7631131186572,0 4.61352702409602,45.7627006848323,0 4.61353428896048,45.7626674360119,0 4.61355607174279,45.76228523751099,0 4.61320410679,45.7621699412843,0 4.61345747713065,45.7615660164527,0 4.61357162304512,45.76129300979391,0 4.61359455356265,45.7612542228788,0 4.61453679842407,45.76077599069401,0 4.61422519271387,45.76125357599109,0 4.61413831987608,45.7613940638035,0 4.61465179278502,45.7612236923303,0 4.61468801988317,45.7610850999832,0 4.61470856089537,45.7610482384567,0 4.61480181085285,45.7609543139477,0 4.61501981020115,45.7607347601934,0 4.61526925970718,45.76126546990739,0 4.61555221607634,45.76123872054151,0 4.61584301306528,45.7612116780089,0 4.61682483798679,45.7611985096234,0 4.61785115996433,45.761369063185,0 4.61786253439059,45.761370791465,0 4.61834685111969,45.7612290124046,0 4.6191107482249,45.7610025176955,0 
							</coordinates>
						</LinearRing>
					</outerBoundaryIs>
				</Polygon>
			</MultiGeometry>
		</Placemark>
		<Placemark id="personne_morale.104722">
<styleUrl>#personne_morale</styleUrl>			<visibility>0</visibility>
			<ExtendedData>
				<SchemaData schemaUrl="#personne_morale">
					<SimpleData name="Numero de Parcelle">69057000AB0094</SimpleData>
					<SimpleData name="Departement">69</SimpleData>
					<SimpleData name="Commune">CHEVINAY</SimpleData>
					<SimpleData name="Adresse">LA ROCHETTE</SimpleData>
					<SimpleData name="Groupe de personne">Personnes morales non remarquables</SimpleData>
					<SimpleData name="Forme Juridique Abregee">SAS</SimpleData>
					<SimpleData name="Denomination">FAMILLE PESTRE</SimpleData>
				</SchemaData>
			</ExtendedData>
	<Region>
		<LatLonAltBox>
			<north> 45.7879258370186 </north>
			<south> 45.7875745033504 </south>
			<east> 4.58745790896785 </east>
			<west> 4.58689302267694 </west>
		</LatLonAltBox>
		<Lod>
			<minLodPixels>100</minLodPixels>
			<maxLodPixels>-1</maxLodPixels>
		</Lod>
	</Region>
			<MultiGeometry>
				<Polygon><altitudeMode>relativeToGround</altitudeMode>
					<outerBoundaryIs>
						<LinearRing>
							<coordinates>								4.58745790896785,45.7877724679763,0 4.58717594365573,45.7875745033504,0 4.58689302267694,45.7878092341327,0 4.58714522844866,45.7879258370186,0 4.58745790896785,45.7877724679763,0 
							</coordinates>
						</LinearRing>
					</outerBoundaryIs>
				</Polygon>
			</MultiGeometry>
		</Placemark>
		<Placemark id="personne_morale.105597">
<styleUrl>#personne_morale</styleUrl>			<visibility>0</visibility>
			<ExtendedData>
				<SchemaData schemaUrl="#personne_morale">
					<SimpleData name="Numero de Parcelle">69057000AE0096</SimpleData>
					<SimpleData name="Departement">69</SimpleData>
					<SimpleData name="Commune">CHEVINAY</SimpleData>
					<SimpleData name="Adresse">PLAINET</SimpleData>
					<SimpleData name="Groupe de personne">Personnes morales non remarquables</SimpleData>
					<SimpleData name="Forme Juridique Abregee">AUPM</SimpleData>
					<SimpleData name="Denomination">GROUPEMENT FORESTIER DU PLAINET</SimpleData>
				</SchemaData>
			</ExtendedData>
	<Region>
		<LatLonAltBox>
			<north> 45.7646724143269 </north>
			<south> 45.7639139986705 </south>
			<east> 4.61653565180274 </east>
			<west> 4.6134348064874 </west>
		</LatLonAltBox>
		<Lod>
			<minLodPixels>100</minLodPixels>
			<maxLodPixels>-1</maxLodPixels>
		</Lod>
	</Region>
			<MultiGeometry>
				<Polygon><altitudeMode>relativeToGround</altitudeMode>
					<outerBoundaryIs>
						<LinearRing>
							<coordinates>								4.61637807240076,45.7639308125833,0 4.615451815485,45.7639139986705,0 4.61541819743887,45.7642562871016,0 4.6152154112105,45.7642482927449,0 4.61501339127389,45.7642356936003,0 4.61495831779911,45.7642314382826,0 4.61459200871926,45.7639736842767,0 4.61389049352304,45.76446549516029,0 4.61358226468963,45.7645307903169,0 4.61356905225959,45.76453224025741,0 4.61353438715754,45.76453940111411,0 4.6135019037359,45.7645507639352,0 4.61352210498045,45.7645638950682,0 4.61348724990997,45.7646130301644,0 4.61344641453913,45.7646600891613,0 4.6134348064874,45.7646724143269,0 4.61488507016719,45.76446396091859,0 4.61634547920966,45.764250749888,0 4.61653565180274,45.7640123174903,0 4.61637807240076,45.7639308125833,0 
							</coordinates>
						</LinearRing>
					</outerBoundaryIs>
				</Polygon>
			</MultiGeometry>
		</Placemark>
</Folder></Document></kml>