<?xml version="1.0" encoding="UTF-8"?>
<kml xmlns="http://www.opengis.net/kml/2.2" xmlns:gx="http://www.google.com/kml/ext/2.2" xmlns:kml="http://www.opengis.net/kml/2.2" xmlns:atom="http://www.w3.org/2005/Atom">
<Document id="root_doc">
	<name>parcelle_69_personne_morale.kml</name>
	<visibility>0</visibility>
	<atom:link rel="app" href="https://www.google.com/earth/about/versions/#earth-pro" title="Google Earth Pro 7.3.6.10201"></atom:link>
	<Schema name="SAINT-JULIEN_personne_morale" id="SAINT-JULIEN_personne_morale">
		<SimpleField type="string" name="Numero de Parcelle"></SimpleField>
		<SimpleField type="string" name="Departement"></SimpleField>
		<SimpleField type="string" name="Commune"></SimpleField>
		<SimpleField type="string" name="Adresse"></SimpleField>
		<SimpleField type="string" name="Groupe de personne"></SimpleField>
		<SimpleField type="string" name="Forme Juridique Abregee"></SimpleField>
		<SimpleField type="string" name="Denomination"></SimpleField>
	</Schema>
	<Style id="personne_morale">
		<LineStyle>
			<color>BF0000ff</color>
			<width>1.5</width>
		</LineStyle>
		<PolyStyle>
			<color>4C0000ff</color>
			<fill>1</fill>
			<outline>1</outline>
		</PolyStyle>
	</Style>	<Folder>
		<name>parcelle_69_personne_morale</name>
		<visibility>0</visibility>
		<Placemark id="personne_morale.489">
<styleUrl>#personne_morale</styleUrl>			<visibility>0</visibility>
			<ExtendedData>
				<SchemaData schemaUrl="#personne_morale">
					<SimpleData name="Numero de Parcelle">692150000C0129</SimpleData>
					<SimpleData name="Departement">69</SimpleData>
					<SimpleData name="Commune">SAINT-JULIEN</SimpleData>
					<SimpleData name="Adresse">GRANDES TERRES</SimpleData>
					<SimpleData name="Groupe de personne">Personnes morales non remarquables</SimpleData>
					<SimpleData name="Forme Juridique Abregee">AUPM</SimpleData>
					<SimpleData name="Denomination">GFA DU CHATEAU DU TREMBLE</SimpleData>
				</SchemaData>
			</ExtendedData>
	<Region>
		<LatLonAltBox>
			<north> 46.027129676497 </north>
			<south> 46.0264250529757 </south>
			<east> 4.66484174929834 </east>
			<west> 4.66275169669447 </west>
		</LatLonAltBox>
		<Lod>
			<minLodPixels>100</minLodPixels>
			<maxLodPixels>-1</maxLodPixels>
		</Lod>
	</Region>
			<MultiGeometry>
				<Polygon><altitudeMode>relativeToGround</altitudeMode>
					<outerBoundaryIs>
						<LinearRing>
							<coordinates>								4.66275169669447,46.0264840282263,0 4.66287222184418,46.0264888350534,0 4.66293955008317,46.0264961335886,0 4.66301360592042,46.0265078368292,0 4.66313926631632,46.0265541799713,0 4.66320571190976,46.0265707684243,0 4.66339422360072,46.0266174499336,0 4.66346401190284,46.0266291254452,0 4.6635981215045,46.0266256259062,0 4.6636496843581,46.02666314845471,0 4.66369036027497,46.0266827268857,0 4.66374940085474,46.02668960618139,0 4.66378587562553,46.02670708458821,0 4.66383947989817,46.0267607895358,0 4.66388668439779,46.0268081034308,0 4.66396697988892,46.0268978044246,0 4.66415300138172,46.0269561401794,0 4.66420027978385,46.026967425196,0 4.66456346926778,46.0270649508748,0 4.66484174929834,46.027129676497,0 4.66482748733771,46.02676960923671,0 4.66470181573176,46.0267571341163,0 4.66447044178746,46.0267340518625,0 4.66421108993017,46.0266751721419,0 4.66397094187597,46.02662276509119,0 4.66374878104819,46.0265708140548,0 4.66362875308752,46.0265482572338,0 4.66348715481992,46.02651791065059,0 4.66339738930848,46.0264955399083,0 4.66322723684113,46.026482995412,0 4.66310976180714,46.0264764328922,0 4.66302160877147,46.0264603430349,0 4.66282400337389,46.0264250529757,0 4.66275169669447,46.0264840282263,0 
							</coordinates>
						</LinearRing>
					</outerBoundaryIs>
				</Polygon>
			</MultiGeometry>
		</Placemark>
		<Placemark id="personne_morale.1248">
<styleUrl>#personne_morale</styleUrl>			<visibility>0</visibility>
			<ExtendedData>
				<SchemaData schemaUrl="#personne_morale">
					<SimpleData name="Numero de Parcelle">692150000C0198</SimpleData>
					<SimpleData name="Departement">69</SimpleData>
					<SimpleData name="Commune">SAINT-JULIEN</SimpleData>
					<SimpleData name="Adresse">PLACES BLANCHES</SimpleData>
					<SimpleData name="Groupe de personne">Personnes morales non remarquables</SimpleData>
					<SimpleData name="Forme Juridique Abregee">AUPM</SimpleData>
					<SimpleData name="Denomination">GFA DE LA RIGODIERE SAINT JULIEN</SimpleData>
				</SchemaData>
			</ExtendedData>
	<Region>
		<LatLonAltBox>
			<north> 46.024809695089 </north>
			<south> 46.0239529835161 </south>
			<east> 4.67164287558485 </east>
			<west> 4.67014798339297 </west>
		</LatLonAltBox>
		<Lod>
			<minLodPixels>100</minLodPixels>
			<maxLodPixels>-1</maxLodPixels>
		</Lod>
	</Region>
			<MultiGeometry>
				<Polygon><altitudeMode>relativeToGround</altitudeMode>
					<outerBoundaryIs>
						<LinearRing>
							<coordinates>								4.67164287558485,46.0239529835161,0 4.67101472117322,46.0239603553334,0 4.67033248344954,46.02397500575221,0 4.67014798339297,46.024809695089,0 4.6711055223967,46.0247998138531,0 4.6715200136946,46.024798565326,0 4.67160817734141,46.0242066802594,0 4.67164287558485,46.0239529835161,0 
							</coordinates>
						</LinearRing>
					</outerBoundaryIs>
				</Polygon>
			</MultiGeometry>
		</Placemark>
		<Placemark id="personne_morale.1966">
<styleUrl>#personne_morale</styleUrl>			<visibility>0</visibility>
			<ExtendedData>
				<SchemaData schemaUrl="#personne_morale">
					<SimpleData name="Numero de Parcelle">692150000C0293</SimpleData>
					<SimpleData name="Departement">69</SimpleData>
					<SimpleData name="Commune">SAINT-JULIEN</SimpleData>
					<SimpleData name="Adresse">TALENCE</SimpleData>
					<SimpleData name="Groupe de personne">Personnes morales non remarquables</SimpleData>
					<SimpleData name="Forme Juridique Abregee">AUPM</SimpleData>
					<SimpleData name="Denomination">GFA DU DOMAINE DE TALANCE</SimpleData>
				</SchemaData>
			</ExtendedData>
	<Region>
		<LatLonAltBox>
			<north> 46.0179849687853 </north>
			<south> 46.0172050274653 </south>
			<east> 4.66109266061141 </east>
			<west> 4.66008557692341 </west>
		</LatLonAltBox>
		<Lod>
			<minLodPixels>100</minLodPixels>
			<maxLodPixels>-1</maxLodPixels>
		</Lod>
	</Region>
			<MultiGeometry>
				<Polygon><altitudeMode>relativeToGround</altitudeMode>
					<outerBoundaryIs>
						<LinearRing>
							<coordinates>								4.66069929215067,46.0172050274653,0 4.66047569008285,46.01727954874891,0 4.66031007373933,46.0173349360024,0 4.66008557692341,46.0174098298864,0 4.66048806498511,46.0179849687853,0 4.66070904464606,46.0179091349142,0 4.66087500377487,46.0178522108991,0 4.66109266061141,46.0177776859317,0 4.66069929215067,46.0172050274653,0 
							</coordinates>
						</LinearRing>
					</outerBoundaryIs>
				</Polygon>
			</MultiGeometry>
		</Placemark>
		<Placemark id="personne_morale.2388">
<styleUrl>#personne_morale</styleUrl>			<visibility>0</visibility>
			<ExtendedData>
				<SchemaData schemaUrl="#personne_morale">
					<SimpleData name="Numero de Parcelle">692150000C0360</SimpleData>
					<SimpleData name="Departement">69</SimpleData>
					<SimpleData name="Commune">SAINT-JULIEN</SimpleData>
					<SimpleData name="Adresse">GRANDES TERRES</SimpleData>
					<SimpleData name="Groupe de personne">Personnes morales non remarquables</SimpleData>
					<SimpleData name="Forme Juridique Abregee">EARL</SimpleData>
					<SimpleData name="Denomination">EARL LES DUPERRAY</SimpleData>
				</SchemaData>
			</ExtendedData>
	<Region>
		<LatLonAltBox>
			<north> 46.0301146907465 </north>
			<south> 46.0299753101965 </south>
			<east> 4.66830567791976 </east>
			<west> 4.66786616858142 </west>
		</LatLonAltBox>
		<Lod>
			<minLodPixels>100</minLodPixels>
			<maxLodPixels>-1</maxLodPixels>
		</Lod>
	</Region>
			<MultiGeometry>
				<Polygon><altitudeMode>relativeToGround</altitudeMode>
					<outerBoundaryIs>
						<LinearRing>
							<coordinates>								4.66786616858142,46.0301146907465,0 4.66792989469306,46.0301053765838,0 4.66798511924007,46.03010141150819,0 4.66817622997546,46.0300541948826,0 4.66830567791976,46.0300118485785,0 4.66826694023357,46.0299753101965,0 4.66786616858142,46.0301146907465,0 
							</coordinates>
						</LinearRing>
					</outerBoundaryIs>
				</Polygon>
			</MultiGeometry>
		</Placemark>
		<Placemark id="personne_morale.2992">
<styleUrl>#personne_morale</styleUrl>			<visibility>0</visibility>
			<ExtendedData>
				<SchemaData schemaUrl="#personne_morale">
					<SimpleData name="Numero de Parcelle">692150000B0506</SimpleData>
					<SimpleData name="Departement">69</SimpleData>
					<SimpleData name="Commune">SAINT-JULIEN</SimpleData>
					<SimpleData name="Adresse">LE BOURG</SimpleData>
					<SimpleData name="Groupe de personne">Personnes morales non remarquables</SimpleData>
					<SimpleData name="Forme Juridique Abregee">AUPM</SimpleData>
					<SimpleData name="Denomination">GFA DE LA RIGODIERE SAINT JULIEN</SimpleData>
				</SchemaData>
			</ExtendedData>
	<Region>
		<LatLonAltBox>
			<north> 46.02877742985519 </north>
			<south> 46.0281226700877 </south>
			<east> 4.65823599316222 </east>
			<west> 4.65745657770829 </west>
		</LatLonAltBox>
		<Lod>
			<minLodPixels>100</minLodPixels>
			<maxLodPixels>-1</maxLodPixels>
		</Lod>
	</Region>
			<MultiGeometry>
				<Polygon><altitudeMode>relativeToGround</altitudeMode>
					<outerBoundaryIs>
						<LinearRing>
							<coordinates>								4.65765799962655,46.0287021028086,0 4.65793310762783,46.02877742985519,0 4.65823599316222,46.0282515894671,0 4.65785634463158,46.0281226700877,0 4.65761236910193,46.0284366162157,0 4.65745657770829,46.0286475843765,0 4.65765799962655,46.0287021028086,0 
							</coordinates>
						</LinearRing>
					</outerBoundaryIs>
				</Polygon>
			</MultiGeometry>
		</Placemark>
		<Placemark id="personne_morale.3179">
<styleUrl>#personne_morale</styleUrl>			<visibility>0</visibility>
			<ExtendedData>
				<SchemaData schemaUrl="#personne_morale">
					<SimpleData name="Numero de Parcelle">692150000C0570</SimpleData>
					<SimpleData name="Departement">69</SimpleData>
					<SimpleData name="Commune">SAINT-JULIEN</SimpleData>
					<SimpleData name="Adresse">CHAMBELY</SimpleData>
					<SimpleData name="Groupe de personne">Personnes morales non remarquables</SimpleData>
					<SimpleData name="Forme Juridique Abregee">SCEA</SimpleData>
					<SimpleData name="Denomination">SCEA CHEMIN DU TACOT</SimpleData>
				</SchemaData>
			</ExtendedData>
	<Region>
		<LatLonAltBox>
			<north> 46.02481517940291 </north>
			<south> 46.0246569968667 </south>
			<east> 4.67757671251446 </east>
			<west> 4.67476672245676 </west>
		</LatLonAltBox>
		<Lod>
			<minLodPixels>100</minLodPixels>
			<maxLodPixels>-1</maxLodPixels>
		</Lod>
	</Region>
			<MultiGeometry>
				<Polygon><altitudeMode>relativeToGround</altitudeMode>
					<outerBoundaryIs>
						<LinearRing>
							<coordinates>								4.67757671251446,46.02481517940291,0 4.67756627635542,46.0247655254421,0 4.6771680075209,46.0247433180944,0 4.67676678021978,46.02472160346881,0 4.67644737538212,46.0247033607695,0 4.67621038280508,46.02470794689849,0 4.67588758601781,46.0247141616151,0 4.67555917248677,46.0247057771286,0 4.67543002947614,46.02470237220071,0 4.67515094724386,46.0246919962955,0 4.67503794553698,46.0246879019994,0 4.67480711287917,46.0246569968667,0 4.67476672245676,46.0247360441974,0 4.67529511590041,46.02475147284149,0 4.6755635157696,46.0247592141719,0 4.67578468009115,46.02476558170121,0 4.67586904320146,46.0247675767841,0 4.67598316439563,46.024770212589,0 4.67610897811382,46.0247661903602,0 4.67644831812945,46.0247554970495,0 4.67662927524855,46.0247620073137,0 4.67720730772429,46.02479398605839,0 4.67757671251446,46.02481517940291,0 
							</coordinates>
						</LinearRing>
					</outerBoundaryIs>
				</Polygon>
			</MultiGeometry>
		</Placemark>
		<Placemark id="personne_morale.3429">
<styleUrl>#personne_morale</styleUrl>			<visibility>0</visibility>
			<ExtendedData>
				<SchemaData schemaUrl="#personne_morale">
					<SimpleData name="Numero de Parcelle">692150000A0670</SimpleData>
					<SimpleData name="Departement">69</SimpleData>
					<SimpleData name="Commune">SAINT-JULIEN</SimpleData>
					<SimpleData name="Adresse">LE JONCHY</SimpleData>
					<SimpleData name="Groupe de personne">Personnes morales non remarquables</SimpleData>
					<SimpleData name="Forme Juridique Abregee">SARL</SimpleData>
					<SimpleData name="Denomination">SARL TEJEM</SimpleData>
				</SchemaData>
			</ExtendedData>
	<Region>
		<LatLonAltBox>
			<north> 46.0200672738938 </north>
			<south> 46.0197209936928 </south>
			<east> 4.63847992616845 </east>
			<west> 4.63813427472251 </west>
		</LatLonAltBox>
		<Lod>
			<minLodPixels>100</minLodPixels>
			<maxLodPixels>-1</maxLodPixels>
		</Lod>
	</Region>
			<MultiGeometry>
				<Polygon><altitudeMode>relativeToGround</altitudeMode>
					<outerBoundaryIs>
						<LinearRing>
							<coordinates>								4.63813837085415,46.01983582853671,0 4.63814226773736,46.01989287567889,0 4.63815000810938,46.0198923134489,0 4.63818084483678,46.0199423060964,0 4.63816175761955,46.02000031595789,0 4.63815399578137,46.0200001579502,0 4.63815706087149,46.0200119126265,0 4.63815383816746,46.02001222941649,0 4.63813427472251,46.0200672738938,0 4.63832278433507,46.0200589646055,0 4.63847992616845,46.02002624959329,0 4.63847942901768,46.0200182406779,0 4.63847517558008,46.01994489628531,0 4.63847417055392,46.0199285183353,0 4.63847189767707,46.01988693951469,0 4.6384705917819,46.0198648015258,0 4.63846868414639,46.0198311434592,0 4.63846217078538,46.0197209936928,0 4.63836429019493,46.0198160801083,0 4.63813837085415,46.01983582853671,0 
							</coordinates>
						</LinearRing>
					</outerBoundaryIs>
				</Polygon>
			</MultiGeometry>
		</Placemark>
		<Placemark id="personne_morale.3430">
<styleUrl>#personne_morale</styleUrl>			<visibility>0</visibility>
			<ExtendedData>
				<SchemaData schemaUrl="#personne_morale">
					<SimpleData name="Numero de Parcelle">692150000A0672</SimpleData>
					<SimpleData name="Departement">69</SimpleData>
					<SimpleData name="Commune">SAINT-JULIEN</SimpleData>
					<SimpleData name="Adresse">LE JONCHY</SimpleData>
					<SimpleData name="Groupe de personne">Personnes morales non remarquables</SimpleData>
					<SimpleData name="Forme Juridique Abregee">SARL</SimpleData>
					<SimpleData name="Denomination">SARL TEJEM</SimpleData>
				</SchemaData>
			</ExtendedData>
	<Region>
		<LatLonAltBox>
			<north> 46.0196680918262 </north>
			<south> 46.0195580928177 </south>
			<east> 4.63749083693293 </east>
			<west> 4.63721170427127 </west>
		</LatLonAltBox>
		<Lod>
			<minLodPixels>100</minLodPixels>
			<maxLodPixels>-1</maxLodPixels>
		</Lod>
	</Region>
			<MultiGeometry>
				<Polygon><altitudeMode>relativeToGround</altitudeMode>
					<outerBoundaryIs>
						<LinearRing>
							<coordinates>								4.63721170427127,46.0196680918262,0 4.63727475528917,46.0196624072888,0 4.6373763004911,46.0196556261368,0 4.63742076205397,46.0196248107707,0 4.63749083693293,46.0196205557917,0 4.63749031523177,46.01961605990229,0 4.63744411563451,46.0195580928177,0 4.63724544467428,46.01956375534559,0 4.63721170427127,46.0196680918262,0 
							</coordinates>
						</LinearRing>
					</outerBoundaryIs>
				</Polygon>
			</MultiGeometry>
		</Placemark>
		<Placemark id="personne_morale.4026">
<styleUrl>#personne_morale</styleUrl>			<visibility>0</visibility>
			<ExtendedData>
				<SchemaData schemaUrl="#personne_morale">
					<SimpleData name="Numero de Parcelle">692150000C0096</SimpleData>
					<SimpleData name="Departement">69</SimpleData>
					<SimpleData name="Commune">SAINT-JULIEN</SimpleData>
					<SimpleData name="Adresse">GRANDES TERRES</SimpleData>
					<SimpleData name="Groupe de personne">Personnes morales non remarquables</SimpleData>
					<SimpleData name="Forme Juridique Abregee">AUPM</SimpleData>
					<SimpleData name="Denomination">GFA DE LA RIGODIERE SAINT JULIEN</SimpleData>
				</SchemaData>
			</ExtendedData>
	<Region>
		<LatLonAltBox>
			<north> 46.0288983122319 </north>
			<south> 46.02813103483219 </south>
			<east> 4.67139141031937 </east>
			<west> 4.66959785399622 </west>
		</LatLonAltBox>
		<Lod>
			<minLodPixels>100</minLodPixels>
			<maxLodPixels>-1</maxLodPixels>
		</Lod>
	</Region>
			<MultiGeometry>
				<Polygon><altitudeMode>relativeToGround</altitudeMode>
					<outerBoundaryIs>
						<LinearRing>
							<coordinates>								4.66985227065038,46.02813103483219,0 4.66975993913958,46.0282926283732,0 4.66962293737614,46.0285246835631,0 4.66959785399622,46.0286482678516,0 4.6696930422971,46.0286744268678,0 4.66979225150652,46.0287137667569,0 4.66985660638893,46.0287294814855,0 4.66995679816263,46.0287500723424,0 4.67007981644789,46.0287771720445,0 4.67017622187809,46.0287965575293,0 4.67022195557539,46.02880371964879,0 4.67026133345003,46.0288144881133,0 4.67029961244855,46.0288188778366,0 4.67037001023899,46.028829189137,0 4.67042475719878,46.0288436040303,0 4.67047653619831,46.0288624760359,0 4.67054289856583,46.0288804125271,0 4.67057068653094,46.0288842362274,0 4.67063964364925,46.02887691500889,0 4.67072184508212,46.0288671467929,0 4.67080950637574,46.028883868485,0 4.6708928313623,46.0288983122319,0 4.67092361738183,46.02876248418909,0 4.67096464610133,46.02866586543189,0 4.67099703143903,46.0285869376038,0 4.67103900642574,46.02852146885419,0 4.6711449722571,46.0284256940223,0 4.67128396760757,46.0282934943958,0 4.6713906457761,46.0281914039633,0 4.67139141031937,46.0281910324118,0 4.67105304381095,46.0282004349326,0 4.67053478443129,46.0282046519334,0 4.67032196626727,46.0282010331897,0 4.67023310722139,46.02820018098791,0 4.67015297490349,46.0281928952741,0 4.67006138675912,46.02818307622091,0 4.66999649557373,46.02817097229111,0 4.6699251127062,46.0281537399487,0 4.66985227065038,46.02813103483219,0 
							</coordinates>
						</LinearRing>
					</outerBoundaryIs>
				</Polygon>
			</MultiGeometry>
		</Placemark>
		<Placemark id="personne_morale.7196">
<styleUrl>#personne_morale</styleUrl>			<visibility>0</visibility>
			<ExtendedData>
				<SchemaData schemaUrl="#personne_morale">
					<SimpleData name="Numero de Parcelle">692150000A0003</SimpleData>
					<SimpleData name="Departement">69</SimpleData>
					<SimpleData name="Commune">SAINT-JULIEN</SimpleData>
					<SimpleData name="Adresse">LES GRANDES TERRES</SimpleData>
					<SimpleData name="Groupe de personne">Personnes morales non remarquables</SimpleData>
					<SimpleData name="Forme Juridique Abregee">AUPM</SimpleData>
					<SimpleData name="Denomination">GFA D ESPAGNE</SimpleData>
				</SchemaData>
			</ExtendedData>
	<Region>
		<LatLonAltBox>
			<north> 46.0261379190194 </north>
			<south> 46.0256981665591 </south>
			<east> 4.6238378960812 </east>
			<west> 4.6230252503906 </west>
		</LatLonAltBox>
		<Lod>
			<minLodPixels>100</minLodPixels>
			<maxLodPixels>-1</maxLodPixels>
		</Lod>
	</Region>
			<MultiGeometry>
				<Polygon><altitudeMode>relativeToGround</altitudeMode>
					<outerBoundaryIs>
						<LinearRing>
							<coordinates>								4.6233088304735,46.0261379190194,0 4.62331398432202,46.0261373047945,0 4.6238378960812,46.0260756688769,0 4.62374357223595,46.0259420980414,0 4.6236523314316,46.02581658910639,0 4.62357308277338,46.025707480869,0 4.62356311042107,46.0256981665591,0 4.6230252503906,46.0258040443432,0 4.62307761548008,46.02586535145139,0 4.6233088304735,46.0261379190194,0 
							</coordinates>
						</LinearRing>
					</outerBoundaryIs>
				</Polygon>
			</MultiGeometry>
		</Placemark>
		<Placemark id="personne_morale.7240">
<styleUrl>#personne_morale</styleUrl>			<visibility>0</visibility>
			<ExtendedData>
				<SchemaData schemaUrl="#personne_morale">
					<SimpleData name="Numero de Parcelle">692150000A0062</SimpleData>
					<SimpleData name="Departement">69</SimpleData>
					<SimpleData name="Commune">SAINT-JULIEN</SimpleData>
					<SimpleData name="Adresse">LES GRANGES D ESPAGNE</SimpleData>
					<SimpleData name="Groupe de personne">Personnes morales non remarquables</SimpleData>
					<SimpleData name="Forme Juridique Abregee">AUPM</SimpleData>
					<SimpleData name="Denomination">GFA LACROIX ROCHE</SimpleData>
				</SchemaData>
			</ExtendedData>
	<Region>
		<LatLonAltBox>
			<north> 46.0213495552768 </north>
			<south> 46.0199132907411 </south>
			<east> 4.62997391664726 </east>
			<west> 4.62817762917581 </west>
		</LatLonAltBox>
		<Lod>
			<minLodPixels>100</minLodPixels>
			<maxLodPixels>-1</maxLodPixels>
		</Lod>
	</Region>
			<MultiGeometry>
				<Polygon><altitudeMode>relativeToGround</altitudeMode>
					<outerBoundaryIs>
						<LinearRing>
							<coordinates>								4.62817762917581,46.020133479486,0 4.62825891129803,46.0206999223119,0 4.62830776286146,46.0209351093888,0 4.62836162449714,46.0210469209146,0 4.62845152562789,46.0212144172092,0 4.62858067789318,46.0213495552768,0 4.62881484186994,46.0208700887846,0 4.62881569050672,46.02086818515249,0 4.62893635540548,46.0206250676719,0 4.62900830644693,46.020478933347,0 4.6296586716639,46.0206727772306,0 4.62997391664726,46.020098381007,0 4.6293499779558,46.01992793711721,0 4.62929744221578,46.0199132907411,0 4.62912757313356,46.0202235864382,0 4.62886850280171,46.0201543549996,0 4.6285995369687,46.0200827432703,0 4.62855431581697,46.0200968133035,0 4.62838055569775,46.0201229981267,0 4.62818305952401,46.0201334915366,0 4.62817762917581,46.020133479486,0 
							</coordinates>
						</LinearRing>
					</outerBoundaryIs>
				</Polygon>
			</MultiGeometry>
		</Placemark>
		<Placemark id="personne_morale.8228">
<styleUrl>#personne_morale</styleUrl>			<visibility>0</visibility>
			<ExtendedData>
				<SchemaData schemaUrl="#personne_morale">
					<SimpleData name="Numero de Parcelle">692150000B0101</SimpleData>
					<SimpleData name="Departement">69</SimpleData>
					<SimpleData name="Commune">SAINT-JULIEN</SimpleData>
					<SimpleData name="Adresse">LE BOURG</SimpleData>
					<SimpleData name="Groupe de personne">Personnes morales non remarquables</SimpleData>
					<SimpleData name="Forme Juridique Abregee">GFA</SimpleData>
					<SimpleData name="Denomination">CALANDE   DE LA</SimpleData>
				</SchemaData>
			</ExtendedData>
	<Region>
		<LatLonAltBox>
			<north> 46.028983848597 </north>
			<south> 46.0285678163589 </south>
			<east> 4.65096678540541 </east>
			<west> 4.64972594553569 </west>
		</LatLonAltBox>
		<Lod>
			<minLodPixels>100</minLodPixels>
			<maxLodPixels>-1</maxLodPixels>
		</Lod>
	</Region>
			<MultiGeometry>
				<Polygon><altitudeMode>relativeToGround</altitudeMode>
					<outerBoundaryIs>
						<LinearRing>
							<coordinates>								4.64994354904295,46.0289512974693,0 4.65026275090768,46.0289623224579,0 4.65082562403784,46.028983848597,0 4.65089006505347,46.0288992360662,0 4.65096678540541,46.02879724148741,0 4.65063871547554,46.0286932164545,0 4.65026306725904,46.0285678163589,0 4.64972594553569,46.02890024342781,0 4.64994354904295,46.0289512974693,0 
							</coordinates>
						</LinearRing>
					</outerBoundaryIs>
				</Polygon>
			</MultiGeometry>
		</Placemark>
		<Placemark id="personne_morale.8614">
<styleUrl>#personne_morale</styleUrl>			<visibility>0</visibility>
			<ExtendedData>
				<SchemaData schemaUrl="#personne_morale">
					<SimpleData name="Numero de Parcelle">692150000C0102</SimpleData>
					<SimpleData name="Departement">69</SimpleData>
					<SimpleData name="Commune">SAINT-JULIEN</SimpleData>
					<SimpleData name="Adresse">GRANDES TERRES</SimpleData>
					<SimpleData name="Groupe de personne">Personnes morales non remarquables</SimpleData>
					<SimpleData name="Forme Juridique Abregee">AUPM</SimpleData>
					<SimpleData name="Denomination">GFA DE LA RIGODIERE SAINT JULIEN</SimpleData>
				</SchemaData>
			</ExtendedData>
	<Region>
		<LatLonAltBox>
			<north> 46.0274800405816 </north>
			<south> 46.02668021659521 </south>
			<east> 4.66840560832291 </east>
			<west> 4.66730611810919 </west>
		</LatLonAltBox>
		<Lod>
			<minLodPixels>100</minLodPixels>
			<maxLodPixels>-1</maxLodPixels>
		</Lod>
	</Region>
			<MultiGeometry>
				<Polygon><altitudeMode>relativeToGround</altitudeMode>
					<outerBoundaryIs>
						<LinearRing>
							<coordinates>								4.66840560832291,46.02701467380151,0 4.66824798507504,46.0269463796286,0 4.66794564512164,46.02682176005851,0 4.66759365852031,46.02668021659521,0 4.66750027771081,46.0268670430691,0 4.66730611810919,46.02723558056681,0 4.66746644628078,46.0272822196294,0 4.66774515400429,46.0273608926327,0 4.66790639764388,46.0274121111457,0 4.66808883712049,46.0274800405816,0 4.66840560832291,46.02701467380151,0 
							</coordinates>
						</LinearRing>
					</outerBoundaryIs>
				</Polygon>
			</MultiGeometry>
		</Placemark>
		<Placemark id="personne_morale.9331">
<styleUrl>#personne_morale</styleUrl>			<visibility>0</visibility>
			<ExtendedData>
				<SchemaData schemaUrl="#personne_morale">
					<SimpleData name="Numero de Parcelle">692150000C0104</SimpleData>
					<SimpleData name="Departement">69</SimpleData>
					<SimpleData name="Commune">SAINT-JULIEN</SimpleData>
					<SimpleData name="Adresse">GRANDES TERRES</SimpleData>
					<SimpleData name="Groupe de personne">Personnes morales non remarquables</SimpleData>
					<SimpleData name="Forme Juridique Abregee">AUPM</SimpleData>
					<SimpleData name="Denomination">GFA DE LA RIGODIERE SAINT JULIEN</SimpleData>
				</SchemaData>
			</ExtendedData>
	<Region>
		<LatLonAltBox>
			<north> 46.0270296038982 </north>
			<south> 46.0265031735471 </south>
			<east> 4.66674947014006 </east>
			<west> 4.66517771692247 </west>
		</LatLonAltBox>
		<Lod>
			<minLodPixels>100</minLodPixels>
			<maxLodPixels>-1</maxLodPixels>
		</Lod>
	</Region>
			<MultiGeometry>
				<Polygon><altitudeMode>relativeToGround</altitudeMode>
					<outerBoundaryIs>
						<LinearRing>
							<coordinates>								4.66674947014006,46.02652321385891,0 4.66592815099832,46.0265106099933,0 4.66517771692247,46.0265031735471,0 4.66524198070285,46.0265886057369,0 4.66530143871668,46.0266605080545,0 4.66532746522455,46.0266958831193,0 4.66540344338019,46.0267624987781,0 4.66561259315998,46.026807432275,0 4.66583029964999,46.0268573735741,0 4.66617853031392,46.0269390816453,0 4.66652754635481,46.0270296038982,0 4.6666843264337,46.0266818830509,0 4.66674947014006,46.02652321385891,0 
							</coordinates>
						</LinearRing>
					</outerBoundaryIs>
				</Polygon>
			</MultiGeometry>
		</Placemark>
		<Placemark id="personne_morale.9698">
<styleUrl>#personne_morale</styleUrl>			<visibility>0</visibility>
			<ExtendedData>
				<SchemaData schemaUrl="#personne_morale">
					<SimpleData name="Numero de Parcelle">692150000C0105</SimpleData>
					<SimpleData name="Departement">69</SimpleData>
					<SimpleData name="Commune">SAINT-JULIEN</SimpleData>
					<SimpleData name="Adresse">GRANDES TERRES</SimpleData>
					<SimpleData name="Groupe de personne">Personnes morales non remarquables</SimpleData>
					<SimpleData name="Forme Juridique Abregee">AUPM</SimpleData>
					<SimpleData name="Denomination">GFA DE LA RIGODIERE SAINT JULIEN</SimpleData>
				</SchemaData>
			</ExtendedData>
	<Region>
		<LatLonAltBox>
			<north> 46.0265279728666 </north>
			<south> 46.0261493067403 </south>
			<east> 4.66719751603945 </east>
			<west> 4.66479655538208 </west>
		</LatLonAltBox>
		<Lod>
			<minLodPixels>100</minLodPixels>
			<maxLodPixels>-1</maxLodPixels>
		</Lod>
	</Region>
			<MultiGeometry>
				<Polygon><altitudeMode>relativeToGround</altitudeMode>
					<outerBoundaryIs>
						<LinearRing>
							<coordinates>								4.66719751603945,46.0265279728666,0 4.66692241626942,46.0264231254463,0 4.66673585311577,46.0263597583071,0 4.66650865875895,46.0263295032926,0 4.66629915532704,46.0263070039005,0 4.66592247983308,46.0262636334939,0 4.665728718989,46.0262443242915,0 4.66529524375983,46.0261997149809,0 4.66495135173334,46.02616288507541,0 4.66479655538208,46.0261493067403,0 4.66490353985054,46.0262450099672,0 4.66495270484342,46.0262844586075,0 4.66508035277437,46.0264092206867,0 4.66515616827979,46.0264747580607,0 4.66517771692247,46.0265031735471,0 4.66592815099832,46.0265106099933,0 4.66674947014006,46.02652321385891,0 4.66719751603945,46.0265279728666,0 
							</coordinates>
						</LinearRing>
					</outerBoundaryIs>
				</Polygon>
			</MultiGeometry>
		</Placemark>
		<Placemark id="personne_morale.10025">
<styleUrl>#personne_morale</styleUrl>			<visibility>0</visibility>
			<ExtendedData>
				<SchemaData schemaUrl="#personne_morale">
					<SimpleData name="Numero de Parcelle">692150000B0106</SimpleData>
					<SimpleData name="Departement">69</SimpleData>
					<SimpleData name="Commune">SAINT-JULIEN</SimpleData>
					<SimpleData name="Adresse">LE BOURG</SimpleData>
					<SimpleData name="Groupe de personne">Personnes morales non remarquables</SimpleData>
					<SimpleData name="Forme Juridique Abregee">AUPM</SimpleData>
					<SimpleData name="Denomination">GFA DE LA RIGODIERE SAINT JULIEN</SimpleData>
				</SchemaData>
			</ExtendedData>
	<Region>
		<LatLonAltBox>
			<north> 46.0300193790006 </north>
			<south> 46.0297443246185 </south>
			<east> 4.65432776693493 </east>
			<west> 4.6538856919167 </west>
		</LatLonAltBox>
		<Lod>
			<minLodPixels>100</minLodPixels>
			<maxLodPixels>-1</maxLodPixels>
		</Lod>
	</Region>
			<MultiGeometry>
				<Polygon><altitudeMode>relativeToGround</altitudeMode>
					<outerBoundaryIs>
						<LinearRing>
							<coordinates>								4.6538856919167,46.0299087406953,0 4.65432776693493,46.0300193790006,0 4.65411065851374,46.0297443246185,0 4.65398358763276,46.02984453419229,0 4.6538856919167,46.0299087406953,0 
							</coordinates>
						</LinearRing>
					</outerBoundaryIs>
				</Polygon>
			</MultiGeometry>
		</Placemark>
		<Placemark id="personne_morale.10993">
<styleUrl>#personne_morale</styleUrl>			<visibility>0</visibility>
			<ExtendedData>
				<SchemaData schemaUrl="#personne_morale">
					<SimpleData name="Numero de Parcelle">692150000B0109</SimpleData>
					<SimpleData name="Departement">69</SimpleData>
					<SimpleData name="Commune">SAINT-JULIEN</SimpleData>
					<SimpleData name="Adresse">LE BOURG</SimpleData>
					<SimpleData name="Groupe de personne">Personnes morales non remarquables</SimpleData>
					<SimpleData name="Forme Juridique Abregee">AUPM</SimpleData>
					<SimpleData name="Denomination">GFA DE LA RIGODIERE SAINT JULIEN</SimpleData>
				</SchemaData>
			</ExtendedData>
	<Region>
		<LatLonAltBox>
			<north> 46.029955992654 </north>
			<south> 46.02955579921971 </south>
			<east> 4.6556269847775 </east>
			<west> 4.65472117540758 </west>
		</LatLonAltBox>
		<Lod>
			<minLodPixels>100</minLodPixels>
			<maxLodPixels>-1</maxLodPixels>
		</Lod>
	</Region>
			<MultiGeometry>
				<Polygon><altitudeMode>relativeToGround</altitudeMode>
					<outerBoundaryIs>
						<LinearRing>
							<coordinates>								4.65545018491231,46.02955579921971,0 4.65534333510017,46.02961887682479,0 4.65524986706961,46.0296625742205,0 4.65503101148373,46.02975493829641,0 4.65481329868503,46.02984233146309,0 4.65472117540758,46.0298963667061,0 4.6547668221569,46.0299350604421,0 4.65491174439375,46.0298909724961,0 4.65503858049163,46.0298689451318,0 4.65514063927816,46.029955992654,0 4.65534555051144,46.02992444842761,0 4.65540457289121,46.0299220552681,0 4.65548974307676,46.0299248644561,0 4.6555172884652,46.0299163559345,0 4.6555505817872,46.0298883085572,0 4.65558229068263,46.0297861575595,0 4.6556269847775,46.0296471588139,0 4.65561612320327,46.02963858077621,0 4.65545018491231,46.02955579921971,0 
							</coordinates>
						</LinearRing>
					</outerBoundaryIs>
				</Polygon>
			</MultiGeometry>
		</Placemark>
		<Placemark id="personne_morale.11613">
<styleUrl>#personne_morale</styleUrl>			<visibility>0</visibility>
			<ExtendedData>
				<SchemaData schemaUrl="#personne_morale">
					<SimpleData name="Numero de Parcelle">692150000B0110</SimpleData>
					<SimpleData name="Departement">69</SimpleData>
					<SimpleData name="Commune">SAINT-JULIEN</SimpleData>
					<SimpleData name="Adresse">LE BOURG</SimpleData>
					<SimpleData name="Groupe de personne">Personnes morales non remarquables</SimpleData>
					<SimpleData name="Forme Juridique Abregee">AUPM</SimpleData>
					<SimpleData name="Denomination">GFA DE LA RIGODIERE SAINT JULIEN</SimpleData>
				</SchemaData>
			</ExtendedData>
	<Region>
		<LatLonAltBox>
			<north> 46.0296670426785 </north>
			<south> 46.02891353876241 </south>
			<east> 4.65759541561616 </east>
			<west> 4.65545018491231 </west>
		</LatLonAltBox>
		<Lod>
			<minLodPixels>100</minLodPixels>
			<maxLodPixels>-1</maxLodPixels>
		</Lod>
	</Region>
			<MultiGeometry>
				<Polygon><altitudeMode>relativeToGround</altitudeMode>
					<outerBoundaryIs>
						<LinearRing>
							<coordinates>								4.65715606653164,46.02891353876241,0 4.65690851125491,46.0292076303488,0 4.65679853832858,46.029175552093,0 4.65617909462699,46.028997531657,0 4.65594096068156,46.0291967308314,0 4.65579388745931,46.02931101527859,0 4.65545018491231,46.02955579921971,0 4.65561612320327,46.02963858077621,0 4.6556269847775,46.0296471588139,0 4.65577808377189,46.0296622448946,0 4.65587508056726,46.0296670426785,0 4.65603370984848,46.0296616628238,0 4.65609075158187,46.02965362389501,0 4.65618244914946,46.02961985925241,0 4.65631237169534,46.0295543721014,0 4.65646606082958,46.02947944050371,0 4.65660963460589,46.0294250121226,0 4.65667173723624,46.029499131913,0 4.65682793529008,46.0294731606749,0 4.65685749849821,46.0294586777726,0 4.65687071254239,46.0294251590876,0 4.65689387580148,46.0293527652978,0 4.65692228908671,46.0293258696661,0 4.65700385917881,46.02932080425969,0 4.65714113998471,46.02930645782269,0 4.65718954112272,46.029290618588,0 4.65730039178259,46.02920163089999,0 4.65735178528645,46.0291778217686,0 4.65748647564859,46.029141896223,0 4.65753904655284,46.0291099635765,0 4.65759541561616,46.029049603622,0 4.65715606653164,46.02891353876241,0 
							</coordinates>
						</LinearRing>
					</outerBoundaryIs>
				</Polygon>
			</MultiGeometry>
		</Placemark>
		<Placemark id="personne_morale.11915">
<styleUrl>#personne_morale</styleUrl>			<visibility>0</visibility>
			<ExtendedData>
				<SchemaData schemaUrl="#personne_morale">
					<SimpleData name="Numero de Parcelle">692150000B0111</SimpleData>
					<SimpleData name="Departement">69</SimpleData>
					<SimpleData name="Commune">SAINT-JULIEN</SimpleData>
					<SimpleData name="Adresse">LE BOURG</SimpleData>
					<SimpleData name="Groupe de personne">Personnes morales non remarquables</SimpleData>
					<SimpleData name="Forme Juridique Abregee">AUPM</SimpleData>
					<SimpleData name="Denomination">GFA DE LA RIGODIERE SAINT JULIEN</SimpleData>
				</SchemaData>
			</ExtendedData>
	<Region>
		<LatLonAltBox>
			<north> 46.0292076303488 </north>
			<south> 46.0287147613132 </south>
			<east> 4.65715606653164 </east>
			<west> 4.65617909462699 </west>
		</LatLonAltBox>
		<Lod>
			<minLodPixels>100</minLodPixels>
			<maxLodPixels>-1</maxLodPixels>
		</Lod>
	</Region>
			<MultiGeometry>
				<Polygon><altitudeMode>relativeToGround</altitudeMode>
					<outerBoundaryIs>
						<LinearRing>
							<coordinates>								4.65715606653164,46.02891353876241,0 4.65694277759542,46.0288471236686,0 4.65651492233013,46.0287147613132,0 4.65617909462699,46.028997531657,0 4.65679853832858,46.029175552093,0 4.65690851125491,46.0292076303488,0 4.65715606653164,46.02891353876241,0 
							</coordinates>
						</LinearRing>
					</outerBoundaryIs>
				</Polygon>
			</MultiGeometry>
		</Placemark>
		<Placemark id="personne_morale.13317">
<styleUrl>#personne_morale</styleUrl>			<visibility>0</visibility>
			<ExtendedData>
				<SchemaData schemaUrl="#personne_morale">
					<SimpleData name="Numero de Parcelle">692150000C0115</SimpleData>
					<SimpleData name="Departement">69</SimpleData>
					<SimpleData name="Commune">SAINT-JULIEN</SimpleData>
					<SimpleData name="Adresse">GRANDES TERRES</SimpleData>
					<SimpleData name="Groupe de personne">Personnes morales non remarquables</SimpleData>
					<SimpleData name="Forme Juridique Abregee">AUPM</SimpleData>
					<SimpleData name="Denomination">GFA DE LA RIGODIERE SAINT JULIEN</SimpleData>
				</SchemaData>
			</ExtendedData>
	<Region>
		<LatLonAltBox>
			<north> 46.02589048801971 </north>
			<south> 46.0249816200941 </south>
			<east> 4.66901577152444 </east>
			<west> 4.66806226872224 </west>
		</LatLonAltBox>
		<Lod>
			<minLodPixels>100</minLodPixels>
			<maxLodPixels>-1</maxLodPixels>
		</Lod>
	</Region>
			<MultiGeometry>
				<Polygon><altitudeMode>relativeToGround</altitudeMode>
					<outerBoundaryIs>
						<LinearRing>
							<coordinates>								4.66807067575178,46.0257046823518,0 4.66808511721738,46.0257076222318,0 4.66806226872224,46.025760018544,0 4.66831433003104,46.0258215187065,0 4.66859739203298,46.02589048801971,0 4.66860955147639,46.0258650896069,0 4.66901577152444,46.0250201129329,0 4.6689748820727,46.0250063039814,0 4.66889434751474,46.0249856030473,0 4.66882841381808,46.0249816200941,0 4.6687519763157,46.0249894106969,0 4.66862118530344,46.0250297058755,0 4.66826313541654,46.025131260798,0 4.66819022998149,46.02515746322861,0 4.66811368540294,46.02542177225411,0 4.66818137985219,46.0254368983038,0 4.66815331734404,46.0255049533646,0 4.66807067575178,46.0257046823518,0 
							</coordinates>
						</LinearRing>
					</outerBoundaryIs>
				</Polygon>
			</MultiGeometry>
		</Placemark>
		<Placemark id="personne_morale.13950">
<styleUrl>#personne_morale</styleUrl>			<visibility>0</visibility>
			<ExtendedData>
				<SchemaData schemaUrl="#personne_morale">
					<SimpleData name="Numero de Parcelle">692150000B0117</SimpleData>
					<SimpleData name="Departement">69</SimpleData>
					<SimpleData name="Commune">SAINT-JULIEN</SimpleData>
					<SimpleData name="Adresse">LE BOURG</SimpleData>
					<SimpleData name="Groupe de personne">Personnes morales non remarquables</SimpleData>
					<SimpleData name="Forme Juridique Abregee">AUPM</SimpleData>
					<SimpleData name="Denomination">GFA DE LA RIGODIERE SAINT JULIEN</SimpleData>
				</SchemaData>
			</ExtendedData>
	<Region>
		<LatLonAltBox>
			<north> 46.02782973510791 </north>
			<south> 46.0272062603012 </south>
			<east> 4.65565504916306 </east>
			<west> 4.65503694576826 </west>
		</LatLonAltBox>
		<Lod>
			<minLodPixels>100</minLodPixels>
			<maxLodPixels>-1</maxLodPixels>
		</Lod>
	</Region>
			<MultiGeometry>
				<Polygon><altitudeMode>relativeToGround</altitudeMode>
					<outerBoundaryIs>
						<LinearRing>
							<coordinates>								4.65565504916306,46.0273408933481,0 4.65537002039784,46.0272062603012,0 4.65531901928079,46.02727743909141,0 4.65519308598599,46.0274710350354,0 4.65503694576826,46.0277092957668,0 4.65512571135872,46.0277629416362,0 4.65523931139406,46.02782973510791,0 4.65545633126652,46.0275735618802,0 4.65549684141575,46.0275275754347,0 4.65565504916306,46.0273408933481,0 
							</coordinates>
						</LinearRing>
					</outerBoundaryIs>
				</Polygon>
			</MultiGeometry>
		</Placemark>
		<Placemark id="personne_morale.15169">
<styleUrl>#personne_morale</styleUrl>			<visibility>0</visibility>
			<ExtendedData>
				<SchemaData schemaUrl="#personne_morale">
					<SimpleData name="Numero de Parcelle">692150000B0120</SimpleData>
					<SimpleData name="Departement">69</SimpleData>
					<SimpleData name="Commune">SAINT-JULIEN</SimpleData>
					<SimpleData name="Adresse">LE BOURG</SimpleData>
					<SimpleData name="Groupe de personne">Personnes morales non remarquables</SimpleData>
					<SimpleData name="Forme Juridique Abregee">AUPM</SimpleData>
					<SimpleData name="Denomination">GFA DE LA RIGODIERE SAINT JULIEN</SimpleData>
				</SchemaData>
			</ExtendedData>
	<Region>
		<LatLonAltBox>
			<north> 46.02871782436941 </north>
			<south> 46.02814639965731 </south>
			<east> 4.65759216334142 </east>
			<west> 4.65653278928918 </west>
		</LatLonAltBox>
		<Lod>
			<minLodPixels>100</minLodPixels>
			<maxLodPixels>-1</maxLodPixels>
		</Lod>
	</Region>
			<MultiGeometry>
				<Polygon><altitudeMode>relativeToGround</altitudeMode>
					<outerBoundaryIs>
						<LinearRing>
							<coordinates>								4.65740404243828,46.0286334912083,0 4.65759216334142,46.0283797178928,0 4.65700351541662,46.02814639965731,0 4.65653278928918,46.0286554149363,0 4.65669358709019,46.02871782436941,0 4.6568644683805,46.0284925859584,0 4.65733461522502,46.0286166727352,0 4.65740404243828,46.0286334912083,0 
							</coordinates>
						</LinearRing>
					</outerBoundaryIs>
				</Polygon>
			</MultiGeometry>
		</Placemark>
		<Placemark id="personne_morale.15172">
<styleUrl>#personne_morale</styleUrl>			<visibility>0</visibility>
			<ExtendedData>
				<SchemaData schemaUrl="#personne_morale">
					<SimpleData name="Numero de Parcelle">692150000C0120</SimpleData>
					<SimpleData name="Departement">69</SimpleData>
					<SimpleData name="Commune">SAINT-JULIEN</SimpleData>
					<SimpleData name="Adresse">GRANDES TERRES</SimpleData>
					<SimpleData name="Groupe de personne">Personnes morales non remarquables</SimpleData>
					<SimpleData name="Forme Juridique Abregee">AUPM</SimpleData>
					<SimpleData name="Denomination">GFA DE LA RIGODIERE SAINT JULIEN</SimpleData>
				</SchemaData>
			</ExtendedData>
	<Region>
		<LatLonAltBox>
			<north> 46.0262942474162 </north>
			<south> 46.0258285327486 </south>
			<east> 4.66678391166253 </east>
			<west> 4.66496674882822 </west>
		</LatLonAltBox>
		<Lod>
			<minLodPixels>100</minLodPixels>
			<maxLodPixels>-1</maxLodPixels>
		</Lod>
	</Region>
			<MultiGeometry>
				<Polygon><altitudeMode>relativeToGround</altitudeMode>
					<outerBoundaryIs>
						<LinearRing>
							<coordinates>								4.66496674882822,46.0260991601113,0 4.66512154667657,46.0261170615119,0 4.66542146960967,46.026149403048,0 4.66563079103227,46.02617019540811,0 4.66623081508724,46.0262321703182,0 4.66678080407996,46.0262942474162,0 4.66678391166253,46.0262815920229,0 4.66641023699215,46.02616657406789,0 4.66615476996081,46.0260907987399,0 4.6657556544743,46.0259724598198,0 4.66527120359833,46.0258285327486,0 4.66496674882822,46.0260991601113,0 
							</coordinates>
						</LinearRing>
					</outerBoundaryIs>
				</Polygon>
			</MultiGeometry>
		</Placemark>
		<Placemark id="personne_morale.15477">
<styleUrl>#personne_morale</styleUrl>			<visibility>0</visibility>
			<ExtendedData>
				<SchemaData schemaUrl="#personne_morale">
					<SimpleData name="Numero de Parcelle">692150000C0121</SimpleData>
					<SimpleData name="Departement">69</SimpleData>
					<SimpleData name="Commune">SAINT-JULIEN</SimpleData>
					<SimpleData name="Adresse">GRANDES TERRES</SimpleData>
					<SimpleData name="Groupe de personne">Personnes morales non remarquables</SimpleData>
					<SimpleData name="Forme Juridique Abregee">AUPM</SimpleData>
					<SimpleData name="Denomination">GFA DE LA RIGODIERE SAINT JULIEN</SimpleData>
				</SchemaData>
			</ExtendedData>
	<Region>
		<LatLonAltBox>
			<north> 46.0260991601113 </north>
			<south> 46.0256789975957 </south>
			<east> 4.66529109235227 </east>
			<west> 4.66430705307558 </west>
		</LatLonAltBox>
		<Lod>
			<minLodPixels>100</minLodPixels>
			<maxLodPixels>-1</maxLodPixels>
		</Lod>
	</Region>
			<MultiGeometry>
				<Polygon><altitudeMode>relativeToGround</altitudeMode>
					<outerBoundaryIs>
						<LinearRing>
							<coordinates>								4.66469925014005,46.0260658007308,0 4.66491134389517,46.02609276846561,0 4.66496674882822,46.0260991601113,0 4.66527120359833,46.0258285327486,0 4.66529109235227,46.02581067703021,0 4.66489777243064,46.0257512453119,0 4.66442027925507,46.0256789975957,0 4.66430705307558,46.02577433225269,0 4.66440453099296,46.0258165843632,0 4.6644664478622,46.0258501715811,0 4.66454231053669,46.0259087733248,0 4.66462034675632,46.0259836456195,0 4.66467761082402,46.0260386474595,0 4.66469925014005,46.0260658007308,0 
							</coordinates>
						</LinearRing>
					</outerBoundaryIs>
				</Polygon>
			</MultiGeometry>
		</Placemark>
		<Placemark id="personne_morale.15782">
<styleUrl>#personne_morale</styleUrl>			<visibility>0</visibility>
			<ExtendedData>
				<SchemaData schemaUrl="#personne_morale">
					<SimpleData name="Numero de Parcelle">692150000B0122</SimpleData>
					<SimpleData name="Departement">69</SimpleData>
					<SimpleData name="Commune">SAINT-JULIEN</SimpleData>
					<SimpleData name="Adresse">LE BOURG</SimpleData>
					<SimpleData name="Groupe de personne">Personnes morales non remarquables</SimpleData>
					<SimpleData name="Forme Juridique Abregee">AUPM</SimpleData>
					<SimpleData name="Denomination">GFA DE LA RIGODIERE SAINT JULIEN</SimpleData>
				</SchemaData>
			</ExtendedData>
	<Region>
		<LatLonAltBox>
			<north> 46.0295068757376 </north>
			<south> 46.02856335739221 </south>
			<east> 4.66034364871994 </east>
			<west> 4.65828136118595 </west>
		</LatLonAltBox>
		<Lod>
			<minLodPixels>100</minLodPixels>
			<maxLodPixels>-1</maxLodPixels>
		</Lod>
	</Region>
			<MultiGeometry>
				<Polygon><altitudeMode>relativeToGround</altitudeMode>
					<outerBoundaryIs>
						<LinearRing>
							<coordinates>								4.66011706022115,46.0293757668241,0 4.66009572365577,46.02928150680501,0 4.66008814993303,46.02919767336019,0 4.66010485997416,46.0290872741496,0 4.66012458374172,46.0290081748306,0 4.66017846723729,46.0288612935764,0 4.66026074488085,46.0287040887839,0 4.66034364871994,46.02856335739221,0 4.66002491327492,46.02860207208771,0 4.65955690159566,46.0286603549588,0 4.65894154602222,46.0287379957222,0 4.65874216489264,46.02881549089229,0 4.65854844580102,46.0288706558017,0 4.6584449908169,46.02890036118649,0 4.65839457823552,46.0289352349627,0 4.65832387140268,46.02901751173701,0 4.65828136118595,46.0290828933113,0 4.65846555887168,46.0291107316974,0 4.65877948916811,46.0291569368006,0 4.65903854223866,46.02921430222981,0 4.65948423489352,46.02931180753509,0 4.65966100765067,46.02935065106159,0 4.65980875891321,46.0293919008206,0 4.65999759654301,46.0294534446971,0 4.66016226758703,46.0295068757376,0 4.66011706022115,46.0293757668241,0 
							</coordinates>
						</LinearRing>
					</outerBoundaryIs>
				</Polygon>
			</MultiGeometry>
		</Placemark>
		<Placemark id="personne_morale.15787">
<styleUrl>#personne_morale</styleUrl>			<visibility>0</visibility>
			<ExtendedData>
				<SchemaData schemaUrl="#personne_morale">
					<SimpleData name="Numero de Parcelle">692150000C0122</SimpleData>
					<SimpleData name="Departement">69</SimpleData>
					<SimpleData name="Commune">SAINT-JULIEN</SimpleData>
					<SimpleData name="Adresse">GRANDES TERRES</SimpleData>
					<SimpleData name="Groupe de personne">Personnes morales non remarquables</SimpleData>
					<SimpleData name="Forme Juridique Abregee">AUPM</SimpleData>
					<SimpleData name="Denomination">GFA DE LA RIGODIERE SAINT JULIEN</SimpleData>
				</SchemaData>
			</ExtendedData>
	<Region>
		<LatLonAltBox>
			<north> 46.02581067703021 </north>
			<south> 46.0252941884584 </south>
			<east> 4.66575769049001 </east>
			<west> 4.66355497287433 </west>
		</LatLonAltBox>
		<Lod>
			<minLodPixels>100</minLodPixels>
			<maxLodPixels>-1</maxLodPixels>
		</Lod>
	</Region>
			<MultiGeometry>
				<Polygon><altitudeMode>relativeToGround</altitudeMode>
					<outerBoundaryIs>
						<LinearRing>
							<coordinates>								4.66529109235227,46.02581067703021,0 4.66575769049001,46.0254078760712,0 4.66526963617194,46.02534974790511,0 4.66502092615595,46.0253218776995,0 4.66487759648851,46.0253068700856,0 4.66475648477515,46.02530396549471,0 4.66462495045248,46.0252941884584,0 4.66448598866087,46.0252953286526,0 4.66435064715958,46.02530073883359,0 4.66422862447808,46.02531045674161,0 4.66387563068287,46.02536148468189,0 4.66364249607995,46.0253996737068,0 4.66356342907998,46.0254146148524,0 4.66355497287433,46.02542572740891,0 4.66386648732278,46.0255806671279,0 4.66413974377087,46.025701851405,0 4.66430705307558,46.02577433225269,0 4.66442027925507,46.0256789975957,0 4.66489777243064,46.0257512453119,0 4.66529109235227,46.02581067703021,0 
							</coordinates>
						</LinearRing>
					</outerBoundaryIs>
				</Polygon>
			</MultiGeometry>
		</Placemark>
		<Placemark id="personne_morale.16398">
<styleUrl>#personne_morale</styleUrl>			<visibility>0</visibility>
			<ExtendedData>
				<SchemaData schemaUrl="#personne_morale">
					<SimpleData name="Numero de Parcelle">692150000B0124</SimpleData>
					<SimpleData name="Departement">69</SimpleData>
					<SimpleData name="Commune">SAINT-JULIEN</SimpleData>
					<SimpleData name="Adresse">LE BOURG</SimpleData>
					<SimpleData name="Groupe de personne">Personnes morales non remarquables</SimpleData>
					<SimpleData name="Forme Juridique Abregee">GFA</SimpleData>
					<SimpleData name="Denomination">CALANDE   DE LA</SimpleData>
				</SchemaData>
			</ExtendedData>
	<Region>
		<LatLonAltBox>
			<north> 46.0286497837463 </north>
			<south> 46.0258782861234 </south>
			<east> 4.66166778931216 </east>
			<west> 4.65939921645661 </west>
		</LatLonAltBox>
		<Lod>
			<minLodPixels>100</minLodPixels>
			<maxLodPixels>-1</maxLodPixels>
		</Lod>
	</Region>
			<MultiGeometry>
				<Polygon><altitudeMode>relativeToGround</altitudeMode>
					<outerBoundaryIs>
						<LinearRing>
							<coordinates>								4.65939921645661,46.0286497837463,0 4.6599070086499,46.0285856949521,0 4.66014002408585,46.0281104103914,0 4.66035647296486,46.02767328705291,0 4.66042660008704,46.0275291399725,0 4.66113520028647,46.0276794402913,0 4.66122298253863,46.0275761955139,0 4.66123683541846,46.0275553666524,0 4.66133904638484,46.0272791577609,0 4.66150036408343,46.026849415178,0 4.66160017389008,46.0265751326578,0 4.66166778931216,46.0263950839834,0 4.6610319665855,46.02620084776551,0 4.66088332934053,46.0261514164049,0 4.66066594933752,46.02606921619321,0 4.66035732660026,46.0259584493298,0 4.66030765402931,46.02594917932641,0 4.66017962210707,46.02593979615959,0 4.66016054878697,46.0259333203608,0 4.66006230030438,46.0258782861234,0 4.66013886316723,46.02627292821529,0 4.66015900916614,46.0263791848441,0 4.66010838310398,46.0266895838616,0 4.66002187228831,46.0269334970373,0 4.65993863839118,46.02717033675481,0 4.65981633604548,46.0275351061941,0 4.6596304775232,46.02802194899949,0 4.65958328947851,46.028146484895,0 4.65953453197396,46.0282832931385,0 4.65939921645661,46.0286497837463,0 
							</coordinates>
						</LinearRing>
					</outerBoundaryIs>
				</Polygon>
			</MultiGeometry>
		</Placemark>
		<Placemark id="personne_morale.17312">
<styleUrl>#personne_morale</styleUrl>			<visibility>0</visibility>
			<ExtendedData>
				<SchemaData schemaUrl="#personne_morale">
					<SimpleData name="Numero de Parcelle">692150000C0127</SimpleData>
					<SimpleData name="Departement">69</SimpleData>
					<SimpleData name="Commune">SAINT-JULIEN</SimpleData>
					<SimpleData name="Adresse">GRANDES TERRES</SimpleData>
					<SimpleData name="Groupe de personne">Personnes morales non remarquables</SimpleData>
					<SimpleData name="Forme Juridique Abregee">AUPM</SimpleData>
					<SimpleData name="Denomination">GFA DE LA RIGODIERE SAINT JULIEN</SimpleData>
				</SchemaData>
			</ExtendedData>
	<Region>
		<LatLonAltBox>
			<north> 46.0265348491445 </north>
			<south> 46.0259538495098 </south>
			<east> 4.66512449854542 </east>
			<west> 4.66265440418454 </west>
		</LatLonAltBox>
		<Lod>
			<minLodPixels>100</minLodPixels>
			<maxLodPixels>-1</maxLodPixels>
		</Lod>
	</Region>
			<MultiGeometry>
				<Polygon><altitudeMode>relativeToGround</altitudeMode>
					<outerBoundaryIs>
						<LinearRing>
							<coordinates>								4.66469426891958,46.0261404511796,0 4.66461726397791,46.0261338362267,0 4.66419244862189,46.02609332878821,0 4.66393435006079,46.02606721525679,0 4.66347766271532,46.02601600448691,0 4.66319306440579,46.0259815415034,0 4.66296258946518,46.0259538495098,0 4.66295220037026,46.02599939679149,0 4.66293702498424,46.0260320443407,0 4.66291272774995,46.0260666271062,0 4.66285190785739,46.0261163369121,0 4.66280381731877,46.0261380285679,0 4.66265440418454,46.026191289708,0 4.66267917005072,46.0261978617222,0 4.66290509820786,46.0262504800979,0 4.66307242686437,46.0262594637351,0 4.66339731753628,46.02627514174119,0 4.66356627567366,46.0263166157033,0 4.66368218067252,46.02633112687809,0 4.66385444874664,46.0263580506951,0 4.66402940810764,46.0263884474378,0 4.66407868307382,46.0263973613863,0 4.66422305509302,46.026421091453,0 4.66446934046919,46.02646268959811,0 4.66459362936779,46.0264807695625,0 4.66469507557806,46.0264874759038,0 4.66512449854542,46.0265348491445,0 4.66503788236299,46.0264456921507,0 4.66496145264226,46.0263641314069,0 4.66487057667938,46.0262880068321,0 4.66483904150818,46.0262671236559,0 4.66480994175965,46.0262498074657,0 4.66469426891958,46.0261404511796,0 
							</coordinates>
						</LinearRing>
					</outerBoundaryIs>
				</Polygon>
			</MultiGeometry>
		</Placemark>
		<Placemark id="personne_morale.18453">
<styleUrl>#personne_morale</styleUrl>			<visibility>0</visibility>
			<ExtendedData>
				<SchemaData schemaUrl="#personne_morale">
					<SimpleData name="Numero de Parcelle">692150000C0130</SimpleData>
					<SimpleData name="Departement">69</SimpleData>
					<SimpleData name="Commune">SAINT-JULIEN</SimpleData>
					<SimpleData name="Adresse">SAUNIERES</SimpleData>
					<SimpleData name="Groupe de personne">Personnes morales non remarquables</SimpleData>
					<SimpleData name="Forme Juridique Abregee">GFA</SimpleData>
					<SimpleData name="Denomination">CALANDE   DE LA</SimpleData>
				</SchemaData>
			</ExtendedData>
	<Region>
		<LatLonAltBox>
			<north> 46.0267662114202 </north>
			<south> 46.0264108652246 </south>
			<east> 4.6631752230375 </east>
			<west> 4.66178554602932 </west>
		</LatLonAltBox>
		<Lod>
			<minLodPixels>100</minLodPixels>
			<maxLodPixels>-1</maxLodPixels>
		</Lod>
	</Region>
			<MultiGeometry>
				<Polygon><altitudeMode>relativeToGround</altitudeMode>
					<outerBoundaryIs>
						<LinearRing>
							<coordinates>								4.66226114165436,46.0267198192617,0 4.6624297435518,46.02670671825651,0 4.66272712338973,46.0266805593065,0 4.66285448368374,46.0266633790847,0 4.6629592886948,46.02664860124721,0 4.66317072670467,46.0266025358008,0 4.6631752230375,46.02660156912961,0 4.66304282402419,46.0265504611673,0 4.66291884946278,46.0265128298919,0 4.66284860716844,46.0265117888679,0 4.66271959952352,46.02651296094871,0 4.66265637717231,46.0265046112909,0 4.66254671125275,46.0264997350139,0 4.66245403345896,46.0264879443381,0 4.66237226120913,46.02647761487939,0 4.66227167102907,46.02646927266469,0 4.66220782706444,46.0264617424973,0 4.66216753278645,46.0264633241919,0 4.66204936001556,46.02644650292829,0 4.66198767381956,46.0264333567102,0 4.6619133775126,46.0264179634962,0 4.66183234962543,46.0264108652246,0 4.66179670103344,46.0264677711771,0 4.66178904004816,46.02650093886761,0 4.66178554602932,46.0265564726716,0 4.66179182111034,46.0266828377045,0 4.66180002970628,46.0267662114202,0 4.66226114165436,46.0267198192617,0 
							</coordinates>
						</LinearRing>
					</outerBoundaryIs>
				</Polygon>
			</MultiGeometry>
		</Placemark>
		<Placemark id="personne_morale.19595">
<styleUrl>#personne_morale</styleUrl>			<visibility>0</visibility>
			<ExtendedData>
				<SchemaData schemaUrl="#personne_morale">
					<SimpleData name="Numero de Parcelle">692150000B0134</SimpleData>
					<SimpleData name="Departement">69</SimpleData>
					<SimpleData name="Commune">SAINT-JULIEN</SimpleData>
					<SimpleData name="Adresse">LE BOURG</SimpleData>
					<SimpleData name="Groupe de personne">Personnes morales non remarquables</SimpleData>
					<SimpleData name="Forme Juridique Abregee">SAS</SimpleData>
					<SimpleData name="Denomination">CSA PROMOTION</SimpleData>
				</SchemaData>
			</ExtendedData>
	<Region>
		<LatLonAltBox>
			<north> 46.02593712990549 </north>
			<south> 46.0254247512738 </south>
			<east> 4.6615327586637 </east>
			<west> 4.66023569828787 </west>
		</LatLonAltBox>
		<Lod>
			<minLodPixels>100</minLodPixels>
			<maxLodPixels>-1</maxLodPixels>
		</Lod>
	</Region>
			<MultiGeometry>
				<Polygon><altitudeMode>relativeToGround</altitudeMode>
					<outerBoundaryIs>
						<LinearRing>
							<coordinates>								4.66029233916789,46.0254247512738,0 4.66023569828787,46.0257114602534,0 4.66038747662685,46.0257536408949,0 4.6605700658664,46.02577564478879,0 4.6607156129864,46.02579557915821,0 4.66089206934219,46.0258285707608,0 4.66101194743406,46.02586338203421,0 4.66117576670686,46.0259103389722,0 4.66146181235872,46.02593712990549,0 4.6615327586637,46.0256790326252,0 4.66122288804914,46.02561683366449,0 4.66064457161671,46.02549398793789,0 4.66029233916789,46.0254247512738,0 
							</coordinates>
						</LinearRing>
					</outerBoundaryIs>
				</Polygon>
			</MultiGeometry>
		</Placemark>
		<Placemark id="personne_morale.19894">
<styleUrl>#personne_morale</styleUrl>			<visibility>0</visibility>
			<ExtendedData>
				<SchemaData schemaUrl="#personne_morale">
					<SimpleData name="Numero de Parcelle">692150000B0135</SimpleData>
					<SimpleData name="Departement">69</SimpleData>
					<SimpleData name="Commune">SAINT-JULIEN</SimpleData>
					<SimpleData name="Adresse">LE BOURG</SimpleData>
					<SimpleData name="Groupe de personne">Personnes morales non remarquables</SimpleData>
					<SimpleData name="Forme Juridique Abregee">SAS</SimpleData>
					<SimpleData name="Denomination">CSA PROMOTION</SimpleData>
				</SchemaData>
			</ExtendedData>
	<Region>
		<LatLonAltBox>
			<north> 46.0257114602534 </north>
			<south> 46.0252193834918 </south>
			<east> 4.66029233916789 </east>
			<west> 4.65915202071916 </west>
		</LatLonAltBox>
		<Lod>
			<minLodPixels>100</minLodPixels>
			<maxLodPixels>-1</maxLodPixels>
		</Lod>
	</Region>
			<MultiGeometry>
				<Polygon><altitudeMode>relativeToGround</altitudeMode>
					<outerBoundaryIs>
						<LinearRing>
							<coordinates>								4.65929054057827,46.0252193834918,0 4.65915202071916,46.025603754506,0 4.65920546412592,46.02560945711269,0 4.6593107029798,46.025630523767,0 4.65957342716026,46.02562154316689,0 4.65968750587241,46.0256227549092,0 4.65972969439769,46.0256282618052,0 4.65982447725718,46.0256456081329,0 4.65989721984125,46.0256567021321,0 4.66006436172854,46.02565101165201,0 4.66023569828787,46.0257114602534,0 4.66029233916789,46.0254247512738,0 4.65997561766657,46.0253582359187,0 4.65929054057827,46.0252193834918,0 
							</coordinates>
						</LinearRing>
					</outerBoundaryIs>
				</Polygon>
			</MultiGeometry>
		</Placemark>
		<Placemark id="personne_morale.20209">
<styleUrl>#personne_morale</styleUrl>			<visibility>0</visibility>
			<ExtendedData>
				<SchemaData schemaUrl="#personne_morale">
					<SimpleData name="Numero de Parcelle">692150000C0136</SimpleData>
					<SimpleData name="Departement">69</SimpleData>
					<SimpleData name="Commune">SAINT-JULIEN</SimpleData>
					<SimpleData name="Adresse">SAUNIERES</SimpleData>
					<SimpleData name="Groupe de personne">Personnes morales non remarquables</SimpleData>
					<SimpleData name="Forme Juridique Abregee">AUPM</SimpleData>
					<SimpleData name="Denomination">GFA DE LA RIGODIERE SAINT JULIEN</SimpleData>
				</SchemaData>
			</ExtendedData>
	<Region>
		<LatLonAltBox>
			<north> 46.02926682773399 </north>
			<south> 46.02841261585611 </south>
			<east> 4.66663206771949 </east>
			<west> 4.66499449096504 </west>
		</LatLonAltBox>
		<Lod>
			<minLodPixels>100</minLodPixels>
			<maxLodPixels>-1</maxLodPixels>
		</Lod>
	</Region>
			<MultiGeometry>
				<Polygon><altitudeMode>relativeToGround</altitudeMode>
					<outerBoundaryIs>
						<LinearRing>
							<coordinates>								4.66663206771949,46.02926682773399,0 4.66656364935626,46.02920235340699,0 4.66648725684817,46.0291350239983,0 4.66632521614394,46.0290106789271,0 4.66623273446103,46.0289415142936,0 4.66613279661734,46.0288439072503,0 4.66604461431878,46.02875018044541,0 4.66582267624297,46.0286675164476,0 4.66563627471109,46.028592616176,0 4.6653329985078,46.02847133591591,0 4.66516713071661,46.02841261585611,0 4.66505225431401,46.0287696264233,0 4.66500043125557,46.0289115261144,0 4.66499449096504,46.0289331399105,0 4.66510831796343,46.0289556963953,0 4.66539460373516,46.0290154394613,0 4.66566224100053,46.0290699616413,0 4.66587016287856,46.02911248096811,0 4.66631619013665,46.0292035597468,0 4.66663206771949,46.02926682773399,0 
							</coordinates>
						</LinearRing>
					</outerBoundaryIs>
				</Polygon>
			</MultiGeometry>
		</Placemark>
		<Placemark id="personne_morale.20474">
<styleUrl>#personne_morale</styleUrl>			<visibility>0</visibility>
			<ExtendedData>
				<SchemaData schemaUrl="#personne_morale">
					<SimpleData name="Numero de Parcelle">692150000C0137</SimpleData>
					<SimpleData name="Departement">69</SimpleData>
					<SimpleData name="Commune">SAINT-JULIEN</SimpleData>
					<SimpleData name="Adresse">SAUNIERES</SimpleData>
					<SimpleData name="Groupe de personne">Personnes morales non remarquables</SimpleData>
					<SimpleData name="Forme Juridique Abregee">AUPM</SimpleData>
					<SimpleData name="Denomination">GFA DE LA RIGODIERE SAINT JULIEN</SimpleData>
				</SchemaData>
			</ExtendedData>
	<Region>
		<LatLonAltBox>
			<north> 46.03010237735959 </north>
			<south> 46.0295032745427 </south>
			<east> 4.667680752089 </east>
			<west> 4.66678043042746 </west>
		</LatLonAltBox>
		<Lod>
			<minLodPixels>100</minLodPixels>
			<maxLodPixels>-1</maxLodPixels>
		</Lod>
	</Region>
			<MultiGeometry>
				<Polygon><altitudeMode>relativeToGround</altitudeMode>
					<outerBoundaryIs>
						<LinearRing>
							<coordinates>								4.66693729049954,46.0295032745427,0 4.66678043042746,46.0300106895339,0 4.66684322774777,46.0300219254249,0 4.66708406168393,46.0300622472793,0 4.66731975877505,46.030090935188,0 4.66751410544501,46.0300992448102,0 4.667680752089,46.03010237735959,0 4.66765327790147,46.0300705367924,0 4.66759479272035,46.0299712402521,0 4.6675526194797,46.0299279969847,0 4.66748745876305,46.0298601427002,0 4.66741580558456,46.02979139312779,0 4.66736390761215,46.02976432517639,0 4.66727820047659,46.02972676607601,0 4.66718165463624,46.0296814402432,0 4.66708450307006,46.0296161278691,0 4.66703015881886,46.0295851327028,0 4.66699118363873,46.029557784456,0 4.66696671565037,46.02952698035029,0 4.66693729049954,46.0295032745427,0 
							</coordinates>
						</LinearRing>
					</outerBoundaryIs>
				</Polygon>
			</MultiGeometry>
		</Placemark>
		<Placemark id="personne_morale.20734">
<styleUrl>#personne_morale</styleUrl>			<visibility>0</visibility>
			<ExtendedData>
				<SchemaData schemaUrl="#personne_morale">
					<SimpleData name="Numero de Parcelle">692150000C0138</SimpleData>
					<SimpleData name="Departement">69</SimpleData>
					<SimpleData name="Commune">SAINT-JULIEN</SimpleData>
					<SimpleData name="Adresse">SAUNIERES</SimpleData>
					<SimpleData name="Groupe de personne">Personnes morales non remarquables</SimpleData>
					<SimpleData name="Forme Juridique Abregee">AUPM</SimpleData>
					<SimpleData name="Denomination">GFA DE LA RIGODIERE SAINT JULIEN</SimpleData>
				</SchemaData>
			</ExtendedData>
	<Region>
		<LatLonAltBox>
			<north> 46.0303618301853 </north>
			<south> 46.0289331399105 </south>
			<east> 4.66693729049954 </east>
			<west> 4.66452140959962 </west>
		</LatLonAltBox>
		<Lod>
			<minLodPixels>100</minLodPixels>
			<maxLodPixels>-1</maxLodPixels>
		</Lod>
	</Region>
			<MultiGeometry>
				<Polygon><altitudeMode>relativeToGround</altitudeMode>
					<outerBoundaryIs>
						<LinearRing>
							<coordinates>								4.66693729049954,46.0295032745427,0 4.66682368698114,46.0294113632741,0 4.66674579297417,46.029341444104,0 4.66663206771949,46.02926682773399,0 4.66631619013665,46.0292035597468,0 4.66587016287856,46.02911248096811,0 4.66566224100053,46.0290699616413,0 4.66539460373516,46.0290154394613,0 4.66510831796343,46.0289556963953,0 4.66499449096504,46.0289331399105,0 4.66489256526261,46.02924816793771,0 4.66481828813945,46.0294684873263,0 4.66470142175432,46.0298154389425,0 4.66466221213412,46.0299340954874,0 4.66452140959962,46.0303618301853,0 4.66456846405799,46.03034852949591,0 4.66474711767878,46.0302826771868,0 4.66519080384554,46.03007413469779,0 4.6653627379313,46.0300170267531,0 4.66539218245514,46.0300072269386,0 4.66549932190131,46.02998394603389,0 4.66569439921988,46.0299609039483,0 4.6660107717002,46.0299294136389,0 4.66610424942354,46.02992470707831,0 4.66632254349405,46.0299296043709,0 4.66646204963189,46.0299545741674,0 4.6666353306797,46.0299846314724,0 4.66678043042746,46.0300106895339,0 4.66693729049954,46.0295032745427,0 
							</coordinates>
						</LinearRing>
					</outerBoundaryIs>
				</Polygon>
			</MultiGeometry>
		</Placemark>
		<Placemark id="personne_morale.22625">
<styleUrl>#personne_morale</styleUrl>			<visibility>0</visibility>
			<ExtendedData>
				<SchemaData schemaUrl="#personne_morale">
					<SimpleData name="Numero de Parcelle">692150000C0144</SimpleData>
					<SimpleData name="Departement">69</SimpleData>
					<SimpleData name="Commune">SAINT-JULIEN</SimpleData>
					<SimpleData name="Adresse">SAUNIERES</SimpleData>
					<SimpleData name="Groupe de personne">Personnes morales non remarquables</SimpleData>
					<SimpleData name="Forme Juridique Abregee">AUPM</SimpleData>
					<SimpleData name="Denomination">GFA DE LA RIGODIERE SAINT JULIEN</SimpleData>
				</SchemaData>
			</ExtendedData>
	<Region>
		<LatLonAltBox>
			<north> 46.03036266962631 </north>
			<south> 46.02926297363801 </south>
			<east> 4.66355501397015 </east>
			<west> 4.66211341010654 </west>
		</LatLonAltBox>
		<Lod>
			<minLodPixels>100</minLodPixels>
			<maxLodPixels>-1</maxLodPixels>
		</Lod>
	</Region>
			<MultiGeometry>
				<Polygon><altitudeMode>relativeToGround</altitudeMode>
					<outerBoundaryIs>
						<LinearRing>
							<coordinates>								4.66269968802837,46.02926297363801,0 4.66247884456692,46.0296783693409,0 4.66223046974713,46.0301455977728,0 4.66211341010654,46.03036266962631,0 4.66225481063057,46.030360506005,0 4.66241682900009,46.0303388550958,0 4.66256458303817,46.0303073254379,0 4.66291038888247,46.0302270449866,0 4.66307985396995,46.0301865494898,0 4.6631965378446,46.03017096675661,0 4.66332266983555,46.03017704198911,0 4.66336371073193,46.0300418764261,0 4.66354320816471,46.0294952245172,0 4.66355501397015,46.02945803282639,0 4.66306594689123,46.0293461382735,0 4.66269968802837,46.02926297363801,0 
							</coordinates>
						</LinearRing>
					</outerBoundaryIs>
				</Polygon>
			</MultiGeometry>
		</Placemark>
		<Placemark id="personne_morale.22895">
<styleUrl>#personne_morale</styleUrl>			<visibility>0</visibility>
			<ExtendedData>
				<SchemaData schemaUrl="#personne_morale">
					<SimpleData name="Numero de Parcelle">692150000C0145</SimpleData>
					<SimpleData name="Departement">69</SimpleData>
					<SimpleData name="Commune">SAINT-JULIEN</SimpleData>
					<SimpleData name="Adresse">SAUNIERES</SimpleData>
					<SimpleData name="Groupe de personne">Personnes morales non remarquables</SimpleData>
					<SimpleData name="Forme Juridique Abregee">AUPM</SimpleData>
					<SimpleData name="Denomination">GFA DE LA RIGODIERE SAINT JULIEN</SimpleData>
				</SchemaData>
			</ExtendedData>
	<Region>
		<LatLonAltBox>
			<north> 46.02945803282639 </north>
			<south> 46.0288954798819 </south>
			<east> 4.66369269370394 </east>
			<west> 4.66269968802837 </west>
		</LatLonAltBox>
		<Lod>
			<minLodPixels>100</minLodPixels>
			<maxLodPixels>-1</maxLodPixels>
		</Lod>
	</Region>
			<MultiGeometry>
				<Polygon><altitudeMode>relativeToGround</altitudeMode>
					<outerBoundaryIs>
						<LinearRing>
							<coordinates>								4.66289081359856,46.0288954798819,0 4.66269968802837,46.02926297363801,0 4.66306594689123,46.0293461382735,0 4.66355501397015,46.02945803282639,0 4.66369269370394,46.0290252112895,0 4.66289081359856,46.0288954798819,0 
							</coordinates>
						</LinearRing>
					</outerBoundaryIs>
				</Polygon>
			</MultiGeometry>
		</Placemark>
		<Placemark id="personne_morale.23155">
<styleUrl>#personne_morale</styleUrl>			<visibility>0</visibility>
			<ExtendedData>
				<SchemaData schemaUrl="#personne_morale">
					<SimpleData name="Numero de Parcelle">692150000C0146</SimpleData>
					<SimpleData name="Departement">69</SimpleData>
					<SimpleData name="Commune">SAINT-JULIEN</SimpleData>
					<SimpleData name="Adresse">SAUNIERES</SimpleData>
					<SimpleData name="Groupe de personne">Personnes morales non remarquables</SimpleData>
					<SimpleData name="Forme Juridique Abregee">AUPM</SimpleData>
					<SimpleData name="Denomination">GFA DE LA RIGODIERE SAINT JULIEN</SimpleData>
				</SchemaData>
			</ExtendedData>
	<Region>
		<LatLonAltBox>
			<north> 46.0290252112895 </north>
			<south> 46.0279357705199 </south>
			<east> 4.66397398026148 </east>
			<west> 4.66289081359856 </west>
		</LatLonAltBox>
		<Lod>
			<minLodPixels>100</minLodPixels>
			<maxLodPixels>-1</maxLodPixels>
		</Lod>
	</Region>
			<MultiGeometry>
				<Polygon><altitudeMode>relativeToGround</altitudeMode>
					<outerBoundaryIs>
						<LinearRing>
							<coordinates>								4.66391733717039,46.02805628225621,0 4.66381635858531,46.02803948056759,0 4.66357539576046,46.0279987935494,0 4.6635227615037,46.02798146216599,0 4.663395694861,46.0279357705199,0 4.66295081786599,46.0287802117377,0 4.66289081359856,46.0288954798819,0 4.66369269370394,46.0290252112895,0 4.66371370924676,46.02895906226749,0 4.66389962097085,46.0284024079154,0 4.66397398026148,46.0281719101334,0 4.66395279575008,46.0281298886296,0 4.66391548439498,46.02806342491941,0 4.66391733717039,46.02805628225621,0 
							</coordinates>
						</LinearRing>
					</outerBoundaryIs>
				</Polygon>
			</MultiGeometry>
		</Placemark>
		<Placemark id="personne_morale.23443">
<styleUrl>#personne_morale</styleUrl>			<visibility>0</visibility>
			<ExtendedData>
				<SchemaData schemaUrl="#personne_morale">
					<SimpleData name="Numero de Parcelle">692150000B0147</SimpleData>
					<SimpleData name="Departement">69</SimpleData>
					<SimpleData name="Commune">SAINT-JULIEN</SimpleData>
					<SimpleData name="Adresse">LE BOURG</SimpleData>
					<SimpleData name="Groupe de personne">Personnes morales non remarquables</SimpleData>
					<SimpleData name="Forme Juridique Abregee">AUPM</SimpleData>
					<SimpleData name="Denomination">GFA DE LA RIGODIERE SAINT JULIEN</SimpleData>
				</SchemaData>
			</ExtendedData>
	<Region>
		<LatLonAltBox>
			<north> 46.0256051189722 </north>
			<south> 46.0252193834918 </south>
			<east> 4.65929054057827 </east>
			<west> 4.65722983044362 </west>
		</LatLonAltBox>
		<Lod>
			<minLodPixels>100</minLodPixels>
			<maxLodPixels>-1</maxLodPixels>
		</Lod>
	</Region>
			<MultiGeometry>
				<Polygon><altitudeMode>relativeToGround</altitudeMode>
					<outerBoundaryIs>
						<LinearRing>
							<coordinates>								4.65929054057827,46.0252193834918,0 4.65884386640938,46.0252382614802,0 4.6579309555291,46.0252747671562,0 4.65752755469816,46.0252922863727,0 4.6572721903946,46.02530088442339,0 4.65722983044362,46.0254999258452,0 4.65744262915295,46.0255032990798,0 4.65785785199538,46.02550902520879,0 4.65821861223416,46.0255352717745,0 4.65840040600295,46.0255481037366,0 4.65853788712745,46.0255664475938,0 4.65871385758644,46.0255919739371,0 4.65882962290132,46.0255976653104,0 4.65893574394573,46.0256051189722,0 4.65915202071916,46.025603754506,0 4.65929054057827,46.0252193834918,0 
							</coordinates>
						</LinearRing>
					</outerBoundaryIs>
				</Polygon>
			</MultiGeometry>
		</Placemark>
		<Placemark id="personne_morale.23738">
<styleUrl>#personne_morale</styleUrl>			<visibility>0</visibility>
			<ExtendedData>
				<SchemaData schemaUrl="#personne_morale">
					<SimpleData name="Numero de Parcelle">692150000C0148</SimpleData>
					<SimpleData name="Departement">69</SimpleData>
					<SimpleData name="Commune">SAINT-JULIEN</SimpleData>
					<SimpleData name="Adresse">SAUNIERES</SimpleData>
					<SimpleData name="Groupe de personne">Personnes morales non remarquables</SimpleData>
					<SimpleData name="Forme Juridique Abregee">AUPM</SimpleData>
					<SimpleData name="Denomination">GFA DE LA RIGODIERE SAINT JULIEN</SimpleData>
				</SchemaData>
			</ExtendedData>
	<Region>
		<LatLonAltBox>
			<north> 46.03036266962631 </north>
			<south> 46.0287924643381 </south>
			<east> 4.66289081359856 </east>
			<west> 4.66143256762771 </west>
		</LatLonAltBox>
		<Lod>
			<minLodPixels>100</minLodPixels>
			<maxLodPixels>-1</maxLodPixels>
		</Lod>
	</Region>
			<MultiGeometry>
				<Polygon><altitudeMode>relativeToGround</altitudeMode>
					<outerBoundaryIs>
						<LinearRing>
							<coordinates>								4.66226288699956,46.0287924643381,0 4.66207306646198,46.0291176954285,0 4.66196338395717,46.02930070292459,0 4.66174788615056,46.0296663906602,0 4.66156167327044,46.0299828312041,0 4.66143256762771,46.0302035915977,0 4.6615229628964,46.0302252341864,0 4.66211341010654,46.03036266962631,0 4.66223046974713,46.0301455977728,0 4.66247884456692,46.0296783693409,0 4.66269968802837,46.02926297363801,0 4.66289081359856,46.0288954798819,0 4.66277646388022,46.0288769819649,0 4.66226288699956,46.0287924643381,0 
							</coordinates>
						</LinearRing>
					</outerBoundaryIs>
				</Polygon>
			</MultiGeometry>
		</Placemark>
		<Placemark id="personne_morale.24053">
<styleUrl>#personne_morale</styleUrl>			<visibility>0</visibility>
			<ExtendedData>
				<SchemaData schemaUrl="#personne_morale">
					<SimpleData name="Numero de Parcelle">692150000C0149</SimpleData>
					<SimpleData name="Departement">69</SimpleData>
					<SimpleData name="Commune">SAINT-JULIEN</SimpleData>
					<SimpleData name="Adresse">SAUNIERES</SimpleData>
					<SimpleData name="Groupe de personne">Personnes morales non remarquables</SimpleData>
					<SimpleData name="Forme Juridique Abregee">AUPM</SimpleData>
					<SimpleData name="Denomination">GFA DE LA RIGODIERE SAINT JULIEN</SimpleData>
				</SchemaData>
			</ExtendedData>
	<Region>
		<LatLonAltBox>
			<north> 46.0302035915977 </north>
			<south> 46.02949205538199 </south>
			<east> 4.66174788615056 </east>
			<west> 4.66092304604573 </west>
		</LatLonAltBox>
		<Lod>
			<minLodPixels>100</minLodPixels>
			<maxLodPixels>-1</maxLodPixels>
		</Lod>
	</Region>
			<MultiGeometry>
				<Polygon><altitudeMode>relativeToGround</altitudeMode>
					<outerBoundaryIs>
						<LinearRing>
							<coordinates>								4.66125370216032,46.02949205538199,0 4.66108072706233,46.0297801995302,0 4.66092304604573,46.0300438906932,0 4.66092490996679,46.0300456647623,0 4.66097168641047,46.03008307854429,0 4.66104937356232,46.0301121132533,0 4.66139909391263,46.0301956157486,0 4.66143256762771,46.0302035915977,0 4.66156167327044,46.0299828312041,0 4.66174788615056,46.0296663906602,0 4.66125370216032,46.02949205538199,0 
							</coordinates>
						</LinearRing>
					</outerBoundaryIs>
				</Polygon>
			</MultiGeometry>
		</Placemark>
		<Placemark id="personne_morale.24623">
<styleUrl>#personne_morale</styleUrl>			<visibility>0</visibility>
			<ExtendedData>
				<SchemaData schemaUrl="#personne_morale">
					<SimpleData name="Numero de Parcelle">692150000C0150</SimpleData>
					<SimpleData name="Departement">69</SimpleData>
					<SimpleData name="Commune">SAINT-JULIEN</SimpleData>
					<SimpleData name="Adresse">SAUNIERES</SimpleData>
					<SimpleData name="Groupe de personne">Personnes morales non remarquables</SimpleData>
					<SimpleData name="Forme Juridique Abregee">AUPM</SimpleData>
					<SimpleData name="Denomination">GFA DE LA RIGODIERE SAINT JULIEN</SimpleData>
				</SchemaData>
			</ExtendedData>
	<Region>
		<LatLonAltBox>
			<north> 46.0296663906602 </north>
			<south> 46.02900743945731 </south>
			<east> 4.66207306646198 </east>
			<west> 4.66125370216032 </west>
		</LatLonAltBox>
		<Lod>
			<minLodPixels>100</minLodPixels>
			<maxLodPixels>-1</maxLodPixels>
		</Lod>
	</Region>
			<MultiGeometry>
				<Polygon><altitudeMode>relativeToGround</altitudeMode>
					<outerBoundaryIs>
						<LinearRing>
							<coordinates>								4.66125370216032,46.02949205538199,0 4.66174788615056,46.0296663906602,0 4.66196338395717,46.02930070292459,0 4.66207306646198,46.0291176954285,0 4.66154552148839,46.02900743945731,0 4.66147001474206,46.029131850894,0 4.66125370216032,46.02949205538199,0 
							</coordinates>
						</LinearRing>
					</outerBoundaryIs>
				</Polygon>
			</MultiGeometry>
		</Placemark>
		<Placemark id="personne_morale.27784">
<styleUrl>#personne_morale</styleUrl>			<visibility>0</visibility>
			<ExtendedData>
				<SchemaData schemaUrl="#personne_morale">
					<SimpleData name="Numero de Parcelle">692150000C0160</SimpleData>
					<SimpleData name="Departement">69</SimpleData>
					<SimpleData name="Commune">SAINT-JULIEN</SimpleData>
					<SimpleData name="Adresse">BUSSY</SimpleData>
					<SimpleData name="Groupe de personne">Personnes morales non remarquables</SimpleData>
					<SimpleData name="Forme Juridique Abregee">GFA</SimpleData>
					<SimpleData name="Denomination">BUSSY  DE</SimpleData>
				</SchemaData>
			</ExtendedData>
	<Region>
		<LatLonAltBox>
			<north> 46.024050959251 </north>
			<south> 46.0235354263372 </south>
			<east> 4.66226486376092 </east>
			<west> 4.66026509713502 </west>
		</LatLonAltBox>
		<Lod>
			<minLodPixels>100</minLodPixels>
			<maxLodPixels>-1</maxLodPixels>
		</Lod>
	</Region>
			<MultiGeometry>
				<Polygon><altitudeMode>relativeToGround</altitudeMode>
					<outerBoundaryIs>
						<LinearRing>
							<coordinates>								4.66226486376092,46.02404092862529,0 4.66222405233318,46.0237130450661,0 4.66203842470636,46.02369297993521,0 4.66142621261131,46.02363305342771,0 4.66073006270508,46.023576515294,0 4.66035011807464,46.0235354263372,0 4.66033058179165,46.02365064069781,0 4.66026509713502,46.0239912505374,0 4.66068569769915,46.0240384092188,0 4.66123674762172,46.024050959251,0 4.66173527806512,46.02404554228951,0 4.66226486376092,46.02404092862529,0 
							</coordinates>
						</LinearRing>
					</outerBoundaryIs>
				</Polygon>
			</MultiGeometry>
		</Placemark>
		<Placemark id="personne_morale.28515">
<styleUrl>#personne_morale</styleUrl>			<visibility>0</visibility>
			<ExtendedData>
				<SchemaData schemaUrl="#personne_morale">
					<SimpleData name="Numero de Parcelle">692150000C0163</SimpleData>
					<SimpleData name="Departement">69</SimpleData>
					<SimpleData name="Commune">SAINT-JULIEN</SimpleData>
					<SimpleData name="Adresse">BUSSY</SimpleData>
					<SimpleData name="Groupe de personne">Personnes morales non remarquables</SimpleData>
					<SimpleData name="Forme Juridique Abregee">GFA</SimpleData>
					<SimpleData name="Denomination">BUSSY  DE</SimpleData>
				</SchemaData>
			</ExtendedData>
	<Region>
		<LatLonAltBox>
			<north> 46.0228611156849 </north>
			<south> 46.02113627857871 </south>
			<east> 4.66070218727922 </east>
			<west> 4.65860048080452 </west>
		</LatLonAltBox>
		<Lod>
			<minLodPixels>100</minLodPixels>
			<maxLodPixels>-1</maxLodPixels>
		</Lod>
	</Region>
			<MultiGeometry>
				<Polygon><altitudeMode>relativeToGround</altitudeMode>
					<outerBoundaryIs>
						<LinearRing>
							<coordinates>								4.65999196495307,46.02113627857871,0 4.6587198742463,46.0217744894053,0 4.65865080879502,46.0218036918464,0 4.65860048080452,46.0222570253829,0 4.65901947042737,46.0224827304841,0 4.65933154098652,46.0226528057088,0 4.65963606849776,46.02273994687689,0 4.65991351248624,46.02281217217559,0 4.66045827887497,46.0228611156849,0 4.6605342403941,46.02231517478289,0 4.66066388999571,46.0214363623363,0 4.66070218727922,46.02118892173931,0 4.65999196495307,46.02113627857871,0 
							</coordinates>
						</LinearRing>
					</outerBoundaryIs>
				</Polygon>
			</MultiGeometry>
		</Placemark>
		<Placemark id="personne_morale.29218">
<styleUrl>#personne_morale</styleUrl>			<visibility>0</visibility>
			<ExtendedData>
				<SchemaData schemaUrl="#personne_morale">
					<SimpleData name="Numero de Parcelle">692150000C0166</SimpleData>
					<SimpleData name="Departement">69</SimpleData>
					<SimpleData name="Commune">SAINT-JULIEN</SimpleData>
					<SimpleData name="Adresse">BUSSY</SimpleData>
					<SimpleData name="Groupe de personne">Personnes morales non remarquables</SimpleData>
					<SimpleData name="Forme Juridique Abregee">GFA</SimpleData>
					<SimpleData name="Denomination">BUSSY  DE</SimpleData>
				</SchemaData>
			</ExtendedData>
	<Region>
		<LatLonAltBox>
			<north> 46.0227898634961 </north>
			<south> 46.02124822625241 </south>
			<east> 4.66387641018662 </east>
			<west> 4.66155366690928 </west>
		</LatLonAltBox>
		<Lod>
			<minLodPixels>100</minLodPixels>
			<maxLodPixels>-1</maxLodPixels>
		</Lod>
	</Region>
			<MultiGeometry>
				<Polygon><altitudeMode>relativeToGround</altitudeMode>
					<outerBoundaryIs>
						<LinearRing>
							<coordinates>								4.66309673286453,46.022727585721,0 4.66322400510814,46.02271635080271,0 4.66340197509549,46.022679962909,0 4.66364024797701,46.0226153985857,0 4.66387641018662,46.022545190383,0 4.66366770962307,46.02212555959359,0 4.66340887160553,46.0216083989066,0 4.66326387578493,46.02131564055689,0 4.66296914069184,46.0213128503408,0 4.66252644969743,46.0212998904699,0 4.6616991589528,46.0212581623255,0 4.66155366690928,46.02124822625241,0 4.66227747663501,46.0227898634961,0 4.66309673286453,46.022727585721,0 
							</coordinates>
						</LinearRing>
					</outerBoundaryIs>
				</Polygon>
			</MultiGeometry>
		</Placemark>
		<Placemark id="personne_morale.32090">
<styleUrl>#personne_morale</styleUrl>			<visibility>0</visibility>
			<ExtendedData>
				<SchemaData schemaUrl="#personne_morale">
					<SimpleData name="Numero de Parcelle">692150000C0178</SimpleData>
					<SimpleData name="Departement">69</SimpleData>
					<SimpleData name="Commune">SAINT-JULIEN</SimpleData>
					<SimpleData name="Adresse">BUSSY</SimpleData>
					<SimpleData name="Groupe de personne">Personnes morales non remarquables</SimpleData>
					<SimpleData name="Forme Juridique Abregee">GFA</SimpleData>
					<SimpleData name="Denomination">BUSSY  DE</SimpleData>
				</SchemaData>
			</ExtendedData>
	<Region>
		<LatLonAltBox>
			<north> 46.0237315732969 </north>
			<south> 46.02304300236 </south>
			<east> 4.66630512575152 </east>
			<west> 4.66569061355564 </west>
		</LatLonAltBox>
		<Lod>
			<minLodPixels>100</minLodPixels>
			<maxLodPixels>-1</maxLodPixels>
		</Lod>
	</Region>
			<MultiGeometry>
				<Polygon><altitudeMode>relativeToGround</altitudeMode>
					<outerBoundaryIs>
						<LinearRing>
							<coordinates>								4.66573429207766,46.02304300236,0 4.66569061355564,46.02305229096929,0 4.66581924356671,46.02328223855629,0 4.66601852088734,46.0236419280273,0 4.66623728882048,46.0237315732969,0 4.66630512575152,46.023704545935,0 4.66578734285922,46.0231041001782,0 4.66573429207766,46.02304300236,0 
							</coordinates>
						</LinearRing>
					</outerBoundaryIs>
				</Polygon>
			</MultiGeometry>
		</Placemark>
		<Placemark id="personne_morale.32765">
<styleUrl>#personne_morale</styleUrl>			<visibility>0</visibility>
			<ExtendedData>
				<SchemaData schemaUrl="#personne_morale">
					<SimpleData name="Numero de Parcelle">692150000C0180</SimpleData>
					<SimpleData name="Departement">69</SimpleData>
					<SimpleData name="Commune">SAINT-JULIEN</SimpleData>
					<SimpleData name="Adresse">BUSSY</SimpleData>
					<SimpleData name="Groupe de personne">Personnes morales non remarquables</SimpleData>
					<SimpleData name="Forme Juridique Abregee">GFA</SimpleData>
					<SimpleData name="Denomination">BUSSY  DE</SimpleData>
				</SchemaData>
			</ExtendedData>
	<Region>
		<LatLonAltBox>
			<north> 46.022545190383 </north>
			<south> 46.02122926600239 </south>
			<east> 4.6648943504851 </east>
			<west> 4.66326387578493 </west>
		</LatLonAltBox>
		<Lod>
			<minLodPixels>100</minLodPixels>
			<maxLodPixels>-1</maxLodPixels>
		</Lod>
	</Region>
			<MultiGeometry>
				<Polygon><altitudeMode>relativeToGround</altitudeMode>
					<outerBoundaryIs>
						<LinearRing>
							<coordinates>								4.6648943504851,46.0220717887798,0 4.66478711284138,46.02180513803421,0 4.66467625187732,46.0215298037107,0 4.66463412980673,46.0213427182196,0 4.66460108885413,46.02122926600239,0 4.66432830706969,46.021255519426,0 4.66402389254872,46.0212661142753,0 4.6634456842428,46.0212823486124,0 4.66340955518654,46.0212890036104,0 4.66326387578493,46.02131564055689,0 4.66340887160553,46.0216083989066,0 4.66366770962307,46.02212555959359,0 4.66387641018662,46.022545190383,0 4.66409860713964,46.0224236671662,0 4.66434589757088,46.0222982622903,0 4.66446331223826,46.02224330703099,0 4.66464997747208,46.0221653576088,0 4.6648943504851,46.0220717887798,0 
							</coordinates>
						</LinearRing>
					</outerBoundaryIs>
				</Polygon>
			</MultiGeometry>
		</Placemark>
		<Placemark id="personne_morale.32985">
<styleUrl>#personne_morale</styleUrl>			<visibility>0</visibility>
			<ExtendedData>
				<SchemaData schemaUrl="#personne_morale">
					<SimpleData name="Numero de Parcelle">692150000C0181</SimpleData>
					<SimpleData name="Departement">69</SimpleData>
					<SimpleData name="Commune">SAINT-JULIEN</SimpleData>
					<SimpleData name="Adresse">BUSSY</SimpleData>
					<SimpleData name="Groupe de personne">Personnes morales non remarquables</SimpleData>
					<SimpleData name="Forme Juridique Abregee">GFA</SimpleData>
					<SimpleData name="Denomination">BUSSY  DE</SimpleData>
				</SchemaData>
			</ExtendedData>
	<Region>
		<LatLonAltBox>
			<north> 46.0220717887798 </north>
			<south> 46.020862984525 </south>
			<east> 4.6669265862094 </east>
			<west> 4.66460108885413 </west>
		</LatLonAltBox>
		<Lod>
			<minLodPixels>100</minLodPixels>
			<maxLodPixels>-1</maxLodPixels>
		</Lod>
	</Region>
			<MultiGeometry>
				<Polygon><altitudeMode>relativeToGround</altitudeMode>
					<outerBoundaryIs>
						<LinearRing>
							<coordinates>								4.6648943504851,46.0220717887798,0 4.66508824892822,46.0220448916665,0 4.66547363569023,46.0219627600521,0 4.66617832607343,46.0217895567945,0 4.66633411768157,46.0217211554307,0 4.66665674180072,46.02158608112811,0 4.6669265862094,46.02147141730961,0 4.66687585822352,46.020911032009,0 4.66661754130883,46.02089402512771,0 4.66622461807991,46.0208679182847,0 4.66614973984808,46.020862984525,0 4.66602411250205,46.0209240969729,0 4.66545304964225,46.02102246976231,0 4.66491363072596,46.0211582939035,0 4.66483402211276,46.0211764864797,0 4.66460108885413,46.02122926600239,0 4.66463412980673,46.0213427182196,0 4.66467625187732,46.0215298037107,0 4.66478711284138,46.02180513803421,0 4.6648943504851,46.0220717887798,0 
							</coordinates>
						</LinearRing>
					</outerBoundaryIs>
				</Polygon>
			</MultiGeometry>
		</Placemark>
		<Placemark id="personne_morale.33399">
<styleUrl>#personne_morale</styleUrl>			<visibility>0</visibility>
			<ExtendedData>
				<SchemaData schemaUrl="#personne_morale">
					<SimpleData name="Numero de Parcelle">692150000C0183</SimpleData>
					<SimpleData name="Departement">69</SimpleData>
					<SimpleData name="Commune">SAINT-JULIEN</SimpleData>
					<SimpleData name="Adresse">BUSSY</SimpleData>
					<SimpleData name="Groupe de personne">Personnes morales non remarquables</SimpleData>
					<SimpleData name="Forme Juridique Abregee">GFA</SimpleData>
					<SimpleData name="Denomination">BUSSY  DE</SimpleData>
				</SchemaData>
			</ExtendedData>
	<Region>
		<LatLonAltBox>
			<north> 46.0227180539379 </north>
			<south> 46.0219969438735 </south>
			<east> 4.67076966493647 </east>
			<west> 4.66976622166513 </west>
		</LatLonAltBox>
		<Lod>
			<minLodPixels>100</minLodPixels>
			<maxLodPixels>-1</maxLodPixels>
		</Lod>
	</Region>
			<MultiGeometry>
				<Polygon><altitudeMode>relativeToGround</altitudeMode>
					<outerBoundaryIs>
						<LinearRing>
							<coordinates>								4.67076966493647,46.0219969438735,0 4.67042944683791,46.02204203984759,0 4.66976622166513,46.0221327857539,0 4.66981527915618,46.0227180539379,0 4.66999203416062,46.0227013987158,0 4.67026170709906,46.0226790505271,0 4.67054231093282,46.0226334828205,0 4.67062134469281,46.02261763651569,0 4.67073565277913,46.0225755103174,0 4.67076102083876,46.0221763092979,0 4.67076966493647,46.0219969438735,0 
							</coordinates>
						</LinearRing>
					</outerBoundaryIs>
				</Polygon>
			</MultiGeometry>
		</Placemark>
		<Placemark id="personne_morale.33598">
<styleUrl>#personne_morale</styleUrl>			<visibility>0</visibility>
			<ExtendedData>
				<SchemaData schemaUrl="#personne_morale">
					<SimpleData name="Numero de Parcelle">692150000C0184</SimpleData>
					<SimpleData name="Departement">69</SimpleData>
					<SimpleData name="Commune">SAINT-JULIEN</SimpleData>
					<SimpleData name="Adresse">BUSSY</SimpleData>
					<SimpleData name="Groupe de personne">Personnes morales non remarquables</SimpleData>
					<SimpleData name="Forme Juridique Abregee">SCI</SimpleData>
					<SimpleData name="Denomination">SOCIETE CIVILE PICALE</SimpleData>
				</SchemaData>
			</ExtendedData>
	<Region>
		<LatLonAltBox>
			<north> 46.0227854417225 </north>
			<south> 46.0225757309919 </south>
			<east> 4.66919758948481 </east>
			<west> 4.66887275695197 </west>
		</LatLonAltBox>
		<Lod>
			<minLodPixels>100</minLodPixels>
			<maxLodPixels>-1</maxLodPixels>
		</Lod>
	</Region>
			<MultiGeometry>
				<Polygon><altitudeMode>relativeToGround</altitudeMode>
					<outerBoundaryIs>
						<LinearRing>
							<coordinates>								4.66919758948481,46.0227715573255,0 4.66917419178298,46.0225757309919,0 4.66896638943465,46.0225832948131,0 4.66887275695197,46.02258674523079,0 4.66888028830541,46.0226559876848,0 4.66890419406435,46.0226555455876,0 4.66890670146617,46.0227126125976,0 4.6688918175614,46.0227121112191,0 4.66890131375064,46.02277366884859,0 4.66890309321164,46.0227854417225,0 4.66919758948481,46.0227715573255,0 
							</coordinates>
						</LinearRing>
					</outerBoundaryIs>
				</Polygon>
			</MultiGeometry>
		</Placemark>
		<Placemark id="personne_morale.34368">
<styleUrl>#personne_morale</styleUrl>			<visibility>0</visibility>
			<ExtendedData>
				<SchemaData schemaUrl="#personne_morale">
					<SimpleData name="Numero de Parcelle">692150000A0189</SimpleData>
					<SimpleData name="Departement">69</SimpleData>
					<SimpleData name="Commune">SAINT-JULIEN</SimpleData>
					<SimpleData name="Adresse">LE DEAU</SimpleData>
					<SimpleData name="Groupe de personne">Personnes morales non remarquables</SimpleData>
					<SimpleData name="Forme Juridique Abregee">GFA</SimpleData>
					<SimpleData name="Denomination">CHATEAU DU GERMAIN</SimpleData>
				</SchemaData>
			</ExtendedData>
	<Region>
		<LatLonAltBox>
			<north> 46.0271020991371 </north>
			<south> 46.0263543684773 </south>
			<east> 4.6399104715051 </east>
			<west> 4.63883525491564 </west>
		</LatLonAltBox>
		<Lod>
			<minLodPixels>100</minLodPixels>
			<maxLodPixels>-1</maxLodPixels>
		</Lod>
	</Region>
			<MultiGeometry>
				<Polygon><altitudeMode>relativeToGround</altitudeMode>
					<outerBoundaryIs>
						<LinearRing>
							<coordinates>								4.63945969814012,46.0271020991371,0 4.63945393288281,46.0270778640128,0 4.63936936294064,46.0267219653382,0 4.6396666827038,46.0266501130718,0 4.6399104715051,46.0265912838855,0 4.63976971024749,46.0263543684773,0 4.63975874591624,46.0263552476534,0 4.63967006627533,46.0263732833525,0 4.6395397569201,46.0264131773739,0 4.63931176549691,46.0264770913297,0 4.63916634603541,46.026530623677,0 4.6390247647222,46.0265958092446,0 4.63883525491564,46.0266580849107,0 4.63945969814012,46.0271020991371,0 
							</coordinates>
						</LinearRing>
					</outerBoundaryIs>
				</Polygon>
			</MultiGeometry>
		</Placemark>
		<Placemark id="personne_morale.34825">
<styleUrl>#personne_morale</styleUrl>			<visibility>0</visibility>
			<ExtendedData>
				<SchemaData schemaUrl="#personne_morale">
					<SimpleData name="Numero de Parcelle">692150000A0190</SimpleData>
					<SimpleData name="Departement">69</SimpleData>
					<SimpleData name="Commune">SAINT-JULIEN</SimpleData>
					<SimpleData name="Adresse">LE DEAU</SimpleData>
					<SimpleData name="Groupe de personne">Personnes morales non remarquables</SimpleData>
					<SimpleData name="Forme Juridique Abregee">GFA</SimpleData>
					<SimpleData name="Denomination">CHATEAU DU GERMAIN</SimpleData>
				</SchemaData>
			</ExtendedData>
	<Region>
		<LatLonAltBox>
			<north> 46.0270778640128 </north>
			<south> 46.0266501130718 </south>
			<east> 4.63977725325414 </east>
			<west> 4.63936936294064 </west>
		</LatLonAltBox>
		<Lod>
			<minLodPixels>100</minLodPixels>
			<maxLodPixels>-1</maxLodPixels>
		</Lod>
	</Region>
			<MultiGeometry>
				<Polygon><altitudeMode>relativeToGround</altitudeMode>
					<outerBoundaryIs>
						<LinearRing>
							<coordinates>								4.6396666827038,46.0266501130718,0 4.63936936294064,46.0267219653382,0 4.63945393288281,46.0270778640128,0 4.63977725325414,46.0270193258154,0 4.6396666827038,46.0266501130718,0 
							</coordinates>
						</LinearRing>
					</outerBoundaryIs>
				</Polygon>
			</MultiGeometry>
		</Placemark>
		<Placemark id="personne_morale.35033">
<styleUrl>#personne_morale</styleUrl>			<visibility>0</visibility>
			<ExtendedData>
				<SchemaData schemaUrl="#personne_morale">
					<SimpleData name="Numero de Parcelle">692150000A0191</SimpleData>
					<SimpleData name="Departement">69</SimpleData>
					<SimpleData name="Commune">SAINT-JULIEN</SimpleData>
					<SimpleData name="Adresse">LE DEAU</SimpleData>
					<SimpleData name="Groupe de personne">Personnes morales non remarquables</SimpleData>
					<SimpleData name="Forme Juridique Abregee">GFA</SimpleData>
					<SimpleData name="Denomination">CHATEAU DU GERMAIN</SimpleData>
				</SchemaData>
			</ExtendedData>
	<Region>
		<LatLonAltBox>
			<north> 46.0270193258154 </north>
			<south> 46.0265912838855 </south>
			<east> 4.64012432543836 </east>
			<west> 4.6396666827038 </west>
		</LatLonAltBox>
		<Lod>
			<minLodPixels>100</minLodPixels>
			<maxLodPixels>-1</maxLodPixels>
		</Lod>
	</Region>
			<MultiGeometry>
				<Polygon><altitudeMode>relativeToGround</altitudeMode>
					<outerBoundaryIs>
						<LinearRing>
							<coordinates>								4.6399104715051,46.0265912838855,0 4.6396666827038,46.0266501130718,0 4.63977725325414,46.0270193258154,0 4.63978175271637,46.0270184501019,0 4.64012432543836,46.0269508056451,0 4.63998778373071,46.02672103491109,0 4.6399104715051,46.0265912838855,0 
							</coordinates>
						</LinearRing>
					</outerBoundaryIs>
				</Polygon>
			</MultiGeometry>
		</Placemark>
		<Placemark id="personne_morale.35244">
<styleUrl>#personne_morale</styleUrl>			<visibility>0</visibility>
			<ExtendedData>
				<SchemaData schemaUrl="#personne_morale">
					<SimpleData name="Numero de Parcelle">692150000A0192</SimpleData>
					<SimpleData name="Departement">69</SimpleData>
					<SimpleData name="Commune">SAINT-JULIEN</SimpleData>
					<SimpleData name="Adresse">LE DEAU</SimpleData>
					<SimpleData name="Groupe de personne">Personnes morales non remarquables</SimpleData>
					<SimpleData name="Forme Juridique Abregee">GFA</SimpleData>
					<SimpleData name="Denomination">CHATEAU DU GERMAIN</SimpleData>
				</SchemaData>
			</ExtendedData>
	<Region>
		<LatLonAltBox>
			<north> 46.027405225741 </north>
			<south> 46.0269508056451 </south>
			<east> 4.64032855647977 </east>
			<west> 4.63945393288281 </west>
		</LatLonAltBox>
		<Lod>
			<minLodPixels>100</minLodPixels>
			<maxLodPixels>-1</maxLodPixels>
		</Lod>
	</Region>
			<MultiGeometry>
				<Polygon><altitudeMode>relativeToGround</altitudeMode>
					<outerBoundaryIs>
						<LinearRing>
							<coordinates>								4.64032855647977,46.0273040714335,0 4.64012432543836,46.0269508056451,0 4.63978175271637,46.0270184501019,0 4.63977725325414,46.0270193258154,0 4.63945393288281,46.0270778640128,0 4.63945969814012,46.0271020991371,0 4.63988612473406,46.027405225741,0 4.64032855647977,46.0273040714335,0 
							</coordinates>
						</LinearRing>
					</outerBoundaryIs>
				</Polygon>
			</MultiGeometry>
		</Placemark>
		<Placemark id="personne_morale.37639">
<styleUrl>#personne_morale</styleUrl>			<visibility>0</visibility>
			<ExtendedData>
				<SchemaData schemaUrl="#personne_morale">
					<SimpleData name="Numero de Parcelle">692150000C0200</SimpleData>
					<SimpleData name="Departement">69</SimpleData>
					<SimpleData name="Commune">SAINT-JULIEN</SimpleData>
					<SimpleData name="Adresse">PLACES BLANCHES</SimpleData>
					<SimpleData name="Groupe de personne">Personnes morales non remarquables</SimpleData>
					<SimpleData name="Forme Juridique Abregee">AUPM</SimpleData>
					<SimpleData name="Denomination">GFA DE LA RIGODIERE SAINT JULIEN</SimpleData>
				</SchemaData>
			</ExtendedData>
	<Region>
		<LatLonAltBox>
			<north> 46.0233056154253 </north>
			<south> 46.0224957216359 </south>
			<east> 4.67115019741712 </east>
			<west> 4.6704788143257 </west>
		</LatLonAltBox>
		<Lod>
			<minLodPixels>100</minLodPixels>
			<maxLodPixels>-1</maxLodPixels>
		</Lod>
	</Region>
			<MultiGeometry>
				<Polygon><altitudeMode>relativeToGround</altitudeMode>
					<outerBoundaryIs>
						<LinearRing>
							<coordinates>								4.67106248257475,46.0232258561697,0 4.67115019741712,46.0224957216359,0 4.67096680600628,46.0225620146665,0 4.67073061576978,46.022656556909,0 4.67060968238384,46.022689143343,0 4.67051581002674,46.0231359199141,0 4.67048924935092,46.0232575447331,0 4.6704788143257,46.0233056154253,0 4.67106248257475,46.0232258561697,0 
							</coordinates>
						</LinearRing>
					</outerBoundaryIs>
				</Polygon>
			</MultiGeometry>
		</Placemark>
		<Placemark id="personne_morale.37867">
<styleUrl>#personne_morale</styleUrl>			<visibility>0</visibility>
			<ExtendedData>
				<SchemaData schemaUrl="#personne_morale">
					<SimpleData name="Numero de Parcelle">692150000C0201</SimpleData>
					<SimpleData name="Departement">69</SimpleData>
					<SimpleData name="Commune">SAINT-JULIEN</SimpleData>
					<SimpleData name="Adresse">PLACES BLANCHES</SimpleData>
					<SimpleData name="Groupe de personne">Personnes morales non remarquables</SimpleData>
					<SimpleData name="Forme Juridique Abregee">AUPM</SimpleData>
					<SimpleData name="Denomination">GFA DE LA RIGODIERE SAINT JULIEN</SimpleData>
				</SchemaData>
			</ExtendedData>
	<Region>
		<LatLonAltBox>
			<north> 46.0232258561697 </north>
			<south> 46.02203813273839 </south>
			<east> 4.67344776719245 </east>
			<west> 4.67106248257475 </west>
		</LatLonAltBox>
		<Lod>
			<minLodPixels>100</minLodPixels>
			<maxLodPixels>-1</maxLodPixels>
		</Lod>
	</Region>
			<MultiGeometry>
				<Polygon><altitudeMode>relativeToGround</altitudeMode>
					<outerBoundaryIs>
						<LinearRing>
							<coordinates>								4.67106248257475,46.0232258561697,0 4.67117128515626,46.0232110116665,0 4.67132502425171,46.02319001015861,0 4.67183618890787,46.0231283391803,0 4.67279448449426,46.0230125104786,0 4.67321858161711,46.0229577026051,0 4.67336626442685,46.0223722326997,0 4.67344776719245,46.02203813273839,0 4.67325479119122,46.0220654809403,0 4.67289067469308,46.0221112073745,0 4.6723405177063,46.02218705912901,0 4.67205592994902,46.022237553867,0 4.67189081450775,46.0222670106192,0 4.67169175034844,46.0223238085628,0 4.67142706836236,46.0223954445889,0 4.67134880313768,46.02242379977019,0 4.67115019741712,46.0224957216359,0 4.67106248257475,46.0232258561697,0 
							</coordinates>
						</LinearRing>
					</outerBoundaryIs>
				</Polygon>
			</MultiGeometry>
		</Placemark>
		<Placemark id="personne_morale.38673">
<styleUrl>#personne_morale</styleUrl>			<visibility>0</visibility>
			<ExtendedData>
				<SchemaData schemaUrl="#personne_morale">
					<SimpleData name="Numero de Parcelle">692150000B0206</SimpleData>
					<SimpleData name="Departement">69</SimpleData>
					<SimpleData name="Commune">SAINT-JULIEN</SimpleData>
					<SimpleData name="Adresse">CHATENAY</SimpleData>
					<SimpleData name="Groupe de personne">Personnes morales non remarquables</SimpleData>
					<SimpleData name="Forme Juridique Abregee">AUPM</SimpleData>
					<SimpleData name="Denomination">GFA DE LA RIGODIERE SAINT JULIEN</SimpleData>
				</SchemaData>
			</ExtendedData>
	<Region>
		<LatLonAltBox>
			<north> 46.02497569212511 </north>
			<south> 46.0245687006424 </south>
			<east> 4.65294206565205 </east>
			<west> 4.65185764986742 </west>
		</LatLonAltBox>
		<Lod>
			<minLodPixels>100</minLodPixels>
			<maxLodPixels>-1</maxLodPixels>
		</Lod>
	</Region>
			<MultiGeometry>
				<Polygon><altitudeMode>relativeToGround</altitudeMode>
					<outerBoundaryIs>
						<LinearRing>
							<coordinates>								4.65261331773267,46.02495279413169,0 4.65262178898885,46.0249378092405,0 4.6527809656039,46.0248994605428,0 4.65294206565205,46.0248691897681,0 4.65257015728122,46.024824534868,0 4.65264355676483,46.0245692901675,0 4.65206002277964,46.0245687006424,0 4.6520400372322,46.0245963729031,0 4.65196238039645,46.0246626246369,0 4.65191592348427,46.0247646292628,0 4.65185764986742,46.0248950877214,0 4.65202044004374,46.0249167633774,0 4.65213283987103,46.0249396237036,0 4.65227214262763,46.02497569212511,0 4.65255008606432,46.0249311088246,0 4.65257778273058,46.02494061256021,0 4.65261331773267,46.02495279413169,0 
							</coordinates>
						</LinearRing>
					</outerBoundaryIs>
				</Polygon>
			</MultiGeometry>
		</Placemark>
		<Placemark id="personne_morale.38895">
<styleUrl>#personne_morale</styleUrl>			<visibility>0</visibility>
			<ExtendedData>
				<SchemaData schemaUrl="#personne_morale">
					<SimpleData name="Numero de Parcelle">692150000B0207</SimpleData>
					<SimpleData name="Departement">69</SimpleData>
					<SimpleData name="Commune">SAINT-JULIEN</SimpleData>
					<SimpleData name="Adresse">CHATENAY</SimpleData>
					<SimpleData name="Groupe de personne">Personnes morales non remarquables</SimpleData>
					<SimpleData name="Forme Juridique Abregee">AUPM</SimpleData>
					<SimpleData name="Denomination">GFA DE LA RIGODIERE SAINT JULIEN</SimpleData>
				</SchemaData>
			</ExtendedData>
	<Region>
		<LatLonAltBox>
			<north> 46.0245692901675 </north>
			<south> 46.0240794503085 </south>
			<east> 4.65273486182573 </east>
			<west> 4.65206002277964 </west>
		</LatLonAltBox>
		<Lod>
			<minLodPixels>100</minLodPixels>
			<maxLodPixels>-1</maxLodPixels>
		</Lod>
	</Region>
			<MultiGeometry>
				<Polygon><altitudeMode>relativeToGround</altitudeMode>
					<outerBoundaryIs>
						<LinearRing>
							<coordinates>								4.65264355676483,46.0245692901675,0 4.65273486182573,46.02424731344821,0 4.65248146844364,46.0241879600763,0 4.65225129435401,46.0240794503085,0 4.65222100494561,46.0241471733378,0 4.65215345660024,46.02433469071641,0 4.65206002277964,46.0245687006424,0 4.65264355676483,46.0245692901675,0 
							</coordinates>
						</LinearRing>
					</outerBoundaryIs>
				</Polygon>
			</MultiGeometry>
		</Placemark>
		<Placemark id="personne_morale.40076">
<styleUrl>#personne_morale</styleUrl>			<visibility>0</visibility>
			<ExtendedData>
				<SchemaData schemaUrl="#personne_morale">
					<SimpleData name="Numero de Parcelle">692150000C0211</SimpleData>
					<SimpleData name="Departement">69</SimpleData>
					<SimpleData name="Commune">SAINT-JULIEN</SimpleData>
					<SimpleData name="Adresse">PLACES BLANCHES</SimpleData>
					<SimpleData name="Groupe de personne">Personnes morales non remarquables</SimpleData>
					<SimpleData name="Forme Juridique Abregee">AUPM</SimpleData>
					<SimpleData name="Denomination">GFA DE LA RIGODIERE SAINT JULIEN</SimpleData>
				</SchemaData>
			</ExtendedData>
	<Region>
		<LatLonAltBox>
			<north> 46.0252997304276 </north>
			<south> 46.0243378956664 </south>
			<east> 4.6747351679426 </east>
			<west> 4.67306057466636 </west>
		</LatLonAltBox>
		<Lod>
			<minLodPixels>100</minLodPixels>
			<maxLodPixels>-1</maxLodPixels>
		</Lod>
	</Region>
			<MultiGeometry>
				<Polygon><altitudeMode>relativeToGround</altitudeMode>
					<outerBoundaryIs>
						<LinearRing>
							<coordinates>								4.67328164720338,46.0243378956664,0 4.67326089870729,46.02479062057189,0 4.67310917896721,46.02504388380079,0 4.67306057466636,46.02512503326381,0 4.67317490634752,46.02514307066389,0 4.67440491180483,46.0252997304276,0 4.67445825479977,46.0251916696635,0 4.67461313051635,46.024885126881,0 4.6747351679426,46.02465517777539,0 4.67405359973736,46.0245051936931,0 4.67379125873113,46.0244500728895,0 4.67343602074233,46.0243674108976,0 4.67328164720338,46.0243378956664,0 
							</coordinates>
						</LinearRing>
					</outerBoundaryIs>
				</Polygon>
			</MultiGeometry>
		</Placemark>
		<Placemark id="personne_morale.40608">
<styleUrl>#personne_morale</styleUrl>			<visibility>0</visibility>
			<ExtendedData>
				<SchemaData schemaUrl="#personne_morale">
					<SimpleData name="Numero de Parcelle">692150000C0214</SimpleData>
					<SimpleData name="Departement">69</SimpleData>
					<SimpleData name="Commune">SAINT-JULIEN</SimpleData>
					<SimpleData name="Adresse">PLACES BLANCHES</SimpleData>
					<SimpleData name="Groupe de personne">Personnes morales non remarquables</SimpleData>
					<SimpleData name="Forme Juridique Abregee">AUPM</SimpleData>
					<SimpleData name="Denomination">GFA DE LA RIGODIERE SAINT JULIEN</SimpleData>
				</SchemaData>
			</ExtendedData>
	<Region>
		<LatLonAltBox>
			<north> 46.026052864235 </north>
			<south> 46.0247998138531 </south>
			<east> 4.67112920548224 </east>
			<west> 4.6689027853175 </west>
		</LatLonAltBox>
		<Lod>
			<minLodPixels>100</minLodPixels>
			<maxLodPixels>-1</maxLodPixels>
		</Lod>
	</Region>
			<MultiGeometry>
				<Polygon><altitudeMode>relativeToGround</altitudeMode>
					<outerBoundaryIs>
						<LinearRing>
							<coordinates>								4.67111629943776,46.0250395996809,0 4.6711055223967,46.0247998138531,0 4.67014798339297,46.024809695089,0 4.66984801752724,46.02482690487891,0 4.66916490751749,46.024872815005,0 4.6690412556912,46.0248841833606,0 4.66896030716406,46.0249137472367,0 4.6689027853175,46.02492279057401,0 4.66902986928248,46.0249520831491,0 4.66917382707151,46.0250048153006,0 4.66923476666377,46.0250402157229,0 4.66929267925703,46.0251164620894,0 4.66950137329855,46.02534666763841,0 4.66958849162369,46.02545643977901,0 4.66963144352253,46.0256063128554,0 4.66967665029281,46.0260263606201,0 4.66970564252512,46.026052864235,0 4.67023526128318,46.0260444302095,0 4.67086418798205,46.0257297351072,0 4.67095051356721,46.0256941460247,0 4.67112920548224,46.0253281716999,0 4.67111629943776,46.0250395996809,0 
							</coordinates>
						</LinearRing>
					</outerBoundaryIs>
				</Polygon>
			</MultiGeometry>
		</Placemark>
		<Placemark id="personne_morale.40793">
<styleUrl>#personne_morale</styleUrl>			<visibility>0</visibility>
			<ExtendedData>
				<SchemaData schemaUrl="#personne_morale">
					<SimpleData name="Numero de Parcelle">692150000C0215</SimpleData>
					<SimpleData name="Departement">69</SimpleData>
					<SimpleData name="Commune">SAINT-JULIEN</SimpleData>
					<SimpleData name="Adresse">PLACES BLANCHES</SimpleData>
					<SimpleData name="Groupe de personne">Personnes morales non remarquables</SimpleData>
					<SimpleData name="Forme Juridique Abregee">AUPM</SimpleData>
					<SimpleData name="Denomination">GFA DE LA RIGODIERE SAINT JULIEN</SimpleData>
				</SchemaData>
			</ExtendedData>
	<Region>
		<LatLonAltBox>
			<north> 46.0268973423125 </north>
			<south> 46.0260444302095 </south>
			<east> 4.67058661999528 </east>
			<west> 4.66970564252512 </west>
		</LatLonAltBox>
		<Lod>
			<minLodPixels>100</minLodPixels>
			<maxLodPixels>-1</maxLodPixels>
		</Lod>
	</Region>
			<MultiGeometry>
				<Polygon><altitudeMode>relativeToGround</altitudeMode>
					<outerBoundaryIs>
						<LinearRing>
							<coordinates>								4.67023526128318,46.0260444302095,0 4.66970564252512,46.026052864235,0 4.66981658021451,46.0261549896999,0 4.67040778966954,46.0267183982823,0 4.67058661999528,46.0268973423125,0 4.67054526954885,46.0264257183138,0 4.67053227310417,46.02636394217439,0 4.67023526128318,46.0260444302095,0 
							</coordinates>
						</LinearRing>
					</outerBoundaryIs>
				</Polygon>
			</MultiGeometry>
		</Placemark>
		<Placemark id="personne_morale.41847">
<styleUrl>#personne_morale</styleUrl>			<visibility>0</visibility>
			<ExtendedData>
				<SchemaData schemaUrl="#personne_morale">
					<SimpleData name="Numero de Parcelle">692150000A0220</SimpleData>
					<SimpleData name="Departement">69</SimpleData>
					<SimpleData name="Commune">SAINT-JULIEN</SimpleData>
					<SimpleData name="Adresse">LE JONCHY</SimpleData>
					<SimpleData name="Groupe de personne">Personnes morales non remarquables</SimpleData>
					<SimpleData name="Forme Juridique Abregee">AUPM</SimpleData>
					<SimpleData name="Denomination">PROPRIETAIRES DU BND 215 A0220</SimpleData>
				</SchemaData>
			</ExtendedData>
	<Region>
		<LatLonAltBox>
			<north> 46.0233478307513 </north>
			<south> 46.0220996545643 </south>
			<east> 4.64091869375896 </east>
			<west> 4.6398232126321 </west>
		</LatLonAltBox>
		<Lod>
			<minLodPixels>100</minLodPixels>
			<maxLodPixels>-1</maxLodPixels>
		</Lod>
	</Region>
			<MultiGeometry>
				<Polygon><altitudeMode>relativeToGround</altitudeMode>
					<outerBoundaryIs>
						<LinearRing>
							<coordinates>								4.6398232126321,46.02234220932671,0 4.64000834867347,46.0229749644185,0 4.64010746862911,46.0233115575251,0 4.64040283155549,46.0233264674331,0 4.64046410025264,46.02333458747341,0 4.64050121461106,46.0233478307513,0 4.64054701878702,46.0232406165588,0 4.64091869375896,46.0223377920437,0 4.64052790569536,46.02216205132961,0 4.64041446680406,46.0220996545643,0 4.64041159220764,46.0221896747195,0 4.64009722135686,46.0223045586577,0 4.6398232126321,46.02234220932671,0 
							</coordinates>
						</LinearRing>
					</outerBoundaryIs>
				</Polygon>
			</MultiGeometry>
		</Placemark>
		<Placemark id="personne_morale.45273">
<styleUrl>#personne_morale</styleUrl>			<visibility>0</visibility>
			<ExtendedData>
				<SchemaData schemaUrl="#personne_morale">
					<SimpleData name="Numero de Parcelle">692150000B0238</SimpleData>
					<SimpleData name="Departement">69</SimpleData>
					<SimpleData name="Commune">SAINT-JULIEN</SimpleData>
					<SimpleData name="Adresse">MARPAUDIERES</SimpleData>
					<SimpleData name="Groupe de personne">Personnes morales non remarquables</SimpleData>
					<SimpleData name="Forme Juridique Abregee">AUPM</SimpleData>
					<SimpleData name="Denomination">GFA DU CHATEAU DU TREMBLE</SimpleData>
				</SchemaData>
			</ExtendedData>
	<Region>
		<LatLonAltBox>
			<north> 46.0224663290971 </north>
			<south> 46.0215549654972 </south>
			<east> 4.65312168132587 </east>
			<west> 4.65140307241155 </west>
		</LatLonAltBox>
		<Lod>
			<minLodPixels>100</minLodPixels>
			<maxLodPixels>-1</maxLodPixels>
		</Lod>
	</Region>
			<MultiGeometry>
				<Polygon><altitudeMode>relativeToGround</altitudeMode>
					<outerBoundaryIs>
						<LinearRing>
							<coordinates>								4.65210832220137,46.0224663290971,0 4.65232638851436,46.0223700187702,0 4.65273927952516,46.02218710293,0 4.65311553080607,46.02202840812469,0 4.65312168132587,46.0220179604839,0 4.65293979696605,46.02192423967941,0 4.65259303063663,46.0217432143921,0 4.65242735543382,46.0216639376581,0 4.65228755520245,46.0216110339137,0 4.65212387088388,46.0215549654972,0 4.6519265029515,46.0217290635051,0 4.65140307241155,46.02218766677011,0 4.65170952223663,46.0223092073168,0 4.65210832220137,46.0224663290971,0 
							</coordinates>
						</LinearRing>
					</outerBoundaryIs>
				</Polygon>
			</MultiGeometry>
		</Placemark>
		<Placemark id="personne_morale.46310">
<styleUrl>#personne_morale</styleUrl>			<visibility>0</visibility>
			<ExtendedData>
				<SchemaData schemaUrl="#personne_morale">
					<SimpleData name="Numero de Parcelle">692150000C0242</SimpleData>
					<SimpleData name="Departement">69</SimpleData>
					<SimpleData name="Commune">SAINT-JULIEN</SimpleData>
					<SimpleData name="Adresse">CHAMBELY</SimpleData>
					<SimpleData name="Groupe de personne">Personnes morales non remarquables</SimpleData>
					<SimpleData name="Forme Juridique Abregee">SCEA</SimpleData>
					<SimpleData name="Denomination">SCEA CHEMIN DU TACOT</SimpleData>
				</SchemaData>
			</ExtendedData>
	<Region>
		<LatLonAltBox>
			<north> 46.0248718847656 </north>
			<south> 46.0243465874383 </south>
			<east> 4.67885668582701 </east>
			<west> 4.67808974967364 </west>
		</LatLonAltBox>
		<Lod>
			<minLodPixels>100</minLodPixels>
			<maxLodPixels>-1</maxLodPixels>
		</Lod>
	</Region>
			<MultiGeometry>
				<Polygon><altitudeMode>relativeToGround</altitudeMode>
					<outerBoundaryIs>
						<LinearRing>
							<coordinates>								4.67861826586215,46.0248636171229,0 4.67885668582701,46.0248718847656,0 4.67884530139283,46.0247319052125,0 4.67881492048571,46.0243465874383,0 4.67868262718139,46.0244644664748,0 4.67847295693791,46.0246059186147,0 4.67818993417897,46.0247842141134,0 4.67808974967364,46.0248400094315,0 4.678299984167,46.02484833528191,0 4.67861826586215,46.0248636171229,0 
							</coordinates>
						</LinearRing>
					</outerBoundaryIs>
				</Polygon>
			</MultiGeometry>
		</Placemark>
		<Placemark id="personne_morale.47806">
<styleUrl>#personne_morale</styleUrl>			<visibility>0</visibility>
			<ExtendedData>
				<SchemaData schemaUrl="#personne_morale">
					<SimpleData name="Numero de Parcelle">692150000C0250</SimpleData>
					<SimpleData name="Departement">69</SimpleData>
					<SimpleData name="Commune">SAINT-JULIEN</SimpleData>
					<SimpleData name="Adresse">CHAMBELY</SimpleData>
					<SimpleData name="Groupe de personne">Personnes morales non remarquables</SimpleData>
					<SimpleData name="Forme Juridique Abregee">SCEA</SimpleData>
					<SimpleData name="Denomination">SCEA CHEMIN DU TACOT</SimpleData>
				</SchemaData>
			</ExtendedData>
	<Region>
		<LatLonAltBox>
			<north> 46.0248347627029 </north>
			<south> 46.0225162967765 </south>
			<east> 4.67880620576773 </east>
			<west> 4.67737709136569 </west>
		</LatLonAltBox>
		<Lod>
			<minLodPixels>100</minLodPixels>
			<maxLodPixels>-1</maxLodPixels>
		</Lod>
	</Region>
			<MultiGeometry>
				<Polygon><altitudeMode>relativeToGround</altitudeMode>
					<outerBoundaryIs>
						<LinearRing>
							<coordinates>								4.67772535618449,46.0225162967765,0 4.67772238449018,46.0226435189151,0 4.67774377386126,46.02331503073779,0 4.67764023875109,46.02332448949939,0 4.67737709136569,46.02333189719209,0 4.67746677501869,46.024000146471,0 4.67755377547292,46.0247075255781,0 4.67756627635542,46.0247655254421,0 4.67757671251446,46.02481517940291,0 4.67783912648132,46.024830119447,0 4.67795744675164,46.0248347627029,0 4.67807580487442,46.02477284390561,0 4.67842016526311,46.02455806288919,0 4.67855012688577,46.0244696714387,0 4.67868918761555,46.02435322350649,0 4.67880620576773,46.0242347600998,0 4.67877246052678,46.02380697933371,0 4.67870694259596,46.0231176569183,0 4.67862185043355,46.0226045301983,0 4.67777456611137,46.0225400671859,0 4.67772535618449,46.0225162967765,0 
							</coordinates>
						</LinearRing>
					</outerBoundaryIs>
				</Polygon>
			</MultiGeometry>
		</Placemark>
		<Placemark id="personne_morale.47836">
<styleUrl>#personne_morale</styleUrl>			<visibility>0</visibility>
			<ExtendedData>
				<SchemaData schemaUrl="#personne_morale">
					<SimpleData name="Numero de Parcelle">692150000B0251</SimpleData>
					<SimpleData name="Departement">69</SimpleData>
					<SimpleData name="Commune">SAINT-JULIEN</SimpleData>
					<SimpleData name="Adresse">AU CLOS</SimpleData>
					<SimpleData name="Groupe de personne">Personnes morales non remarquables</SimpleData>
					<SimpleData name="Forme Juridique Abregee">GFA</SimpleData>
					<SimpleData name="Denomination">CALANDE   DE LA</SimpleData>
				</SchemaData>
			</ExtendedData>
	<Region>
		<LatLonAltBox>
			<north> 46.0215032414485 </north>
			<south> 46.0212635358529 </south>
			<east> 4.65776917159243 </east>
			<west> 4.65752986164408 </west>
		</LatLonAltBox>
		<Lod>
			<minLodPixels>100</minLodPixels>
			<maxLodPixels>-1</maxLodPixels>
		</Lod>
	</Region>
			<MultiGeometry>
				<Polygon><altitudeMode>relativeToGround</altitudeMode>
					<outerBoundaryIs>
						<LinearRing>
							<coordinates>								4.65776917159243,46.0215032414485,0 4.65776344871255,46.02138200217709,0 4.65773440809536,46.0212635358529,0 4.65752986164408,46.0212717516836,0 4.65757713110743,46.0214802906712,0 4.65776917159243,46.0215032414485,0 
							</coordinates>
						</LinearRing>
					</outerBoundaryIs>
				</Polygon>
			</MultiGeometry>
		</Placemark>
		<Placemark id="personne_morale.47994">
<styleUrl>#personne_morale</styleUrl>			<visibility>0</visibility>
			<ExtendedData>
				<SchemaData schemaUrl="#personne_morale">
					<SimpleData name="Numero de Parcelle">692150000B0252</SimpleData>
					<SimpleData name="Departement">69</SimpleData>
					<SimpleData name="Commune">SAINT-JULIEN</SimpleData>
					<SimpleData name="Adresse">AU CLOS</SimpleData>
					<SimpleData name="Groupe de personne">Personnes morales non remarquables</SimpleData>
					<SimpleData name="Forme Juridique Abregee">GFA</SimpleData>
					<SimpleData name="Denomination">CALANDE   DE LA</SimpleData>
				</SchemaData>
			</ExtendedData>
	<Region>
		<LatLonAltBox>
			<north> 46.0220018659122 </north>
			<south> 46.0206810366633 </south>
			<east> 4.65776917159243 </east>
			<west> 4.65486411736537 </west>
		</LatLonAltBox>
		<Lod>
			<minLodPixels>100</minLodPixels>
			<maxLodPixels>-1</maxLodPixels>
		</Lod>
	</Region>
			<MultiGeometry>
				<Polygon><altitudeMode>relativeToGround</altitudeMode>
					<outerBoundaryIs>
						<LinearRing>
							<coordinates>								4.65731078747359,46.02091368875091,0 4.6565546314929,46.0208424211048,0 4.65588586654393,46.0207794188874,0 4.65486411736537,46.0206810366633,0 4.65498868312122,46.0209881541925,0 4.65520315178984,46.0215588514281,0 4.65620259557759,46.0217617666366,0 4.65741184289555,46.0220018659122,0 4.65769773516991,46.0219857053393,0 4.65771308144165,46.0219844000396,0 4.65775344752947,46.02198101745121,0 4.65776917159243,46.0215032414485,0 4.65757713110743,46.0214802906712,0 4.65752986164408,46.0212717516836,0 4.65773440809536,46.0212635358529,0 4.65764230930341,46.0209445975291,0 4.65731078747359,46.02091368875091,0 
							</coordinates>
						</LinearRing>
					</outerBoundaryIs>
				</Polygon>
			</MultiGeometry>
		</Placemark>
		<Placemark id="personne_morale.48160">
<styleUrl>#personne_morale</styleUrl>			<visibility>0</visibility>
			<ExtendedData>
				<SchemaData schemaUrl="#personne_morale">
					<SimpleData name="Numero de Parcelle">692150000B0253</SimpleData>
					<SimpleData name="Departement">69</SimpleData>
					<SimpleData name="Commune">SAINT-JULIEN</SimpleData>
					<SimpleData name="Adresse">AU CLOS</SimpleData>
					<SimpleData name="Groupe de personne">Personnes morales non remarquables</SimpleData>
					<SimpleData name="Forme Juridique Abregee">GFA</SimpleData>
					<SimpleData name="Denomination">CALANDE   DE LA</SimpleData>
				</SchemaData>
			</ExtendedData>
	<Region>
		<LatLonAltBox>
			<north> 46.0209445975291 </north>
			<south> 46.0203296550959 </south>
			<east> 4.65764230930341 </east>
			<west> 4.65714011367526 </west>
		</LatLonAltBox>
		<Lod>
			<minLodPixels>100</minLodPixels>
			<maxLodPixels>-1</maxLodPixels>
		</Lod>
	</Region>
			<MultiGeometry>
				<Polygon><altitudeMode>relativeToGround</altitudeMode>
					<outerBoundaryIs>
						<LinearRing>
							<coordinates>								4.65714011367526,46.0203296550959,0 4.65731078747359,46.02091368875091,0 4.65764230930341,46.0209445975291,0 4.6575124976654,46.02053253894091,0 4.65743987159478,46.0203405832095,0 4.65714011367526,46.0203296550959,0 
							</coordinates>
						</LinearRing>
					</outerBoundaryIs>
				</Polygon>
			</MultiGeometry>
		</Placemark>
		<Placemark id="personne_morale.48304">
<styleUrl>#personne_morale</styleUrl>			<visibility>0</visibility>
			<ExtendedData>
				<SchemaData schemaUrl="#personne_morale">
					<SimpleData name="Numero de Parcelle">692150000B0254</SimpleData>
					<SimpleData name="Departement">69</SimpleData>
					<SimpleData name="Commune">SAINT-JULIEN</SimpleData>
					<SimpleData name="Adresse">AU CLOS</SimpleData>
					<SimpleData name="Groupe de personne">Personnes morales non remarquables</SimpleData>
					<SimpleData name="Forme Juridique Abregee">GFA</SimpleData>
					<SimpleData name="Denomination">CALANDE   DE LA</SimpleData>
				</SchemaData>
			</ExtendedData>
	<Region>
		<LatLonAltBox>
			<north> 46.02091368875091 </north>
			<south> 46.02029390509049 </south>
			<east> 4.65731078747359 </east>
			<west> 4.65640029144037 </west>
		</LatLonAltBox>
		<Lod>
			<minLodPixels>100</minLodPixels>
			<maxLodPixels>-1</maxLodPixels>
		</Lod>
	</Region>
			<MultiGeometry>
				<Polygon><altitudeMode>relativeToGround</altitudeMode>
					<outerBoundaryIs>
						<LinearRing>
							<coordinates>								4.65653355014458,46.0202970011637,0 4.65640029144037,46.02029390509049,0 4.6565546314929,46.0208424211048,0 4.65731078747359,46.02091368875091,0 4.65714011367526,46.0203296550959,0 4.65653397308374,46.02029816587861,0 4.65653355014458,46.0202970011637,0 
							</coordinates>
						</LinearRing>
					</outerBoundaryIs>
				</Polygon>
			</MultiGeometry>
		</Placemark>
		<Placemark id="personne_morale.48461">
<styleUrl>#personne_morale</styleUrl>			<visibility>0</visibility>
			<ExtendedData>
				<SchemaData schemaUrl="#personne_morale">
					<SimpleData name="Numero de Parcelle">692150000B0255</SimpleData>
					<SimpleData name="Departement">69</SimpleData>
					<SimpleData name="Commune">SAINT-JULIEN</SimpleData>
					<SimpleData name="Adresse">AU CLOS</SimpleData>
					<SimpleData name="Groupe de personne">Personnes morales non remarquables</SimpleData>
					<SimpleData name="Forme Juridique Abregee">GFA</SimpleData>
					<SimpleData name="Denomination">CALANDE   DE LA</SimpleData>
				</SchemaData>
			</ExtendedData>
	<Region>
		<LatLonAltBox>
			<north> 46.0208424211048 </north>
			<south> 46.0202114083782 </south>
			<east> 4.6565546314929 </east>
			<west> 4.65469199928152 </west>
		</LatLonAltBox>
		<Lod>
			<minLodPixels>100</minLodPixels>
			<maxLodPixels>-1</maxLodPixels>
		</Lod>
	</Region>
			<MultiGeometry>
				<Polygon><altitudeMode>relativeToGround</altitudeMode>
					<outerBoundaryIs>
						<LinearRing>
							<coordinates>								4.65469199928152,46.0202114083782,0 4.65475366430314,46.0204089299138,0 4.65486411736537,46.0206810366633,0 4.65588586654393,46.0207794188874,0 4.6565546314929,46.0208424211048,0 4.65640029144037,46.02029390509049,0 4.65559385358726,46.02025272857419,0 4.65469199928152,46.0202114083782,0 
							</coordinates>
						</LinearRing>
					</outerBoundaryIs>
				</Polygon>
			</MultiGeometry>
		</Placemark>
		<Placemark id="personne_morale.48622">
<styleUrl>#personne_morale</styleUrl>			<visibility>0</visibility>
			<ExtendedData>
				<SchemaData schemaUrl="#personne_morale">
					<SimpleData name="Numero de Parcelle">692150000B0256</SimpleData>
					<SimpleData name="Departement">69</SimpleData>
					<SimpleData name="Commune">SAINT-JULIEN</SimpleData>
					<SimpleData name="Adresse">AU CLOS</SimpleData>
					<SimpleData name="Groupe de personne">Personnes morales non remarquables</SimpleData>
					<SimpleData name="Forme Juridique Abregee">GFA</SimpleData>
					<SimpleData name="Denomination">CALANDE   DE LA</SimpleData>
				</SchemaData>
			</ExtendedData>
	<Region>
		<LatLonAltBox>
			<north> 46.02025272857419 </north>
			<south> 46.019813690201 </south>
			<east> 4.65559385358726 </east>
			<west> 4.65457298581043 </west>
		</LatLonAltBox>
		<Lod>
			<minLodPixels>100</minLodPixels>
			<maxLodPixels>-1</maxLodPixels>
		</Lod>
	</Region>
			<MultiGeometry>
				<Polygon><altitudeMode>relativeToGround</altitudeMode>
					<outerBoundaryIs>
						<LinearRing>
							<coordinates>								4.65457298581043,46.019813690201,0 4.65469199928152,46.0202114083782,0 4.65559385358726,46.02025272857419,0 4.65543342374509,46.01982796507309,0 4.65511022602421,46.0198242192766,0 4.65457298581043,46.019813690201,0 
							</coordinates>
						</LinearRing>
					</outerBoundaryIs>
				</Polygon>
			</MultiGeometry>
		</Placemark>
		<Placemark id="personne_morale.48786">
<styleUrl>#personne_morale</styleUrl>			<visibility>0</visibility>
			<ExtendedData>
				<SchemaData schemaUrl="#personne_morale">
					<SimpleData name="Numero de Parcelle">692150000B0257</SimpleData>
					<SimpleData name="Departement">69</SimpleData>
					<SimpleData name="Commune">SAINT-JULIEN</SimpleData>
					<SimpleData name="Adresse">AU CLOS</SimpleData>
					<SimpleData name="Groupe de personne">Personnes morales non remarquables</SimpleData>
					<SimpleData name="Forme Juridique Abregee">GFA</SimpleData>
					<SimpleData name="Denomination">CALANDE   DE LA</SimpleData>
				</SchemaData>
			</ExtendedData>
	<Region>
		<LatLonAltBox>
			<north> 46.0202970011637 </north>
			<south> 46.01982796507309 </south>
			<east> 4.65653355014458 </east>
			<west> 4.65543342374509 </west>
		</LatLonAltBox>
		<Lod>
			<minLodPixels>100</minLodPixels>
			<maxLodPixels>-1</maxLodPixels>
		</Lod>
	</Region>
			<MultiGeometry>
				<Polygon><altitudeMode>relativeToGround</altitudeMode>
					<outerBoundaryIs>
						<LinearRing>
							<coordinates>								4.65543342374509,46.01982796507309,0 4.65559385358726,46.02025272857419,0 4.65640029144037,46.02029390509049,0 4.65653355014458,46.0202970011637,0 4.65641938879841,46.019953525412,0 4.65638139980687,46.0198468985523,0 4.65543342374509,46.01982796507309,0 
							</coordinates>
						</LinearRing>
					</outerBoundaryIs>
				</Polygon>
			</MultiGeometry>
		</Placemark>
		<Placemark id="personne_morale.48937">
<styleUrl>#personne_morale</styleUrl>			<visibility>0</visibility>
			<ExtendedData>
				<SchemaData schemaUrl="#personne_morale">
					<SimpleData name="Numero de Parcelle">692150000B0258</SimpleData>
					<SimpleData name="Departement">69</SimpleData>
					<SimpleData name="Commune">SAINT-JULIEN</SimpleData>
					<SimpleData name="Adresse">AU CLOS</SimpleData>
					<SimpleData name="Groupe de personne">Personnes morales non remarquables</SimpleData>
					<SimpleData name="Forme Juridique Abregee">GFA</SimpleData>
					<SimpleData name="Denomination">CALANDE   DE LA</SimpleData>
				</SchemaData>
			</ExtendedData>
	<Region>
		<LatLonAltBox>
			<north> 46.0203405832095 </north>
			<south> 46.0175558840247 </south>
			<east> 4.65759274958794 </east>
			<west> 4.65452823436362 </west>
		</LatLonAltBox>
		<Lod>
			<minLodPixels>100</minLodPixels>
			<maxLodPixels>-1</maxLodPixels>
		</Lod>
	</Region>
			<MultiGeometry>
				<Polygon><altitudeMode>relativeToGround</altitudeMode>
					<outerBoundaryIs>
						<LinearRing>
							<coordinates>								4.65553137089691,46.0176141698196,0 4.65479401995413,46.0176378192917,0 4.65473313769316,46.0178830654174,0 4.65463564008746,46.0182133308159,0 4.65456278335466,46.0184688393886,0 4.65454888478078,46.01858270933881,0 4.65452900117867,46.01883285093371,0 4.65453175534604,46.0190920291867,0 4.65452850221107,46.0194222694826,0 4.65452823436362,46.01962826109901,0 4.6545387175709,46.0197016943853,0 4.65457298581043,46.019813690201,0 4.65511022602421,46.0198242192766,0 4.65543342374509,46.01982796507309,0 4.65638139980687,46.0198468985523,0 4.65641938879841,46.019953525412,0 4.65653355014458,46.0202970011637,0 4.65653397308374,46.02029816587861,0 4.65714011367526,46.0203296550959,0 4.65743987159478,46.0203405832095,0 4.65736056505786,46.0201543094165,0 4.65726684462242,46.0199444681395,0 4.65726018816801,46.01990376421481,0 4.65727364931626,46.01983133200589,0 4.65740925920218,46.0195134767104,0 4.65748295607483,46.0193334316999,0 4.65757633009661,46.0191070735483,0 4.65759274958794,46.0190470275466,0 4.65758651706516,46.0189774953472,0 4.65752916463574,46.0187689237213,0 4.65739149641709,46.01828042129951,0 4.65729388899777,46.0178814019027,0 4.65721439896598,46.0175558840247,0 4.65634614422403,46.01758569111221,0 4.65553137089691,46.0176141698196,0 
							</coordinates>
						</LinearRing>
					</outerBoundaryIs>
				</Polygon>
			</MultiGeometry>
		</Placemark>
		<Placemark id="personne_morale.49793">
<styleUrl>#personne_morale</styleUrl>			<visibility>0</visibility>
			<ExtendedData>
				<SchemaData schemaUrl="#personne_morale">
					<SimpleData name="Numero de Parcelle">692150000B0262</SimpleData>
					<SimpleData name="Departement">69</SimpleData>
					<SimpleData name="Commune">SAINT-JULIEN</SimpleData>
					<SimpleData name="Adresse">AU CLOS</SimpleData>
					<SimpleData name="Groupe de personne">Personnes morales non remarquables</SimpleData>
					<SimpleData name="Forme Juridique Abregee">GFA</SimpleData>
					<SimpleData name="Denomination">SIGNE ET LAC</SimpleData>
				</SchemaData>
			</ExtendedData>
	<Region>
		<LatLonAltBox>
			<north> 46.0170404533855 </north>
			<south> 46.0167871607404 </south>
			<east> 4.65473477267548 </east>
			<west> 4.65375818659559 </west>
		</LatLonAltBox>
		<Lod>
			<minLodPixels>100</minLodPixels>
			<maxLodPixels>-1</maxLodPixels>
		</Lod>
	</Region>
			<MultiGeometry>
				<Polygon><altitudeMode>relativeToGround</altitudeMode>
					<outerBoundaryIs>
						<LinearRing>
							<coordinates>								4.65473477267548,46.0169919892524,0 4.65471770509094,46.0168157032985,0 4.65471089963792,46.0167871607404,0 4.65455381851035,46.0168126921301,0 4.65415006533117,46.0168852374963,0 4.65395404593324,46.0169185419403,0 4.65375818659559,46.01694427791459,0 4.65376560292591,46.0170404533855,0 4.65473477267548,46.0169919892524,0 
							</coordinates>
						</LinearRing>
					</outerBoundaryIs>
				</Polygon>
			</MultiGeometry>
		</Placemark>
		<Placemark id="personne_morale.49954">
<styleUrl>#personne_morale</styleUrl>			<visibility>0</visibility>
			<ExtendedData>
				<SchemaData schemaUrl="#personne_morale">
					<SimpleData name="Numero de Parcelle">692150000B0263</SimpleData>
					<SimpleData name="Departement">69</SimpleData>
					<SimpleData name="Commune">SAINT-JULIEN</SimpleData>
					<SimpleData name="Adresse">AU CLOS</SimpleData>
					<SimpleData name="Groupe de personne">Personnes morales non remarquables</SimpleData>
					<SimpleData name="Forme Juridique Abregee">GFA</SimpleData>
					<SimpleData name="Denomination">SIGNE ET LAC</SimpleData>
				</SchemaData>
			</ExtendedData>
	<Region>
		<LatLonAltBox>
			<north> 46.0174801180349 </north>
			<south> 46.01694427791459 </south>
			<east> 4.65475900565514 </east>
			<west> 4.65300188798947 </west>
		</LatLonAltBox>
		<Lod>
			<minLodPixels>100</minLodPixels>
			<maxLodPixels>-1</maxLodPixels>
		</Lod>
	</Region>
			<MultiGeometry>
				<Polygon><altitudeMode>relativeToGround</altitudeMode>
					<outerBoundaryIs>
						<LinearRing>
							<coordinates>								4.65345553431354,46.017477218817,0 4.65432968668781,46.0174586964635,0 4.65475338572046,46.0174516996788,0 4.65475900565514,46.0173849665789,0 4.65475845838998,46.017276531533,0 4.65473477267548,46.0169919892524,0 4.65376560292591,46.0170404533855,0 4.65375818659559,46.01694427791459,0 4.65343388217988,46.0169848576543,0 4.65333154824544,46.0169995908673,0 4.65300188798947,46.01707276238441,0 4.65326299406714,46.0174801180349,0 4.65345553431354,46.017477218817,0 
							</coordinates>
						</LinearRing>
					</outerBoundaryIs>
				</Polygon>
			</MultiGeometry>
		</Placemark>
		<Placemark id="personne_morale.50589">
<styleUrl>#personne_morale</styleUrl>			<visibility>0</visibility>
			<ExtendedData>
				<SchemaData schemaUrl="#personne_morale">
					<SimpleData name="Numero de Parcelle">692150000B0267</SimpleData>
					<SimpleData name="Departement">69</SimpleData>
					<SimpleData name="Commune">SAINT-JULIEN</SimpleData>
					<SimpleData name="Adresse">AU CLOS</SimpleData>
					<SimpleData name="Groupe de personne">Personnes morales non remarquables</SimpleData>
					<SimpleData name="Forme Juridique Abregee">AUPM</SimpleData>
					<SimpleData name="Denomination">GFA DU CHATEAU DU TREMBLE</SimpleData>
				</SchemaData>
			</ExtendedData>
	<Region>
		<LatLonAltBox>
			<north> 46.0186895942218 </north>
			<south> 46.0181126655168 </south>
			<east> 4.65227541890933 </east>
			<west> 4.65145500970961 </west>
		</LatLonAltBox>
		<Lod>
			<minLodPixels>100</minLodPixels>
			<maxLodPixels>-1</maxLodPixels>
		</Lod>
	</Region>
			<MultiGeometry>
				<Polygon><altitudeMode>relativeToGround</altitudeMode>
					<outerBoundaryIs>
						<LinearRing>
							<coordinates>								4.65227541890933,46.0182632596667,0 4.65178725283054,46.0181126655168,0 4.65157680474702,46.0183803551871,0 4.65145500970961,46.0185393003644,0 4.65160247597223,46.01858515798421,0 4.65193916183235,46.0186895942218,0 4.65227541890933,46.0182632596667,0 
							</coordinates>
						</LinearRing>
					</outerBoundaryIs>
				</Polygon>
			</MultiGeometry>
		</Placemark>
		<Placemark id="personne_morale.51878">
<styleUrl>#personne_morale</styleUrl>			<visibility>0</visibility>
			<ExtendedData>
				<SchemaData schemaUrl="#personne_morale">
					<SimpleData name="Numero de Parcelle">692150000C0273</SimpleData>
					<SimpleData name="Departement">69</SimpleData>
					<SimpleData name="Commune">SAINT-JULIEN</SimpleData>
					<SimpleData name="Adresse">TALENCE</SimpleData>
					<SimpleData name="Groupe de personne">Personnes morales non remarquables</SimpleData>
					<SimpleData name="Forme Juridique Abregee">AUPM</SimpleData>
					<SimpleData name="Denomination">GFA DU DOMAINE DE TALANCE</SimpleData>
				</SchemaData>
			</ExtendedData>
	<Region>
		<LatLonAltBox>
			<north> 46.0169399616816 </north>
			<south> 46.01677819124401 </south>
			<east> 4.67179428086778 </east>
			<west> 4.67105058462618 </west>
		</LatLonAltBox>
		<Lod>
			<minLodPixels>100</minLodPixels>
			<maxLodPixels>-1</maxLodPixels>
		</Lod>
	</Region>
			<MultiGeometry>
				<Polygon><altitudeMode>relativeToGround</altitudeMode>
					<outerBoundaryIs>
						<LinearRing>
							<coordinates>								4.67179428086778,46.0168921037635,0 4.67157266356589,46.016857003473,0 4.67110253672389,46.01677819124401,0 4.67105058462618,46.0168979389811,0 4.67164564193828,46.0169399616816,0 4.67179428086778,46.0168921037635,0 
							</coordinates>
						</LinearRing>
					</outerBoundaryIs>
				</Polygon>
			</MultiGeometry>
		</Placemark>
		<Placemark id="personne_morale.52145">
<styleUrl>#personne_morale</styleUrl>			<visibility>0</visibility>
			<ExtendedData>
				<SchemaData schemaUrl="#personne_morale">
					<SimpleData name="Numero de Parcelle">692150000C0275</SimpleData>
					<SimpleData name="Departement">69</SimpleData>
					<SimpleData name="Commune">SAINT-JULIEN</SimpleData>
					<SimpleData name="Adresse">TALENCE</SimpleData>
					<SimpleData name="Groupe de personne">Personnes morales non remarquables</SimpleData>
					<SimpleData name="Forme Juridique Abregee">AUPM</SimpleData>
					<SimpleData name="Denomination">GFA DU DOMAINE DE TALANCE</SimpleData>
				</SchemaData>
			</ExtendedData>
	<Region>
		<LatLonAltBox>
			<north> 46.0174421350186 </north>
			<south> 46.0164855251266 </south>
			<east> 4.67110253672389 </east>
			<west> 4.66903812545811 </west>
		</LatLonAltBox>
		<Lod>
			<minLodPixels>100</minLodPixels>
			<maxLodPixels>-1</maxLodPixels>
		</Lod>
	</Region>
			<MultiGeometry>
				<Polygon><altitudeMode>relativeToGround</altitudeMode>
					<outerBoundaryIs>
						<LinearRing>
							<coordinates>								4.67110253672389,46.01677819124401,0 4.67071180006451,46.0167125276652,0 4.66980505482155,46.0165640378722,0 4.6693385621206,46.0164855251266,0 4.66915789625843,46.0169520433879,0 4.66903812545811,46.017256890724,0 4.66913000011734,46.0172682372942,0 4.66938771398218,46.0172914618786,0 4.66998677640416,46.0173546006244,0 4.6705787309267,46.0174135176798,0 4.67088586592187,46.0174421350186,0 4.67091268135696,46.01737157560311,0 4.67096817783658,46.017185484631,0 4.67105058462618,46.0168979389811,0 4.67110253672389,46.01677819124401,0 
							</coordinates>
						</LinearRing>
					</outerBoundaryIs>
				</Polygon>
			</MultiGeometry>
		</Placemark>
		<Placemark id="personne_morale.52283">
<styleUrl>#personne_morale</styleUrl>			<visibility>0</visibility>
			<ExtendedData>
				<SchemaData schemaUrl="#personne_morale">
					<SimpleData name="Numero de Parcelle">692150000C0276</SimpleData>
					<SimpleData name="Departement">69</SimpleData>
					<SimpleData name="Commune">SAINT-JULIEN</SimpleData>
					<SimpleData name="Adresse">TALENCE</SimpleData>
					<SimpleData name="Groupe de personne">Personnes morales non remarquables</SimpleData>
					<SimpleData name="Forme Juridique Abregee">AUPM</SimpleData>
					<SimpleData name="Denomination">GFA DU DOMAINE DE TALANCE</SimpleData>
				</SchemaData>
			</ExtendedData>
	<Region>
		<LatLonAltBox>
			<north> 46.0180423537858 </north>
			<south> 46.0173546006244 </south>
			<east> 4.67088586592187 </east>
			<west> 4.66980042084245 </west>
		</LatLonAltBox>
		<Lod>
			<minLodPixels>100</minLodPixels>
			<maxLodPixels>-1</maxLodPixels>
		</Lod>
	</Region>
			<MultiGeometry>
				<Polygon><altitudeMode>relativeToGround</altitudeMode>
					<outerBoundaryIs>
						<LinearRing>
							<coordinates>								4.67073051451524,46.0177500308218,0 4.67074076767577,46.0177300643998,0 4.67082828503108,46.0175596238268,0 4.67088586592187,46.0174421350186,0 4.6705787309267,46.0174135176798,0 4.66998677640416,46.0173546006244,0 4.66986229497159,46.0177000495006,0 4.66980042084245,46.0178720929561,0 4.67012827209788,46.0179485041498,0 4.67058063537433,46.0180423537858,0 4.67066423458584,46.0178790865945,0 4.67073051451524,46.0177500308218,0 
							</coordinates>
						</LinearRing>
					</outerBoundaryIs>
				</Polygon>
			</MultiGeometry>
		</Placemark>
		<Placemark id="personne_morale.52425">
<styleUrl>#personne_morale</styleUrl>			<visibility>0</visibility>
			<ExtendedData>
				<SchemaData schemaUrl="#personne_morale">
					<SimpleData name="Numero de Parcelle">692150000C0277</SimpleData>
					<SimpleData name="Departement">69</SimpleData>
					<SimpleData name="Commune">SAINT-JULIEN</SimpleData>
					<SimpleData name="Adresse">TALENCE</SimpleData>
					<SimpleData name="Groupe de personne">Personnes morales non remarquables</SimpleData>
					<SimpleData name="Forme Juridique Abregee">AUPM</SimpleData>
					<SimpleData name="Denomination">GFA DU DOMAINE DE TALANCE</SimpleData>
				</SchemaData>
			</ExtendedData>
	<Region>
		<LatLonAltBox>
			<north> 46.01873458302411 </north>
			<south> 46.017256890724 </south>
			<east> 4.67058063537433 </east>
			<west> 4.66851464551126 </west>
		</LatLonAltBox>
		<Lod>
			<minLodPixels>100</minLodPixels>
			<maxLodPixels>-1</maxLodPixels>
		</Lod>
	</Region>
			<MultiGeometry>
				<Polygon><altitudeMode>relativeToGround</altitudeMode>
					<outerBoundaryIs>
						<LinearRing>
							<coordinates>								4.66903812545811,46.017256890724,0 4.66895796206397,46.0174610875951,0 4.66880992490949,46.0178484941496,0 4.66881265707916,46.0178661074987,0 4.66881619652625,46.0178890230485,0 4.66879242970516,46.01797493888059,0 4.66871127561517,46.0180783625859,0 4.66859967627972,46.0183586802714,0 4.66856453336654,46.0184361168977,0 4.66851464551126,46.0185644796219,0 4.66881108764811,46.0186069506299,0 4.66918504045951,46.01857928612431,0 4.66933407843848,46.0185784418363,0 4.66967779872865,46.0186493966014,0 4.6697463886681,46.018655951823,0 4.67007949109928,46.01871355143059,0 4.67022919374555,46.01873458302411,0 4.67051900278263,46.0181626942951,0 4.67058063537433,46.0180423537858,0 4.67012827209788,46.0179485041498,0 4.66980042084245,46.0178720929561,0 4.66986229497159,46.0177000495006,0 4.66998677640416,46.0173546006244,0 4.66938771398218,46.0172914618786,0 4.66913000011734,46.0172682372942,0 4.66903812545811,46.017256890724,0 
							</coordinates>
						</LinearRing>
					</outerBoundaryIs>
				</Polygon>
			</MultiGeometry>
		</Placemark>
		<Placemark id="personne_morale.52565">
<styleUrl>#personne_morale</styleUrl>			<visibility>0</visibility>
			<ExtendedData>
				<SchemaData schemaUrl="#personne_morale">
					<SimpleData name="Numero de Parcelle">692150000C0278</SimpleData>
					<SimpleData name="Departement">69</SimpleData>
					<SimpleData name="Commune">SAINT-JULIEN</SimpleData>
					<SimpleData name="Adresse">TALENCE</SimpleData>
					<SimpleData name="Groupe de personne">Personnes morales non remarquables</SimpleData>
					<SimpleData name="Forme Juridique Abregee">AUPM</SimpleData>
					<SimpleData name="Denomination">GFA DU DOMAINE DE TALANCE</SimpleData>
				</SchemaData>
			</ExtendedData>
	<Region>
		<LatLonAltBox>
			<north> 46.0178661074987 </north>
			<south> 46.0171162023727 </south>
			<east> 4.66903812545811 </east>
			<west> 4.66787969376913 </west>
		</LatLonAltBox>
		<Lod>
			<minLodPixels>100</minLodPixels>
			<maxLodPixels>-1</maxLodPixels>
		</Lod>
	</Region>
			<MultiGeometry>
				<Polygon><altitudeMode>relativeToGround</altitudeMode>
					<outerBoundaryIs>
						<LinearRing>
							<coordinates>								4.66903812545811,46.017256890724,0 4.66883582097621,46.01723194867741,0 4.66808998466931,46.0171162023727,0 4.6680521027257,46.0172226814726,0 4.66787969376913,46.0177274454675,0 4.66848005168041,46.0178161528341,0 4.66881265707916,46.0178661074987,0 4.66880992490949,46.0178484941496,0 4.66895796206397,46.0174610875951,0 4.66903812545811,46.017256890724,0 
							</coordinates>
						</LinearRing>
					</outerBoundaryIs>
				</Polygon>
			</MultiGeometry>
		</Placemark>
		<Placemark id="personne_morale.52709">
<styleUrl>#personne_morale</styleUrl>			<visibility>0</visibility>
			<ExtendedData>
				<SchemaData schemaUrl="#personne_morale">
					<SimpleData name="Numero de Parcelle">692150000C0279</SimpleData>
					<SimpleData name="Departement">69</SimpleData>
					<SimpleData name="Commune">SAINT-JULIEN</SimpleData>
					<SimpleData name="Adresse">TALENCE</SimpleData>
					<SimpleData name="Groupe de personne">Personnes morales non remarquables</SimpleData>
					<SimpleData name="Forme Juridique Abregee">AUPM</SimpleData>
					<SimpleData name="Denomination">GFA DU DOMAINE DE TALANCE</SimpleData>
				</SchemaData>
			</ExtendedData>
	<Region>
		<LatLonAltBox>
			<north> 46.017256890724 </north>
			<south> 46.0163227727118 </south>
			<east> 4.6693385621206 </east>
			<west> 4.66808998466931 </west>
		</LatLonAltBox>
		<Lod>
			<minLodPixels>100</minLodPixels>
			<maxLodPixels>-1</maxLodPixels>
		</Lod>
	</Region>
			<MultiGeometry>
				<Polygon><altitudeMode>relativeToGround</altitudeMode>
					<outerBoundaryIs>
						<LinearRing>
							<coordinates>								4.6693385621206,46.0164855251266,0 4.66871770202731,46.0163810920746,0 4.66837205347605,46.0163227727118,0 4.66808998466931,46.0171162023727,0 4.66883582097621,46.01723194867741,0 4.66903812545811,46.017256890724,0 4.66915789625843,46.0169520433879,0 4.6693385621206,46.0164855251266,0 
							</coordinates>
						</LinearRing>
					</outerBoundaryIs>
				</Polygon>
			</MultiGeometry>
		</Placemark>
		<Placemark id="personne_morale.53112">
<styleUrl>#personne_morale</styleUrl>			<visibility>0</visibility>
			<ExtendedData>
				<SchemaData schemaUrl="#personne_morale">
					<SimpleData name="Numero de Parcelle">692150000C0280</SimpleData>
					<SimpleData name="Departement">69</SimpleData>
					<SimpleData name="Commune">SAINT-JULIEN</SimpleData>
					<SimpleData name="Adresse">TALENCE</SimpleData>
					<SimpleData name="Groupe de personne">Personnes morales non remarquables</SimpleData>
					<SimpleData name="Forme Juridique Abregee">AUPM</SimpleData>
					<SimpleData name="Denomination">GFA DU DOMAINE DE TALANCE</SimpleData>
				</SchemaData>
			</ExtendedData>
	<Region>
		<LatLonAltBox>
			<north> 46.0168525700591 </north>
			<south> 46.0156225090919 </south>
			<east> 4.67287845047013 </east>
			<west> 4.6677990077334 </west>
		</LatLonAltBox>
		<Lod>
			<minLodPixels>100</minLodPixels>
			<maxLodPixels>-1</maxLodPixels>
		</Lod>
	</Region>
			<MultiGeometry>
				<Polygon><altitudeMode>relativeToGround</altitudeMode>
					<outerBoundaryIs>
						<LinearRing>
							<coordinates>								4.6677990077334,46.0161579147755,0 4.668361535184,46.0162530337954,0 4.66871270066392,46.01631424423,0 4.6691501235402,46.0163849013311,0 4.66955625431895,46.0164552972423,0 4.66983334576864,46.01650372488629,0 4.67015476786602,46.0165560019713,0 4.6707530251624,46.0166567073497,0 4.67100284277893,46.0167009407406,0 4.67111579228491,46.0167208917913,0 4.67129597930722,46.0167497587313,0 4.67173503349631,46.0168228137691,0 4.67190981850911,46.0168525700591,0 4.67229903117442,46.0167404550563,0 4.67243568155834,46.0166937639621,0 4.67271092321379,46.01657495304849,0 4.67284949125208,46.0164680667752,0 4.67287845047013,46.0163575744551,0 4.6728158355523,46.0163221107531,0 4.67273611767742,46.016281135039,0 4.6723704547974,46.0161684511306,0 4.67235156338167,46.0161934089441,0 4.67204091048238,46.0160828844343,0 4.67157948034829,46.0159114446996,0 4.67109007893045,46.01573834402599,0 4.67076673013251,46.0156225090919,0 4.67011800918772,46.0157413261406,0 4.66846748461377,46.01603800964589,0 4.6677990077334,46.0161579147755,0 
							</coordinates>
						</LinearRing>
					</outerBoundaryIs>
				</Polygon>
			</MultiGeometry>
		</Placemark>
		<Placemark id="personne_morale.53386">
<styleUrl>#personne_morale</styleUrl>			<visibility>0</visibility>
			<ExtendedData>
				<SchemaData schemaUrl="#personne_morale">
					<SimpleData name="Numero de Parcelle">692150000C0282</SimpleData>
					<SimpleData name="Departement">69</SimpleData>
					<SimpleData name="Commune">SAINT-JULIEN</SimpleData>
					<SimpleData name="Adresse">TALENCE</SimpleData>
					<SimpleData name="Groupe de personne">Personnes morales non remarquables</SimpleData>
					<SimpleData name="Forme Juridique Abregee">AUPM</SimpleData>
					<SimpleData name="Denomination">GFA DU DOMAINE DE TALANCE</SimpleData>
				</SchemaData>
			</ExtendedData>
	<Region>
		<LatLonAltBox>
			<north> 46.01773416898681 </north>
			<south> 46.0161932253678 </south>
			<east> 4.66837205347605 </east>
			<west> 4.66605592865527 </west>
		</LatLonAltBox>
		<Lod>
			<minLodPixels>100</minLodPixels>
			<maxLodPixels>-1</maxLodPixels>
		</Lod>
	</Region>
			<MultiGeometry>
				<Polygon><altitudeMode>relativeToGround</altitudeMode>
					<outerBoundaryIs>
						<LinearRing>
							<coordinates>								4.66837205347605,46.0163227727118,0 4.66776925144318,46.01622113100699,0 4.66760293001936,46.0161932253678,0 4.66702599853476,46.01629673709861,0 4.66634838162256,46.01641811907489,0 4.66605592865527,46.0171684626953,0 4.66607044815464,46.0172679558755,0 4.66609168386825,46.0174141863151,0 4.66611900404401,46.0176161702236,0 4.66670033589112,46.01773416898681,0 4.6667773187882,46.0172626050016,0 4.66730262949564,46.0172939673498,0 4.66751842126571,46.0172734088172,0 4.6680521027257,46.0172226814726,0 4.66808998466931,46.0171162023727,0 4.66837205347605,46.0163227727118,0 
							</coordinates>
						</LinearRing>
					</outerBoundaryIs>
				</Polygon>
			</MultiGeometry>
		</Placemark>
		<Placemark id="personne_morale.53514">
<styleUrl>#personne_morale</styleUrl>			<visibility>0</visibility>
			<ExtendedData>
				<SchemaData schemaUrl="#personne_morale">
					<SimpleData name="Numero de Parcelle">692150000C0283</SimpleData>
					<SimpleData name="Departement">69</SimpleData>
					<SimpleData name="Commune">SAINT-JULIEN</SimpleData>
					<SimpleData name="Adresse">TALENCE</SimpleData>
					<SimpleData name="Groupe de personne">Personnes morales non remarquables</SimpleData>
					<SimpleData name="Forme Juridique Abregee">AUPM</SimpleData>
					<SimpleData name="Denomination">GFA DU DOMAINE DE TALANCE</SimpleData>
				</SchemaData>
			</ExtendedData>
	<Region>
		<LatLonAltBox>
			<north> 46.01859018035951 </north>
			<south> 46.0172226814726 </south>
			<east> 4.66881619652625 </east>
			<west> 4.66619990911284 </west>
		</LatLonAltBox>
		<Lod>
			<minLodPixels>100</minLodPixels>
			<maxLodPixels>-1</maxLodPixels>
		</Lod>
	</Region>
			<MultiGeometry>
				<Polygon><altitudeMode>relativeToGround</altitudeMode>
					<outerBoundaryIs>
						<LinearRing>
							<coordinates>								4.6680521027257,46.0172226814726,0 4.66751842126571,46.0172734088172,0 4.66730262949564,46.0172939673498,0 4.6667773187882,46.0172626050016,0 4.66670033589112,46.01773416898681,0 4.66724425375555,46.0178375836233,0 4.66709111973357,46.0181894853648,0 4.66619990911284,46.01822565014029,0 4.66623006910141,46.0184658717032,0 4.66675137279931,46.01851395849779,0 4.66757631162847,46.01859018035951,0 4.66761052365248,46.01858859608869,0 4.66767928965036,46.01845599293531,0 4.66770857831021,46.0184497974838,0 4.66790533826184,46.0184750934128,0 4.66826599087824,46.0185289602539,0 4.66851464551126,46.0185644796219,0 4.66856453336654,46.0184361168977,0 4.66859967627972,46.0183586802714,0 4.66871127561517,46.0180783625859,0 4.66879242970516,46.01797493888059,0 4.66881619652625,46.0178890230485,0 4.66881265707916,46.0178661074987,0 4.66848005168041,46.0178161528341,0 4.66787969376913,46.0177274454675,0 4.6680521027257,46.0172226814726,0 
							</coordinates>
						</LinearRing>
					</outerBoundaryIs>
				</Polygon>
			</MultiGeometry>
		</Placemark>
		<Placemark id="personne_morale.53636">
<styleUrl>#personne_morale</styleUrl>			<visibility>0</visibility>
			<ExtendedData>
				<SchemaData schemaUrl="#personne_morale">
					<SimpleData name="Numero de Parcelle">692150000C0284</SimpleData>
					<SimpleData name="Departement">69</SimpleData>
					<SimpleData name="Commune">SAINT-JULIEN</SimpleData>
					<SimpleData name="Adresse">TALENCE</SimpleData>
					<SimpleData name="Groupe de personne">Personnes morales non remarquables</SimpleData>
					<SimpleData name="Forme Juridique Abregee">AUPM</SimpleData>
					<SimpleData name="Denomination">GFA DU DOMAINE DE TALANCE</SimpleData>
				</SchemaData>
			</ExtendedData>
	<Region>
		<LatLonAltBox>
			<north> 46.01822565014029 </north>
			<south> 46.0176161702236 </south>
			<east> 4.66724425375555 </east>
			<west> 4.66611900404401 </west>
		</LatLonAltBox>
		<Lod>
			<minLodPixels>100</minLodPixels>
			<maxLodPixels>-1</maxLodPixels>
		</Lod>
	</Region>
			<MultiGeometry>
				<Polygon><altitudeMode>relativeToGround</altitudeMode>
					<outerBoundaryIs>
						<LinearRing>
							<coordinates>								4.66670033589112,46.01773416898681,0 4.66611900404401,46.0176161702236,0 4.66617476501197,46.01802723702039,0 4.66619990911284,46.01822565014029,0 4.66709111973357,46.0181894853648,0 4.66724425375555,46.0178375836233,0 4.66670033589112,46.01773416898681,0 
							</coordinates>
						</LinearRing>
					</outerBoundaryIs>
				</Polygon>
			</MultiGeometry>
		</Placemark>
		<Placemark id="personne_morale.53764">
<styleUrl>#personne_morale</styleUrl>			<visibility>0</visibility>
			<ExtendedData>
				<SchemaData schemaUrl="#personne_morale">
					<SimpleData name="Numero de Parcelle">692150000C0285</SimpleData>
					<SimpleData name="Departement">69</SimpleData>
					<SimpleData name="Commune">SAINT-JULIEN</SimpleData>
					<SimpleData name="Adresse">TALENCE</SimpleData>
					<SimpleData name="Groupe de personne">Personnes morales non remarquables</SimpleData>
					<SimpleData name="Forme Juridique Abregee">GFA</SimpleData>
					<SimpleData name="Denomination">BUSSY  DE</SimpleData>
				</SchemaData>
			</ExtendedData>
	<Region>
		<LatLonAltBox>
			<north> 46.0184658717032 </north>
			<south> 46.0171684626953 </south>
			<east> 4.66623006910141 </east>
			<west> 4.66442080152553 </west>
		</LatLonAltBox>
		<Lod>
			<minLodPixels>100</minLodPixels>
			<maxLodPixels>-1</maxLodPixels>
		</Lod>
	</Region>
			<MultiGeometry>
				<Polygon><altitudeMode>relativeToGround</altitudeMode>
					<outerBoundaryIs>
						<LinearRing>
							<coordinates>								4.66497535448458,46.01719659364911,0 4.66495752724408,46.0171970357136,0 4.66474877740665,46.0172025344227,0 4.66453924946845,46.0172079541068,0 4.66442080152553,46.0172113151355,0 4.66444471441423,46.0175316102611,0 4.66465982971703,46.0180482398709,0 4.66474333093232,46.0182570546338,0 4.66481201221632,46.0184289785474,0 4.66493919988036,46.0184281007525,0 4.6651980680997,46.0184252879536,0 4.66535380090395,46.0184235398961,0 4.66579463515352,46.01842714848811,0 4.66601008591309,46.0184378519388,0 4.66608281036091,46.0184443485843,0 4.66623006910141,46.0184658717032,0 4.66619990911284,46.01822565014029,0 4.66617476501197,46.01802723702039,0 4.66611900404401,46.0176161702236,0 4.66609168386825,46.0174141863151,0 4.66607044815464,46.0172679558755,0 4.66605592865527,46.0171684626953,0 4.66561543161736,46.0171756586186,0 4.66534905855121,46.0171865989086,0 4.66497535448458,46.01719659364911,0 
							</coordinates>
						</LinearRing>
					</outerBoundaryIs>
				</Polygon>
			</MultiGeometry>
		</Placemark>
		<Placemark id="personne_morale.53902">
<styleUrl>#personne_morale</styleUrl>			<visibility>0</visibility>
			<ExtendedData>
				<SchemaData schemaUrl="#personne_morale">
					<SimpleData name="Numero de Parcelle">692150000C0286</SimpleData>
					<SimpleData name="Departement">69</SimpleData>
					<SimpleData name="Commune">SAINT-JULIEN</SimpleData>
					<SimpleData name="Adresse">TALENCE</SimpleData>
					<SimpleData name="Groupe de personne">Personnes morales non remarquables</SimpleData>
					<SimpleData name="Forme Juridique Abregee">AUPM</SimpleData>
					<SimpleData name="Denomination">GFA DU DOMAINE DE TALANCE</SimpleData>
				</SchemaData>
			</ExtendedData>
	<Region>
		<LatLonAltBox>
			<north> 46.01719659364911 </north>
			<south> 46.01641811907489 </south>
			<east> 4.66634838162256 </east>
			<west> 4.66485876216677 </west>
		</LatLonAltBox>
		<Lod>
			<minLodPixels>100</minLodPixels>
			<maxLodPixels>-1</maxLodPixels>
		</Lod>
	</Region>
			<MultiGeometry>
				<Polygon><altitudeMode>relativeToGround</altitudeMode>
					<outerBoundaryIs>
						<LinearRing>
							<coordinates>								4.66485876216677,46.0166846419168,0 4.66497535448458,46.01719659364911,0 4.66534905855121,46.0171865989086,0 4.66561543161736,46.0171756586186,0 4.66605592865527,46.0171684626953,0 4.66634838162256,46.01641811907489,0 4.66521095467154,46.0166218227794,0 4.66485876216677,46.0166846419168,0 
							</coordinates>
						</LinearRing>
					</outerBoundaryIs>
				</Polygon>
			</MultiGeometry>
		</Placemark>
		<Placemark id="personne_morale.53928">
<styleUrl>#personne_morale</styleUrl>			<visibility>0</visibility>
			<ExtendedData>
				<SchemaData schemaUrl="#personne_morale">
					<SimpleData name="Numero de Parcelle">692150000B0287</SimpleData>
					<SimpleData name="Departement">69</SimpleData>
					<SimpleData name="Commune">SAINT-JULIEN</SimpleData>
					<SimpleData name="Adresse">AU CLOS</SimpleData>
					<SimpleData name="Groupe de personne">Personnes morales non remarquables</SimpleData>
					<SimpleData name="Forme Juridique Abregee">AUPM</SimpleData>
					<SimpleData name="Denomination">GFA DU CHATEAU DU TREMBLE</SimpleData>
				</SchemaData>
			</ExtendedData>
	<Region>
		<LatLonAltBox>
			<north> 46.0197329471033 </north>
			<south> 46.0191011678446 </south>
			<east> 4.6524576683288 </east>
			<west> 4.65141049498819 </west>
		</LatLonAltBox>
		<Lod>
			<minLodPixels>100</minLodPixels>
			<maxLodPixels>-1</maxLodPixels>
		</Lod>
	</Region>
			<MultiGeometry>
				<Polygon><altitudeMode>relativeToGround</altitudeMode>
					<outerBoundaryIs>
						<LinearRing>
							<coordinates>								4.65206927178666,46.0197329471033,0 4.6524576683288,46.0192775703551,0 4.65242711048592,46.0192717111064,0 4.65216625655045,46.0192171497282,0 4.651614479742,46.0191011678446,0 4.65141049498819,46.01935606322279,0 4.65206927178666,46.0197329471033,0 
							</coordinates>
						</LinearRing>
					</outerBoundaryIs>
				</Polygon>
			</MultiGeometry>
		</Placemark>
		<Placemark id="personne_morale.54046">
<styleUrl>#personne_morale</styleUrl>			<visibility>0</visibility>
			<ExtendedData>
				<SchemaData schemaUrl="#personne_morale">
					<SimpleData name="Numero de Parcelle">692150000C0287</SimpleData>
					<SimpleData name="Departement">69</SimpleData>
					<SimpleData name="Commune">SAINT-JULIEN</SimpleData>
					<SimpleData name="Adresse">TALENCE</SimpleData>
					<SimpleData name="Groupe de personne">Personnes morales non remarquables</SimpleData>
					<SimpleData name="Forme Juridique Abregee">AUPM</SimpleData>
					<SimpleData name="Denomination">GFA DU DOMAINE DE TALANCE</SimpleData>
				</SchemaData>
			</ExtendedData>
	<Region>
		<LatLonAltBox>
			<north> 46.01724612840319 </north>
			<south> 46.0166846419168 </south>
			<east> 4.66497535448458 </east>
			<west> 4.66308524631448 </west>
		</LatLonAltBox>
		<Lod>
			<minLodPixels>100</minLodPixels>
			<maxLodPixels>-1</maxLodPixels>
		</Lod>
	</Region>
			<MultiGeometry>
				<Polygon><altitudeMode>relativeToGround</altitudeMode>
					<outerBoundaryIs>
						<LinearRing>
							<coordinates>								4.66485876216677,46.0166846419168,0 4.66338903787699,46.01694688989129,0 4.66308524631448,46.0170029583538,0 4.66317844047726,46.01724612840319,0 4.66442080152553,46.0172113151355,0 4.66453924946845,46.0172079541068,0 4.66474877740665,46.0172025344227,0 4.66495752724408,46.0171970357136,0 4.66497535448458,46.01719659364911,0 4.66485876216677,46.0166846419168,0 
							</coordinates>
						</LinearRing>
					</outerBoundaryIs>
				</Polygon>
			</MultiGeometry>
		</Placemark>
		<Placemark id="personne_morale.54072">
<styleUrl>#personne_morale</styleUrl>			<visibility>0</visibility>
			<ExtendedData>
				<SchemaData schemaUrl="#personne_morale">
					<SimpleData name="Numero de Parcelle">692150000B0288</SimpleData>
					<SimpleData name="Departement">69</SimpleData>
					<SimpleData name="Commune">SAINT-JULIEN</SimpleData>
					<SimpleData name="Adresse">AU CLOS</SimpleData>
					<SimpleData name="Groupe de personne">Personnes morales non remarquables</SimpleData>
					<SimpleData name="Forme Juridique Abregee">AUPM</SimpleData>
					<SimpleData name="Denomination">GFA DU CHATEAU DU TREMBLE</SimpleData>
				</SchemaData>
			</ExtendedData>
	<Region>
		<LatLonAltBox>
			<north> 46.01989686124301 </north>
			<south> 46.0192775703551 </south>
			<east> 4.6527587944778 </east>
			<west> 4.65206927178666 </west>
		</LatLonAltBox>
		<Lod>
			<minLodPixels>100</minLodPixels>
			<maxLodPixels>-1</maxLodPixels>
		</Lod>
	</Region>
			<MultiGeometry>
				<Polygon><altitudeMode>relativeToGround</altitudeMode>
					<outerBoundaryIs>
						<LinearRing>
							<coordinates>								4.6527587944778,46.01933856911801,0 4.6524576683288,46.0192775703551,0 4.65206927178666,46.0197329471033,0 4.65235422814906,46.01989686124301,0 4.6527587944778,46.01933856911801,0 
							</coordinates>
						</LinearRing>
					</outerBoundaryIs>
				</Polygon>
			</MultiGeometry>
		</Placemark>
		<Placemark id="personne_morale.54181">
<styleUrl>#personne_morale</styleUrl>			<visibility>0</visibility>
			<ExtendedData>
				<SchemaData schemaUrl="#personne_morale">
					<SimpleData name="Numero de Parcelle">692150000C0288</SimpleData>
					<SimpleData name="Departement">69</SimpleData>
					<SimpleData name="Commune">SAINT-JULIEN</SimpleData>
					<SimpleData name="Adresse">TALENCE</SimpleData>
					<SimpleData name="Groupe de personne">Personnes morales non remarquables</SimpleData>
					<SimpleData name="Forme Juridique Abregee">GFA</SimpleData>
					<SimpleData name="Denomination">BUSSY  DE</SimpleData>
				</SchemaData>
			</ExtendedData>
	<Region>
		<LatLonAltBox>
			<north> 46.0184312973989 </north>
			<south> 46.0172113151355 </south>
			<east> 4.66481201221632 </east>
			<west> 4.66317844047726 </west>
		</LatLonAltBox>
		<Lod>
			<minLodPixels>100</minLodPixels>
			<maxLodPixels>-1</maxLodPixels>
		</Lod>
	</Region>
			<MultiGeometry>
				<Polygon><altitudeMode>relativeToGround</altitudeMode>
					<outerBoundaryIs>
						<LinearRing>
							<coordinates>								4.66442080152553,46.0172113151355,0 4.66317844047726,46.01724612840319,0 4.66324510248745,46.0174198841997,0 4.66343758181405,46.0179151415155,0 4.66358523805587,46.0182961282885,0 4.66360823083661,46.0183553264792,0 4.66362973045255,46.01837797849971,0 4.66394252016311,46.0183968942632,0 4.66424580854273,46.01841369697169,0 4.66447633508399,46.0184312973989,0 4.66481201221632,46.0184289785474,0 4.66474333093232,46.0182570546338,0 4.66465982971703,46.0180482398709,0 4.66444471441423,46.0175316102611,0 4.66442080152553,46.0172113151355,0 
							</coordinates>
						</LinearRing>
					</outerBoundaryIs>
				</Polygon>
			</MultiGeometry>
		</Placemark>
		<Placemark id="personne_morale.54322">
<styleUrl>#personne_morale</styleUrl>			<visibility>0</visibility>
			<ExtendedData>
				<SchemaData schemaUrl="#personne_morale">
					<SimpleData name="Numero de Parcelle">692150000C0289</SimpleData>
					<SimpleData name="Departement">69</SimpleData>
					<SimpleData name="Commune">SAINT-JULIEN</SimpleData>
					<SimpleData name="Adresse">TALENCE</SimpleData>
					<SimpleData name="Groupe de personne">Personnes morales non remarquables</SimpleData>
					<SimpleData name="Forme Juridique Abregee">AUPM</SimpleData>
					<SimpleData name="Denomination">GFA DU DOMAINE DE TALANCE</SimpleData>
				</SchemaData>
			</ExtendedData>
	<Region>
		<LatLonAltBox>
			<north> 46.0183847694706 </north>
			<south> 46.0177090093609 </south>
			<east> 4.66350999788453 </east>
			<west> 4.66253339922277 </west>
		</LatLonAltBox>
		<Lod>
			<minLodPixels>100</minLodPixels>
			<maxLodPixels>-1</maxLodPixels>
		</Lod>
	</Region>
			<MultiGeometry>
				<Polygon><altitudeMode>relativeToGround</altitudeMode>
					<outerBoundaryIs>
						<LinearRing>
							<coordinates>								4.66269894747691,46.0183240870259,0 4.66300355869801,46.0183461877188,0 4.66348617358893,46.0183847694706,0 4.66350999788453,46.0183004752779,0 4.66349265447729,46.018244256493,0 4.66328784606653,46.0177090093609,0 4.66304610297146,46.01773507458081,0 4.66253339922277,46.0177829485173,0 4.66263201776505,46.0181115150431,0 4.66269894747691,46.0183240870259,0 
							</coordinates>
						</LinearRing>
					</outerBoundaryIs>
				</Polygon>
			</MultiGeometry>
		</Placemark>
		<Placemark id="personne_morale.54717">
<styleUrl>#personne_morale</styleUrl>			<visibility>0</visibility>
			<ExtendedData>
				<SchemaData schemaUrl="#personne_morale">
					<SimpleData name="Numero de Parcelle">692150000C0290</SimpleData>
					<SimpleData name="Departement">69</SimpleData>
					<SimpleData name="Commune">SAINT-JULIEN</SimpleData>
					<SimpleData name="Adresse">TALENCE</SimpleData>
					<SimpleData name="Groupe de personne">Personnes morales non remarquables</SimpleData>
					<SimpleData name="Forme Juridique Abregee">AUPM</SimpleData>
					<SimpleData name="Denomination">GFA DU DOMAINE DE TALANCE</SimpleData>
				</SchemaData>
			</ExtendedData>
	<Region>
		<LatLonAltBox>
			<north> 46.0177829485173 </north>
			<south> 46.0170151981408 </south>
			<east> 4.66328784606653 </east>
			<west> 4.66155211841081 </west>
		</LatLonAltBox>
		<Lod>
			<minLodPixels>100</minLodPixels>
			<maxLodPixels>-1</maxLodPixels>
		</Lod>
	</Region>
			<MultiGeometry>
				<Polygon><altitudeMode>relativeToGround</altitudeMode>
					<outerBoundaryIs>
						<LinearRing>
							<coordinates>								4.66182703709601,46.01777538547489,0 4.66253339922277,46.0177829485173,0 4.66304610297146,46.01773507458081,0 4.66328784606653,46.0177090093609,0 4.6632033375871,46.01748804906169,0 4.66309134211931,46.01719174393771,0 4.66301839111129,46.0170151981408,0 4.66299563585197,46.01701940505329,0 4.66278277457088,46.01703000435721,0 4.66225034568532,46.01710942053101,0 4.66166124495498,46.0172044365285,0 4.66155211841081,46.01722107817451,0 4.66182703709601,46.01777538547489,0 
							</coordinates>
						</LinearRing>
					</outerBoundaryIs>
				</Polygon>
			</MultiGeometry>
		</Placemark>
		<Placemark id="personne_morale.54861">
<styleUrl>#personne_morale</styleUrl>			<visibility>0</visibility>
			<ExtendedData>
				<SchemaData schemaUrl="#personne_morale">
					<SimpleData name="Numero de Parcelle">692150000C0291</SimpleData>
					<SimpleData name="Departement">69</SimpleData>
					<SimpleData name="Commune">SAINT-JULIEN</SimpleData>
					<SimpleData name="Adresse">TALENCE</SimpleData>
					<SimpleData name="Groupe de personne">Personnes morales non remarquables</SimpleData>
					<SimpleData name="Forme Juridique Abregee">AUPM</SimpleData>
					<SimpleData name="Denomination">GFA DU DOMAINE DE TALANCE</SimpleData>
				</SchemaData>
			</ExtendedData>
	<Region>
		<LatLonAltBox>
			<north> 46.01722107817451 </north>
			<south> 46.01703000435721 </south>
			<east> 4.66278277457088 </east>
			<west> 4.66112796439089 </west>
		</LatLonAltBox>
		<Lod>
			<minLodPixels>100</minLodPixels>
			<maxLodPixels>-1</maxLodPixels>
		</Lod>
	</Region>
			<MultiGeometry>
				<Polygon><altitudeMode>relativeToGround</altitudeMode>
					<outerBoundaryIs>
						<LinearRing>
							<coordinates>								4.66278277457088,46.01703000435721,0 4.66187490748116,46.01707484626139,0 4.66112796439089,46.0171102066044,0 4.66126225250309,46.01717759127409,0 4.66130281865305,46.0171895161847,0 4.66155211841081,46.01722107817451,0 4.66166124495498,46.0172044365285,0 4.66225034568532,46.01710942053101,0 4.66278277457088,46.01703000435721,0 
							</coordinates>
						</LinearRing>
					</outerBoundaryIs>
				</Polygon>
			</MultiGeometry>
		</Placemark>
		<Placemark id="personne_morale.54996">
<styleUrl>#personne_morale</styleUrl>			<visibility>0</visibility>
			<ExtendedData>
				<SchemaData schemaUrl="#personne_morale">
					<SimpleData name="Numero de Parcelle">692150000C0292</SimpleData>
					<SimpleData name="Departement">69</SimpleData>
					<SimpleData name="Commune">SAINT-JULIEN</SimpleData>
					<SimpleData name="Adresse">TALENCE</SimpleData>
					<SimpleData name="Groupe de personne">Personnes morales non remarquables</SimpleData>
					<SimpleData name="Forme Juridique Abregee">AUPM</SimpleData>
					<SimpleData name="Denomination">GFA DU DOMAINE DE TALANCE</SimpleData>
				</SchemaData>
			</ExtendedData>
	<Region>
		<LatLonAltBox>
			<north> 46.0174098298864 </north>
			<south> 46.01711884196659 </south>
			<east> 4.66094438965849 </east>
			<west> 4.65991506404542 </west>
		</LatLonAltBox>
		<Lod>
			<minLodPixels>100</minLodPixels>
			<maxLodPixels>-1</maxLodPixels>
		</Lod>
	</Region>
			<MultiGeometry>
				<Polygon><altitudeMode>relativeToGround</altitudeMode>
					<outerBoundaryIs>
						<LinearRing>
							<coordinates>								4.66094438965849,46.01711884196659,0 4.66055374872188,46.01713735672289,0 4.65991506404542,46.017165898622,0 4.66008557692341,46.0174098298864,0 4.66031007373933,46.0173349360024,0 4.66047569008285,46.01727954874891,0 4.66069929215067,46.0172050274653,0 4.66094438965849,46.01711884196659,0 
							</coordinates>
						</LinearRing>
					</outerBoundaryIs>
				</Polygon>
			</MultiGeometry>
		</Placemark>
		<Placemark id="personne_morale.55250">
<styleUrl>#personne_morale</styleUrl>			<visibility>0</visibility>
			<ExtendedData>
				<SchemaData schemaUrl="#personne_morale">
					<SimpleData name="Numero de Parcelle">692150000C0294</SimpleData>
					<SimpleData name="Departement">69</SimpleData>
					<SimpleData name="Commune">SAINT-JULIEN</SimpleData>
					<SimpleData name="Adresse">TALENCE</SimpleData>
					<SimpleData name="Groupe de personne">Personnes morales non remarquables</SimpleData>
					<SimpleData name="Forme Juridique Abregee">AUPM</SimpleData>
					<SimpleData name="Denomination">GFA DU DOMAINE DE TALANCE</SimpleData>
				</SchemaData>
			</ExtendedData>
	<Region>
		<LatLonAltBox>
			<north> 46.0181419708869 </north>
			<south> 46.0171102066044 </south>
			<east> 4.66182703709601 </east>
			<west> 4.66048806498511 </west>
		</LatLonAltBox>
		<Lod>
			<minLodPixels>100</minLodPixels>
			<maxLodPixels>-1</maxLodPixels>
		</Lod>
	</Region>
			<MultiGeometry>
				<Polygon><altitudeMode>relativeToGround</altitudeMode>
					<outerBoundaryIs>
						<LinearRing>
							<coordinates>								4.66182703709601,46.01777538547489,0 4.66155211841081,46.01722107817451,0 4.66130281865305,46.0171895161847,0 4.66126225250309,46.01717759127409,0 4.66112796439089,46.0171102066044,0 4.66094438965849,46.01711884196659,0 4.66069929215067,46.0172050274653,0 4.66109266061141,46.0177776859317,0 4.66087500377487,46.0178522108991,0 4.66070904464606,46.0179091349142,0 4.66048806498511,46.0179849687853,0 4.660597910851,46.0181419708869,0 4.66155928181041,46.0178476741512,0 4.66179832763818,46.01777508593081,0 4.66182703709601,46.01777538547489,0 
							</coordinates>
						</LinearRing>
					</outerBoundaryIs>
				</Polygon>
			</MultiGeometry>
		</Placemark>
		<Placemark id="personne_morale.55377">
<styleUrl>#personne_morale</styleUrl>			<visibility>0</visibility>
			<ExtendedData>
				<SchemaData schemaUrl="#personne_morale">
					<SimpleData name="Numero de Parcelle">692150000C0295</SimpleData>
					<SimpleData name="Departement">69</SimpleData>
					<SimpleData name="Commune">SAINT-JULIEN</SimpleData>
					<SimpleData name="Adresse">TALENCE</SimpleData>
					<SimpleData name="Groupe de personne">Personnes morales non remarquables</SimpleData>
					<SimpleData name="Forme Juridique Abregee">AUPM</SimpleData>
					<SimpleData name="Denomination">GFA DU DOMAINE DE TALANCE</SimpleData>
				</SchemaData>
			</ExtendedData>
	<Region>
		<LatLonAltBox>
			<north> 46.01852546885169 </north>
			<south> 46.01777508593081 </south>
			<east> 4.66269894747691 </east>
			<west> 4.660597910851 </west>
		</LatLonAltBox>
		<Lod>
			<minLodPixels>100</minLodPixels>
			<maxLodPixels>-1</maxLodPixels>
		</Lod>
	</Region>
			<MultiGeometry>
				<Polygon><altitudeMode>relativeToGround</altitudeMode>
					<outerBoundaryIs>
						<LinearRing>
							<coordinates>								4.66182703709601,46.01777538547489,0 4.66179832763818,46.01777508593081,0 4.66155928181041,46.0178476741512,0 4.660597910851,46.0181419708869,0 4.66085949933439,46.018516157421,0 4.66090632232226,46.01852546885169,0 4.66113099976547,46.0184307555408,0 4.66166194120159,46.01820320292889,0 4.66173686460834,46.0181755339059,0 4.6617994365135,46.0181926301803,0 4.66184721542668,46.0182464213558,0 4.66187520142482,46.0182569993821,0 4.66193836249465,46.0182636389217,0 4.66242452891201,46.0183000114283,0 4.66256653107572,46.01831450092979,0 4.66269894747691,46.0183240870259,0 4.66263201776505,46.0181115150431,0 4.66253339922277,46.0177829485173,0 4.66182703709601,46.01777538547489,0 
							</coordinates>
						</LinearRing>
					</outerBoundaryIs>
				</Polygon>
			</MultiGeometry>
		</Placemark>
		<Placemark id="personne_morale.55900">
<styleUrl>#personne_morale</styleUrl>			<visibility>0</visibility>
			<ExtendedData>
				<SchemaData schemaUrl="#personne_morale">
					<SimpleData name="Numero de Parcelle">692150000C0299</SimpleData>
					<SimpleData name="Departement">69</SimpleData>
					<SimpleData name="Commune">SAINT-JULIEN</SimpleData>
					<SimpleData name="Adresse">LE COLOMBIER</SimpleData>
					<SimpleData name="Groupe de personne">Personnes morales non remarquables</SimpleData>
					<SimpleData name="Forme Juridique Abregee">GFA</SimpleData>
					<SimpleData name="Denomination">DU PETIT TALANCE</SimpleData>
				</SchemaData>
			</ExtendedData>
	<Region>
		<LatLonAltBox>
			<north> 46.017838332862 </north>
			<south> 46.0172180729505 </south>
			<east> 4.65882780480575 </east>
			<west> 4.65722741087432 </west>
		</LatLonAltBox>
		<Lod>
			<minLodPixels>100</minLodPixels>
			<maxLodPixels>-1</maxLodPixels>
		</Lod>
	</Region>
			<MultiGeometry>
				<Polygon><altitudeMode>relativeToGround</altitudeMode>
					<outerBoundaryIs>
						<LinearRing>
							<coordinates>								4.6586954622936,46.0172180729505,0 4.65785839369709,46.01725725275971,0 4.65724095574398,46.0172873601633,0 4.65722741087432,46.01734412159491,0 4.65725202001373,46.0174400454957,0 4.65753760505999,46.0175131478846,0 4.65788648195414,46.017601536059,0 4.65882780480575,46.017838332862,0 4.65871774739491,46.017322587148,0 4.6586954622936,46.0172180729505,0 
							</coordinates>
						</LinearRing>
					</outerBoundaryIs>
				</Polygon>
			</MultiGeometry>
		</Placemark>
		<Placemark id="personne_morale.56562">
<styleUrl>#personne_morale</styleUrl>			<visibility>0</visibility>
			<ExtendedData>
				<SchemaData schemaUrl="#personne_morale">
					<SimpleData name="Numero de Parcelle">692150000C0300</SimpleData>
					<SimpleData name="Departement">69</SimpleData>
					<SimpleData name="Commune">SAINT-JULIEN</SimpleData>
					<SimpleData name="Adresse">LE COLOMBIER</SimpleData>
					<SimpleData name="Groupe de personne">Personnes morales non remarquables</SimpleData>
					<SimpleData name="Forme Juridique Abregee">GFA</SimpleData>
					<SimpleData name="Denomination">BUSSY  DE</SimpleData>
				</SchemaData>
			</ExtendedData>
	<Region>
		<LatLonAltBox>
			<north> 46.0180804201037 </north>
			<south> 46.0174400454957 </south>
			<east> 4.65887828582953 </east>
			<west> 4.65725202001373 </west>
		</LatLonAltBox>
		<Lod>
			<minLodPixels>100</minLodPixels>
			<maxLodPixels>-1</maxLodPixels>
		</Lod>
	</Region>
			<MultiGeometry>
				<Polygon><altitudeMode>relativeToGround</altitudeMode>
					<outerBoundaryIs>
						<LinearRing>
							<coordinates>								4.65887828582953,46.0180804201037,0 4.65887693274296,46.01807413507629,0 4.65882780480575,46.017838332862,0 4.65788648195414,46.017601536059,0 4.65753760505999,46.0175131478846,0 4.65725202001373,46.0174400454957,0 4.65736493620301,46.01793098164091,0 4.65763261577032,46.0179589509042,0 4.65820652806347,46.0180157645254,0 4.65887828582953,46.0180804201037,0 
							</coordinates>
						</LinearRing>
					</outerBoundaryIs>
				</Polygon>
			</MultiGeometry>
		</Placemark>
		<Placemark id="personne_morale.57425">
<styleUrl>#personne_morale</styleUrl>			<visibility>0</visibility>
			<ExtendedData>
				<SchemaData schemaUrl="#personne_morale">
					<SimpleData name="Numero de Parcelle">692150000A0308</SimpleData>
					<SimpleData name="Departement">69</SimpleData>
					<SimpleData name="Commune">SAINT-JULIEN</SimpleData>
					<SimpleData name="Adresse">MONTS VERRIERS</SimpleData>
					<SimpleData name="Groupe de personne">Personnes morales non remarquables</SimpleData>
					<SimpleData name="Forme Juridique Abregee">GFA</SimpleData>
					<SimpleData name="Denomination">DOMAINE DE PLANTIGNY</SimpleData>
				</SchemaData>
			</ExtendedData>
	<Region>
		<LatLonAltBox>
			<north> 46.0158286220389 </north>
			<south> 46.0141149788271 </south>
			<east> 4.63290046845008 </east>
			<west> 4.62840009905517 </west>
		</LatLonAltBox>
		<Lod>
			<minLodPixels>100</minLodPixels>
			<maxLodPixels>-1</maxLodPixels>
		</Lod>
	</Region>
			<MultiGeometry>
				<Polygon><altitudeMode>relativeToGround</altitudeMode>
					<outerBoundaryIs>
						<LinearRing>
							<coordinates>								4.63286901534892,46.0141149788271,0 4.63210893750094,46.0141642080433,0 4.63160071302828,46.0142058430438,0 4.63138124737105,46.0142289079779,0 4.63115924844432,46.0142624568865,0 4.63094840933531,46.0143105258849,0 4.63059304192673,46.014397782491,0 4.63048680166054,46.0144290337868,0 4.63031419972034,46.014493664388,0 4.62987508888809,46.0146821894932,0 4.62942561917509,46.0148789679608,0 4.62918281807731,46.0149872085326,0 4.62906758447651,46.015046599029,0 4.62899431311208,46.01509115538369,0 4.62893408098454,46.0151482238906,0 4.62891835803219,46.0151716875428,0 4.6287903432155,46.0153189880528,0 4.62873454519616,46.0153642838263,0 4.62865002051068,46.0154173780497,0 4.62840009905517,46.015521035669,0 4.62880813088502,46.01559226997621,0 4.62896713991006,46.0156228592658,0 4.62913001668154,46.0156661824376,0 4.62956940519765,46.0158052350557,0 4.62959659950138,46.0158286220389,0 4.63015108939755,46.01565942436419,0 4.6306277416547,46.01551602276331,0 4.6314312697785,46.0152486629993,0 4.63185860106924,46.0150988507783,0 4.63199820558186,46.0150854015889,0 4.63252589716668,46.015050419735,0 4.63268333162974,46.0150453593968,0 4.63290046845008,46.0150482652539,0 4.63286901534892,46.0141149788271,0 
							</coordinates>
						</LinearRing>
					</outerBoundaryIs>
				</Polygon>
			</MultiGeometry>
		</Placemark>
		<Placemark id="personne_morale.57543">
<styleUrl>#personne_morale</styleUrl>			<visibility>0</visibility>
			<ExtendedData>
				<SchemaData schemaUrl="#personne_morale">
					<SimpleData name="Numero de Parcelle">692150000B0309</SimpleData>
					<SimpleData name="Departement">69</SimpleData>
					<SimpleData name="Commune">SAINT-JULIEN</SimpleData>
					<SimpleData name="Adresse">AU CLOS</SimpleData>
					<SimpleData name="Groupe de personne">Personnes morales non remarquables</SimpleData>
					<SimpleData name="Forme Juridique Abregee">AUPM</SimpleData>
					<SimpleData name="Denomination">GFA DU CHATEAU DU TREMBLE</SimpleData>
				</SchemaData>
			</ExtendedData>
	<Region>
		<LatLonAltBox>
			<north> 46.0202759942555 </north>
			<south> 46.01935606322279 </south>
			<east> 4.65235422814906 </east>
			<west> 4.65073121979582 </west>
		</LatLonAltBox>
		<Lod>
			<minLodPixels>100</minLodPixels>
			<maxLodPixels>-1</maxLodPixels>
		</Lod>
	</Region>
			<MultiGeometry>
				<Polygon><altitudeMode>relativeToGround</altitudeMode>
					<outerBoundaryIs>
						<LinearRing>
							<coordinates>								4.6517509022069,46.0201783849793,0 4.65180101407195,46.02011640774101,0 4.65196081180342,46.019905478939,0 4.65224520833094,46.020046433951,0 4.65235422814906,46.01989686124301,0 4.65206927178666,46.0197329471033,0 4.65141049498819,46.01935606322279,0 4.65132968254435,46.01945478541019,0 4.65131887771074,46.0194480075484,0 4.65115737567839,46.0195978935643,0 4.65086971340466,46.019899311689,0 4.65073121979582,46.0200491320931,0 4.65110365098819,46.0202759942555,0 4.65136411631198,46.01997299034251,0 4.6517509022069,46.0201783849793,0 
							</coordinates>
						</LinearRing>
					</outerBoundaryIs>
				</Polygon>
			</MultiGeometry>
		</Placemark>
		<Placemark id="personne_morale.58035">
<styleUrl>#personne_morale</styleUrl>			<visibility>0</visibility>
			<ExtendedData>
				<SchemaData schemaUrl="#personne_morale">
					<SimpleData name="Numero de Parcelle">692150000B0311</SimpleData>
					<SimpleData name="Departement">69</SimpleData>
					<SimpleData name="Commune">SAINT-JULIEN</SimpleData>
					<SimpleData name="Adresse">AU CLOS</SimpleData>
					<SimpleData name="Groupe de personne">Personnes morales non remarquables</SimpleData>
					<SimpleData name="Forme Juridique Abregee">AUPM</SimpleData>
					<SimpleData name="Denomination">GFA DU CHATEAU DU TREMBLE</SimpleData>
				</SchemaData>
			</ExtendedData>
	<Region>
		<LatLonAltBox>
			<north> 46.02080004670379 </north>
			<south> 46.0200491320931 </south>
			<east> 4.65110365098819 </east>
			<west> 4.65026476966774 </west>
		</LatLonAltBox>
		<Lod>
			<minLodPixels>100</minLodPixels>
			<maxLodPixels>-1</maxLodPixels>
		</Lod>
	</Region>
			<MultiGeometry>
				<Polygon><altitudeMode>relativeToGround</altitudeMode>
					<outerBoundaryIs>
						<LinearRing>
							<coordinates>								4.65110365098819,46.0202759942555,0 4.65073121979582,46.0200491320931,0 4.65047983732976,46.0203016537227,0 4.65026476966774,46.0205322095694,0 4.65066247939035,46.02080004670379,0 4.65110365098819,46.0202759942555,0 
							</coordinates>
						</LinearRing>
					</outerBoundaryIs>
				</Polygon>
			</MultiGeometry>
		</Placemark>
		<Placemark id="personne_morale.58546">
<styleUrl>#personne_morale</styleUrl>			<visibility>0</visibility>
			<ExtendedData>
				<SchemaData schemaUrl="#personne_morale">
					<SimpleData name="Numero de Parcelle">692150000A0315</SimpleData>
					<SimpleData name="Departement">69</SimpleData>
					<SimpleData name="Commune">SAINT-JULIEN</SimpleData>
					<SimpleData name="Adresse">ESPAGNE</SimpleData>
					<SimpleData name="Groupe de personne">Personnes morales non remarquables</SimpleData>
					<SimpleData name="Forme Juridique Abregee">AUPM</SimpleData>
					<SimpleData name="Denomination">GFA LACROIX ROCHE</SimpleData>
				</SchemaData>
			</ExtendedData>
	<Region>
		<LatLonAltBox>
			<north> 46.01832385295891 </north>
			<south> 46.01596463351191 </south>
			<east> 4.63375462330386 </east>
			<west> 4.62970249821299 </west>
		</LatLonAltBox>
		<Lod>
			<minLodPixels>100</minLodPixels>
			<maxLodPixels>-1</maxLodPixels>
		</Lod>
	</Region>
			<MultiGeometry>
				<Polygon><altitudeMode>relativeToGround</altitudeMode>
					<outerBoundaryIs>
						<LinearRing>
							<coordinates>								4.62973474532632,46.01617601056751,0 4.62973490655659,46.0161770890692,0 4.63001464292397,46.0180567557518,0 4.6300924530088,46.0180954467511,0 4.63030049490238,46.0180440872801,0 4.63157426423622,46.01772916006419,0 4.63160754750794,46.01832385295891,0 4.63262137056872,46.018293309578,0 4.63328302849879,46.01827575926819,0 4.63375462330386,46.01811827687591,0 4.63372458761464,46.0180994352361,0 4.6334183944384,46.017914705277,0 4.63331163235289,46.0178545471808,0 4.63295775966694,46.01768797648599,0 4.63261349618816,46.01752712072759,0 4.63251878905622,46.0174766957618,0 4.63241443184938,46.0173973176245,0 4.63228743546994,46.01725206519221,0 4.63222449266833,46.0171828985614,0 4.63207388785793,46.01710463658289,0 4.63190448634596,46.017028986876,0 4.63179526461183,46.01699038917249,0 4.63129476052725,46.0168398853936,0 4.63106655447726,46.0167734573197,0 4.63092728166359,46.016724122845,0 4.63074132818833,46.016630786044,0 4.63050701414616,46.01650653078499,0 4.63032082196412,46.016405090594,0 4.6302026969926,46.01633644656861,0 4.62988795640853,46.0161024728647,0 4.62972091067983,46.01597959026699,0 4.62970249821299,46.01596463351191,0 4.62973474532632,46.01617601056751,0 
							</coordinates>
						</LinearRing>
					</outerBoundaryIs>
				</Polygon>
			</MultiGeometry>
		</Placemark>
		<Placemark id="personne_morale.58553">
<styleUrl>#personne_morale</styleUrl>			<visibility>0</visibility>
			<ExtendedData>
				<SchemaData schemaUrl="#personne_morale">
					<SimpleData name="Numero de Parcelle">692150000B0315</SimpleData>
					<SimpleData name="Departement">69</SimpleData>
					<SimpleData name="Commune">SAINT-JULIEN</SimpleData>
					<SimpleData name="Adresse">LE TREMBLE</SimpleData>
					<SimpleData name="Groupe de personne">Personnes morales non remarquables</SimpleData>
					<SimpleData name="Forme Juridique Abregee">AUPM</SimpleData>
					<SimpleData name="Denomination">GFA DU CHATEAU DU TREMBLE</SimpleData>
				</SchemaData>
			</ExtendedData>
	<Region>
		<LatLonAltBox>
			<north> 46.0198506168185 </north>
			<south> 46.0186974129749 </south>
			<east> 4.65025365132746 </east>
			<west> 4.64865948907336 </west>
		</LatLonAltBox>
		<Lod>
			<minLodPixels>100</minLodPixels>
			<maxLodPixels>-1</maxLodPixels>
		</Lod>
	</Region>
			<MultiGeometry>
				<Polygon><altitudeMode>relativeToGround</altitudeMode>
					<outerBoundaryIs>
						<LinearRing>
							<coordinates>								4.6493750450061,46.01891644734591,0 4.64899251424921,46.0192404975687,0 4.64865948907336,46.0195169003872,0 4.648932395906,46.0197018942276,0 4.64915392494599,46.0198506168185,0 4.64954503117207,46.01955805544419,0 4.6499041415624,46.0192980229982,0 4.65011168394312,46.01915287255899,0 4.65022745246735,46.0190643604381,0 4.65024736128514,46.0190341676665,0 4.65025308026009,46.01901363875591,0 4.65025365132746,46.01898958205519,0 4.65024573207813,46.01897555656551,0 4.65015931235139,46.01893051958981,0 4.65006139885181,46.018877273502,0 4.64964022946863,46.0186974129749,0 4.6493750450061,46.01891644734591,0 
							</coordinates>
						</LinearRing>
					</outerBoundaryIs>
				</Polygon>
			</MultiGeometry>
		</Placemark>
		<Placemark id="personne_morale.58676">
<styleUrl>#personne_morale</styleUrl>			<visibility>0</visibility>
			<ExtendedData>
				<SchemaData schemaUrl="#personne_morale">
					<SimpleData name="Numero de Parcelle">692150000A0316</SimpleData>
					<SimpleData name="Departement">69</SimpleData>
					<SimpleData name="Commune">SAINT-JULIEN</SimpleData>
					<SimpleData name="Adresse">ESPAGNE</SimpleData>
					<SimpleData name="Groupe de personne">Personnes morales non remarquables</SimpleData>
					<SimpleData name="Forme Juridique Abregee">AUPM</SimpleData>
					<SimpleData name="Denomination">GFA LACROIX ROCHE</SimpleData>
				</SchemaData>
			</ExtendedData>
	<Region>
		<LatLonAltBox>
			<north> 46.0183969219402 </north>
			<south> 46.01811827687591 </south>
			<east> 4.63405723193993 </east>
			<west> 4.63160754750794 </west>
		</LatLonAltBox>
		<Lod>
			<minLodPixels>100</minLodPixels>
			<maxLodPixels>-1</maxLodPixels>
		</Lod>
	</Region>
			<MultiGeometry>
				<Polygon><altitudeMode>relativeToGround</altitudeMode>
					<outerBoundaryIs>
						<LinearRing>
							<coordinates>								4.63375462330386,46.01811827687591,0 4.63328302849879,46.01827575926819,0 4.63262137056872,46.018293309578,0 4.63160754750794,46.01832385295891,0 4.63161217133121,46.0183969219402,0 4.63256109112897,46.0183705560235,0 4.63338461873169,46.01835328508999,0 4.63405723193993,46.018334581611,0 4.63399597546002,46.0182700751607,0 4.63375462330386,46.01811827687591,0 
							</coordinates>
						</LinearRing>
					</outerBoundaryIs>
					<innerBoundaryIs>
						<LinearRing>
							<coordinates>								4.63397077310406,46.0183007916208,0 4.63400324446049,46.0182971710289,0 4.63400752072081,46.0183192662143,0 4.63397161993703,46.0183205944745,0 4.63397077310406,46.0183007916208,0 
							</coordinates>
						</LinearRing>
					</innerBoundaryIs>
				</Polygon>
			</MultiGeometry>
		</Placemark>
		<Placemark id="personne_morale.58797">
<styleUrl>#personne_morale</styleUrl>			<visibility>0</visibility>
			<ExtendedData>
				<SchemaData schemaUrl="#personne_morale">
					<SimpleData name="Numero de Parcelle">692150000A0317</SimpleData>
					<SimpleData name="Departement">69</SimpleData>
					<SimpleData name="Commune">SAINT-JULIEN</SimpleData>
					<SimpleData name="Adresse">ESPAGNE</SimpleData>
					<SimpleData name="Groupe de personne">Personnes morales non remarquables</SimpleData>
					<SimpleData name="Forme Juridique Abregee">AUPM</SimpleData>
					<SimpleData name="Denomination">GFA LACROIX ROCHE</SimpleData>
				</SchemaData>
			</ExtendedData>
	<Region>
		<LatLonAltBox>
			<north> 46.0184298607102 </north>
			<south> 46.01772916006419 </south>
			<east> 4.63161217133121 </east>
			<west> 4.63030049490238 </west>
		</LatLonAltBox>
		<Lod>
			<minLodPixels>100</minLodPixels>
			<maxLodPixels>-1</maxLodPixels>
		</Lod>
	</Region>
			<MultiGeometry>
				<Polygon><altitudeMode>relativeToGround</altitudeMode>
					<outerBoundaryIs>
						<LinearRing>
							<coordinates>								4.63160754750794,46.01832385295891,0 4.63157426423622,46.01772916006419,0 4.63030049490238,46.0180440872801,0 4.63053765473328,46.0184298607102,0 4.63087933058234,46.01842062079851,0 4.63160700494758,46.0183970863927,0 4.63161217133121,46.0183969219402,0 4.63160754750794,46.01832385295891,0 
							</coordinates>
						</LinearRing>
					</outerBoundaryIs>
				</Polygon>
			</MultiGeometry>
		</Placemark>
		<Placemark id="personne_morale.58935">
<styleUrl>#personne_morale</styleUrl>			<visibility>0</visibility>
			<ExtendedData>
				<SchemaData schemaUrl="#personne_morale">
					<SimpleData name="Numero de Parcelle">692150000A0318</SimpleData>
					<SimpleData name="Departement">69</SimpleData>
					<SimpleData name="Commune">SAINT-JULIEN</SimpleData>
					<SimpleData name="Adresse">ESPAGNE</SimpleData>
					<SimpleData name="Groupe de personne">Personnes morales non remarquables</SimpleData>
					<SimpleData name="Forme Juridique Abregee">AUPM</SimpleData>
					<SimpleData name="Denomination">GFA LACROIX ROCHE</SimpleData>
				</SchemaData>
			</ExtendedData>
	<Region>
		<LatLonAltBox>
			<north> 46.01844086434739 </north>
			<south> 46.0180440872801 </south>
			<east> 4.63053765473328 </east>
			<west> 4.6300924530088 </west>
		</LatLonAltBox>
		<Lod>
			<minLodPixels>100</minLodPixels>
			<maxLodPixels>-1</maxLodPixels>
		</Lod>
	</Region>
			<MultiGeometry>
				<Polygon><altitudeMode>relativeToGround</altitudeMode>
					<outerBoundaryIs>
						<LinearRing>
							<coordinates>								4.63030049490238,46.0180440872801,0 4.6300924530088,46.0180954467511,0 4.63031122098169,46.01844086434739,0 4.6305291257863,46.0184299834264,0 4.63053765473328,46.0184298607102,0 4.63030049490238,46.0180440872801,0 
							</coordinates>
						</LinearRing>
					</outerBoundaryIs>
				</Polygon>
			</MultiGeometry>
		</Placemark>
		<Placemark id="personne_morale.58941">
<styleUrl>#personne_morale</styleUrl>			<visibility>0</visibility>
			<ExtendedData>
				<SchemaData schemaUrl="#personne_morale">
					<SimpleData name="Numero de Parcelle">692150000B0318</SimpleData>
					<SimpleData name="Departement">69</SimpleData>
					<SimpleData name="Commune">SAINT-JULIEN</SimpleData>
					<SimpleData name="Adresse">LE TREMBLE</SimpleData>
					<SimpleData name="Groupe de personne">Personnes morales non remarquables</SimpleData>
					<SimpleData name="Forme Juridique Abregee">SCI</SimpleData>
					<SimpleData name="Denomination">CHAZOT-MARLY</SimpleData>
				</SchemaData>
			</ExtendedData>
	<Region>
		<LatLonAltBox>
			<north> 46.01909629728549 </north>
			<south> 46.01897169517879 </south>
			<east> 4.64809610247289 </east>
			<west> 4.64794390358307 </west>
		</LatLonAltBox>
		<Lod>
			<minLodPixels>100</minLodPixels>
			<maxLodPixels>-1</maxLodPixels>
		</Lod>
	</Region>
			<MultiGeometry>
				<Polygon><altitudeMode>relativeToGround</altitudeMode>
					<outerBoundaryIs>
						<LinearRing>
							<coordinates>								4.64804901212305,46.0189906811414,0 4.64801676880563,46.01897169517879,0 4.64799340077102,46.0189814021587,0 4.64794390358307,46.01902085152901,0 4.64804519535329,46.01909629728549,0 4.64809610247289,46.0190434971831,0 4.64803877991117,46.0190073125356,0 4.64804901212305,46.0189906811414,0 
							</coordinates>
						</LinearRing>
					</outerBoundaryIs>
				</Polygon>
			</MultiGeometry>
		</Placemark>
		<Placemark id="personne_morale.59061">
<styleUrl>#personne_morale</styleUrl>			<visibility>0</visibility>
			<ExtendedData>
				<SchemaData schemaUrl="#personne_morale">
					<SimpleData name="Numero de Parcelle">692150000B0319</SimpleData>
					<SimpleData name="Departement">69</SimpleData>
					<SimpleData name="Commune">SAINT-JULIEN</SimpleData>
					<SimpleData name="Adresse">881, RTE DE LA CROIX DU BOIS</SimpleData>
					<SimpleData name="Groupe de personne">Personnes morales non remarquables</SimpleData>
					<SimpleData name="Forme Juridique Abregee">SCI</SimpleData>
					<SimpleData name="Denomination">CHAZOT-MARLY</SimpleData>
				</SchemaData>
			</ExtendedData>
	<Region>
		<LatLonAltBox>
			<north> 46.0190723465838 </north>
			<south> 46.01877665235081 </south>
			<east> 4.64831485870546 </east>
			<west> 4.64779977694318 </west>
		</LatLonAltBox>
		<Lod>
			<minLodPixels>100</minLodPixels>
			<maxLodPixels>-1</maxLodPixels>
		</Lod>
	</Region>
			<MultiGeometry>
				<Polygon><altitudeMode>relativeToGround</altitudeMode>
					<outerBoundaryIs>
						<LinearRing>
							<coordinates>								4.6480351966846,46.0187798508458,0 4.64798881753746,46.01877665235081,0 4.64798244891107,46.0187971005138,0 4.64779977694318,46.0189137839033,0 4.64784807247193,46.0189550537135,0 4.64794390358307,46.01902085152901,0 4.64799340077102,46.0189814021587,0 4.64801676880563,46.01897169517879,0 4.64804901212305,46.0189906811414,0 4.64803877991117,46.0190073125356,0 4.64809610247289,46.0190434971831,0 4.64810914556165,46.01903006738149,0 4.64818981005188,46.0190686145788,0 4.64820569449373,46.0190723465838,0 4.64821970852856,46.0190438611569,0 4.64831485870546,46.018849639915,0 4.64825603836327,46.0188411282878,0 4.64819149968634,46.0188316189721,0 4.64811377989879,46.0188223013172,0 4.6480351966846,46.0187798508458,0 
							</coordinates>
						</LinearRing>
					</outerBoundaryIs>
				</Polygon>
			</MultiGeometry>
		</Placemark>
		<Placemark id="personne_morale.59528">
<styleUrl>#personne_morale</styleUrl>			<visibility>0</visibility>
			<ExtendedData>
				<SchemaData schemaUrl="#personne_morale">
					<SimpleData name="Numero de Parcelle">692150000A0321</SimpleData>
					<SimpleData name="Departement">69</SimpleData>
					<SimpleData name="Commune">SAINT-JULIEN</SimpleData>
					<SimpleData name="Adresse">ESPAGNE</SimpleData>
					<SimpleData name="Groupe de personne">Personnes morales non remarquables</SimpleData>
					<SimpleData name="Forme Juridique Abregee">AUPM</SimpleData>
					<SimpleData name="Denomination">GFA LACROIX ROCHE</SimpleData>
				</SchemaData>
			</ExtendedData>
	<Region>
		<LatLonAltBox>
			<north> 46.01860900921501 </north>
			<south> 46.0180073565647 </south>
			<east> 4.62898302731141 </east>
			<west> 4.62786268892551 </west>
		</LatLonAltBox>
		<Lod>
			<minLodPixels>100</minLodPixels>
			<maxLodPixels>-1</maxLodPixels>
		</Lod>
	</Region>
			<MultiGeometry>
				<Polygon><altitudeMode>relativeToGround</altitudeMode>
					<outerBoundaryIs>
						<LinearRing>
							<coordinates>								4.62888406698935,46.01803437267059,0 4.62884616342933,46.0180073565647,0 4.62804629641893,46.01819052080431,0 4.62786268892551,46.0182332388235,0 4.62807548980025,46.01860900921501,0 4.62855065360022,46.0183051363998,0 4.62859104265371,46.0182938378393,0 4.62863057127485,46.0182971427019,0 4.62868267382503,46.0183234144055,0 4.62898302731141,46.0181062658378,0 4.62893636812945,46.01807171980891,0 4.62888406698935,46.01803437267059,0 
							</coordinates>
						</LinearRing>
					</outerBoundaryIs>
				</Polygon>
			</MultiGeometry>
		</Placemark>
		<Placemark id="personne_morale.59637">
<styleUrl>#personne_morale</styleUrl>			<visibility>0</visibility>
			<ExtendedData>
				<SchemaData schemaUrl="#personne_morale">
					<SimpleData name="Numero de Parcelle">692150000A0322</SimpleData>
					<SimpleData name="Departement">69</SimpleData>
					<SimpleData name="Commune">SAINT-JULIEN</SimpleData>
					<SimpleData name="Adresse">ESPAGNE</SimpleData>
					<SimpleData name="Groupe de personne">Personnes morales non remarquables</SimpleData>
					<SimpleData name="Forme Juridique Abregee">AUPM</SimpleData>
					<SimpleData name="Denomination">GFA LACROIX ROCHE</SimpleData>
				</SchemaData>
			</ExtendedData>
	<Region>
		<LatLonAltBox>
			<north> 46.0186801537333 </north>
			<south> 46.0182332388235 </south>
			<east> 4.62807548980025 </east>
			<west> 4.62730171444539 </west>
		</LatLonAltBox>
		<Lod>
			<minLodPixels>100</minLodPixels>
			<maxLodPixels>-1</maxLodPixels>
		</Lod>
	</Region>
			<MultiGeometry>
				<Polygon><altitudeMode>relativeToGround</altitudeMode>
					<outerBoundaryIs>
						<LinearRing>
							<coordinates>								4.62744282060754,46.0186801537333,0 4.62807548980025,46.01860900921501,0 4.62786268892551,46.0182332388235,0 4.62730171444539,46.01836351835451,0 4.62744282060754,46.0186801537333,0 
							</coordinates>
						</LinearRing>
					</outerBoundaryIs>
				</Polygon>
			</MultiGeometry>
		</Placemark>
		<Placemark id="personne_morale.59764">
<styleUrl>#personne_morale</styleUrl>			<visibility>0</visibility>
			<ExtendedData>
				<SchemaData schemaUrl="#personne_morale">
					<SimpleData name="Numero de Parcelle">692150000A0323</SimpleData>
					<SimpleData name="Departement">69</SimpleData>
					<SimpleData name="Commune">SAINT-JULIEN</SimpleData>
					<SimpleData name="Adresse">ESPAGNE</SimpleData>
					<SimpleData name="Groupe de personne">Personnes morales non remarquables</SimpleData>
					<SimpleData name="Forme Juridique Abregee">AUPM</SimpleData>
					<SimpleData name="Denomination">GFA LACROIX ROCHE</SimpleData>
				</SchemaData>
			</ExtendedData>
	<Region>
		<LatLonAltBox>
			<north> 46.01836351835451 </north>
			<south> 46.0179258799104 </south>
			<east> 4.62804629641893 </east>
			<west> 4.62718194353673 </west>
		</LatLonAltBox>
		<Lod>
			<minLodPixels>100</minLodPixels>
			<maxLodPixels>-1</maxLodPixels>
		</Lod>
	</Region>
			<MultiGeometry>
				<Polygon><altitudeMode>relativeToGround</altitudeMode>
					<outerBoundaryIs>
						<LinearRing>
							<coordinates>								4.62804629641893,46.01819052080431,0 4.62792857520914,46.0179258799104,0 4.62718194353673,46.0180950332281,0 4.62730171444539,46.01836351835451,0 4.62786268892551,46.0182332388235,0 4.62804629641893,46.01819052080431,0 
							</coordinates>
						</LinearRing>
					</outerBoundaryIs>
				</Polygon>
			</MultiGeometry>
		</Placemark>
		<Placemark id="personne_morale.59885">
<styleUrl>#personne_morale</styleUrl>			<visibility>0</visibility>
			<ExtendedData>
				<SchemaData schemaUrl="#personne_morale">
					<SimpleData name="Numero de Parcelle">692150000A0324</SimpleData>
					<SimpleData name="Departement">69</SimpleData>
					<SimpleData name="Commune">SAINT-JULIEN</SimpleData>
					<SimpleData name="Adresse">ESPAGNE</SimpleData>
					<SimpleData name="Groupe de personne">Personnes morales non remarquables</SimpleData>
					<SimpleData name="Forme Juridique Abregee">AUPM</SimpleData>
					<SimpleData name="Denomination">GFA LACROIX ROCHE</SimpleData>
				</SchemaData>
			</ExtendedData>
	<Region>
		<LatLonAltBox>
			<north> 46.01819052080431 </north>
			<south> 46.0161923378185 </south>
			<east> 4.62931058779781 </east>
			<west> 4.62636153533703 </west>
		</LatLonAltBox>
		<Lod>
			<minLodPixels>100</minLodPixels>
			<maxLodPixels>-1</maxLodPixels>
		</Lod>
	</Region>
			<MultiGeometry>
				<Polygon><altitudeMode>relativeToGround</altitudeMode>
					<outerBoundaryIs>
						<LinearRing>
							<coordinates>								4.62742099032638,46.01637805078759,0 4.62741803953514,46.0163788137112,0 4.62636153533703,46.01664365080801,0 4.62642811508173,46.016761765536,0 4.62655028798057,46.0169761759165,0 4.62685652104294,46.01751291039641,0 4.62718194353673,46.0180950332281,0 4.62792857520914,46.0179258799104,0 4.62804629641893,46.01819052080431,0 4.62884616342933,46.0180073565647,0 4.62888406698935,46.01803437267059,0 4.62919323804171,46.01784438748099,0 4.62930591973626,46.01748915905959,0 4.62931058779781,46.0169833580781,0 4.6289167754458,46.01697794113469,0 4.62878763528382,46.01684289346559,0 4.62838885034458,46.0167786414783,0 4.62815405094734,46.0161923378185,0 4.62742099032638,46.01637805078759,0 
							</coordinates>
						</LinearRing>
					</outerBoundaryIs>
					<innerBoundaryIs>
						<LinearRing>
							<coordinates>								4.62850402841753,46.01706655607769,0 4.62855892811047,46.0173620019128,0 4.62789155394767,46.01757919831579,0 4.62776537019645,46.0171770544384,0 4.62846173925782,46.01696124341861,0 4.62850402841753,46.01706655607769,0 
							</coordinates>
						</LinearRing>
					</innerBoundaryIs>
				</Polygon>
			</MultiGeometry>
		</Placemark>
		<Placemark id="personne_morale.60006">
<styleUrl>#personne_morale</styleUrl>			<visibility>0</visibility>
			<ExtendedData>
				<SchemaData schemaUrl="#personne_morale">
					<SimpleData name="Numero de Parcelle">692150000A0325</SimpleData>
					<SimpleData name="Departement">69</SimpleData>
					<SimpleData name="Commune">SAINT-JULIEN</SimpleData>
					<SimpleData name="Adresse">ESPAGNE</SimpleData>
					<SimpleData name="Groupe de personne">Personnes morales non remarquables</SimpleData>
					<SimpleData name="Forme Juridique Abregee">AUPM</SimpleData>
					<SimpleData name="Denomination">GFA LACROIX ROCHE</SimpleData>
				</SchemaData>
			</ExtendedData>
	<Region>
		<LatLonAltBox>
			<north> 46.01757919831579 </north>
			<south> 46.01696124341861 </south>
			<east> 4.62855892811047 </east>
			<west> 4.62776537019645 </west>
		</LatLonAltBox>
		<Lod>
			<minLodPixels>100</minLodPixels>
			<maxLodPixels>-1</maxLodPixels>
		</Lod>
	</Region>
			<MultiGeometry>
				<Polygon><altitudeMode>relativeToGround</altitudeMode>
					<outerBoundaryIs>
						<LinearRing>
							<coordinates>								4.62850402841753,46.01706655607769,0 4.62846173925782,46.01696124341861,0 4.62776537019645,46.0171770544384,0 4.62789155394767,46.01757919831579,0 4.62855892811047,46.0173620019128,0 4.62850402841753,46.01706655607769,0 
							</coordinates>
						</LinearRing>
					</outerBoundaryIs>
				</Polygon>
			</MultiGeometry>
		</Placemark>
		<Placemark id="personne_morale.60107">
<styleUrl>#personne_morale</styleUrl>			<visibility>0</visibility>
			<ExtendedData>
				<SchemaData schemaUrl="#personne_morale">
					<SimpleData name="Numero de Parcelle">692150000A0326</SimpleData>
					<SimpleData name="Departement">69</SimpleData>
					<SimpleData name="Commune">SAINT-JULIEN</SimpleData>
					<SimpleData name="Adresse">ESPAGNE</SimpleData>
					<SimpleData name="Groupe de personne">Personnes morales non remarquables</SimpleData>
					<SimpleData name="Forme Juridique Abregee">AUPM</SimpleData>
					<SimpleData name="Denomination">GFA LACROIX ROCHE</SimpleData>
				</SchemaData>
			</ExtendedData>
	<Region>
		<LatLonAltBox>
			<north> 46.01814416987 </north>
			<south> 46.0160213066974 </south>
			<east> 4.63001464292397 </east>
			<west> 4.62815405094734 </west>
		</LatLonAltBox>
		<Lod>
			<minLodPixels>100</minLodPixels>
			<maxLodPixels>-1</maxLodPixels>
		</Lod>
	</Region>
			<MultiGeometry>
				<Polygon><altitudeMode>relativeToGround</altitudeMode>
					<outerBoundaryIs>
						<LinearRing>
							<coordinates>								4.62973474532632,46.01617601056751,0 4.6295710398,46.0161920552121,0 4.62895484197106,46.0163905986014,0 4.62882406707527,46.0160213066974,0 4.62815405094734,46.0161923378185,0 4.62838885034458,46.0167786414783,0 4.62878763528382,46.01684289346559,0 4.6289167754458,46.01697794113469,0 4.62931058779781,46.0169833580781,0 4.62930591973626,46.01748915905959,0 4.62919323804171,46.01784438748099,0 4.62929323495709,46.0180211050498,0 4.62960763747502,46.0179990210031,0 4.62966688216048,46.01814416987,0 4.63001464292397,46.0180567557518,0 4.62973490655659,46.0161770890692,0 4.62973474532632,46.01617601056751,0 
							</coordinates>
						</LinearRing>
					</outerBoundaryIs>
				</Polygon>
			</MultiGeometry>
		</Placemark>
		<Placemark id="personne_morale.60218">
<styleUrl>#personne_morale</styleUrl>			<visibility>0</visibility>
			<ExtendedData>
				<SchemaData schemaUrl="#personne_morale">
					<SimpleData name="Numero de Parcelle">692150000A0327</SimpleData>
					<SimpleData name="Departement">69</SimpleData>
					<SimpleData name="Commune">SAINT-JULIEN</SimpleData>
					<SimpleData name="Adresse">ESPAGNE</SimpleData>
					<SimpleData name="Groupe de personne">Personnes morales non remarquables</SimpleData>
					<SimpleData name="Forme Juridique Abregee">AUPM</SimpleData>
					<SimpleData name="Denomination">GFA LACROIX ROCHE</SimpleData>
				</SchemaData>
			</ExtendedData>
	<Region>
		<LatLonAltBox>
			<north> 46.0163905986014 </north>
			<south> 46.0158389847029 </south>
			<east> 4.62973474532632 </east>
			<west> 4.62882406707527 </west>
		</LatLonAltBox>
		<Lod>
			<minLodPixels>100</minLodPixels>
			<maxLodPixels>-1</maxLodPixels>
		</Lod>
	</Region>
			<MultiGeometry>
				<Polygon><altitudeMode>relativeToGround</altitudeMode>
					<outerBoundaryIs>
						<LinearRing>
							<coordinates>								4.62973474532632,46.01617601056751,0 4.62970249821299,46.01596463351191,0 4.62957785830062,46.0158636579394,0 4.6295398960193,46.0158389847029,0 4.62882406707527,46.0160213066974,0 4.62895484197106,46.0163905986014,0 4.6295710398,46.0161920552121,0 4.62973474532632,46.01617601056751,0 
							</coordinates>
						</LinearRing>
					</outerBoundaryIs>
				</Polygon>
			</MultiGeometry>
		</Placemark>
		<Placemark id="personne_morale.60327">
<styleUrl>#personne_morale</styleUrl>			<visibility>0</visibility>
			<ExtendedData>
				<SchemaData schemaUrl="#personne_morale">
					<SimpleData name="Numero de Parcelle">692150000A0328</SimpleData>
					<SimpleData name="Departement">69</SimpleData>
					<SimpleData name="Commune">SAINT-JULIEN</SimpleData>
					<SimpleData name="Adresse">ESPAGNE</SimpleData>
					<SimpleData name="Groupe de personne">Personnes morales non remarquables</SimpleData>
					<SimpleData name="Forme Juridique Abregee">GFA</SimpleData>
					<SimpleData name="Denomination">DOMAINE DE PLANTIGNY</SimpleData>
				</SchemaData>
			</ExtendedData>
	<Region>
		<LatLonAltBox>
			<north> 46.01637805078759 </north>
			<south> 46.0155413810358 </south>
			<east> 4.6295398960193 </east>
			<west> 4.62713458068479 </west>
		</LatLonAltBox>
		<Lod>
			<minLodPixels>100</minLodPixels>
			<maxLodPixels>-1</maxLodPixels>
		</Lod>
	</Region>
			<MultiGeometry>
				<Polygon><altitudeMode>relativeToGround</altitudeMode>
					<outerBoundaryIs>
						<LinearRing>
							<coordinates>								4.62742099032638,46.01637805078759,0 4.62815405094734,46.0161923378185,0 4.62882406707527,46.0160213066974,0 4.6295398960193,46.0158389847029,0 4.62949125356235,46.0158072595625,0 4.62934880598544,46.01575535687179,0 4.62906342056502,46.01567425523999,0 4.62887358609272,46.015628617423,0 4.6287288765936,46.0156007046637,0 4.62830051343729,46.0155413810358,0 4.62767347057497,46.0157097203072,0 4.62713458068479,46.0158471578352,0 4.62742099032638,46.01637805078759,0 
							</coordinates>
						</LinearRing>
					</outerBoundaryIs>
				</Polygon>
			</MultiGeometry>
		</Placemark>
		<Placemark id="personne_morale.60801">
<styleUrl>#personne_morale</styleUrl>			<visibility>0</visibility>
			<ExtendedData>
				<SchemaData schemaUrl="#personne_morale">
					<SimpleData name="Numero de Parcelle">692150000A0330</SimpleData>
					<SimpleData name="Departement">69</SimpleData>
					<SimpleData name="Commune">SAINT-JULIEN</SimpleData>
					<SimpleData name="Adresse">ESPAGNE</SimpleData>
					<SimpleData name="Groupe de personne">Personnes morales non remarquables</SimpleData>
					<SimpleData name="Forme Juridique Abregee">AUPM</SimpleData>
					<SimpleData name="Denomination">GFA D ESPAGNE</SimpleData>
				</SchemaData>
			</ExtendedData>
	<Region>
		<LatLonAltBox>
			<north> 46.0168723552387 </north>
			<south> 46.0161163726864 </south>
			<east> 4.62608397623699 </east>
			<west> 4.62449701889259 </west>
		</LatLonAltBox>
		<Lod>
			<minLodPixels>100</minLodPixels>
			<maxLodPixels>-1</maxLodPixels>
		</Lod>
	</Region>
			<MultiGeometry>
				<Polygon><altitudeMode>relativeToGround</altitudeMode>
					<outerBoundaryIs>
						<LinearRing>
							<coordinates>								4.62449701889259,46.0162776070533,0 4.62470242428521,46.0168723552387,0 4.62550251703316,46.0167364970837,0 4.62538756552503,46.01645569181121,0 4.62608397623699,46.016276282392,0 4.62608357526505,46.0162758378043,0 4.62599250483647,46.0161163726864,0 4.62509497197708,46.016226791513,0 4.62463833415508,46.016273779778,0 4.62449701889259,46.0162776070533,0 
							</coordinates>
						</LinearRing>
					</outerBoundaryIs>
				</Polygon>
			</MultiGeometry>
		</Placemark>
		<Placemark id="personne_morale.60912">
<styleUrl>#personne_morale</styleUrl>			<visibility>0</visibility>
			<ExtendedData>
				<SchemaData schemaUrl="#personne_morale">
					<SimpleData name="Numero de Parcelle">692150000A0331</SimpleData>
					<SimpleData name="Departement">69</SimpleData>
					<SimpleData name="Commune">SAINT-JULIEN</SimpleData>
					<SimpleData name="Adresse">ESPAGNE</SimpleData>
					<SimpleData name="Groupe de personne">Personnes morales non remarquables</SimpleData>
					<SimpleData name="Forme Juridique Abregee">AUPM</SimpleData>
					<SimpleData name="Denomination">GFA D ESPAGNE</SimpleData>
				</SchemaData>
			</ExtendedData>
	<Region>
		<LatLonAltBox>
			<north> 46.0180209820477 </north>
			<south> 46.016276282392 </south>
			<east> 4.62647768606373 </east>
			<west> 4.62470242428521 </west>
		</LatLonAltBox>
		<Lod>
			<minLodPixels>100</minLodPixels>
			<maxLodPixels>-1</maxLodPixels>
		</Lod>
	</Region>
			<MultiGeometry>
				<Polygon><altitudeMode>relativeToGround</altitudeMode>
					<outerBoundaryIs>
						<LinearRing>
							<coordinates>								4.62509911288916,46.0180209820477,0 4.62513414412449,46.0180121033339,0 4.62575925417992,46.0178559655551,0 4.62599060650124,46.01756532846,0 4.6260749267413,46.0174657640041,0 4.62639906552486,46.0171040817168,0 4.62645780276894,46.0170312741317,0 4.62647768606373,46.01696920190059,0 4.62608397623699,46.016276282392,0 4.62538756552503,46.01645569181121,0 4.62550251703316,46.0167364970837,0 4.62470242428521,46.0168723552387,0 4.62509911288916,46.0180209820477,0 
							</coordinates>
						</LinearRing>
					</outerBoundaryIs>
				</Polygon>
			</MultiGeometry>
		</Placemark>
		<Placemark id="personne_morale.61731">
<styleUrl>#personne_morale</styleUrl>			<visibility>0</visibility>
			<ExtendedData>
				<SchemaData schemaUrl="#personne_morale">
					<SimpleData name="Numero de Parcelle">692150000A0338</SimpleData>
					<SimpleData name="Departement">69</SimpleData>
					<SimpleData name="Commune">SAINT-JULIEN</SimpleData>
					<SimpleData name="Adresse">ESPAGNE</SimpleData>
					<SimpleData name="Groupe de personne">Personnes morales non remarquables</SimpleData>
					<SimpleData name="Forme Juridique Abregee">AUPM</SimpleData>
					<SimpleData name="Denomination">GFA D ESPAGNE</SimpleData>
				</SchemaData>
			</ExtendedData>
	<Region>
		<LatLonAltBox>
			<north> 46.0188784399448 </north>
			<south> 46.0185353240782 </south>
			<east> 4.6248879582984 </east>
			<west> 4.62413908209488 </west>
		</LatLonAltBox>
		<Lod>
			<minLodPixels>100</minLodPixels>
			<maxLodPixels>-1</maxLodPixels>
		</Lod>
	</Region>
			<MultiGeometry>
				<Polygon><altitudeMode>relativeToGround</altitudeMode>
					<outerBoundaryIs>
						<LinearRing>
							<coordinates>								4.6248879582984,46.01883363344861,0 4.62485678013711,46.0185353240782,0 4.62479898076259,46.0185656051142,0 4.62460609764637,46.018644568161,0 4.62413908209488,46.01883554186919,0 4.62414358084273,46.0188784399448,0 4.6248879582984,46.01883363344861,0 
							</coordinates>
						</LinearRing>
					</outerBoundaryIs>
				</Polygon>
			</MultiGeometry>
		</Placemark>
		<Placemark id="personne_morale.61850">
<styleUrl>#personne_morale</styleUrl>			<visibility>0</visibility>
			<ExtendedData>
				<SchemaData schemaUrl="#personne_morale">
					<SimpleData name="Numero de Parcelle">692150000C0339</SimpleData>
					<SimpleData name="Departement">69</SimpleData>
					<SimpleData name="Commune">SAINT-JULIEN</SimpleData>
					<SimpleData name="Adresse">GRANDES TERRES</SimpleData>
					<SimpleData name="Groupe de personne">Personnes morales non remarquables</SimpleData>
					<SimpleData name="Forme Juridique Abregee">GFA</SimpleData>
					<SimpleData name="Denomination">CALANDE   DE LA</SimpleData>
				</SchemaData>
			</ExtendedData>
	<Region>
		<LatLonAltBox>
			<north> 46.0268496637754 </north>
			<south> 46.026191289708 </south>
			<east> 4.66544784769813 </east>
			<west> 4.66185894005762 </west>
		</LatLonAltBox>
		<Lod>
			<minLodPixels>100</minLodPixels>
			<maxLodPixels>-1</maxLodPixels>
		</Lod>
	</Region>
			<MultiGeometry>
				<Polygon><altitudeMode>relativeToGround</altitudeMode>
					<outerBoundaryIs>
						<LinearRing>
							<coordinates>								4.66275169669447,46.0264840282263,0 4.66282400337389,46.0264250529757,0 4.66302160877147,46.0264603430349,0 4.66310976180714,46.0264764328922,0 4.66322723684113,46.026482995412,0 4.66339738930848,46.0264955399083,0 4.66348715481992,46.02651791065059,0 4.66362875308752,46.0265482572338,0 4.66374878104819,46.0265708140548,0 4.66397094187597,46.02662276509119,0 4.66421108993017,46.0266751721419,0 4.66447044178746,46.0267340518625,0 4.66470181573176,46.0267571341163,0 4.66482748733771,46.02676960923671,0 4.66493941815608,46.0267809350292,0 4.6651676665557,46.0268118082019,0 4.66544784769813,46.0268496637754,0 4.66544468038339,46.0268475486555,0 4.66532307538617,46.02677295678531,0 4.66529757994854,46.0267465808361,0 4.66521643039064,46.02662446839279,0 4.66516439924629,46.02657578484141,0 4.66512449854542,46.0265348491445,0 4.66469507557806,46.0264874759038,0 4.66459362936779,46.0264807695625,0 4.66446934046919,46.02646268959811,0 4.66422305509302,46.026421091453,0 4.66407868307382,46.0263973613863,0 4.66402940810764,46.0263884474378,0 4.66385444874664,46.0263580506951,0 4.66368218067252,46.02633112687809,0 4.66356627567366,46.0263166157033,0 4.66339731753628,46.02627514174119,0 4.66307242686437,46.0262594637351,0 4.66290509820786,46.0262504800979,0 4.66267917005072,46.0261978617222,0 4.66265440418454,46.026191289708,0 4.6626034142347,46.02619834254079,0 4.66253331665626,46.0262106294363,0 4.66234687526668,46.0262323686994,0 4.66214521697834,46.0262597349601,0 4.66201338011601,46.0262785112151,0 4.66193396036298,46.0263075071542,0 4.66190828700883,46.026326527914,0 4.66188602295054,46.0263471199219,0 4.66185894005762,46.0263794014981,0 4.66185984748666,46.026379478262,0 4.66202560090374,46.02641334562221,0 4.66213549380533,46.0264300181267,0 4.66221729585709,46.02643278151079,0 4.66237281885049,46.0264447314682,0 4.66257770930339,46.02647721337309,0 4.66275169669447,46.0264840282263,0 
							</coordinates>
						</LinearRing>
					</outerBoundaryIs>
				</Polygon>
			</MultiGeometry>
		</Placemark>
		<Placemark id="personne_morale.62607">
<styleUrl>#personne_morale</styleUrl>			<visibility>0</visibility>
			<ExtendedData>
				<SchemaData schemaUrl="#personne_morale">
					<SimpleData name="Numero de Parcelle">692150000C0343</SimpleData>
					<SimpleData name="Departement">69</SimpleData>
					<SimpleData name="Commune">SAINT-JULIEN</SimpleData>
					<SimpleData name="Adresse">CHAMBELY</SimpleData>
					<SimpleData name="Groupe de personne">Personnes morales non remarquables</SimpleData>
					<SimpleData name="Forme Juridique Abregee">SCEA</SimpleData>
					<SimpleData name="Denomination">SCEA CHEMIN DU TACOT</SimpleData>
				</SchemaData>
			</ExtendedData>
	<Region>
		<LatLonAltBox>
			<north> 46.0248400094315 </north>
			<south> 46.0242347600998 </south>
			<east> 4.67881492048571 </east>
			<west> 4.67795744675164 </west>
		</LatLonAltBox>
		<Lod>
			<minLodPixels>100</minLodPixels>
			<maxLodPixels>-1</maxLodPixels>
		</Lod>
	</Region>
			<MultiGeometry>
				<Polygon><altitudeMode>relativeToGround</altitudeMode>
					<outerBoundaryIs>
						<LinearRing>
							<coordinates>								4.67880620576773,46.0242347600998,0 4.67868918761555,46.02435322350649,0 4.67855012688577,46.0244696714387,0 4.67842016526311,46.02455806288919,0 4.67807580487442,46.02477284390561,0 4.67795744675164,46.0248347627029,0 4.67808974967364,46.0248400094315,0 4.67818993417897,46.0247842141134,0 4.67847295693791,46.0246059186147,0 4.67868262718139,46.0244644664748,0 4.67881492048571,46.0243465874383,0 4.67880620576773,46.0242347600998,0 
							</coordinates>
						</LinearRing>
					</outerBoundaryIs>
				</Polygon>
			</MultiGeometry>
		</Placemark>
		<Placemark id="personne_morale.63026">
<styleUrl>#personne_morale</styleUrl>			<visibility>0</visibility>
			<ExtendedData>
				<SchemaData schemaUrl="#personne_morale">
					<SimpleData name="Numero de Parcelle">692150000B0348</SimpleData>
					<SimpleData name="Departement">69</SimpleData>
					<SimpleData name="Commune">SAINT-JULIEN</SimpleData>
					<SimpleData name="Adresse">LE TREMBLE</SimpleData>
					<SimpleData name="Groupe de personne">Personnes morales non remarquables</SimpleData>
					<SimpleData name="Forme Juridique Abregee">AUPM</SimpleData>
					<SimpleData name="Denomination">GFA DU CHATEAU DU TREMBLE</SimpleData>
				</SchemaData>
			</ExtendedData>
	<Region>
		<LatLonAltBox>
			<north> 46.017567140454 </north>
			<south> 46.01677111627589 </south>
			<east> 4.64533411664936 </east>
			<west> 4.64448425320929 </west>
		</LatLonAltBox>
		<Lod>
			<minLodPixels>100</minLodPixels>
			<maxLodPixels>-1</maxLodPixels>
		</Lod>
	</Region>
			<MultiGeometry>
				<Polygon><altitudeMode>relativeToGround</altitudeMode>
					<outerBoundaryIs>
						<LinearRing>
							<coordinates>								4.64533411664936,46.01677111627589,0 4.6445751197966,46.0168055516892,0 4.64460586056298,46.01697758716929,0 4.64464080660481,46.01716487329551,0 4.64448425320929,46.017567140454,0 4.64494962902985,46.0175530905973,0 4.64523226965948,46.0169750695066,0 4.64533411664936,46.01677111627589,0 
							</coordinates>
						</LinearRing>
					</outerBoundaryIs>
				</Polygon>
			</MultiGeometry>
		</Placemark>
		<Placemark id="personne_morale.63103">
<styleUrl>#personne_morale</styleUrl>			<visibility>0</visibility>
			<ExtendedData>
				<SchemaData schemaUrl="#personne_morale">
					<SimpleData name="Numero de Parcelle">692150000C0348</SimpleData>
					<SimpleData name="Departement">69</SimpleData>
					<SimpleData name="Commune">SAINT-JULIEN</SimpleData>
					<SimpleData name="Adresse">TALENCE</SimpleData>
					<SimpleData name="Groupe de personne">Personnes morales non remarquables</SimpleData>
					<SimpleData name="Forme Juridique Abregee">AUPM</SimpleData>
					<SimpleData name="Denomination">GFA DU DOMAINE DE TALANCE</SimpleData>
				</SchemaData>
			</ExtendedData>
	<Region>
		<LatLonAltBox>
			<north> 46.016921519751 </north>
			<south> 46.0161579147755 </south>
			<east> 4.6719799152663 </east>
			<west> 4.66760293001936 </west>
		</LatLonAltBox>
		<Lod>
			<minLodPixels>100</minLodPixels>
			<maxLodPixels>-1</maxLodPixels>
		</Lod>
	</Region>
			<MultiGeometry>
				<Polygon><altitudeMode>relativeToGround</altitudeMode>
					<outerBoundaryIs>
						<LinearRing>
							<coordinates>								4.6719799152663,46.016921519751,0 4.67190981850911,46.0168525700591,0 4.67173503349631,46.0168228137691,0 4.67129597930722,46.0167497587313,0 4.67111579228491,46.0167208917913,0 4.67100284277893,46.0167009407406,0 4.6707530251624,46.0166567073497,0 4.67015476786602,46.0165560019713,0 4.66983334576864,46.01650372488629,0 4.66955625431895,46.0164552972423,0 4.6691501235402,46.0163849013311,0 4.66871270066392,46.01631424423,0 4.668361535184,46.0162530337954,0 4.6677990077334,46.0161579147755,0 4.66760293001936,46.0161932253678,0 4.66776925144318,46.01622113100699,0 4.66837205347605,46.0163227727118,0 4.66871770202731,46.0163810920746,0 4.6693385621206,46.0164855251266,0 4.66980505482155,46.0165640378722,0 4.67071180006451,46.0167125276652,0 4.67110253672389,46.01677819124401,0 4.67157266356589,46.016857003473,0 4.67179428086778,46.0168921037635,0 4.6719799152663,46.016921519751,0 
							</coordinates>
						</LinearRing>
					</outerBoundaryIs>
				</Polygon>
			</MultiGeometry>
		</Placemark>
		<Placemark id="personne_morale.63452">
<styleUrl>#personne_morale</styleUrl>			<visibility>0</visibility>
			<ExtendedData>
				<SchemaData schemaUrl="#personne_morale">
					<SimpleData name="Numero de Parcelle">692150000B0350</SimpleData>
					<SimpleData name="Departement">69</SimpleData>
					<SimpleData name="Commune">SAINT-JULIEN</SimpleData>
					<SimpleData name="Adresse">LE TREMBLE</SimpleData>
					<SimpleData name="Groupe de personne">Personnes morales non remarquables</SimpleData>
					<SimpleData name="Forme Juridique Abregee">AUPM</SimpleData>
					<SimpleData name="Denomination">GFA DU CHATEAU DU TREMBLE</SimpleData>
				</SchemaData>
			</ExtendedData>
	<Region>
		<LatLonAltBox>
			<north> 46.0177243245281 </north>
			<south> 46.01616756486341 </south>
			<east> 4.64464080660481 </east>
			<west> 4.64254812089462 </west>
		</LatLonAltBox>
		<Lod>
			<minLodPixels>100</minLodPixels>
			<maxLodPixels>-1</maxLodPixels>
		</Lod>
	</Region>
			<MultiGeometry>
				<Polygon><altitudeMode>relativeToGround</altitudeMode>
					<outerBoundaryIs>
						<LinearRing>
							<coordinates>								4.64448425320929,46.017567140454,0 4.64464080660481,46.01716487329551,0 4.64460586056298,46.01697758716929,0 4.6445751197966,46.0168055516892,0 4.64454182975742,46.016639047391,0 4.64437100908992,46.0163348422678,0 4.64427305847491,46.01616756486341,0 4.64406646522882,46.0162926955363,0 4.6439432142814,46.01636023378071,0 4.64381663295075,46.0164244876548,0 4.64366943238525,46.0164909319029,0 4.64346167957313,46.0165903186057,0 4.64313087016132,46.0167421979596,0 4.64279448337731,46.01689784999141,0 4.64273867410409,46.0169337858213,0 4.64258421868268,46.0170560863009,0 4.64255186871487,46.0170853771837,0 4.64254812089462,46.0170940781,0 4.64255423703207,46.0171040771407,0 4.642651397204,46.0171540980122,0 4.64300351628343,46.01715718957371,0 4.64390371312281,46.0171667416423,0 4.64385569134928,46.0175886896095,0 4.64442120964217,46.0177243245281,0 4.64448425320929,46.017567140454,0 
							</coordinates>
						</LinearRing>
					</outerBoundaryIs>
				</Polygon>
			</MultiGeometry>
		</Placemark>
		<Placemark id="personne_morale.63973">
<styleUrl>#personne_morale</styleUrl>			<visibility>0</visibility>
			<ExtendedData>
				<SchemaData schemaUrl="#personne_morale">
					<SimpleData name="Numero de Parcelle">692150000B0355</SimpleData>
					<SimpleData name="Departement">69</SimpleData>
					<SimpleData name="Commune">SAINT-JULIEN</SimpleData>
					<SimpleData name="Adresse">LE TREMBLE</SimpleData>
					<SimpleData name="Groupe de personne">Personnes morales non remarquables</SimpleData>
					<SimpleData name="Forme Juridique Abregee">AUPM</SimpleData>
					<SimpleData name="Denomination">GFA DU CHATEAU DU TREMBLE</SimpleData>
				</SchemaData>
			</ExtendedData>
	<Region>
		<LatLonAltBox>
			<north> 46.0194513368854 </north>
			<south> 46.0176110071118 </south>
			<east> 4.64532786517071 </east>
			<west> 4.64375685593129 </west>
		</LatLonAltBox>
		<Lod>
			<minLodPixels>100</minLodPixels>
			<maxLodPixels>-1</maxLodPixels>
		</Lod>
	</Region>
			<MultiGeometry>
				<Polygon><altitudeMode>relativeToGround</altitudeMode>
					<outerBoundaryIs>
						<LinearRing>
							<coordinates>								4.64375685593129,46.0191611916684,0 4.6441251701234,46.01923420855079,0 4.64526277025662,46.0194513368854,0 4.64532786517071,46.0193238452449,0 4.64518560625544,46.0192747515071,0 4.64495328644321,46.0191840921729,0 4.64478761379471,46.0191258805841,0 4.64470501045689,46.01910888556279,0 4.64459841124157,46.0190892664491,0 4.64456555247153,46.0190842491045,0 4.64451497858255,46.0191137149373,0 4.64449772100409,46.0191678264623,0 4.64437046688551,46.019144904112,0 4.64426733260085,46.0191287470908,0 4.6442786106459,46.0191038145579,0 4.64422574858104,46.0190956647371,0 4.6442345255635,46.0190692373283,0 4.64419313249019,46.0190598402644,0 4.64424445593726,46.0189343504527,0 4.64444110980831,46.0189737392421,0 4.64445071892618,46.0188929883023,0 4.64448102595686,46.0187953643669,0 4.6445434648035,46.018643863384,0 4.64458122627827,46.018544780208,0 4.64468896660815,46.01826535459299,0 4.64484153337507,46.0178637755113,0 4.64434671164327,46.0177448603851,0 4.64380115571478,46.0176110071118,0 4.64384832155491,46.01812506559549,0 4.64390923520735,46.0187746581786,0 4.64375685593129,46.0191611916684,0 
							</coordinates>
						</LinearRing>
					</outerBoundaryIs>
				</Polygon>
			</MultiGeometry>
		</Placemark>
		<Placemark id="personne_morale.64141">
<styleUrl>#personne_morale</styleUrl>			<visibility>0</visibility>
			<ExtendedData>
				<SchemaData schemaUrl="#personne_morale">
					<SimpleData name="Numero de Parcelle">692150000A0357</SimpleData>
					<SimpleData name="Departement">69</SimpleData>
					<SimpleData name="Commune">SAINT-JULIEN</SimpleData>
					<SimpleData name="Adresse">ESPAGNE</SimpleData>
					<SimpleData name="Groupe de personne">Personnes morales non remarquables</SimpleData>
					<SimpleData name="Forme Juridique Abregee">AUPM</SimpleData>
					<SimpleData name="Denomination">GFA LACROIX ROCHE</SimpleData>
				</SchemaData>
			</ExtendedData>
	<Region>
		<LatLonAltBox>
			<north> 46.01886370857731 </north>
			<south> 46.0169761759165 </south>
			<east> 4.62752465757083 </east>
			<west> 4.62611785051924 </west>
		</LatLonAltBox>
		<Lod>
			<minLodPixels>100</minLodPixels>
			<maxLodPixels>-1</maxLodPixels>
		</Lod>
	</Region>
			<MultiGeometry>
				<Polygon><altitudeMode>relativeToGround</altitudeMode>
					<outerBoundaryIs>
						<LinearRing>
							<coordinates>								4.62718194353673,46.0180950332281,0 4.62685652104294,46.01751291039641,0 4.62655028798057,46.0169761759165,0 4.62651723133107,46.01706491732081,0 4.62620869133962,46.01737260534511,0 4.62612417214217,46.0174566810155,0 4.62611785051924,46.0174658686248,0 4.62636860099378,46.0175865644557,0 4.62652746529509,46.0176689485783,0 4.62660669988308,46.0178520910344,0 4.62672888118916,46.01819782072471,0 4.62676631257618,46.018274471938,0 4.62677204490139,46.0183546405078,0 4.62680091429984,46.0184259204524,0 4.6268108147353,46.01846342687929,0 4.62677861981092,46.0186075479852,0 4.62679752833502,46.0188097500945,0 4.62689019071317,46.01883048661111,0 4.62701604587273,46.0188588526552,0 4.62752465757083,46.01886370857731,0 4.62744282060754,46.0186801537333,0 4.62730171444539,46.01836351835451,0 4.62718194353673,46.0180950332281,0 
							</coordinates>
						</LinearRing>
					</outerBoundaryIs>
				</Polygon>
			</MultiGeometry>
		</Placemark>
		<Placemark id="personne_morale.64146">
<styleUrl>#personne_morale</styleUrl>			<visibility>0</visibility>
			<ExtendedData>
				<SchemaData schemaUrl="#personne_morale">
					<SimpleData name="Numero de Parcelle">692150000C0357</SimpleData>
					<SimpleData name="Departement">69</SimpleData>
					<SimpleData name="Commune">SAINT-JULIEN</SimpleData>
					<SimpleData name="Adresse">GRANDES TERRES</SimpleData>
					<SimpleData name="Groupe de personne">Personnes morales non remarquables</SimpleData>
					<SimpleData name="Forme Juridique Abregee">AUPM</SimpleData>
					<SimpleData name="Denomination">GFA DE LA RIGODIERE SAINT JULIEN</SimpleData>
				</SchemaData>
			</ExtendedData>
	<Region>
		<LatLonAltBox>
			<north> 46.02606228121039 </north>
			<south> 46.02531976587061 </south>
			<east> 4.66460772801669 </east>
			<west> 4.66286814366343 </west>
		</LatLonAltBox>
		<Lod>
			<minLodPixels>100</minLodPixels>
			<maxLodPixels>-1</maxLodPixels>
		</Lod>
	</Region>
			<MultiGeometry>
				<Polygon><altitudeMode>relativeToGround</altitudeMode>
					<outerBoundaryIs>
						<LinearRing>
							<coordinates>								4.66296721549839,46.0258973082806,0 4.66324607480743,46.0259301447286,0 4.66350928640238,46.0259586166349,0 4.66383886016221,46.0259966518387,0 4.66401700405608,46.02601268083621,0 4.66435214650069,46.0260424365043,0 4.66460772801669,46.02606228121039,0 4.66443134894259,46.02589950452491,0 4.66432555078491,46.02583440697361,0 4.66423243325526,46.0257952431904,0 4.66408583183978,46.0257362387766,0 4.66389654602356,46.0256553435329,0 4.66370187147102,46.0255544416595,0 4.6635939391162,46.02549567961641,0 4.66343515066385,46.0254227124072,0 4.66335228977303,46.0253977183811,0 4.66310969478554,46.02531976587061,0 4.66292036019286,46.0255236683909,0 4.66289516546361,46.0255713243503,0 4.66286814366343,46.0256226999446,0 4.66289575725401,46.02566786979001,0 4.6629178705059,46.0257064552143,0 4.66295579999186,46.0258105590491,0 4.66296595936078,46.025868594654,0 4.66296721549839,46.0258973082806,0 
							</coordinates>
						</LinearRing>
					</outerBoundaryIs>
				</Polygon>
			</MultiGeometry>
		</Placemark>
		<Placemark id="personne_morale.64250">
<styleUrl>#personne_morale</styleUrl>			<visibility>0</visibility>
			<ExtendedData>
				<SchemaData schemaUrl="#personne_morale">
					<SimpleData name="Numero de Parcelle">692150000A0358</SimpleData>
					<SimpleData name="Departement">69</SimpleData>
					<SimpleData name="Commune">SAINT-JULIEN</SimpleData>
					<SimpleData name="Adresse">ESPAGNE</SimpleData>
					<SimpleData name="Groupe de personne">Personnes morales non remarquables</SimpleData>
					<SimpleData name="Forme Juridique Abregee">AUPM</SimpleData>
					<SimpleData name="Denomination">GFA LACROIX ROCHE</SimpleData>
				</SchemaData>
			</ExtendedData>
	<Region>
		<LatLonAltBox>
			<north> 46.0191051870656 </north>
			<south> 46.0188097500945 </south>
			<east> 4.62762462805193 </east>
			<west> 4.62679752833502 </west>
		</LatLonAltBox>
		<Lod>
			<minLodPixels>100</minLodPixels>
			<maxLodPixels>-1</maxLodPixels>
		</Lod>
	</Region>
			<MultiGeometry>
				<Polygon><altitudeMode>relativeToGround</altitudeMode>
					<outerBoundaryIs>
						<LinearRing>
							<coordinates>								4.62762462805193,46.0191051870656,0 4.62756287915895,46.0189495351689,0 4.62752465757083,46.01886370857731,0 4.62701604587273,46.0188588526552,0 4.62689019071317,46.01883048661111,0 4.62679752833502,46.0188097500945,0 4.62681287802892,46.0189703016658,0 4.62683323869937,46.0189724412262,0 4.62762462805193,46.0191051870656,0 
							</coordinates>
						</LinearRing>
					</outerBoundaryIs>
				</Polygon>
			</MultiGeometry>
		</Placemark>
		<Placemark id="personne_morale.64255">
<styleUrl>#personne_morale</styleUrl>			<visibility>0</visibility>
			<ExtendedData>
				<SchemaData schemaUrl="#personne_morale">
					<SimpleData name="Numero de Parcelle">692150000C0358</SimpleData>
					<SimpleData name="Departement">69</SimpleData>
					<SimpleData name="Commune">SAINT-JULIEN</SimpleData>
					<SimpleData name="Adresse">GRANDES TERRES</SimpleData>
					<SimpleData name="Groupe de personne">Personnes morales non remarquables</SimpleData>
					<SimpleData name="Forme Juridique Abregee">EARL</SimpleData>
					<SimpleData name="Denomination">EARL LES DUPERRAY</SimpleData>
				</SchemaData>
			</ExtendedData>
	<Region>
		<LatLonAltBox>
			<north> 46.0301146907465 </north>
			<south> 46.0273578978901 </south>
			<east> 4.66826694023357 </east>
			<west> 4.66578349991559 </west>
		</LatLonAltBox>
		<Lod>
			<minLodPixels>100</minLodPixels>
			<maxLodPixels>-1</maxLodPixels>
		</Lod>
	</Region>
			<MultiGeometry>
				<Polygon><altitudeMode>relativeToGround</altitudeMode>
					<outerBoundaryIs>
						<LinearRing>
							<coordinates>								4.66702438333959,46.02769259278839,0 4.66701978350453,46.0276773486713,0 4.66698472673917,46.0276213908613,0 4.66695918692045,46.0275679951504,0 4.66692598117486,46.027534707548,0 4.66690397055122,46.0275124238778,0 4.66679953468495,46.0274754101156,0 4.66669678764459,46.02742585180191,0 4.6666143202744,46.0274267942467,0 4.66647876707909,46.0274339213223,0 4.666413058077,46.0274331761122,0 4.66637765584693,46.02742126705489,0 4.66630677128735,46.0273990713313,0 4.66625899860448,46.0273928383244,0 4.6661967125735,46.0273727678551,0 4.66611578742573,46.0273648604835,0 4.66603613461259,46.0273605371207,0 4.66586640809531,46.0273578978901,0 4.66586227114306,46.0273621919466,0 4.66578349991559,46.0274595435865,0 4.66580035447707,46.0275122565701,0 4.6658600439768,46.0278820140943,0 4.66586307586675,46.0279522235168,0 4.66587717983124,46.0279866928687,0 4.66590299317149,46.0280534150331,0 4.66600727601698,46.0282091430996,0 4.66619327883233,46.02851417546,0 4.66632112547587,46.02871351064401,0 4.66629165245221,46.02873087694609,0 4.66614518089184,46.0288173349254,0 4.66621000552253,46.0288869962657,0 4.6662762142718,46.0289425864256,0 4.6663765901467,46.0290162284964,0 4.6664601248839,46.0290803005446,0 4.66655239394709,46.0291552325564,0 4.66662982672588,46.0292312833415,0 4.66675422112999,46.0293208744536,0 4.6668594369314,46.0294005696523,0 4.66696634694822,46.0294806901872,0 4.66699168146786,46.02951022057939,0 4.66703335058732,46.0295539218053,0 4.66720385880512,46.02966742312301,0 4.66727542550061,46.0297034789616,0 4.667366178877,46.0297411439704,0 4.6674263398053,46.0297720534127,0 4.66747430364781,46.0298186341687,0 4.66752017045419,46.0298600217402,0 4.66759383737504,46.0299141504052,0 4.66762662444324,46.0299463631657,0 4.66765558204045,46.030010066427,0 4.66770034953368,46.0300620982749,0 4.66774151359889,46.0300933771288,0 4.66781220654179,46.03010485659181,0 4.66786616858142,46.0301146907465,0 4.66826694023357,46.0299753101965,0 4.6678104860415,46.02954501143689,0 4.66770221036805,46.0294412235588,0 4.66786438789031,46.0293354377669,0 4.66811983619724,46.0291670320013,0 4.66773843916193,46.02895161446921,0 4.66739594346303,46.0287610229599,0 4.66705239431254,46.02856972538991,0 4.66704629794293,46.0283430207153,0 4.66703204459981,46.0278941451322,0 4.66702438333959,46.02769259278839,0 
							</coordinates>
						</LinearRing>
					</outerBoundaryIs>
				</Polygon>
			</MultiGeometry>
		</Placemark>
		<Placemark id="personne_morale.64902">
<styleUrl>#personne_morale</styleUrl>			<visibility>0</visibility>
			<ExtendedData>
				<SchemaData schemaUrl="#personne_morale">
					<SimpleData name="Numero de Parcelle">692150000A0362</SimpleData>
					<SimpleData name="Departement">69</SimpleData>
					<SimpleData name="Commune">SAINT-JULIEN</SimpleData>
					<SimpleData name="Adresse">ESPAGNE</SimpleData>
					<SimpleData name="Groupe de personne">Personnes morales non remarquables</SimpleData>
					<SimpleData name="Forme Juridique Abregee">AUPM</SimpleData>
					<SimpleData name="Denomination">GFA D ESPAGNE</SimpleData>
				</SchemaData>
			</ExtendedData>
	<Region>
		<LatLonAltBox>
			<north> 46.0198935148498 </north>
			<south> 46.01900824287261 </south>
			<east> 4.62698200020419 </east>
			<west> 4.62542370712391 </west>
		</LatLonAltBox>
		<Lod>
			<minLodPixels>100</minLodPixels>
			<maxLodPixels>-1</maxLodPixels>
		</Lod>
	</Region>
			<MultiGeometry>
				<Polygon><altitudeMode>relativeToGround</altitudeMode>
					<outerBoundaryIs>
						<LinearRing>
							<coordinates>								4.62622770265017,46.01900824287261,0 4.6261687439492,46.0190124214438,0 4.62579100321628,46.01907008081361,0 4.6255519285406,46.01910404351199,0 4.62545656191089,46.0191099148293,0 4.62542370712391,46.019144341805,0 4.62544828101138,46.0191928063432,0 4.62554909037679,46.019305476878,0 4.62590790678386,46.0195916102717,0 4.62597736324558,46.0196582550326,0 4.62600989656294,46.019713540517,0 4.62601094017258,46.0197794555252,0 4.62600143128672,46.019833903131,0 4.62598441018683,46.01987476813999,0 4.62638657615164,46.0198865605982,0 4.62667392352845,46.0198935148498,0 4.62698200020419,46.0198713489192,0 4.62622770265017,46.01900824287261,0 
							</coordinates>
						</LinearRing>
					</outerBoundaryIs>
				</Polygon>
			</MultiGeometry>
		</Placemark>
		<Placemark id="personne_morale.65095">
<styleUrl>#personne_morale</styleUrl>			<visibility>0</visibility>
			<ExtendedData>
				<SchemaData schemaUrl="#personne_morale">
					<SimpleData name="Numero de Parcelle">692150000A0364</SimpleData>
					<SimpleData name="Departement">69</SimpleData>
					<SimpleData name="Commune">SAINT-JULIEN</SimpleData>
					<SimpleData name="Adresse">ESPAGNE</SimpleData>
					<SimpleData name="Groupe de personne">Personnes morales non remarquables</SimpleData>
					<SimpleData name="Forme Juridique Abregee">AUPM</SimpleData>
					<SimpleData name="Denomination">GFA D ESPAGNE</SimpleData>
				</SchemaData>
			</ExtendedData>
	<Region>
		<LatLonAltBox>
			<north> 46.0213661029787 </north>
			<south> 46.0207531494422 </south>
			<east> 4.62407815431778 </east>
			<west> 4.62313039111609 </west>
		</LatLonAltBox>
		<Lod>
			<minLodPixels>100</minLodPixels>
			<maxLodPixels>-1</maxLodPixels>
		</Lod>
	</Region>
			<MultiGeometry>
				<Polygon><altitudeMode>relativeToGround</altitudeMode>
					<outerBoundaryIs>
						<LinearRing>
							<coordinates>								4.62339348210449,46.0207531494422,0 4.62313039111609,46.0208760780457,0 4.62379310344002,46.0213661029787,0 4.62386839371911,46.0213413362554,0 4.62403302983182,46.0212730471838,0 4.62407815431778,46.02124249788411,0 4.62339348210449,46.0207531494422,0 
							</coordinates>
						</LinearRing>
					</outerBoundaryIs>
				</Polygon>
			</MultiGeometry>
		</Placemark>
		<Placemark id="personne_morale.66104">
<styleUrl>#personne_morale</styleUrl>			<visibility>0</visibility>
			<ExtendedData>
				<SchemaData schemaUrl="#personne_morale">
					<SimpleData name="Numero de Parcelle">692150000B0372</SimpleData>
					<SimpleData name="Departement">69</SimpleData>
					<SimpleData name="Commune">SAINT-JULIEN</SimpleData>
					<SimpleData name="Adresse">LE TREMBLE</SimpleData>
					<SimpleData name="Groupe de personne">Personnes morales non remarquables</SimpleData>
					<SimpleData name="Forme Juridique Abregee">AUPM</SimpleData>
					<SimpleData name="Denomination">GFA DU CHATEAU DU TREMBLE</SimpleData>
				</SchemaData>
			</ExtendedData>
	<Region>
		<LatLonAltBox>
			<north> 46.01989430038541 </north>
			<south> 46.0190320023046 </south>
			<east> 4.64798180315161 </east>
			<west> 4.64640704024166 </west>
		</LatLonAltBox>
		<Lod>
			<minLodPixels>100</minLodPixels>
			<maxLodPixels>-1</maxLodPixels>
		</Lod>
	</Region>
			<MultiGeometry>
				<Polygon><altitudeMode>relativeToGround</altitudeMode>
					<outerBoundaryIs>
						<LinearRing>
							<coordinates>								4.64702475727278,46.01981294843031,0 4.64734562374325,46.01989430038541,0 4.64756186464316,46.0197802821746,0 4.64782753311769,46.019637443381,0 4.64793007990874,46.0195605646641,0 4.64798180315161,46.0195047804834,0 4.64722112654913,46.0194454959132,0 4.6473259605323,46.0190953158069,0 4.64676168081797,46.0190320023046,0 4.64673338438703,46.0190800598653,0 4.64661252821365,46.0190333589662,0 4.64640704024166,46.019303578538,0 4.64673602369627,46.0194143567963,0 4.64718685103874,46.0195615523584,0 4.64702475727278,46.01981294843031,0 
							</coordinates>
						</LinearRing>
					</outerBoundaryIs>
				</Polygon>
			</MultiGeometry>
		</Placemark>
		<Placemark id="personne_morale.66187">
<styleUrl>#personne_morale</styleUrl>			<visibility>0</visibility>
			<ExtendedData>
				<SchemaData schemaUrl="#personne_morale">
					<SimpleData name="Numero de Parcelle">692150000B0373</SimpleData>
					<SimpleData name="Departement">69</SimpleData>
					<SimpleData name="Commune">SAINT-JULIEN</SimpleData>
					<SimpleData name="Adresse">LE TREMBLE</SimpleData>
					<SimpleData name="Groupe de personne">Personnes morales non remarquables</SimpleData>
					<SimpleData name="Forme Juridique Abregee">AUPM</SimpleData>
					<SimpleData name="Denomination">GFA DU CHATEAU DU TREMBLE</SimpleData>
				</SchemaData>
			</ExtendedData>
	<Region>
		<LatLonAltBox>
			<north> 46.0207081312514 </north>
			<south> 46.0184076718688 </south>
			<east> 4.64718685103874 </east>
			<west> 4.64358133633304 </west>
		</LatLonAltBox>
		<Lod>
			<minLodPixels>100</minLodPixels>
			<maxLodPixels>-1</maxLodPixels>
		</Lod>
	</Region>
			<MultiGeometry>
				<Polygon><altitudeMode>relativeToGround</altitudeMode>
					<outerBoundaryIs>
						<LinearRing>
							<coordinates>								4.64392381466421,46.01970800881801,0 4.64435280007321,46.0198253593955,0 4.64468554903231,46.0199280728362,0 4.64500642354589,46.020027084727,0 4.64526982405813,46.02011071776559,0 4.64538078178418,46.0201463052346,0 4.64549995084547,46.0197260255388,0 4.64586650228882,46.019938669008,0 4.64622377611348,46.02025160256,0 4.646422874101,46.0204329008643,0 4.64670367692631,46.0206096791221,0 4.64686435524547,46.0207081312514,0 4.64689464991193,46.0202993191947,0 4.64694018395488,46.019790669586,0 4.64702475727278,46.01981294843031,0 4.64718685103874,46.0195615523584,0 4.64673602369627,46.0194143567963,0 4.64640704024166,46.019303578538,0 4.64661252821365,46.0190333589662,0 4.64643092390169,46.0189612404497,0 4.64619575756466,46.0188662116372,0 4.64626653573343,46.018539945167,0 4.64584228081111,46.0184076718688,0 4.64556989230897,46.01886602435351,0 4.64532786517071,46.0193238452449,0 4.64526277025662,46.0194513368854,0 4.6441251701234,46.01923420855079,0 4.64375685593129,46.0191611916684,0 4.64358133633304,46.0195867900663,0 4.64392381466421,46.01970800881801,0 
							</coordinates>
						</LinearRing>
					</outerBoundaryIs>
				</Polygon>
			</MultiGeometry>
		</Placemark>
		<Placemark id="personne_morale.68264">
<styleUrl>#personne_morale</styleUrl>			<visibility>0</visibility>
			<ExtendedData>
				<SchemaData schemaUrl="#personne_morale">
					<SimpleData name="Numero de Parcelle">692150000C0391</SimpleData>
					<SimpleData name="Departement">69</SimpleData>
					<SimpleData name="Commune">SAINT-JULIEN</SimpleData>
					<SimpleData name="Adresse">GRANDES TERRES</SimpleData>
					<SimpleData name="Groupe de personne">Personnes morales non remarquables</SimpleData>
					<SimpleData name="Forme Juridique Abregee">AUPM</SimpleData>
					<SimpleData name="Denomination">GFA DE LA RIGODIERE SAINT JULIEN</SimpleData>
				</SchemaData>
			</ExtendedData>
	<Region>
		<LatLonAltBox>
			<north> 46.0266321730117 </north>
			<south> 46.0254281129021 </south>
			<east> 4.66808511721738 </east>
			<west> 4.66645643041465 </west>
		</LatLonAltBox>
		<Lod>
			<minLodPixels>100</minLodPixels>
			<maxLodPixels>-1</maxLodPixels>
		</Lod>
	</Region>
			<MultiGeometry>
				<Polygon><altitudeMode>relativeToGround</altitudeMode>
					<outerBoundaryIs>
						<LinearRing>
							<coordinates>								4.66709401877788,46.02641096410489,0 4.66753588427289,46.0265786578786,0 4.667675730904,46.0266321730117,0 4.66772696683066,46.02651811199581,0 4.66786214684962,46.02621736308999,0 4.66792610975721,46.0260710500272,0 4.66803445710071,46.0258235664143,0 4.66806226872224,46.025760018544,0 4.66808511721738,46.0257076222318,0 4.66807067575178,46.0257046823518,0 4.66803502580772,46.02569737100101,0 4.66783115989621,46.0256560570904,0 4.66771653858643,46.02563270448631,0 4.66771840356607,46.0256174553391,0 4.66765258665918,46.025604553117,0 4.6675989349129,46.0255920122818,0 4.66729787559638,46.0255221343721,0 4.66729529572802,46.02548821621681,0 4.6672910169323,46.0254281129021,0 4.66709907278208,46.0254473289899,0 4.66674922551127,46.0254912041527,0 4.66668567845021,46.0254977229492,0 4.66645643041465,46.0258092207395,0 4.66680006866445,46.0258675763415,0 4.66734445051928,46.0259537816112,0 4.66711067898208,46.0263804557866,0 4.66709401877788,46.02641096410489,0 
							</coordinates>
						</LinearRing>
					</outerBoundaryIs>
				</Polygon>
			</MultiGeometry>
		</Placemark>
		<Placemark id="personne_morale.68460">
<styleUrl>#personne_morale</styleUrl>			<visibility>0</visibility>
			<ExtendedData>
				<SchemaData schemaUrl="#personne_morale">
					<SimpleData name="Numero de Parcelle">692150000C0393</SimpleData>
					<SimpleData name="Departement">69</SimpleData>
					<SimpleData name="Commune">SAINT-JULIEN</SimpleData>
					<SimpleData name="Adresse">GRANDES TERRES</SimpleData>
					<SimpleData name="Groupe de personne">Personnes morales non remarquables</SimpleData>
					<SimpleData name="Forme Juridique Abregee">AUPM</SimpleData>
					<SimpleData name="Denomination">GFA DE LA RIGODIERE SAINT JULIEN</SimpleData>
				</SchemaData>
			</ExtendedData>
	<Region>
		<LatLonAltBox>
			<north> 46.0269588917817 </north>
			<south> 46.0258215187065 </south>
			<east> 4.66939282628572 </east>
			<west> 4.667675730904 </west>
		</LatLonAltBox>
		<Lod>
			<minLodPixels>100</minLodPixels>
			<maxLodPixels>-1</maxLodPixels>
		</Lod>
	</Region>
			<MultiGeometry>
				<Polygon><altitudeMode>relativeToGround</altitudeMode>
					<outerBoundaryIs>
						<LinearRing>
							<coordinates>								4.667675730904,46.0266321730117,0 4.6682903690081,46.0268943262257,0 4.66843818132224,46.0269588917817,0 4.66847924061127,46.0268887538808,0 4.66863577737134,46.0267422484986,0 4.66907556613067,46.026330010791,0 4.66933264963771,46.0260882615297,0 4.66939282628572,46.0260644075234,0 4.66911670598864,46.0259941670396,0 4.66860955147639,46.0258650896069,0 4.66859739203298,46.02589048801971,0 4.66831433003104,46.0258215187065,0 4.66827450633494,46.0258769570797,0 4.66803445710071,46.0258235664143,0 4.66792610975721,46.0260710500272,0 4.66786214684962,46.02621736308999,0 4.66772696683066,46.02651811199581,0 4.667675730904,46.0266321730117,0 
							</coordinates>
						</LinearRing>
					</outerBoundaryIs>
				</Polygon>
			</MultiGeometry>
		</Placemark>
		<Placemark id="personne_morale.68545">
<styleUrl>#personne_morale</styleUrl>			<visibility>0</visibility>
			<ExtendedData>
				<SchemaData schemaUrl="#personne_morale">
					<SimpleData name="Numero de Parcelle">692150000C0394</SimpleData>
					<SimpleData name="Departement">69</SimpleData>
					<SimpleData name="Commune">SAINT-JULIEN</SimpleData>
					<SimpleData name="Adresse">GRANDES TERRES</SimpleData>
					<SimpleData name="Groupe de personne">Personnes morales non remarquables</SimpleData>
					<SimpleData name="Forme Juridique Abregee">AUPM</SimpleData>
					<SimpleData name="Denomination">GFA DE LA RIGODIERE SAINT JULIEN</SimpleData>
				</SchemaData>
			</ExtendedData>
	<Region>
		<LatLonAltBox>
			<north> 46.0258769570797 </north>
			<south> 46.025760018544 </south>
			<east> 4.66831433003104 </east>
			<west> 4.66803445710071 </west>
		</LatLonAltBox>
		<Lod>
			<minLodPixels>100</minLodPixels>
			<maxLodPixels>-1</maxLodPixels>
		</Lod>
	</Region>
			<MultiGeometry>
				<Polygon><altitudeMode>relativeToGround</altitudeMode>
					<outerBoundaryIs>
						<LinearRing>
							<coordinates>								4.66806226872224,46.025760018544,0 4.66803445710071,46.0258235664143,0 4.66827450633494,46.0258769570797,0 4.66831433003104,46.0258215187065,0 4.66806226872224,46.025760018544,0 
							</coordinates>
						</LinearRing>
					</outerBoundaryIs>
				</Polygon>
			</MultiGeometry>
		</Placemark>
		<Placemark id="personne_morale.68616">
<styleUrl>#personne_morale</styleUrl>			<visibility>0</visibility>
			<ExtendedData>
				<SchemaData schemaUrl="#personne_morale">
					<SimpleData name="Numero de Parcelle">692150000C0395</SimpleData>
					<SimpleData name="Departement">69</SimpleData>
					<SimpleData name="Commune">SAINT-JULIEN</SimpleData>
					<SimpleData name="Adresse">GRANDES TERRES</SimpleData>
					<SimpleData name="Groupe de personne">Personnes morales non remarquables</SimpleData>
					<SimpleData name="Forme Juridique Abregee">AUPM</SimpleData>
					<SimpleData name="Denomination">GFA DE LA RIGODIERE SAINT JULIEN</SimpleData>
				</SchemaData>
			</ExtendedData>
	<Region>
		<LatLonAltBox>
			<north> 46.0260644075234 </north>
			<south> 46.0250201129329 </south>
			<east> 4.66952472851004 </east>
			<west> 4.66860955147639 </west>
		</LatLonAltBox>
		<Lod>
			<minLodPixels>100</minLodPixels>
			<maxLodPixels>-1</maxLodPixels>
		</Lod>
	</Region>
			<MultiGeometry>
				<Polygon><altitudeMode>relativeToGround</altitudeMode>
					<outerBoundaryIs>
						<LinearRing>
							<coordinates>								4.66939282628572,46.0260644075234,0 4.66952472851004,46.02601806047169,0 4.66950418312634,46.0257459034702,0 4.66950618465912,46.0255860910436,0 4.66948446399465,46.0255265149068,0 4.66941549970567,46.0254184568134,0 4.66933483018767,46.0253081392159,0 4.66924857113449,46.0252096128977,0 4.66917329923804,46.0251322711287,0 4.6691036070252,46.0250683575358,0 4.66904542335065,46.0250300342417,0 4.66901577152444,46.0250201129329,0 4.66860955147639,46.0258650896069,0 4.66911670598864,46.0259941670396,0 4.66939282628572,46.0260644075234,0 
							</coordinates>
						</LinearRing>
					</outerBoundaryIs>
				</Polygon>
			</MultiGeometry>
		</Placemark>
		<Placemark id="personne_morale.68774">
<styleUrl>#personne_morale</styleUrl>			<visibility>0</visibility>
			<ExtendedData>
				<SchemaData schemaUrl="#personne_morale">
					<SimpleData name="Numero de Parcelle">692150000C0397</SimpleData>
					<SimpleData name="Departement">69</SimpleData>
					<SimpleData name="Commune">SAINT-JULIEN</SimpleData>
					<SimpleData name="Adresse">431, CHE DE LA CROIX MARPAUD</SimpleData>
					<SimpleData name="Groupe de personne">Personnes morales non remarquables</SimpleData>
					<SimpleData name="Forme Juridique Abregee">GFA</SimpleData>
					<SimpleData name="Denomination">GFA DE LA RIGODIERE</SimpleData>
				</SchemaData>
			</ExtendedData>
	<Region>
		<LatLonAltBox>
			<north> 46.0257046823518 </north>
			<south> 46.0253388536359 </south>
			<east> 4.66818137985219 </east>
			<west> 4.66769918101459 </west>
		</LatLonAltBox>
		<Lod>
			<minLodPixels>100</minLodPixels>
			<maxLodPixels>-1</maxLodPixels>
		</Lod>
	</Region>
			<MultiGeometry>
				<Polygon><altitudeMode>relativeToGround</altitudeMode>
					<outerBoundaryIs>
						<LinearRing>
							<coordinates>								4.66783115989621,46.0256560570904,0 4.66803502580772,46.02569737100101,0 4.66807067575178,46.0257046823518,0 4.66815331734404,46.0255049533646,0 4.66818137985219,46.0254368983038,0 4.66811368540294,46.02542177225411,0 4.6680186536612,46.025400563509,0 4.66803386862606,46.02536079917749,0 4.66790933448104,46.0253388536359,0 4.66788912997247,46.0253846359476,0 4.66779085365122,46.0253758142501,0 4.66776923010273,46.0254217074894,0 4.6677101794611,46.0254144701708,0 4.66769918101459,46.02544831791,0 4.66780061839205,46.025463307952,0 4.66776664016024,46.0255708102282,0 4.66786318750947,46.0255908259836,0 4.66783115989621,46.0256560570904,0 
							</coordinates>
						</LinearRing>
					</outerBoundaryIs>
				</Polygon>
			</MultiGeometry>
		</Placemark>
		<Placemark id="personne_morale.68876">
<styleUrl>#personne_morale</styleUrl>			<visibility>0</visibility>
			<ExtendedData>
				<SchemaData schemaUrl="#personne_morale">
					<SimpleData name="Numero de Parcelle">692150000C0398</SimpleData>
					<SimpleData name="Departement">69</SimpleData>
					<SimpleData name="Commune">SAINT-JULIEN</SimpleData>
					<SimpleData name="Adresse">GRANDES TERRES</SimpleData>
					<SimpleData name="Groupe de personne">Personnes morales non remarquables</SimpleData>
					<SimpleData name="Forme Juridique Abregee">GFA</SimpleData>
					<SimpleData name="Denomination">GFA DE LA RIGODIERE</SimpleData>
				</SchemaData>
			</ExtendedData>
	<Region>
		<LatLonAltBox>
			<north> 46.02542177225411 </north>
			<south> 46.02515746322861 </south>
			<east> 4.66819022998149 </east>
			<west> 4.6677101794611 </west>
		</LatLonAltBox>
		<Lod>
			<minLodPixels>100</minLodPixels>
			<maxLodPixels>-1</maxLodPixels>
		</Lod>
	</Region>
			<MultiGeometry>
				<Polygon><altitudeMode>relativeToGround</altitudeMode>
					<outerBoundaryIs>
						<LinearRing>
							<coordinates>								4.66811368540294,46.02542177225411,0 4.66819022998149,46.02515746322861,0 4.66775200145647,46.0252884783621,0 4.6677101794611,46.0254144701708,0 4.66776923010273,46.0254217074894,0 4.66779085365122,46.0253758142501,0 4.66788912997247,46.0253846359476,0 4.66790933448104,46.0253388536359,0 4.66803386862606,46.02536079917749,0 4.6680186536612,46.025400563509,0 4.66811368540294,46.02542177225411,0 
							</coordinates>
						</LinearRing>
					</outerBoundaryIs>
				</Polygon>
			</MultiGeometry>
		</Placemark>
		<Placemark id="personne_morale.69325">
<styleUrl>#personne_morale</styleUrl>			<visibility>0</visibility>
			<ExtendedData>
				<SchemaData schemaUrl="#personne_morale">
					<SimpleData name="Numero de Parcelle">692150000B0040</SimpleData>
					<SimpleData name="Departement">69</SimpleData>
					<SimpleData name="Commune">SAINT-JULIEN</SimpleData>
					<SimpleData name="Adresse">VARENNES</SimpleData>
					<SimpleData name="Groupe de personne">Personnes morales non remarquables</SimpleData>
					<SimpleData name="Forme Juridique Abregee">AUPM</SimpleData>
					<SimpleData name="Denomination">GFA DE LA RIGODIERE SAINT JULIEN</SimpleData>
				</SchemaData>
			</ExtendedData>
	<Region>
		<LatLonAltBox>
			<north> 46.02820405926481 </north>
			<south> 46.02765687217321 </south>
			<east> 4.65060504457987 </east>
			<west> 4.6499375969132 </west>
		</LatLonAltBox>
		<Lod>
			<minLodPixels>100</minLodPixels>
			<maxLodPixels>-1</maxLodPixels>
		</Lod>
	</Region>
			<MultiGeometry>
				<Polygon><altitudeMode>relativeToGround</altitudeMode>
					<outerBoundaryIs>
						<LinearRing>
							<coordinates>								4.65060114646893,46.02820405926481,0 4.65060504457987,46.02814437692301,0 4.65060056764354,46.02807707062451,0 4.65056407316202,46.0279941983308,0 4.65051275713681,46.0279258628054,0 4.65036798667972,46.0277767452851,0 4.65027417265286,46.02767966601461,0 4.6501447019285,46.02765687217321,0 4.6499375969132,46.0279555831608,0 4.65060114646893,46.02820405926481,0 
							</coordinates>
						</LinearRing>
					</outerBoundaryIs>
				</Polygon>
			</MultiGeometry>
		</Placemark>
		<Placemark id="personne_morale.69329">
<styleUrl>#personne_morale</styleUrl>			<visibility>0</visibility>
			<ExtendedData>
				<SchemaData schemaUrl="#personne_morale">
					<SimpleData name="Numero de Parcelle">692150000C0040</SimpleData>
					<SimpleData name="Departement">69</SimpleData>
					<SimpleData name="Commune">SAINT-JULIEN</SimpleData>
					<SimpleData name="Adresse">LONGSARD</SimpleData>
					<SimpleData name="Groupe de personne">Personnes morales non remarquables</SimpleData>
					<SimpleData name="Forme Juridique Abregee">GFA</SimpleData>
					<SimpleData name="Denomination">BRAC DE LA PERRIERE</SimpleData>
				</SchemaData>
			</ExtendedData>
	<Region>
		<LatLonAltBox>
			<north> 46.03584808999939 </north>
			<south> 46.033401012914 </south>
			<east> 4.67790956132008 </east>
			<west> 4.67519062807892 </west>
		</LatLonAltBox>
		<Lod>
			<minLodPixels>100</minLodPixels>
			<maxLodPixels>-1</maxLodPixels>
		</Lod>
	</Region>
			<MultiGeometry>
				<Polygon><altitudeMode>relativeToGround</altitudeMode>
					<outerBoundaryIs>
						<LinearRing>
							<coordinates>								4.67704516338327,46.03584808999939,0 4.67731095211038,46.0351367519998,0 4.67737323942169,46.03498262217461,0 4.6776190804643,46.03433831996449,0 4.67782360055766,46.0338064049735,0 4.67790956132008,46.0335805893653,0 4.67771154367416,46.03355415765739,0 4.67720450282901,46.0334826700849,0 4.67685142717173,46.0334348427656,0 4.67683891754235,46.0334656514365,0 4.67643489565061,46.033401012914,0 4.67633300330051,46.0337025411206,0 4.67630815127797,46.03376118357081,0 4.6761868051643,46.0341033504147,0 4.67594412592389,46.0340669478113,0 4.67537459069739,46.0339732281302,0 4.67536598299216,46.0340005563162,0 4.67519062807892,46.0345524812658,0 4.67531161868652,46.0346780513579,0 4.6756597074736,46.0350415605636,0 4.67566130802444,46.0350431581539,0 4.67613603131217,46.0355304408506,0 4.67622788279013,46.03562905976511,0 4.67696538275993,46.0358272933029,0 4.67704516338327,46.03584808999939,0 
							</coordinates>
						</LinearRing>
					</outerBoundaryIs>
				</Polygon>
			</MultiGeometry>
		</Placemark>
		<Placemark id="personne_morale.69576">
<styleUrl>#personne_morale</styleUrl>			<visibility>0</visibility>
			<ExtendedData>
				<SchemaData schemaUrl="#personne_morale">
					<SimpleData name="Numero de Parcelle">692150000C0400</SimpleData>
					<SimpleData name="Departement">69</SimpleData>
					<SimpleData name="Commune">SAINT-JULIEN</SimpleData>
					<SimpleData name="Adresse">GRANDES TERRES</SimpleData>
					<SimpleData name="Groupe de personne">Personnes morales non remarquables</SimpleData>
					<SimpleData name="Forme Juridique Abregee">AUPM</SimpleData>
					<SimpleData name="Denomination">GFA DE LA RIGODIERE SAINT JULIEN</SimpleData>
				</SchemaData>
			</ExtendedData>
	<Region>
		<LatLonAltBox>
			<north> 46.02641096410489 </north>
			<south> 46.0258088957645 </south>
			<east> 4.66734445051928 </east>
			<west> 4.66615476996081 </west>
		</LatLonAltBox>
		<Lod>
			<minLodPixels>100</minLodPixels>
			<maxLodPixels>-1</maxLodPixels>
		</Lod>
	</Region>
			<MultiGeometry>
				<Polygon><altitudeMode>relativeToGround</altitudeMode>
					<outerBoundaryIs>
						<LinearRing>
							<coordinates>								4.66678080407996,46.0262942474162,0 4.66689178719988,46.02633404708889,0 4.66709401877788,46.02641096410489,0 4.66711067898208,46.0263804557866,0 4.66734445051928,46.0259537816112,0 4.66680006866445,46.0258675763415,0 4.66645643041465,46.0258092207395,0 4.66642952613451,46.0258088957645,0 4.66615476996081,46.0260907987399,0 4.66641023699215,46.02616657406789,0 4.66678391166253,46.0262815920229,0 4.66678080407996,46.0262942474162,0 
							</coordinates>
						</LinearRing>
					</outerBoundaryIs>
				</Polygon>
			</MultiGeometry>
		</Placemark>
		<Placemark id="personne_morale.69660">
<styleUrl>#personne_morale</styleUrl>			<visibility>0</visibility>
			<ExtendedData>
				<SchemaData schemaUrl="#personne_morale">
					<SimpleData name="Numero de Parcelle">692150000C0401</SimpleData>
					<SimpleData name="Departement">69</SimpleData>
					<SimpleData name="Commune">SAINT-JULIEN</SimpleData>
					<SimpleData name="Adresse">GRANDES TERRES</SimpleData>
					<SimpleData name="Groupe de personne">Personnes morales non remarquables</SimpleData>
					<SimpleData name="Forme Juridique Abregee">AUPM</SimpleData>
					<SimpleData name="Denomination">GFA DE LA RIGODIERE SAINT JULIEN</SimpleData>
				</SchemaData>
			</ExtendedData>
	<Region>
		<LatLonAltBox>
			<north> 46.0260907987399 </north>
			<south> 46.0254078760712 </south>
			<east> 4.66668567845021 </east>
			<west> 4.66527120359833 </west>
		</LatLonAltBox>
		<Lod>
			<minLodPixels>100</minLodPixels>
			<maxLodPixels>-1</maxLodPixels>
		</Lod>
	</Region>
			<MultiGeometry>
				<Polygon><altitudeMode>relativeToGround</altitudeMode>
					<outerBoundaryIs>
						<LinearRing>
							<coordinates>								4.66529109235227,46.02581067703021,0 4.66527120359833,46.0258285327486,0 4.6657556544743,46.0259724598198,0 4.66615476996081,46.0260907987399,0 4.66642952613451,46.0258088957645,0 4.66645643041465,46.0258092207395,0 4.66668567845021,46.0254977229492,0 4.66660704827201,46.0255057244732,0 4.66652853025878,46.0255046273007,0 4.66629390626118,46.0254765527464,0 4.6659432587431,46.0254300076801,0 4.66575769049001,46.0254078760712,0 4.66529109235227,46.02581067703021,0 
							</coordinates>
						</LinearRing>
					</outerBoundaryIs>
				</Polygon>
			</MultiGeometry>
		</Placemark>
		<Placemark id="personne_morale.69738">
<styleUrl>#personne_morale</styleUrl>			<visibility>0</visibility>
			<ExtendedData>
				<SchemaData schemaUrl="#personne_morale">
					<SimpleData name="Numero de Parcelle">692150000C0402</SimpleData>
					<SimpleData name="Departement">69</SimpleData>
					<SimpleData name="Commune">SAINT-JULIEN</SimpleData>
					<SimpleData name="Adresse">SAUNIERES</SimpleData>
					<SimpleData name="Groupe de personne">Personnes morales non remarquables</SimpleData>
					<SimpleData name="Forme Juridique Abregee">AUPM</SimpleData>
					<SimpleData name="Denomination">GFA DE LA RIGODIERE SAINT JULIEN</SimpleData>
				</SchemaData>
			</ExtendedData>
	<Region>
		<LatLonAltBox>
			<north> 46.0291176954285 </north>
			<south> 46.02869571719679 </south>
			<east> 4.66226288699956 </east>
			<west> 4.66152998425586 </west>
		</LatLonAltBox>
		<Lod>
			<minLodPixels>100</minLodPixels>
			<maxLodPixels>-1</maxLodPixels>
		</Lod>
	</Region>
			<MultiGeometry>
				<Polygon><altitudeMode>relativeToGround</altitudeMode>
					<outerBoundaryIs>
						<LinearRing>
							<coordinates>								4.66167407359915,46.02869571719679,0 4.66152998425586,46.0290067665273,0 4.66154552148839,46.02900743945731,0 4.66207306646198,46.0291176954285,0 4.66226288699956,46.0287924643381,0 4.66198323149786,46.02874657692281,0 4.66167407359915,46.02869571719679,0 
							</coordinates>
						</LinearRing>
					</outerBoundaryIs>
				</Polygon>
			</MultiGeometry>
		</Placemark>
		<Placemark id="personne_morale.69816">
<styleUrl>#personne_morale</styleUrl>			<visibility>0</visibility>
			<ExtendedData>
				<SchemaData schemaUrl="#personne_morale">
					<SimpleData name="Numero de Parcelle">692150000C0403</SimpleData>
					<SimpleData name="Departement">69</SimpleData>
					<SimpleData name="Commune">SAINT-JULIEN</SimpleData>
					<SimpleData name="Adresse">SAUNIERES</SimpleData>
					<SimpleData name="Groupe de personne">Personnes morales non remarquables</SimpleData>
					<SimpleData name="Forme Juridique Abregee">AUPM</SimpleData>
					<SimpleData name="Denomination">GFA DE LA RIGODIERE SAINT JULIEN</SimpleData>
				</SchemaData>
			</ExtendedData>
	<Region>
		<LatLonAltBox>
			<north> 46.0296841330973 </north>
			<south> 46.028508733718 </south>
			<east> 4.66167407359915 </east>
			<west> 4.66022845737539 </west>
		</LatLonAltBox>
		<Lod>
			<minLodPixels>100</minLodPixels>
			<maxLodPixels>-1</maxLodPixels>
		</Lod>
	</Region>
			<MultiGeometry>
				<Polygon><altitudeMode>relativeToGround</altitudeMode>
					<outerBoundaryIs>
						<LinearRing>
							<coordinates>								4.66056169094874,46.028508733718,0 4.66049692670522,46.0285864213878,0 4.66042484021176,46.02869997370771,0 4.6603636623267,46.0288065209305,0 4.66031361630174,46.02890488890691,0 4.66028700266547,46.0289570684647,0 4.66024914487979,46.0290693987186,0 4.66023660615799,46.0291509147526,0 4.66022845737539,46.0292065166597,0 4.66023028051061,46.02924548986331,0 4.66024496539902,46.0293464223335,0 4.66026129857137,46.0294291367064,0 4.66026389811289,46.0294424288517,0 4.66029058404609,46.02947401248201,0 4.66038010933527,46.029548269041,0 4.66050731433122,46.0296498949531,0 4.66054339091405,46.0296841330973,0 4.66082042450637,46.0293690656421,0 4.66088825045162,46.0292899818958,0 4.66114794537192,46.02898750711249,0 4.66136413180178,46.02899983044699,0 4.66152998425586,46.0290067665273,0 4.66167407359915,46.02869571719679,0 4.66108616973479,46.0285990437669,0 4.66056169094874,46.028508733718,0 
							</coordinates>
						</LinearRing>
					</outerBoundaryIs>
				</Polygon>
			</MultiGeometry>
		</Placemark>
		<Placemark id="personne_morale.69991">
<styleUrl>#personne_morale</styleUrl>			<visibility>0</visibility>
			<ExtendedData>
				<SchemaData schemaUrl="#personne_morale">
					<SimpleData name="Numero de Parcelle">692150000C0404</SimpleData>
					<SimpleData name="Departement">69</SimpleData>
					<SimpleData name="Commune">SAINT-JULIEN</SimpleData>
					<SimpleData name="Adresse">PLACES BLANCHES</SimpleData>
					<SimpleData name="Groupe de personne">Personnes morales non remarquables</SimpleData>
					<SimpleData name="Forme Juridique Abregee">AUPM</SimpleData>
					<SimpleData name="Denomination">GFA DE LA RIGODIERE SAINT JULIEN</SimpleData>
				</SchemaData>
			</ExtendedData>
	<Region>
		<LatLonAltBox>
			<north> 46.02397500575221 </north>
			<south> 46.0230125104786 </south>
			<east> 4.67279448449426 </east>
			<west> 4.67033248344954 </west>
		</LatLonAltBox>
		<Lod>
			<minLodPixels>100</minLodPixels>
			<maxLodPixels>-1</maxLodPixels>
		</Lod>
	</Region>
			<MultiGeometry>
				<Polygon><altitudeMode>relativeToGround</altitudeMode>
					<outerBoundaryIs>
						<LinearRing>
							<coordinates>								4.67106248257475,46.0232258561697,0 4.6704788143257,46.0233056154253,0 4.67040924453132,46.0236245855617,0 4.67035703297944,46.02386376859591,0 4.67034873607008,46.0239013597179,0 4.67033248344954,46.02397500575221,0 4.67101472117322,46.0239603553334,0 4.67164287558485,46.0239529835161,0 4.672207005593,46.023940608307,0 4.67265652045693,46.0239305523819,0 4.67271595049426,46.0235039172824,0 4.67279448449426,46.0230125104786,0 4.67183618890787,46.0231283391803,0 4.67132502425171,46.02319001015861,0 4.67117128515626,46.0232110116665,0 4.67106248257475,46.0232258561697,0 
							</coordinates>
						</LinearRing>
					</outerBoundaryIs>
				</Polygon>
			</MultiGeometry>
		</Placemark>
		<Placemark id="personne_morale.70066">
<styleUrl>#personne_morale</styleUrl>			<visibility>0</visibility>
			<ExtendedData>
				<SchemaData schemaUrl="#personne_morale">
					<SimpleData name="Numero de Parcelle">692150000C0405</SimpleData>
					<SimpleData name="Departement">69</SimpleData>
					<SimpleData name="Commune">SAINT-JULIEN</SimpleData>
					<SimpleData name="Adresse">PLACES BLANCHES</SimpleData>
					<SimpleData name="Groupe de personne">Personnes morales non remarquables</SimpleData>
					<SimpleData name="Forme Juridique Abregee">AUPM</SimpleData>
					<SimpleData name="Denomination">GFA DE LA RIGODIERE SAINT JULIEN</SimpleData>
				</SchemaData>
			</ExtendedData>
	<Region>
		<LatLonAltBox>
			<north> 46.02504388380079 </north>
			<south> 46.0229577026051 </south>
			<east> 4.67395487801495 </east>
			<west> 4.6711055223967 </west>
		</LatLonAltBox>
		<Lod>
			<minLodPixels>100</minLodPixels>
			<maxLodPixels>-1</maxLodPixels>
		</Lod>
	</Region>
			<MultiGeometry>
				<Polygon><altitudeMode>relativeToGround</altitudeMode>
					<outerBoundaryIs>
						<LinearRing>
							<coordinates>								4.67321858161711,46.0229577026051,0 4.67279448449426,46.0230125104786,0 4.67271595049426,46.0235039172824,0 4.67265652045693,46.0239305523819,0 4.672207005593,46.023940608307,0 4.67164287558485,46.0239529835161,0 4.67160817734141,46.0242066802594,0 4.6715200136946,46.024798565326,0 4.6711055223967,46.0247998138531,0 4.67111629943776,46.0250395996809,0 4.67127442296418,46.0250435729498,0 4.67145116601301,46.0250433083552,0 4.67184602825218,46.0250427984896,0 4.67310917896721,46.02504388380079,0 4.67326089870729,46.02479062057189,0 4.67328164720338,46.0243378956664,0 4.67342758544348,46.024145424304,0 4.67358652507977,46.0239383496451,0 4.67369397840248,46.0237984162474,0 4.67395487801495,46.0234919298171,0 4.67377921678386,46.0232004475878,0 4.67361864477101,46.02308185568901,0 4.67353724640386,46.02297749634571,0 4.67340518003294,46.02301385294739,0 4.67319375190931,46.0230722771792,0 4.67321858161711,46.0229577026051,0 
							</coordinates>
						</LinearRing>
					</outerBoundaryIs>
				</Polygon>
			</MultiGeometry>
		</Placemark>
		<Placemark id="personne_morale.70645">
<styleUrl>#personne_morale</styleUrl>			<visibility>0</visibility>
			<ExtendedData>
				<SchemaData schemaUrl="#personne_morale">
					<SimpleData name="Numero de Parcelle">692150000B0410</SimpleData>
					<SimpleData name="Departement">69</SimpleData>
					<SimpleData name="Commune">SAINT-JULIEN</SimpleData>
					<SimpleData name="Adresse">45, RUE DU CEP</SimpleData>
					<SimpleData name="Groupe de personne">Personnes morales non remarquables</SimpleData>
					<SimpleData name="Forme Juridique Abregee">SCA</SimpleData>
					<SimpleData name="Denomination">CAVE COOPERATIVE ST JULIEN</SimpleData>
				</SchemaData>
			</ExtendedData>
	<Region>
		<LatLonAltBox>
			<north> 46.0240415605447 </north>
			<south> 46.02318943819521 </south>
			<east> 4.64624053765972 </east>
			<west> 4.64417811325506 </west>
		</LatLonAltBox>
		<Lod>
			<minLodPixels>100</minLodPixels>
			<maxLodPixels>-1</maxLodPixels>
		</Lod>
	</Region>
			<MultiGeometry>
				<Polygon><altitudeMode>relativeToGround</altitudeMode>
					<outerBoundaryIs>
						<LinearRing>
							<coordinates>								4.64425299097104,46.0238906175725,0 4.64450797857031,46.0239950004123,0 4.64457749565357,46.0240108345413,0 4.64475496515269,46.0240220397108,0 4.64502879597653,46.0240344579849,0 4.64518480922011,46.0240415605447,0 4.64523803955897,46.0240359241272,0 4.64542756025816,46.0239961545409,0 4.64546713423689,46.0239878340803,0 4.64570139846108,46.0237970896885,0 4.6457786744314,46.0237611109616,0 4.64608217864482,46.0236893318395,0 4.64624053765972,46.02364956311371,0 4.64598760892882,46.0235837937359,0 4.64546574126675,46.0234529361051,0 4.64488227289831,46.02332873456759,0 4.6444269510189,46.0232352756585,0 4.64417811325506,46.02318943819521,0 4.64425299097104,46.0238906175725,0 
							</coordinates>
						</LinearRing>
					</outerBoundaryIs>
				</Polygon>
			</MultiGeometry>
		</Placemark>
		<Placemark id="personne_morale.71236">
<styleUrl>#personne_morale</styleUrl>			<visibility>0</visibility>
			<ExtendedData>
				<SchemaData schemaUrl="#personne_morale">
					<SimpleData name="Numero de Parcelle">692150000B0418</SimpleData>
					<SimpleData name="Departement">69</SimpleData>
					<SimpleData name="Commune">SAINT-JULIEN</SimpleData>
					<SimpleData name="Adresse">LE BOURG</SimpleData>
					<SimpleData name="Groupe de personne">Personnes morales non remarquables</SimpleData>
					<SimpleData name="Forme Juridique Abregee">GFA</SimpleData>
					<SimpleData name="Denomination">CALANDE   DE LA</SimpleData>
				</SchemaData>
			</ExtendedData>
	<Region>
		<LatLonAltBox>
			<north> 46.0298359802983 </north>
			<south> 46.0283809276781 </south>
			<east> 4.65430113600868 </east>
			<west> 4.64994354904295 </west>
		</LatLonAltBox>
		<Lod>
			<minLodPixels>100</minLodPixels>
			<maxLodPixels>-1</maxLodPixels>
		</Lod>
	</Region>
			<MultiGeometry>
				<Polygon><altitudeMode>relativeToGround</altitudeMode>
					<outerBoundaryIs>
						<LinearRing>
							<coordinates>								4.65428270952708,46.0288353599965,0 4.65373942241974,46.0287083647663,0 4.65300093143996,46.0285355767488,0 4.65233384975347,46.0283809276781,0 4.65205706547192,46.02916198649771,0 4.65152150834801,46.0290124408525,0 4.65107674044611,46.0289925303626,0 4.65082562403784,46.028983848597,0 4.65026275090768,46.0289623224579,0 4.64994354904295,46.0289512974693,0 4.65023848479115,46.0290241027032,0 4.65133019562503,46.0292857950926,0 4.65238044415602,46.02953574212991,0 4.65317127333989,46.0297329002336,0 4.65359449762626,46.0298359802983,0 4.65339172972356,46.0295603551146,0 4.65362996773187,46.0295061708863,0 4.65348599389971,46.0292635540203,0 4.65368254348917,46.0292378090959,0 4.65383823360222,46.02942711411139,0 4.65428178908513,46.02926040870771,0 4.65429614738769,46.0291703103568,0 4.65430113600868,46.02903954753049,0 4.65429770689022,46.02893845017081,0 4.65428270952708,46.0288353599965,0 
							</coordinates>
						</LinearRing>
					</outerBoundaryIs>
				</Polygon>
			</MultiGeometry>
		</Placemark>
		<Placemark id="personne_morale.71316">
<styleUrl>#personne_morale</styleUrl>			<visibility>0</visibility>
			<ExtendedData>
				<SchemaData schemaUrl="#personne_morale">
					<SimpleData name="Numero de Parcelle">692150000B0419</SimpleData>
					<SimpleData name="Departement">69</SimpleData>
					<SimpleData name="Commune">SAINT-JULIEN</SimpleData>
					<SimpleData name="Adresse">LE BOURG</SimpleData>
					<SimpleData name="Groupe de personne">Personnes morales non remarquables</SimpleData>
					<SimpleData name="Forme Juridique Abregee">AUPM</SimpleData>
					<SimpleData name="Denomination">GFA DE LA RIGODIERE SAINT JULIEN</SimpleData>
				</SchemaData>
			</ExtendedData>
	<Region>
		<LatLonAltBox>
			<north> 46.0298842860179 </north>
			<south> 46.0292378090959 </south>
			<east> 4.65405849885409 </east>
			<west> 4.65339172972356 </west>
		</LatLonAltBox>
		<Lod>
			<minLodPixels>100</minLodPixels>
			<maxLodPixels>-1</maxLodPixels>
		</Lod>
	</Region>
			<MultiGeometry>
				<Polygon><altitudeMode>relativeToGround</altitudeMode>
					<outerBoundaryIs>
						<LinearRing>
							<coordinates>								4.65405849885409,46.02969113450391,0 4.65383823360222,46.02942711411139,0 4.65368254348917,46.0292378090959,0 4.65348599389971,46.0292635540203,0 4.65362996773187,46.0295061708863,0 4.65339172972356,46.0295603551146,0 4.65359449762626,46.0298359802983,0 4.65379625026299,46.0298842860179,0 4.653921961518,46.0297990479403,0 4.65400065870767,46.0297414263797,0 4.65405849885409,46.02969113450391,0 
							</coordinates>
						</LinearRing>
					</outerBoundaryIs>
				</Polygon>
			</MultiGeometry>
		</Placemark>
		<Placemark id="personne_morale.72303">
<styleUrl>#personne_morale</styleUrl>			<visibility>0</visibility>
			<ExtendedData>
				<SchemaData schemaUrl="#personne_morale">
					<SimpleData name="Numero de Parcelle">692150000A0429</SimpleData>
					<SimpleData name="Departement">69</SimpleData>
					<SimpleData name="Commune">SAINT-JULIEN</SimpleData>
					<SimpleData name="Adresse">ESPAGNE</SimpleData>
					<SimpleData name="Groupe de personne">Personnes morales non remarquables</SimpleData>
					<SimpleData name="Forme Juridique Abregee">AUPM</SimpleData>
					<SimpleData name="Denomination">GFA LACROIX ROCHE</SimpleData>
				</SchemaData>
			</ExtendedData>
	<Region>
		<LatLonAltBox>
			<north> 46.0183205944745 </north>
			<south> 46.0182971710289 </south>
			<east> 4.63400752072081 </east>
			<west> 4.63397077310406 </west>
		</LatLonAltBox>
		<Lod>
			<minLodPixels>100</minLodPixels>
			<maxLodPixels>-1</maxLodPixels>
		</Lod>
	</Region>
			<MultiGeometry>
				<Polygon><altitudeMode>relativeToGround</altitudeMode>
					<outerBoundaryIs>
						<LinearRing>
							<coordinates>								4.63397077310406,46.0183007916208,0 4.63397161993703,46.0183205944745,0 4.63400752072081,46.0183192662143,0 4.63400324446049,46.0182971710289,0 4.63397077310406,46.0183007916208,0 
							</coordinates>
						</LinearRing>
					</outerBoundaryIs>
				</Polygon>
			</MultiGeometry>
		</Placemark>
		<Placemark id="personne_morale.72902">
<styleUrl>#personne_morale</styleUrl>			<visibility>0</visibility>
			<ExtendedData>
				<SchemaData schemaUrl="#personne_morale">
					<SimpleData name="Numero de Parcelle">692150000C0435</SimpleData>
					<SimpleData name="Departement">69</SimpleData>
					<SimpleData name="Commune">SAINT-JULIEN</SimpleData>
					<SimpleData name="Adresse">373, ALL DES ECUREUILS</SimpleData>
					<SimpleData name="Groupe de personne">Personnes morales non remarquables</SimpleData>
					<SimpleData name="Forme Juridique Abregee">SCI</SimpleData>
					<SimpleData name="Denomination">SCI LAKEY</SimpleData>
				</SchemaData>
			</ExtendedData>
	<Region>
		<LatLonAltBox>
			<north> 46.0303546455164 </north>
			<south> 46.02933963034199 </south>
			<east> 4.68013058317159 </east>
			<west> 4.67852310564945 </west>
		</LatLonAltBox>
		<Lod>
			<minLodPixels>100</minLodPixels>
			<maxLodPixels>-1</maxLodPixels>
		</Lod>
	</Region>
			<MultiGeometry>
				<Polygon><altitudeMode>relativeToGround</altitudeMode>
					<outerBoundaryIs>
						<LinearRing>
							<coordinates>								4.67852310564945,46.0294179505345,0 4.6785550923631,46.0297245238118,0 4.67856527061834,46.02982921399331,0 4.67861622293445,46.0303546455164,0 4.67875688969708,46.0302903242031,0 4.67883256082758,46.03025722875961,0 4.67902130648783,46.0301751718469,0 4.6790515517223,46.0301620240166,0 4.67917878065543,46.0301065478971,0 4.67945429762666,46.02998654644459,0 4.68013058317159,46.02968577946361,0 4.68009004688087,46.0295144375536,0 4.68005945499328,46.0293680776368,0 4.68001167345983,46.02934050402579,0 4.67989816684816,46.0293413757372,0 4.67983735041047,46.02935272514781,0 4.67977944069695,46.029395735927,0 4.679730292459,46.0294207830658,0 4.67968951800488,46.0294278723219,0 4.67966583215348,46.0294229092202,0 4.6795918706991,46.02938491504529,0 4.67952917338198,46.029347384402,0 4.67949324730563,46.02933963034199,0 4.67944819114698,46.0293420092701,0 4.67936349345605,46.0293631695724,0 4.67930171435896,46.0293768747645,0 4.67924390888073,46.0294021400219,0 4.67915147797239,46.02942413528829,0 4.67901543178452,46.0294448851073,0 4.67895000888181,46.0294493669205,0 4.67887571728448,46.02944713477509,0 4.67874856781701,46.02943739906609,0 4.67862020292503,46.0294259698944,0 4.67852310564945,46.0294179505345,0 
							</coordinates>
						</LinearRing>
					</outerBoundaryIs>
				</Polygon>
			</MultiGeometry>
		</Placemark>
		<Placemark id="personne_morale.72983">
<styleUrl>#personne_morale</styleUrl>			<visibility>0</visibility>
			<ExtendedData>
				<SchemaData schemaUrl="#personne_morale">
					<SimpleData name="Numero de Parcelle">692150000C0436</SimpleData>
					<SimpleData name="Departement">69</SimpleData>
					<SimpleData name="Commune">SAINT-JULIEN</SimpleData>
					<SimpleData name="Adresse">LONGSARD</SimpleData>
					<SimpleData name="Groupe de personne">Personnes morales non remarquables</SimpleData>
					<SimpleData name="Forme Juridique Abregee">SCI</SimpleData>
					<SimpleData name="Denomination">SCI LAKEY</SimpleData>
				</SchemaData>
			</ExtendedData>
	<Region>
		<LatLonAltBox>
			<north> 46.03086168462351 </north>
			<south> 46.029409413812 </south>
			<east> 4.67861622293445 </east>
			<west> 4.67483755055317 </west>
		</LatLonAltBox>
		<Lod>
			<minLodPixels>100</minLodPixels>
			<maxLodPixels>-1</maxLodPixels>
		</Lod>
	</Region>
			<MultiGeometry>
				<Polygon><altitudeMode>relativeToGround</altitudeMode>
					<outerBoundaryIs>
						<LinearRing>
							<coordinates>								4.67483755055317,46.03032263461521,0 4.67504785048385,46.0303833862371,0 4.67528384927482,46.03045573688441,0 4.67535997769469,46.0304757779999,0 4.67560197878209,46.0305371408769,0 4.6761041738434,46.03066698178,0 4.67639105707136,46.0307413698672,0 4.67654032650654,46.0307767210893,0 4.67686723231032,46.03086168462351,0 4.67717070146718,46.03086079752411,0 4.67732239548003,46.0308145089051,0 4.67770972964283,46.0307015037641,0 4.67788714451738,46.0306463671378,0 4.67809349008487,46.0305816148324,0 4.67827686679175,46.0305099966715,0 4.67861622293445,46.0303546455164,0 4.67856527061834,46.02982921399331,0 4.6785550923631,46.0297245238118,0 4.67852310564945,46.0294179505345,0 4.67841836338105,46.029409413812,0 4.67832035843466,46.02940978418409,0 4.67826179667268,46.0294187575513,0 4.67817323699472,46.0294532143553,0 4.67795821501533,46.0295682640268,0 4.67785958066575,46.0296285395284,0 4.67768528092523,46.0297136231936,0 4.67757503346063,46.0297535344849,0 4.6773658492253,46.0298268844941,0 4.67727276451851,46.0298614075398,0 4.67714082706767,46.0298982167189,0 4.67698605852478,46.0299368947142,0 4.67687871129994,46.0299786538634,0 4.67670066455547,46.0300427151536,0 4.67662142650459,46.0300606401817,0 4.67654338984785,46.0300840416208,0 4.67643995783558,46.0300845806914,0 4.67620722001141,46.0301064869458,0 4.67591499935765,46.0301156717397,0 4.67578129173627,46.0301199003483,0 4.67562569929043,46.0301231012843,0 4.67555901876746,46.0301245373551,0 4.67540729116784,46.0301145307214,0 4.67530719770769,46.03011429885431,0 4.6750389743024,46.0301174523252,0 4.67488525791866,46.0301143196607,0 4.67483755055317,46.03032263461521,0 
							</coordinates>
						</LinearRing>
					</outerBoundaryIs>
				</Polygon>
			</MultiGeometry>
		</Placemark>
		<Placemark id="personne_morale.73164">
<styleUrl>#personne_morale</styleUrl>			<visibility>0</visibility>
			<ExtendedData>
				<SchemaData schemaUrl="#personne_morale">
					<SimpleData name="Numero de Parcelle">692150000A0439</SimpleData>
					<SimpleData name="Departement">69</SimpleData>
					<SimpleData name="Commune">SAINT-JULIEN</SimpleData>
					<SimpleData name="Adresse">ESPAGNE</SimpleData>
					<SimpleData name="Groupe de personne">Personnes morales non remarquables</SimpleData>
					<SimpleData name="Forme Juridique Abregee">AUPM</SimpleData>
					<SimpleData name="Denomination">GFA D ESPAGNE</SimpleData>
				</SchemaData>
			</ExtendedData>
	<Region>
		<LatLonAltBox>
			<north> 46.0181644316649 </north>
			<south> 46.0178559655551 </south>
			<east> 4.62575925417992 </east>
			<west> 4.62513414412449 </west>
		</LatLonAltBox>
		<Lod>
			<minLodPixels>100</minLodPixels>
			<maxLodPixels>-1</maxLodPixels>
		</Lod>
	</Region>
			<MultiGeometry>
				<Polygon><altitudeMode>relativeToGround</altitudeMode>
					<outerBoundaryIs>
						<LinearRing>
							<coordinates>								4.62513414412449,46.0180121033339,0 4.62514510878711,46.0181644316649,0 4.62559373181935,46.0180382063986,0 4.6257416720474,46.0178778341777,0 4.62575925417992,46.0178559655551,0 4.62513414412449,46.0180121033339,0 
							</coordinates>
						</LinearRing>
					</outerBoundaryIs>
				</Polygon>
			</MultiGeometry>
		</Placemark>
		<Placemark id="personne_morale.73238">
<styleUrl>#personne_morale</styleUrl>			<visibility>0</visibility>
			<ExtendedData>
				<SchemaData schemaUrl="#personne_morale">
					<SimpleData name="Numero de Parcelle">692150000A0044</SimpleData>
					<SimpleData name="Departement">69</SimpleData>
					<SimpleData name="Commune">SAINT-JULIEN</SimpleData>
					<SimpleData name="Adresse">LES GRANGES D ESPAGNE</SimpleData>
					<SimpleData name="Groupe de personne">Personnes morales non remarquables</SimpleData>
					<SimpleData name="Forme Juridique Abregee">AUPM</SimpleData>
					<SimpleData name="Denomination">GFA LACROIX ROCHE</SimpleData>
				</SchemaData>
			</ExtendedData>
	<Region>
		<LatLonAltBox>
			<north> 46.0231935954811 </north>
			<south> 46.0219526886488 </south>
			<east> 4.6313497814578 </east>
			<west> 4.6286926472788 </west>
		</LatLonAltBox>
		<Lod>
			<minLodPixels>100</minLodPixels>
			<maxLodPixels>-1</maxLodPixels>
		</Lod>
	</Region>
			<MultiGeometry>
				<Polygon><altitudeMode>relativeToGround</altitudeMode>
					<outerBoundaryIs>
						<LinearRing>
							<coordinates>								4.62986075693074,46.0228720426648,0 4.62991359010872,46.0229228019586,0 4.62997564958172,46.0229664032035,0 4.63004936127425,46.022962550932,0 4.63009274296622,46.0229779591459,0 4.63015875756854,46.0230023188432,0 4.6302558459839,46.0229845298673,0 4.63035817558913,46.02302142698329,0 4.63039867262498,46.023031112203,0 4.63060861156737,46.0230343966544,0 4.63074835333266,46.0230379702514,0 4.63084941926183,46.0230801991478,0 4.63100605728888,46.0231652213251,0 4.63114073508315,46.0231898532556,0 4.63123742779389,46.0231935954811,0 4.63133857478238,46.0228636601589,0 4.6313497814578,46.02282738141951,0 4.63085325159609,46.0226731249556,0 4.62988227552615,46.0223634774135,0 4.62988031564648,46.0223627850524,0 4.62922223256309,46.02215788462439,0 4.62933134386663,46.0220353542264,0 4.62921111195886,46.0219526886488,0 4.6291789238945,46.021983414333,0 4.62917099544054,46.02199073377481,0 4.6286926472788,46.0221400071792,0 4.62889847964958,46.0223103404721,0 4.62900586507022,46.0223695931304,0 4.62919721800015,46.02247879748121,0 4.62926211059853,46.0225351480806,0 4.62935387040081,46.0226124585859,0 4.62947199686534,46.0226720067384,0 4.62962323630598,46.0227363926767,0 4.62970358914087,46.0228039594114,0 4.62985569919054,46.0228671616405,0 4.62986075693074,46.0228720426648,0 
							</coordinates>
						</LinearRing>
					</outerBoundaryIs>
				</Polygon>
			</MultiGeometry>
		</Placemark>
		<Placemark id="personne_morale.73954">
<styleUrl>#personne_morale</styleUrl>			<visibility>0</visibility>
			<ExtendedData>
				<SchemaData schemaUrl="#personne_morale">
					<SimpleData name="Numero de Parcelle">692150000A0447</SimpleData>
					<SimpleData name="Departement">69</SimpleData>
					<SimpleData name="Commune">SAINT-JULIEN</SimpleData>
					<SimpleData name="Adresse">LES GRANDES TERRES</SimpleData>
					<SimpleData name="Groupe de personne">Personnes morales non remarquables</SimpleData>
					<SimpleData name="Forme Juridique Abregee">AUPM</SimpleData>
					<SimpleData name="Denomination">GFA D ESPAGNE</SimpleData>
				</SchemaData>
			</ExtendedData>
	<Region>
		<LatLonAltBox>
			<north> 46.02415102856011 </north>
			<south> 46.0236502341536 </south>
			<east> 4.61945676123364 </east>
			<west> 4.61878643688569 </west>
		</LatLonAltBox>
		<Lod>
			<minLodPixels>100</minLodPixels>
			<maxLodPixels>-1</maxLodPixels>
		</Lod>
	</Region>
			<MultiGeometry>
				<Polygon><altitudeMode>relativeToGround</altitudeMode>
					<outerBoundaryIs>
						<LinearRing>
							<coordinates>								4.61945676123364,46.0240352626314,0 4.61903349496318,46.0236502341536,0 4.61878643688569,46.0237476141549,0 4.61878736276016,46.0237483214753,0 4.61917580136433,46.02414934014211,0 4.61917740260784,46.02415102856011,0 4.61945676123364,46.0240352626314,0 
							</coordinates>
						</LinearRing>
					</outerBoundaryIs>
				</Polygon>
			</MultiGeometry>
		</Placemark>
		<Placemark id="personne_morale.74088">
<styleUrl>#personne_morale</styleUrl>			<visibility>0</visibility>
			<ExtendedData>
				<SchemaData schemaUrl="#personne_morale">
					<SimpleData name="Numero de Parcelle">692150000C0449</SimpleData>
					<SimpleData name="Departement">69</SimpleData>
					<SimpleData name="Commune">SAINT-JULIEN</SimpleData>
					<SimpleData name="Adresse">CHAMBELY</SimpleData>
					<SimpleData name="Groupe de personne">Personnes morales non remarquables</SimpleData>
					<SimpleData name="Forme Juridique Abregee">SCI</SimpleData>
					<SimpleData name="Denomination">DUFOUR IMMO</SimpleData>
				</SchemaData>
			</ExtendedData>
	<Region>
		<LatLonAltBox>
			<north> 46.0277010328892 </north>
			<south> 46.02759385585691 </south>
			<east> 4.67363843267544 </east>
			<west> 4.67347752971625 </west>
		</LatLonAltBox>
		<Lod>
			<minLodPixels>100</minLodPixels>
			<maxLodPixels>-1</maxLodPixels>
		</Lod>
	</Region>
			<MultiGeometry>
				<Polygon><altitudeMode>relativeToGround</altitudeMode>
					<outerBoundaryIs>
						<LinearRing>
							<coordinates>								4.67363843267544,46.0276878028383,0 4.67362044496195,46.02759385585691,0 4.67353577930372,46.0276033023183,0 4.67347752971625,46.0276097466789,0 4.67348847502816,46.027676236425,0 4.67349272082017,46.0277010328892,0 4.67356183544975,46.02769469830299,0 4.67363843267544,46.0276878028383,0 
							</coordinates>
						</LinearRing>
					</outerBoundaryIs>
				</Polygon>
			</MultiGeometry>
		</Placemark>
		<Placemark id="personne_morale.74560">
<styleUrl>#personne_morale</styleUrl>			<visibility>0</visibility>
			<ExtendedData>
				<SchemaData schemaUrl="#personne_morale">
					<SimpleData name="Numero de Parcelle">692150000A0452</SimpleData>
					<SimpleData name="Departement">69</SimpleData>
					<SimpleData name="Commune">SAINT-JULIEN</SimpleData>
					<SimpleData name="Adresse">ESPAGNE</SimpleData>
					<SimpleData name="Groupe de personne">Personnes morales non remarquables</SimpleData>
					<SimpleData name="Forme Juridique Abregee">AUPM</SimpleData>
					<SimpleData name="Denomination">GFA D ESPAGNE</SimpleData>
				</SchemaData>
			</ExtendedData>
	<Region>
		<LatLonAltBox>
			<north> 46.02008525392709 </north>
			<south> 46.0191635024147 </south>
			<east> 4.6285384153849 </east>
			<west> 4.62762803436499 </west>
		</LatLonAltBox>
		<Lod>
			<minLodPixels>100</minLodPixels>
			<maxLodPixels>-1</maxLodPixels>
		</Lod>
	</Region>
			<MultiGeometry>
				<Polygon><altitudeMode>relativeToGround</altitudeMode>
					<outerBoundaryIs>
						<LinearRing>
							<coordinates>								4.62820542010638,46.02008525392709,0 4.6285384153849,46.0193589317441,0 4.62842177599972,46.0193144027747,0 4.62825231952672,46.01925442026771,0 4.62805227636764,46.0192224378371,0 4.62762855394228,46.0191635850206,0 4.62762803436499,46.0191635024147,0 4.62777040712155,46.01967133429439,0 4.62820542010638,46.02008525392709,0 
							</coordinates>
						</LinearRing>
					</outerBoundaryIs>
				</Polygon>
			</MultiGeometry>
		</Placemark>
		<Placemark id="personne_morale.74633">
<styleUrl>#personne_morale</styleUrl>			<visibility>0</visibility>
			<ExtendedData>
				<SchemaData schemaUrl="#personne_morale">
					<SimpleData name="Numero de Parcelle">692150000A0453</SimpleData>
					<SimpleData name="Departement">69</SimpleData>
					<SimpleData name="Commune">SAINT-JULIEN</SimpleData>
					<SimpleData name="Adresse">ESPAGNE</SimpleData>
					<SimpleData name="Groupe de personne">Personnes morales non remarquables</SimpleData>
					<SimpleData name="Forme Juridique Abregee">AUPM</SimpleData>
					<SimpleData name="Denomination">GFA LACROIX ROCHE</SimpleData>
				</SchemaData>
			</ExtendedData>
	<Region>
		<LatLonAltBox>
			<north> 46.02008525392709 </north>
			<south> 46.0193589317441 </south>
			<east> 4.6291163226761 </east>
			<west> 4.62820542010638 </west>
		</LatLonAltBox>
		<Lod>
			<minLodPixels>100</minLodPixels>
			<maxLodPixels>-1</maxLodPixels>
		</Lod>
	</Region>
			<MultiGeometry>
				<Polygon><altitudeMode>relativeToGround</altitudeMode>
					<outerBoundaryIs>
						<LinearRing>
							<coordinates>								4.62820542010638,46.02008525392709,0 4.62843555679811,46.020076813374,0 4.62854862252179,46.02005735511641,0 4.62866511568621,46.0200095660284,0 4.62877198541621,46.0199467836465,0 4.62908256338566,46.01967733841931,0 4.6291163226761,46.0196080408993,0 4.62910261701556,46.0195774345454,0 4.62886596989458,46.0194838325527,0 4.6285384153849,46.0193589317441,0 4.62820542010638,46.02008525392709,0 
							</coordinates>
						</LinearRing>
					</outerBoundaryIs>
				</Polygon>
			</MultiGeometry>
		</Placemark>
		<Placemark id="personne_morale.75685">
<styleUrl>#personne_morale</styleUrl>			<visibility>0</visibility>
			<ExtendedData>
				<SchemaData schemaUrl="#personne_morale">
					<SimpleData name="Numero de Parcelle">692150000A0466</SimpleData>
					<SimpleData name="Departement">69</SimpleData>
					<SimpleData name="Commune">SAINT-JULIEN</SimpleData>
					<SimpleData name="Adresse">MONTS VERRIERS</SimpleData>
					<SimpleData name="Groupe de personne">Personnes morales non remarquables</SimpleData>
					<SimpleData name="Forme Juridique Abregee">GFA</SimpleData>
					<SimpleData name="Denomination">DOMAINE DE PLANTIGNY</SimpleData>
				</SchemaData>
			</ExtendedData>
	<Region>
		<LatLonAltBox>
			<north> 46.0150542501922 </north>
			<south> 46.0141052217404 </south>
			<east> 4.63360493119061 </east>
			<west> 4.63286901534892 </west>
		</LatLonAltBox>
		<Lod>
			<minLodPixels>100</minLodPixels>
			<maxLodPixels>-1</maxLodPixels>
		</Lod>
	</Region>
			<MultiGeometry>
				<Polygon><altitudeMode>relativeToGround</altitudeMode>
					<outerBoundaryIs>
						<LinearRing>
							<coordinates>								4.63286901534892,46.0141149788271,0 4.63290046845008,46.0150482652539,0 4.6333340987406,46.0150541750625,0 4.63333513516142,46.0150542501922,0 4.63348115467277,46.0150522354682,0 4.63352834755704,46.0146911912244,0 4.63360493119061,46.0141053626807,0 4.63360221230295,46.0141052217404,0 4.63307911829551,46.0141118609914,0 4.63286901534892,46.0141149788271,0 
							</coordinates>
						</LinearRing>
					</outerBoundaryIs>
				</Polygon>
			</MultiGeometry>
		</Placemark>
		<Placemark id="personne_morale.75937">
<styleUrl>#personne_morale</styleUrl>			<visibility>0</visibility>
			<ExtendedData>
				<SchemaData schemaUrl="#personne_morale">
					<SimpleData name="Numero de Parcelle">692150000B0047</SimpleData>
					<SimpleData name="Departement">69</SimpleData>
					<SimpleData name="Commune">SAINT-JULIEN</SimpleData>
					<SimpleData name="Adresse">VARENNES</SimpleData>
					<SimpleData name="Groupe de personne">Personnes morales non remarquables</SimpleData>
					<SimpleData name="Forme Juridique Abregee">SA</SimpleData>
					<SimpleData name="Denomination">ENEDIS</SimpleData>
				</SchemaData>
			</ExtendedData>
	<Region>
		<LatLonAltBox>
			<north> 46.0269535216832 </north>
			<south> 46.0269163624932 </south>
			<east> 4.65175330434784 </east>
			<west> 4.65170800562234 </west>
		</LatLonAltBox>
		<Lod>
			<minLodPixels>100</minLodPixels>
			<maxLodPixels>-1</maxLodPixels>
		</Lod>
	</Region>
			<MultiGeometry>
				<Polygon><altitudeMode>relativeToGround</altitudeMode>
					<outerBoundaryIs>
						<LinearRing>
							<coordinates>								4.65173405811245,46.0269535216832,0 4.65175330434784,46.0269270311624,0 4.65172518393554,46.0269163624932,0 4.65170800562234,46.0269428228736,0 4.65173405811245,46.0269535216832,0 
							</coordinates>
						</LinearRing>
					</outerBoundaryIs>
				</Polygon>
			</MultiGeometry>
		</Placemark>
		<Placemark id="personne_morale.77131">
<styleUrl>#personne_morale</styleUrl>			<visibility>0</visibility>
			<ExtendedData>
				<SchemaData schemaUrl="#personne_morale">
					<SimpleData name="Numero de Parcelle">692150000C0481</SimpleData>
					<SimpleData name="Departement">69</SimpleData>
					<SimpleData name="Commune">SAINT-JULIEN</SimpleData>
					<SimpleData name="Adresse">LONGSARD</SimpleData>
					<SimpleData name="Groupe de personne">Personnes morales non remarquables</SimpleData>
					<SimpleData name="Forme Juridique Abregee">SCI</SimpleData>
					<SimpleData name="Denomination">SCI LAKEY</SimpleData>
				</SchemaData>
			</ExtendedData>
	<Region>
		<LatLonAltBox>
			<north> 46.0341648991572 </north>
			<south> 46.03336852529489 </south>
			<east> 4.68202694355038 </east>
			<west> 4.68064085024284 </west>
		</LatLonAltBox>
		<Lod>
			<minLodPixels>100</minLodPixels>
			<maxLodPixels>-1</maxLodPixels>
		</Lod>
	</Region>
			<MultiGeometry>
				<Polygon><altitudeMode>relativeToGround</altitudeMode>
					<outerBoundaryIs>
						<LinearRing>
							<coordinates>								4.68064085024284,46.0339807473329,0 4.68115823301327,46.0340602626214,0 4.68179742946151,46.0341648991572,0 4.68202694355038,46.0335593785701,0 4.68192259958045,46.0335430029972,0 4.68177897098137,46.0335106373779,0 4.68172799813257,46.0335014859695,0 4.68143400113753,46.03344892336209,0 4.68101268029372,46.03336852529489,0 4.68064085024284,46.0339807473329,0 
							</coordinates>
						</LinearRing>
					</outerBoundaryIs>
				</Polygon>
			</MultiGeometry>
		</Placemark>
		<Placemark id="personne_morale.78147">
<styleUrl>#personne_morale</styleUrl>			<visibility>0</visibility>
			<ExtendedData>
				<SchemaData schemaUrl="#personne_morale">
					<SimpleData name="Numero de Parcelle">692150000C0495</SimpleData>
					<SimpleData name="Departement">69</SimpleData>
					<SimpleData name="Commune">SAINT-JULIEN</SimpleData>
					<SimpleData name="Adresse">LONGSARD</SimpleData>
					<SimpleData name="Groupe de personne">Personnes morales non remarquables</SimpleData>
					<SimpleData name="Forme Juridique Abregee">SARL</SimpleData>
					<SimpleData name="Denomination">ESID</SimpleData>
				</SchemaData>
			</ExtendedData>
	<Region>
		<LatLonAltBox>
			<north> 46.0301997554998 </north>
			<south> 46.02993103123569 </south>
			<east> 4.67368015500326 </east>
			<west> 4.67287847231974 </west>
		</LatLonAltBox>
		<Lod>
			<minLodPixels>100</minLodPixels>
			<maxLodPixels>-1</maxLodPixels>
		</Lod>
	</Region>
			<MultiGeometry>
				<Polygon><altitudeMode>relativeToGround</altitudeMode>
					<outerBoundaryIs>
						<LinearRing>
							<coordinates>								4.67367453724394,46.0301997554998,0 4.67368015500326,46.0301803976987,0 4.67359570707758,46.03015039053729,0 4.6734821761581,46.03010802285101,0 4.6733902793731,46.030071190173,0 4.67331749411385,46.0300462346526,0 4.67319824193281,46.0299943137256,0 4.67313095615563,46.02997585197111,0 4.67299121308256,46.0299517044575,0 4.67287847231974,46.02993103123569,0 4.67323877347953,46.0300514498786,0 4.67342346345223,46.0301248319611,0 4.67358959372245,46.03017470946789,0 4.67367453724394,46.0301997554998,0 
							</coordinates>
						</LinearRing>
					</outerBoundaryIs>
				</Polygon>
			</MultiGeometry>
		</Placemark>
		<Placemark id="personne_morale.78206">
<styleUrl>#personne_morale</styleUrl>			<visibility>0</visibility>
			<ExtendedData>
				<SchemaData schemaUrl="#personne_morale">
					<SimpleData name="Numero de Parcelle">692150000B0496</SimpleData>
					<SimpleData name="Departement">69</SimpleData>
					<SimpleData name="Commune">SAINT-JULIEN</SimpleData>
					<SimpleData name="Adresse">CHATENAY</SimpleData>
					<SimpleData name="Groupe de personne">Personnes morales non remarquables</SimpleData>
					<SimpleData name="Forme Juridique Abregee">AUPM</SimpleData>
					<SimpleData name="Denomination">GFA DE LA RIGODIERE SAINT JULIEN</SimpleData>
				</SchemaData>
			</ExtendedData>
	<Region>
		<LatLonAltBox>
			<north> 46.0251399313921 </north>
			<south> 46.024502718693 </south>
			<east> 4.65433984680453 </east>
			<west> 4.65384469397455 </west>
		</LatLonAltBox>
		<Lod>
			<minLodPixels>100</minLodPixels>
			<maxLodPixels>-1</maxLodPixels>
		</Lod>
	</Region>
			<MultiGeometry>
				<Polygon><altitudeMode>relativeToGround</altitudeMode>
					<outerBoundaryIs>
						<LinearRing>
							<coordinates>								4.65433984680453,46.0251381870076,0 4.65432973899534,46.0247333845904,0 4.65432573373675,46.02460023108969,0 4.65429023453231,46.02459354373549,0 4.65417997744039,46.0245688528931,0 4.65391748349567,46.0245122475115,0 4.65387918372374,46.024502718693,0 4.65384469397455,46.0250842566466,0 4.65399682615037,46.0251083367301,0 4.65429438632117,46.0251399313921,0 4.65433984680453,46.0251381870076,0 
							</coordinates>
						</LinearRing>
					</outerBoundaryIs>
				</Polygon>
			</MultiGeometry>
		</Placemark>
		<Placemark id="personne_morale.78268">
<styleUrl>#personne_morale</styleUrl>			<visibility>0</visibility>
			<ExtendedData>
				<SchemaData schemaUrl="#personne_morale">
					<SimpleData name="Numero de Parcelle">692150000B0497</SimpleData>
					<SimpleData name="Departement">69</SimpleData>
					<SimpleData name="Commune">SAINT-JULIEN</SimpleData>
					<SimpleData name="Adresse">CHATENAY</SimpleData>
					<SimpleData name="Groupe de personne">Personnes morales non remarquables</SimpleData>
					<SimpleData name="Forme Juridique Abregee">AUPM</SimpleData>
					<SimpleData name="Denomination">GFA DE LA RIGODIERE SAINT JULIEN</SimpleData>
				</SchemaData>
			</ExtendedData>
	<Region>
		<LatLonAltBox>
			<north> 46.0250842566466 </north>
			<south> 46.0243891500491 </south>
			<east> 4.65387918372374 </east>
			<west> 4.65331882226154 </west>
		</LatLonAltBox>
		<Lod>
			<minLodPixels>100</minLodPixels>
			<maxLodPixels>-1</maxLodPixels>
		</Lod>
	</Region>
			<MultiGeometry>
				<Polygon><altitudeMode>relativeToGround</altitudeMode>
					<outerBoundaryIs>
						<LinearRing>
							<coordinates>								4.65384469397455,46.0250842566466,0 4.65387918372374,46.024502718693,0 4.65356796832296,46.024438266929,0 4.65334772210782,46.0243891500491,0 4.65331882226154,46.0248686482055,0 4.65384469397455,46.0250842566466,0 
							</coordinates>
						</LinearRing>
					</outerBoundaryIs>
				</Polygon>
			</MultiGeometry>
		</Placemark>
		<Placemark id="personne_morale.79093">
<styleUrl>#personne_morale</styleUrl>			<visibility>0</visibility>
			<ExtendedData>
				<SchemaData schemaUrl="#personne_morale">
					<SimpleData name="Numero de Parcelle">692150000A0502</SimpleData>
					<SimpleData name="Departement">69</SimpleData>
					<SimpleData name="Commune">SAINT-JULIEN</SimpleData>
					<SimpleData name="Adresse">301, RTE DE RIBEROLLES</SimpleData>
					<SimpleData name="Groupe de personne">Personnes morales non remarquables</SimpleData>
					<SimpleData name="Forme Juridique Abregee">AUPM</SimpleData>
					<SimpleData name="Denomination">GFA LACROIX ROCHE</SimpleData>
				</SchemaData>
			</ExtendedData>
	<Region>
		<LatLonAltBox>
			<north> 46.0184625044879 </north>
			<south> 46.01784438748099 </south>
			<east> 4.63031122098169 </east>
			<west> 4.62868267382503 </west>
		</LatLonAltBox>
		<Lod>
			<minLodPixels>100</minLodPixels>
			<maxLodPixels>-1</maxLodPixels>
		</Lod>
	</Region>
			<MultiGeometry>
				<Polygon><altitudeMode>relativeToGround</altitudeMode>
					<outerBoundaryIs>
						<LinearRing>
							<coordinates>								4.6300924530088,46.0180954467511,0 4.63001464292397,46.0180567557518,0 4.62966688216048,46.01814416987,0 4.62960763747502,46.0179990210031,0 4.62929323495709,46.0180211050498,0 4.62919323804171,46.01784438748099,0 4.62888406698935,46.01803437267059,0 4.62893636812945,46.01807171980891,0 4.62898302731141,46.0181062658378,0 4.62868267382503,46.0183234144055,0 4.62870255094695,46.0183397913762,0 4.62878584415069,46.0183890325262,0 4.62883070910095,46.0183542517782,0 4.62881690305799,46.0183464341311,0 4.62893858330802,46.0182600208948,0 4.62901536385551,46.0182072179765,0 4.62901642166059,46.0182080133859,0 4.62911624971997,46.0182786330128,0 4.62917198046408,46.0183182725221,0 4.63001989206207,46.0181291852948,0 4.63024696300128,46.0184625044879,0 4.63031122098169,46.01844086434739,0 4.6300924530088,46.0180954467511,0 
							</coordinates>
						</LinearRing>
					</outerBoundaryIs>
				</Polygon>
			</MultiGeometry>
		</Placemark>
		<Placemark id="personne_morale.79097">
<styleUrl>#personne_morale</styleUrl>			<visibility>0</visibility>
			<ExtendedData>
				<SchemaData schemaUrl="#personne_morale">
					<SimpleData name="Numero de Parcelle">692150000B0502</SimpleData>
					<SimpleData name="Departement">69</SimpleData>
					<SimpleData name="Commune">SAINT-JULIEN</SimpleData>
					<SimpleData name="Adresse">LE BOURG</SimpleData>
					<SimpleData name="Groupe de personne">Personnes morales non remarquables</SimpleData>
					<SimpleData name="Forme Juridique Abregee">AUPM</SimpleData>
					<SimpleData name="Denomination">GFA DE LA RIGODIERE SAINT JULIEN</SimpleData>
				</SchemaData>
			</ExtendedData>
	<Region>
		<LatLonAltBox>
			<north> 46.0288353599965 </north>
			<south> 46.0274596693659 </south>
			<east> 4.65428270952708 </east>
			<west> 4.65227927240989 </west>
		</LatLonAltBox>
		<Lod>
			<minLodPixels>100</minLodPixels>
			<maxLodPixels>-1</maxLodPixels>
		</Lod>
	</Region>
			<MultiGeometry>
				<Polygon><altitudeMode>relativeToGround</altitudeMode>
					<outerBoundaryIs>
						<LinearRing>
							<coordinates>								4.65277476639986,46.0274596693659,0 4.65252778716612,46.0279111831715,0 4.65227927240989,46.028367672547,0 4.65233384975347,46.0283809276781,0 4.65300093143996,46.0285355767488,0 4.65373942241974,46.0287083647663,0 4.65428270952708,46.0288353599965,0 4.65425912708467,46.02874347359769,0 4.65421906797459,46.02866695924561,0 4.65418077143453,46.0286146476992,0 4.6540558790083,46.02849055398099,0 4.65375124695415,46.0282329886307,0 4.65341097708506,46.02793829357239,0 4.65313834811784,46.0277170979868,0 4.65296566438329,46.0275859542433,0 4.65284129158366,46.027500491237,0 4.65277476639986,46.0274596693659,0 
							</coordinates>
						</LinearRing>
					</outerBoundaryIs>
				</Polygon>
			</MultiGeometry>
		</Placemark>
		<Placemark id="personne_morale.79157">
<styleUrl>#personne_morale</styleUrl>			<visibility>0</visibility>
			<ExtendedData>
				<SchemaData schemaUrl="#personne_morale">
					<SimpleData name="Numero de Parcelle">692150000B0503</SimpleData>
					<SimpleData name="Departement">69</SimpleData>
					<SimpleData name="Commune">SAINT-JULIEN</SimpleData>
					<SimpleData name="Adresse">LE BOURG</SimpleData>
					<SimpleData name="Groupe de personne">Personnes morales non remarquables</SimpleData>
					<SimpleData name="Forme Juridique Abregee">AUPM</SimpleData>
					<SimpleData name="Denomination">GFA DE LA RIGODIERE SAINT JULIEN</SimpleData>
				</SchemaData>
			</ExtendedData>
	<Region>
		<LatLonAltBox>
			<north> 46.0295398574896 </north>
			<south> 46.0278948116453 </south>
			<east> 4.6564632585282 </east>
			<west> 4.65426448401981 </west>
		</LatLonAltBox>
		<Lod>
			<minLodPixels>100</minLodPixels>
			<maxLodPixels>-1</maxLodPixels>
		</Lod>
	</Region>
			<MultiGeometry>
				<Polygon><altitudeMode>relativeToGround</altitudeMode>
					<outerBoundaryIs>
						<LinearRing>
							<coordinates>								4.65426448401981,46.0285776685829,0 4.65433528224529,46.02869597659691,0 4.65437026316924,46.0287885072321,0 4.6543877641348,46.02887165562061,0 4.65473078395347,46.029094072464,0 4.65519069141808,46.029393501727,0 4.65541931750754,46.0295398574896,0 4.65579341419056,46.0292738237097,0 4.65610512448975,46.02900590805341,0 4.65633442191967,46.0288053064697,0 4.6564632585282,46.0286952508363,0 4.65604475284849,46.0284353025046,0 4.65570014560511,46.0282117419077,0 4.65521760733531,46.0278948116453,0 4.65479189184428,46.0281984354621,0 4.65426448401981,46.0285776685829,0 
							</coordinates>
						</LinearRing>
					</outerBoundaryIs>
				</Polygon>
			</MultiGeometry>
		</Placemark>
		<Placemark id="personne_morale.79218">
<styleUrl>#personne_morale</styleUrl>			<visibility>0</visibility>
			<ExtendedData>
				<SchemaData schemaUrl="#personne_morale">
					<SimpleData name="Numero de Parcelle">692150000B0504</SimpleData>
					<SimpleData name="Departement">69</SimpleData>
					<SimpleData name="Commune">SAINT-JULIEN</SimpleData>
					<SimpleData name="Adresse">LE BOURG</SimpleData>
					<SimpleData name="Groupe de personne">Personnes morales non remarquables</SimpleData>
					<SimpleData name="Forme Juridique Abregee">AUPM</SimpleData>
					<SimpleData name="Denomination">GFA DE LA RIGODIERE SAINT JULIEN</SimpleData>
				</SchemaData>
			</ExtendedData>
	<Region>
		<LatLonAltBox>
			<north> 46.0298728844104 </north>
			<south> 46.02887165562061 </south>
			<east> 4.65541931750754 </east>
			<west> 4.65427313866808 </west>
		</LatLonAltBox>
		<Lod>
			<minLodPixels>100</minLodPixels>
			<maxLodPixels>-1</maxLodPixels>
		</Lod>
	</Region>
			<MultiGeometry>
				<Polygon><altitudeMode>relativeToGround</altitudeMode>
					<outerBoundaryIs>
						<LinearRing>
							<coordinates>								4.6543877641348,46.02887165562061,0 4.65440009002679,46.0289719025711,0 4.65439712693389,46.02913560107,0 4.65439253395039,46.0292021389806,0 4.65437061889336,46.0292860428172,0 4.65434740088257,46.0293567255328,0 4.65431011092609,46.0294453572048,0 4.65427313866808,46.0295187625769,0 4.65469473627252,46.0298728844104,0 4.65476205896647,46.0298326315278,0 4.6550743462723,46.0297125135473,0 4.65526587230948,46.02963153690741,0 4.65541931750754,46.0295398574896,0 4.65519069141808,46.029393501727,0 4.65473078395347,46.029094072464,0 4.6543877641348,46.02887165562061,0 
							</coordinates>
						</LinearRing>
					</outerBoundaryIs>
				</Polygon>
			</MultiGeometry>
		</Placemark>
		<Placemark id="personne_morale.79279">
<styleUrl>#personne_morale</styleUrl>			<visibility>0</visibility>
			<ExtendedData>
				<SchemaData schemaUrl="#personne_morale">
					<SimpleData name="Numero de Parcelle">692150000B0505</SimpleData>
					<SimpleData name="Departement">69</SimpleData>
					<SimpleData name="Commune">SAINT-JULIEN</SimpleData>
					<SimpleData name="Adresse">LE BOURG</SimpleData>
					<SimpleData name="Groupe de personne">Personnes morales non remarquables</SimpleData>
					<SimpleData name="Forme Juridique Abregee">AUPM</SimpleData>
					<SimpleData name="Denomination">GFA DE LA RIGODIERE SAINT JULIEN</SimpleData>
				</SchemaData>
			</ExtendedData>
	<Region>
		<LatLonAltBox>
			<north> 46.0286554149363 </north>
			<south> 46.0273408933481 </south>
			<east> 4.65856235954583 </east>
			<west> 4.65523931139406 </west>
		</LatLonAltBox>
		<Lod>
			<minLodPixels>100</minLodPixels>
			<maxLodPixels>-1</maxLodPixels>
		</Lod>
	</Region>
			<MultiGeometry>
				<Polygon><altitudeMode>relativeToGround</altitudeMode>
					<outerBoundaryIs>
						<LinearRing>
							<coordinates>								4.65745657770829,46.0286475843765,0 4.65761236910193,46.0284366162157,0 4.65785634463158,46.0281226700877,0 4.65823599316222,46.0282515894671,0 4.65843233594124,46.0279361772433,0 4.65856235954583,46.0277199103703,0 4.65788811241274,46.0276108836047,0 4.65688132237152,46.0274511420146,0 4.65672205794567,46.027714219818,0 4.65640793052667,46.0276053240292,0 4.65621099144122,46.0275363269095,0 4.65565504916306,46.0273408933481,0 4.65549684141575,46.0275275754347,0 4.65545633126652,46.0275735618802,0 4.65523931139406,46.02782973510791,0 4.65553758508611,46.028030555889,0 4.65585356704407,46.0282396737679,0 4.65609262579759,46.028393351446,0 4.65653278928918,46.0286554149363,0 4.65700351541662,46.02814639965731,0 4.65759216334142,46.0283797178928,0 4.65740404243828,46.0286334912083,0 4.65745657770829,46.0286475843765,0 
							</coordinates>
						</LinearRing>
					</outerBoundaryIs>
				</Polygon>
			</MultiGeometry>
		</Placemark>
		<Placemark id="personne_morale.79466">
<styleUrl>#personne_morale</styleUrl>			<visibility>0</visibility>
			<ExtendedData>
				<SchemaData schemaUrl="#personne_morale">
					<SimpleData name="Numero de Parcelle">692150000B0508</SimpleData>
					<SimpleData name="Departement">69</SimpleData>
					<SimpleData name="Commune">SAINT-JULIEN</SimpleData>
					<SimpleData name="Adresse">430, RTE DE LA CIME DES PRES</SimpleData>
					<SimpleData name="Groupe de personne">Personnes morales non remarquables</SimpleData>
					<SimpleData name="Forme Juridique Abregee">GFA</SimpleData>
					<SimpleData name="Denomination">GFA DE LA RIGODIERE</SimpleData>
				</SchemaData>
			</ExtendedData>
	<Region>
		<LatLonAltBox>
			<north> 46.0289633565366 </north>
			<south> 46.0286166727352 </south>
			<east> 4.65765799962655 </east>
			<west> 4.65693839533718 </west>
		</LatLonAltBox>
		<Lod>
			<minLodPixels>100</minLodPixels>
			<maxLodPixels>-1</maxLodPixels>
		</Lod>
	</Region>
			<MultiGeometry>
				<Polygon><altitudeMode>relativeToGround</altitudeMode>
					<outerBoundaryIs>
						<LinearRing>
							<coordinates>								4.65699034194226,46.0286533204126,0 4.65693839533718,46.0287317192811,0 4.65697770369955,46.0287445649241,0 4.65694317831748,46.0287960486913,0 4.65723896256858,46.0288924215096,0 4.65750036127744,46.0289633565366,0 4.65765799962655,46.0287021028086,0 4.65745657770829,46.0286475843765,0 4.65740404243828,46.0286334912083,0 4.65733461522502,46.0286166727352,0 4.65731273281465,46.0286457247108,0 4.65728152587006,46.0287000422731,0 4.65721341454914,46.0286796917937,0 4.65721315062385,46.0286795155146,0 4.6571293575233,46.0286493966084,0 4.65710303360477,46.0286855388593,0 4.65699034194226,46.0286533204126,0 
							</coordinates>
						</LinearRing>
					</outerBoundaryIs>
				</Polygon>
			</MultiGeometry>
		</Placemark>
		<Placemark id="personne_morale.79528">
<styleUrl>#personne_morale</styleUrl>			<visibility>0</visibility>
			<ExtendedData>
				<SchemaData schemaUrl="#personne_morale">
					<SimpleData name="Numero de Parcelle">692150000A0509</SimpleData>
					<SimpleData name="Departement">69</SimpleData>
					<SimpleData name="Commune">SAINT-JULIEN</SimpleData>
					<SimpleData name="Adresse">LES RAYES</SimpleData>
					<SimpleData name="Groupe de personne">Personnes morales non remarquables</SimpleData>
					<SimpleData name="Forme Juridique Abregee">GFA</SimpleData>
					<SimpleData name="Denomination">DES TOURS DE MONTMELAS</SimpleData>
				</SchemaData>
			</ExtendedData>
	<Region>
		<LatLonAltBox>
			<north> 46.01760422217291 </north>
			<south> 46.0164939541677 </south>
			<east> 4.61657535425778 </east>
			<west> 4.61458197005033 </west>
		</LatLonAltBox>
		<Lod>
			<minLodPixels>100</minLodPixels>
			<maxLodPixels>-1</maxLodPixels>
		</Lod>
	</Region>
			<MultiGeometry>
				<Polygon><altitudeMode>relativeToGround</altitudeMode>
					<outerBoundaryIs>
						<LinearRing>
							<coordinates>								4.61562084480778,46.0174371335192,0 4.61583691089332,46.01749574950879,0 4.61621371417339,46.01760422217291,0 4.61657535425778,46.0171351232729,0 4.61656529818099,46.0171316640031,0 4.61554694277527,46.0167784386959,0 4.6151493159201,46.01664297009561,0 4.61485876619979,46.01654389293201,0 4.61472259398653,46.0164939541677,0 4.61458197005033,46.01687370312871,0 4.61541035496618,46.017317461573,0 4.61562084480778,46.0174371335192,0 
							</coordinates>
						</LinearRing>
					</outerBoundaryIs>
				</Polygon>
			</MultiGeometry>
		</Placemark>
		<Placemark id="personne_morale.79535">
<styleUrl>#personne_morale</styleUrl>			<visibility>0</visibility>
			<ExtendedData>
				<SchemaData schemaUrl="#personne_morale">
					<SimpleData name="Numero de Parcelle">692150000B0509</SimpleData>
					<SimpleData name="Departement">69</SimpleData>
					<SimpleData name="Commune">SAINT-JULIEN</SimpleData>
					<SimpleData name="Adresse">390, RTE DE LA CIME DES PRES</SimpleData>
					<SimpleData name="Groupe de personne">Personnes morales non remarquables</SimpleData>
					<SimpleData name="Forme Juridique Abregee">AUPM</SimpleData>
					<SimpleData name="Denomination">GFA DE LA RIGODIERE SAINT JULIEN</SimpleData>
				</SchemaData>
			</ExtendedData>
	<Region>
		<LatLonAltBox>
			<north> 46.0287960486913 </north>
			<south> 46.0284925859584 </south>
			<east> 4.65733461522502 </east>
			<west> 4.65669358709019 </west>
		</LatLonAltBox>
		<Lod>
			<minLodPixels>100</minLodPixels>
			<maxLodPixels>-1</maxLodPixels>
		</Lod>
	</Region>
			<MultiGeometry>
				<Polygon><altitudeMode>relativeToGround</altitudeMode>
					<outerBoundaryIs>
						<LinearRing>
							<coordinates>								4.65675578167156,46.028734929091,0 4.65694317831748,46.0287960486913,0 4.65697770369955,46.0287445649241,0 4.65693839533718,46.0287317192811,0 4.65699034194226,46.0286533204126,0 4.65710303360477,46.0286855388593,0 4.6571293575233,46.0286493966084,0 4.65721315062385,46.0286795155146,0 4.65721341454914,46.0286796917937,0 4.65728152587006,46.0287000422731,0 4.65731273281465,46.0286457247108,0 4.65733461522502,46.0286166727352,0 4.6568644683805,46.0284925859584,0 4.65669358709019,46.02871782436941,0 4.65675578167156,46.028734929091,0 
							</coordinates>
						</LinearRing>
					</outerBoundaryIs>
				</Polygon>
			</MultiGeometry>
		</Placemark>
		<Placemark id="personne_morale.79830">
<styleUrl>#personne_morale</styleUrl>			<visibility>0</visibility>
			<ExtendedData>
				<SchemaData schemaUrl="#personne_morale">
					<SimpleData name="Numero de Parcelle">692150000A0510</SimpleData>
					<SimpleData name="Departement">69</SimpleData>
					<SimpleData name="Commune">SAINT-JULIEN</SimpleData>
					<SimpleData name="Adresse">LES RAYES</SimpleData>
					<SimpleData name="Groupe de personne">Personnes morales non remarquables</SimpleData>
					<SimpleData name="Forme Juridique Abregee">GFA</SimpleData>
					<SimpleData name="Denomination">DES TOURS DE MONTMELAS</SimpleData>
				</SchemaData>
			</ExtendedData>
	<Region>
		<LatLonAltBox>
			<north> 46.0181442260274 </north>
			<south> 46.0171351232729 </south>
			<east> 4.61831241212467 </east>
			<west> 4.61621371417339 </west>
		</LatLonAltBox>
		<Lod>
			<minLodPixels>100</minLodPixels>
			<maxLodPixels>-1</maxLodPixels>
		</Lod>
	</Region>
			<MultiGeometry>
				<Polygon><altitudeMode>relativeToGround</altitudeMode>
					<outerBoundaryIs>
						<LinearRing>
							<coordinates>								4.61657535425778,46.0171351232729,0 4.61621371417339,46.01760422217291,0 4.61643380117036,46.01766764337181,0 4.61643890573253,46.0175993890378,0 4.61706031367968,46.0178092088542,0 4.61758402005924,46.0179892564066,0 4.61803459512369,46.0181442260274,0 4.61831241212467,46.0177221628867,0 4.61824630901529,46.0176987884656,0 4.61822788961703,46.0176922963842,0 4.6175234158198,46.01745826940341,0 4.61657535425778,46.0171351232729,0 
							</coordinates>
						</LinearRing>
					</outerBoundaryIs>
				</Polygon>
			</MultiGeometry>
		</Placemark>
		<Placemark id="personne_morale.79834">
<styleUrl>#personne_morale</styleUrl>			<visibility>0</visibility>
			<ExtendedData>
				<SchemaData schemaUrl="#personne_morale">
					<SimpleData name="Numero de Parcelle">692150000B0510</SimpleData>
					<SimpleData name="Departement">69</SimpleData>
					<SimpleData name="Commune">SAINT-JULIEN</SimpleData>
					<SimpleData name="Adresse">LE BOURG</SimpleData>
					<SimpleData name="Groupe de personne">Personnes morales non remarquables</SimpleData>
					<SimpleData name="Forme Juridique Abregee">AUPM</SimpleData>
					<SimpleData name="Denomination">GFA DE LA RIGODIERE SAINT JULIEN</SimpleData>
				</SchemaData>
			</ExtendedData>
	<Region>
		<LatLonAltBox>
			<north> 46.0276108836047 </north>
			<south> 46.02645355703929 </south>
			<east> 4.65820818257933 </east>
			<west> 4.65590159868802 </west>
		</LatLonAltBox>
		<Lod>
			<minLodPixels>100</minLodPixels>
			<maxLodPixels>-1</maxLodPixels>
		</Lod>
	</Region>
			<MultiGeometry>
				<Polygon><altitudeMode>relativeToGround</altitudeMode>
					<outerBoundaryIs>
						<LinearRing>
							<coordinates>								4.65788811241274,46.0276108836047,0 4.65813580307521,46.0270043382522,0 4.65820818257933,46.0268232313611,0 4.65729797320986,46.0266370414377,0 4.65639935952725,46.02645355703929,0 4.65610056311233,46.02680198686749,0 4.65590159868802,46.0270349300486,0 4.65604382639803,46.0271421057047,0 4.65606034083934,46.0271709566895,0 4.65605303509774,46.0272074513012,0 4.65604528650421,46.0272378276925,0 4.65595297440774,46.0273025849885,0 4.65607919839034,46.0273205559337,0 4.6563206995103,46.02736224165469,0 4.65688132237152,46.0274511420146,0 4.65788811241274,46.0276108836047,0 
							</coordinates>
						</LinearRing>
					</outerBoundaryIs>
				</Polygon>
			</MultiGeometry>
		</Placemark>
		<Placemark id="personne_morale.79895">
<styleUrl>#personne_morale</styleUrl>			<visibility>0</visibility>
			<ExtendedData>
				<SchemaData schemaUrl="#personne_morale">
					<SimpleData name="Numero de Parcelle">692150000B0511</SimpleData>
					<SimpleData name="Departement">69</SimpleData>
					<SimpleData name="Commune">SAINT-JULIEN</SimpleData>
					<SimpleData name="Adresse">LE BOURG</SimpleData>
					<SimpleData name="Groupe de personne">Personnes morales non remarquables</SimpleData>
					<SimpleData name="Forme Juridique Abregee">AUPM</SimpleData>
					<SimpleData name="Denomination">GFA DE LA RIGODIERE SAINT JULIEN</SimpleData>
				</SchemaData>
			</ExtendedData>
	<Region>
		<LatLonAltBox>
			<north> 46.028146484895 </north>
			<south> 46.0268232313611 </south>
			<east> 4.65993863839118 </east>
			<west> 4.65788811241274 </west>
		</LatLonAltBox>
		<Lod>
			<minLodPixels>100</minLodPixels>
			<maxLodPixels>-1</maxLodPixels>
		</Lod>
	</Region>
			<MultiGeometry>
				<Polygon><altitudeMode>relativeToGround</altitudeMode>
					<outerBoundaryIs>
						<LinearRing>
							<coordinates>								4.65958328947851,46.028146484895,0 4.6596304775232,46.02802194899949,0 4.65981633604548,46.0275351061941,0 4.65993863839118,46.02717033675481,0 4.65927259340619,46.0270373298573,0 4.65844955495558,46.02686923773619,0 4.65820818257933,46.0268232313611,0 4.65813580307521,46.0270043382522,0 4.65788811241274,46.0276108836047,0 4.65856235954583,46.0277199103703,0 4.65843233594124,46.0279361772433,0 4.65891801777785,46.028026614515,0 4.65958328947851,46.028146484895,0 
							</coordinates>
						</LinearRing>
					</outerBoundaryIs>
				</Polygon>
			</MultiGeometry>
		</Placemark>
		<Placemark id="personne_morale.79948">
<styleUrl>#personne_morale</styleUrl>			<visibility>0</visibility>
			<ExtendedData>
				<SchemaData schemaUrl="#personne_morale">
					<SimpleData name="Numero de Parcelle">692150000A0512</SimpleData>
					<SimpleData name="Departement">69</SimpleData>
					<SimpleData name="Commune">SAINT-JULIEN</SimpleData>
					<SimpleData name="Adresse">LES RAYES</SimpleData>
					<SimpleData name="Groupe de personne">Personnes morales non remarquables</SimpleData>
					<SimpleData name="Forme Juridique Abregee">GFA</SimpleData>
					<SimpleData name="Denomination">DES TOURS DE MONTMELAS</SimpleData>
				</SchemaData>
			</ExtendedData>
	<Region>
		<LatLonAltBox>
			<north> 46.01863549382951 </north>
			<south> 46.0177221628867 </south>
			<east> 4.62015817790275 </east>
			<west> 4.61803459512369 </west>
		</LatLonAltBox>
		<Lod>
			<minLodPixels>100</minLodPixels>
			<maxLodPixels>-1</maxLodPixels>
		</Lod>
	</Region>
			<MultiGeometry>
				<Polygon><altitudeMode>relativeToGround</altitudeMode>
					<outerBoundaryIs>
						<LinearRing>
							<coordinates>								4.62001737594291,46.0181531868349,0 4.61968299933736,46.0180897848258,0 4.61899697458548,46.0179646657219,0 4.61831241212467,46.0177221628867,0 4.61803459512369,46.0181442260274,0 4.61837128719175,46.01826001944769,0 4.6194633881062,46.01863549382951,0 4.61959096637456,46.0184547052278,0 4.61992896401302,46.0185049058283,0 4.62015817790275,46.0181888224057,0 4.62001737594291,46.0181531868349,0 
							</coordinates>
						</LinearRing>
					</outerBoundaryIs>
				</Polygon>
			</MultiGeometry>
		</Placemark>
		<Placemark id="personne_morale.79951">
<styleUrl>#personne_morale</styleUrl>			<visibility>0</visibility>
			<ExtendedData>
				<SchemaData schemaUrl="#personne_morale">
					<SimpleData name="Numero de Parcelle">692150000B0512</SimpleData>
					<SimpleData name="Departement">69</SimpleData>
					<SimpleData name="Commune">SAINT-JULIEN</SimpleData>
					<SimpleData name="Adresse">LE BOURG</SimpleData>
					<SimpleData name="Groupe de personne">Personnes morales non remarquables</SimpleData>
					<SimpleData name="Forme Juridique Abregee">AUPM</SimpleData>
					<SimpleData name="Denomination">GFA DE LA RIGODIERE SAINT JULIEN</SimpleData>
				</SchemaData>
			</ExtendedData>
	<Region>
		<LatLonAltBox>
			<north> 46.0290814881389 </north>
			<south> 46.0279361772433 </south>
			<east> 4.65958328947851 </east>
			<west> 4.65750036127744 </west>
		</LatLonAltBox>
		<Lod>
			<minLodPixels>100</minLodPixels>
			<maxLodPixels>-1</maxLodPixels>
		</Lod>
	</Region>
			<MultiGeometry>
				<Polygon><altitudeMode>relativeToGround</altitudeMode>
					<outerBoundaryIs>
						<LinearRing>
							<coordinates>								4.65750036127744,46.0289633565366,0 4.65760233322887,46.0289916781533,0 4.65786785085546,46.029031928645,0 4.65820502734803,46.0290814881389,0 4.65829245944987,46.02897924162989,0 4.65834675081779,46.0289271980355,0 4.65841256434316,46.0288756163109,0 4.65846984554459,46.0288498290652,0 4.65869731134137,46.0287902974761,0 4.6587998997691,46.0287533089459,0 4.65888827602659,46.0287167084654,0 4.65895182118757,46.0287056906843,0 4.65916956315493,46.0286796259992,0 4.65939921645661,46.0286497837463,0 4.65953453197396,46.0282832931385,0 4.65958328947851,46.028146484895,0 4.65891801777785,46.028026614515,0 4.65843233594124,46.0279361772433,0 4.65823599316222,46.0282515894671,0 4.65793310762783,46.02877742985519,0 4.65765799962655,46.0287021028086,0 4.65750036127744,46.0289633565366,0 
							</coordinates>
						</LinearRing>
					</outerBoundaryIs>
				</Polygon>
			</MultiGeometry>
		</Placemark>
		<Placemark id="personne_morale.80012">
<styleUrl>#personne_morale</styleUrl>			<visibility>0</visibility>
			<ExtendedData>
				<SchemaData schemaUrl="#personne_morale">
					<SimpleData name="Numero de Parcelle">692150000B0513</SimpleData>
					<SimpleData name="Departement">69</SimpleData>
					<SimpleData name="Commune">SAINT-JULIEN</SimpleData>
					<SimpleData name="Adresse">LE BOURG</SimpleData>
					<SimpleData name="Groupe de personne">Personnes morales non remarquables</SimpleData>
					<SimpleData name="Forme Juridique Abregee">AUPM</SimpleData>
					<SimpleData name="Denomination">GFA DE LA RIGODIERE SAINT JULIEN</SimpleData>
				</SchemaData>
			</ExtendedData>
	<Region>
		<LatLonAltBox>
			<north> 46.0268232313611 </north>
			<south> 46.02602784047431 </south>
			<east> 4.65840130137257 </east>
			<west> 4.65639935952725 </west>
		</LatLonAltBox>
		<Lod>
			<minLodPixels>100</minLodPixels>
			<maxLodPixels>-1</maxLodPixels>
		</Lod>
	</Region>
			<MultiGeometry>
				<Polygon><altitudeMode>relativeToGround</altitudeMode>
					<outerBoundaryIs>
						<LinearRing>
							<coordinates>								4.65639935952725,46.02645355703929,0 4.65729797320986,46.0266370414377,0 4.65820818257933,46.0268232313611,0 4.65840130137257,46.0263496149814,0 4.65769508675324,46.0262089904906,0 4.65710829886693,46.0260881421004,0 4.65681568541957,46.02602784047431,0 4.65654455010849,46.0263028212428,0 4.65639935952725,46.02645355703929,0 
							</coordinates>
						</LinearRing>
					</outerBoundaryIs>
				</Polygon>
			</MultiGeometry>
		</Placemark>
		<Placemark id="personne_morale.80076">
<styleUrl>#personne_morale</styleUrl>			<visibility>0</visibility>
			<ExtendedData>
				<SchemaData schemaUrl="#personne_morale">
					<SimpleData name="Numero de Parcelle">692150000B0514</SimpleData>
					<SimpleData name="Departement">69</SimpleData>
					<SimpleData name="Commune">SAINT-JULIEN</SimpleData>
					<SimpleData name="Adresse">LE BOURG</SimpleData>
					<SimpleData name="Groupe de personne">Personnes morales non remarquables</SimpleData>
					<SimpleData name="Forme Juridique Abregee">AUPM</SimpleData>
					<SimpleData name="Denomination">GFA DE LA RIGODIERE SAINT JULIEN</SimpleData>
				</SchemaData>
			</ExtendedData>
	<Region>
		<LatLonAltBox>
			<north> 46.02717033675481 </north>
			<south> 46.0263496149814 </south>
			<east> 4.66010838310398 </east>
			<west> 4.65820818257933 </west>
		</LatLonAltBox>
		<Lod>
			<minLodPixels>100</minLodPixels>
			<maxLodPixels>-1</maxLodPixels>
		</Lod>
	</Region>
			<MultiGeometry>
				<Polygon><altitudeMode>relativeToGround</altitudeMode>
					<outerBoundaryIs>
						<LinearRing>
							<coordinates>								4.65840130137257,46.0263496149814,0 4.65820818257933,46.0268232313611,0 4.65844955495558,46.02686923773619,0 4.65927259340619,46.0270373298573,0 4.65993863839118,46.02717033675481,0 4.66002187228831,46.0269334970373,0 4.66010838310398,46.0266895838616,0 4.65910381497025,46.0264917304061,0 4.65840130137257,46.0263496149814,0 
							</coordinates>
						</LinearRing>
					</outerBoundaryIs>
				</Polygon>
			</MultiGeometry>
		</Placemark>
		<Placemark id="personne_morale.80199">
<styleUrl>#personne_morale</styleUrl>			<visibility>0</visibility>
			<ExtendedData>
				<SchemaData schemaUrl="#personne_morale">
					<SimpleData name="Numero de Parcelle">692150000B0516</SimpleData>
					<SimpleData name="Departement">69</SimpleData>
					<SimpleData name="Commune">SAINT-JULIEN</SimpleData>
					<SimpleData name="Adresse">LE BOURG</SimpleData>
					<SimpleData name="Groupe de personne">Personnes morales non remarquables</SimpleData>
					<SimpleData name="Forme Juridique Abregee">AUPM</SimpleData>
					<SimpleData name="Denomination">GFA DE LA RIGODIERE SAINT JULIEN</SimpleData>
				</SchemaData>
			</ExtendedData>
	<Region>
		<LatLonAltBox>
			<north> 46.0263496149814 </north>
			<south> 46.0255356228188 </south>
			<east> 4.65869819703497 </east>
			<west> 4.65720463107482 </west>
		</LatLonAltBox>
		<Lod>
			<minLodPixels>100</minLodPixels>
			<maxLodPixels>-1</maxLodPixels>
		</Lod>
	</Region>
			<MultiGeometry>
				<Polygon><altitudeMode>relativeToGround</altitudeMode>
					<outerBoundaryIs>
						<LinearRing>
							<coordinates>								4.6572156253737,46.0255992094591,0 4.65720463107482,46.0256205364319,0 4.65756993007134,46.0260590546576,0 4.65769508675324,46.0262089904906,0 4.65840130137257,46.0263496149814,0 4.65847615541694,46.0261648689214,0 4.65869819703497,46.0256214755679,0 4.65855361716954,46.025599272745,0 4.65842381555127,46.0255826179164,0 4.65796434055832,46.0255458369022,0 4.65722780292938,46.0255356228188,0 4.6572156253737,46.0255992094591,0 
							</coordinates>
						</LinearRing>
					</outerBoundaryIs>
				</Polygon>
			</MultiGeometry>
		</Placemark>
		<Placemark id="personne_morale.80314">
<styleUrl>#personne_morale</styleUrl>			<visibility>0</visibility>
			<ExtendedData>
				<SchemaData schemaUrl="#personne_morale">
					<SimpleData name="Numero de Parcelle">692150000B0518</SimpleData>
					<SimpleData name="Departement">69</SimpleData>
					<SimpleData name="Commune">SAINT-JULIEN</SimpleData>
					<SimpleData name="Adresse">LE BOURG</SimpleData>
					<SimpleData name="Groupe de personne">Personnes morales non remarquables</SimpleData>
					<SimpleData name="Forme Juridique Abregee">AUPM</SimpleData>
					<SimpleData name="Denomination">GFA DE LA RIGODIERE SAINT JULIEN</SimpleData>
				</SchemaData>
			</ExtendedData>
	<Region>
		<LatLonAltBox>
			<north> 46.0268215647837 </north>
			<south> 46.026710885151 </south>
			<east> 4.65347974661102 </east>
			<west> 4.65326244804639 </west>
		</LatLonAltBox>
		<Lod>
			<minLodPixels>100</minLodPixels>
			<maxLodPixels>-1</maxLodPixels>
		</Lod>
	</Region>
			<MultiGeometry>
				<Polygon><altitudeMode>relativeToGround</altitudeMode>
					<outerBoundaryIs>
						<LinearRing>
							<coordinates>								4.65326244804639,46.0267912709481,0 4.65328605930352,46.0268067786659,0 4.6533167223005,46.0267858857435,0 4.6534023584784,46.0268215647837,0 4.65347974661102,46.0267334292598,0 4.65341984856762,46.026710885151,0 4.65326244804639,46.0267912709481,0 
							</coordinates>
						</LinearRing>
					</outerBoundaryIs>
				</Polygon>
			</MultiGeometry>
		</Placemark>
		<Placemark id="personne_morale.80366">
<styleUrl>#personne_morale</styleUrl>			<visibility>0</visibility>
			<ExtendedData>
				<SchemaData schemaUrl="#personne_morale">
					<SimpleData name="Numero de Parcelle">692150000B0519</SimpleData>
					<SimpleData name="Departement">69</SimpleData>
					<SimpleData name="Commune">SAINT-JULIEN</SimpleData>
					<SimpleData name="Adresse">41, RTE DE LA CIME DES PRES</SimpleData>
					<SimpleData name="Groupe de personne">Personnes morales non remarquables</SimpleData>
					<SimpleData name="Forme Juridique Abregee">AUPM</SimpleData>
					<SimpleData name="Denomination">GFA DE LA RIGODIERE SAINT JULIEN</SimpleData>
				</SchemaData>
			</ExtendedData>
	<Region>
		<LatLonAltBox>
			<north> 46.0270099156302 </north>
			<south> 46.02661222367101 </south>
			<east> 4.65369681695079 </east>
			<west> 4.65317012785262 </west>
		</LatLonAltBox>
		<Lod>
			<minLodPixels>100</minLodPixels>
			<maxLodPixels>-1</maxLodPixels>
		</Lod>
	</Region>
			<MultiGeometry>
				<Polygon><altitudeMode>relativeToGround</altitudeMode>
					<outerBoundaryIs>
						<LinearRing>
							<coordinates>								4.65360494890827,46.0270099156302,0 4.65363854450304,46.0269575457827,0 4.65369681695079,46.0268658160389,0 4.65368953711668,46.0268387214406,0 4.65367993071202,46.0267772544595,0 4.65354579604939,46.02661222367101,0 4.65341984856762,46.026710885151,0 4.65347974661102,46.0267334292598,0 4.6534023584784,46.0268215647837,0 4.6533167223005,46.0267858857435,0 4.65328605930352,46.0268067786659,0 4.65326244804639,46.0267912709481,0 4.65323520440204,46.0267753658643,0 4.65317012785262,46.0268902522449,0 4.65360494890827,46.0270099156302,0 
							</coordinates>
						</LinearRing>
					</outerBoundaryIs>
				</Polygon>
			</MultiGeometry>
		</Placemark>
		<Placemark id="personne_morale.80437">
<styleUrl>#personne_morale</styleUrl>			<visibility>0</visibility>
			<ExtendedData>
				<SchemaData schemaUrl="#personne_morale">
					<SimpleData name="Numero de Parcelle">692150000C0052</SimpleData>
					<SimpleData name="Departement">69</SimpleData>
					<SimpleData name="Commune">SAINT-JULIEN</SimpleData>
					<SimpleData name="Adresse">LONGSARD</SimpleData>
					<SimpleData name="Groupe de personne">Personnes morales non remarquables</SimpleData>
					<SimpleData name="Forme Juridique Abregee">GFA</SimpleData>
					<SimpleData name="Denomination">GROUPEMENT FONCIER AGRICOL DE LA CASSINE</SimpleData>
				</SchemaData>
			</ExtendedData>
	<Region>
		<LatLonAltBox>
			<north> 46.030223997608 </north>
			<south> 46.0281103904279 </south>
			<east> 4.68286527484595 </east>
			<west> 4.68007101221401 </west>
		</LatLonAltBox>
		<Lod>
			<minLodPixels>100</minLodPixels>
			<maxLodPixels>-1</maxLodPixels>
		</Lod>
	</Region>
			<MultiGeometry>
				<Polygon><altitudeMode>relativeToGround</altitudeMode>
					<outerBoundaryIs>
						<LinearRing>
							<coordinates>								4.6828630607892,46.0302192567903,0 4.68280477084901,46.0299708995787,0 4.68268313204632,46.0294651631554,0 4.6825691856337,46.0290374928597,0 4.6824568316547,46.0285772837039,0 4.68238398019117,46.02830086060871,0 4.68238210992997,46.0282946735664,0 4.68222534649738,46.0281833324868,0 4.68215091936886,46.0281258918559,0 4.68207863094972,46.02811300389149,0 4.68201803575268,46.0281103904279,0 4.68197259038164,46.0281169193534,0 4.68187188002939,46.0281429127431,0 4.68168334540742,46.0281976803555,0 4.68158735843781,46.0282005455921,0 4.68140985696163,46.0281890379767,0 4.68129178492716,46.02818430446159,0 4.68114135463006,46.02819545267321,0 4.68104465554165,46.0282046328826,0 4.68087503860555,46.0282099405715,0 4.68078211759633,46.0282031222134,0 4.68068449416795,46.028194752256,0 4.68061501668626,46.0281976739243,0 4.68054605332187,46.0281920313185,0 4.68041244687485,46.0281867165905,0 4.68027524081056,46.0281863188246,0 4.68021149700871,46.0281949196972,0 4.6801768834943,46.02821317650729,0 4.68015650655066,46.0282445525646,0 4.68014090643922,46.0283053105531,0 4.68011528839623,46.0284021547886,0 4.68009499138376,46.0284869408929,0 4.68007101221401,46.028595109586,0 4.68009452758112,46.02866222311641,0 4.68011481991143,46.0287084882819,0 4.68014199307329,46.0288106747096,0 4.68014535921238,46.0288362045653,0 4.68012928313045,46.0288898541094,0 4.68009892104424,46.02898379636151,0 4.68009176028451,46.0290245238718,0 4.68008340878365,46.02906860160471,0 4.6801116295049,46.0291161903648,0 4.68017305669148,46.0291883262242,0 4.6802038433313,46.0292394797096,0 4.6801990144988,46.0292634197223,0 4.68016712837303,46.02929055297449,0 4.68010153269895,46.02933169632449,0 4.68012798552475,46.02941452848199,0 4.68016274385072,46.0295533508503,0 4.68019442492663,46.0296718631071,0 4.68026118483687,46.0297069012922,0 4.68030147829625,46.0297136896744,0 4.68045354666541,46.0297221535199,0 4.6806870764178,46.02973049012919,0 4.68089009734383,46.02973486528851,0 4.68115186730416,46.0297448537467,0 4.68160713512934,46.0297607077902,0 4.68170397495691,46.0297687283438,0 4.68169673994837,46.0298577343714,0 4.68169906577072,46.02991687558309,0 4.68179369025548,46.02994969807,0 4.6819429508251,46.0300058484065,0 4.68202051675924,46.030030547364,0 4.68230688727404,46.030096461617,0 4.68286527484595,46.030223997608,0 4.6828630607892,46.0302192567903,0 
							</coordinates>
						</LinearRing>
					</outerBoundaryIs>
				</Polygon>
			</MultiGeometry>
		</Placemark>
		<Placemark id="personne_morale.80679">
<styleUrl>#personne_morale</styleUrl>			<visibility>0</visibility>
			<ExtendedData>
				<SchemaData schemaUrl="#personne_morale">
					<SimpleData name="Numero de Parcelle">692150000B0520</SimpleData>
					<SimpleData name="Departement">69</SimpleData>
					<SimpleData name="Commune">SAINT-JULIEN</SimpleData>
					<SimpleData name="Adresse">LE BOURG</SimpleData>
					<SimpleData name="Groupe de personne">Personnes morales non remarquables</SimpleData>
					<SimpleData name="Forme Juridique Abregee">AUPM</SimpleData>
					<SimpleData name="Denomination">GFA DE LA RIGODIERE SAINT JULIEN</SimpleData>
				</SchemaData>
			</ExtendedData>
	<Region>
		<LatLonAltBox>
			<north> 46.0268244630751 </north>
			<south> 46.0265789700246 </south>
			<east> 4.65304454263008 </east>
			<west> 4.65272802330785 </west>
		</LatLonAltBox>
		<Lod>
			<minLodPixels>100</minLodPixels>
			<maxLodPixels>-1</maxLodPixels>
		</Lod>
	</Region>
			<MultiGeometry>
				<Polygon><altitudeMode>relativeToGround</altitudeMode>
					<outerBoundaryIs>
						<LinearRing>
							<coordinates>								4.65272802330785,46.0267389891741,0 4.65280504849031,46.0267592123036,0 4.65293812181201,46.0268244630751,0 4.65304454263008,46.0266654705658,0 4.65292822540401,46.0265984443867,0 4.65282602263606,46.02658372243349,0 4.65279368373499,46.0265789700246,0 4.65279027988034,46.02659478171881,0 4.65278172892384,46.0266372387954,0 4.65272802330785,46.0267389891741,0 
							</coordinates>
						</LinearRing>
					</outerBoundaryIs>
				</Polygon>
			</MultiGeometry>
		</Placemark>
		<Placemark id="personne_morale.81210">
<styleUrl>#personne_morale</styleUrl>			<visibility>0</visibility>
			<ExtendedData>
				<SchemaData schemaUrl="#personne_morale">
					<SimpleData name="Numero de Parcelle">692150000C0529</SimpleData>
					<SimpleData name="Departement">69</SimpleData>
					<SimpleData name="Commune">SAINT-JULIEN</SimpleData>
					<SimpleData name="Adresse">LE COLOMBIER</SimpleData>
					<SimpleData name="Groupe de personne">Personnes morales non remarquables</SimpleData>
					<SimpleData name="Forme Juridique Abregee">GFA</SimpleData>
					<SimpleData name="Denomination">DU PETIT TALANCE</SimpleData>
				</SchemaData>
			</ExtendedData>
	<Region>
		<LatLonAltBox>
			<north> 46.01752663974299 </north>
			<south> 46.0171686996743 </south>
			<east> 4.66009853981404 </east>
			<west> 4.6586954622936 </west>
		</LatLonAltBox>
		<Lod>
			<minLodPixels>100</minLodPixels>
			<maxLodPixels>-1</maxLodPixels>
		</Lod>
	</Region>
			<MultiGeometry>
				<Polygon><altitudeMode>relativeToGround</altitudeMode>
					<outerBoundaryIs>
						<LinearRing>
							<coordinates>								4.6586954622936,46.0172180729505,0 4.65871774739491,46.017322587148,0 4.66009853981404,46.01752663974299,0 4.66003800979748,46.0174315128015,0 4.65985296507464,46.0171686996743,0 4.65946345382634,46.0171861132862,0 4.6589194463815,46.0172075887253,0 4.6586954622936,46.0172180729505,0 
							</coordinates>
						</LinearRing>
					</outerBoundaryIs>
				</Polygon>
			</MultiGeometry>
		</Placemark>
		<Placemark id="personne_morale.81237">
<styleUrl>#personne_morale</styleUrl>			<visibility>0</visibility>
			<ExtendedData>
				<SchemaData schemaUrl="#personne_morale">
					<SimpleData name="Numero de Parcelle">692150000C0053</SimpleData>
					<SimpleData name="Departement">69</SimpleData>
					<SimpleData name="Commune">SAINT-JULIEN</SimpleData>
					<SimpleData name="Adresse">CHAMBELY</SimpleData>
					<SimpleData name="Groupe de personne">Personnes morales non remarquables</SimpleData>
					<SimpleData name="Forme Juridique Abregee">GFA</SimpleData>
					<SimpleData name="Denomination">GROUPEMENT FONCIER AGRICOL DE LA CASSINE</SimpleData>
				</SchemaData>
			</ExtendedData>
	<Region>
		<LatLonAltBox>
			<north> 46.02815243831191 </north>
			<south> 46.02798852394329 </south>
			<east> 4.68231013775917 </east>
			<west> 4.68001244690025 </west>
		</LatLonAltBox>
		<Lod>
			<minLodPixels>100</minLodPixels>
			<maxLodPixels>-1</maxLodPixels>
		</Lod>
	</Region>
			<MultiGeometry>
				<Polygon><altitudeMode>relativeToGround</altitudeMode>
					<outerBoundaryIs>
						<LinearRing>
							<coordinates>								4.68229735886404,46.02798852394329,0 4.68188180298063,46.02802765655391,0 4.6815913410174,46.0280516915436,0 4.68123003207382,46.0280803794699,0 4.68109060999737,46.0280878516183,0 4.68070312053471,46.02808495146349,0 4.68025572081581,46.02808491966961,0 4.68005872567286,46.02808288602441,0 4.68001244690025,46.0281002348605,0 4.68002823173721,46.0281344074601,0 4.68004262776132,46.0281442818644,0 4.68009766241271,46.0281299556621,0 4.68016442560968,46.0281228412766,0 4.68027225652818,46.02811827048,0 4.68035909990259,46.0281208560175,0 4.6805356989005,46.0281282354528,0 4.68082240333366,46.0281462313233,0 4.68094439945436,46.02815243831191,0 4.68098725736505,46.0281500913757,0 4.68104561102833,46.02813859771189,0 4.68116332219765,46.0281230711788,0 4.68127222531976,46.02811127795981,0 4.68141586054641,46.0281104983066,0 4.68162783753249,46.0281119470388,0 4.68177661115142,46.02807623375931,0 4.68191702788422,46.0280505519468,0 4.68197531791696,46.02803698714339,0 4.68204031828051,46.02803566226211,0 4.68231013775917,46.0280469695859,0 4.68230912837416,46.0280435619227,0 4.68229735886404,46.02798852394329,0 
							</coordinates>
						</LinearRing>
					</outerBoundaryIs>
				</Polygon>
			</MultiGeometry>
		</Placemark>
		<Placemark id="personne_morale.81946">
<styleUrl>#personne_morale</styleUrl>			<visibility>0</visibility>
			<ExtendedData>
				<SchemaData schemaUrl="#personne_morale">
					<SimpleData name="Numero de Parcelle">692150000B0539</SimpleData>
					<SimpleData name="Departement">69</SimpleData>
					<SimpleData name="Commune">SAINT-JULIEN</SimpleData>
					<SimpleData name="Adresse">41, RUE DU GRENOUILLARD</SimpleData>
					<SimpleData name="Groupe de personne">Personnes morales non remarquables</SimpleData>
					<SimpleData name="Forme Juridique Abregee">SCI</SimpleData>
					<SimpleData name="Denomination">EMERRON</SimpleData>
				</SchemaData>
			</ExtendedData>
	<Region>
		<LatLonAltBox>
			<north> 46.0265471651369 </north>
			<south> 46.0260835637805 </south>
			<east> 4.65243301321047 </east>
			<west> 4.65181977781791 </west>
		</LatLonAltBox>
		<Lod>
			<minLodPixels>100</minLodPixels>
			<maxLodPixels>-1</maxLodPixels>
		</Lod>
	</Region>
			<MultiGeometry>
				<Polygon><altitudeMode>relativeToGround</altitudeMode>
					<outerBoundaryIs>
						<LinearRing>
							<coordinates>								4.65181977781791,46.02648832767009,0 4.65191226794215,46.0265240880639,0 4.65200980785602,46.0265471651369,0 4.65204221244059,46.026519672151,0 4.65210767257136,46.0264605334925,0 4.65212605644086,46.026431173269,0 4.65215225792091,46.0264296204401,0 4.65220669322611,46.0263822613148,0 4.65220539266787,46.0263820100669,0 4.65230828860174,46.02629071138459,0 4.65243301321047,46.0261814408531,0 4.6520294999881,46.0260835637805,0 4.65189978400111,46.02632800992669,0 4.65184619929332,46.02643813451251,0 4.65183376267731,46.0264631747757,0 4.65181977781791,46.02648832767009,0 
							</coordinates>
						</LinearRing>
					</outerBoundaryIs>
				</Polygon>
			</MultiGeometry>
		</Placemark>
		<Placemark id="personne_morale.82688">
<styleUrl>#personne_morale</styleUrl>			<visibility>0</visibility>
			<ExtendedData>
				<SchemaData schemaUrl="#personne_morale">
					<SimpleData name="Numero de Parcelle">692150000B0548</SimpleData>
					<SimpleData name="Departement">69</SimpleData>
					<SimpleData name="Commune">SAINT-JULIEN</SimpleData>
					<SimpleData name="Adresse">VARENNES</SimpleData>
					<SimpleData name="Groupe de personne">Personnes morales non remarquables</SimpleData>
					<SimpleData name="Forme Juridique Abregee">SNC</SimpleData>
					<SimpleData name="Denomination">LE CLOS SAINT JULIEN</SimpleData>
				</SchemaData>
			</ExtendedData>
	<Region>
		<LatLonAltBox>
			<north> 46.0263944888212 </north>
			<south> 46.0261489134741 </south>
			<east> 4.64957988080951 </east>
			<west> 4.64924247033591 </west>
		</LatLonAltBox>
		<Lod>
			<minLodPixels>100</minLodPixels>
			<maxLodPixels>-1</maxLodPixels>
		</Lod>
	</Region>
			<MultiGeometry>
				<Polygon><altitudeMode>relativeToGround</altitudeMode>
					<outerBoundaryIs>
						<LinearRing>
							<coordinates>								4.64924247033591,46.0261926052822,0 4.64939450528138,46.0263944888212,0 4.64950434631766,46.02635353022319,0 4.64951152153047,46.0263470309118,0 4.64954607039314,46.0263177060723,0 4.64957988080951,46.0262810063256,0 4.64948280231863,46.02615686325019,0 4.64943511092658,46.0261532340093,0 4.64936684004984,46.0261489134741,0 4.64924247033591,46.0261926052822,0 
							</coordinates>
						</LinearRing>
					</outerBoundaryIs>
				</Polygon>
			</MultiGeometry>
		</Placemark>
		<Placemark id="personne_morale.82742">
<styleUrl>#personne_morale</styleUrl>			<visibility>0</visibility>
			<ExtendedData>
				<SchemaData schemaUrl="#personne_morale">
					<SimpleData name="Numero de Parcelle">692150000B0549</SimpleData>
					<SimpleData name="Departement">69</SimpleData>
					<SimpleData name="Commune">SAINT-JULIEN</SimpleData>
					<SimpleData name="Adresse">VARENNES</SimpleData>
					<SimpleData name="Groupe de personne">Personnes morales non remarquables</SimpleData>
					<SimpleData name="Forme Juridique Abregee">SNC</SimpleData>
					<SimpleData name="Denomination">LE CLOS SAINT JULIEN</SimpleData>
				</SchemaData>
			</ExtendedData>
	<Region>
		<LatLonAltBox>
			<north> 46.02615686325019 </north>
			<south> 46.0254155097892 </south>
			<east> 4.64993860902019 </east>
			<west> 4.64943511092658 </west>
		</LatLonAltBox>
		<Lod>
			<minLodPixels>100</minLodPixels>
			<maxLodPixels>-1</maxLodPixels>
		</Lod>
	</Region>
			<MultiGeometry>
				<Polygon><altitudeMode>relativeToGround</altitudeMode>
					<outerBoundaryIs>
						<LinearRing>
							<coordinates>								4.64943511092658,46.0261532340093,0 4.64948280231863,46.02615686325019,0 4.64955944127968,46.0260306422694,0 4.64967744128425,46.02585220978271,0 4.64981542911267,46.0256332254433,0 4.64993860902019,46.0254378743848,0 4.64989100265359,46.0254155097892,0 4.64981763570474,46.0255300645113,0 4.64976556146391,46.0256173786655,0 4.64976324436441,46.0256306525112,0 4.64956152601784,46.0259449564762,0 4.64943511092658,46.0261532340093,0 
							</coordinates>
						</LinearRing>
					</outerBoundaryIs>
				</Polygon>
			</MultiGeometry>
		</Placemark>
		<Placemark id="personne_morale.83266">
<styleUrl>#personne_morale</styleUrl>			<visibility>0</visibility>
			<ExtendedData>
				<SchemaData schemaUrl="#personne_morale">
					<SimpleData name="Numero de Parcelle">692150000C0554</SimpleData>
					<SimpleData name="Departement">69</SimpleData>
					<SimpleData name="Commune">SAINT-JULIEN</SimpleData>
					<SimpleData name="Adresse">LONGSARD</SimpleData>
					<SimpleData name="Groupe de personne">Personnes morales non remarquables</SimpleData>
					<SimpleData name="Forme Juridique Abregee">GFA</SimpleData>
					<SimpleData name="Denomination">BRAC DE LA PERRIERE</SimpleData>
				</SchemaData>
			</ExtendedData>
	<Region>
		<LatLonAltBox>
			<north> 46.0339807473329 </north>
			<south> 46.0327334051121 </south>
			<east> 4.68101268029372 </east>
			<west> 4.67720450282901 </west>
		</LatLonAltBox>
		<Lod>
			<minLodPixels>100</minLodPixels>
			<maxLodPixels>-1</maxLodPixels>
		</Lod>
	</Region>
			<MultiGeometry>
				<Polygon><altitudeMode>relativeToGround</altitudeMode>
					<outerBoundaryIs>
						<LinearRing>
							<coordinates>								4.67768986491823,46.0327334051121,0 4.67767354990349,46.0327581454821,0 4.67742984857486,46.0331331986273,0 4.67720450282901,46.0334826700849,0 4.67771154367416,46.03355415765739,0 4.67790956132008,46.0335805893653,0 4.67849497407523,46.0336648741232,0 4.67962242555562,46.0338273221311,0 4.680415594098,46.0339432853179,0 4.68064085024284,46.0339807473329,0 4.68101268029372,46.03336852529489,0 4.68029634830507,46.03323188233981,0 4.68014026858047,46.03320249139429,0 4.67939938445762,46.033062063549,0 4.67818483372951,46.0328290276346,0 4.67774671069798,46.03274436284939,0 4.67768986491823,46.0327334051121,0 
							</coordinates>
						</LinearRing>
					</outerBoundaryIs>
				</Polygon>
			</MultiGeometry>
		</Placemark>
		<Placemark id="personne_morale.83381">
<styleUrl>#personne_morale</styleUrl>			<visibility>0</visibility>
			<ExtendedData>
				<SchemaData schemaUrl="#personne_morale">
					<SimpleData name="Numero de Parcelle">692150000C0556</SimpleData>
					<SimpleData name="Departement">69</SimpleData>
					<SimpleData name="Commune">SAINT-JULIEN</SimpleData>
					<SimpleData name="Adresse">LONGSARD</SimpleData>
					<SimpleData name="Groupe de personne">Personnes morales non remarquables</SimpleData>
					<SimpleData name="Forme Juridique Abregee">GFA</SimpleData>
					<SimpleData name="Denomination">BRAC DE LA PERRIERE</SimpleData>
				</SchemaData>
			</ExtendedData>
	<Region>
		<LatLonAltBox>
			<north> 46.0341033504147 </north>
			<south> 46.0332051023822 </south>
			<east> 4.67643489565061 </east>
			<west> 4.67490641764052 </west>
		</LatLonAltBox>
		<Lod>
			<minLodPixels>100</minLodPixels>
			<maxLodPixels>-1</maxLodPixels>
		</Lod>
	</Region>
			<MultiGeometry>
				<Polygon><altitudeMode>relativeToGround</altitudeMode>
					<outerBoundaryIs>
						<LinearRing>
							<coordinates>								4.67536598299216,46.0340005563162,0 4.67537459069739,46.0339732281302,0 4.67594412592389,46.0340669478113,0 4.6761868051643,46.0341033504147,0 4.67630815127797,46.03376118357081,0 4.67633300330051,46.0337025411206,0 4.67643489565061,46.033401012914,0 4.67636356951927,46.0334792572756,0 4.67628234420777,46.03357214915911,0 4.67552149831888,46.0334681991482,0 4.67558599926798,46.0332508088827,0 4.67527191594472,46.0332051023822,0 4.67490641764052,46.0339380842615,0 4.67536598299216,46.0340005563162,0 
							</coordinates>
						</LinearRing>
					</outerBoundaryIs>
				</Polygon>
			</MultiGeometry>
		</Placemark>
		<Placemark id="personne_morale.83489">
<styleUrl>#personne_morale</styleUrl>			<visibility>0</visibility>
			<ExtendedData>
				<SchemaData schemaUrl="#personne_morale">
					<SimpleData name="Numero de Parcelle">692150000A0558</SimpleData>
					<SimpleData name="Departement">69</SimpleData>
					<SimpleData name="Commune">SAINT-JULIEN</SimpleData>
					<SimpleData name="Adresse">LE DEAU</SimpleData>
					<SimpleData name="Groupe de personne">Personnes morales non remarquables</SimpleData>
					<SimpleData name="Forme Juridique Abregee">GFA</SimpleData>
					<SimpleData name="Denomination">CHATEAU DU GERMAIN</SimpleData>
				</SchemaData>
			</ExtendedData>
	<Region>
		<LatLonAltBox>
			<north> 46.0277603438521 </north>
			<south> 46.02727339532019 </south>
			<east> 4.64063568966001 </east>
			<west> 4.63988612473406 </west>
		</LatLonAltBox>
		<Lod>
			<minLodPixels>100</minLodPixels>
			<maxLodPixels>-1</maxLodPixels>
		</Lod>
	</Region>
			<MultiGeometry>
				<Polygon><altitudeMode>relativeToGround</altitudeMode>
					<outerBoundaryIs>
						<LinearRing>
							<coordinates>								4.64063568966001,46.0277344773278,0 4.64046289214177,46.02727339532019,0 4.64032855647977,46.0273040714335,0 4.63988612473406,46.027405225741,0 4.64038561184523,46.0277603438521,0 4.64063568966001,46.0277344773278,0 
							</coordinates>
						</LinearRing>
					</outerBoundaryIs>
				</Polygon>
			</MultiGeometry>
		</Placemark>
		<Placemark id="personne_morale.83606">
<styleUrl>#personne_morale</styleUrl>			<visibility>0</visibility>
			<ExtendedData>
				<SchemaData schemaUrl="#personne_morale">
					<SimpleData name="Numero de Parcelle">692150000B0056</SimpleData>
					<SimpleData name="Departement">69</SimpleData>
					<SimpleData name="Commune">SAINT-JULIEN</SimpleData>
					<SimpleData name="Adresse">2231, RTE DU BEAUJOLAIS</SimpleData>
					<SimpleData name="Groupe de personne">Personnes morales non remarquables</SimpleData>
					<SimpleData name="Forme Juridique Abregee">ASS</SimpleData>
					<SimpleData name="Denomination">AGIVR SIEGE SOCIAL</SimpleData>
				</SchemaData>
			</ExtendedData>
	<Region>
		<LatLonAltBox>
			<north> 46.02569185903069 </north>
			<south> 46.02534644802689 </south>
			<east> 4.65108272028027 </east>
			<west> 4.65046525171 </west>
		</LatLonAltBox>
		<Lod>
			<minLodPixels>100</minLodPixels>
			<maxLodPixels>-1</maxLodPixels>
		</Lod>
	</Region>
			<MultiGeometry>
				<Polygon><altitudeMode>relativeToGround</altitudeMode>
					<outerBoundaryIs>
						<LinearRing>
							<coordinates>								4.65108272028027,46.0255136237121,0 4.6510095337189,46.0254876691908,0 4.65075831411794,46.02539747669889,0 4.65062567375977,46.02534644802689,0 4.65046525171,46.0255286517417,0 4.65060529161048,46.0255806536689,0 4.65064770392738,46.0255979596916,0 4.65072780024117,46.0256301186286,0 4.65080852124346,46.0256615478608,0 4.65089179476468,46.02569185903069,0 4.65099506212791,46.0255913691178,0 4.65108272028027,46.0255136237121,0 
							</coordinates>
						</LinearRing>
					</outerBoundaryIs>
				</Polygon>
			</MultiGeometry>
		</Placemark>
		<Placemark id="personne_morale.84013">
<styleUrl>#personne_morale</styleUrl>			<visibility>0</visibility>
			<ExtendedData>
				<SchemaData schemaUrl="#personne_morale">
					<SimpleData name="Numero de Parcelle">692150000C0563</SimpleData>
					<SimpleData name="Departement">69</SimpleData>
					<SimpleData name="Commune">SAINT-JULIEN</SimpleData>
					<SimpleData name="Adresse">LONGSARD</SimpleData>
					<SimpleData name="Groupe de personne">Personnes morales non remarquables</SimpleData>
					<SimpleData name="Forme Juridique Abregee">GFA</SimpleData>
					<SimpleData name="Denomination">BRAC DE LA PERRIERE</SimpleData>
				</SchemaData>
			</ExtendedData>
	<Region>
		<LatLonAltBox>
			<north> 46.0345524812658 </north>
			<south> 46.0319942422946 </south>
			<east> 4.67608162585242 </east>
			<west> 4.67448983877121 </west>
		</LatLonAltBox>
		<Lod>
			<minLodPixels>100</minLodPixels>
			<maxLodPixels>-1</maxLodPixels>
		</Lod>
	</Region>
			<MultiGeometry>
				<Polygon><altitudeMode>relativeToGround</altitudeMode>
					<outerBoundaryIs>
						<LinearRing>
							<coordinates>								4.67536598299216,46.0340005563162,0 4.67490641764052,46.0339380842615,0 4.67527191594472,46.0332051023822,0 4.67558599926798,46.0332508088827,0 4.67560231778825,46.03323039211039,0 4.67563589815772,46.0331526161463,0 4.6758120887835,46.0328235998574,0 4.67608162585242,46.0323370226173,0 4.67576678830189,46.03225367968499,0 4.67521702256947,46.0321078773007,0 4.67481732300164,46.0320021877231,0 4.67477595884307,46.0319942422946,0 4.67466472061086,46.0327067135853,0 4.67455700758361,46.0333949039627,0 4.67448983877121,46.0338263378916,0 4.67451762432895,46.0338554702028,0 4.67487720074188,46.0342270983531,0 4.67519062807892,46.0345524812658,0 4.67536598299216,46.0340005563162,0 
							</coordinates>
						</LinearRing>
					</outerBoundaryIs>
				</Polygon>
			</MultiGeometry>
		</Placemark>
		<Placemark id="personne_morale.84113">
<styleUrl>#personne_morale</styleUrl>			<visibility>0</visibility>
			<ExtendedData>
				<SchemaData schemaUrl="#personne_morale">
					<SimpleData name="Numero de Parcelle">692150000C0565</SimpleData>
					<SimpleData name="Departement">69</SimpleData>
					<SimpleData name="Commune">SAINT-JULIEN</SimpleData>
					<SimpleData name="Adresse">LONGSARD</SimpleData>
					<SimpleData name="Groupe de personne">Personnes morales non remarquables</SimpleData>
					<SimpleData name="Forme Juridique Abregee">GFA</SimpleData>
					<SimpleData name="Denomination">BRAC DE LA PERRIERE</SimpleData>
				</SchemaData>
			</ExtendedData>
	<Region>
		<LatLonAltBox>
			<north> 46.0334826700849 </north>
			<south> 46.0325692170399 </south>
			<east> 4.67767354990349 </east>
			<west> 4.67643489565061 </west>
		</LatLonAltBox>
		<Lod>
			<minLodPixels>100</minLodPixels>
			<maxLodPixels>-1</maxLodPixels>
		</Lod>
	</Region>
			<MultiGeometry>
				<Polygon><altitudeMode>relativeToGround</altitudeMode>
					<outerBoundaryIs>
						<LinearRing>
							<coordinates>								4.67720450282901,46.0334826700849,0 4.67742984857486,46.0331331986273,0 4.67767354990349,46.0327581454821,0 4.67696495108993,46.0325692170399,0 4.67661029060216,46.0331605453711,0 4.67650134935243,46.0333495911949,0 4.6764693318237,46.0333428591713,0 4.67647530995043,46.033356551383,0 4.67643489565061,46.033401012914,0 4.67683891754235,46.0334656514365,0 4.67685142717173,46.0334348427656,0 4.67720450282901,46.0334826700849,0 
							</coordinates>
						</LinearRing>
					</outerBoundaryIs>
				</Polygon>
			</MultiGeometry>
		</Placemark>
		<Placemark id="personne_morale.84157">
<styleUrl>#personne_morale</styleUrl>			<visibility>0</visibility>
			<ExtendedData>
				<SchemaData schemaUrl="#personne_morale">
					<SimpleData name="Numero de Parcelle">692150000C0566</SimpleData>
					<SimpleData name="Departement">69</SimpleData>
					<SimpleData name="Commune">SAINT-JULIEN</SimpleData>
					<SimpleData name="Adresse">LONGSARD</SimpleData>
					<SimpleData name="Groupe de personne">Personnes morales non remarquables</SimpleData>
					<SimpleData name="Forme Juridique Abregee">SARL</SimpleData>
					<SimpleData name="Denomination">ESID</SimpleData>
				</SchemaData>
			</ExtendedData>
	<Region>
		<LatLonAltBox>
			<north> 46.0327581454821 </north>
			<south> 46.0312152500451 </south>
			<east> 4.67845363025323 </east>
			<west> 4.6769632084606 </west>
		</LatLonAltBox>
		<Lod>
			<minLodPixels>100</minLodPixels>
			<maxLodPixels>-1</maxLodPixels>
		</Lod>
	</Region>
			<MultiGeometry>
				<Polygon><altitudeMode>relativeToGround</altitudeMode>
					<outerBoundaryIs>
						<LinearRing>
							<coordinates>								4.67845363025323,46.03140375103699,0 4.677958187991,46.0312794947769,0 4.6777043254257,46.0312152500451,0 4.67753188081085,46.0315351170767,0 4.6771851110683,46.0321515500864,0 4.67707188295262,46.0323525491222,0 4.6769632084606,46.0325502381634,0 4.67696495108993,46.0325692170399,0 4.67767354990349,46.0327581454821,0 4.67768986491823,46.0327334051121,0 4.67776813399635,46.0326115535463,0 4.67794184674697,46.0323416559898,0 4.67799936939502,46.0322476726175,0 4.67824254553891,46.0317878705001,0 4.67845363025323,46.03140375103699,0 
							</coordinates>
						</LinearRing>
					</outerBoundaryIs>
				</Polygon>
			</MultiGeometry>
		</Placemark>
		<Placemark id="personne_morale.84316">
<styleUrl>#personne_morale</styleUrl>			<visibility>0</visibility>
			<ExtendedData>
				<SchemaData schemaUrl="#personne_morale">
					<SimpleData name="Numero de Parcelle">692150000C0569</SimpleData>
					<SimpleData name="Departement">69</SimpleData>
					<SimpleData name="Commune">SAINT-JULIEN</SimpleData>
					<SimpleData name="Adresse">LONGSARD</SimpleData>
					<SimpleData name="Groupe de personne">Personnes morales non remarquables</SimpleData>
					<SimpleData name="Forme Juridique Abregee">SARL</SimpleData>
					<SimpleData name="Denomination">ESID</SimpleData>
				</SchemaData>
			</ExtendedData>
	<Region>
		<LatLonAltBox>
			<north> 46.03140375103699 </north>
			<south> 46.030824852621 </south>
			<east> 4.67870905336811 </east>
			<west> 4.6777043254257 </west>
		</LatLonAltBox>
		<Lod>
			<minLodPixels>100</minLodPixels>
			<maxLodPixels>-1</maxLodPixels>
		</Lod>
	</Region>
			<MultiGeometry>
				<Polygon><altitudeMode>relativeToGround</altitudeMode>
					<outerBoundaryIs>
						<LinearRing>
							<coordinates>								4.67870905336811,46.03093872255221,0 4.6781265653477,46.0308476408052,0 4.67811450076716,46.03084637830801,0 4.67791974604718,46.030824852621,0 4.67771913301814,46.0311877398202,0 4.6777043254257,46.0312152500451,0 4.677958187991,46.0312794947769,0 4.67845363025323,46.03140375103699,0 4.67849507344968,46.0313295505648,0 4.67856803673881,46.0311992203511,0 4.67870905336811,46.03093872255221,0 
							</coordinates>
						</LinearRing>
					</outerBoundaryIs>
				</Polygon>
			</MultiGeometry>
		</Placemark>
		<Placemark id="personne_morale.84372">
<styleUrl>#personne_morale</styleUrl>			<visibility>0</visibility>
			<ExtendedData>
				<SchemaData schemaUrl="#personne_morale">
					<SimpleData name="Numero de Parcelle">692150000B0057</SimpleData>
					<SimpleData name="Departement">69</SimpleData>
					<SimpleData name="Commune">SAINT-JULIEN</SimpleData>
					<SimpleData name="Adresse">LE BOURG</SimpleData>
					<SimpleData name="Groupe de personne">Personnes morales non remarquables</SimpleData>
					<SimpleData name="Forme Juridique Abregee">ASS</SimpleData>
					<SimpleData name="Denomination">AGIVR SIEGE SOCIAL</SimpleData>
				</SchemaData>
			</ExtendedData>
	<Region>
		<LatLonAltBox>
			<north> 46.0255286517417 </north>
			<south> 46.02524191028441 </south>
			<east> 4.65123691244577 </east>
			<west> 4.65045787093663 </west>
		</LatLonAltBox>
		<Lod>
			<minLodPixels>100</minLodPixels>
			<maxLodPixels>-1</maxLodPixels>
		</Lod>
	</Region>
			<MultiGeometry>
				<Polygon><altitudeMode>relativeToGround</altitudeMode>
					<outerBoundaryIs>
						<LinearRing>
							<coordinates>								4.65123691244577,46.0253780754605,0 4.65062964767492,46.02524191028441,0 4.65059132866475,46.0253049761296,0 4.65051830781829,46.025418085187,0 4.65045787093663,46.0255239855733,0 4.65046525171,46.0255286517417,0 4.65062567375977,46.02534644802689,0 4.65075831411794,46.02539747669889,0 4.6510095337189,46.0254876691908,0 4.65108272028027,46.0255136237121,0 4.65111495223112,46.02548469240149,0 4.65123691244577,46.0253780754605,0 
							</coordinates>
						</LinearRing>
					</outerBoundaryIs>
				</Polygon>
			</MultiGeometry>
		</Placemark>
		<Placemark id="personne_morale.84621">
<styleUrl>#personne_morale</styleUrl>			<visibility>0</visibility>
			<ExtendedData>
				<SchemaData schemaUrl="#personne_morale">
					<SimpleData name="Numero de Parcelle">692150000B0570</SimpleData>
					<SimpleData name="Departement">69</SimpleData>
					<SimpleData name="Commune">SAINT-JULIEN</SimpleData>
					<SimpleData name="Adresse">LE BOURG</SimpleData>
					<SimpleData name="Groupe de personne">Personnes morales non remarquables</SimpleData>
					<SimpleData name="Forme Juridique Abregee">SCI</SimpleData>
					<SimpleData name="Denomination">EMERRON</SimpleData>
				</SchemaData>
			</ExtendedData>
	<Region>
		<LatLonAltBox>
			<north> 46.0267254012443 </north>
			<south> 46.02646085103791 </south>
			<east> 4.65200980785602 </east>
			<west> 4.65159584833756 </west>
		</LatLonAltBox>
		<Lod>
			<minLodPixels>100</minLodPixels>
			<maxLodPixels>-1</maxLodPixels>
		</Lod>
	</Region>
			<MultiGeometry>
				<Polygon><altitudeMode>relativeToGround</altitudeMode>
					<outerBoundaryIs>
						<LinearRing>
							<coordinates>								4.65172599051617,46.0264782557358,0 4.65168426503124,46.02653551712031,0 4.65159584833756,46.0266913637424,0 4.65183129470772,46.0267254012443,0 4.65192956500826,46.0266264244154,0 4.65200980785602,46.0265471651369,0 4.65191226794215,46.0265240880639,0 4.65181977781791,46.02648832767009,0 4.65173982022075,46.02646085103791,0 4.65172599051617,46.0264782557358,0 
							</coordinates>
						</LinearRing>
					</outerBoundaryIs>
				</Polygon>
			</MultiGeometry>
		</Placemark>
		<Placemark id="personne_morale.84786">
<styleUrl>#personne_morale</styleUrl>			<visibility>0</visibility>
			<ExtendedData>
				<SchemaData schemaUrl="#personne_morale">
					<SimpleData name="Numero de Parcelle">692150000C0573</SimpleData>
					<SimpleData name="Departement">69</SimpleData>
					<SimpleData name="Commune">SAINT-JULIEN</SimpleData>
					<SimpleData name="Adresse">BUSSY</SimpleData>
					<SimpleData name="Groupe de personne">Personnes morales non remarquables</SimpleData>
					<SimpleData name="Forme Juridique Abregee">SCI</SimpleData>
					<SimpleData name="Denomination">SOCIETE CIVILE PICALE</SimpleData>
				</SchemaData>
			</ExtendedData>
	<Region>
		<LatLonAltBox>
			<north> 46.0228023951531 </north>
			<south> 46.0224956338013 </south>
			<east> 4.66931269252935 </east>
			<west> 4.66855931380139 </west>
		</LatLonAltBox>
		<Lod>
			<minLodPixels>100</minLodPixels>
			<maxLodPixels>-1</maxLodPixels>
		</Lod>
	</Region>
			<MultiGeometry>
				<Polygon><altitudeMode>relativeToGround</altitudeMode>
					<outerBoundaryIs>
						<LinearRing>
							<coordinates>								4.66931269252935,46.0227640975573,0 4.66927377268254,46.0224956338013,0 4.66855931380139,46.0225727160616,0 4.66862032630857,46.0228023951531,0 4.66872931718939,46.0227937649999,0 4.66890309321164,46.0227854417225,0 4.66890131375064,46.02277366884859,0 4.6688918175614,46.0227121112191,0 4.66890670146617,46.0227126125976,0 4.66890419406435,46.0226555455876,0 4.66888028830541,46.0226559876848,0 4.66887275695197,46.02258674523079,0 4.66896638943465,46.0225832948131,0 4.66917419178298,46.0225757309919,0 4.66919758948481,46.0227715573255,0 4.66926717629184,46.02276819060561,0 4.66931269252935,46.0227640975573,0 
							</coordinates>
						</LinearRing>
					</outerBoundaryIs>
				</Polygon>
			</MultiGeometry>
		</Placemark>
		<Placemark id="personne_morale.84794">
<styleUrl>#personne_morale</styleUrl>			<visibility>0</visibility>
			<ExtendedData>
				<SchemaData schemaUrl="#personne_morale">
					<SimpleData name="Numero de Parcelle">692150000A0574</SimpleData>
					<SimpleData name="Departement">69</SimpleData>
					<SimpleData name="Commune">SAINT-JULIEN</SimpleData>
					<SimpleData name="Adresse">LE JONCHY</SimpleData>
					<SimpleData name="Groupe de personne">Personnes morales non remarquables</SimpleData>
					<SimpleData name="Forme Juridique Abregee">SARL</SimpleData>
					<SimpleData name="Denomination">SARL TEJEM</SimpleData>
				</SchemaData>
			</ExtendedData>
	<Region>
		<LatLonAltBox>
			<north> 46.0202541512554 </north>
			<south> 46.0201039672567 </south>
			<east> 4.63828158466301 </east>
			<west> 4.63785959781664 </west>
		</LatLonAltBox>
		<Lod>
			<minLodPixels>100</minLodPixels>
			<maxLodPixels>-1</maxLodPixels>
		</Lod>
	</Region>
			<MultiGeometry>
				<Polygon><altitudeMode>relativeToGround</altitudeMode>
					<outerBoundaryIs>
						<LinearRing>
							<coordinates>								4.63785959781664,46.0201863515962,0 4.63826615306175,46.0202541512554,0 4.63828158466301,46.0201689034458,0 4.63825527665171,46.020114702202,0 4.63811315185719,46.020104687469,0 4.63789502530522,46.0201039672567,0 4.63785959781664,46.0201863515962,0 
							</coordinates>
						</LinearRing>
					</outerBoundaryIs>
				</Polygon>
			</MultiGeometry>
		</Placemark>
		<Placemark id="personne_morale.84834">
<styleUrl>#personne_morale</styleUrl>			<visibility>0</visibility>
			<ExtendedData>
				<SchemaData schemaUrl="#personne_morale">
					<SimpleData name="Numero de Parcelle">692150000C0574</SimpleData>
					<SimpleData name="Departement">69</SimpleData>
					<SimpleData name="Commune">SAINT-JULIEN</SimpleData>
					<SimpleData name="Adresse">BUSSY</SimpleData>
					<SimpleData name="Groupe de personne">Personnes morales non remarquables</SimpleData>
					<SimpleData name="Forme Juridique Abregee">GFA</SimpleData>
					<SimpleData name="Denomination">BUSSY  DE</SimpleData>
				</SchemaData>
			</ExtendedData>
	<Region>
		<LatLonAltBox>
			<north> 46.02304300236 </north>
			<south> 46.02141071493519 </south>
			<east> 4.67079801342983 </east>
			<west> 4.6648943504851 </west>
		</LatLonAltBox>
		<Lod>
			<minLodPixels>100</minLodPixels>
			<maxLodPixels>-1</maxLodPixels>
		</Lod>
	</Region>
			<MultiGeometry>
				<Polygon><altitudeMode>relativeToGround</altitudeMode>
					<outerBoundaryIs>
						<LinearRing>
							<coordinates>								4.6648943504851,46.0220717887798,0 4.66509493821632,46.0223042827651,0 4.66534259285818,46.0225923780671,0 4.66573429207766,46.02304300236,0 4.66607716959947,46.0229701402102,0 4.66632269923775,46.022918973926,0 4.66683505744865,46.0228112826129,0 4.66712306883818,46.0227455290328,0 4.66787691700917,46.02257303327299,0 4.66821051841387,46.0224929154171,0 4.66851841669493,46.0224179486521,0 4.66855931380139,46.0225727160616,0 4.66927377268254,46.0224956338013,0 4.66931269252935,46.0227640975573,0 4.66933422837513,46.0227622491683,0 4.66957960565042,46.022740260472,0 4.66981527915618,46.0227180539379,0 4.66976622166513,46.0221327857539,0 4.67042944683791,46.02204203984759,0 4.67076966493647,46.0219969438735,0 4.67079801342983,46.02141071493519,0 4.67001690029809,46.02150626272289,0 4.66920811764646,46.0217594736344,0 4.66862870243568,46.021919322583,0 4.66729767433674,46.0222698266406,0 4.66707415694205,46.0219636367847,0 4.66693944578488,46.0216141680632,0 4.6669265862094,46.02147141730961,0 4.66665674180072,46.02158608112811,0 4.66633411768157,46.0217211554307,0 4.66617832607343,46.0217895567945,0 4.66547363569023,46.0219627600521,0 4.66508824892822,46.0220448916665,0 4.6648943504851,46.0220717887798,0 
							</coordinates>
						</LinearRing>
					</outerBoundaryIs>
				</Polygon>
			</MultiGeometry>
		</Placemark>
		<Placemark id="personne_morale.84887">
<styleUrl>#personne_morale</styleUrl>			<visibility>0</visibility>
			<ExtendedData>
				<SchemaData schemaUrl="#personne_morale">
					<SimpleData name="Numero de Parcelle">692150000C0575</SimpleData>
					<SimpleData name="Departement">69</SimpleData>
					<SimpleData name="Commune">SAINT-JULIEN</SimpleData>
					<SimpleData name="Adresse">BUSSY</SimpleData>
					<SimpleData name="Groupe de personne">Personnes morales non remarquables</SimpleData>
					<SimpleData name="Forme Juridique Abregee">GFA</SimpleData>
					<SimpleData name="Denomination">BUSSY  DE</SimpleData>
				</SchemaData>
			</ExtendedData>
	<Region>
		<LatLonAltBox>
			<north> 46.0228235474587 </north>
			<south> 46.0225727160616 </south>
			<east> 4.66862032630857 </east>
			<west> 4.66845222274714 </west>
		</LatLonAltBox>
		<Lod>
			<minLodPixels>100</minLodPixels>
			<maxLodPixels>-1</maxLodPixels>
		</Lod>
	</Region>
			<MultiGeometry>
				<Polygon><altitudeMode>relativeToGround</altitudeMode>
					<outerBoundaryIs>
						<LinearRing>
							<coordinates>								4.66855931380139,46.0225727160616,0 4.66845222274714,46.02258429037511,0 4.66851727488896,46.0228235474587,0 4.66862032630857,46.0228023951531,0 4.66855931380139,46.0225727160616,0 
							</coordinates>
						</LinearRing>
					</outerBoundaryIs>
				</Polygon>
			</MultiGeometry>
		</Placemark>
		<Placemark id="personne_morale.84941">
<styleUrl>#personne_morale</styleUrl>			<visibility>0</visibility>
			<ExtendedData>
				<SchemaData schemaUrl="#personne_morale">
					<SimpleData name="Numero de Parcelle">692150000C0576</SimpleData>
					<SimpleData name="Departement">69</SimpleData>
					<SimpleData name="Commune">SAINT-JULIEN</SimpleData>
					<SimpleData name="Adresse">BUSSY</SimpleData>
					<SimpleData name="Groupe de personne">Personnes morales non remarquables</SimpleData>
					<SimpleData name="Forme Juridique Abregee">GFA</SimpleData>
					<SimpleData name="Denomination">BUSSY  DE</SimpleData>
				</SchemaData>
			</ExtendedData>
	<Region>
		<LatLonAltBox>
			<north> 46.023704545935 </north>
			<south> 46.0224179486521 </south>
			<east> 4.66855931380139 </east>
			<west> 4.66573429207766 </west>
		</LatLonAltBox>
		<Lod>
			<minLodPixels>100</minLodPixels>
			<maxLodPixels>-1</maxLodPixels>
		</Lod>
	</Region>
			<MultiGeometry>
				<Polygon><altitudeMode>relativeToGround</altitudeMode>
					<outerBoundaryIs>
						<LinearRing>
							<coordinates>								4.66855931380139,46.0225727160616,0 4.66851841669493,46.0224179486521,0 4.66821051841387,46.0224929154171,0 4.66787691700917,46.02257303327299,0 4.66712306883818,46.0227455290328,0 4.66683505744865,46.0228112826129,0 4.66632269923775,46.022918973926,0 4.66607716959947,46.0229701402102,0 4.66573429207766,46.02304300236,0 4.66578734285922,46.0231041001782,0 4.66630512575152,46.023704545935,0 4.66663267157931,46.0235736327722,0 4.66722439243913,46.0233199413275,0 4.66752384581953,46.0231879976728,0 4.66764888056024,46.02312428032899,0 4.66787656219893,46.0230175303446,0 4.66800697855452,46.0229735486347,0 4.66818989440433,46.0229169949483,0 4.66851727488896,46.0228235474587,0 4.66845222274714,46.02258429037511,0 4.66855931380139,46.0225727160616,0 
							</coordinates>
						</LinearRing>
					</outerBoundaryIs>
				</Polygon>
			</MultiGeometry>
		</Placemark>
		<Placemark id="personne_morale.85040">
<styleUrl>#personne_morale</styleUrl>			<visibility>0</visibility>
			<ExtendedData>
				<SchemaData schemaUrl="#personne_morale">
					<SimpleData name="Numero de Parcelle">692150000C0578</SimpleData>
					<SimpleData name="Departement">69</SimpleData>
					<SimpleData name="Commune">SAINT-JULIEN</SimpleData>
					<SimpleData name="Adresse">CHAMBELY</SimpleData>
					<SimpleData name="Groupe de personne">Personnes morales non remarquables</SimpleData>
					<SimpleData name="Forme Juridique Abregee">SCEA</SimpleData>
					<SimpleData name="Denomination">SCEA CHEMIN DU TACOT</SimpleData>
				</SchemaData>
			</ExtendedData>
	<Region>
		<LatLonAltBox>
			<north> 46.0234107880252 </north>
			<south> 46.02222562158341 </south>
			<east> 4.67774377386126 </east>
			<west> 4.67579125930878 </west>
		</LatLonAltBox>
		<Lod>
			<minLodPixels>100</minLodPixels>
			<maxLodPixels>-1</maxLodPixels>
		</Lod>
	</Region>
			<MultiGeometry>
				<Polygon><altitudeMode>relativeToGround</altitudeMode>
					<outerBoundaryIs>
						<LinearRing>
							<coordinates>								4.67772535618449,46.0225162967765,0 4.677726430422,46.02246674264381,0 4.67752106834813,46.0224143898262,0 4.67734338009266,46.0224045902158,0 4.67728681746793,46.02238984532299,0 4.67725593599221,46.022390482498,0 4.67702867812675,46.0223578177859,0 4.67635999418097,46.0222650314912,0 4.67610757848932,46.02222562158341,0 4.67614361736112,46.02277604353591,0 4.67579125930878,46.02277918263301,0 4.67579512107646,46.0228380309589,0 4.67582046905512,46.0231989247589,0 4.67583739745883,46.0234107880252,0 4.67737709136569,46.02333189719209,0 4.67764023875109,46.02332448949939,0 4.67774377386126,46.02331503073779,0 4.67772238449018,46.0226435189151,0 4.67772535618449,46.0225162967765,0 
							</coordinates>
						</LinearRing>
					</outerBoundaryIs>
				</Polygon>
			</MultiGeometry>
		</Placemark>
		<Placemark id="personne_morale.85099">
<styleUrl>#personne_morale</styleUrl>			<visibility>0</visibility>
			<ExtendedData>
				<SchemaData schemaUrl="#personne_morale">
					<SimpleData name="Numero de Parcelle">692150000A0058</SimpleData>
					<SimpleData name="Departement">69</SimpleData>
					<SimpleData name="Commune">SAINT-JULIEN</SimpleData>
					<SimpleData name="Adresse">LES GRANGES D ESPAGNE</SimpleData>
					<SimpleData name="Groupe de personne">Personnes morales non remarquables</SimpleData>
					<SimpleData name="Forme Juridique Abregee">AUPM</SimpleData>
					<SimpleData name="Denomination">GFA LACROIX ROCHE</SimpleData>
				</SchemaData>
			</ExtendedData>
	<Region>
		<LatLonAltBox>
			<north> 46.02282738141951 </north>
			<south> 46.0206250676719 </south>
			<east> 4.63186233641818 </east>
			<west> 4.62858067789318 </west>
		</LatLonAltBox>
		<Lod>
			<minLodPixels>100</minLodPixels>
			<maxLodPixels>-1</maxLodPixels>
		</Lod>
	</Region>
			<MultiGeometry>
				<Polygon><altitudeMode>relativeToGround</altitudeMode>
					<outerBoundaryIs>
						<LinearRing>
							<coordinates>								4.6291789238945,46.021983414333,0 4.62921111195886,46.0219526886488,0 4.62933134386663,46.0220353542264,0 4.62922223256309,46.02215788462439,0 4.62988031564648,46.0223627850524,0 4.62988227552615,46.0223634774135,0 4.63085325159609,46.0226731249556,0 4.6313497814578,46.02282738141951,0 4.63154909174926,46.02227626593869,0 4.6315928186025,46.02217692145761,0 4.63180311831449,46.02170004374931,0 4.63180771936508,46.0216895295648,0 4.63186233641818,46.0215650792095,0 4.63146407036118,46.0214367913975,0 4.63114375354759,46.02204044701761,0 4.630753659999,46.0219218565154,0 4.63107829957651,46.0213156179182,0 4.62974023088729,46.0208858770327,0 4.62893635540548,46.0206250676719,0 4.62881569050672,46.02086818515249,0 4.62881484186994,46.0208700887846,0 4.62858067789318,46.0213495552768,0 4.62867476021268,46.0214661027133,0 4.62869779532706,46.02152359554789,0 4.62881003872348,46.0216290736811,0 4.62902919780486,46.0218521753712,0 4.6291789238945,46.021983414333,0 
							</coordinates>
						</LinearRing>
					</outerBoundaryIs>
				</Polygon>
			</MultiGeometry>
		</Placemark>
		<Placemark id="personne_morale.85340">
<styleUrl>#personne_morale</styleUrl>			<visibility>0</visibility>
			<ExtendedData>
				<SchemaData schemaUrl="#personne_morale">
					<SimpleData name="Numero de Parcelle">692150000C0580</SimpleData>
					<SimpleData name="Departement">69</SimpleData>
					<SimpleData name="Commune">SAINT-JULIEN</SimpleData>
					<SimpleData name="Adresse">CHAMBELY</SimpleData>
					<SimpleData name="Groupe de personne">Personnes morales non remarquables</SimpleData>
					<SimpleData name="Forme Juridique Abregee">SCEA</SimpleData>
					<SimpleData name="Denomination">SCEA CHEMIN DU TACOT</SimpleData>
				</SchemaData>
			</ExtendedData>
	<Region>
		<LatLonAltBox>
			<north> 46.0228464054813 </north>
			<south> 46.0227294077694 </south>
			<east> 4.67579512107646 </east>
			<west> 4.6752711475376 </west>
		</LatLonAltBox>
		<Lod>
			<minLodPixels>100</minLodPixels>
			<maxLodPixels>-1</maxLodPixels>
		</Lod>
	</Region>
			<MultiGeometry>
				<Polygon><altitudeMode>relativeToGround</altitudeMode>
					<outerBoundaryIs>
						<LinearRing>
							<coordinates>								4.67579125930878,46.02277918263301,0 4.67540947125298,46.02278392660889,0 4.6752711475376,46.0227294077694,0 4.6752835032366,46.0228464054813,0 4.67579512107646,46.0228380309589,0 4.67579125930878,46.02277918263301,0 
							</coordinates>
						</LinearRing>
					</outerBoundaryIs>
				</Polygon>
			</MultiGeometry>
		</Placemark>
		<Placemark id="personne_morale.85587">
<styleUrl>#personne_morale</styleUrl>			<visibility>0</visibility>
			<ExtendedData>
				<SchemaData schemaUrl="#personne_morale">
					<SimpleData name="Numero de Parcelle">692150000A0586</SimpleData>
					<SimpleData name="Departement">69</SimpleData>
					<SimpleData name="Commune">SAINT-JULIEN</SimpleData>
					<SimpleData name="Adresse">101, RUE DU JONCHY</SimpleData>
					<SimpleData name="Groupe de personne">Personnes morales non remarquables</SimpleData>
					<SimpleData name="Forme Juridique Abregee">SCI</SimpleData>
					<SimpleData name="Denomination">DU JONCHY</SimpleData>
				</SchemaData>
			</ExtendedData>
	<Region>
		<LatLonAltBox>
			<north> 46.02029712392021 </north>
			<south> 46.0199035295945 </south>
			<east> 4.64187956083882 </east>
			<west> 4.64135207804217 </west>
		</LatLonAltBox>
		<Lod>
			<minLodPixels>100</minLodPixels>
			<maxLodPixels>-1</maxLodPixels>
		</Lod>
	</Region>
			<MultiGeometry>
				<Polygon><altitudeMode>relativeToGround</altitudeMode>
					<outerBoundaryIs>
						<LinearRing>
							<coordinates>								4.64187956083882,46.0199982130482,0 4.64183425856158,46.0199834676357,0 4.64158881578771,46.0199035295945,0 4.64158911698547,46.019909289625,0 4.64135207804217,46.02016293366919,0 4.6413529933999,46.0201632806865,0 4.64161517219512,46.0202451384682,0 4.64178195173581,46.02029712392021,0 4.64179628572708,46.0202445863756,0 4.64187956083882,46.0199982130482,0 
							</coordinates>
						</LinearRing>
					</outerBoundaryIs>
				</Polygon>
			</MultiGeometry>
		</Placemark>
		<Placemark id="personne_morale.85764">
<styleUrl>#personne_morale</styleUrl>			<visibility>0</visibility>
			<ExtendedData>
				<SchemaData schemaUrl="#personne_morale">
					<SimpleData name="Numero de Parcelle">692150000A0059</SimpleData>
					<SimpleData name="Departement">69</SimpleData>
					<SimpleData name="Commune">SAINT-JULIEN</SimpleData>
					<SimpleData name="Adresse">LES GRANGES D ESPAGNE</SimpleData>
					<SimpleData name="Groupe de personne">Personnes morales non remarquables</SimpleData>
					<SimpleData name="Forme Juridique Abregee">AUPM</SimpleData>
					<SimpleData name="Denomination">GFA LACROIX ROCHE</SimpleData>
				</SchemaData>
			</ExtendedData>
	<Region>
		<LatLonAltBox>
			<north> 46.02204044701761 </north>
			<south> 46.02131552416829 </south>
			<east> 4.63146407036118 </east>
			<west> 4.630753659999 </west>
		</LatLonAltBox>
		<Lod>
			<minLodPixels>100</minLodPixels>
			<maxLodPixels>-1</maxLodPixels>
		</Lod>
	</Region>
			<MultiGeometry>
				<Polygon><altitudeMode>relativeToGround</altitudeMode>
					<outerBoundaryIs>
						<LinearRing>
							<coordinates>								4.63107829957651,46.0213156179182,0 4.630753659999,46.0219218565154,0 4.63114375354759,46.02204044701761,0 4.63146407036118,46.0214367913975,0 4.63145885028164,46.021435155244,0 4.6310785553731,46.02131552416829,0 4.63107829957651,46.0213156179182,0 
							</coordinates>
						</LinearRing>
					</outerBoundaryIs>
				</Polygon>
			</MultiGeometry>
		</Placemark>
		<Placemark id="personne_morale.86048">
<styleUrl>#personne_morale</styleUrl>			<visibility>0</visibility>
			<ExtendedData>
				<SchemaData schemaUrl="#personne_morale">
					<SimpleData name="Numero de Parcelle">692150000A0592</SimpleData>
					<SimpleData name="Departement">69</SimpleData>
					<SimpleData name="Commune">SAINT-JULIEN</SimpleData>
					<SimpleData name="Adresse">101, RUE DU JONCHY</SimpleData>
					<SimpleData name="Groupe de personne">Personnes morales non remarquables</SimpleData>
					<SimpleData name="Forme Juridique Abregee">SCI</SimpleData>
					<SimpleData name="Denomination">DU JONCHY</SimpleData>
				</SchemaData>
			</ExtendedData>
	<Region>
		<LatLonAltBox>
			<north> 46.020224524179 </north>
			<south> 46.0201407101476 </south>
			<east> 4.64208564502506 </east>
			<west> 4.64197748166812 </west>
		</LatLonAltBox>
		<Lod>
			<minLodPixels>100</minLodPixels>
			<maxLodPixels>-1</maxLodPixels>
		</Lod>
	</Region>
			<MultiGeometry>
				<Polygon><altitudeMode>relativeToGround</altitudeMode>
					<outerBoundaryIs>
						<LinearRing>
							<coordinates>								4.64206822216926,46.020224524179,0 4.64208564502506,46.0201498750155,0 4.64198465761625,46.0201407101476,0 4.64197748166812,46.0202121484949,0 4.64206083722796,46.02022400070249,0 4.64206822216926,46.020224524179,0 
							</coordinates>
						</LinearRing>
					</outerBoundaryIs>
				</Polygon>
			</MultiGeometry>
		</Placemark>
		<Placemark id="personne_morale.86179">
<styleUrl>#personne_morale</styleUrl>			<visibility>0</visibility>
			<ExtendedData>
				<SchemaData schemaUrl="#personne_morale">
					<SimpleData name="Numero de Parcelle">692150000A0595</SimpleData>
					<SimpleData name="Departement">69</SimpleData>
					<SimpleData name="Commune">SAINT-JULIEN</SimpleData>
					<SimpleData name="Adresse">101, RUE DU JONCHY</SimpleData>
					<SimpleData name="Groupe de personne">Personnes morales non remarquables</SimpleData>
					<SimpleData name="Forme Juridique Abregee">SCI</SimpleData>
					<SimpleData name="Denomination">DU JONCHY</SimpleData>
				</SchemaData>
			</ExtendedData>
	<Region>
		<LatLonAltBox>
			<north> 46.0203368940948 </north>
			<south> 46.0199982130482 </south>
			<east> 4.64199556439317 </east>
			<west> 4.64178195173581 </west>
		</LatLonAltBox>
		<Lod>
			<minLodPixels>100</minLodPixels>
			<maxLodPixels>-1</maxLodPixels>
		</Lod>
	</Region>
			<MultiGeometry>
				<Polygon><altitudeMode>relativeToGround</altitudeMode>
					<outerBoundaryIs>
						<LinearRing>
							<coordinates>								4.64199556439317,46.0200296776028,0 4.64188804677368,46.0200009723011,0 4.64187956083882,46.0199982130482,0 4.64179628572708,46.0202445863756,0 4.64178195173581,46.02029712392021,0 4.64190906385982,46.0203368940948,0 4.64192617922245,46.0202779213608,0 4.64192852732416,46.0202699612991,0 4.64194657973351,46.0202077325135,0 4.64197748166812,46.0202121484949,0 4.64198465761625,46.0201407101476,0 4.6419899049598,46.0200869531997,0 4.64199556439317,46.0200296776028,0 
							</coordinates>
						</LinearRing>
					</outerBoundaryIs>
				</Polygon>
			</MultiGeometry>
		</Placemark>
		<Placemark id="personne_morale.86228">
<styleUrl>#personne_morale</styleUrl>			<visibility>0</visibility>
			<ExtendedData>
				<SchemaData schemaUrl="#personne_morale">
					<SimpleData name="Numero de Parcelle">692150000C0596</SimpleData>
					<SimpleData name="Departement">69</SimpleData>
					<SimpleData name="Commune">SAINT-JULIEN</SimpleData>
					<SimpleData name="Adresse">CHAMBELY</SimpleData>
					<SimpleData name="Groupe de personne">Personnes morales non remarquables</SimpleData>
					<SimpleData name="Forme Juridique Abregee">SCI</SimpleData>
					<SimpleData name="Denomination">DUFOUR IMMO</SimpleData>
				</SchemaData>
			</ExtendedData>
	<Region>
		<LatLonAltBox>
			<north> 46.0276033023183 </north>
			<south> 46.02735251091101 </south>
			<east> 4.67367585931239 </east>
			<west> 4.67330557180779 </west>
		</LatLonAltBox>
		<Lod>
			<minLodPixels>100</minLodPixels>
			<maxLodPixels>-1</maxLodPixels>
		</Lod>
	</Region>
			<MultiGeometry>
				<Polygon><altitudeMode>relativeToGround</altitudeMode>
					<outerBoundaryIs>
						<LinearRing>
							<coordinates>								4.67330557180779,46.02749132228009,0 4.67333803554527,46.0275298430497,0 4.67336352922746,46.0275602704007,0 4.67344300307575,46.0275501801669,0 4.67348946652448,46.0275430992206,0 4.67352537285191,46.02753752517481,0 4.67353577930372,46.0276033023183,0 4.67362044496195,46.02759385585691,0 4.67367585931239,46.02758772349731,0 4.67366553489236,46.0275246472348,0 4.67360059472928,46.0275321812195,0 4.67359100800463,46.0274635998256,0 4.67364961001788,46.0274517460362,0 4.67364486241211,46.0273892179088,0 4.6736420643615,46.02735251091101,0 4.67364001286517,46.0273530816204,0 4.6735835588215,46.0273632824407,0 4.67351222486447,46.0273986521606,0 4.67351120733364,46.0273992076009,0 4.6734323194771,46.0274327973459,0 4.67336231664175,46.02746517502541,0 4.67330557180779,46.02749132228009,0 
							</coordinates>
						</LinearRing>
					</outerBoundaryIs>
				</Polygon>
			</MultiGeometry>
		</Placemark>
		<Placemark id="personne_morale.86310">
<styleUrl>#personne_morale</styleUrl>			<visibility>0</visibility>
			<ExtendedData>
				<SchemaData schemaUrl="#personne_morale">
					<SimpleData name="Numero de Parcelle">692150000B0598</SimpleData>
					<SimpleData name="Departement">69</SimpleData>
					<SimpleData name="Commune">SAINT-JULIEN</SimpleData>
					<SimpleData name="Adresse">LE TREMBLE</SimpleData>
					<SimpleData name="Groupe de personne">Personnes morales non remarquables</SimpleData>
					<SimpleData name="Forme Juridique Abregee">AUPM</SimpleData>
					<SimpleData name="Denomination">GFA DU CHATEAU DU TREMBLE</SimpleData>
				</SchemaData>
			</ExtendedData>
	<Region>
		<LatLonAltBox>
			<north> 46.0191678264623 </north>
			<south> 46.01906076964659 </south>
			<east> 4.64456555247153 </east>
			<west> 4.64437046688551 </west>
		</LatLonAltBox>
		<Lod>
			<minLodPixels>100</minLodPixels>
			<maxLodPixels>-1</maxLodPixels>
		</Lod>
	</Region>
			<MultiGeometry>
				<Polygon><altitudeMode>relativeToGround</altitudeMode>
					<outerBoundaryIs>
						<LinearRing>
							<coordinates>								4.64439106565745,46.0190901136452,0 4.64437046688551,46.019144904112,0 4.64449772100409,46.0191678264623,0 4.64451497858255,46.0191137149373,0 4.64456555247153,46.0190842491045,0 4.64452983724318,46.0190788228586,0 4.64446322859993,46.019069251395,0 4.64440221175176,46.01906076964659,0 4.64439106565745,46.0190901136452,0 
							</coordinates>
						</LinearRing>
					</outerBoundaryIs>
				</Polygon>
			</MultiGeometry>
		</Placemark>
		<Placemark id="personne_morale.86341">
<styleUrl>#personne_morale</styleUrl>			<visibility>0</visibility>
			<ExtendedData>
				<SchemaData schemaUrl="#personne_morale">
					<SimpleData name="Numero de Parcelle">692150000B0599</SimpleData>
					<SimpleData name="Departement">69</SimpleData>
					<SimpleData name="Commune">SAINT-JULIEN</SimpleData>
					<SimpleData name="Adresse">LE TREMBLE</SimpleData>
					<SimpleData name="Groupe de personne">Personnes morales non remarquables</SimpleData>
					<SimpleData name="Forme Juridique Abregee">AUPM</SimpleData>
					<SimpleData name="Denomination">GFA DU CHATEAU DU TREMBLE</SimpleData>
				</SchemaData>
			</ExtendedData>
	<Region>
		<LatLonAltBox>
			<north> 46.0190788228586 </north>
			<south> 46.0189817276732 </south>
			<east> 4.64456403714664 </east>
			<west> 4.64446322859993 </west>
		</LatLonAltBox>
		<Lod>
			<minLodPixels>100</minLodPixels>
			<maxLodPixels>-1</maxLodPixels>
		</Lod>
	</Region>
			<MultiGeometry>
				<Polygon><altitudeMode>relativeToGround</altitudeMode>
					<outerBoundaryIs>
						<LinearRing>
							<coordinates>								4.64452983724318,46.0190788228586,0 4.64456403714664,46.0189946527172,0 4.64449887973329,46.0189817276732,0 4.64446322859993,46.019069251395,0 4.64452983724318,46.0190788228586,0 
							</coordinates>
						</LinearRing>
					</outerBoundaryIs>
				</Polygon>
			</MultiGeometry>
		</Placemark>
		<Placemark id="personne_morale.86671">
<styleUrl>#personne_morale</styleUrl>			<visibility>0</visibility>
			<ExtendedData>
				<SchemaData schemaUrl="#personne_morale">
					<SimpleData name="Numero de Parcelle">692150000A0060</SimpleData>
					<SimpleData name="Departement">69</SimpleData>
					<SimpleData name="Commune">SAINT-JULIEN</SimpleData>
					<SimpleData name="Adresse">LES GRANGES D ESPAGNE</SimpleData>
					<SimpleData name="Groupe de personne">Personnes morales non remarquables</SimpleData>
					<SimpleData name="Forme Juridique Abregee">AUPM</SimpleData>
					<SimpleData name="Denomination">GFA LACROIX ROCHE</SimpleData>
				</SchemaData>
			</ExtendedData>
	<Region>
		<LatLonAltBox>
			<north> 46.0215650792095 </north>
			<south> 46.0206891868336 </south>
			<east> 4.63210970913811 </east>
			<west> 4.63107829957651 </west>
		</LatLonAltBox>
		<Lod>
			<minLodPixels>100</minLodPixels>
			<maxLodPixels>-1</maxLodPixels>
		</Lod>
	</Region>
			<MultiGeometry>
				<Polygon><altitudeMode>relativeToGround</altitudeMode>
					<outerBoundaryIs>
						<LinearRing>
							<coordinates>								4.63107829957651,46.0213156179182,0 4.6310785553731,46.02131552416829,0 4.63145885028164,46.021435155244,0 4.63146407036118,46.0214367913975,0 4.63186233641818,46.0215650792095,0 4.63198465877888,46.0212867176987,0 4.63206676756435,46.0210997241295,0 4.63210970913811,46.02100012052259,0 4.63111622114137,46.0206891868336,0 4.63111575386593,46.02069522814169,0 4.63107829957651,46.0213156179182,0 
							</coordinates>
						</LinearRing>
					</outerBoundaryIs>
				</Polygon>
			</MultiGeometry>
		</Placemark>
		<Placemark id="personne_morale.86969">
<styleUrl>#personne_morale</styleUrl>			<visibility>0</visibility>
			<ExtendedData>
				<SchemaData schemaUrl="#personne_morale">
					<SimpleData name="Numero de Parcelle">692150000B0601</SimpleData>
					<SimpleData name="Departement">69</SimpleData>
					<SimpleData name="Commune">SAINT-JULIEN</SimpleData>
					<SimpleData name="Adresse">LE TREMBLE</SimpleData>
					<SimpleData name="Groupe de personne">Personnes morales non remarquables</SimpleData>
					<SimpleData name="Forme Juridique Abregee">AUPM</SimpleData>
					<SimpleData name="Denomination">GFA DU CHATEAU DU TREMBLE</SimpleData>
				</SchemaData>
			</ExtendedData>
	<Region>
		<LatLonAltBox>
			<north> 46.01910888556279 </north>
			<south> 46.019004098449 </south>
			<east> 4.64473846974419 </east>
			<west> 4.64459841124157 </west>
		</LatLonAltBox>
		<Lod>
			<minLodPixels>100</minLodPixels>
			<maxLodPixels>-1</maxLodPixels>
		</Lod>
	</Region>
			<MultiGeometry>
				<Polygon><altitudeMode>relativeToGround</altitudeMode>
					<outerBoundaryIs>
						<LinearRing>
							<coordinates>								4.64470501045689,46.01910888556279,0 4.64472522926913,46.0190586940496,0 4.64473846974419,46.0190258970072,0 4.64462689274038,46.019004098449,0 4.64459841124157,46.0190892664491,0 4.64470501045689,46.01910888556279,0 
							</coordinates>
						</LinearRing>
					</outerBoundaryIs>
				</Polygon>
			</MultiGeometry>
		</Placemark>
		<Placemark id="personne_morale.87104">
<styleUrl>#personne_morale</styleUrl>			<visibility>0</visibility>
			<ExtendedData>
				<SchemaData schemaUrl="#personne_morale">
					<SimpleData name="Numero de Parcelle">692150000B0604</SimpleData>
					<SimpleData name="Departement">69</SimpleData>
					<SimpleData name="Commune">SAINT-JULIEN</SimpleData>
					<SimpleData name="Adresse">LE TREMBLE</SimpleData>
					<SimpleData name="Groupe de personne">Personnes morales non remarquables</SimpleData>
					<SimpleData name="Forme Juridique Abregee">AUPM</SimpleData>
					<SimpleData name="Denomination">GFA DU CHATEAU DU TREMBLE</SimpleData>
				</SchemaData>
			</ExtendedData>
	<Region>
		<LatLonAltBox>
			<north> 46.0191258805841 </north>
			<south> 46.0190586940496 </south>
			<east> 4.64480600719944 </east>
			<west> 4.64470501045689 </west>
		</LatLonAltBox>
		<Lod>
			<minLodPixels>100</minLodPixels>
			<maxLodPixels>-1</maxLodPixels>
		</Lod>
	</Region>
			<MultiGeometry>
				<Polygon><altitudeMode>relativeToGround</altitudeMode>
					<outerBoundaryIs>
						<LinearRing>
							<coordinates>								4.64478761379471,46.0191258805841,0 4.64480600719944,46.0190751751368,0 4.64472522926913,46.0190586940496,0 4.64470501045689,46.01910888556279,0 4.64478761379471,46.0191258805841,0 
							</coordinates>
						</LinearRing>
					</outerBoundaryIs>
				</Polygon>
			</MultiGeometry>
		</Placemark>
		<Placemark id="personne_morale.87239">
<styleUrl>#personne_morale</styleUrl>			<visibility>0</visibility>
			<ExtendedData>
				<SchemaData schemaUrl="#personne_morale">
					<SimpleData name="Numero de Parcelle">692150000B0607</SimpleData>
					<SimpleData name="Departement">69</SimpleData>
					<SimpleData name="Commune">SAINT-JULIEN</SimpleData>
					<SimpleData name="Adresse">LE TREMBLE</SimpleData>
					<SimpleData name="Groupe de personne">Personnes morales non remarquables</SimpleData>
					<SimpleData name="Forme Juridique Abregee">AUPM</SimpleData>
					<SimpleData name="Denomination">GFA DU CHATEAU DU TREMBLE</SimpleData>
				</SchemaData>
			</ExtendedData>
	<Region>
		<LatLonAltBox>
			<north> 46.01886602435351 </north>
			<south> 46.0178637755113 </south>
			<east> 4.64584228081111 </east>
			<west> 4.64468896660815 </west>
		</LatLonAltBox>
		<Lod>
			<minLodPixels>100</minLodPixels>
			<maxLodPixels>-1</maxLodPixels>
		</Lod>
	</Region>
			<MultiGeometry>
				<Polygon><altitudeMode>relativeToGround</altitudeMode>
					<outerBoundaryIs>
						<LinearRing>
							<coordinates>								4.64584228081111,46.0184076718688,0 4.64570240920049,46.0183648489471,0 4.64545894147514,46.01829038481821,0 4.64562156301804,46.01804790015709,0 4.64484153337507,46.0178637755113,0 4.64468896660815,46.01826535459299,0 4.64509386361457,46.01844213691669,0 4.64537252456479,46.01856076495741,0 4.64523840568287,46.0188010340503,0 4.64540129111649,46.0188352370879,0 4.64556989230897,46.01886602435351,0 4.64584228081111,46.0184076718688,0 
							</coordinates>
						</LinearRing>
					</outerBoundaryIs>
				</Polygon>
			</MultiGeometry>
		</Placemark>
		<Placemark id="personne_morale.87361">
<styleUrl>#personne_morale</styleUrl>			<visibility>0</visibility>
			<ExtendedData>
				<SchemaData schemaUrl="#personne_morale">
					<SimpleData name="Numero de Parcelle">692150000A0061</SimpleData>
					<SimpleData name="Departement">69</SimpleData>
					<SimpleData name="Commune">SAINT-JULIEN</SimpleData>
					<SimpleData name="Adresse">LES GRANGES D ESPAGNE</SimpleData>
					<SimpleData name="Groupe de personne">Personnes morales non remarquables</SimpleData>
					<SimpleData name="Forme Juridique Abregee">AUPM</SimpleData>
					<SimpleData name="Denomination">GFA LACROIX ROCHE</SimpleData>
				</SchemaData>
			</ExtendedData>
	<Region>
		<LatLonAltBox>
			<north> 46.0213156179182 </north>
			<south> 46.0199546338368 </south>
			<east> 4.63111622114137 </east>
			<west> 4.62893635540548 </west>
		</LatLonAltBox>
		<Lod>
			<minLodPixels>100</minLodPixels>
			<maxLodPixels>-1</maxLodPixels>
		</Lod>
	</Region>
			<MultiGeometry>
				<Polygon><altitudeMode>relativeToGround</altitudeMode>
					<outerBoundaryIs>
						<LinearRing>
							<coordinates>								4.62893635540548,46.0206250676719,0 4.62974023088729,46.0208858770327,0 4.63107829957651,46.0213156179182,0 4.63111575386593,46.02069522814169,0 4.63111622114137,46.0206891868336,0 4.63043087838769,46.02047135585501,0 4.63056087451479,46.020146410253,0 4.63006144922698,46.0199546338368,0 4.62997391664726,46.020098381007,0 4.6296586716639,46.0206727772306,0 4.62900830644693,46.020478933347,0 4.62893635540548,46.0206250676719,0 
							</coordinates>
						</LinearRing>
					</outerBoundaryIs>
				</Polygon>
			</MultiGeometry>
		</Placemark>
		<Placemark id="personne_morale.87668">
<styleUrl>#personne_morale</styleUrl>			<visibility>0</visibility>
			<ExtendedData>
				<SchemaData schemaUrl="#personne_morale">
					<SimpleData name="Numero de Parcelle">692150000B0612</SimpleData>
					<SimpleData name="Departement">69</SimpleData>
					<SimpleData name="Commune">SAINT-JULIEN</SimpleData>
					<SimpleData name="Adresse">LE BOURG</SimpleData>
					<SimpleData name="Groupe de personne">Personnes morales non remarquables</SimpleData>
					<SimpleData name="Forme Juridique Abregee">GFA</SimpleData>
					<SimpleData name="Denomination">CALANDE   DE LA</SimpleData>
				</SchemaData>
			</ExtendedData>
	<Region>
		<LatLonAltBox>
			<north> 46.02916198649771 </north>
			<south> 46.02827505330281 </south>
			<east> 4.65233384975347 </east>
			<west> 4.65113901228826 </west>
		</LatLonAltBox>
		<Lod>
			<minLodPixels>100</minLodPixels>
			<maxLodPixels>-1</maxLodPixels>
		</Lod>
	</Region>
			<MultiGeometry>
				<Polygon><altitudeMode>relativeToGround</altitudeMode>
					<outerBoundaryIs>
						<LinearRing>
							<coordinates>								4.65176831923302,46.02827505330281,0 4.65157753486619,46.0288069880345,0 4.6512108764665,46.0286968618191,0 4.65116360660759,46.0288193235289,0 4.65114278658297,46.0288666427657,0 4.65113901228826,46.02887444366859,0 4.65152150834801,46.0290124408525,0 4.65205706547192,46.02916198649771,0 4.65233384975347,46.0283809276781,0 4.65227927240989,46.028367672547,0 4.65176831923302,46.02827505330281,0 
							</coordinates>
						</LinearRing>
					</outerBoundaryIs>
				</Polygon>
			</MultiGeometry>
		</Placemark>
		<Placemark id="personne_morale.87875">
<styleUrl>#personne_morale</styleUrl>			<visibility>0</visibility>
			<ExtendedData>
				<SchemaData schemaUrl="#personne_morale">
					<SimpleData name="Numero de Parcelle">692150000C0617</SimpleData>
					<SimpleData name="Departement">69</SimpleData>
					<SimpleData name="Commune">SAINT-JULIEN</SimpleData>
					<SimpleData name="Adresse">SAUNIERES</SimpleData>
					<SimpleData name="Groupe de personne">Personnes morales non remarquables</SimpleData>
					<SimpleData name="Forme Juridique Abregee">AUPM</SimpleData>
					<SimpleData name="Denomination">GFA DE LA RIGODIERE SAINT JULIEN</SimpleData>
				</SchemaData>
			</ExtendedData>
	<Region>
		<LatLonAltBox>
			<north> 46.0288954798819 </north>
			<south> 46.02774650334201 </south>
			<east> 4.663395694861 </east>
			<west> 4.66056169094874 </west>
		</LatLonAltBox>
		<Lod>
			<minLodPixels>100</minLodPixels>
			<maxLodPixels>-1</maxLodPixels>
		</Lod>
	</Region>
			<MultiGeometry>
				<Polygon><altitudeMode>relativeToGround</altitudeMode>
					<outerBoundaryIs>
						<LinearRing>
							<coordinates>								4.663395694861,46.0279357705199,0 4.66328392466186,46.02789561868929,0 4.66325392670366,46.0278828187333,0 4.66312308110339,46.0278404247315,0 4.66292938688724,46.02775932227049,0 4.6628883976248,46.02774650334201,0 4.66277852085174,46.0279528424698,0 4.66259583618985,46.0283770458886,0 4.66095838057205,46.02813552947421,0 4.66087338524046,46.028271158059,0 4.66083416336883,46.0283168573983,0 4.66073652327306,46.0283806158858,0 4.66060172921928,46.0284729301166,0 4.66056169094874,46.028508733718,0 4.66108616973479,46.0285990437669,0 4.66167407359915,46.02869571719679,0 4.66198323149786,46.02874657692281,0 4.66226288699956,46.0287924643381,0 4.66277646388022,46.0288769819649,0 4.66289081359856,46.0288954798819,0 4.66295081786599,46.0287802117377,0 4.663395694861,46.0279357705199,0 
							</coordinates>
						</LinearRing>
					</outerBoundaryIs>
				</Polygon>
			</MultiGeometry>
		</Placemark>
		<Placemark id="personne_morale.87950">
<styleUrl>#personne_morale</styleUrl>			<visibility>0</visibility>
			<ExtendedData>
				<SchemaData schemaUrl="#personne_morale">
					<SimpleData name="Numero de Parcelle">692150000C0618</SimpleData>
					<SimpleData name="Departement">69</SimpleData>
					<SimpleData name="Commune">SAINT-JULIEN</SimpleData>
					<SimpleData name="Adresse">304, RTE DU BEAUJOLAIS</SimpleData>
					<SimpleData name="Groupe de personne">Personnes morales non remarquables</SimpleData>
					<SimpleData name="Forme Juridique Abregee">SCI</SimpleData>
					<SimpleData name="Denomination">LC2</SimpleData>
				</SchemaData>
			</ExtendedData>
	<Region>
		<LatLonAltBox>
			<north> 46.02243242557831 </north>
			<south> 46.02183482368929 </south>
			<east> 4.67411402413358 </east>
			<west> 4.67356713007537 </west>
		</LatLonAltBox>
		<Lod>
			<minLodPixels>100</minLodPixels>
			<maxLodPixels>-1</maxLodPixels>
		</Lod>
	</Region>
			<MultiGeometry>
				<Polygon><altitudeMode>relativeToGround</altitudeMode>
					<outerBoundaryIs>
						<LinearRing>
							<coordinates>								4.67366494582811,46.02198187478069,0 4.67356713007537,46.02237043759871,0 4.67383031215966,46.0224110451763,0 4.67392345268657,46.0224254316653,0 4.6739682714538,46.02243242557831,0 4.67397797902494,46.0223945431056,0 4.67405372712718,46.0221008787554,0 4.67407338678686,46.02202465983121,0 4.67411402413358,46.02183482368929,0 4.67393453970121,46.0219061077817,0 4.67375339353522,46.0219567902287,0 4.67366494582811,46.02198187478069,0 
							</coordinates>
						</LinearRing>
					</outerBoundaryIs>
				</Polygon>
			</MultiGeometry>
		</Placemark>
		<Placemark id="personne_morale.88608">
<styleUrl>#personne_morale</styleUrl>			<visibility>0</visibility>
			<ExtendedData>
				<SchemaData schemaUrl="#personne_morale">
					<SimpleData name="Numero de Parcelle">692150000A0063</SimpleData>
					<SimpleData name="Departement">69</SimpleData>
					<SimpleData name="Commune">SAINT-JULIEN</SimpleData>
					<SimpleData name="Adresse">LES GRANGES D ESPAGNE</SimpleData>
					<SimpleData name="Groupe de personne">Personnes morales non remarquables</SimpleData>
					<SimpleData name="Forme Juridique Abregee">AUPM</SimpleData>
					<SimpleData name="Denomination">GFA LACROIX ROCHE</SimpleData>
				</SchemaData>
			</ExtendedData>
	<Region>
		<LatLonAltBox>
			<north> 46.0202235864382 </north>
			<south> 46.0198232299524 </south>
			<east> 4.62929744221578 </east>
			<west> 4.6285995369687 </west>
		</LatLonAltBox>
		<Lod>
			<minLodPixels>100</minLodPixels>
			<maxLodPixels>-1</maxLodPixels>
		</Lod>
	</Region>
			<MultiGeometry>
				<Polygon><altitudeMode>relativeToGround</altitudeMode>
					<outerBoundaryIs>
						<LinearRing>
							<coordinates>								4.62929744221578,46.0199132907411,0 4.62902940151749,46.0198379739374,0 4.62897738020156,46.0198232299524,0 4.6288833051975,46.0199120385232,0 4.62875587530499,46.02000961268389,0 4.6286514140971,46.02006641592471,0 4.6285995369687,46.0200827432703,0 4.62886850280171,46.0201543549996,0 4.62912757313356,46.0202235864382,0 4.62929744221578,46.0199132907411,0 
							</coordinates>
						</LinearRing>
					</outerBoundaryIs>
				</Polygon>
			</MultiGeometry>
		</Placemark>
		<Placemark id="personne_morale.88976">
<styleUrl>#personne_morale</styleUrl>			<visibility>0</visibility>
			<ExtendedData>
				<SchemaData schemaUrl="#personne_morale">
					<SimpleData name="Numero de Parcelle">692150000C0633</SimpleData>
					<SimpleData name="Departement">69</SimpleData>
					<SimpleData name="Commune">SAINT-JULIEN</SimpleData>
					<SimpleData name="Adresse">BUSSY</SimpleData>
					<SimpleData name="Groupe de personne">Personnes morales non remarquables</SimpleData>
					<SimpleData name="Forme Juridique Abregee">GFA</SimpleData>
					<SimpleData name="Denomination">BUSSY  DE</SimpleData>
				</SchemaData>
			</ExtendedData>
	<Region>
		<LatLonAltBox>
			<north> 46.02473444228441 </north>
			<south> 46.0246601833263 </south>
			<east> 4.66178091813794 </east>
			<west> 4.66166121331377 </west>
		</LatLonAltBox>
		<Lod>
			<minLodPixels>100</minLodPixels>
			<maxLodPixels>-1</maxLodPixels>
		</Lod>
	</Region>
			<MultiGeometry>
				<Polygon><altitudeMode>relativeToGround</altitudeMode>
					<outerBoundaryIs>
						<LinearRing>
							<coordinates>								4.66166121331377,46.0247138602322,0 4.66178091813794,46.02473444228441,0 4.66177763998323,46.0246601833263,0 4.66166121331377,46.0247138602322,0 
							</coordinates>
						</LinearRing>
					</outerBoundaryIs>
				</Polygon>
			</MultiGeometry>
		</Placemark>
		<Placemark id="personne_morale.89204">
<styleUrl>#personne_morale</styleUrl>			<visibility>0</visibility>
			<ExtendedData>
				<SchemaData schemaUrl="#personne_morale">
					<SimpleData name="Numero de Parcelle">692150000A0064</SimpleData>
					<SimpleData name="Departement">69</SimpleData>
					<SimpleData name="Commune">SAINT-JULIEN</SimpleData>
					<SimpleData name="Adresse">LES GRANGES D ESPAGNE</SimpleData>
					<SimpleData name="Groupe de personne">Personnes morales non remarquables</SimpleData>
					<SimpleData name="Forme Juridique Abregee">AUPM</SimpleData>
					<SimpleData name="Denomination">GFA LACROIX ROCHE</SimpleData>
				</SchemaData>
			</ExtendedData>
	<Region>
		<LatLonAltBox>
			<north> 46.01992793711721 </north>
			<south> 46.0196535236315 </south>
			<east> 4.62947457063185 </east>
			<west> 4.62897738020156 </west>
		</LatLonAltBox>
		<Lod>
			<minLodPixels>100</minLodPixels>
			<maxLodPixels>-1</maxLodPixels>
		</Lod>
	</Region>
			<MultiGeometry>
				<Polygon><altitudeMode>relativeToGround</altitudeMode>
					<outerBoundaryIs>
						<LinearRing>
							<coordinates>								4.62929744221578,46.0199132907411,0 4.6293499779558,46.01992793711721,0 4.62947457063185,46.01970845050241,0 4.62920416109322,46.0196535236315,0 4.6292023799888,46.0196588632699,0 4.62903206337995,46.0197750679644,0 4.62897738020156,46.0198232299524,0 4.62902940151749,46.0198379739374,0 4.62929744221578,46.0199132907411,0 
							</coordinates>
						</LinearRing>
					</outerBoundaryIs>
				</Polygon>
			</MultiGeometry>
		</Placemark>
		<Placemark id="personne_morale.89687">
<styleUrl>#personne_morale</styleUrl>			<visibility>0</visibility>
			<ExtendedData>
				<SchemaData schemaUrl="#personne_morale">
					<SimpleData name="Numero de Parcelle">692150000C0645</SimpleData>
					<SimpleData name="Departement">69</SimpleData>
					<SimpleData name="Commune">SAINT-JULIEN</SimpleData>
					<SimpleData name="Adresse">BUSSY</SimpleData>
					<SimpleData name="Groupe de personne">Personnes morales non remarquables</SimpleData>
					<SimpleData name="Forme Juridique Abregee">GFA</SimpleData>
					<SimpleData name="Denomination">BUSSY  DE</SimpleData>
				</SchemaData>
			</ExtendedData>
	<Region>
		<LatLonAltBox>
			<north> 46.0237130450661 </north>
			<south> 46.02118892173931 </south>
			<east> 4.66309673286453 </east>
			<west> 4.66035011807464 </west>
		</LatLonAltBox>
		<Lod>
			<minLodPixels>100</minLodPixels>
			<maxLodPixels>-1</maxLodPixels>
		</Lod>
	</Region>
			<MultiGeometry>
				<Polygon><altitudeMode>relativeToGround</altitudeMode>
					<outerBoundaryIs>
						<LinearRing>
							<coordinates>								4.66035011807464,46.0235354263372,0 4.66073006270508,46.023576515294,0 4.66142621261131,46.02363305342771,0 4.66203842470636,46.02369297993521,0 4.66222405233318,46.0237130450661,0 4.66225282735383,46.0236640757704,0 4.66252981925311,46.02331901108651,0 4.66269877444696,46.0230998261398,0 4.66275193046879,46.022899362984,0 4.66280172223037,46.0228356741239,0 4.66287586495441,46.02279909904361,0 4.66302273581254,46.0227561426571,0 4.66309673286453,46.022727585721,0 4.66227747663501,46.0227898634961,0 4.66155366690928,46.02124822625241,0 4.66134210070712,46.0212337644035,0 4.66090847366158,46.0212040926403,0 4.66070218727922,46.02118892173931,0 4.66066388999571,46.0214363623363,0 4.6605342403941,46.02231517478289,0 4.66045827887497,46.0228611156849,0 4.66042938895425,46.02306905813779,0 4.66035011807464,46.0235354263372,0 
							</coordinates>
						</LinearRing>
					</outerBoundaryIs>
					<innerBoundaryIs>
						<LinearRing>
							<coordinates>								4.66163466013343,46.022769387064,0 4.66174581200543,46.022806577141,0 4.66209591689632,46.0227845101771,0 4.66219634114631,46.0227918641225,0 4.66227323672412,46.0229276413921,0 4.66242547456198,46.0230365537105,0 4.66236082786864,46.0230322779504,0 4.66229539491099,46.02303620997739,0 4.66173506967493,46.0231143207033,0 4.66164917370043,46.0231171112835,0 4.66162302854315,46.02311191032501,0 4.66155535385018,46.0230844406674,0 4.66149693669037,46.0230509807602,0 4.66130124484313,46.0229330668084,0 4.66142598835993,46.0228637764097,0 4.66141270797802,46.0227879527623,0 4.66163466013343,46.022769387064,0 
							</coordinates>
						</LinearRing>
					</innerBoundaryIs>
				</Polygon>
			</MultiGeometry>
		</Placemark>
		<Placemark id="personne_morale.89817">
<styleUrl>#personne_morale</styleUrl>			<visibility>0</visibility>
			<ExtendedData>
				<SchemaData schemaUrl="#personne_morale">
					<SimpleData name="Numero de Parcelle">692150000A0065</SimpleData>
					<SimpleData name="Departement">69</SimpleData>
					<SimpleData name="Commune">SAINT-JULIEN</SimpleData>
					<SimpleData name="Adresse">432, RTE DE RIBEROLLES</SimpleData>
					<SimpleData name="Groupe de personne">Personnes morales non remarquables</SimpleData>
					<SimpleData name="Forme Juridique Abregee">AUPM</SimpleData>
					<SimpleData name="Denomination">GFA LACROIX ROCHE</SimpleData>
				</SchemaData>
			</ExtendedData>
	<Region>
		<LatLonAltBox>
			<north> 46.01970845050241 </north>
			<south> 46.0192624437921 </south>
			<east> 4.62976498650325 </east>
			<west> 4.62920416109322 </west>
		</LatLonAltBox>
		<Lod>
			<minLodPixels>100</minLodPixels>
			<maxLodPixels>-1</maxLodPixels>
		</Lod>
	</Region>
			<MultiGeometry>
				<Polygon><altitudeMode>relativeToGround</altitudeMode>
					<outerBoundaryIs>
						<LinearRing>
							<coordinates>								4.62959856372014,46.01968694262549,0 4.62962463536786,46.01958073739149,0 4.6296582711139,46.0195858379474,0 4.62967443933091,46.0195424626963,0 4.62974843870944,46.01955283721989,0 4.62976498650325,46.0194699164815,0 4.6297049946392,46.0194610518335,0 4.6297258345827,46.0194051799564,0 4.62975566089984,46.01932098744151,0 4.62953940771466,46.01926555275661,0 4.62951759597804,46.0192624437921,0 4.62946020139475,46.0193150583641,0 4.62944686322355,46.0193274093751,0 4.62938296924205,46.0194093895739,0 4.62935544712152,46.0194448218701,0 4.62930114081225,46.0195144148744,0 4.62926676166462,46.0195584121566,0 4.62921196754777,46.0196290028798,0 4.62920416109322,46.0196535236315,0 4.62947457063185,46.01970845050241,0 4.62949620013461,46.01967049092431,0 4.62959856372014,46.01968694262549,0 
							</coordinates>
						</LinearRing>
					</outerBoundaryIs>
				</Polygon>
			</MultiGeometry>
		</Placemark>
		<Placemark id="personne_morale.90209">
<styleUrl>#personne_morale</styleUrl>			<visibility>0</visibility>
			<ExtendedData>
				<SchemaData schemaUrl="#personne_morale">
					<SimpleData name="Numero de Parcelle">692150000B0655</SimpleData>
					<SimpleData name="Departement">69</SimpleData>
					<SimpleData name="Commune">SAINT-JULIEN</SimpleData>
					<SimpleData name="Adresse">VARENNES</SimpleData>
					<SimpleData name="Groupe de personne">Personnes morales non remarquables</SimpleData>
					<SimpleData name="Forme Juridique Abregee">AUPM</SimpleData>
					<SimpleData name="Denomination">CONSEIL GENERAL DU RHONE</SimpleData>
				</SchemaData>
			</ExtendedData>
	<Region>
		<LatLonAltBox>
			<north> 46.0251594081606 </north>
			<south> 46.0250227983868 </south>
			<east> 4.64969513562604 </east>
			<west> 4.64959476648457 </west>
		</LatLonAltBox>
		<Lod>
			<minLodPixels>100</minLodPixels>
			<maxLodPixels>-1</maxLodPixels>
		</Lod>
	</Region>
			<MultiGeometry>
				<Polygon><altitudeMode>relativeToGround</altitudeMode>
					<outerBoundaryIs>
						<LinearRing>
							<coordinates>								4.64961780669193,46.02514864946849,0 4.64965834108953,46.0251594081606,0 4.64969513562604,46.0251101453652,0 4.64959476648457,46.0250227983868,0 4.64962742932679,46.0250814982041,0 4.64963151061642,46.025105487178,0 4.64962963793951,46.0251206459978,0 4.64962789450315,46.0251358029366,0 4.64961780669193,46.02514864946849,0 
							</coordinates>
						</LinearRing>
					</outerBoundaryIs>
				</Polygon>
			</MultiGeometry>
		</Placemark>
		<Placemark id="personne_morale.90282">
<styleUrl>#personne_morale</styleUrl>			<visibility>0</visibility>
			<ExtendedData>
				<SchemaData schemaUrl="#personne_morale">
					<SimpleData name="Numero de Parcelle">692150000B0657</SimpleData>
					<SimpleData name="Departement">69</SimpleData>
					<SimpleData name="Commune">SAINT-JULIEN</SimpleData>
					<SimpleData name="Adresse">VARENNES</SimpleData>
					<SimpleData name="Groupe de personne">Personnes morales non remarquables</SimpleData>
					<SimpleData name="Forme Juridique Abregee">AUPM</SimpleData>
					<SimpleData name="Denomination">CONSEIL GENERAL DU RHONE</SimpleData>
				</SchemaData>
			</ExtendedData>
	<Region>
		<LatLonAltBox>
			<north> 46.02521103616601 </north>
			<south> 46.02514864946849 </south>
			<east> 4.64965834108953 </east>
			<west> 4.64930498646706 </west>
		</LatLonAltBox>
		<Lod>
			<minLodPixels>100</minLodPixels>
			<maxLodPixels>-1</maxLodPixels>
		</Lod>
	</Region>
			<MultiGeometry>
				<Polygon><altitudeMode>relativeToGround</altitudeMode>
					<outerBoundaryIs>
						<LinearRing>
							<coordinates>								4.64961780669193,46.02514864946849,0 4.64960921846827,46.0251597628656,0 4.64953595196304,46.02516127956499,0 4.64943468970834,46.02517779479891,0 4.64930498646706,46.025198776918,0 4.64941148669139,46.0251930839003,0 4.64953770835346,46.0252025955931,0 4.649619936555,46.02521103616601,0 4.64965834108953,46.0251594081606,0 4.64961780669193,46.02514864946849,0 
							</coordinates>
						</LinearRing>
					</outerBoundaryIs>
				</Polygon>
			</MultiGeometry>
		</Placemark>
		<Placemark id="personne_morale.90399">
<styleUrl>#personne_morale</styleUrl>			<visibility>0</visibility>
			<ExtendedData>
				<SchemaData schemaUrl="#personne_morale">
					<SimpleData name="Numero de Parcelle">692150000A0066</SimpleData>
					<SimpleData name="Departement">69</SimpleData>
					<SimpleData name="Commune">SAINT-JULIEN</SimpleData>
					<SimpleData name="Adresse">LES GRANGES D ESPAGNE</SimpleData>
					<SimpleData name="Groupe de personne">Personnes morales non remarquables</SimpleData>
					<SimpleData name="Forme Juridique Abregee">AUPM</SimpleData>
					<SimpleData name="Denomination">GFA LACROIX ROCHE</SimpleData>
				</SchemaData>
			</ExtendedData>
	<Region>
		<LatLonAltBox>
			<north> 46.020098381007 </north>
			<south> 46.01967049092431 </south>
			<east> 4.63015963009269 </east>
			<west> 4.6293499779558 </west>
		</LatLonAltBox>
		<Lod>
			<minLodPixels>100</minLodPixels>
			<maxLodPixels>-1</maxLodPixels>
		</Lod>
	</Region>
			<MultiGeometry>
				<Polygon><altitudeMode>relativeToGround</altitudeMode>
					<outerBoundaryIs>
						<LinearRing>
							<coordinates>								4.63015963009269,46.01977758825831,0 4.62979991510104,46.0197193538916,0 4.62959856372014,46.01968694262549,0 4.62949620013461,46.01967049092431,0 4.62947457063185,46.01970845050241,0 4.6293499779558,46.01992793711721,0 4.62997391664726,46.020098381007,0 4.63006144922698,46.0199546338368,0 4.63015963009269,46.01977758825831,0 
							</coordinates>
						</LinearRing>
					</outerBoundaryIs>
				</Polygon>
			</MultiGeometry>
		</Placemark>
		<Placemark id="personne_morale.90848">
<styleUrl>#personne_morale</styleUrl>			<visibility>0</visibility>
			<ExtendedData>
				<SchemaData schemaUrl="#personne_morale">
					<SimpleData name="Numero de Parcelle">692150000A0667</SimpleData>
					<SimpleData name="Departement">69</SimpleData>
					<SimpleData name="Commune">SAINT-JULIEN</SimpleData>
					<SimpleData name="Adresse">LE JONCHY</SimpleData>
					<SimpleData name="Groupe de personne">Personnes morales non remarquables</SimpleData>
					<SimpleData name="Forme Juridique Abregee">SARL</SimpleData>
					<SimpleData name="Denomination">SARL TEJEM</SimpleData>
				</SchemaData>
			</ExtendedData>
	<Region>
		<LatLonAltBox>
			<north> 46.02020007121439 </north>
			<south> 46.01961700900921 </south>
			<east> 4.63814226773736 </east>
			<west> 4.63711361466927 </west>
		</LatLonAltBox>
		<Lod>
			<minLodPixels>100</minLodPixels>
			<maxLodPixels>-1</maxLodPixels>
		</Lod>
	</Region>
			<MultiGeometry>
				<Polygon><altitudeMode>relativeToGround</altitudeMode>
					<outerBoundaryIs>
						<LinearRing>
							<coordinates>								4.63721170427127,46.0196680918262,0 4.63720107041338,46.0198971996924,0 4.63711361466927,46.0201645255767,0 4.63715319988686,46.02020007121439,0 4.63721855622861,46.0201936328658,0 4.63739758015866,46.02017501420971,0 4.63748821678209,46.0201101162288,0 4.63754533019364,46.0200960508971,0 4.63753711207191,46.020024114804,0 4.63769959402647,46.0199840281631,0 4.63770173240517,46.0199993989844,0 4.6378289043252,46.01998486147721,0 4.63786692417132,46.0199895359774,0 4.63787603397003,46.0200393022999,0 4.63797726985547,46.02003513707731,0 4.63798049792406,46.0200350003518,0 4.63802389393575,46.01993367646429,0 4.6380524016552,46.0198967866437,0 4.63805234749955,46.0198993093462,0 4.63814226773736,46.01989287567889,0 4.63813837085415,46.01983582853671,0 4.63805158975486,46.0198434777886,0 4.63802589343166,46.0198098032878,0 4.63800719590564,46.01978539475329,0 4.63797060845197,46.0197376468257,0 4.63795514116682,46.0197175148858,0 4.63790677135307,46.0197212763134,0 4.63775573340934,46.0197331865597,0 4.63772107156189,46.01961984081711,0 4.63763447950993,46.0196251452394,0 4.63755614469863,46.0196298799367,0 4.63754929727162,46.01961700900921,0 4.63749083693293,46.0196205557917,0 4.63742076205397,46.0196248107707,0 4.6373763004911,46.0196556261368,0 4.63727475528917,46.0196624072888,0 4.63721170427127,46.0196680918262,0 
							</coordinates>
						</LinearRing>
					</outerBoundaryIs>
				</Polygon>
			</MultiGeometry>
		</Placemark>
		<Placemark id="personne_morale.90946">
<styleUrl>#personne_morale</styleUrl>			<visibility>0</visibility>
			<ExtendedData>
				<SchemaData schemaUrl="#personne_morale">
					<SimpleData name="Numero de Parcelle">692150000A0067</SimpleData>
					<SimpleData name="Departement">69</SimpleData>
					<SimpleData name="Commune">SAINT-JULIEN</SimpleData>
					<SimpleData name="Adresse">LES GRANGES D ESPAGNE</SimpleData>
					<SimpleData name="Groupe de personne">Personnes morales non remarquables</SimpleData>
					<SimpleData name="Forme Juridique Abregee">AUPM</SimpleData>
					<SimpleData name="Denomination">GFA LACROIX ROCHE</SimpleData>
				</SchemaData>
			</ExtendedData>
	<Region>
		<LatLonAltBox>
			<north> 46.0206891868336 </north>
			<south> 46.01977758825831 </south>
			<east> 4.63146426483896 </east>
			<west> 4.63006144922698 </west>
		</LatLonAltBox>
		<Lod>
			<minLodPixels>100</minLodPixels>
			<maxLodPixels>-1</maxLodPixels>
		</Lod>
	</Region>
			<MultiGeometry>
				<Polygon><altitudeMode>relativeToGround</altitudeMode>
					<outerBoundaryIs>
						<LinearRing>
							<coordinates>								4.63146426483896,46.01999191120629,0 4.63129113596825,46.0199652212751,0 4.63050596045118,46.0198334921528,0 4.63015963009269,46.01977758825831,0 4.63006144922698,46.0199546338368,0 4.63056087451479,46.020146410253,0 4.63043087838769,46.02047135585501,0 4.63111622114137,46.0206891868336,0 4.6311248178997,46.02059106868351,0 4.63114610654616,46.02048060862349,0 4.63116674575719,46.02036133120221,0 4.63124441091578,46.0203819198041,0 4.63146426483896,46.01999191120629,0 
							</coordinates>
						</LinearRing>
					</outerBoundaryIs>
				</Polygon>
			</MultiGeometry>
		</Placemark>
		<Placemark id="personne_morale.91278">
<styleUrl>#personne_morale</styleUrl>			<visibility>0</visibility>
			<ExtendedData>
				<SchemaData schemaUrl="#personne_morale">
					<SimpleData name="Numero de Parcelle">692150000C0671</SimpleData>
					<SimpleData name="Departement">69</SimpleData>
					<SimpleData name="Commune">SAINT-JULIEN</SimpleData>
					<SimpleData name="Adresse">LE COLOMBIER</SimpleData>
					<SimpleData name="Groupe de personne">Personnes morales non remarquables</SimpleData>
					<SimpleData name="Forme Juridique Abregee">SCI</SimpleData>
					<SimpleData name="Denomination">MARIE-CLAUDE</SimpleData>
				</SchemaData>
			</ExtendedData>
	<Region>
		<LatLonAltBox>
			<north> 46.0200267054735 </north>
			<south> 46.01989965676731 </south>
			<east> 4.66100586736106 </east>
			<west> 4.66078138462251 </west>
		</LatLonAltBox>
		<Lod>
			<minLodPixels>100</minLodPixels>
			<maxLodPixels>-1</maxLodPixels>
		</Lod>
	</Region>
			<MultiGeometry>
				<Polygon><altitudeMode>relativeToGround</altitudeMode>
					<outerBoundaryIs>
						<LinearRing>
							<coordinates>								4.66078931399922,46.01989965676731,0 4.66078138462251,46.02001812377679,0 4.66092415547541,46.0200236872872,0 4.66100091343941,46.0200267054735,0 4.66100356050064,46.0199645189893,0 4.66100531891889,46.01991999907541,0 4.66100586736106,46.0199081919833,0 4.66093325304287,46.0199053832804,0 4.66078931399922,46.01989965676731,0 
							</coordinates>
						</LinearRing>
					</outerBoundaryIs>
				</Polygon>
			</MultiGeometry>
		</Placemark>
		<Placemark id="personne_morale.91535">
<styleUrl>#personne_morale</styleUrl>			<visibility>0</visibility>
			<ExtendedData>
				<SchemaData schemaUrl="#personne_morale">
					<SimpleData name="Numero de Parcelle">692150000A0068</SimpleData>
					<SimpleData name="Departement">69</SimpleData>
					<SimpleData name="Commune">SAINT-JULIEN</SimpleData>
					<SimpleData name="Adresse">LES GRANGES D ESPAGNE</SimpleData>
					<SimpleData name="Groupe de personne">Personnes morales non remarquables</SimpleData>
					<SimpleData name="Forme Juridique Abregee">AUPM</SimpleData>
					<SimpleData name="Denomination">GFA LACROIX ROCHE</SimpleData>
				</SchemaData>
			</ExtendedData>
	<Region>
		<LatLonAltBox>
			<north> 46.02100012052259 </north>
			<south> 46.01999191120629 </south>
			<east> 4.63226156404566 </east>
			<west> 4.63111622114137 </west>
		</LatLonAltBox>
		<Lod>
			<minLodPixels>100</minLodPixels>
			<maxLodPixels>-1</maxLodPixels>
		</Lod>
	</Region>
			<MultiGeometry>
				<Polygon><altitudeMode>relativeToGround</altitudeMode>
					<outerBoundaryIs>
						<LinearRing>
							<coordinates>								4.63226156404566,46.0206496388884,0 4.63190051189361,46.02054225297821,0 4.63209235050911,46.02013193078029,0 4.63146426483896,46.01999191120629,0 4.63124441091578,46.0203819198041,0 4.63116674575719,46.02036133120221,0 4.63114610654616,46.02048060862349,0 4.6311248178997,46.02059106868351,0 4.63111622114137,46.0206891868336,0 4.63210970913811,46.02100012052259,0 4.63214443448669,46.020919909868,0 4.63226156404566,46.0206496388884,0 
							</coordinates>
						</LinearRing>
					</outerBoundaryIs>
				</Polygon>
			</MultiGeometry>
		</Placemark>
		<Placemark id="personne_morale.91931">
<styleUrl>#personne_morale</styleUrl>			<visibility>0</visibility>
			<ExtendedData>
				<SchemaData schemaUrl="#personne_morale">
					<SimpleData name="Numero de Parcelle">692150000A0685</SimpleData>
					<SimpleData name="Departement">69</SimpleData>
					<SimpleData name="Commune">SAINT-JULIEN</SimpleData>
					<SimpleData name="Adresse">LE JONCHY</SimpleData>
					<SimpleData name="Groupe de personne">Personnes morales non remarquables</SimpleData>
					<SimpleData name="Forme Juridique Abregee">SARL</SimpleData>
					<SimpleData name="Denomination">SARL TEJEM</SimpleData>
				</SchemaData>
			</ExtendedData>
	<Region>
		<LatLonAltBox>
			<north> 46.0201032526252 </north>
			<south> 46.0198209608748 </south>
			<east> 4.63897383697439 </east>
			<west> 4.63832278433507 </west>
		</LatLonAltBox>
		<Lod>
			<minLodPixels>100</minLodPixels>
			<maxLodPixels>-1</maxLodPixels>
		</Lod>
	</Region>
			<MultiGeometry>
				<Polygon><altitudeMode>relativeToGround</altitudeMode>
					<outerBoundaryIs>
						<LinearRing>
							<coordinates>								4.63832278433507,46.0200589646055,0 4.63848022911431,46.0200841593068,0 4.6386963535288,46.02010012893231,0 4.63882115715644,46.0201015666955,0 4.63895993105649,46.0201032526252,0 4.63895010737791,46.0199471256998,0 4.63897383697439,46.01992345475381,0 4.63895566617807,46.0199037223178,0 4.6388900737171,46.0198327961764,0 4.63878047512374,46.0198209608748,0 4.6384705917819,46.0198648015258,0 4.63847189767707,46.01988693951469,0 4.63847417055392,46.0199285183353,0 4.63847517558008,46.01994489628531,0 4.63847942901768,46.0200182406779,0 4.63847992616845,46.02002624959329,0 4.63832278433507,46.0200589646055,0 
							</coordinates>
						</LinearRing>
					</outerBoundaryIs>
				</Polygon>
			</MultiGeometry>
		</Placemark>
		<Placemark id="personne_morale.92038">
<styleUrl>#personne_morale</styleUrl>			<visibility>0</visibility>
			<ExtendedData>
				<SchemaData schemaUrl="#personne_morale">
					<SimpleData name="Numero de Parcelle">692150000C0688</SimpleData>
					<SimpleData name="Departement">69</SimpleData>
					<SimpleData name="Commune">SAINT-JULIEN</SimpleData>
					<SimpleData name="Adresse">LE COLOMBIER</SimpleData>
					<SimpleData name="Groupe de personne">Personnes morales non remarquables</SimpleData>
					<SimpleData name="Forme Juridique Abregee">SCI</SimpleData>
					<SimpleData name="Denomination">DYLAS</SimpleData>
				</SchemaData>
			</ExtendedData>
	<Region>
		<LatLonAltBox>
			<north> 46.02018806704309 </north>
			<south> 46.0199645189893 </south>
			<east> 4.66132376263609 </east>
			<west> 4.66077737705401 </west>
		</LatLonAltBox>
		<Lod>
			<minLodPixels>100</minLodPixels>
			<maxLodPixels>-1</maxLodPixels>
		</Lod>
	</Region>
			<MultiGeometry>
				<Polygon><altitudeMode>relativeToGround</altitudeMode>
					<outerBoundaryIs>
						<LinearRing>
							<coordinates>								4.66132376263609,46.0200659268382,0 4.66123731784364,46.0200632310053,0 4.66124129513592,46.0199937294136,0 4.66124290067883,46.0199698375621,0 4.66111081915844,46.0199671801241,0 4.66100356050064,46.0199645189893,0 4.66100091343941,46.0200267054735,0 4.66092415547541,46.0200236872872,0 4.66078138462251,46.02001812377679,0 4.66077737705401,46.02007807846221,0 4.66091950191553,46.0200836514476,0 4.66091574877991,46.02014774559,0 4.66091377424367,46.0201808298917,0 4.66116811142023,46.0201861089789,0 4.66122990761648,46.02018601376691,0 4.66131103243557,46.02018806704309,0 4.6613115344607,46.0201832860204,0 4.66131605540219,46.0201403468455,0 4.66132376263609,46.0200659268382,0 
							</coordinates>
						</LinearRing>
					</outerBoundaryIs>
				</Polygon>
			</MultiGeometry>
		</Placemark>
		<Placemark id="personne_morale.92071">
<styleUrl>#personne_morale</styleUrl>			<visibility>0</visibility>
			<ExtendedData>
				<SchemaData schemaUrl="#personne_morale">
					<SimpleData name="Numero de Parcelle">692150000A0069</SimpleData>
					<SimpleData name="Departement">69</SimpleData>
					<SimpleData name="Commune">SAINT-JULIEN</SimpleData>
					<SimpleData name="Adresse">LES GRANGES D ESPAGNE</SimpleData>
					<SimpleData name="Groupe de personne">Personnes morales non remarquables</SimpleData>
					<SimpleData name="Forme Juridique Abregee">AUPM</SimpleData>
					<SimpleData name="Denomination">GFA LACROIX ROCHE</SimpleData>
				</SchemaData>
			</ExtendedData>
	<Region>
		<LatLonAltBox>
			<north> 46.0206496388884 </north>
			<south> 46.0185483356877 </south>
			<east> 4.63529821201118 </east>
			<west> 4.62953940771466 </west>
		</LatLonAltBox>
		<Lod>
			<minLodPixels>100</minLodPixels>
			<maxLodPixels>-1</maxLodPixels>
		</Lod>
	</Region>
			<MultiGeometry>
				<Polygon><altitudeMode>relativeToGround</altitudeMode>
					<outerBoundaryIs>
						<LinearRing>
							<coordinates>								4.63320509712757,46.0188382790972,0 4.63314484411439,46.0188554498176,0 4.63300897894772,46.0188514631903,0 4.63262723095343,46.0188304833915,0 4.63244828873087,46.0188212622299,0 4.6324064511405,46.0188229457139,0 4.63249873466691,46.0192707876542,0 4.63140734455124,46.01926281623441,0 4.63131533433909,46.018867479481,0 4.63131106712785,46.01884565428431,0 4.63075535646615,46.0188656314471,0 4.63072661465566,46.018737787646,0 4.63040934781177,46.01861103290731,0 4.63037245397628,46.0185483356877,0 4.63035988315403,46.0185516689338,0 4.63026471317205,46.0186033862963,0 4.63015411727304,46.0186929740592,0 4.63001217500725,46.01882417383229,0 4.62986595303587,46.01895930790901,0 4.62953940771466,46.01926555275661,0 4.62975566089984,46.01932098744151,0 4.6297258345827,46.0194051799564,0 4.6297049946392,46.0194610518335,0 4.62976498650325,46.0194699164815,0 4.62974843870944,46.01955283721989,0 4.62967443933091,46.0195424626963,0 4.6296582711139,46.0195858379474,0 4.62962463536786,46.01958073739149,0 4.62959856372014,46.01968694262549,0 4.62979991510104,46.0197193538916,0 4.63015963009269,46.01977758825831,0 4.63050596045118,46.0198334921528,0 4.63129113596825,46.0199652212751,0 4.63146426483896,46.01999191120629,0 4.63209235050911,46.02013193078029,0 4.63190051189361,46.02054225297821,0 4.63226156404566,46.0206496388884,0 4.63237457915444,46.0203888842188,0 4.63300179448917,46.0205516086346,0 4.63299213952703,46.02035269649539,0 4.63299069148666,46.0203256968275,0 4.63352106278963,46.0203052635366,0 4.63366594740205,46.02029939219041,0 4.63393883363117,46.020285100235,0 4.63404792659278,46.0202799245663,0 4.63418482051732,46.0203010081752,0 4.6344580644243,46.0203596652781,0 4.6345142990309,46.0202420354108,0 4.63457292640937,46.0201701257889,0 4.63459227191413,46.02013372929779,0 4.63461918364371,46.0200778589455,0 4.63473246946675,46.0200354238492,0 4.63477502397239,46.0199751846606,0 4.6347673114523,46.019911437358,0 4.63483793334017,46.0198037775114,0 4.63485630604996,46.0197259634988,0 4.63491769708988,46.0196557251158,0 4.63492174454716,46.0196353112457,0 4.63482892429293,46.0195702698134,0 4.63481584287687,46.01953902462,0 4.63484996936417,46.019512772728,0 4.63495629035175,46.0194926847803,0 4.63506415475493,46.01943753781891,0 4.63510984012254,46.0193739207856,0 4.63513743651234,46.0193541578851,0 4.63523677498978,46.0193557868558,0 4.63525807007608,46.019328459027,0 4.63529821201118,46.0192479890247,0 4.63525905040681,46.0192179308314,0 4.63515760334448,46.01929757409319,0 4.63507098209929,46.01936277253159,0 4.63477910741154,46.01947749736069,0 4.63473871212543,46.0195103245902,0 4.63474322910586,46.0195579056623,0 4.63477068193762,46.0196768503966,0 4.63474790338739,46.0198935234869,0 4.63473734679196,46.0199385298717,0 4.63466780301101,46.02000852547229,0 4.63457904175182,46.0200626759539,0 4.63452844101918,46.02008709379181,0 4.63446592034173,46.0200888961968,0 4.63429563277345,46.0200621698509,0 4.63410494573497,46.02003636787881,0 4.63409875546876,46.01998466776699,0 4.63378483616263,46.0198318442101,0 4.63387680544935,46.01954184885911,0 4.63455761622131,46.0194722258058,0 4.63438686573235,46.0190426299909,0 4.63340566009081,46.0192664561061,0 4.63320509712757,46.0188382790972,0 
							</coordinates>
						</LinearRing>
					</outerBoundaryIs>
				</Polygon>
			</MultiGeometry>
		</Placemark>
		<Placemark id="personne_morale.92317">
<styleUrl>#personne_morale</styleUrl>			<visibility>0</visibility>
			<ExtendedData>
				<SchemaData schemaUrl="#personne_morale">
					<SimpleData name="Numero de Parcelle">692150000A0690</SimpleData>
					<SimpleData name="Departement">69</SimpleData>
					<SimpleData name="Commune">SAINT-JULIEN</SimpleData>
					<SimpleData name="Adresse">LE GERMAIN</SimpleData>
					<SimpleData name="Groupe de personne">Personnes morales non remarquables</SimpleData>
					<SimpleData name="Forme Juridique Abregee">GFA</SimpleData>
					<SimpleData name="Denomination">CHATEAU DU GERMAIN</SimpleData>
				</SchemaData>
			</ExtendedData>
	<Region>
		<LatLonAltBox>
			<north> 46.02648258759331 </north>
			<south> 46.026188068098 </south>
			<east> 4.63971147534041 </east>
			<west> 4.63921571836677 </west>
		</LatLonAltBox>
		<Lod>
			<minLodPixels>100</minLodPixels>
			<maxLodPixels>-1</maxLodPixels>
		</Lod>
	</Region>
			<MultiGeometry>
				<Polygon><altitudeMode>relativeToGround</altitudeMode>
					<outerBoundaryIs>
						<LinearRing>
							<coordinates>								4.63924934773634,46.02648258759331,0 4.63953415851997,46.0263902008002,0 4.63964113275941,46.0263612724578,0 4.63971147534041,46.0263483657711,0 4.63965186029469,46.0262440281032,0 4.63942960589035,46.026188068098,0 4.63921571836677,46.026391113953,0 4.63924934773634,46.02648258759331,0 
							</coordinates>
						</LinearRing>
					</outerBoundaryIs>
				</Polygon>
			</MultiGeometry>
		</Placemark>
		<Placemark id="personne_morale.92347">
<styleUrl>#personne_morale</styleUrl>			<visibility>0</visibility>
			<ExtendedData>
				<SchemaData schemaUrl="#personne_morale">
					<SimpleData name="Numero de Parcelle">692150000A0691</SimpleData>
					<SimpleData name="Departement">69</SimpleData>
					<SimpleData name="Commune">SAINT-JULIEN</SimpleData>
					<SimpleData name="Adresse">LE GERMAIN</SimpleData>
					<SimpleData name="Groupe de personne">Personnes morales non remarquables</SimpleData>
					<SimpleData name="Forme Juridique Abregee">GFA</SimpleData>
					<SimpleData name="Denomination">CHATEAU DU GERMAIN</SimpleData>
				</SchemaData>
			</ExtendedData>
	<Region>
		<LatLonAltBox>
			<north> 46.0266399013215 </north>
			<south> 46.0260409816941 </south>
			<east> 4.63965186029469 </east>
			<west> 4.63864328986104 </west>
		</LatLonAltBox>
		<Lod>
			<minLodPixels>100</minLodPixels>
			<maxLodPixels>-1</maxLodPixels>
		</Lod>
	</Region>
			<MultiGeometry>
				<Polygon><altitudeMode>relativeToGround</altitudeMode>
					<outerBoundaryIs>
						<LinearRing>
							<coordinates>								4.63864328986104,46.0265208038147,0 4.63880962863125,46.0266399013215,0 4.63891057749632,46.0266126820368,0 4.6391022028452,46.02653029035479,0 4.63924934773634,46.02648258759331,0 4.63921571836677,46.026391113953,0 4.63942960589035,46.026188068098,0 4.63965186029469,46.0262440281032,0 4.63957411658298,46.0261084286518,0 4.63943310153959,46.02607110851359,0 4.63938009565327,46.0260409816941,0 4.63937400959308,46.02604935603389,0 4.63936160044819,46.0260668286896,0 4.63924759526727,46.0261591766748,0 4.63932247224925,46.026224654379,0 4.63897554973657,46.0265150088748,0 4.63886390023561,46.0264217811343,0 4.63908310475046,46.02621487619151,0 4.63913664949569,46.026085213703,0 4.63912531983659,46.02610420188569,0 4.63904734246644,46.026234037561,0 4.63894604494625,46.0263059360317,0 4.63881363576526,46.0263881918043,0 4.638757143546,46.0264753843772,0 4.63864328986104,46.0265208038147,0 
							</coordinates>
						</LinearRing>
					</outerBoundaryIs>
				</Polygon>
			</MultiGeometry>
		</Placemark>
		<Placemark id="personne_morale.92381">
<styleUrl>#personne_morale</styleUrl>			<visibility>0</visibility>
			<ExtendedData>
				<SchemaData schemaUrl="#personne_morale">
					<SimpleData name="Numero de Parcelle">692150000C0691</SimpleData>
					<SimpleData name="Departement">69</SimpleData>
					<SimpleData name="Commune">SAINT-JULIEN</SimpleData>
					<SimpleData name="Adresse">LE COLOMBIER</SimpleData>
					<SimpleData name="Groupe de personne">Personnes morales non remarquables</SimpleData>
					<SimpleData name="Forme Juridique Abregee">SCI</SimpleData>
					<SimpleData name="Denomination">MARIE-CLAUDE</SimpleData>
				</SchemaData>
			</ExtendedData>
	<Region>
		<LatLonAltBox>
			<north> 46.0199671801241 </north>
			<south> 46.01991999907541 </south>
			<east> 4.66111320732089 </east>
			<west> 4.66100356050064 </west>
		</LatLonAltBox>
		<Lod>
			<minLodPixels>100</minLodPixels>
			<maxLodPixels>-1</maxLodPixels>
		</Lod>
	</Region>
			<MultiGeometry>
				<Polygon><altitudeMode>relativeToGround</altitudeMode>
					<outerBoundaryIs>
						<LinearRing>
							<coordinates>								4.66100356050064,46.0199645189893,0 4.66111081915844,46.0199671801241,0 4.66111320732089,46.019922110562,0 4.66100531891889,46.01991999907541,0 4.66100356050064,46.0199645189893,0 
							</coordinates>
						</LinearRing>
					</outerBoundaryIs>
				</Polygon>
			</MultiGeometry>
		</Placemark>
		<Placemark id="personne_morale.92631">
<styleUrl>#personne_morale</styleUrl>			<visibility>0</visibility>
			<ExtendedData>
				<SchemaData schemaUrl="#personne_morale">
					<SimpleData name="Numero de Parcelle">692150000A0007</SimpleData>
					<SimpleData name="Departement">69</SimpleData>
					<SimpleData name="Commune">SAINT-JULIEN</SimpleData>
					<SimpleData name="Adresse">LES GRANDES TERRES</SimpleData>
					<SimpleData name="Groupe de personne">Personnes morales non remarquables</SimpleData>
					<SimpleData name="Forme Juridique Abregee">AUPM</SimpleData>
					<SimpleData name="Denomination">GFA D ESPAGNE</SimpleData>
				</SchemaData>
			</ExtendedData>
	<Region>
		<LatLonAltBox>
			<north> 46.0240352626314 </north>
			<south> 46.02347584337039 </south>
			<east> 4.61989759719294 </east>
			<west> 4.61903349496318 </west>
		</LatLonAltBox>
		<Lod>
			<minLodPixels>100</minLodPixels>
			<maxLodPixels>-1</maxLodPixels>
		</Lod>
	</Region>
			<MultiGeometry>
				<Polygon><altitudeMode>relativeToGround</altitudeMode>
					<outerBoundaryIs>
						<LinearRing>
							<coordinates>								4.61967231480114,46.0239612987749,0 4.61989759719294,46.0238840430628,0 4.61947610323317,46.02347584337039,0 4.61903349496318,46.0236502341536,0 4.61945676123364,46.0240352626314,0 4.61967231480114,46.0239612987749,0 
							</coordinates>
						</LinearRing>
					</outerBoundaryIs>
				</Polygon>
			</MultiGeometry>
		</Placemark>
		<Placemark id="personne_morale.92899">
<styleUrl>#personne_morale</styleUrl>			<visibility>0</visibility>
			<ExtendedData>
				<SchemaData schemaUrl="#personne_morale">
					<SimpleData name="Numero de Parcelle">692150000A0070</SimpleData>
					<SimpleData name="Departement">69</SimpleData>
					<SimpleData name="Commune">SAINT-JULIEN</SimpleData>
					<SimpleData name="Adresse">LES GRANGES D ESPAGNE</SimpleData>
					<SimpleData name="Groupe de personne">Personnes morales non remarquables</SimpleData>
					<SimpleData name="Forme Juridique Abregee">AUPM</SimpleData>
					<SimpleData name="Denomination">GFA LACROIX ROCHE</SimpleData>
				</SchemaData>
			</ExtendedData>
	<Region>
		<LatLonAltBox>
			<north> 46.0188656314471 </north>
			<south> 46.0184695150114 </south>
			<east> 4.63153854455655 </east>
			<west> 4.63037245397628 </west>
		</LatLonAltBox>
		<Lod>
			<minLodPixels>100</minLodPixels>
			<maxLodPixels>-1</maxLodPixels>
		</Lod>
	</Region>
			<MultiGeometry>
				<Polygon><altitudeMode>relativeToGround</altitudeMode>
					<outerBoundaryIs>
						<LinearRing>
							<coordinates>								4.63037245397628,46.0185483356877,0 4.63040934781177,46.01861103290731,0 4.63072661465566,46.018737787646,0 4.63075535646615,46.0188656314471,0 4.63131106712785,46.01884565428431,0 4.63126960951618,46.0186378327628,0 4.63153854455655,46.01862135164161,0 4.63152473246811,46.0184695150114,0 4.6313092306676,46.0184742386041,0 4.6306158204464,46.018502321893,0 4.63046801001475,46.0185227325102,0 4.63037245397628,46.0185483356877,0 
							</coordinates>
						</LinearRing>
					</outerBoundaryIs>
				</Polygon>
			</MultiGeometry>
		</Placemark>
		<Placemark id="personne_morale.93180">
<styleUrl>#personne_morale</styleUrl>			<visibility>0</visibility>
			<ExtendedData>
				<SchemaData schemaUrl="#personne_morale">
					<SimpleData name="Numero de Parcelle">692150000A0701</SimpleData>
					<SimpleData name="Departement">69</SimpleData>
					<SimpleData name="Commune">SAINT-JULIEN</SimpleData>
					<SimpleData name="Adresse">LE GERMAIN</SimpleData>
					<SimpleData name="Groupe de personne">Personnes morales non remarquables</SimpleData>
					<SimpleData name="Forme Juridique Abregee">GFA</SimpleData>
					<SimpleData name="Denomination">CHATEAU DU GERMAIN</SimpleData>
				</SchemaData>
			</ExtendedData>
	<Region>
		<LatLonAltBox>
			<north> 46.0265208038147 </north>
			<south> 46.0258411843842 </south>
			<east> 4.63912531983659 </east>
			<west> 4.6382143140559 </west>
		</LatLonAltBox>
		<Lod>
			<minLodPixels>100</minLodPixels>
			<maxLodPixels>-1</maxLodPixels>
		</Lod>
	</Region>
			<MultiGeometry>
				<Polygon><altitudeMode>relativeToGround</altitudeMode>
					<outerBoundaryIs>
						<LinearRing>
							<coordinates>								4.63884000454127,46.0258411843842,0 4.63882494963856,46.0258479770762,0 4.63868972456456,46.0259094675957,0 4.63840489304188,46.0260966047076,0 4.6382143140559,46.0262141068306,0 4.63864328986104,46.0265208038147,0 4.638757143546,46.0264753843772,0 4.63881363576526,46.0263881918043,0 4.63894604494625,46.0263059360317,0 4.63904734246644,46.026234037561,0 4.63912531983659,46.02610420188569,0 4.63884000454127,46.0258411843842,0 
							</coordinates>
						</LinearRing>
					</outerBoundaryIs>
				</Polygon>
			</MultiGeometry>
		</Placemark>
		<Placemark id="personne_morale.93332">
<styleUrl>#personne_morale</styleUrl>			<visibility>0</visibility>
			<ExtendedData>
				<SchemaData schemaUrl="#personne_morale">
					<SimpleData name="Numero de Parcelle">692150000B0706</SimpleData>
					<SimpleData name="Departement">69</SimpleData>
					<SimpleData name="Commune">SAINT-JULIEN</SimpleData>
					<SimpleData name="Adresse">LES FOURNELLES</SimpleData>
					<SimpleData name="Groupe de personne">Personnes morales non remarquables</SimpleData>
					<SimpleData name="Forme Juridique Abregee">SCA</SimpleData>
					<SimpleData name="Denomination">CAVE COOPERATIVE ST JULIEN</SimpleData>
				</SchemaData>
			</ExtendedData>
	<Region>
		<LatLonAltBox>
			<north> 46.0238995011479 </north>
			<south> 46.023130532735 </south>
			<east> 4.64425299097104 </east>
			<west> 4.64371150924564 </west>
		</LatLonAltBox>
		<Lod>
			<minLodPixels>100</minLodPixels>
			<maxLodPixels>-1</maxLodPixels>
		</Lod>
	</Region>
			<MultiGeometry>
				<Polygon><altitudeMode>relativeToGround</altitudeMode>
					<outerBoundaryIs>
						<LinearRing>
							<coordinates>								4.64371436873718,46.0237874659198,0 4.64376203381431,46.0237729941072,0 4.64379795675564,46.02377229295371,0 4.64382788074989,46.0237785240193,0 4.64387973458128,46.023804702452,0 4.64395366096402,46.02385559979381,0 4.64400107493086,46.02388895800109,0 4.64404418669631,46.0238995011479,0 4.64425299097104,46.0238906175725,0 4.64417811325506,46.02318943819521,0 4.64371244869282,46.023130532735,0 4.64371649046919,46.0232441408047,0 4.64371150924564,46.0235230657163,0 4.64371436873718,46.0237874659198,0 
							</coordinates>
						</LinearRing>
					</outerBoundaryIs>
				</Polygon>
			</MultiGeometry>
		</Placemark>
		<Placemark id="personne_morale.93358">
<styleUrl>#personne_morale</styleUrl>			<visibility>0</visibility>
			<ExtendedData>
				<SchemaData schemaUrl="#personne_morale">
					<SimpleData name="Numero de Parcelle">692150000C0706</SimpleData>
					<SimpleData name="Departement">69</SimpleData>
					<SimpleData name="Commune">SAINT-JULIEN</SimpleData>
					<SimpleData name="Adresse">BUSSY</SimpleData>
					<SimpleData name="Groupe de personne">Personnes morales non remarquables</SimpleData>
					<SimpleData name="Forme Juridique Abregee">SARL</SimpleData>
					<SimpleData name="Denomination">BULTEAU CONSTRUCTION</SimpleData>
				</SchemaData>
			</ExtendedData>
	<Region>
		<LatLonAltBox>
			<north> 46.0248459671565 </north>
			<south> 46.02467001547231 </south>
			<east> 4.66246450590091 </east>
			<west> 4.66219583371457 </west>
		</LatLonAltBox>
		<Lod>
			<minLodPixels>100</minLodPixels>
			<maxLodPixels>-1</maxLodPixels>
		</Lod>
	</Region>
			<MultiGeometry>
				<Polygon><altitudeMode>relativeToGround</altitudeMode>
					<outerBoundaryIs>
						<LinearRing>
							<coordinates>								4.66219583371457,46.0248157249496,0 4.66223411478073,46.0248459671565,0 4.66228609927566,46.0248119692148,0 4.6622582758065,46.02478976994,0 4.66233756388993,46.024743662534,0 4.66246450590091,46.02467001547231,0 4.66239478037693,46.02470310282321,0 4.66225860636375,46.0247793170727,0 4.66219583371457,46.0248157249496,0 
							</coordinates>
						</LinearRing>
					</outerBoundaryIs>
				</Polygon>
			</MultiGeometry>
		</Placemark>
		<Placemark id="personne_morale.93395">
<styleUrl>#personne_morale</styleUrl>			<visibility>0</visibility>
			<ExtendedData>
				<SchemaData schemaUrl="#personne_morale">
					<SimpleData name="Numero de Parcelle">692150000C0707</SimpleData>
					<SimpleData name="Departement">69</SimpleData>
					<SimpleData name="Commune">SAINT-JULIEN</SimpleData>
					<SimpleData name="Adresse">PLACES BLANCHES</SimpleData>
					<SimpleData name="Groupe de personne">Personnes morales non remarquables</SimpleData>
					<SimpleData name="Forme Juridique Abregee">SCI</SimpleData>
					<SimpleData name="Denomination">DUFOUR IMMO</SimpleData>
				</SchemaData>
			</ExtendedData>
	<Region>
		<LatLonAltBox>
			<north> 46.0274666888563 </north>
			<south> 46.0272128866168 </south>
			<east> 4.67352627464501 </east>
			<west> 4.6731984454235 </west>
		</LatLonAltBox>
		<Lod>
			<minLodPixels>100</minLodPixels>
			<maxLodPixels>-1</maxLodPixels>
		</Lod>
	</Region>
			<MultiGeometry>
				<Polygon><altitudeMode>relativeToGround</altitudeMode>
					<outerBoundaryIs>
						<LinearRing>
							<coordinates>								4.67327197900287,46.0274666888563,0 4.67342682354831,46.027375414217,0 4.67352627464501,46.0273462044628,0 4.67344799737692,46.0272128866168,0 4.6731984454235,46.02733627310339,0 4.67327197900287,46.0274666888563,0 
							</coordinates>
						</LinearRing>
					</outerBoundaryIs>
				</Polygon>
			</MultiGeometry>
		</Placemark>
		<Placemark id="personne_morale.93481">
<styleUrl>#personne_morale</styleUrl>			<visibility>0</visibility>
			<ExtendedData>
				<SchemaData schemaUrl="#personne_morale">
					<SimpleData name="Numero de Parcelle">692150000A0071</SimpleData>
					<SimpleData name="Departement">69</SimpleData>
					<SimpleData name="Commune">SAINT-JULIEN</SimpleData>
					<SimpleData name="Adresse">LES GRANGES D ESPAGNE</SimpleData>
					<SimpleData name="Groupe de personne">Personnes morales non remarquables</SimpleData>
					<SimpleData name="Forme Juridique Abregee">AUPM</SimpleData>
					<SimpleData name="Denomination">GFA LACROIX ROCHE</SimpleData>
				</SchemaData>
			</ExtendedData>
	<Region>
		<LatLonAltBox>
			<north> 46.018867479481 </north>
			<south> 46.01845577192779 </south>
			<east> 4.63229230768866 </east>
			<west> 4.63126960951618 </west>
		</LatLonAltBox>
		<Lod>
			<minLodPixels>100</minLodPixels>
			<maxLodPixels>-1</maxLodPixels>
		</Lod>
	</Region>
			<MultiGeometry>
				<Polygon><altitudeMode>relativeToGround</altitudeMode>
					<outerBoundaryIs>
						<LinearRing>
							<coordinates>								4.63131106712785,46.01884565428431,0 4.63131533433909,46.018867479481,0 4.63219830498384,46.0188316181018,0 4.63229230768866,46.0188277422456,0 4.63216013218526,46.01845577192779,0 4.63152473246811,46.0184695150114,0 4.63153854455655,46.01862135164161,0 4.63126960951618,46.0186378327628,0 4.63131106712785,46.01884565428431,0 
							</coordinates>
						</LinearRing>
					</outerBoundaryIs>
				</Polygon>
			</MultiGeometry>
		</Placemark>
		<Placemark id="personne_morale.94014">
<styleUrl>#personne_morale</styleUrl>			<visibility>0</visibility>
			<ExtendedData>
				<SchemaData schemaUrl="#personne_morale">
					<SimpleData name="Numero de Parcelle">692150000A0072</SimpleData>
					<SimpleData name="Departement">69</SimpleData>
					<SimpleData name="Commune">SAINT-JULIEN</SimpleData>
					<SimpleData name="Adresse">LES GRANGES D ESPAGNE</SimpleData>
					<SimpleData name="Groupe de personne">Personnes morales non remarquables</SimpleData>
					<SimpleData name="Forme Juridique Abregee">AUPM</SimpleData>
					<SimpleData name="Denomination">GFA LACROIX ROCHE</SimpleData>
				</SchemaData>
			</ExtendedData>
	<Region>
		<LatLonAltBox>
			<north> 46.0192707876542 </north>
			<south> 46.0188229457139 </south>
			<east> 4.63249873466691 </east>
			<west> 4.63131533433909 </west>
		</LatLonAltBox>
		<Lod>
			<minLodPixels>100</minLodPixels>
			<maxLodPixels>-1</maxLodPixels>
		</Lod>
	</Region>
			<MultiGeometry>
				<Polygon><altitudeMode>relativeToGround</altitudeMode>
					<outerBoundaryIs>
						<LinearRing>
							<coordinates>								4.63131533433909,46.018867479481,0 4.63140734455124,46.01926281623441,0 4.63249873466691,46.0192707876542,0 4.6324064511405,46.0188229457139,0 4.63229230768866,46.0188277422456,0 4.63219830498384,46.0188316181018,0 4.63131533433909,46.018867479481,0 
							</coordinates>
						</LinearRing>
					</outerBoundaryIs>
				</Polygon>
			</MultiGeometry>
		</Placemark>
		<Placemark id="personne_morale.94025">
<styleUrl>#personne_morale</styleUrl>			<visibility>0</visibility>
			<ExtendedData>
				<SchemaData schemaUrl="#personne_morale">
					<SimpleData name="Numero de Parcelle">692150000C0072</SimpleData>
					<SimpleData name="Departement">69</SimpleData>
					<SimpleData name="Commune">SAINT-JULIEN</SimpleData>
					<SimpleData name="Adresse">CHAMBELY</SimpleData>
					<SimpleData name="Groupe de personne">Personnes morales non remarquables</SimpleData>
					<SimpleData name="Forme Juridique Abregee">GFA</SimpleData>
					<SimpleData name="Denomination">CALLANDRAS</SimpleData>
				</SchemaData>
			</ExtendedData>
	<Region>
		<LatLonAltBox>
			<north> 46.02761952760051 </north>
			<south> 46.0262321376663 </south>
			<east> 4.67753178921572 </east>
			<west> 4.6765374402769 </west>
		</LatLonAltBox>
		<Lod>
			<minLodPixels>100</minLodPixels>
			<maxLodPixels>-1</maxLodPixels>
		</Lod>
	</Region>
			<MultiGeometry>
				<Polygon><altitudeMode>relativeToGround</altitudeMode>
					<outerBoundaryIs>
						<LinearRing>
							<coordinates>								4.6772363747722,46.0275871511677,0 4.67753178921572,46.02761952760051,0 4.67747013227728,46.02744642588479,0 4.67715733078127,46.0266191731769,0 4.67700562345879,46.0262321376663,0 4.67695056706253,46.0262626752129,0 4.67689703592604,46.02630931260209,0 4.67684260273926,46.02635605337969,0 4.67680625625247,46.0263853232773,0 4.6767567184065,46.0264187513741,0 4.6766793786532,46.026464840184,0 4.67658189319316,46.02651176736279,0 4.6765374402769,46.0265338614573,0 4.67680200639386,46.0272170876995,0 4.67693112445096,46.0275502358822,0 4.6772363747722,46.0275871511677,0 
							</coordinates>
						</LinearRing>
					</outerBoundaryIs>
				</Polygon>
			</MultiGeometry>
		</Placemark>
		<Placemark id="personne_morale.94538">
<styleUrl>#personne_morale</styleUrl>			<visibility>0</visibility>
			<ExtendedData>
				<SchemaData schemaUrl="#personne_morale">
					<SimpleData name="Numero de Parcelle">692150000A0073</SimpleData>
					<SimpleData name="Departement">69</SimpleData>
					<SimpleData name="Commune">SAINT-JULIEN</SimpleData>
					<SimpleData name="Adresse">LES GRANGES D ESPAGNE</SimpleData>
					<SimpleData name="Groupe de personne">Personnes morales non remarquables</SimpleData>
					<SimpleData name="Forme Juridique Abregee">AUPM</SimpleData>
					<SimpleData name="Denomination">GFA LACROIX ROCHE</SimpleData>
				</SchemaData>
			</ExtendedData>
	<Region>
		<LatLonAltBox>
			<north> 46.0188554498176 </north>
			<south> 46.018416971277 </south>
			<east> 4.63432146039468 </east>
			<west> 4.63216013218526 </west>
		</LatLonAltBox>
		<Lod>
			<minLodPixels>100</minLodPixels>
			<maxLodPixels>-1</maxLodPixels>
		</Lod>
	</Region>
			<MultiGeometry>
				<Polygon><altitudeMode>relativeToGround</altitudeMode>
					<outerBoundaryIs>
						<LinearRing>
							<coordinates>								4.63320509712757,46.0188382790972,0 4.63432146039468,46.01852090586689,0 4.63431197418091,46.0185149180164,0 4.63415231355741,46.01845408245271,0 4.6340369417003,46.0184262036127,0 4.63395263434173,46.018416971277,0 4.63368426781051,46.01842642461541,0 4.63302534426083,46.0184403351024,0 4.63226710765864,46.0184534205417,0 4.63216013218526,46.01845577192779,0 4.63229230768866,46.0188277422456,0 4.6324064511405,46.0188229457139,0 4.63244828873087,46.0188212622299,0 4.63262723095343,46.0188304833915,0 4.63300897894772,46.0188514631903,0 4.63314484411439,46.0188554498176,0 4.63320509712757,46.0188382790972,0 
							</coordinates>
						</LinearRing>
					</outerBoundaryIs>
				</Polygon>
			</MultiGeometry>
		</Placemark>
		<Placemark id="personne_morale.94769">
<styleUrl>#personne_morale</styleUrl>			<visibility>0</visibility>
			<ExtendedData>
				<SchemaData schemaUrl="#personne_morale">
					<SimpleData name="Numero de Parcelle">692150000A0730</SimpleData>
					<SimpleData name="Departement">69</SimpleData>
					<SimpleData name="Commune">SAINT-JULIEN</SimpleData>
					<SimpleData name="Adresse">LES RAYES</SimpleData>
					<SimpleData name="Groupe de personne">Personnes morales non remarquables</SimpleData>
					<SimpleData name="Forme Juridique Abregee">SC</SimpleData>
					<SimpleData name="Denomination">SCI DU CHATEAU DE MONTMELAS</SimpleData>
				</SchemaData>
			</ExtendedData>
	<Region>
		<LatLonAltBox>
			<north> 46.01548680737761 </north>
			<south> 46.01463936015791 </south>
			<east> 4.61764061017118 </east>
			<west> 4.61490544263391 </west>
		</LatLonAltBox>
		<Lod>
			<minLodPixels>100</minLodPixels>
			<maxLodPixels>-1</maxLodPixels>
		</Lod>
	</Region>
			<MultiGeometry>
				<Polygon><altitudeMode>relativeToGround</altitudeMode>
					<outerBoundaryIs>
						<LinearRing>
							<coordinates>								4.61723677651494,46.0153951177809,0 4.61716516974901,46.0153910958903,0 4.61685139893069,46.0153815226564,0 4.61681204731825,46.0153797423572,0 4.61677242139181,46.0153774255497,0 4.61673303538548,46.015374474829,0 4.61669700380481,46.0153712961013,0 4.6166613466576,46.0153676616801,0 4.61662554706572,46.0153635789395,0 4.61658986346952,46.0153590441925,0 4.61628462533673,46.01530548451979,0 4.6160838330817,46.0152692587527,0 4.61604813069199,46.0152596802935,0 4.61601266823924,46.015249467925,0 4.61597770680833,46.01523870799249,0 4.61594311453578,46.0152273123087,0 4.61590941623444,46.0152155435944,0 4.61587608973749,46.01520322916009,0 4.61584313504569,46.01519036900619,0 4.61581068137908,46.01517696129049,0 4.61562175606301,46.0150958016834,0 4.61549224070912,46.01505234394061,0 4.61533979302154,46.0149719247856,0 4.61519984266453,46.01488565301191,0 4.61514296281044,46.0148504365353,0 4.61513265906699,46.0148429276138,0 4.61512286162674,46.0148350512029,0 4.61511357577655,46.0148269873634,0 4.61510466965435,46.0148186479068,0 4.61509533622842,46.0148089635193,0 4.61508651174946,46.01479900167309,0 4.61502638037237,46.01472348100379,0 4.61495035473998,46.01463936015791,0 4.61490544263391,46.01468593491641,0 4.61506254035596,46.01483672156471,0 4.61516903624883,46.0149283340252,0 4.61532786451604,46.0150323503454,0 4.61546165157333,46.0151068208513,0 4.6156972716142,46.0152109127836,0 4.61590650607075,46.0152925032116,0 4.61605977570585,46.0153436377874,0 4.61623957601475,46.0153737681747,0 4.61666120984561,46.0154245866532,0 4.61683619871071,46.0154361406532,0 4.6172816728423,46.01545797502929,0 4.61764061017118,46.01548680737761,0 4.61754299095784,46.0154642427533,0 4.61723677651494,46.0153951177809,0 
							</coordinates>
						</LinearRing>
					</outerBoundaryIs>
				</Polygon>
			</MultiGeometry>
		</Placemark>
		<Placemark id="personne_morale.94795">
<styleUrl>#personne_morale</styleUrl>			<visibility>0</visibility>
			<ExtendedData>
				<SchemaData schemaUrl="#personne_morale">
					<SimpleData name="Numero de Parcelle">692150000A0731</SimpleData>
					<SimpleData name="Departement">69</SimpleData>
					<SimpleData name="Commune">SAINT-JULIEN</SimpleData>
					<SimpleData name="Adresse">LES RAYES</SimpleData>
					<SimpleData name="Groupe de personne">Personnes morales non remarquables</SimpleData>
					<SimpleData name="Forme Juridique Abregee">AUPM</SimpleData>
					<SimpleData name="Denomination">GROUP FORESTIER AROD DE MONTMELAS</SimpleData>
				</SchemaData>
			</ExtendedData>
	<Region>
		<LatLonAltBox>
			<north> 46.0153951177809 </north>
			<south> 46.0146320546007 </south>
			<east> 4.61723677651494 </east>
			<west> 4.61495035473998 </west>
		</LatLonAltBox>
		<Lod>
			<minLodPixels>100</minLodPixels>
			<maxLodPixels>-1</maxLodPixels>
		</Lod>
	</Region>
			<MultiGeometry>
				<Polygon><altitudeMode>relativeToGround</altitudeMode>
					<outerBoundaryIs>
						<LinearRing>
							<coordinates>								4.61723677651494,46.0153951177809,0 4.61699094419599,46.01533954128,0 4.61638167303032,46.01520304389409,0 4.61609530758175,46.01512300471731,0 4.61584004478025,46.0150059536986,0 4.61495737949982,46.0146320546007,0 4.61495035473998,46.01463936015791,0 4.61502638037237,46.01472348100379,0 4.61508651174946,46.01479900167309,0 4.61509533622842,46.0148089635193,0 4.61510466965435,46.0148186479068,0 4.61511357577655,46.0148269873634,0 4.61512286162674,46.0148350512029,0 4.61513265906699,46.0148429276138,0 4.61514296281044,46.0148504365353,0 4.61519984266453,46.01488565301191,0 4.61533979302154,46.0149719247856,0 4.61549224070912,46.01505234394061,0 4.61562175606301,46.0150958016834,0 4.61581068137908,46.01517696129049,0 4.61584313504569,46.01519036900619,0 4.61587608973749,46.01520322916009,0 4.61590941623444,46.0152155435944,0 4.61594311453578,46.0152273123087,0 4.61597770680833,46.01523870799249,0 4.61601266823924,46.015249467925,0 4.61604813069199,46.0152596802935,0 4.6160838330817,46.0152692587527,0 4.61628462533673,46.01530548451979,0 4.61658986346952,46.0153590441925,0 4.61662554706572,46.0153635789395,0 4.6166613466576,46.0153676616801,0 4.61669700380481,46.0153712961013,0 4.61673303538548,46.015374474829,0 4.61677242139181,46.0153774255497,0 4.61681204731825,46.0153797423572,0 4.61685139893069,46.0153815226564,0 4.61716516974901,46.0153910958903,0 4.61723677651494,46.0153951177809,0 
							</coordinates>
						</LinearRing>
					</outerBoundaryIs>
				</Polygon>
			</MultiGeometry>
		</Placemark>
		<Placemark id="personne_morale.94822">
<styleUrl>#personne_morale</styleUrl>			<visibility>0</visibility>
			<ExtendedData>
				<SchemaData schemaUrl="#personne_morale">
					<SimpleData name="Numero de Parcelle">692150000C0731</SimpleData>
					<SimpleData name="Departement">69</SimpleData>
					<SimpleData name="Commune">SAINT-JULIEN</SimpleData>
					<SimpleData name="Adresse">BUSSY</SimpleData>
					<SimpleData name="Groupe de personne">Personnes morales non remarquables</SimpleData>
					<SimpleData name="Forme Juridique Abregee">GFA</SimpleData>
					<SimpleData name="Denomination">BUSSY  DE</SimpleData>
				</SchemaData>
			</ExtendedData>
	<Region>
		<LatLonAltBox>
			<north> 46.02473209335191 </north>
			<south> 46.0233601313759 </south>
			<east> 4.66229060486901 </east>
			<west> 4.65846915574893 </west>
		</LatLonAltBox>
		<Lod>
			<minLodPixels>100</minLodPixels>
			<maxLodPixels>-1</maxLodPixels>
		</Lod>
	</Region>
			<MultiGeometry>
				<Polygon><altitudeMode>relativeToGround</altitudeMode>
					<outerBoundaryIs>
						<LinearRing>
							<coordinates>								4.65846915574893,46.0233601313759,0 4.65864856143105,46.0238727909232,0 4.65862270669452,46.02398440457339,0 4.65871549027628,46.0240298825841,0 4.65887793711863,46.02410874726671,0 4.65894839796257,46.0241342862886,0 4.65919946883452,46.0241721327983,0 4.65966286470541,46.0242406456166,0 4.66018694681578,46.0243149327307,0 4.6604469489816,46.024357329265,0 4.66062804627028,46.0243943063262,0 4.66082545225053,46.0244404113016,0 4.66099114717503,46.0244896827546,0 4.66134909983996,46.0246072004358,0 4.66148999242887,46.0246657515791,0 4.66162168198568,46.02473209335191,0 4.66166121331377,46.0247138602322,0 4.66177763998323,46.0246601833263,0 4.66176456004019,46.02437278440941,0 4.66176255366749,46.02433633583389,0 4.66229060486901,46.0243236383677,0 4.66226486376092,46.02404092862529,0 4.66173527806512,46.02404554228951,0 4.66123674762172,46.024050959251,0 4.66068569769915,46.0240384092188,0 4.66026509713502,46.0239912505374,0 4.66033058179165,46.02365064069781,0 4.66035011807464,46.0235354263372,0 4.66014853846117,46.0235137003752,0 4.65941769759248,46.0234514476143,0 4.65846915574893,46.0233601313759,0 
							</coordinates>
						</LinearRing>
					</outerBoundaryIs>
				</Polygon>
			</MultiGeometry>
		</Placemark>
		<Placemark id="personne_morale.94831">
<styleUrl>#personne_morale</styleUrl>			<visibility>0</visibility>
			<ExtendedData>
				<SchemaData schemaUrl="#personne_morale">
					<SimpleData name="Numero de Parcelle">692150000A0732</SimpleData>
					<SimpleData name="Departement">69</SimpleData>
					<SimpleData name="Commune">SAINT-JULIEN</SimpleData>
					<SimpleData name="Adresse">LES GRANDES TERRES</SimpleData>
					<SimpleData name="Groupe de personne">Personnes morales non remarquables</SimpleData>
					<SimpleData name="Forme Juridique Abregee">AUPM</SimpleData>
					<SimpleData name="Denomination">GFA D ESPAGNE</SimpleData>
				</SchemaData>
			</ExtendedData>
	<Region>
		<LatLonAltBox>
			<north> 46.0262554549135 </north>
			<south> 46.0243362342536 </south>
			<east> 4.62356311042107 </east>
			<west> 4.6209904959427 </west>
		</LatLonAltBox>
		<Lod>
			<minLodPixels>100</minLodPixels>
			<maxLodPixels>-1</maxLodPixels>
		</Lod>
	</Region>
			<MultiGeometry>
				<Polygon><altitudeMode>relativeToGround</altitudeMode>
					<outerBoundaryIs>
						<LinearRing>
							<coordinates>								4.6209904959427,46.02462021597079,0 4.62205119382031,46.0259557929557,0 4.62210920485601,46.0260288186272,0 4.62229626254687,46.0262554549135,0 4.6233088304735,46.0261379190194,0 4.62307761548008,46.02586535145139,0 4.6230252503906,46.0258040443432,0 4.62356311042107,46.0256981665591,0 4.6234166380148,46.02555876749641,0 4.62216116863402,46.0243362342536,0 4.62145860933545,46.0244074439212,0 4.6215227888425,46.02447488745361,0 4.6209904959427,46.02462021597079,0 
							</coordinates>
						</LinearRing>
					</outerBoundaryIs>
				</Polygon>
			</MultiGeometry>
		</Placemark>
		<Placemark id="personne_morale.94857">
<styleUrl>#personne_morale</styleUrl>			<visibility>0</visibility>
			<ExtendedData>
				<SchemaData schemaUrl="#personne_morale">
					<SimpleData name="Numero de Parcelle">692150000A0733</SimpleData>
					<SimpleData name="Departement">69</SimpleData>
					<SimpleData name="Commune">SAINT-JULIEN</SimpleData>
					<SimpleData name="Adresse">LES GRANDES TERRES</SimpleData>
					<SimpleData name="Groupe de personne">Personnes morales non remarquables</SimpleData>
					<SimpleData name="Forme Juridique Abregee">AUPM</SimpleData>
					<SimpleData name="Denomination">GFA D ESPAGNE</SimpleData>
				</SchemaData>
			</ExtendedData>
	<Region>
		<LatLonAltBox>
			<north> 46.02479832304291 </north>
			<south> 46.0231802940737 </south>
			<east> 4.6215227888425 </east>
			<west> 4.61967231480114 </west>
		</LatLonAltBox>
		<Lod>
			<minLodPixels>100</minLodPixels>
			<maxLodPixels>-1</maxLodPixels>
		</Lod>
	</Region>
			<MultiGeometry>
				<Polygon><altitudeMode>relativeToGround</altitudeMode>
					<outerBoundaryIs>
						<LinearRing>
							<coordinates>								4.6209904959427,46.02462021597079,0 4.6215227888425,46.02447488745361,0 4.62145860933545,46.0244074439212,0 4.62112803205032,46.0240575745246,0 4.62029151039665,46.0231802940737,0 4.62006249856398,46.023236167714,0 4.6199024061127,46.0233010533968,0 4.61975536568304,46.0233613389739,0 4.62018559628508,46.0237851746758,0 4.61989759719294,46.0238840430628,0 4.61967231480114,46.0239612987749,0 4.62047106134533,46.02479832304291,0 4.6209904959427,46.02462021597079,0 
							</coordinates>
						</LinearRing>
					</outerBoundaryIs>
				</Polygon>
			</MultiGeometry>
		</Placemark>
		<Placemark id="personne_morale.94880">
<styleUrl>#personne_morale</styleUrl>			<visibility>0</visibility>
			<ExtendedData>
				<SchemaData schemaUrl="#personne_morale">
					<SimpleData name="Numero de Parcelle">692150000C0733</SimpleData>
					<SimpleData name="Departement">69</SimpleData>
					<SimpleData name="Commune">SAINT-JULIEN</SimpleData>
					<SimpleData name="Adresse">BUSSY</SimpleData>
					<SimpleData name="Groupe de personne">Personnes morales non remarquables</SimpleData>
					<SimpleData name="Forme Juridique Abregee">GFA</SimpleData>
					<SimpleData name="Denomination">BUSSY  DE</SimpleData>
				</SchemaData>
			</ExtendedData>
	<Region>
		<LatLonAltBox>
			<north> 46.0248521308963 </north>
			<south> 46.0230998261398 </south>
			<east> 4.6632011770491 </east>
			<west> 4.66191965123228 </west>
		</LatLonAltBox>
		<Lod>
			<minLodPixels>100</minLodPixels>
			<maxLodPixels>-1</maxLodPixels>
		</Lod>
	</Region>
			<MultiGeometry>
				<Polygon><altitudeMode>relativeToGround</altitudeMode>
					<outerBoundaryIs>
						<LinearRing>
							<coordinates>								4.66229060486901,46.0243236383677,0 4.66242717263345,46.02432037428619,0 4.66243355997563,46.0243563082499,0 4.6624650492218,46.0245340031071,0 4.66213312898026,46.0247345915828,0 4.66191965123228,46.02477284908479,0 4.66204004467349,46.0247819819901,0 4.66213319022278,46.0248521308963,0 4.66219583371457,46.0248157249496,0 4.66225860636375,46.0247793170727,0 4.66239478037693,46.02470310282321,0 4.66246450590091,46.02467001547231,0 4.66248775949756,46.0246565242833,0 4.66249653009944,46.0246515318972,0 4.66257434038794,46.0246078778635,0 4.66265632705172,46.0245655135439,0 4.66274568972925,46.0245190779083,0 4.66289471429693,46.0244445659601,0 4.66298946522563,46.0244010233503,0 4.66306077770561,46.0243734065541,0 4.66313291727665,46.02434748888869,0 4.66316119873227,46.0243377967499,0 4.66317431579302,46.0243354426016,0 4.6632011770491,46.024330094613,0 4.66320035805235,46.0243286655253,0 4.66316751270134,46.0242815009427,0 4.66297650095053,46.0243442898734,0 4.66285248235587,46.0244033935058,0 4.66280685300084,46.02442946246371,0 4.66277296916449,46.0242025349953,0 4.6627898728272,46.0241372570739,0 4.66290007714524,46.0240660167178,0 4.66287860685131,46.0240401216144,0 4.66286650105426,46.023973287787,0 4.66291772542184,46.0238585987326,0 4.662962902488,46.0237363425061,0 4.66295138360133,46.0237103013999,0 4.66288325908211,46.0236209616104,0 4.66280671781183,46.0235140917186,0 4.66276265223575,46.0234207961083,0 4.66273081081178,46.0232870602337,0 4.66269877444696,46.0230998261398,0 4.66252981925311,46.02331901108651,0 4.66225282735383,46.0236640757704,0 4.66222405233318,46.0237130450661,0 4.66226486376092,46.02404092862529,0 4.66229060486901,46.0243236383677,0 
							</coordinates>
						</LinearRing>
					</outerBoundaryIs>
				</Polygon>
			</MultiGeometry>
		</Placemark>
		<Placemark id="personne_morale.94889">
<styleUrl>#personne_morale</styleUrl>			<visibility>0</visibility>
			<ExtendedData>
				<SchemaData schemaUrl="#personne_morale">
					<SimpleData name="Numero de Parcelle">692150000A0734</SimpleData>
					<SimpleData name="Departement">69</SimpleData>
					<SimpleData name="Commune">SAINT-JULIEN</SimpleData>
					<SimpleData name="Adresse">LES GRANDES TERRES</SimpleData>
					<SimpleData name="Groupe de personne">Personnes morales non remarquables</SimpleData>
					<SimpleData name="Forme Juridique Abregee">AUPM</SimpleData>
					<SimpleData name="Denomination">GFA D ESPAGNE</SimpleData>
				</SchemaData>
			</ExtendedData>
	<Region>
		<LatLonAltBox>
			<north> 46.0238840430628 </north>
			<south> 46.0233613389739 </south>
			<east> 4.62018559628508 </east>
			<west> 4.61947610323317 </west>
		</LatLonAltBox>
		<Lod>
			<minLodPixels>100</minLodPixels>
			<maxLodPixels>-1</maxLodPixels>
		</Lod>
	</Region>
			<MultiGeometry>
				<Polygon><altitudeMode>relativeToGround</altitudeMode>
					<outerBoundaryIs>
						<LinearRing>
							<coordinates>								4.61975536568304,46.0233613389739,0 4.61947610323317,46.02347584337039,0 4.61989759719294,46.0238840430628,0 4.62018559628508,46.0237851746758,0 4.61975536568304,46.0233613389739,0 
							</coordinates>
						</LinearRing>
					</outerBoundaryIs>
				</Polygon>
			</MultiGeometry>
		</Placemark>
		<Placemark id="personne_morale.95055">
<styleUrl>#personne_morale</styleUrl>			<visibility>0</visibility>
			<ExtendedData>
				<SchemaData schemaUrl="#personne_morale">
					<SimpleData name="Numero de Parcelle">692150000A0074</SimpleData>
					<SimpleData name="Departement">69</SimpleData>
					<SimpleData name="Commune">SAINT-JULIEN</SimpleData>
					<SimpleData name="Adresse">LES GRANGES D ESPAGNE</SimpleData>
					<SimpleData name="Groupe de personne">Personnes morales non remarquables</SimpleData>
					<SimpleData name="Forme Juridique Abregee">AUPM</SimpleData>
					<SimpleData name="Denomination">GFA LACROIX ROCHE</SimpleData>
				</SchemaData>
			</ExtendedData>
	<Region>
		<LatLonAltBox>
			<north> 46.01929757409319 </north>
			<south> 46.01852090586689 </south>
			<east> 4.63525905040681 </east>
			<west> 4.63320509712757 </west>
		</LatLonAltBox>
		<Lod>
			<minLodPixels>100</minLodPixels>
			<maxLodPixels>-1</maxLodPixels>
		</Lod>
	</Region>
			<MultiGeometry>
				<Polygon><altitudeMode>relativeToGround</altitudeMode>
					<outerBoundaryIs>
						<LinearRing>
							<coordinates>								4.63320509712757,46.0188382790972,0 4.63340566009081,46.0192664561061,0 4.63438686573235,46.0190426299909,0 4.63477647299767,46.0189538771687,0 4.63515760334448,46.01929757409319,0 4.63525905040681,46.0192179308314,0 4.634814765257,46.0188764062858,0 4.63441974942006,46.01858298661781,0 4.63432146039468,46.01852090586689,0 4.63320509712757,46.0188382790972,0 
							</coordinates>
						</LinearRing>
					</outerBoundaryIs>
				</Polygon>
			</MultiGeometry>
		</Placemark>
		<Placemark id="personne_morale.95431">
<styleUrl>#personne_morale</styleUrl>			<visibility>0</visibility>
			<ExtendedData>
				<SchemaData schemaUrl="#personne_morale">
					<SimpleData name="Numero de Parcelle">692150000B0745</SimpleData>
					<SimpleData name="Departement">69</SimpleData>
					<SimpleData name="Commune">SAINT-JULIEN</SimpleData>
					<SimpleData name="Adresse">LE BOURG</SimpleData>
					<SimpleData name="Groupe de personne">Personnes morales non remarquables</SimpleData>
					<SimpleData name="Forme Juridique Abregee">SC</SimpleData>
					<SimpleData name="Denomination">LE GRAIN DE SEL</SimpleData>
				</SchemaData>
			</ExtendedData>
	<Region>
		<LatLonAltBox>
			<north> 46.0261710977321 </north>
			<south> 46.0260795949541 </south>
			<east> 4.6531335467395 </east>
			<west> 4.65303731175376 </west>
		</LatLonAltBox>
		<Lod>
			<minLodPixels>100</minLodPixels>
			<maxLodPixels>-1</maxLodPixels>
		</Lod>
	</Region>
			<MultiGeometry>
				<Polygon><altitudeMode>relativeToGround</altitudeMode>
					<outerBoundaryIs>
						<LinearRing>
							<coordinates>								4.65303731175376,46.0261710977321,0 4.6531335467395,46.02609484686159,0 4.65307386872769,46.0260795949541,0 4.65304067350766,46.0261624921554,0 4.65303731175376,46.0261710977321,0 
							</coordinates>
						</LinearRing>
					</outerBoundaryIs>
				</Polygon>
			</MultiGeometry>
		</Placemark>
		<Placemark id="personne_morale.95565">
<styleUrl>#personne_morale</styleUrl>			<visibility>0</visibility>
			<ExtendedData>
				<SchemaData schemaUrl="#personne_morale">
					<SimpleData name="Numero de Parcelle">692150000A0075</SimpleData>
					<SimpleData name="Departement">69</SimpleData>
					<SimpleData name="Commune">SAINT-JULIEN</SimpleData>
					<SimpleData name="Adresse">LES GRANGES D ESPAGNE</SimpleData>
					<SimpleData name="Groupe de personne">Personnes morales non remarquables</SimpleData>
					<SimpleData name="Forme Juridique Abregee">AUPM</SimpleData>
					<SimpleData name="Denomination">GFA LACROIX ROCHE</SimpleData>
				</SchemaData>
			</ExtendedData>
	<Region>
		<LatLonAltBox>
			<north> 46.0200888961968 </north>
			<south> 46.0189538771687 </south>
			<east> 4.63515760334448 </east>
			<west> 4.63378483616263 </west>
		</LatLonAltBox>
		<Lod>
			<minLodPixels>100</minLodPixels>
			<maxLodPixels>-1</maxLodPixels>
		</Lod>
	</Region>
			<MultiGeometry>
				<Polygon><altitudeMode>relativeToGround</altitudeMode>
					<outerBoundaryIs>
						<LinearRing>
							<coordinates>								4.63438686573235,46.0190426299909,0 4.63455761622131,46.0194722258058,0 4.63387680544935,46.01954184885911,0 4.63378483616263,46.0198318442101,0 4.63409875546876,46.01998466776699,0 4.63410494573497,46.02003636787881,0 4.63429563277345,46.0200621698509,0 4.63446592034173,46.0200888961968,0 4.63452844101918,46.02008709379181,0 4.63457904175182,46.0200626759539,0 4.63466780301101,46.02000852547229,0 4.63473734679196,46.0199385298717,0 4.63474790338739,46.0198935234869,0 4.63477068193762,46.0196768503966,0 4.63474322910586,46.0195579056623,0 4.63473871212543,46.0195103245902,0 4.63477910741154,46.01947749736069,0 4.63507098209929,46.01936277253159,0 4.63515760334448,46.01929757409319,0 4.63477647299767,46.0189538771687,0 4.63438686573235,46.0190426299909,0 
							</coordinates>
						</LinearRing>
					</outerBoundaryIs>
				</Polygon>
			</MultiGeometry>
		</Placemark>
		<Placemark id="personne_morale.95817">
<styleUrl>#personne_morale</styleUrl>			<visibility>0</visibility>
			<ExtendedData>
				<SchemaData schemaUrl="#personne_morale">
					<SimpleData name="Numero de Parcelle">692150000B0751</SimpleData>
					<SimpleData name="Departement">69</SimpleData>
					<SimpleData name="Commune">SAINT-JULIEN</SimpleData>
					<SimpleData name="Adresse">LE BOURG</SimpleData>
					<SimpleData name="Groupe de personne">Personnes morales non remarquables</SimpleData>
					<SimpleData name="Forme Juridique Abregee">SC</SimpleData>
					<SimpleData name="Denomination">LE GRAIN DE SEL</SimpleData>
				</SchemaData>
			</ExtendedData>
	<Region>
		<LatLonAltBox>
			<north> 46.0261799167606 </north>
			<south> 46.026064972772 </south>
			<east> 4.65307386872769 </east>
			<west> 4.65296436472014 </west>
		</LatLonAltBox>
		<Lod>
			<minLodPixels>100</minLodPixels>
			<maxLodPixels>-1</maxLodPixels>
		</Lod>
	</Region>
			<MultiGeometry>
				<Polygon><altitudeMode>relativeToGround</altitudeMode>
					<outerBoundaryIs>
						<LinearRing>
							<coordinates>								4.65303731175376,46.0261710977321,0 4.65304067350766,46.0261624921554,0 4.65307386872769,46.0260795949541,0 4.65302041609183,46.026064972772,0 4.65296436472014,46.0261746835545,0 4.65301313902303,46.0261799167606,0 4.65303731175376,46.0261710977321,0 
							</coordinates>
						</LinearRing>
					</outerBoundaryIs>
				</Polygon>
			</MultiGeometry>
		</Placemark>
		<Placemark id="personne_morale.95845">
<styleUrl>#personne_morale</styleUrl>			<visibility>0</visibility>
			<ExtendedData>
				<SchemaData schemaUrl="#personne_morale">
					<SimpleData name="Numero de Parcelle">692150000B0752</SimpleData>
					<SimpleData name="Departement">69</SimpleData>
					<SimpleData name="Commune">SAINT-JULIEN</SimpleData>
					<SimpleData name="Adresse">2047, RTE DU BEAUJOLAIS</SimpleData>
					<SimpleData name="Groupe de personne">Personnes morales non remarquables</SimpleData>
					<SimpleData name="Forme Juridique Abregee">SC</SimpleData>
					<SimpleData name="Denomination">LE GRAIN DE SEL</SimpleData>
				</SchemaData>
			</ExtendedData>
	<Region>
		<LatLonAltBox>
			<north> 46.02617830714 </north>
			<south> 46.0260295005487 </south>
			<east> 4.65302041609183 </east>
			<west> 4.65281917259373 </west>
		</LatLonAltBox>
		<Lod>
			<minLodPixels>100</minLodPixels>
			<maxLodPixels>-1</maxLodPixels>
		</Lod>
	</Region>
			<MultiGeometry>
				<Polygon><altitudeMode>relativeToGround</altitudeMode>
					<outerBoundaryIs>
						<LinearRing>
							<coordinates>								4.65281917259373,46.0261578864939,0 4.6529135292093,46.02617830714,0 4.65291792493413,46.02616968648821,0 4.65296436472014,46.0261746835545,0 4.65302041609183,46.026064972772,0 4.65295594530667,46.0260494304286,0 4.65293367959147,46.0260442609485,0 4.65287117186044,46.0260295005487,0 4.65281917259373,46.0261578864939,0 
							</coordinates>
						</LinearRing>
					</outerBoundaryIs>
				</Polygon>
			</MultiGeometry>
		</Placemark>
		<Placemark id="personne_morale.95976">
<styleUrl>#personne_morale</styleUrl>			<visibility>0</visibility>
			<ExtendedData>
				<SchemaData schemaUrl="#personne_morale">
					<SimpleData name="Numero de Parcelle">692150000B0757</SimpleData>
					<SimpleData name="Departement">69</SimpleData>
					<SimpleData name="Commune">SAINT-JULIEN</SimpleData>
					<SimpleData name="Adresse">LE TREMBLE</SimpleData>
					<SimpleData name="Groupe de personne">Personnes morales non remarquables</SimpleData>
					<SimpleData name="Forme Juridique Abregee">AUPM</SimpleData>
					<SimpleData name="Denomination">GFA DU CHATEAU DU TREMBLE</SimpleData>
				</SchemaData>
			</ExtendedData>
	<Region>
		<LatLonAltBox>
			<north> 46.01911540330221 </north>
			<south> 46.0188223867744 </south>
			<east> 4.64750549088615 </east>
			<west> 4.64676168081797 </west>
		</LatLonAltBox>
		<Lod>
			<minLodPixels>100</minLodPixels>
			<maxLodPixels>-1</maxLodPixels>
		</Lod>
	</Region>
			<MultiGeometry>
				<Polygon><altitudeMode>relativeToGround</altitudeMode>
					<outerBoundaryIs>
						<LinearRing>
							<coordinates>								4.64676168081797,46.0190320023046,0 4.6473259605323,46.0190953158069,0 4.64742856775094,46.0191067941421,0 4.64745088116816,46.0191093519677,0 4.64750549088615,46.01911540330221,0 4.64747255819146,46.019090662806,0 4.64749412459624,46.019012169571,0 4.64745038085704,46.0190063205454,0 4.64747489312198,46.01888374085011,0 4.64720061286485,46.01885548327479,0 4.64714852075848,46.0188514667867,0 4.64688119751428,46.0188223867744,0 4.64676168081797,46.0190320023046,0 
							</coordinates>
						</LinearRing>
					</outerBoundaryIs>
				</Polygon>
			</MultiGeometry>
		</Placemark>
		<Placemark id="personne_morale.96024">
<styleUrl>#personne_morale</styleUrl>			<visibility>0</visibility>
			<ExtendedData>
				<SchemaData schemaUrl="#personne_morale">
					<SimpleData name="Numero de Parcelle">692150000B0759</SimpleData>
					<SimpleData name="Departement">69</SimpleData>
					<SimpleData name="Commune">SAINT-JULIEN</SimpleData>
					<SimpleData name="Adresse">LE TREMBLE</SimpleData>
					<SimpleData name="Groupe de personne">Personnes morales non remarquables</SimpleData>
					<SimpleData name="Forme Juridique Abregee">AUPM</SimpleData>
					<SimpleData name="Denomination">GFA DU CHATEAU DU TREMBLE</SimpleData>
				</SchemaData>
			</ExtendedData>
	<Region>
		<LatLonAltBox>
			<north> 46.0195047804834 </north>
			<south> 46.0190953158069 </south>
			<east> 4.6480617033366 </east>
			<west> 4.64722112654913 </west>
		</LatLonAltBox>
		<Lod>
			<minLodPixels>100</minLodPixels>
			<maxLodPixels>-1</maxLodPixels>
		</Lod>
	</Region>
			<MultiGeometry>
				<Polygon><altitudeMode>relativeToGround</altitudeMode>
					<outerBoundaryIs>
						<LinearRing>
							<coordinates>								4.64750549088615,46.01911540330221,0 4.64745088116816,46.0191093519677,0 4.64742856775094,46.0191067941421,0 4.6473259605323,46.0190953158069,0 4.64722112654913,46.0194454959132,0 4.64798180315161,46.0195047804834,0 4.64803341838847,46.01944539509599,0 4.6480617033366,46.0194013003918,0 4.64781523249193,46.0193476907789,0 4.64750549088615,46.01911540330221,0 
							</coordinates>
						</LinearRing>
					</outerBoundaryIs>
				</Polygon>
			</MultiGeometry>
		</Placemark>
		<Placemark id="personne_morale.96284">
<styleUrl>#personne_morale</styleUrl>			<visibility>0</visibility>
			<ExtendedData>
				<SchemaData schemaUrl="#personne_morale">
					<SimpleData name="Numero de Parcelle">692150000B0760</SimpleData>
					<SimpleData name="Departement">69</SimpleData>
					<SimpleData name="Commune">SAINT-JULIEN</SimpleData>
					<SimpleData name="Adresse">LE TREMBLE</SimpleData>
					<SimpleData name="Groupe de personne">Personnes morales non remarquables</SimpleData>
					<SimpleData name="Forme Juridique Abregee">AUPM</SimpleData>
					<SimpleData name="Denomination">GFA DU CHATEAU DU TREMBLE</SimpleData>
				</SchemaData>
			</ExtendedData>
	<Region>
		<LatLonAltBox>
			<north> 46.019012169571 </north>
			<south> 46.01888374085011 </south>
			<east> 4.64752793841162 </east>
			<west> 4.64745038085704 </west>
		</LatLonAltBox>
		<Lod>
			<minLodPixels>100</minLodPixels>
			<maxLodPixels>-1</maxLodPixels>
		</Lod>
	</Region>
			<MultiGeometry>
				<Polygon><altitudeMode>relativeToGround</altitudeMode>
					<outerBoundaryIs>
						<LinearRing>
							<coordinates>								4.64745038085704,46.0190063205454,0 4.64749412459624,46.019012169571,0 4.64752793841162,46.0188893645697,0 4.64747489312198,46.01888374085011,0 4.64745038085704,46.0190063205454,0 
							</coordinates>
						</LinearRing>
					</outerBoundaryIs>
				</Polygon>
			</MultiGeometry>
		</Placemark>
		<Placemark id="personne_morale.96334">
<styleUrl>#personne_morale</styleUrl>			<visibility>0</visibility>
			<ExtendedData>
				<SchemaData schemaUrl="#personne_morale">
					<SimpleData name="Numero de Parcelle">692150000B0762</SimpleData>
					<SimpleData name="Departement">69</SimpleData>
					<SimpleData name="Commune">SAINT-JULIEN</SimpleData>
					<SimpleData name="Adresse">LE TREMBLE</SimpleData>
					<SimpleData name="Groupe de personne">Personnes morales non remarquables</SimpleData>
					<SimpleData name="Forme Juridique Abregee">AUPM</SimpleData>
					<SimpleData name="Denomination">GFA DU CHATEAU DU TREMBLE</SimpleData>
				</SchemaData>
			</ExtendedData>
	<Region>
		<LatLonAltBox>
			<north> 46.0180041043814 </north>
			<south> 46.01675437790551 </south>
			<east> 4.6459099380172 </east>
			<west> 4.64442120964217 </west>
		</LatLonAltBox>
		<Lod>
			<minLodPixels>100</minLodPixels>
			<maxLodPixels>-1</maxLodPixels>
		</Lod>
	</Region>
			<MultiGeometry>
				<Polygon><altitudeMode>relativeToGround</altitudeMode>
					<outerBoundaryIs>
						<LinearRing>
							<coordinates>								4.6459099380172,46.01675437790551,0 4.64560378686857,46.0167623368248,0 4.64533411664936,46.01677111627589,0 4.64523226965948,46.0169750695066,0 4.64494962902985,46.0175530905973,0 4.64448425320929,46.017567140454,0 4.64442120964217,46.0177243245281,0 4.644854251204,46.0178221592997,0 4.64545310369873,46.0179655916218,0 4.64563550790428,46.0180041043814,0 4.6459099380172,46.01675437790551,0 
							</coordinates>
						</LinearRing>
					</outerBoundaryIs>
				</Polygon>
			</MultiGeometry>
		</Placemark>
		<Placemark id="personne_morale.96467">
<styleUrl>#personne_morale</styleUrl>			<visibility>0</visibility>
			<ExtendedData>
				<SchemaData schemaUrl="#personne_morale">
					<SimpleData name="Numero de Parcelle">692150000B0767</SimpleData>
					<SimpleData name="Departement">69</SimpleData>
					<SimpleData name="Commune">SAINT-JULIEN</SimpleData>
					<SimpleData name="Adresse">LE BOURG</SimpleData>
					<SimpleData name="Groupe de personne">Personnes morales non remarquables</SimpleData>
					<SimpleData name="Forme Juridique Abregee">SCI</SimpleData>
					<SimpleData name="Denomination">JRAC</SimpleData>
				</SchemaData>
			</ExtendedData>
	<Region>
		<LatLonAltBox>
			<north> 46.0250971563388 </north>
			<south> 46.0248641978791 </south>
			<east> 4.64990910492447 </east>
			<west> 4.64963982630848 </west>
		</LatLonAltBox>
		<Lod>
			<minLodPixels>100</minLodPixels>
			<maxLodPixels>-1</maxLodPixels>
		</Lod>
	</Region>
			<MultiGeometry>
				<Polygon><altitudeMode>relativeToGround</altitudeMode>
					<outerBoundaryIs>
						<LinearRing>
							<coordinates>								4.64967547104461,46.024885619795,0 4.64965998255321,46.02490376893291,0 4.64963982630848,46.02493441550671,0 4.64971257206336,46.02498451575531,0 4.64969922124618,46.0250006522686,0 4.64983257758146,46.0250971563388,0 4.64990110168031,46.0249418709142,0 4.64990910492447,46.02492419098439,0 4.64985067557414,46.0249073880635,0 4.64978229161183,46.0248863166438,0 4.6496868531381,46.0248641978791,0 4.64967547104461,46.024885619795,0 
							</coordinates>
						</LinearRing>
					</outerBoundaryIs>
				</Polygon>
			</MultiGeometry>
		</Placemark>
		<Placemark id="personne_morale.96801">
<styleUrl>#personne_morale</styleUrl>			<visibility>0</visibility>
			<ExtendedData>
				<SchemaData schemaUrl="#personne_morale">
					<SimpleData name="Numero de Parcelle">692150000B0770</SimpleData>
					<SimpleData name="Departement">69</SimpleData>
					<SimpleData name="Commune">SAINT-JULIEN</SimpleData>
					<SimpleData name="Adresse">LE BOURG</SimpleData>
					<SimpleData name="Groupe de personne">Personnes morales non remarquables</SimpleData>
					<SimpleData name="Forme Juridique Abregee">AUPM</SimpleData>
					<SimpleData name="Denomination">GFA DE LA RIGODIERE SAINT JULIEN</SimpleData>
				</SchemaData>
			</ExtendedData>
	<Region>
		<LatLonAltBox>
			<north> 46.0285776685829 </north>
			<south> 46.0275792615742 </south>
			<east> 4.65521760733531 </east>
			<west> 4.65404408709465 </west>
		</LatLonAltBox>
		<Lod>
			<minLodPixels>100</minLodPixels>
			<maxLodPixels>-1</maxLodPixels>
		</Lod>
	</Region>
			<MultiGeometry>
				<Polygon><altitudeMode>relativeToGround</altitudeMode>
					<outerBoundaryIs>
						<LinearRing>
							<coordinates>								4.65404408709465,46.0283908396237,0 4.65418034090679,46.0285057606484,0 4.65426448401981,46.0285776685829,0 4.65479189184428,46.0281984354621,0 4.65521760733531,46.0278948116453,0 4.65509204975862,46.0278173844866,0 4.65489114685961,46.0276982745653,0 4.65479222759905,46.02765954806681,0 4.65458486506819,46.0275792615742,0 4.65404408709465,46.0283908396237,0 
							</coordinates>
						</LinearRing>
					</outerBoundaryIs>
				</Polygon>
			</MultiGeometry>
		</Placemark>
		<Placemark id="personne_morale.96829">
<styleUrl>#personne_morale</styleUrl>			<visibility>0</visibility>
			<ExtendedData>
				<SchemaData schemaUrl="#personne_morale">
					<SimpleData name="Numero de Parcelle">692150000B0771</SimpleData>
					<SimpleData name="Departement">69</SimpleData>
					<SimpleData name="Commune">SAINT-JULIEN</SimpleData>
					<SimpleData name="Adresse">LE BOURG</SimpleData>
					<SimpleData name="Groupe de personne">Personnes morales non remarquables</SimpleData>
					<SimpleData name="Forme Juridique Abregee">AUPM</SimpleData>
					<SimpleData name="Denomination">GFA DE LA RIGODIERE SAINT JULIEN</SimpleData>
				</SchemaData>
			</ExtendedData>
	<Region>
		<LatLonAltBox>
			<north> 46.0268902522449 </north>
			<south> 46.0266654705658 </south>
			<east> 4.65323520440204 </east>
			<west> 4.65293812181201 </west>
		</LatLonAltBox>
		<Lod>
			<minLodPixels>100</minLodPixels>
			<maxLodPixels>-1</maxLodPixels>
		</Lod>
	</Region>
			<MultiGeometry>
				<Polygon><altitudeMode>relativeToGround</altitudeMode>
					<outerBoundaryIs>
						<LinearRing>
							<coordinates>								4.65317012785262,46.0268902522449,0 4.65323520440204,46.0267753658643,0 4.65304454263008,46.0266654705658,0 4.65293812181201,46.0268244630751,0 4.65317012785262,46.0268902522449,0 
							</coordinates>
						</LinearRing>
					</outerBoundaryIs>
				</Polygon>
			</MultiGeometry>
		</Placemark>
		<Placemark id="personne_morale.99236">
<styleUrl>#personne_morale</styleUrl>			<visibility>0</visibility>
			<ExtendedData>
				<SchemaData schemaUrl="#personne_morale">
					<SimpleData name="Numero de Parcelle">692150000B0082</SimpleData>
					<SimpleData name="Departement">69</SimpleData>
					<SimpleData name="Commune">SAINT-JULIEN</SimpleData>
					<SimpleData name="Adresse">18, IMP DU MARVERAND</SimpleData>
					<SimpleData name="Groupe de personne">Personnes morales non remarquables</SimpleData>
					<SimpleData name="Forme Juridique Abregee">SCI</SimpleData>
					<SimpleData name="Denomination">SCI DU MAZERAND</SimpleData>
				</SchemaData>
			</ExtendedData>
	<Region>
		<LatLonAltBox>
			<north> 46.0260316006923 </north>
			<south> 46.0256915958485 </south>
			<east> 4.65287478583427 </east>
			<west> 4.65255530645867 </west>
		</LatLonAltBox>
		<Lod>
			<minLodPixels>100</minLodPixels>
			<maxLodPixels>-1</maxLodPixels>
		</Lod>
	</Region>
			<MultiGeometry>
				<Polygon><altitudeMode>relativeToGround</altitudeMode>
					<outerBoundaryIs>
						<LinearRing>
							<coordinates>								4.65257358679909,46.02577345076689,0 4.65255530645867,46.0257890290196,0 4.65268864690415,46.0258202301085,0 4.65260781480397,46.0259830824269,0 4.65260549444474,46.025987619705,0 4.65273179881006,46.0260127085892,0 4.65281688415159,46.0260301120947,0 4.65282597990375,46.0260316006923,0 4.65287478583427,46.0259045222761,0 4.65287423449128,46.02589047956761,0 4.65286713233147,46.02587788342581,0 4.65285381567943,46.0258650176356,0 4.65284096315391,46.0258589903121,0 4.65281580276953,46.02585215171429,0 4.65279872851797,46.02584762705349,0 4.65282641813096,46.0258052511506,0 4.6528404918267,46.02576586594009,0 4.65281301260046,46.0257550080577,0 4.65275467430275,46.0257283877702,0 4.65271757641103,46.02571154544291,0 4.65267120490909,46.0256915958485,0 4.65257358679909,46.02577345076689,0 
							</coordinates>
						</LinearRing>
					</outerBoundaryIs>
				</Polygon>
			</MultiGeometry>
		</Placemark>
		<Placemark id="personne_morale.100502">
<styleUrl>#personne_morale</styleUrl>			<visibility>0</visibility>
			<ExtendedData>
				<SchemaData schemaUrl="#personne_morale">
					<SimpleData name="Numero de Parcelle">692150000B0844</SimpleData>
					<SimpleData name="Departement">69</SimpleData>
					<SimpleData name="Commune">SAINT-JULIEN</SimpleData>
					<SimpleData name="Adresse">90, PL CLAUDE BERNARD</SimpleData>
					<SimpleData name="Groupe de personne">Personnes morales non remarquables</SimpleData>
					<SimpleData name="Forme Juridique Abregee">SCI</SimpleData>
					<SimpleData name="Denomination">SCI SOLIER-JANIN</SimpleData>
				</SchemaData>
			</ExtendedData>
	<Region>
		<LatLonAltBox>
			<north> 46.0252038845288 </north>
			<south> 46.0250741727274 </south>
			<east> 4.65316935044659 </east>
			<west> 4.65293745895592 </west>
		</LatLonAltBox>
		<Lod>
			<minLodPixels>100</minLodPixels>
			<maxLodPixels>-1</maxLodPixels>
		</Lod>
	</Region>
			<MultiGeometry>
				<Polygon><altitudeMode>relativeToGround</altitudeMode>
					<outerBoundaryIs>
						<LinearRing>
							<coordinates>								4.65314594305159,46.0252038845288,0 4.65315531495846,46.0251629466128,0 4.65316258446426,46.0251251917736,0 4.65316935044659,46.02510509778521,0 4.6530784403893,46.0250917425513,0 4.65300440751463,46.0250806630259,0 4.65296154411167,46.0250741727274,0 4.65293745895592,46.0251805350956,0 4.65305562286585,46.025192952531,0 4.65314594305159,46.0252038845288,0 
							</coordinates>
						</LinearRing>
					</outerBoundaryIs>
				</Polygon>
			</MultiGeometry>
		</Placemark>
		<Placemark id="personne_morale.100963">
<styleUrl>#personne_morale</styleUrl>			<visibility>0</visibility>
			<ExtendedData>
				<SchemaData schemaUrl="#personne_morale">
					<SimpleData name="Numero de Parcelle">692150000B0853</SimpleData>
					<SimpleData name="Departement">69</SimpleData>
					<SimpleData name="Commune">SAINT-JULIEN</SimpleData>
					<SimpleData name="Adresse">1, VOIE DU TACOT</SimpleData>
					<SimpleData name="Groupe de personne">Personnes morales non remarquables</SimpleData>
					<SimpleData name="Forme Juridique Abregee">AUPM</SimpleData>
					<SimpleData name="Denomination">INDIVISAIRES DE LA PARCELLE B853</SimpleData>
				</SchemaData>
			</ExtendedData>
	<Region>
		<LatLonAltBox>
			<north> 46.02651344582129 </north>
			<south> 46.0259259639216 </south>
			<east> 4.65140547144598 </east>
			<west> 4.65113838176498 </west>
		</LatLonAltBox>
		<Lod>
			<minLodPixels>100</minLodPixels>
			<maxLodPixels>-1</maxLodPixels>
		</Lod>
	</Region>
			<MultiGeometry>
				<Polygon><altitudeMode>relativeToGround</altitudeMode>
					<outerBoundaryIs>
						<LinearRing>
							<coordinates>								4.65135078061587,46.02651344582129,0 4.65131966485047,46.0264676037712,0 4.65128083787702,46.026401788703,0 4.65125992932972,46.0263513845521,0 4.6512445783238,46.0263008994304,0 4.65123496494236,46.0262477187196,0 4.65123513339819,46.0262145709236,0 4.65124210633699,46.0261841161286,0 4.65125723785324,46.0261540828835,0 4.65140547144598,46.025940621596,0 4.65133585585733,46.0259259639216,0 4.65129781576391,46.0259767765799,0 4.65125784116868,46.0260406773937,0 4.65124726143119,46.0260586651656,0 4.65122406207357,46.02610421772449,0 4.651203471883,46.0261505428858,0 4.65119252480012,46.026182136402,0 4.65117667583776,46.02624856791,0 4.65117106686924,46.02631584099411,0 4.65118093919013,46.02637334124261,0 4.65113838176498,46.0264588961614,0 4.65118411964814,46.0264706593481,0 4.65127116601176,46.0264930793042,0 4.65135078061587,46.02651344582129,0 
							</coordinates>
						</LinearRing>
					</outerBoundaryIs>
				</Polygon>
			</MultiGeometry>
		</Placemark>
		<Placemark id="personne_morale.101022">
<styleUrl>#personne_morale</styleUrl>			<visibility>0</visibility>
			<ExtendedData>
				<SchemaData schemaUrl="#personne_morale">
					<SimpleData name="Numero de Parcelle">692150000B0856</SimpleData>
					<SimpleData name="Departement">69</SimpleData>
					<SimpleData name="Commune">SAINT-JULIEN</SimpleData>
					<SimpleData name="Adresse">LE BOURG</SimpleData>
					<SimpleData name="Groupe de personne">Personnes morales non remarquables</SimpleData>
					<SimpleData name="Forme Juridique Abregee">SARL</SimpleData>
					<SimpleData name="Denomination">IMMOBILIERE DU GRAND LYON</SimpleData>
				</SchemaData>
			</ExtendedData>
	<Region>
		<LatLonAltBox>
			<north> 46.02463880205669 </north>
			<south> 46.02423258603769 </south>
			<east> 4.65885374443182 </east>
			<west> 4.65840414746657 </west>
		</LatLonAltBox>
		<Lod>
			<minLodPixels>100</minLodPixels>
			<maxLodPixels>-1</maxLodPixels>
		</Lod>
	</Region>
			<MultiGeometry>
				<Polygon><altitudeMode>relativeToGround</altitudeMode>
					<outerBoundaryIs>
						<LinearRing>
							<coordinates>								4.65840695095528,46.0245431077153,0 4.65840414746657,46.02463880205669,0 4.65857007818025,46.02463592359959,0 4.65875772121006,46.024632727127,0 4.65880275856168,46.0245998232467,0 4.65879747446182,46.0244460626506,0 4.65873208463358,46.0244471998204,0 4.65873725875203,46.0242629328929,0 4.65885206661583,46.0242626936581,0 4.65885374443182,46.02423258603769,0 4.65872048801671,46.0242341761082,0 4.65863772174661,46.02423790933319,0 4.6586509291472,46.02431571583901,0 4.65864664094166,46.0244693463178,0 4.65864266872523,46.0244876884661,0 4.65863231759954,46.02450459279351,0 4.65861608279801,46.0245193314984,0 4.65859521870542,46.0245306252544,0 4.65857074295162,46.0245379187529,0 4.65854458056368,46.0245407334757,0 4.65840940651302,46.02454307178401,0 4.65840695095528,46.0245431077153,0 
							</coordinates>
						</LinearRing>
					</outerBoundaryIs>
				</Polygon>
			</MultiGeometry>
		</Placemark>
		<Placemark id="personne_morale.101502">
<styleUrl>#personne_morale</styleUrl>			<visibility>0</visibility>
			<ExtendedData>
				<SchemaData schemaUrl="#personne_morale">
					<SimpleData name="Numero de Parcelle">692150000B0867</SimpleData>
					<SimpleData name="Departement">69</SimpleData>
					<SimpleData name="Commune">SAINT-JULIEN</SimpleData>
					<SimpleData name="Adresse">LE BOURG</SimpleData>
					<SimpleData name="Groupe de personne">Personnes morales non remarquables</SimpleData>
					<SimpleData name="Forme Juridique Abregee">SARL</SimpleData>
					<SimpleData name="Denomination">IMMOBILIERE DU GRAND LYON</SimpleData>
				</SchemaData>
			</ExtendedData>
	<Region>
		<LatLonAltBox>
			<north> 46.0243055311462 </north>
			<south> 46.0242343064062 </south>
			<east> 4.65922635668366 </east>
			<west> 4.65886543297935 </west>
		</LatLonAltBox>
		<Lod>
			<minLodPixels>100</minLodPixels>
			<maxLodPixels>-1</maxLodPixels>
		</Lod>
	</Region>
			<MultiGeometry>
				<Polygon><altitudeMode>relativeToGround</altitudeMode>
					<outerBoundaryIs>
						<LinearRing>
							<coordinates>								4.65922366348622,46.0243055311462,0 4.65922635668366,46.0242876580444,0 4.65886543297935,46.0242343064062,0 4.65903048732277,46.02426242383891,0 4.65922366348622,46.0243055311462,0 
							</coordinates>
						</LinearRing>
					</outerBoundaryIs>
				</Polygon>
			</MultiGeometry>
		</Placemark>
		<Placemark id="personne_morale.101538">
<styleUrl>#personne_morale</styleUrl>			<visibility>0</visibility>
			<ExtendedData>
				<SchemaData schemaUrl="#personne_morale">
					<SimpleData name="Numero de Parcelle">692150000B0869</SimpleData>
					<SimpleData name="Departement">69</SimpleData>
					<SimpleData name="Commune">SAINT-JULIEN</SimpleData>
					<SimpleData name="Adresse">LE BOURG</SimpleData>
					<SimpleData name="Groupe de personne">Personnes morales non remarquables</SimpleData>
					<SimpleData name="Forme Juridique Abregee">SARL</SimpleData>
					<SimpleData name="Denomination">IMMOBILIERE DU GRAND LYON</SimpleData>
				</SchemaData>
			</ExtendedData>
	<Region>
		<LatLonAltBox>
			<north> 46.0242626936581 </north>
			<south> 46.02423258603769 </south>
			<east> 4.65903048732277 </east>
			<west> 4.65885206661583 </west>
		</LatLonAltBox>
		<Lod>
			<minLodPixels>100</minLodPixels>
			<maxLodPixels>-1</maxLodPixels>
		</Lod>
	</Region>
			<MultiGeometry>
				<Polygon><altitudeMode>relativeToGround</altitudeMode>
					<outerBoundaryIs>
						<LinearRing>
							<coordinates>								4.65886543297935,46.0242343064062,0 4.65885374443182,46.02423258603769,0 4.65885206661583,46.0242626936581,0 4.65903048732277,46.02426242383891,0 4.65886543297935,46.0242343064062,0 
							</coordinates>
						</LinearRing>
					</outerBoundaryIs>
				</Polygon>
			</MultiGeometry>
		</Placemark>
		<Placemark id="personne_morale.101899">
<styleUrl>#personne_morale</styleUrl>			<visibility>0</visibility>
			<ExtendedData>
				<SchemaData schemaUrl="#personne_morale">
					<SimpleData name="Numero de Parcelle">692150000B0875</SimpleData>
					<SimpleData name="Departement">69</SimpleData>
					<SimpleData name="Commune">SAINT-JULIEN</SimpleData>
					<SimpleData name="Adresse">LE BOURG</SimpleData>
					<SimpleData name="Groupe de personne">Personnes morales non remarquables</SimpleData>
					<SimpleData name="Forme Juridique Abregee">SARL</SimpleData>
					<SimpleData name="Denomination">IMMOBILIERE DU GRAND LYON</SimpleData>
				</SchemaData>
			</ExtendedData>
	<Region>
		<LatLonAltBox>
			<north> 46.02464740337389 </north>
			<south> 46.0245282025863 </south>
			<east> 4.6579508029741 </east>
			<west> 4.65785302633278 </west>
		</LatLonAltBox>
		<Lod>
			<minLodPixels>100</minLodPixels>
			<maxLodPixels>-1</maxLodPixels>
		</Lod>
	</Region>
			<MultiGeometry>
				<Polygon><altitudeMode>relativeToGround</altitudeMode>
					<outerBoundaryIs>
						<LinearRing>
							<coordinates>								4.6579508029741,46.0246464254969,0 4.65794206717215,46.0245282025863,0 4.65790523652504,46.0245288314267,0 4.65785302633278,46.0245296852238,0 4.6578534388379,46.0245433696817,0 4.65785493212062,46.0245843292451,0 4.6578560285186,46.02462070109361,0 4.65789626906227,46.02464740337389,0 4.6579508029741,46.0246464254969,0 
							</coordinates>
						</LinearRing>
					</outerBoundaryIs>
				</Polygon>
			</MultiGeometry>
		</Placemark>
		<Placemark id="personne_morale.101978">
<styleUrl>#personne_morale</styleUrl>			<visibility>0</visibility>
			<ExtendedData>
				<SchemaData schemaUrl="#personne_morale">
					<SimpleData name="Numero de Parcelle">692150000B0879</SimpleData>
					<SimpleData name="Departement">69</SimpleData>
					<SimpleData name="Commune">SAINT-JULIEN</SimpleData>
					<SimpleData name="Adresse">LE BOURG</SimpleData>
					<SimpleData name="Groupe de personne">Personnes morales non remarquables</SimpleData>
					<SimpleData name="Forme Juridique Abregee">SARL</SimpleData>
					<SimpleData name="Denomination">IMMOBILIERE DU GRAND LYON</SimpleData>
				</SchemaData>
			</ExtendedData>
	<Region>
		<LatLonAltBox>
			<north> 46.0249522590013 </north>
			<south> 46.02452722090591 </south>
			<east> 4.65840695095528 </east>
			<west> 4.65794206717215 </west>
		</LatLonAltBox>
		<Lod>
			<minLodPixels>100</minLodPixels>
			<maxLodPixels>-1</maxLodPixels>
		</Lod>
	</Region>
			<MultiGeometry>
				<Polygon><altitudeMode>relativeToGround</altitudeMode>
					<outerBoundaryIs>
						<LinearRing>
							<coordinates>								4.65794206717215,46.0245282025863,0 4.6579508029741,46.0246464254969,0 4.65801192813087,46.0246453511698,0 4.65828034358458,46.02464088376319,0 4.6582890252355,46.0249416773852,0 4.65834145133412,46.0249522590013,0 4.65833242463563,46.0246400316603,0 4.65840414746657,46.02463880205669,0 4.65840695095528,46.0245431077153,0 4.65816619332755,46.02454717078489,0 4.65803890016527,46.0245493032804,0 4.65799685944469,46.02452722090591,0 4.65794206717215,46.0245282025863,0 
							</coordinates>
						</LinearRing>
					</outerBoundaryIs>
				</Polygon>
			</MultiGeometry>
		</Placemark>
		<Placemark id="personne_morale.103395">
<styleUrl>#personne_morale</styleUrl>			<visibility>0</visibility>
			<ExtendedData>
				<SchemaData schemaUrl="#personne_morale">
					<SimpleData name="Numero de Parcelle">692150000B0904</SimpleData>
					<SimpleData name="Departement">69</SimpleData>
					<SimpleData name="Commune">SAINT-JULIEN</SimpleData>
					<SimpleData name="Adresse">VARENNES</SimpleData>
					<SimpleData name="Groupe de personne">Personnes morales non remarquables</SimpleData>
					<SimpleData name="Forme Juridique Abregee">SNC</SimpleData>
					<SimpleData name="Denomination">LE CLOS SAINT JULIEN</SimpleData>
				</SchemaData>
			</ExtendedData>
	<Region>
		<LatLonAltBox>
			<north> 46.0257781637613 </north>
			<south> 46.02553526005759 </south>
			<east> 4.65025160878408 </east>
			<west> 4.64995796883754 </west>
		</LatLonAltBox>
		<Lod>
			<minLodPixels>100</minLodPixels>
			<maxLodPixels>-1</maxLodPixels>
		</Lod>
	</Region>
			<MultiGeometry>
				<Polygon><altitudeMode>relativeToGround</altitudeMode>
					<outerBoundaryIs>
						<LinearRing>
							<coordinates>								4.65010501179174,46.0257781637613,0 4.65025160878408,46.0255617555865,0 4.6501846126839,46.02553526005759,0 4.65019200010655,46.0255530761974,0 4.65010769201429,46.0256778781235,0 4.65003637674277,46.0257056668285,0 4.64998557725435,46.0256889330233,0 4.64995796883754,46.0257297758492,0 4.6500283546862,46.0257528896178,0 4.65010501179174,46.0257781637613,0 
							</coordinates>
						</LinearRing>
					</outerBoundaryIs>
				</Polygon>
			</MultiGeometry>
		</Placemark>
		<Placemark id="personne_morale.103437">
<styleUrl>#personne_morale</styleUrl>			<visibility>0</visibility>
			<ExtendedData>
				<SchemaData schemaUrl="#personne_morale">
					<SimpleData name="Numero de Parcelle">692150000B0906</SimpleData>
					<SimpleData name="Departement">69</SimpleData>
					<SimpleData name="Commune">SAINT-JULIEN</SimpleData>
					<SimpleData name="Adresse">VARENNES</SimpleData>
					<SimpleData name="Groupe de personne">Personnes morales non remarquables</SimpleData>
					<SimpleData name="Forme Juridique Abregee">SNC</SimpleData>
					<SimpleData name="Denomination">LE CLOS SAINT JULIEN</SimpleData>
				</SchemaData>
			</ExtendedData>
	<Region>
		<LatLonAltBox>
			<north> 46.0255617555865 </north>
			<south> 46.02552800718391 </south>
			<east> 4.65025585985328 </east>
			<west> 4.6501816797828 </west>
		</LatLonAltBox>
		<Lod>
			<minLodPixels>100</minLodPixels>
			<maxLodPixels>-1</maxLodPixels>
		</Lod>
	</Region>
			<MultiGeometry>
				<Polygon><altitudeMode>relativeToGround</altitudeMode>
					<outerBoundaryIs>
						<LinearRing>
							<coordinates>								4.6501846126839,46.02553526005759,0 4.65025160878408,46.0255617555865,0 4.65025585985328,46.02555692004071,0 4.6501816797828,46.02552800718391,0 4.6501846126839,46.02553526005759,0 
							</coordinates>
						</LinearRing>
					</outerBoundaryIs>
				</Polygon>
			</MultiGeometry>
		</Placemark>
		<Placemark id="personne_morale.103452">
<styleUrl>#personne_morale</styleUrl>			<visibility>0</visibility>
			<ExtendedData>
				<SchemaData schemaUrl="#personne_morale">
					<SimpleData name="Numero de Parcelle">692150000B0907</SimpleData>
					<SimpleData name="Departement">69</SimpleData>
					<SimpleData name="Commune">SAINT-JULIEN</SimpleData>
					<SimpleData name="Adresse">VARENNES</SimpleData>
					<SimpleData name="Groupe de personne">Personnes morales non remarquables</SimpleData>
					<SimpleData name="Forme Juridique Abregee">SNC</SimpleData>
					<SimpleData name="Denomination">LE CLOS SAINT JULIEN</SimpleData>
				</SchemaData>
			</ExtendedData>
	<Region>
		<LatLonAltBox>
			<north> 46.02552800718391 </north>
			<south> 46.0254068685589 </south>
			<east> 4.6501816797828 </east>
			<west> 4.64989100265359 </west>
		</LatLonAltBox>
		<Lod>
			<minLodPixels>100</minLodPixels>
			<maxLodPixels>-1</maxLodPixels>
		</Lod>
	</Region>
			<MultiGeometry>
				<Polygon><altitudeMode>relativeToGround</altitudeMode>
					<outerBoundaryIs>
						<LinearRing>
							<coordinates>								4.64989682045539,46.0254068685589,0 4.64989100265359,46.0254155097892,0 4.64993860902019,46.0254378743848,0 4.64994083274527,46.02543441939691,0 4.6501816797828,46.02552800718391,0 4.65017024989208,46.0255004323971,0 4.64989682045539,46.0254068685589,0 
							</coordinates>
						</LinearRing>
					</outerBoundaryIs>
				</Polygon>
			</MultiGeometry>
		</Placemark>
		<Placemark id="personne_morale.103461">
<styleUrl>#personne_morale</styleUrl>			<visibility>0</visibility>
			<ExtendedData>
				<SchemaData schemaUrl="#personne_morale">
					<SimpleData name="Numero de Parcelle">692150000B0908</SimpleData>
					<SimpleData name="Departement">69</SimpleData>
					<SimpleData name="Commune">SAINT-JULIEN</SimpleData>
					<SimpleData name="Adresse">VARENNES</SimpleData>
					<SimpleData name="Groupe de personne">Personnes morales non remarquables</SimpleData>
					<SimpleData name="Forme Juridique Abregee">SNC</SimpleData>
					<SimpleData name="Denomination">LE CLOS SAINT JULIEN</SimpleData>
				</SchemaData>
			</ExtendedData>
	<Region>
		<LatLonAltBox>
			<north> 46.02555692004071 </north>
			<south> 46.0255004323971 </south>
			<east> 4.65027461948765 </east>
			<west> 4.65017024989208 </west>
		</LatLonAltBox>
		<Lod>
			<minLodPixels>100</minLodPixels>
			<maxLodPixels>-1</maxLodPixels>
		</Lod>
	</Region>
			<MultiGeometry>
				<Polygon><altitudeMode>relativeToGround</altitudeMode>
					<outerBoundaryIs>
						<LinearRing>
							<coordinates>								4.65025585985328,46.02555692004071,0 4.65027461948765,46.0255357509201,0 4.65017024989208,46.0255004323971,0 4.6501816797828,46.02552800718391,0 4.65025585985328,46.02555692004071,0 
							</coordinates>
						</LinearRing>
					</outerBoundaryIs>
				</Polygon>
			</MultiGeometry>
		</Placemark>
		<Placemark id="personne_morale.103483">
<styleUrl>#personne_morale</styleUrl>			<visibility>0</visibility>
			<ExtendedData>
				<SchemaData schemaUrl="#personne_morale">
					<SimpleData name="Numero de Parcelle">692150000B0909</SimpleData>
					<SimpleData name="Departement">69</SimpleData>
					<SimpleData name="Commune">SAINT-JULIEN</SimpleData>
					<SimpleData name="Adresse">VARENNES</SimpleData>
					<SimpleData name="Groupe de personne">Personnes morales non remarquables</SimpleData>
					<SimpleData name="Forme Juridique Abregee">SNC</SimpleData>
					<SimpleData name="Denomination">LE CLOS SAINT JULIEN</SimpleData>
				</SchemaData>
			</ExtendedData>
	<Region>
		<LatLonAltBox>
			<north> 46.0255004323971 </north>
			<south> 46.02537885161011 </south>
			<east> 4.65017024989208 </east>
			<west> 4.64989682045539 </west>
		</LatLonAltBox>
		<Lod>
			<minLodPixels>100</minLodPixels>
			<maxLodPixels>-1</maxLodPixels>
		</Lod>
	</Region>
			<MultiGeometry>
				<Polygon><altitudeMode>relativeToGround</altitudeMode>
					<outerBoundaryIs>
						<LinearRing>
							<coordinates>								4.65016452684708,46.02548637491471,0 4.64991576263485,46.02537885161011,0 4.64989682045539,46.0254068685589,0 4.65017024989208,46.0255004323971,0 4.65016452684708,46.02548637491471,0 
							</coordinates>
						</LinearRing>
					</outerBoundaryIs>
				</Polygon>
			</MultiGeometry>
		</Placemark>
		<Placemark id="personne_morale.103748">
<styleUrl>#personne_morale</styleUrl>			<visibility>0</visibility>
			<ExtendedData>
				<SchemaData schemaUrl="#personne_morale">
					<SimpleData name="Numero de Parcelle">692150000B0910</SimpleData>
					<SimpleData name="Departement">69</SimpleData>
					<SimpleData name="Commune">SAINT-JULIEN</SimpleData>
					<SimpleData name="Adresse">VARENNES</SimpleData>
					<SimpleData name="Groupe de personne">Personnes morales non remarquables</SimpleData>
					<SimpleData name="Forme Juridique Abregee">SNC</SimpleData>
					<SimpleData name="Denomination">LE CLOS SAINT JULIEN</SimpleData>
				</SchemaData>
			</ExtendedData>
	<Region>
		<LatLonAltBox>
			<north> 46.0255357509201 </north>
			<south> 46.02548637491471 </south>
			<east> 4.65027574214764 </east>
			<west> 4.65016452684708 </west>
		</LatLonAltBox>
		<Lod>
			<minLodPixels>100</minLodPixels>
			<maxLodPixels>-1</maxLodPixels>
		</Lod>
	</Region>
			<MultiGeometry>
				<Polygon><altitudeMode>relativeToGround</altitudeMode>
					<outerBoundaryIs>
						<LinearRing>
							<coordinates>								4.65027461948765,46.0255357509201,0 4.65027574214764,46.0255343835409,0 4.65016452684708,46.02548637491471,0 4.65017024989208,46.0255004323971,0 4.65027461948765,46.0255357509201,0 
							</coordinates>
						</LinearRing>
					</outerBoundaryIs>
				</Polygon>
			</MultiGeometry>
		</Placemark>
		<Placemark id="personne_morale.103823">
<styleUrl>#personne_morale</styleUrl>			<visibility>0</visibility>
			<ExtendedData>
				<SchemaData schemaUrl="#personne_morale">
					<SimpleData name="Numero de Parcelle">692150000B0914</SimpleData>
					<SimpleData name="Departement">69</SimpleData>
					<SimpleData name="Commune">SAINT-JULIEN</SimpleData>
					<SimpleData name="Adresse">VARENNES</SimpleData>
					<SimpleData name="Groupe de personne">Personnes morales non remarquables</SimpleData>
					<SimpleData name="Forme Juridique Abregee">SNC</SimpleData>
					<SimpleData name="Denomination">LE CLOS SAINT JULIEN</SimpleData>
				</SchemaData>
			</ExtendedData>
	<Region>
		<LatLonAltBox>
			<north> 46.025810852966 </north>
			<south> 46.02555692004071 </south>
			<east> 4.65029406063653 </east>
			<west> 4.65010501179174 </west>
		</LatLonAltBox>
		<Lod>
			<minLodPixels>100</minLodPixels>
			<maxLodPixels>-1</maxLodPixels>
		</Lod>
	</Region>
			<MultiGeometry>
				<Polygon><altitudeMode>relativeToGround</altitudeMode>
					<outerBoundaryIs>
						<LinearRing>
							<coordinates>								4.65025585985328,46.02555692004071,0 4.65025160878408,46.0255617555865,0 4.65010501179174,46.0257781637613,0 4.65020438959102,46.025810852966,0 4.65023186592107,46.0257699219325,0 4.65018158868857,46.0257533607471,0 4.65016100741376,46.0257052033668,0 4.65024927559549,46.0255744892652,0 4.65028316005406,46.0255876863551,0 4.65029406063653,46.0255717655878,0 4.65025585985328,46.02555692004071,0 
							</coordinates>
						</LinearRing>
					</outerBoundaryIs>
				</Polygon>
			</MultiGeometry>
		</Placemark>
		<Placemark id="personne_morale.103841">
<styleUrl>#personne_morale</styleUrl>			<visibility>0</visibility>
			<ExtendedData>
				<SchemaData schemaUrl="#personne_morale">
					<SimpleData name="Numero de Parcelle">692150000B0915</SimpleData>
					<SimpleData name="Departement">69</SimpleData>
					<SimpleData name="Commune">SAINT-JULIEN</SimpleData>
					<SimpleData name="Adresse">VARENNES</SimpleData>
					<SimpleData name="Groupe de personne">Personnes morales non remarquables</SimpleData>
					<SimpleData name="Forme Juridique Abregee">SNC</SimpleData>
					<SimpleData name="Denomination">LE CLOS SAINT JULIEN</SimpleData>
				</SchemaData>
			</ExtendedData>
	<Region>
		<LatLonAltBox>
			<north> 46.0255717655878 </north>
			<south> 46.0255357509201 </south>
			<east> 4.65031015166259 </east>
			<west> 4.65025585985328 </west>
		</LatLonAltBox>
		<Lod>
			<minLodPixels>100</minLodPixels>
			<maxLodPixels>-1</maxLodPixels>
		</Lod>
	</Region>
			<MultiGeometry>
				<Polygon><altitudeMode>relativeToGround</altitudeMode>
					<outerBoundaryIs>
						<LinearRing>
							<coordinates>								4.65027461948765,46.0255357509201,0 4.65025585985328,46.02555692004071,0 4.65029406063653,46.0255717655878,0 4.65031015166259,46.0255478431839,0 4.65027461948765,46.0255357509201,0 
							</coordinates>
						</LinearRing>
					</outerBoundaryIs>
				</Polygon>
			</MultiGeometry>
		</Placemark>
		<Placemark id="personne_morale.103856">
<styleUrl>#personne_morale</styleUrl>			<visibility>0</visibility>
			<ExtendedData>
				<SchemaData schemaUrl="#personne_morale">
					<SimpleData name="Numero de Parcelle">692150000B0916</SimpleData>
					<SimpleData name="Departement">69</SimpleData>
					<SimpleData name="Commune">SAINT-JULIEN</SimpleData>
					<SimpleData name="Adresse">VARENNES</SimpleData>
					<SimpleData name="Groupe de personne">Personnes morales non remarquables</SimpleData>
					<SimpleData name="Forme Juridique Abregee">SNC</SimpleData>
					<SimpleData name="Denomination">LE CLOS SAINT JULIEN</SimpleData>
				</SchemaData>
			</ExtendedData>
	<Region>
		<LatLonAltBox>
			<north> 46.0255478431839 </north>
			<south> 46.0255343835409 </south>
			<east> 4.65031015166259 </east>
			<west> 4.65027461948765 </west>
		</LatLonAltBox>
		<Lod>
			<minLodPixels>100</minLodPixels>
			<maxLodPixels>-1</maxLodPixels>
		</Lod>
	</Region>
			<MultiGeometry>
				<Polygon><altitudeMode>relativeToGround</altitudeMode>
					<outerBoundaryIs>
						<LinearRing>
							<coordinates>								4.65031015166259,46.0255478431839,0 4.65027574214764,46.0255343835409,0 4.65027461948765,46.0255357509201,0 4.65031015166259,46.0255478431839,0 
							</coordinates>
						</LinearRing>
					</outerBoundaryIs>
				</Polygon>
			</MultiGeometry>
		</Placemark>
		<Placemark id="personne_morale.103911">
<styleUrl>#personne_morale</styleUrl>			<visibility>0</visibility>
			<ExtendedData>
				<SchemaData schemaUrl="#personne_morale">
					<SimpleData name="Numero de Parcelle">692150000B0092</SimpleData>
					<SimpleData name="Departement">69</SimpleData>
					<SimpleData name="Commune">SAINT-JULIEN</SimpleData>
					<SimpleData name="Adresse">41, RTE DE LA CIME DES PRES</SimpleData>
					<SimpleData name="Groupe de personne">Personnes morales non remarquables</SimpleData>
					<SimpleData name="Forme Juridique Abregee">AUPM</SimpleData>
					<SimpleData name="Denomination">GFA DE LA RIGODIERE SAINT JULIEN</SimpleData>
				</SchemaData>
			</ExtendedData>
	<Region>
		<LatLonAltBox>
			<north> 46.0267912709481 </north>
			<south> 46.0264459195775 </south>
			<east> 4.65354579604939 </east>
			<west> 4.65292822540401 </west>
		</LatLonAltBox>
		<Lod>
			<minLodPixels>100</minLodPixels>
			<maxLodPixels>-1</maxLodPixels>
		</Lod>
	</Region>
			<MultiGeometry>
				<Polygon><altitudeMode>relativeToGround</altitudeMode>
					<outerBoundaryIs>
						<LinearRing>
							<coordinates>								4.65292822540401,46.0265984443867,0 4.65304454263008,46.0266654705658,0 4.65323520440204,46.0267753658643,0 4.65326244804639,46.0267912709481,0 4.65341984856762,46.026710885151,0 4.65354579604939,46.02661222367101,0 4.65350018537422,46.0265574066302,0 4.65348765201887,46.0265620028526,0 4.65342566255671,46.0264913924598,0 4.6533816260354,46.0264459195775,0 4.65329602136271,46.02650589325499,0 4.65328787216133,46.0265143885358,0 4.65325531123,46.0265366601706,0 4.65320320717608,46.0265755193288,0 4.65314752307718,46.0265512023057,0 4.65307011714629,46.0265226085561,0 4.65303632550898,46.02650824003189,0 4.65292822540401,46.0265984443867,0 
							</coordinates>
						</LinearRing>
					</outerBoundaryIs>
				</Polygon>
			</MultiGeometry>
		</Placemark>
		<Placemark id="personne_morale.104141">
<styleUrl>#personne_morale</styleUrl>			<visibility>0</visibility>
			<ExtendedData>
				<SchemaData schemaUrl="#personne_morale">
					<SimpleData name="Numero de Parcelle">692150000B0922</SimpleData>
					<SimpleData name="Departement">69</SimpleData>
					<SimpleData name="Commune">SAINT-JULIEN</SimpleData>
					<SimpleData name="Adresse">VARENNES</SimpleData>
					<SimpleData name="Groupe de personne">Personnes morales non remarquables</SimpleData>
					<SimpleData name="Forme Juridique Abregee">SNC</SimpleData>
					<SimpleData name="Denomination">LE CLOS SAINT JULIEN</SimpleData>
				</SchemaData>
			</ExtendedData>
	<Region>
		<LatLonAltBox>
			<north> 46.0260759866732 </north>
			<south> 46.0259803789227 </south>
			<east> 4.65039502185083 </east>
			<west> 4.65030792347825 </west>
		</LatLonAltBox>
		<Lod>
			<minLodPixels>100</minLodPixels>
			<maxLodPixels>-1</maxLodPixels>
		</Lod>
	</Region>
			<MultiGeometry>
				<Polygon><altitudeMode>relativeToGround</altitudeMode>
					<outerBoundaryIs>
						<LinearRing>
							<coordinates>								4.65039502185083,46.0259803789227,0 4.65030792347825,46.02607252663461,0 4.65031772482331,46.0260759866732,0 4.65039502185083,46.0259803789227,0 
							</coordinates>
						</LinearRing>
					</outerBoundaryIs>
				</Polygon>
			</MultiGeometry>
		</Placemark>
		<Placemark id="personne_morale.104176">
<styleUrl>#personne_morale</styleUrl>			<visibility>0</visibility>
			<ExtendedData>
				<SchemaData schemaUrl="#personne_morale">
					<SimpleData name="Numero de Parcelle">692150000B0924</SimpleData>
					<SimpleData name="Departement">69</SimpleData>
					<SimpleData name="Commune">SAINT-JULIEN</SimpleData>
					<SimpleData name="Adresse">VARENNES</SimpleData>
					<SimpleData name="Groupe de personne">Personnes morales non remarquables</SimpleData>
					<SimpleData name="Forme Juridique Abregee">SNC</SimpleData>
					<SimpleData name="Denomination">LE CLOS SAINT JULIEN</SimpleData>
				</SchemaData>
			</ExtendedData>
	<Region>
		<LatLonAltBox>
			<north> 46.0259096986384 </north>
			<south> 46.0258764093766 </south>
			<east> 4.65055916425348 </east>
			<west> 4.65049853876841 </west>
		</LatLonAltBox>
		<Lod>
			<minLodPixels>100</minLodPixels>
			<maxLodPixels>-1</maxLodPixels>
		</Lod>
	</Region>
			<MultiGeometry>
				<Polygon><altitudeMode>relativeToGround</altitudeMode>
					<outerBoundaryIs>
						<LinearRing>
							<coordinates>								4.65055171632704,46.0258764093766,0 4.65049853876841,46.0259096986384,0 4.65052111763279,46.0258994622595,0 4.65055916425348,46.02587900297831,0 4.65055171632704,46.0258764093766,0 
							</coordinates>
						</LinearRing>
					</outerBoundaryIs>
				</Polygon>
			</MultiGeometry>
		</Placemark>
		<Placemark id="personne_morale.104691">
<styleUrl>#personne_morale</styleUrl>			<visibility>0</visibility>
			<ExtendedData>
				<SchemaData schemaUrl="#personne_morale">
					<SimpleData name="Numero de Parcelle">692150000B0094</SimpleData>
					<SimpleData name="Departement">69</SimpleData>
					<SimpleData name="Commune">SAINT-JULIEN</SimpleData>
					<SimpleData name="Adresse">77, RTE DE LA CIME DES PRES</SimpleData>
					<SimpleData name="Groupe de personne">Personnes morales non remarquables</SimpleData>
					<SimpleData name="Forme Juridique Abregee">AUPM</SimpleData>
					<SimpleData name="Denomination">GFA DE LA RIGODIERE SAINT JULIEN</SimpleData>
				</SchemaData>
			</ExtendedData>
	<Region>
		<LatLonAltBox>
			<north> 46.02710663531411 </north>
			<south> 46.0268658160389 </south>
			<east> 4.65396395693312 </east>
			<west> 4.65360494890827 </west>
		</LatLonAltBox>
		<Lod>
			<minLodPixels>100</minLodPixels>
			<maxLodPixels>-1</maxLodPixels>
		</Lod>
	</Region>
			<MultiGeometry>
				<Polygon><altitudeMode>relativeToGround</altitudeMode>
					<outerBoundaryIs>
						<LinearRing>
							<coordinates>								4.65396395693312,46.02710663531411,0 4.65377767482506,46.0269059778954,0 4.65378377974032,46.0268939997199,0 4.65369681695079,46.0268658160389,0 4.65363854450304,46.0269575457827,0 4.65360494890827,46.0270099156302,0 4.65374780436567,46.0270478219418,0 4.65396395693312,46.02710663531411,0 
							</coordinates>
						</LinearRing>
					</outerBoundaryIs>
				</Polygon>
			</MultiGeometry>
		</Placemark>
		<Placemark id="personne_morale.104698">
<styleUrl>#personne_morale</styleUrl>			<visibility>0</visibility>
			<ExtendedData>
				<SchemaData schemaUrl="#personne_morale">
					<SimpleData name="Numero de Parcelle">692150000C0094</SimpleData>
					<SimpleData name="Departement">69</SimpleData>
					<SimpleData name="Commune">SAINT-JULIEN</SimpleData>
					<SimpleData name="Adresse">GRANDES TERRES</SimpleData>
					<SimpleData name="Groupe de personne">Personnes morales non remarquables</SimpleData>
					<SimpleData name="Forme Juridique Abregee">AUPM</SimpleData>
					<SimpleData name="Denomination">GFA DU CHATEAU DU TREMBLE</SimpleData>
				</SchemaData>
			</ExtendedData>
	<Region>
		<LatLonAltBox>
			<north> 46.0284114514103 </north>
			<south> 46.0272115890947 </south>
			<east> 4.66854345544068 </east>
			<west> 4.66697495542251 </west>
		</LatLonAltBox>
		<Lod>
			<minLodPixels>100</minLodPixels>
			<maxLodPixels>-1</maxLodPixels>
		</Lod>
	</Region>
			<MultiGeometry>
				<Polygon><altitudeMode>relativeToGround</altitudeMode>
					<outerBoundaryIs>
						<LinearRing>
							<coordinates>								4.66711854721622,46.0272115890947,0 4.66697495542251,46.0274952575014,0 4.66700755891562,46.0275641312965,0 4.66704890390052,46.0276355785904,0 4.66708169922896,46.0276723848956,0 4.66710705073209,46.02767264249919,0 4.66719162110545,46.0276642830896,0 4.66724974224008,46.0276578438603,0 4.66730524086194,46.0276715286206,0 4.66734839731276,46.02768755657849,0 4.66737056745898,46.027710828581,0 4.66738358578555,46.0277222560022,0 4.6674100978068,46.0277224063968,0 4.66746712399762,46.0277182348957,0 4.66751370846953,46.02771511767871,0 4.6675657338292,46.0277421836615,0 4.66761841631331,46.0277823900637,0 4.66768060217738,46.0278247083455,0 4.66771914330623,46.0278335084637,0 4.6677659053269,46.02783624303349,0 4.66780251503532,46.027849575006,0 4.66781647275148,46.0278791825464,0 4.66781547600122,46.027910271107,0 4.667831483509,46.0279349847437,0 4.66785090515639,46.0279656827795,0 4.66783554631133,46.0280561581801,0 4.66787749990451,46.0280921990183,0 4.66793491324722,46.0281306243496,0 4.66794173879359,46.0281680827876,0 4.66792691436359,46.02821648799321,0 4.66791497251177,46.0282618784924,0 4.66793677720322,46.028324245827,0 4.66796277069567,46.02835844990711,0 4.66797699895581,46.0283713906361,0 4.66802919353539,46.0283826918074,0 4.66810201239509,46.0283961212964,0 4.66813692317122,46.02839605785049,0 4.66816994894179,46.0284020567777,0 4.66821704281118,46.0284114514103,0 4.66824454272813,46.0284100558971,0 4.66826705834421,46.0284020686135,0 4.66835024246536,46.0283863430773,0 4.66841014727044,46.0283747430595,0 4.66844697032065,46.0283695174211,0 4.6684606365613,46.0283213093289,0 4.66852191705406,46.0278095343242,0 4.66854345544068,46.0276841110327,0 4.66846578415083,46.027655621632,0 4.66823673187334,46.02756433037531,0 4.66810587952878,46.0275132955291,0 4.66789126395115,46.0274417864952,0 4.66768251594968,46.0273761353001,0 4.66736533768852,46.02728244610719,0 4.66711854721622,46.0272115890947,0 
							</coordinates>
						</LinearRing>
					</outerBoundaryIs>
				</Polygon>
			</MultiGeometry>
		</Placemark>
		<Placemark id="personne_morale.105080">
<styleUrl>#personne_morale</styleUrl>			<visibility>0</visibility>
			<ExtendedData>
				<SchemaData schemaUrl="#personne_morale">
					<SimpleData name="Numero de Parcelle">692150000B0948</SimpleData>
					<SimpleData name="Departement">69</SimpleData>
					<SimpleData name="Commune">SAINT-JULIEN</SimpleData>
					<SimpleData name="Adresse">VARENNES</SimpleData>
					<SimpleData name="Groupe de personne">Personnes morales non remarquables</SimpleData>
					<SimpleData name="Forme Juridique Abregee">SARL</SimpleData>
					<SimpleData name="Denomination">GALAXY</SimpleData>
				</SchemaData>
			</ExtendedData>
	<Region>
		<LatLonAltBox>
			<north> 46.02641283994841 </north>
			<south> 46.02610993177089 </south>
			<east> 4.64851125481917 </east>
			<west> 4.64834358013299 </west>
		</LatLonAltBox>
		<Lod>
			<minLodPixels>100</minLodPixels>
			<maxLodPixels>-1</maxLodPixels>
		</Lod>
	</Region>
			<MultiGeometry>
				<Polygon><altitudeMode>relativeToGround</altitudeMode>
					<outerBoundaryIs>
						<LinearRing>
							<coordinates>								4.64850970928962,46.026110134388,0 4.64834358013299,46.02641283994841,0 4.64840993947005,46.0262929840354,0 4.64843815179405,46.0262420451194,0 4.64851125481917,46.02610993177089,0 4.64850970928962,46.026110134388,0 
							</coordinates>
						</LinearRing>
					</outerBoundaryIs>
				</Polygon>
			</MultiGeometry>
		</Placemark>
		<Placemark id="personne_morale.105102">
<styleUrl>#personne_morale</styleUrl>			<visibility>0</visibility>
			<ExtendedData>
				<SchemaData schemaUrl="#personne_morale">
					<SimpleData name="Numero de Parcelle">692150000B0949</SimpleData>
					<SimpleData name="Departement">69</SimpleData>
					<SimpleData name="Commune">SAINT-JULIEN</SimpleData>
					<SimpleData name="Adresse">VARENNES</SimpleData>
					<SimpleData name="Groupe de personne">Personnes morales non remarquables</SimpleData>
					<SimpleData name="Forme Juridique Abregee">SARL</SimpleData>
					<SimpleData name="Denomination">GALAXY</SimpleData>
				</SchemaData>
			</ExtendedData>
	<Region>
		<LatLonAltBox>
			<north> 46.026278542899 </north>
			<south> 46.0260494852109 </south>
			<east> 4.64913022847315 </east>
			<west> 4.64850970928962 </west>
		</LatLonAltBox>
		<Lod>
			<minLodPixels>100</minLodPixels>
			<maxLodPixels>-1</maxLodPixels>
		</Lod>
	</Region>
			<MultiGeometry>
				<Polygon><altitudeMode>relativeToGround</altitudeMode>
					<outerBoundaryIs>
						<LinearRing>
							<coordinates>								4.64913022847315,46.026278542899,0 4.64909794373174,46.0262367703731,0 4.64906202904488,46.0262248634299,0 4.64878801645061,46.02613346703009,0 4.6485429316631,46.0260494852109,0 4.64850970928962,46.026110134388,0 4.64851125481917,46.02610993177089,0 4.64851235864425,46.0261079342023,0 4.64859207063281,46.02611866385601,0 4.64866954802399,46.0261324882985,0 4.64867721120171,46.026133637791,0 4.64876657222734,46.0261643123082,0 4.64877545258916,46.0261672454638,0 4.64893531276066,46.026220492293,0 4.64905651470733,46.02626088111741,0 4.64910588195583,46.02627727590609,0 4.64913022847315,46.026278542899,0 
							</coordinates>
						</LinearRing>
					</outerBoundaryIs>
				</Polygon>
			</MultiGeometry>
		</Placemark>
		<Placemark id="personne_morale.105482">
<styleUrl>#personne_morale</styleUrl>			<visibility>0</visibility>
			<ExtendedData>
				<SchemaData schemaUrl="#personne_morale">
					<SimpleData name="Numero de Parcelle">692150000B0957</SimpleData>
					<SimpleData name="Departement">69</SimpleData>
					<SimpleData name="Commune">SAINT-JULIEN</SimpleData>
					<SimpleData name="Adresse">23, RTE DE LA CROIX DU BOIS</SimpleData>
					<SimpleData name="Groupe de personne">Personnes morales non remarquables</SimpleData>
					<SimpleData name="Forme Juridique Abregee">GFA</SimpleData>
					<SimpleData name="Denomination">CALANDE   DE LA</SimpleData>
				</SchemaData>
			</ExtendedData>
	<Region>
		<LatLonAltBox>
			<north> 46.02207594616539 </north>
			<south> 46.0215588514281 </south>
			<east> 4.65771308144165 </east>
			<west> 4.65520315178984 </west>
		</LatLonAltBox>
		<Lod>
			<minLodPixels>100</minLodPixels>
			<maxLodPixels>-1</maxLodPixels>
		</Lod>
	</Region>
			<MultiGeometry>
				<Polygon><altitudeMode>relativeToGround</altitudeMode>
					<outerBoundaryIs>
						<LinearRing>
							<coordinates>								4.65771308144165,46.0219844000396,0 4.65769773516991,46.0219857053393,0 4.65741184289555,46.0220018659122,0 4.65620259557759,46.0217617666366,0 4.65520315178984,46.0215588514281,0 4.6552128654235,46.02158518983579,0 4.65722869451923,46.0219822971703,0 4.65770446304126,46.02207594616539,0 4.65771308144165,46.0219844000396,0 
							</coordinates>
						</LinearRing>
					</outerBoundaryIs>
				</Polygon>
			</MultiGeometry>
		</Placemark>
		<Placemark id="personne_morale.105507">
<styleUrl>#personne_morale</styleUrl>			<visibility>0</visibility>
			<ExtendedData>
				<SchemaData schemaUrl="#personne_morale">
					<SimpleData name="Numero de Parcelle">692150000B0958</SimpleData>
					<SimpleData name="Departement">69</SimpleData>
					<SimpleData name="Commune">SAINT-JULIEN</SimpleData>
					<SimpleData name="Adresse">23, RTE DE LA CROIX DU BOIS</SimpleData>
					<SimpleData name="Groupe de personne">Personnes morales non remarquables</SimpleData>
					<SimpleData name="Forme Juridique Abregee">GFA</SimpleData>
					<SimpleData name="Denomination">CALANDE   DE LA</SimpleData>
				</SchemaData>
			</ExtendedData>
	<Region>
		<LatLonAltBox>
			<north> 46.0220831575039 </north>
			<south> 46.02198101745121 </south>
			<east> 4.65775344752947 </east>
			<west> 4.65770446304126 </west>
		</LatLonAltBox>
		<Lod>
			<minLodPixels>100</minLodPixels>
			<maxLodPixels>-1</maxLodPixels>
		</Lod>
	</Region>
			<MultiGeometry>
				<Polygon><altitudeMode>relativeToGround</altitudeMode>
					<outerBoundaryIs>
						<LinearRing>
							<coordinates>								4.65774101119028,46.0220831575039,0 4.65775344752947,46.02198101745121,0 4.65771308144165,46.0219844000396,0 4.65770446304126,46.02207594616539,0 4.65774101119028,46.0220831575039,0 
							</coordinates>
						</LinearRing>
					</outerBoundaryIs>
				</Polygon>
			</MultiGeometry>
		</Placemark>
		<Placemark id="personne_morale.105820">
<styleUrl>#personne_morale</styleUrl>			<visibility>0</visibility>
			<ExtendedData>
				<SchemaData schemaUrl="#personne_morale">
					<SimpleData name="Numero de Parcelle">692150000B0963</SimpleData>
					<SimpleData name="Departement">69</SimpleData>
					<SimpleData name="Commune">SAINT-JULIEN</SimpleData>
					<SimpleData name="Adresse">CHATENAY</SimpleData>
					<SimpleData name="Groupe de personne">Personnes morales non remarquables</SimpleData>
					<SimpleData name="Forme Juridique Abregee">SAS</SimpleData>
					<SimpleData name="Denomination">CHOUN</SimpleData>
				</SchemaData>
			</ExtendedData>
	<Region>
		<LatLonAltBox>
			<north> 46.0252888817913 </north>
			<south> 46.0252214615767 </south>
			<east> 4.65401805751247 </east>
			<west> 4.65382412395278 </west>
		</LatLonAltBox>
		<Lod>
			<minLodPixels>100</minLodPixels>
			<maxLodPixels>-1</maxLodPixels>
		</Lod>
	</Region>
			<MultiGeometry>
				<Polygon><altitudeMode>relativeToGround</altitudeMode>
					<outerBoundaryIs>
						<LinearRing>
							<coordinates>								4.65401805751247,46.02522529663749,0 4.65383234468736,46.0252239536186,0 4.65382412395278,46.0252214615767,0 4.65389848620691,46.02525208072309,0 4.65389326111068,46.0252589121406,0 4.65395040722115,46.0252888817913,0 4.65401805751247,46.02522529663749,0 
							</coordinates>
						</LinearRing>
					</outerBoundaryIs>
				</Polygon>
			</MultiGeometry>
		</Placemark>
		<Placemark id="personne_morale.105858">
<styleUrl>#personne_morale</styleUrl>			<visibility>0</visibility>
			<ExtendedData>
				<SchemaData schemaUrl="#personne_morale">
					<SimpleData name="Numero de Parcelle">692150000B0966</SimpleData>
					<SimpleData name="Departement">69</SimpleData>
					<SimpleData name="Commune">SAINT-JULIEN</SimpleData>
					<SimpleData name="Adresse">CHATENAY</SimpleData>
					<SimpleData name="Groupe de personne">Personnes morales non remarquables</SimpleData>
					<SimpleData name="Forme Juridique Abregee">SCI</SimpleData>
					<SimpleData name="Denomination">STREET PRA</SimpleData>
				</SchemaData>
			</ExtendedData>
	<Region>
		<LatLonAltBox>
			<north> 46.0253488054103 </north>
			<south> 46.02523719004591 </south>
			<east> 4.65409741335196 </east>
			<west> 4.65400075429753 </west>
		</LatLonAltBox>
		<Lod>
			<minLodPixels>100</minLodPixels>
			<maxLodPixels>-1</maxLodPixels>
		</Lod>
	</Region>
			<MultiGeometry>
				<Polygon><altitudeMode>relativeToGround</altitudeMode>
					<outerBoundaryIs>
						<LinearRing>
							<coordinates>								4.6540856503648,46.02523719004591,0 4.65400075429753,46.0253163386371,0 4.65405174221841,46.0253436059709,0 4.65405907724189,46.0253467414053,0 4.65406545341892,46.025348089454,0 4.6540719398843,46.0253488054103,0 4.65407853393007,46.0253487992446,0 4.65408510631407,46.0253480728433,0 4.65409139855219,46.0253466299786,0 4.65409741335196,46.0253445606801,0 4.65409713090292,46.02526638496761,0 4.65409489098902,46.0252520966972,0 4.6540856503648,46.02523719004591,0 
							</coordinates>
						</LinearRing>
					</outerBoundaryIs>
				</Polygon>
			</MultiGeometry>
		</Placemark>
		<Placemark id="personne_morale.105928">
<styleUrl>#personne_morale</styleUrl>			<visibility>0</visibility>
			<ExtendedData>
				<SchemaData schemaUrl="#personne_morale">
					<SimpleData name="Numero de Parcelle">692150000B0097</SimpleData>
					<SimpleData name="Departement">69</SimpleData>
					<SimpleData name="Commune">SAINT-JULIEN</SimpleData>
					<SimpleData name="Adresse">LE BOURG</SimpleData>
					<SimpleData name="Groupe de personne">Personnes morales non remarquables</SimpleData>
					<SimpleData name="Forme Juridique Abregee">AUPM</SimpleData>
					<SimpleData name="Denomination">GFA DE LA RIGODIERE SAINT JULIEN</SimpleData>
				</SchemaData>
			</ExtendedData>
	<Region>
		<LatLonAltBox>
			<north> 46.0282344860994 </north>
			<south> 46.02766335366219 </south>
			<east> 4.65178725029835 </east>
			<west> 4.65106831896842 </west>
		</LatLonAltBox>
		<Lod>
			<minLodPixels>100</minLodPixels>
			<maxLodPixels>-1</maxLodPixels>
		</Lod>
	</Region>
			<MultiGeometry>
				<Polygon><altitudeMode>relativeToGround</altitudeMode>
					<outerBoundaryIs>
						<LinearRing>
							<coordinates>								4.65143741898926,46.02766335366219,0 4.65137434535726,46.02781495785219,0 4.65131094004158,46.0279426085166,0 4.65127455493602,46.0279969097176,0 4.65120944028438,46.02806333839731,0 4.6511633188165,46.0280991371465,0 4.65106831896842,46.0281521304927,0 4.65141010871077,46.0282136219882,0 4.65154210946823,46.0282344860994,0 4.65178725029835,46.0277343641847,0 4.65143741898926,46.02766335366219,0 
							</coordinates>
						</LinearRing>
					</outerBoundaryIs>
				</Polygon>
			</MultiGeometry>
		</Placemark>
		<Placemark id="personne_morale.106254">
<styleUrl>#personne_morale</styleUrl>			<visibility>0</visibility>
			<ExtendedData>
				<SchemaData schemaUrl="#personne_morale">
					<SimpleData name="Numero de Parcelle">692150000B0975</SimpleData>
					<SimpleData name="Departement">69</SimpleData>
					<SimpleData name="Commune">SAINT-JULIEN</SimpleData>
					<SimpleData name="Adresse">2347, RTE DU BEAUJOLAIS</SimpleData>
					<SimpleData name="Groupe de personne">Personnes morales non remarquables</SimpleData>
					<SimpleData name="Forme Juridique Abregee">SCI</SimpleData>
					<SimpleData name="Denomination">SCI MBTP</SimpleData>
				</SchemaData>
			</ExtendedData>
	<Region>
		<LatLonAltBox>
			<north> 46.025198776918 </north>
			<south> 46.02497504517149 </south>
			<east> 4.64961780669193 </east>
			<west> 4.64913047433013 </west>
		</LatLonAltBox>
		<Lod>
			<minLodPixels>100</minLodPixels>
			<maxLodPixels>-1</maxLodPixels>
		</Lod>
	</Region>
			<MultiGeometry>
				<Polygon><altitudeMode>relativeToGround</altitudeMode>
					<outerBoundaryIs>
						<LinearRing>
							<coordinates>								4.64913047433013,46.0251570024441,0 4.64930498646706,46.025198776918,0 4.64943468970834,46.02517779479891,0 4.64953595196304,46.02516127956499,0 4.64960921846827,46.0251597628656,0 4.64961780669193,46.02514864946849,0 4.64934553949737,46.02507650380189,0 4.64928403536212,46.02506064602311,0 4.64931393718091,46.0250100425563,0 4.64924960532288,46.0249861197159,0 4.64922457737856,46.02497504517149,0 4.64918739041897,46.0250371032918,0 4.64920056528311,46.025040964679,0 4.64913047433013,46.0251570024441,0 
							</coordinates>
						</LinearRing>
					</outerBoundaryIs>
				</Polygon>
			</MultiGeometry>
		</Placemark>
		<Placemark id="personne_morale.106366">
<styleUrl>#personne_morale</styleUrl>			<visibility>0</visibility>
			<ExtendedData>
				<SchemaData schemaUrl="#personne_morale">
					<SimpleData name="Numero de Parcelle">692150000B0098</SimpleData>
					<SimpleData name="Departement">69</SimpleData>
					<SimpleData name="Commune">SAINT-JULIEN</SimpleData>
					<SimpleData name="Adresse">LE BOURG</SimpleData>
					<SimpleData name="Groupe de personne">Personnes morales non remarquables</SimpleData>
					<SimpleData name="Forme Juridique Abregee">GFA</SimpleData>
					<SimpleData name="Denomination">CALANDE   DE LA</SimpleData>
				</SchemaData>
			</ExtendedData>
	<Region>
		<LatLonAltBox>
			<north> 46.02879724148741 </north>
			<south> 46.0281521304927 </south>
			<east> 4.65141010871077 </east>
			<west> 4.65026306725904 </west>
		</LatLonAltBox>
		<Lod>
			<minLodPixels>100</minLodPixels>
			<maxLodPixels>-1</maxLodPixels>
		</Lod>
	</Region>
			<MultiGeometry>
				<Polygon><altitudeMode>relativeToGround</altitudeMode>
					<outerBoundaryIs>
						<LinearRing>
							<coordinates>								4.65106831896842,46.0281521304927,0 4.65099321000333,46.02818285722361,0 4.65073989103573,46.0282902160794,0 4.65065297547617,46.0283325532724,0 4.65026306725904,46.0285678163589,0 4.65063871547554,46.0286932164545,0 4.65096678540541,46.02879724148741,0 4.65099328320202,46.0287624492211,0 4.65107554690645,46.02865560016851,0 4.65141010871077,46.0282136219882,0 4.65106831896842,46.0281521304927,0 
							</coordinates>
						</LinearRing>
					</outerBoundaryIs>
				</Polygon>
			</MultiGeometry>
		</Placemark>
		<Placemark id="personne_morale.106761">
<styleUrl>#personne_morale</styleUrl>			<visibility>0</visibility>
			<ExtendedData>
				<SchemaData schemaUrl="#personne_morale">
					<SimpleData name="Numero de Parcelle">692150000B0099</SimpleData>
					<SimpleData name="Departement">69</SimpleData>
					<SimpleData name="Commune">SAINT-JULIEN</SimpleData>
					<SimpleData name="Adresse">LE BOURG</SimpleData>
					<SimpleData name="Groupe de personne">Personnes morales non remarquables</SimpleData>
					<SimpleData name="Forme Juridique Abregee">GFA</SimpleData>
					<SimpleData name="Denomination">CALANDE   DE LA</SimpleData>
				</SchemaData>
			</ExtendedData>
	<Region>
		<LatLonAltBox>
			<north> 46.0288069880345 </north>
			<south> 46.0282136219882 </south>
			<east> 4.65176831923302 </east>
			<west> 4.65107554690645 </west>
		</LatLonAltBox>
		<Lod>
			<minLodPixels>100</minLodPixels>
			<maxLodPixels>-1</maxLodPixels>
		</Lod>
	</Region>
			<MultiGeometry>
				<Polygon><altitudeMode>relativeToGround</altitudeMode>
					<outerBoundaryIs>
						<LinearRing>
							<coordinates>								4.65154210946823,46.0282344860994,0 4.65141010871077,46.0282136219882,0 4.65107554690645,46.02865560016851,0 4.6512108764665,46.0286968618191,0 4.65157753486619,46.0288069880345,0 4.65176831923302,46.02827505330281,0 4.65154210946823,46.0282344860994,0 
							</coordinates>
						</LinearRing>
					</outerBoundaryIs>
				</Polygon>
			</MultiGeometry>
		</Placemark>
</Folder></Document></kml>